     0.162436065E+01
     0.162419927E+01
     0.162410713E+01
     0.162377674E+01
     0.162317954E+01
     0.162338846E+01
     0.162434578E+01
     0.162433825E+01
     0.162431523E+01
     0.162428357E+01
     0.162429358E+01
     0.162428357E+01
     0.162426023E+01
     0.162424834E+01
     0.162421174E+01
     0.162416072E+01
     0.162417694E+01
     0.162426724E+01
     0.162425897E+01
     0.162423370E+01
     0.162419893E+01
     0.162420993E+01
     0.162419893E+01
     0.162418005E+01
     0.162417048E+01
     0.162414121E+01
     0.162410087E+01
     0.162411364E+01
     0.162410087E+01
     0.162407946E+01
     0.162406859E+01
     0.162403537E+01
     0.162398955E+01
     0.162400405E+01
     0.162398955E+01
     0.162396485E+01
     0.162395232E+01
     0.162391395E+01
     0.162386097E+01
     0.162387776E+01
     0.162386097E+01
     0.162383277E+01
     0.162381845E+01
     0.162377459E+01
     0.162371398E+01
     0.162373319E+01
     0.162371398E+01
     0.162368198E+01
     0.162366572E+01
     0.162361593E+01
     0.162354709E+01
     0.162356891E+01
     0.162354709E+01
     0.162351096E+01
     0.162349261E+01
     0.162343640E+01
     0.162335863E+01
     0.162338328E+01
     0.162335863E+01
     0.162331803E+01
     0.162329741E+01
     0.162323421E+01
     0.162314678E+01
     0.162317450E+01
     0.162314678E+01
     0.162310132E+01
     0.162307823E+01
     0.162300747E+01
     0.162290958E+01
     0.162294061E+01
     0.162290958E+01
     0.162285886E+01
     0.162283309E+01
     0.162275415E+01
     0.162264496E+01
     0.162267958E+01
     0.162264496E+01
     0.162258856E+01
     0.162255991E+01
     0.162247215E+01
     0.162235079E+01
     0.162238926E+01
     0.162235079E+01
     0.162228827E+01
     0.162225652E+01
     0.162215927E+01
     0.162202485E+01
     0.162206745E+01
     0.162202485E+01
     0.162195576E+01
     0.162192069E+01
     0.162181329E+01
     0.162166489E+01
     0.162171191E+01
     0.162166489E+01
     0.162158879E+01
     0.162155017E+01
     0.162143193E+01
     0.162126862E+01
     0.162132036E+01
     0.162126862E+01
     0.162118507E+01
     0.162114266E+01
     0.162101290E+01
     0.162083377E+01
     0.162089051E+01
     0.162083377E+01
     0.162074230E+01
     0.162069589E+01
     0.162055392E+01
     0.162035805E+01
     0.162042008E+01
     0.162035805E+01
     0.162025822E+01
     0.162020758E+01
     0.162005272E+01
     0.161983921E+01
     0.161990681E+01
     0.161983921E+01
     0.161973057E+01
     0.161967548E+01
     0.161950708E+01
     0.161927504E+01
     0.161934848E+01
     0.161927504E+01
     0.161915717E+01
     0.161909741E+01
     0.161891481E+01
     0.161866339E+01
     0.161874295E+01
     0.161866339E+01
     0.161853587E+01
     0.161847124E+01
     0.161827383E+01
     0.161800218E+01
     0.161808812E+01
     0.161800218E+01
     0.161786462E+01
     0.161779492E+01
     0.161758210E+01
     0.161728945E+01
     0.161738201E+01
     0.161728945E+01
     0.161714146E+01
     0.161706650E+01
     0.161683771E+01
     0.161652333E+01
     0.161662273E+01
     0.161652333E+01
     0.161636455E+01
     0.161628416E+01
     0.161603887E+01
     0.161570206E+01
     0.161580853E+01
     0.161570206E+01
     0.161553218E+01
     0.161544618E+01
     0.161518392E+01
     0.161482404E+01
     0.161493777E+01
     0.161482404E+01
     0.161464275E+01
     0.161455101E+01
     0.161427133E+01
     0.161388783E+01
     0.161400899E+01
     0.161388783E+01
     0.161369487E+01
     0.161359725E+01
     0.161329978E+01
     0.161289215E+01
     0.161302090E+01
     0.161289215E+01
     0.161268729E+01
     0.161258368E+01
     0.161226808E+01
     0.161183591E+01
     0.161197237E+01
     0.161183591E+01
     0.161161896E+01
     0.161150927E+01
     0.161117527E+01
     0.161071822E+01
     0.161086251E+01
     0.161071822E+01
     0.161048904E+01
     0.161037320E+01
     0.161002060E+01
     0.160953843E+01
     0.160969061E+01
     0.160953843E+01
     0.160929663E+01
     0.160917445E+01
     0.160880267E+01
     0.160829460E+01
     0.160845491E+01
     0.160829460E+01
     0.160804002E+01
     0.160791140E+01
     0.160752022E+01
     0.160698595E+01
     0.160715449E+01
     0.160698595E+01
     0.160671852E+01
     0.160658345E+01
     0.160617278E+01
     0.160561225E+01
     0.160578903E+01
     0.160561225E+01
     0.160533197E+01
     0.160519045E+01
     0.160476030E+01
     0.160417354E+01
     0.160435854E+01
     0.160417354E+01
     0.160388045E+01
     0.160373250E+01
     0.160328298E+01
     0.160267015E+01
     0.160286333E+01
     0.160267015E+01
     0.160236437E+01
     0.160221006E+01
     0.160174135E+01
     0.160110276E+01
     0.160130401E+01
     0.160110276E+01
     0.160078447E+01
     0.160062388E+01
     0.160013629E+01
     0.159947236E+01
     0.159968155E+01
     0.159947236E+01
     0.159914183E+01
     0.159897510E+01
     0.159846904E+01
     0.159778038E+01
     0.159799731E+01
     0.159778038E+01
     0.159743793E+01
     0.159726525E+01
     0.159674127E+01
     0.159602862E+01
     0.159625306E+01
     0.159602862E+01
     0.159567471E+01
     0.159549629E+01
     0.159495507E+01
     0.159421941E+01
     0.159445105E+01
     0.159421941E+01
     0.159385457E+01
     0.159367068E+01
     0.159311307E+01
     0.159235557E+01
     0.159259403E+01
     0.159235557E+01
     0.159198045E+01
     0.159179143E+01
     0.159121846E+01
     0.159044052E+01
     0.159068535E+01
     0.159044052E+01
     0.159005592E+01
     0.158986217E+01
     0.158927505E+01
     0.158847836E+01
     0.158872904E+01
     0.158847836E+01
     0.158808523E+01
     0.158788723E+01
     0.158728743E+01
     0.158647400E+01
     0.158672989E+01
     0.158647400E+01
     0.158607346E+01
     0.158587178E+01
     0.158526104E+01
     0.158443325E+01
     0.158469360E+01
     0.158443325E+01
     0.158402666E+01
     0.158382199E+01
     0.158320238E+01
     0.158236308E+01
     0.158262698E+01
     0.158236308E+01
     0.158195206E+01
     0.158174521E+01
     0.158111923E+01
     0.158027181E+01
     0.158053821E+01
     0.158027181E+01
     0.157985834E+01
     0.157965031E+01
     0.157902099E+01
     0.157816959E+01
     0.157843718E+01
     0.157816959E+01
     0.157775612E+01
     0.157754815E+01
     0.157691925E+01
     0.157606896E+01
     0.157633613E+01
     0.157606896E+01
     0.157565862E+01
     0.157545228E+01
     0.157482856E+01
     0.157398587E+01
     0.157425058E+01
     0.157398587E+01
     0.157358280E+01
     0.157338018E+01
     0.157276799E+01
     0.157194151E+01
     0.157220105E+01
     0.157194151E+01
     0.157155163E+01
     0.157135572E+01
     0.157076409E+01
     0.156996606E+01
     0.157021658E+01
     0.156996606E+01
     0.156959894E+01
     0.156941455E+01
     0.156885805E+01
     0.156810821E+01
     0.156834350E+01
     0.156965530E+01
     0.156949933E+01
     0.156902902E+01
     0.156839634E+01
     0.156859474E+01
     0.156839634E+01
     0.156807333E+01
     0.156791120E+01
     0.156742230E+01
     0.156676454E+01
     0.156697081E+01
     0.156676454E+01
     0.156640279E+01
     0.156622115E+01
     0.156567318E+01
     0.156493538E+01
     0.156516683E+01
     0.156493538E+01
     0.156452993E+01
     0.156432627E+01
     0.156371160E+01
     0.156288327E+01
     0.156314320E+01
     0.156288327E+01
     0.156243860E+01
     0.156221519E+01
     0.156154063E+01
     0.156063103E+01
     0.156091654E+01
     0.156063103E+01
     0.156014945E+01
     0.155990744E+01
     0.155917650E+01
     0.155819039E+01
     0.155849998E+01
     0.155819039E+01
     0.155767305E+01
     0.155741303E+01
     0.155662751E+01
     0.155556732E+01
     0.155590021E+01
     0.155556732E+01
     0.155501471E+01
     0.155473692E+01
     0.155389756E+01
     0.155276434E+01
     0.155312021E+01
     0.155276434E+01
     0.155217652E+01
     0.155188099E+01
     0.155098790E+01
     0.154978181E+01
     0.155016060E+01
     0.154978181E+01
     0.154915852E+01
     0.154884514E+01
     0.154789796E+01
     0.154661853E+01
     0.154702040E+01
     0.154661853E+01
     0.154595933E+01
     0.154562786E+01
     0.154462592E+01
     0.154327226E+01
     0.154369747E+01
     0.154327226E+01
     0.154257653E+01
     0.154222666E+01
     0.154116903E+01
     0.153973991E+01
     0.154018885E+01
     0.153973991E+01
     0.153900690E+01
     0.153863827E+01
     0.153752383E+01
     0.153601777E+01
     0.153649090E+01
     0.153601777E+01
     0.153524663E+01
     0.153485882E+01
     0.153368630E+01
     0.153210161E+01
     0.153259946E+01
     0.153210161E+01
     0.153129143E+01
     0.153088396E+01
     0.152965199E+01
     0.152798680E+01
     0.152850996E+01
     0.152798680E+01
     0.152713659E+01
     0.152670898E+01
     0.152541604E+01
     0.152366837E+01
     0.152421745E+01
     0.152366837E+01
     0.152277707E+01
     0.152232879E+01
     0.152097333E+01
     0.151914105E+01
     0.151971672E+01
     0.151914105E+01
     0.151820757E+01
     0.151773807E+01
     0.151631842E+01
     0.151439932E+01
     0.151500228E+01
     0.151439932E+01
     0.151342252E+01
     0.151293123E+01
     0.151144567E+01
     0.150943746E+01
     0.151006842E+01
     0.150943746E+01
     0.150841616E+01
     0.150790248E+01
     0.150634925E+01
     0.150424955E+01
     0.150490926E+01
     0.150424955E+01
     0.150318254E+01
     0.150264587E+01
     0.150102314E+01
     0.149882951E+01
     0.149951873E+01
     0.149882951E+01
     0.149771555E+01
     0.149715527E+01
     0.149546117E+01
     0.149317111E+01
     0.149389062E+01
     0.149317111E+01
     0.149200893E+01
     0.149142441E+01
     0.148965703E+01
     0.148726800E+01
     0.148801859E+01
     0.148726800E+01
     0.148605631E+01
     0.148544690E+01
     0.148360431E+01
     0.148111370E+01
     0.148189620E+01
     0.148111370E+01
     0.147985121E+01
     0.147921625E+01
     0.147729648E+01
     0.147470167E+01
     0.147551688E+01
     0.147470167E+01
     0.147338703E+01
     0.147272587E+01
     0.147072692E+01
     0.146802523E+01
     0.146887401E+01
     0.146802523E+01
     0.146665712E+01
     0.146596908E+01
     0.146388893E+01
     0.146107767E+01
     0.146196085E+01
     0.146107767E+01
     0.145965473E+01
     0.145893913E+01
     0.145677576E+01
     0.145385221E+01
     0.145477064E+01
     0.145385221E+01
     0.145237306E+01
     0.145162923E+01
     0.144938057E+01
     0.144634198E+01
     0.144729653E+01
     0.144634198E+01
     0.144480527E+01
     0.144403251E+01
     0.144169650E+01
     0.143854012E+01
     0.143953164E+01
     0.143854012E+01
     0.143694445E+01
     0.143614208E+01
     0.143371665E+01
     0.143043970E+01
     0.143146907E+01
     0.143043970E+01
     0.142878370E+01
     0.142795101E+01
     0.142543408E+01
     0.142203378E+01
     0.142310186E+01
     0.142203378E+01
     0.142031605E+01
     0.141945235E+01
     0.141684183E+01
     0.141331539E+01
     0.141442305E+01
     0.141331539E+01
     0.141156270E+01
     0.141068154E+01
     0.140801866E+01
     0.140442257E+01
     0.140555198E+01
     0.140442257E+01
     0.140264854E+01
     0.140175680E+01
     0.139906253E+01
     0.139542539E+01
     0.139656753E+01
     0.139542539E+01
     0.139363393E+01
     0.139273357E+01
     0.139001385E+01
     0.138634374E+01
     0.138749606E+01
     0.138634374E+01
     0.138453895E+01
     0.138363203E+01
     0.138089311E+01
     0.137719850E+01
     0.137835834E+01
     0.137719850E+01
     0.137538505E+01
     0.137447393E+01
     0.137172292E+01
     0.136801343E+01
     0.136917777E+01
     0.136801343E+01
     0.136619669E+01
     0.136528407E+01
     0.136252915E+01
     0.135881584E+01
     0.135998120E+01
     0.135881584E+01
     0.135700206E+01
     0.135609110E+01
     0.135334179E+01
     0.134963752E+01
     0.135079986E+01
     0.134963752E+01
     0.134783413E+01
     0.134692854E+01
     0.134419612E+01
     0.134051611E+01
     0.134167065E+01
     0.134051611E+01
     0.133873209E+01
     0.133783640E+01
     0.133513449E+01
     0.133149717E+01
     0.133263812E+01
     0.133149717E+01
     0.132974375E+01
     0.132886359E+01
     0.132620926E+01
     0.132263762E+01
     0.132375777E+01
     0.132263762E+01
     0.132092947E+01
     0.132007222E+01
     0.131748772E+01
     0.131401180E+01
     0.131510171E+01
     0.131401180E+01
     0.131236945E+01
     0.131154542E+01
     0.130906189E+01
     0.130572366E+01
     0.130677017E+01
     0.130572366E+01
     0.130417926E+01
     0.130340461E+01
     0.130107079E+01
     0.129793593E+01
     0.129891842E+01
     0.130437762E+01
     0.130370273E+01
     0.130167059E+01
     0.129894353E+01
     0.129979790E+01
     0.129894353E+01
     0.129756258E+01
     0.129687018E+01
     0.129478528E+01
     0.129198735E+01
     0.129286393E+01
     0.129198735E+01
     0.129055896E+01
     0.128984274E+01
     0.128768604E+01
     0.128479153E+01
     0.128569840E+01
     0.128479153E+01
     0.128319340E+01
     0.128239186E+01
     0.127997738E+01
     0.127673492E+01
     0.127775104E+01
     0.127673492E+01
     0.127499178E+01
     0.127411736E+01
     0.127148260E+01
     0.126794269E+01
     0.126905223E+01
     0.126794269E+01
     0.126606844E+01
     0.126512810E+01
     0.126229414E+01
     0.125848519E+01
     0.125967923E+01
     0.125848519E+01
     0.125648836E+01
     0.125548638E+01
     0.125246616E+01
     0.124840569E+01
     0.124967871E+01
     0.124840569E+01
     0.124629168E+01
     0.124523080E+01
     0.124203258E+01
     0.123773175E+01
     0.123908026E+01
     0.123773175E+01
     0.123550404E+01
     0.123438601E+01
     0.123101509E+01
     0.122648112E+01
     0.122790285E+01
     0.122648112E+01
     0.122414188E+01
     0.122296779E+01
     0.121942751E+01
     0.121466494E+01
     0.121615844E+01
     0.121466494E+01
     0.121221542E+01
     0.121098589E+01
     0.120727819E+01
     0.120228969E+01
     0.120385413E+01
     0.120228969E+01
     0.119973048E+01
     0.119844583E+01
     0.119457164E+01
     0.118935852E+01
     0.119099348E+01
     0.118935852E+01
     0.118668970E+01
     0.118534997E+01
     0.118130946E+01
     0.117587201E+01
     0.117757739E+01
     0.117587201E+01
     0.117309328E+01
     0.117169834E+01
     0.116749109E+01
     0.116182882E+01
     0.116360476E+01
     0.116182882E+01
     0.115893958E+01
     0.115748912E+01
     0.115311427E+01
     0.114722606E+01
     0.114907291E+01
     0.114722606E+01
     0.114422547E+01
     0.114271908E+01
     0.113817539E+01
     0.113205963E+01
     0.113397789E+01
     0.113205963E+01
     0.112894665E+01
     0.112738381E+01
     0.112266975E+01
     0.111632443E+01
     0.111831473E+01
     0.111632443E+01
     0.111309787E+01
     0.111147798E+01
     0.110659177E+01
     0.110001454E+01
     0.110207761E+01
     0.110001454E+01
     0.109667306E+01
     0.109499546E+01
     0.108993512E+01
     0.108312337E+01
     0.108526001E+01
     0.108312337E+01
     0.107966551E+01
     0.107792947E+01
     0.107269284E+01
     0.106564371E+01
     0.106785482E+01
     0.106564371E+01
     0.106206792E+01
     0.106027268E+01
     0.105485744E+01
     0.104756788E+01
     0.104985441E+01
     0.104756788E+01
     0.104387252E+01
     0.104201726E+01
     0.103642098E+01
     0.102888775E+01
     0.103125070E+01
     0.102888775E+01
     0.102507110E+01
     0.102315495E+01
     0.101737506E+01
     0.100959477E+01
     0.101203521E+01
     0.100959477E+01
     0.100565506E+01
     0.100367713E+01
     0.997710970E+00
     0.989680081E+00
     0.992199102E+00
     0.989680081E+00
     0.985615438E+00
     0.983574816E+00
     0.977419610E+00
     0.969134451E+00
     0.971733204E+00
     0.969134451E+00
     0.964942966E+00
     0.962838689E+00
     0.956491581E+00
     0.947948355E+00
     0.950628024E+00
     0.947948355E+00
     0.943628052E+00
     0.941459133E+00
     0.934917171E+00
     0.926111959E+00
     0.928873767E+00
     0.926111959E+00
     0.921660801E+00
     0.919426225E+00
     0.912686364E+00
     0.903615125E+00
     0.906460333E+00
     0.903615125E+00
     0.899031016E+00
     0.896729735E+00
     0.889788842E+00
     0.880447411E+00
     0.883377318E+00
     0.880447411E+00
     0.875753096E+00
     0.873396585E+00
     0.866289486E+00
     0.856725254E+00
     0.859724933E+00
     0.856725254E+00
     0.851927346E+00
     0.849518942E+00
     0.842255789E+00
     0.832482601E+00
     0.835547686E+00
     0.832482601E+00
     0.827580277E+00
     0.825119573E+00
     0.817699147E+00
     0.807715404E+00
     0.810846393E+00
     0.807715404E+00
     0.802707854E+00
     0.800194446E+00
     0.792615550E+00
     0.782419677E+00
     0.785617058E+00
     0.782419677E+00
     0.777306092E+00
     0.774739579E+00
     0.767001017E+00
     0.756591444E+00
     0.759855706E+00
     0.756591444E+00
     0.751371014E+00
     0.748750993E+00
     0.740851566E+00
     0.730226717E+00
     0.733558349E+00
     0.752437285E+00
     0.750353994E+00
     0.744079200E+00
     0.735654449E+00
     0.738294368E+00
     0.735654449E+00
     0.730339898E+00
     0.727672718E+00
     0.719631427E+00
     0.708816509E+00
     0.712207652E+00
     0.734922096E+00
     0.734555732E+00
     0.733455883E+00
     0.731987659E+00
     0.732446695E+00
     0.731987659E+00
     0.729151694E+00
     0.727730901E+00
     0.723457259E+00
     0.717732723E+00
     0.719524880E+00
     0.731704399E+00
     0.731562741E+00
     0.731137656E+00
     0.730570612E+00
     0.730747846E+00
     0.730570612E+00
     0.729151694E+00
     0.728441532E+00
     0.726308232E+00
     0.723457259E+00
     0.724348995E+00
     0.729310354E+00
     0.728679671E+00
     0.726785401E+00
     0.724254524E+00
     0.725046060E+00
     0.724254524E+00
     0.722878259E+00
     0.722189475E+00
     0.720120492E+00
     0.717355697E+00
     0.718220454E+00
     0.724116977E+00
     0.724048196E+00
     0.723841829E+00
     0.723566612E+00
     0.723652625E+00
     0.723566612E+00
     0.722878252E+00
     0.722533928E+00
     0.721500248E+00
     0.720120489E+00
     0.720551849E+00
     0.723113017E+00
     0.722886141E+00
     0.722205251E+00
     0.721296735E+00
     0.721580725E+00
     0.721296741E+00
     0.720697977E+00
     0.720398480E+00
     0.719499480E+00
     0.718299645E+00
     0.718674735E+00
     0.721124643E+00
     0.721038588E+00
     0.720780379E+00
     0.720436004E+00
     0.720543638E+00
     0.720436002E+00
     0.720040634E+00
     0.719842896E+00
     0.719249469E+00
     0.718457720E+00
     0.718705201E+00
     0.720263568E+00
     0.720177340E+00
     0.719918615E+00
     0.719573572E+00
     0.719681411E+00
     0.719573564E+00
     0.719289167E+00
     0.719146953E+00
     0.718720173E+00
     0.718150879E+00
     0.718328818E+00
     0.719447061E+00
     0.719383808E+00
     0.719194015E+00
     0.718940902E+00
     0.719020002E+00
     0.718940905E+00
     0.718741298E+00
     0.718641485E+00
     0.718341981E+00
     0.717942511E+00
     0.718067363E+00
     0.718843178E+00
     0.718794310E+00
     0.718647678E+00
     0.718452135E+00
     0.718513249E+00
     0.718452146E+00
     0.718310408E+00
     0.718239531E+00
     0.718026875E+00
     0.717743266E+00
     0.717831894E+00
     0.718377858E+00
     0.718340721E+00
     0.718229289E+00
     0.718080696E+00
     0.718127122E+00
     0.718080685E+00
     0.717979179E+00
     0.717928420E+00
     0.717776145E+00
     0.717573073E+00
     0.717636531E+00
     0.718024046E+00
     0.717995735E+00
     0.717910780E+00
     0.717797490E+00
     0.717832907E+00
     0.717797501E+00
     0.717723875E+00
     0.717687060E+00
     0.717576641E+00
     0.717429377E+00
     0.717475396E+00
     0.717754129E+00
     0.717732453E+00
     0.717667393E+00
     0.717580658E+00
     0.717607762E+00
     0.717580651E+00
     0.717526526E+00
     0.717499455E+00
     0.717418250E+00
     0.717309967E+00
     0.717343806E+00
     0.717547208E+00
     0.717530501E+00
     0.717480336E+00
     0.717413441E+00
     0.717434353E+00
     0.717413444E+00
     0.717373051E+00
     0.717352851E+00
     0.717292269E+00
     0.717211461E+00
     0.717236722E+00
     0.717387434E+00
     0.717374429E+00
     0.717335411E+00
     0.717283391E+00
     0.717299645E+00
     0.717283383E+00
     0.717252803E+00
     0.717237504E+00
     0.717191642E+00
     0.717130463E+00
     0.717149588E+00
     0.717262948E+00
     0.717252751E+00
     0.717222127E+00
     0.717181258E+00
     0.717194035E+00
     0.717181264E+00
     0.717157764E+00
     0.717146031E+00
     0.717110807E+00
     0.717063835E+00
     0.717078508E+00
     0.717165071E+00
     0.717156979E+00
     0.717132677E+00
     0.717100291E+00
     0.717110420E+00
     0.717100305E+00
     0.717082012E+00
     0.717072868E+00
     0.717045449E+00
     0.717008888E+00
     0.717020307E+00
     0.717087328E+00
     0.717080852E+00
     0.717061397E+00
     0.717035468E+00
     0.717043560E+00
     0.717035462E+00
     0.717021053E+00
     0.717013841E+00
     0.716992228E+00
     0.716963393E+00
     0.716972410E+00
     0.717024992E+00
     0.717019743E+00
     0.717004027E+00
     0.716983063E+00
     0.716989614E+00
     0.716983065E+00
     0.716971569E+00
     0.716965814E+00
     0.716948569E+00
     0.716925565E+00
     0.716932747E+00
     0.716974515E+00
     0.716970243E+00
     0.716957418E+00
     0.716940324E+00
     0.716945679E+00
     0.716940326E+00
     0.716931041E+00
     0.716926395E+00
     0.716912488E+00
     0.716893919E+00
     0.716899715E+00
     0.716933285E+00
     0.716929767E+00
     0.716919209E+00
     0.716905145E+00
     0.716909535E+00
     0.716905145E+00
     0.716897578E+00
     0.716893802E+00
     0.716882458E+00
     0.716867324E+00
     0.716872062E+00
     0.716899305E+00
     0.716896386E+00
     0.716887640E+00
     0.716875964E+00
     0.716879614E+00
     0.716875969E+00
     0.716869737E+00
     0.716866624E+00
     0.716857290E+00
     0.716844837E+00
     0.716848726E+00
     0.716871084E+00
     0.716868647E+00
     0.716861319E+00
     0.716851575E+00
     0.716854614E+00
     0.716851565E+00
     0.716846396E+00
     0.716843811E+00
     0.716836055E+00
     0.716825718E+00
     0.716828942E+00
     0.716847458E+00
     0.716845398E+00
     0.716839231E+00
     0.716831002E+00
     0.716833578E+00
     0.716831004E+00
     0.716826674E+00
     0.716824515E+00
     0.716818018E+00
     0.716809375E+00
     0.716812077E+00
     0.716827519E+00
     0.716825774E+00
     0.716820542E+00
     0.716813573E+00
     0.716815754E+00
     0.716813578E+00
     0.716809921E+00
     0.716808103E+00
     0.716802628E+00
     0.716795328E+00
     0.716797601E+00
     0.716810600E+00
     0.716809111E+00
     0.716804651E+00
     0.716798697E+00
     0.716800559E+00
     0.716798707E+00
     0.716795608E+00
     0.716794056E+00
     0.716789393E+00
     0.716783197E+00
     0.716785131E+00
     0.716796140E+00
     0.716794862E+00
     0.716791037E+00
     0.716785923E+00
     0.716787515E+00
     0.716785911E+00
     0.716783268E+00
     0.716781940E+00
     0.716777968E+00
     0.716772667E+00
     0.716774324E+00
     0.716783721E+00
     0.716782618E+00
     0.716779303E+00
     0.716774896E+00
     0.716776272E+00
     0.716774893E+00
     0.716772598E+00
     0.716771468E+00
     0.716768051E+00
     0.716763485E+00
     0.716764906E+00
     0.716772967E+00
     0.716772014E+00
     0.716769147E+00
     0.716765308E+00
     0.716766504E+00
     0.716765308E+00
     0.716763346E+00
     0.716762361E+00
     0.716759397E+00
     0.716755441E+00
     0.716756684E+00
     0.716763644E+00
     0.716762803E+00
     0.716760299E+00
     0.716756958E+00
     0.716758001E+00
     0.716756961E+00
     0.716755250E+00
     0.716754385E+00
     0.716751811E+00
     0.716748372E+00
     0.716749446E+00
     0.716755491E+00
     0.716754763E+00
     0.716752570E+00
     0.716749636E+00
     0.716750550E+00
     0.716749633E+00
     0.716748123E+00
     0.716747380E+00
     0.716745139E+00
     0.716742137E+00
     0.716743072E+00
     0.716748344E+00
     0.716747698E+00
     0.716745763E+00
     0.716743190E+00
     0.716743995E+00
     0.716743195E+00
     0.716741871E+00
     0.716741213E+00
     0.716739238E+00
     0.716736608E+00
     0.716737433E+00
     0.716742049E+00
     0.716741490E+00
     0.716739777E+00
     0.716737498E+00
     0.716738201E+00
     0.716737492E+00
     0.716736335E+00
     0.716735742E+00
     0.716734009E+00
     0.716731688E+00
     0.716732404E+00
     0.716736476E+00
     0.716735980E+00
     0.716734455E+00
     0.716732437E+00
     0.716733077E+00
     0.716732432E+00
     0.716731404E+00
     0.716730890E+00
     0.716729351E+00
     0.716727288E+00
     0.716727935E+00
     0.716731538E+00
     0.716731074E+00
     0.716729734E+00
     0.716727930E+00
     0.716728488E+00
     0.716727929E+00
     0.716727021E+00
     0.716726553E+00
     0.716725187E+00
     0.716723359E+00
     0.716723933E+00
     0.716727123E+00
     0.716726716E+00
     0.716725520E+00
     0.716723900E+00
     0.716724407E+00
     0.716723907E+00
     0.716723091E+00
     0.716722682E+00
     0.716721453E+00
     0.716719818E+00
     0.716720339E+00
     0.716723177E+00
     0.716722820E+00
     0.716721737E+00
     0.716720298E+00
     0.716720748E+00
     0.716720296E+00
     0.716719555E+00
     0.716719208E+00
     0.716718104E+00
     0.716716641E+00
     0.716717099E+00
     0.716719644E+00
     0.716719320E+00
     0.716718348E+00
     0.716717044E+00
     0.716717451E+00
     0.716717044E+00
     0.716716396E+00
     0.716716064E+00
     0.716715087E+00
     0.716713770E+00
     0.716714173E+00
     0.716716464E+00
     0.716716171E+00
     0.716715284E+00
     0.716714115E+00
     0.716714483E+00
     0.716714111E+00
     0.716713535E+00
     0.716713230E+00
     0.716712349E+00
     0.716711160E+00
     0.716711533E+00
     0.716713584E+00
     0.716713327E+00
     0.716712518E+00
     0.716711471E+00
     0.716711797E+00
     0.716711480E+00
     0.716710928E+00
     0.716710670E+00
     0.716709873E+00
     0.716708801E+00
     0.716709138E+00
     0.716708798E+00
     0.716708326E+00
     0.716708083E+00
     0.716707362E+00
     0.716706389E+00
     0.716706693E+00
     0.716708367E+00
     0.716708150E+00
     0.716707507E+00
     0.716706638E+00
     0.716706899E+00
     0.716706636E+00
     0.716706206E+00
     0.716705989E+00
     0.716705342E+00
     0.716704466E+00
     0.716704738E+00
     0.716704467E+00
     0.716704065E+00
     0.716703880E+00
     0.716703289E+00
     0.716702501E+00
     0.716702748E+00
     0.716702492E+00
     0.716702138E+00
     0.716701958E+00
     0.716701428E+00
     0.716700709E+00
     0.716700941E+00
     0.716700720E+00
     0.716700390E+00
     0.716700232E+00
     0.716699757E+00
     0.716699101E+00
     0.716699299E+00
     0.716699099E+00
     0.716698804E+00
     0.716698661E+00
     0.716698222E+00
     0.716697638E+00
     0.716697821E+00
     0.716697633E+00
     0.716697367E+00
     0.716697223E+00
     0.716696832E+00
     0.716696300E+00
     0.716696463E+00
     0.716696291E+00
     0.716696055E+00
     0.716695921E+00
     0.716695560E+00
     0.716695073E+00
     0.716695225E+00
     0.716695068E+00
     0.716694839E+00
     0.716694736E+00
     0.716694393E+00
     0.716693944E+00
     0.716694092E+00
     0.716693944E+00
     0.716693741E+00
     0.716693631E+00
     0.716693323E+00
     0.716692913E+00
     0.716693043E+00
     0.716692911E+00
     0.716692720E+00
     0.716692628E+00
     0.716692339E+00
     0.716691965E+00
     0.716692077E+00
     0.716691955E+00
     0.716691786E+00
     0.716691707E+00
     0.716691428E+00
     0.716691080E+00
     0.716691196E+00
     0.716691078E+00
     0.716690920E+00
     0.716690841E+00
     0.716690595E+00
     0.716690265E+00
     0.716690375E+00
     0.716690268E+00
     0.716690115E+00
     0.716690036E+00
     0.716689816E+00
     0.716689515E+00
     0.716689606E+00
     0.716689514E+00
     0.716689378E+00
     0.716689309E+00
     0.716689099E+00
     0.716688823E+00
     0.716688903E+00
     0.716688818E+00
     0.716688690E+00
     0.716688627E+00
     0.716688434E+00
     0.716688162E+00
     0.716688250E+00
     0.716688159E+00
     0.716688046E+00
     0.716687982E+00
     0.716687806E+00
     0.716687558E+00
     0.716687641E+00
     0.716687557E+00
     0.716687455E+00
     0.716687392E+00
     0.716687219E+00
     0.716686998E+00
     0.716687065E+00
     0.716687004E+00
     0.716686886E+00
     0.716686838E+00
     0.716686682E+00
     0.716686461E+00
     0.716686538E+00
     0.716686470E+00
     0.716686366E+00
     0.716686321E+00
     0.716686169E+00
     0.716685966E+00
     0.716686032E+00
     0.716685972E+00
     0.716685884E+00
     0.716685836E+00
     0.716685691E+00
     0.716685505E+00
     0.716685570E+00
     0.716685504E+00
     0.716685421E+00
     0.716685381E+00
     0.716685253E+00
     0.716685070E+00
     0.716685122E+00
     0.716685070E+00
     0.716684989E+00
     0.716684951E+00
     0.716684829E+00
     0.716684667E+00
     0.716684721E+00
     0.716684664E+00
     0.716684582E+00
     0.716684551E+00
     0.716684438E+00
     0.716684278E+00
     0.716684333E+00
     0.716684275E+00
     0.716684211E+00
     0.716684170E+00
     0.716684069E+00
     0.716683916E+00
     0.716683970E+00
     0.716683914E+00
     0.716683849E+00
     0.716683818E+00
     0.716683714E+00
     0.716683576E+00
     0.716683616E+00
     0.716683572E+00
     0.716683512E+00
     0.716683480E+00
     0.716683380E+00
     0.716683246E+00
     0.716683292E+00
     0.716683251E+00
     0.716683194E+00
     0.716683163E+00
     0.716683074E+00
     0.716682950E+00
     0.716682983E+00
     0.716682946E+00
     0.716682891E+00
     0.716682859E+00
     0.716682772E+00
     0.716682659E+00
     0.716682696E+00
     0.716682658E+00
     0.716682605E+00
     0.716682577E+00
     0.716682494E+00
     0.716682385E+00
     0.716682421E+00
     0.716682386E+00
     0.716682327E+00
     0.716682306E+00
     0.716682231E+00
     0.716682126E+00
     0.716682160E+00
     0.716682120E+00
     0.716682079E+00
     0.716682053E+00
     0.716681976E+00
     0.716681883E+00
     0.716681910E+00
     0.716681877E+00
     0.716681835E+00
     0.716681807E+00
     0.716681738E+00
     0.716681644E+00
     0.716681678E+00
     0.716681647E+00
     0.716681600E+00
     0.716681579E+00
     0.716681513E+00
     0.716681423E+00
     0.716681449E+00
     0.716681425E+00
     0.716681384E+00
     0.716681359E+00
     0.716681296E+00
     0.716681212E+00
     0.716681238E+00
     0.716681210E+00
     0.716681170E+00
     0.716681150E+00
     0.716681090E+00
     0.716681009E+00
     0.716681034E+00
     0.716681011E+00
     0.716680973E+00
     0.716680954E+00
     0.716680894E+00
     0.716680816E+00
     0.716680842E+00
     0.716680817E+00
     0.716680780E+00
     0.716680763E+00
     0.716680708E+00
     0.716680635E+00
     0.716680659E+00
     0.716680635E+00
     0.716680600E+00
     0.716680581E+00
     0.716680529E+00
     0.716680460E+00
     0.716680479E+00
     0.716680460E+00
     0.716680425E+00
     0.716680410E+00
     0.716680359E+00
     0.716680290E+00
     0.716680315E+00
     0.716680290E+00
     0.716680262E+00
     0.716680244E+00
     0.716680198E+00
     0.716680133E+00
     0.716680150E+00
     0.716680131E+00
     0.716680101E+00
     0.716680087E+00
     0.716680042E+00
     0.716679982E+00
     0.716680001E+00
     0.716679981E+00
     0.716679952E+00
     0.716679936E+00
     0.716679893E+00
     0.716679833E+00
     0.716679851E+00
     0.716679834E+00
     0.716679806E+00
     0.716679792E+00
     0.716679750E+00
     0.716679694E+00
     0.716679712E+00
     0.716679693E+00
     0.716679668E+00
     0.716679652E+00
     0.716679612E+00
     0.716679560E+00
     0.716679577E+00
     0.716679559E+00
     0.716679534E+00
     0.716679522E+00
     0.716679482E+00
     0.716679431E+00
     0.716679448E+00
     0.716679431E+00
     0.716679406E+00
     0.716679394E+00
     0.716679358E+00
     0.716679308E+00
     0.716679324E+00
     0.716679307E+00
     0.716679285E+00
     0.716679273E+00
     0.716679238E+00
     0.716679190E+00
     0.716679205E+00
     0.716679189E+00
     0.716679168E+00
     0.716679156E+00
     0.716679121E+00
     0.716679075E+00
     0.716679091E+00
     0.716679077E+00
     0.716679055E+00
     0.716679044E+00
     0.716679010E+00
     0.716678967E+00
     0.716678980E+00
     0.716678967E+00
     0.716678946E+00
     0.716678935E+00
     0.716678905E+00
     0.716678862E+00
     0.716678876E+00
     0.716678862E+00
     0.716678842E+00
     0.716678832E+00
     0.716678803E+00
     0.716678761E+00
     0.716678775E+00
     0.716678761E+00
     0.716678742E+00
     0.716678733E+00
     0.716678703E+00
     0.716678665E+00
     0.716678677E+00
     0.716678664E+00
     0.716678646E+00
     0.716678636E+00
     0.716678608E+00
     0.716678571E+00
     0.716678583E+00
     0.716678571E+00
     0.716678553E+00
     0.716678544E+00
     0.716678517E+00
     0.716678482E+00
     0.716678493E+00
     0.716678482E+00
     0.716678464E+00
     0.716678455E+00
     0.716678429E+00
     0.716678395E+00
     0.716678406E+00
     0.716678395E+00
     0.716678378E+00
     0.716678370E+00
     0.716678345E+00
     0.716678312E+00
     0.716678322E+00
     0.716678312E+00
     0.716678296E+00
     0.716678288E+00
     0.716678264E+00
     0.716678232E+00
     0.716678242E+00
     0.716678232E+00
     0.716678217E+00
     0.716678209E+00
     0.716678186E+00
     0.716678155E+00
     0.716678164E+00
     0.716678155E+00
     0.716678140E+00
     0.716678132E+00
     0.716678110E+00
     0.716678080E+00
     0.716678089E+00
     0.716678080E+00
     0.716678066E+00
     0.716678059E+00
     0.716678037E+00
     0.716678008E+00
     0.716678018E+00
     0.716678008E+00
     0.716677994E+00
     0.716677988E+00
     0.716677967E+00
     0.716677939E+00
     0.716677948E+00
     0.716677939E+00
     0.716677926E+00
     0.716677919E+00
     0.716677899E+00
     0.716677872E+00
     0.716677881E+00
     0.716677873E+00
     0.716677860E+00
     0.716677853E+00
     0.716677834E+00
     0.716677808E+00
     0.716677816E+00
     0.716677808E+00
     0.716677796E+00
     0.716677789E+00
     0.716677771E+00
     0.716677746E+00
     0.716677754E+00
     0.716677746E+00
     0.716677734E+00
     0.716677728E+00
     0.716677710E+00
     0.716677686E+00
     0.716677693E+00
     0.716677686E+00
     0.716677674E+00
     0.716677669E+00
     0.716677651E+00
     0.716677628E+00
     0.716677635E+00
     0.716677628E+00
     0.716677617E+00
     0.716677611E+00
     0.716677595E+00
     0.716677572E+00
     0.716677579E+00
     0.716677572E+00
     0.716677561E+00
     0.716677556E+00
     0.716677540E+00
     0.716677518E+00
     0.716677525E+00
     0.716677518E+00
     0.716677508E+00
     0.716677502E+00
     0.716677487E+00
     0.716677466E+00
     0.716677473E+00
     0.716677466E+00
     0.716677456E+00
     0.716677451E+00
     0.716677436E+00
     0.716677416E+00
     0.716677422E+00
     0.716677416E+00
     0.716677406E+00
     0.716677401E+00
     0.716677386E+00
     0.716677367E+00
     0.716677373E+00
     0.716677367E+00
     0.716677358E+00
     0.716677353E+00
     0.716677339E+00
     0.716677320E+00
     0.716677326E+00
     0.716677320E+00
     0.716677311E+00
     0.716677306E+00
     0.716677293E+00
     0.716677274E+00
     0.716677280E+00
     0.716677274E+00
     0.716677266E+00
     0.716677261E+00
     0.716677248E+00
     0.716677231E+00
     0.716677236E+00
     0.716677231E+00
     0.716677222E+00
     0.716677218E+00
     0.716677205E+00
     0.716677188E+00
     0.716677193E+00
     0.716677188E+00
     0.716677180E+00
     0.716677176E+00
     0.716677163E+00
     0.716677147E+00
     0.716677152E+00
     0.716677147E+00
     0.716677139E+00
     0.716677135E+00
     0.716677123E+00
     0.716677107E+00
     0.716677112E+00
     0.716677107E+00
     0.716677100E+00
     0.716677096E+00
     0.716677084E+00
     0.716677069E+00
     0.716677074E+00
     0.716677069E+00
     0.716677061E+00
     0.716677058E+00
     0.716677047E+00
     0.716677032E+00
     0.716677036E+00
     0.716677032E+00
     0.716677025E+00
     0.716677021E+00
     0.716677010E+00
     0.716676996E+00
     0.716677000E+00
     0.716676996E+00
     0.716676989E+00
     0.716676986E+00
     0.716676975E+00
     0.716676961E+00
     0.716676966E+00
     0.716676961E+00
     0.716676955E+00
     0.716676951E+00
     0.716676941E+00
     0.716676928E+00
     0.716676932E+00
     0.716676928E+00
     0.716676921E+00
     0.716676918E+00
     0.716676908E+00
     0.716676895E+00
     0.716676899E+00
     0.716676895E+00
     0.716676889E+00
     0.716676886E+00
     0.716676876E+00
     0.716676864E+00
     0.716676868E+00
     0.716676864E+00
     0.716676858E+00
     0.716676855E+00
     0.716676846E+00
     0.716676833E+00
     0.716676837E+00
     0.716676833E+00
     0.716676828E+00
     0.716676825E+00
     0.716676816E+00
     0.716676804E+00
     0.716676808E+00
     0.716676804E+00
     0.716676798E+00
     0.716676796E+00
     0.716676787E+00
     0.716676776E+00
     0.716676779E+00
     0.716676776E+00
     0.716676770E+00
     0.716676767E+00
     0.716676759E+00
     0.716676748E+00
     0.716676752E+00
     0.716676748E+00
     0.716676743E+00
     0.716676740E+00
     0.716676732E+00
     0.716676722E+00
     0.716676725E+00
     0.716676722E+00
     0.716676716E+00
     0.716676714E+00
     0.716676706E+00
     0.716676696E+00
     0.716676699E+00
     0.716676696E+00
     0.716676691E+00
     0.716676688E+00
     0.716676681E+00
     0.716676671E+00
     0.716676674E+00
     0.716676671E+00
     0.716676666E+00
     0.716676664E+00
     0.716676656E+00
     0.716676647E+00
     0.716676650E+00
     0.716676647E+00
     0.716676642E+00
     0.716676640E+00
     0.716676633E+00
     0.716676623E+00
     0.716676626E+00
     0.716676623E+00
     0.716676619E+00
     0.716676617E+00
     0.716676610E+00
     0.716676601E+00
     0.716676604E+00
     0.716676601E+00
     0.716676596E+00
     0.716676594E+00
     0.716676588E+00
     0.716676579E+00
     0.716676582E+00
     0.716676579E+00
     0.716676575E+00
     0.716676573E+00
     0.716676566E+00
     0.716676558E+00
     0.716676560E+00
     0.716676558E+00
     0.716676554E+00
     0.716676552E+00
     0.716676545E+00
     0.716676537E+00
     0.716676540E+00
     0.716676537E+00
     0.716676533E+00
     0.716676531E+00
     0.716676525E+00
     0.716676517E+00
     0.716676520E+00
     0.716676517E+00
     0.716676514E+00
     0.716676512E+00
     0.716676506E+00
     0.716676498E+00
     0.716676501E+00
     0.716676498E+00
     0.716676495E+00
     0.716676493E+00
     0.716676487E+00
     0.716676480E+00
     0.716676482E+00
     0.716676480E+00
     0.716676476E+00
     0.716676474E+00
     0.716676469E+00
     0.716676462E+00
     0.716676464E+00
     0.716676462E+00
     0.716676458E+00
     0.716676456E+00
     0.716676451E+00
     0.716676444E+00
     0.716676446E+00
     0.716676444E+00
     0.716676441E+00
     0.716676439E+00
     0.716676434E+00
     0.716676427E+00
     0.716676430E+00
     0.716676427E+00
     0.716676424E+00
     0.716676423E+00
     0.716676418E+00
     0.716676411E+00
     0.716676413E+00
     0.716676411E+00
     0.716676408E+00
     0.716676406E+00
     0.716676402E+00
     0.716676395E+00
     0.716676397E+00
     0.716676395E+00
     0.716676392E+00
     0.716676391E+00
     0.716676386E+00
     0.716676380E+00
     0.716676382E+00
     0.716676380E+00
     0.716676377E+00
     0.716676376E+00
     0.716676371E+00
     0.716676365E+00
     0.716676367E+00
     0.716676365E+00
     0.716676362E+00
     0.716676361E+00
     0.716676357E+00
     0.716676351E+00
     0.716676353E+00
     0.716676351E+00
     0.716676348E+00
     0.716676347E+00
     0.716676343E+00
     0.716676337E+00
     0.716676339E+00
     0.716676337E+00
     0.716676334E+00
     0.716676333E+00
     0.716676329E+00
     0.716676324E+00
     0.716676325E+00
     0.716676324E+00
     0.716676321E+00
     0.716676320E+00
     0.716676316E+00
     0.716676311E+00
     0.716676312E+00
     0.716676311E+00
     0.716676308E+00
     0.716676307E+00
     0.716676303E+00
     0.716676298E+00
     0.716676300E+00
     0.716676298E+00
     0.716676296E+00
     0.716676294E+00
     0.716676291E+00
     0.716676286E+00
     0.716676287E+00
     0.716676286E+00
     0.716676284E+00
     0.716676282E+00
     0.716676279E+00
     0.716676274E+00
     0.716676276E+00
     0.716676274E+00
     0.716676272E+00
     0.716676271E+00
     0.716676267E+00
     0.716676263E+00
     0.716676264E+00
     0.716676263E+00
     0.716676260E+00
     0.716676259E+00
     0.716676256E+00
     0.716676252E+00
     0.716676253E+00
     0.716676252E+00
     0.716676250E+00
     0.716676248E+00
     0.716676245E+00
     0.716676241E+00
     0.716676242E+00
     0.716676241E+00
     0.716676239E+00
     0.716676238E+00
     0.716676235E+00
     0.716676231E+00
     0.716676232E+00
     0.716676231E+00
     0.716676229E+00
     0.716676228E+00
     0.716676225E+00
     0.716676221E+00
     0.716676222E+00
     0.716676221E+00
     0.716676219E+00
     0.716676218E+00
     0.716676215E+00
     0.716676211E+00
     0.716676212E+00
     0.716676211E+00
     0.716676209E+00
     0.716676208E+00
     0.716676205E+00
     0.716676201E+00
     0.716676203E+00
     0.716676201E+00
     0.716676200E+00
     0.716676199E+00
     0.716676196E+00
     0.716676192E+00
     0.716676193E+00
     0.716676192E+00
     0.716676191E+00
     0.716676190E+00
     0.716676187E+00
     0.716676183E+00
     0.716676185E+00
     0.716676183E+00
     0.716676182E+00
     0.716676181E+00
     0.716676178E+00
     0.716676175E+00
     0.716676176E+00
     0.716676175E+00
     0.716676173E+00
     0.716676172E+00
     0.716676170E+00
     0.716676167E+00
     0.716676168E+00
     0.716676167E+00
     0.716676165E+00
     0.716676164E+00
     0.716676162E+00
     0.716676159E+00
     0.716676160E+00
     0.716676159E+00
     0.716676157E+00
     0.716676156E+00
     0.716676154E+00
     0.716676151E+00
     0.716676152E+00
     0.716676151E+00
     0.716676149E+00
     0.716676149E+00
     0.716676146E+00
     0.716676143E+00
     0.716676144E+00
     0.716676143E+00
     0.716676142E+00
     0.716676141E+00
     0.716676139E+00
     0.716676136E+00
     0.716676137E+00
     0.716676136E+00
     0.716676135E+00
     0.716676134E+00
     0.716676132E+00
     0.716676129E+00
     0.716676130E+00
     0.716676129E+00
     0.716676128E+00
     0.716676127E+00
     0.716676125E+00
     0.716676122E+00
     0.716676123E+00
     0.716676122E+00
     0.716676121E+00
     0.716676120E+00
     0.716676118E+00
     0.716676116E+00
     0.716676116E+00
     0.716676116E+00
     0.716676114E+00
     0.716676114E+00
     0.716676112E+00
     0.716676109E+00
     0.716676110E+00
     0.716676109E+00
     0.716676108E+00
     0.716676107E+00
     0.716676105E+00
     0.716676103E+00
     0.716676104E+00
     0.716676103E+00
     0.716676102E+00
     0.716676101E+00
     0.716676099E+00
     0.716676097E+00
     0.716676098E+00
     0.716676097E+00
     0.716676096E+00
     0.716676095E+00
     0.716676094E+00
     0.716676091E+00
     0.716676092E+00
     0.716676091E+00
     0.716676090E+00
     0.716676090E+00
     0.716676088E+00
     0.716676086E+00
     0.716676086E+00
     0.716676086E+00
     0.716676084E+00
     0.716676084E+00
     0.716676082E+00
     0.716676080E+00
     0.716676081E+00
     0.716676080E+00
     0.716676079E+00
     0.716676079E+00
     0.716676077E+00
     0.716676075E+00
     0.716676075E+00
     0.716676075E+00
     0.716676074E+00
     0.716676073E+00
     0.716676072E+00
     0.716676070E+00
     0.716676070E+00
     0.716676070E+00
     0.716676069E+00
     0.716676068E+00
     0.716676067E+00
     0.716676065E+00
     0.716676065E+00
     0.716676065E+00
     0.716676064E+00
     0.716676063E+00
     0.716676062E+00
     0.716676060E+00
     0.716676061E+00
     0.716676060E+00
     0.716676059E+00
     0.716676059E+00
     0.716676057E+00
     0.716676055E+00
     0.716676056E+00
     0.716676055E+00
     0.716676054E+00
     0.716676054E+00
     0.716676053E+00
     0.716676051E+00
     0.716676051E+00
     0.716676051E+00
     0.716676050E+00
     0.716676049E+00
     0.716676048E+00
     0.716676046E+00
     0.716676047E+00
     0.716676046E+00
     0.716676046E+00
     0.716676045E+00
     0.716676044E+00
     0.716676042E+00
     0.716676043E+00
     0.716676042E+00
     0.716676041E+00
     0.716676041E+00
     0.716676040E+00
     0.716676038E+00
     0.716676039E+00
     0.716676038E+00
     0.716676037E+00
     0.716676037E+00
     0.716676036E+00
     0.716676034E+00
     0.716676035E+00
     0.716676034E+00
     0.716676033E+00
     0.716676033E+00
     0.716676032E+00
     0.716676030E+00
     0.716676031E+00
     0.716676030E+00
     0.716676029E+00
     0.716676029E+00
     0.716676028E+00
     0.716676026E+00
     0.716676027E+00
     0.716676026E+00
     0.716676026E+00
     0.716676025E+00
     0.716676024E+00
     0.716676023E+00
     0.716676023E+00
     0.716676023E+00
     0.716676022E+00
     0.716676022E+00
     0.716676021E+00
     0.716676019E+00
     0.716676020E+00
     0.716676019E+00
     0.716676019E+00
     0.716676018E+00
     0.716676017E+00
     0.716676016E+00
     0.716676016E+00
     0.716676016E+00
     0.716676015E+00
     0.716676015E+00
     0.716676014E+00
     0.716676012E+00
     0.716676013E+00
     0.716676012E+00
     0.716676012E+00
     0.716676012E+00
     0.716676011E+00
     0.716676009E+00
     0.716676010E+00
     0.716676009E+00
     0.716676009E+00
     0.716676008E+00
     0.716676007E+00
     0.716676006E+00
     0.716676007E+00
     0.716676006E+00
     0.716676006E+00
     0.716676005E+00
     0.716676004E+00
     0.716676003E+00
     0.716676003E+00
     0.716676003E+00
     0.716676002E+00
     0.716676002E+00
     0.716676001E+00
     0.716676000E+00
     0.716676000E+00
     0.716676000E+00
     0.716676000E+00
     0.716675999E+00
     0.716675998E+00
     0.716675997E+00
     0.716675998E+00
     0.716675997E+00
     0.716675997E+00
     0.716675996E+00
     0.716675996E+00
     0.716675994E+00
     0.716675995E+00
     0.716675994E+00
     0.716675994E+00
     0.716675994E+00
     0.716675993E+00
     0.716675992E+00
     0.716675992E+00
     0.716675992E+00
     0.716675991E+00
     0.716675991E+00
     0.716675990E+00
     0.716675989E+00
     0.716675989E+00
     0.716675989E+00
     0.716675989E+00
     0.716675988E+00
     0.716675988E+00
     0.716675986E+00
     0.716675987E+00
     0.716675986E+00
     0.716675986E+00
     0.716675986E+00
     0.716675985E+00
     0.716675984E+00
     0.716675984E+00
     0.716675984E+00
     0.716675983E+00
     0.716675983E+00
     0.716675982E+00
     0.716675981E+00
     0.716675982E+00
     0.716675981E+00
     0.716675981E+00
     0.716675981E+00
     0.716675980E+00
     0.716675979E+00
     0.716675979E+00
     0.716675979E+00
     0.716675979E+00
     0.716675978E+00
     0.716675978E+00
     0.716675977E+00
     0.716675977E+00
     0.716675977E+00
     0.716675976E+00
     0.716675976E+00
     0.716675975E+00
     0.716675974E+00
     0.716675975E+00
     0.716675974E+00
     0.716675974E+00
     0.716675974E+00
     0.716675973E+00
     0.716675972E+00
     0.716675972E+00
     0.716675972E+00
     0.716675972E+00
     0.716675971E+00
     0.716675971E+00
     0.716675970E+00
     0.716675970E+00
     0.716675970E+00
     0.716675969E+00
     0.716675969E+00
     0.716675969E+00
     0.716675968E+00
     0.716675968E+00
     0.716675968E+00
     0.716675967E+00
     0.716675967E+00
     0.716675966E+00
     0.716675966E+00
     0.716675966E+00
     0.716675966E+00
     0.716675965E+00
     0.716675965E+00
     0.716675964E+00
     0.716675963E+00
     0.716675964E+00
     0.716675963E+00
     0.716675963E+00
     0.716675963E+00
     0.716675962E+00
     0.716675961E+00
     0.716675961E+00
     0.716675961E+00
     0.716675961E+00
     0.716675961E+00
     0.716675960E+00
     0.716675959E+00
     0.716675959E+00
     0.716675959E+00
     0.716675958E+00
     0.716675958E+00
     0.716675958E+00
     0.716675957E+00
     0.716675957E+00
     0.716675957E+00
     0.716675956E+00
     0.716675956E+00
     0.716675955E+00
     0.716675954E+00
     0.716675954E+00
     0.716675954E+00
     0.716675953E+00
     0.716675953E+00
     0.716675952E+00
     0.716675950E+00
     0.716675951E+00
     0.716675954E+00
     0.716675954E+00
     0.716675953E+00
     0.716675952E+00
     0.716675952E+00
     0.716675952E+00
     0.716675952E+00
     0.716675951E+00
     0.716675951E+00
     0.716675950E+00
     0.716675950E+00
     0.716675952E+00
     0.716675952E+00
     0.716675951E+00
     0.716675950E+00
     0.716675950E+00
     0.716675950E+00
     0.716675950E+00
     0.716675949E+00
     0.716675949E+00
     0.716675948E+00
     0.716675948E+00
     0.716675948E+00
     0.716675948E+00
     0.716675947E+00
     0.716675947E+00
     0.716675946E+00
     0.716675946E+00
     0.716675946E+00
     0.716675946E+00
     0.716675946E+00
     0.716675945E+00
     0.716675944E+00
     0.716675945E+00
     0.716675944E+00
     0.716675944E+00
     0.716675944E+00
     0.716675943E+00
     0.716675943E+00
     0.716675943E+00
     0.716675943E+00
     0.716675942E+00
     0.716675942E+00
     0.716675942E+00
     0.716675941E+00
     0.716675941E+00
     0.716675941E+00
     0.716675941E+00
     0.716675941E+00
     0.716675940E+00
     0.716675940E+00
     0.716675940E+00
     0.716675940E+00
     0.716675939E+00
     0.716675939E+00
     0.716675939E+00
     0.716675938E+00
     0.716675938E+00
     0.716675938E+00
     0.716675938E+00
     0.716675938E+00
     0.716675937E+00
     0.716675937E+00
     0.716675937E+00
     0.716675937E+00
     0.716675936E+00
     0.716675936E+00
     0.716675936E+00
     0.716675935E+00
     0.716675935E+00
     0.716675935E+00
     0.716675935E+00
     0.716675935E+00
     0.716675934E+00
     0.716675934E+00
     0.716675934E+00
     0.716675934E+00
     0.716675934E+00
     0.716675933E+00
     0.716675933E+00
     0.716675932E+00
     0.716675933E+00
     0.716675932E+00
     0.716675932E+00
     0.716675932E+00
     0.716675932E+00
     0.716675931E+00
     0.716675931E+00
     0.716675931E+00
     0.716675931E+00
     0.716675930E+00
     0.716675930E+00
     0.716675929E+00
     0.716675930E+00
     0.716675929E+00
     0.716675929E+00
     0.716675929E+00
     0.716675929E+00
     0.716675928E+00
     0.716675928E+00
     0.716675928E+00
     0.716675928E+00
     0.716675927E+00
     0.716675927E+00
     0.716675926E+00
     0.716675927E+00
     0.716675926E+00
     0.716675926E+00
     0.716675926E+00
     0.716675925E+00
     0.716675925E+00
     0.716675925E+00
     0.716675925E+00
     0.716675924E+00
     0.716675924E+00
     0.716675924E+00
     0.716675923E+00
     0.716675923E+00
     0.716675923E+00
     0.716675923E+00
     0.716675923E+00
     0.716675922E+00
     0.716675921E+00
     0.716675922E+00
     0.716675921E+00
     0.716675921E+00
     0.716675921E+00
     0.716675920E+00
     0.716675920E+00
     0.716675920E+00
     0.716675920E+00
     0.716675919E+00
     0.716675919E+00
     0.716675918E+00
     0.716675918E+00
     0.716675918E+00
     0.716675918E+00
     0.716675917E+00
     0.716675917E+00
     0.716675916E+00
     0.716675915E+00
     0.716675916E+00
     0.716675915E+00
     0.716675915E+00
     0.716675915E+00
     0.716675914E+00
     0.716675913E+00
     0.716675913E+00
     0.716675913E+00
     0.716675913E+00
     0.716675912E+00
     0.716675912E+00
     0.716675911E+00
     0.716675911E+00
     0.716675911E+00
     0.716675910E+00
     0.716675910E+00
     0.716675909E+00
     0.716675908E+00
     0.716675908E+00
     0.716675908E+00
     0.716675907E+00
     0.716675907E+00
     0.716675906E+00
     0.716675905E+00
     0.716675905E+00
     0.716675905E+00
     0.716675904E+00
     0.716675904E+00
     0.716675903E+00
     0.716675901E+00
     0.716675902E+00
     0.716675901E+00
     0.716675900E+00
     0.716675900E+00
     0.716675899E+00
     0.716675897E+00
     0.716675897E+00
     0.716675897E+00
     0.716675896E+00
     0.716675895E+00
     0.716675893E+00
     0.716675891E+00
     0.716675892E+00
     0.716675896E+00
     0.716675895E+00
     0.716675894E+00
     0.716675892E+00
     0.716675893E+00
     0.716675892E+00
     0.716675891E+00
     0.716675891E+00
     0.716675889E+00
     0.716675887E+00
     0.716675888E+00
     0.716675887E+00
     0.716675887E+00
     0.716675886E+00
     0.716675885E+00
     0.716675883E+00
     0.716675884E+00
     0.716675883E+00
     0.716675882E+00
     0.716675882E+00
     0.716675881E+00
     0.716675879E+00
     0.716675879E+00
     0.716675879E+00
     0.716675878E+00
     0.716675877E+00
     0.716675876E+00
     0.716675874E+00
     0.716675875E+00
     0.716675874E+00
     0.716675873E+00
     0.716675873E+00
     0.716675871E+00
     0.716675870E+00
     0.716675870E+00
     0.716675870E+00
     0.716675869E+00
     0.716675868E+00
     0.716675867E+00
     0.716675865E+00
     0.716675865E+00
     0.716675865E+00
     0.716675863E+00
     0.716675863E+00
     0.716675861E+00
     0.716675859E+00
     0.716675860E+00
     0.716675859E+00
     0.716675858E+00
     0.716675858E+00
     0.716675856E+00
     0.716675854E+00
     0.716675854E+00
     0.716675854E+00
     0.716675852E+00
     0.716675852E+00
     0.716675850E+00
     0.716675848E+00
     0.716675848E+00
     0.716675848E+00
     0.716675846E+00
     0.716675846E+00
     0.716675844E+00
     0.716675841E+00
     0.716675842E+00
     0.716675841E+00
     0.716675840E+00
     0.716675839E+00
     0.716675837E+00
     0.716675835E+00
     0.716675835E+00
     0.716675835E+00
     0.716675833E+00
     0.716675832E+00
     0.716675830E+00
     0.716675827E+00
     0.716675828E+00
     0.716675827E+00
     0.716675826E+00
     0.716675825E+00
     0.716675823E+00
     0.716675820E+00
     0.716675821E+00
     0.716675820E+00
     0.716675818E+00
     0.716675817E+00
     0.716675815E+00
     0.716675811E+00
     0.716675812E+00
     0.716675811E+00
     0.716675810E+00
     0.716675809E+00
     0.716675806E+00
     0.716675803E+00
     0.716675804E+00
     0.716675803E+00
     0.716675801E+00
     0.716675800E+00
     0.716675797E+00
     0.716675793E+00
     0.716675794E+00
     0.716675793E+00
     0.716675791E+00
     0.716675790E+00
     0.716675787E+00
     0.716675783E+00
     0.716675784E+00
     0.716675783E+00
     0.716675781E+00
     0.716675780E+00
     0.716675776E+00
     0.716675772E+00
     0.716675774E+00
     0.716675772E+00
     0.716675770E+00
     0.716675769E+00
     0.716675765E+00
     0.716675761E+00
     0.716675762E+00
     0.716675761E+00
     0.716675758E+00
     0.716675757E+00
     0.716675753E+00
     0.716675748E+00
     0.716675750E+00
     0.716675748E+00
     0.716675745E+00
     0.716675744E+00
     0.716675740E+00
     0.716675735E+00
     0.716675736E+00
     0.716675735E+00
     0.716675732E+00
     0.716675731E+00
     0.716675726E+00
     0.716675721E+00
     0.716675722E+00
     0.716675721E+00
     0.716675717E+00
     0.716675716E+00
     0.716675711E+00
     0.716675705E+00
     0.716675707E+00
     0.716675705E+00
     0.716675702E+00
     0.716675700E+00
     0.716675695E+00
     0.716675689E+00
     0.716675691E+00
     0.716675689E+00
     0.716675685E+00
     0.716675683E+00
     0.716675678E+00
     0.716675671E+00
     0.716675673E+00
     0.716675671E+00
     0.716675667E+00
     0.716675665E+00
     0.716675660E+00
     0.716675652E+00
     0.716675655E+00
     0.716675652E+00
     0.716675648E+00
     0.716675646E+00
     0.716675640E+00
     0.716675632E+00
     0.716675634E+00
     0.716675632E+00
     0.716675627E+00
     0.716675625E+00
     0.716675619E+00
     0.716675610E+00
     0.716675613E+00
     0.716675610E+00
     0.716675605E+00
     0.716675603E+00
     0.716675596E+00
     0.716675587E+00
     0.716675589E+00
     0.716675587E+00
     0.716675581E+00
     0.716675579E+00
     0.716675571E+00
     0.716675561E+00
     0.716675564E+00
     0.716675561E+00
     0.716675556E+00
     0.716675553E+00
     0.716675545E+00
     0.716675534E+00
     0.716675538E+00
     0.716675534E+00
     0.716675528E+00
     0.716675526E+00
     0.716675517E+00
     0.716675505E+00
     0.716675509E+00
     0.716675505E+00
     0.716675499E+00
     0.716675496E+00
     0.716675487E+00
     0.716675474E+00
     0.716675478E+00
     0.716675474E+00
     0.716675467E+00
     0.716675464E+00
     0.716675454E+00
     0.716675441E+00
     0.716675445E+00
     0.716675441E+00
     0.716675433E+00
     0.716675430E+00
     0.716675419E+00
     0.716675405E+00
     0.716675409E+00
     0.716675405E+00
     0.716675397E+00
     0.716675393E+00
     0.716675381E+00
     0.716675366E+00
     0.716675371E+00
     0.716675366E+00
     0.716675358E+00
     0.716675353E+00
     0.716675341E+00
     0.716675324E+00
     0.716675329E+00
     0.716675324E+00
     0.716675315E+00
     0.716675311E+00
     0.716675297E+00
     0.716675280E+00
     0.716675285E+00
     0.716675280E+00
     0.716675270E+00
     0.716675265E+00
     0.716675251E+00
     0.716675232E+00
     0.716675238E+00
     0.716675232E+00
     0.716675221E+00
     0.716675216E+00
     0.716675201E+00
     0.716675180E+00
     0.716675186E+00
     0.716675180E+00
     0.716675169E+00
     0.716675163E+00
     0.716675147E+00
     0.716675125E+00
     0.716675132E+00
     0.716675125E+00
     0.716675113E+00
     0.716675107E+00
     0.716675089E+00
     0.716675065E+00
     0.716675072E+00
     0.716675065E+00
     0.716675052E+00
     0.716675046E+00
     0.716675027E+00
     0.716675001E+00
     0.716675009E+00
     0.716675001E+00
     0.716674987E+00
     0.716674980E+00
     0.716674960E+00
     0.716674932E+00
     0.716674941E+00
     0.716674932E+00
     0.716674917E+00
     0.716674910E+00
     0.716674888E+00
     0.716674858E+00
     0.716674868E+00
     0.716674858E+00
     0.716674842E+00
     0.716674835E+00
     0.716674811E+00
     0.716674779E+00
     0.716674789E+00
     0.716674779E+00
     0.716674762E+00
     0.716674753E+00
     0.716674728E+00
     0.716674694E+00
     0.716674704E+00
     0.716674694E+00
     0.716674675E+00
     0.716674666E+00
     0.716674638E+00
     0.716674602E+00
     0.716674613E+00
     0.716674602E+00
     0.716674582E+00
     0.716674572E+00
     0.716674543E+00
     0.716674503E+00
     0.716674516E+00
     0.716674503E+00
     0.716674482E+00
     0.716674471E+00
     0.716674440E+00
     0.716674397E+00
     0.716674410E+00
     0.716674397E+00
     0.716674374E+00
     0.716674363E+00
     0.716674329E+00
     0.716674283E+00
     0.716674298E+00
     0.716674283E+00
     0.716674259E+00
     0.716674247E+00
     0.716674210E+00
     0.716674161E+00
     0.716674176E+00
     0.716674161E+00
     0.716674135E+00
     0.716674121E+00
     0.716674082E+00
     0.716674029E+00
     0.716674046E+00
     0.716674029E+00
     0.716674001E+00
     0.716673987E+00
     0.716673944E+00
     0.716673888E+00
     0.716673906E+00
     0.716673888E+00
     0.716673857E+00
     0.716673842E+00
     0.716673797E+00
     0.716673736E+00
     0.716673755E+00
     0.716673736E+00
     0.716673703E+00
     0.716673687E+00
     0.716673638E+00
     0.716673572E+00
     0.716673593E+00
     0.716673572E+00
     0.716673537E+00
     0.716673520E+00
     0.716673467E+00
     0.716673397E+00
     0.716673419E+00
     0.716673397E+00
     0.716673359E+00
     0.716673340E+00
     0.716673284E+00
     0.716673208E+00
     0.716673232E+00
     0.716673208E+00
     0.716673168E+00
     0.716673147E+00
     0.716673086E+00
     0.716673005E+00
     0.716673031E+00
     0.716673005E+00
     0.716672962E+00
     0.716672940E+00
     0.716672874E+00
     0.716672787E+00
     0.716672814E+00
     0.716672787E+00
     0.716672740E+00
     0.716672717E+00
     0.716672647E+00
     0.716672553E+00
     0.716672582E+00
     0.716672553E+00
     0.716672502E+00
     0.716672477E+00
     0.716672402E+00
     0.716672301E+00
     0.716672332E+00
     0.716672301E+00
     0.716672247E+00
     0.716672220E+00
     0.716672138E+00
     0.716672030E+00
     0.716672064E+00
     0.716672030E+00
     0.716671972E+00
     0.716671943E+00
     0.716671856E+00
     0.716671739E+00
     0.716671776E+00
     0.716671739E+00
     0.716671677E+00
     0.716671645E+00
     0.716671551E+00
     0.716671426E+00
     0.716671465E+00
     0.716671426E+00
     0.716671359E+00
     0.716671325E+00
     0.716671225E+00
     0.716671090E+00
     0.716671132E+00
     0.716671090E+00
     0.716671018E+00
     0.716670982E+00
     0.716670873E+00
     0.716670729E+00
     0.716670774E+00
     0.716670729E+00
     0.716670651E+00
     0.716670612E+00
     0.716670496E+00
     0.716670340E+00
     0.716670389E+00
     0.716670340E+00
     0.716670257E+00
     0.716670215E+00
     0.716670090E+00
     0.716669923E+00
     0.716669975E+00
     0.716669923E+00
     0.716669833E+00
     0.716669788E+00
     0.716669653E+00
     0.716669474E+00
     0.716669530E+00
     0.716669474E+00
     0.716669377E+00
     0.716669329E+00
     0.716669185E+00
     0.716668992E+00
     0.716669052E+00
     0.716668992E+00
     0.716668888E+00
     0.716668836E+00
     0.716668680E+00
     0.716668473E+00
     0.716668538E+00
     0.716668473E+00
     0.716668362E+00
     0.716668306E+00
     0.716668139E+00
     0.716667916E+00
     0.716667985E+00
     0.716667916E+00
     0.716667796E+00
     0.716667736E+00
     0.716667556E+00
     0.716667317E+00
     0.716667392E+00
     0.716667317E+00
     0.716667188E+00
     0.716667124E+00
     0.716666930E+00
     0.716666673E+00
     0.716666753E+00
     0.716666673E+00
     0.716666534E+00
     0.716666465E+00
     0.716666258E+00
     0.716665981E+00
     0.716666067E+00
     0.716665981E+00
     0.716665832E+00
     0.716665758E+00
     0.716665534E+00
     0.716665237E+00
     0.716665330E+00
     0.716665237E+00
     0.716665077E+00
     0.716664997E+00
     0.716664757E+00
     0.716664437E+00
     0.716664537E+00
     0.716664437E+00
     0.716664265E+00
     0.716664180E+00
     0.716663922E+00
     0.716663578E+00
     0.716663685E+00
     0.716663578E+00
     0.716663393E+00
     0.716663301E+00
     0.716663024E+00
     0.716662654E+00
     0.716662770E+00
     0.716662654E+00
     0.716662456E+00
     0.716662356E+00
     0.716662058E+00
     0.716661661E+00
     0.716661785E+00
     0.716661661E+00
     0.716661448E+00
     0.716661341E+00
     0.716661021E+00
     0.716660594E+00
     0.716660727E+00
     0.716660594E+00
     0.716660364E+00
     0.716660250E+00
     0.716659906E+00
     0.716659447E+00
     0.716659590E+00
     0.716659447E+00
     0.716659200E+00
     0.716659077E+00
     0.716658707E+00
     0.716658214E+00
     0.716658368E+00
     0.716658214E+00
     0.716657949E+00
     0.716657816E+00
     0.716657418E+00
     0.716656888E+00
     0.716657054E+00
     0.716656888E+00
     0.716656603E+00
     0.716656461E+00
     0.716656033E+00
     0.716655464E+00
     0.716655642E+00
     0.716655464E+00
     0.716655157E+00
     0.716655004E+00
     0.716654545E+00
     0.716653932E+00
     0.716654124E+00
     0.716653932E+00
     0.716653603E+00
     0.716653439E+00
     0.716652945E+00
     0.716652286E+00
     0.716652492E+00
     0.716652286E+00
     0.716651933E+00
     0.716651756E+00
     0.716651225E+00
     0.716650517E+00
     0.716650738E+00
     0.716650517E+00
     0.716650137E+00
     0.716649947E+00
     0.716649376E+00
     0.716648616E+00
     0.716648853E+00
     0.716648616E+00
     0.716648207E+00
     0.716648002E+00
     0.716647389E+00
     0.716646572E+00
     0.716646827E+00
     0.716646572E+00
     0.716646132E+00
     0.716645913E+00
     0.716645253E+00
     0.716644375E+00
     0.716644649E+00
     0.716644375E+00
     0.716643902E+00
     0.716643666E+00
     0.716642958E+00
     0.716642013E+00
     0.716642308E+00
     0.716642013E+00
     0.716641505E+00
     0.716641252E+00
     0.716640490E+00
     0.716639475E+00
     0.716639792E+00
     0.716639475E+00
     0.716638929E+00
     0.716638656E+00
     0.716637838E+00
     0.716636746E+00
     0.716637088E+00
     0.716636746E+00
     0.716636160E+00
     0.716635867E+00
     0.716634987E+00
     0.716633814E+00
     0.716634180E+00
     0.716633814E+00
     0.716633183E+00
     0.716632868E+00
     0.716631923E+00
     0.716630662E+00
     0.716631056E+00
     0.716630662E+00
     0.716629984E+00
     0.716629645E+00
     0.716628629E+00
     0.716627274E+00
     0.716627697E+00
     0.716627274E+00
     0.716626545E+00
     0.716626181E+00
     0.716625088E+00
     0.716623632E+00
     0.716624087E+00
     0.716623632E+00
     0.716622849E+00
     0.716622457E+00
     0.716621283E+00
     0.716619717E+00
     0.716620207E+00
     0.716619717E+00
     0.716618876E+00
     0.716618455E+00
     0.716617193E+00
     0.716615510E+00
     0.716616036E+00
     0.716615510E+00
     0.716614605E+00
     0.716614153E+00
     0.716612796E+00
     0.716610987E+00
     0.716611552E+00
     0.716610987E+00
     0.716610015E+00
     0.716609529E+00
     0.716608070E+00
     0.716606126E+00
     0.716606734E+00
     0.716606126E+00
     0.716605081E+00
     0.716604559E+00
     0.716602991E+00
     0.716600901E+00
     0.716601554E+00
     0.716600901E+00
     0.716599778E+00
     0.716599216E+00
     0.716597531E+00
     0.716595285E+00
     0.716595987E+00
     0.716595285E+00
     0.716594077E+00
     0.716593474E+00
     0.716591663E+00
     0.716589248E+00
     0.716590003E+00
     0.716589248E+00
     0.716587950E+00
     0.716587302E+00
     0.716585355E+00
     0.716582759E+00
     0.716583571E+00
     0.716582759E+00
     0.716581365E+00
     0.716580667E+00
     0.716578575E+00
     0.716575785E+00
     0.716576657E+00
     0.716575785E+00
     0.716574286E+00
     0.716573536E+00
     0.716571287E+00
     0.716568289E+00
     0.716569226E+00
     0.716568289E+00
     0.716566677E+00
     0.716565871E+00
     0.716563454E+00
     0.716560231E+00
     0.716561238E+00
     0.716560231E+00
     0.716558499E+00
     0.716557633E+00
     0.716555034E+00
     0.716551570E+00
     0.716552653E+00
     0.716551570E+00
     0.716549708E+00
     0.716548777E+00
     0.716545985E+00
     0.716542261E+00
     0.716543424E+00
     0.716542261E+00
     0.716540260E+00
     0.716539259E+00
     0.716536257E+00
     0.716532255E+00
     0.716533505E+00
     0.716532255E+00
     0.716530104E+00
     0.716529028E+00
     0.716525802E+00
     0.716521500E+00
     0.716522844E+00
     0.716521500E+00
     0.716519187E+00
     0.716518031E+00
     0.716514563E+00
     0.716509939E+00
     0.716511384E+00
     0.716509939E+00
     0.716507454E+00
     0.716506212E+00
     0.716502484E+00
     0.716497514E+00
     0.716499067E+00
     0.716497514E+00
     0.716494842E+00
     0.716493507E+00
     0.716489500E+00
     0.716484158E+00
     0.716485827E+00
     0.716484158E+00
     0.716481287E+00
     0.716479851E+00
     0.716475545E+00
     0.716469802E+00
     0.716471597E+00
     0.716469802E+00
     0.716466716E+00
     0.716465173E+00
     0.716460544E+00
     0.716454372E+00
     0.716456301E+00
     0.716454372E+00
     0.716451055E+00
     0.716449397E+00
     0.716444421E+00
     0.716437787E+00
     0.716439860E+00
     0.716437787E+00
     0.716434222E+00
     0.716432439E+00
     0.716427091E+00
     0.716419961E+00
     0.716422189E+00
     0.716419961E+00
     0.716416129E+00
     0.716414213E+00
     0.716408465E+00
     0.716400800E+00
     0.716403195E+00
     0.716400800E+00
     0.716396681E+00
     0.716394622E+00
     0.716388443E+00
     0.716380206E+00
     0.716382780E+00
     0.716380206E+00
     0.716375778E+00
     0.716373565E+00
     0.716366924E+00
     0.716358070E+00
     0.716360837E+00
     0.716358070E+00
     0.716353311E+00
     0.716350932E+00
     0.716343794E+00
     0.716334277E+00
     0.716337251E+00
     0.716334277E+00
     0.716329162E+00
     0.716326605E+00
     0.716318933E+00
     0.716308703E+00
     0.716311900E+00
     0.716308703E+00
     0.716303206E+00
     0.716300457E+00
     0.716292211E+00
     0.716281216E+00
     0.716284652E+00
     0.716281216E+00
     0.716275307E+00
     0.716272353E+00
     0.716263489E+00
     0.716251672E+00
     0.716255365E+00
     0.716251672E+00
     0.716245321E+00
     0.716242145E+00
     0.716232619E+00
     0.716219917E+00
     0.716223886E+00
     0.716219917E+00
     0.716213090E+00
     0.716209677E+00
     0.716199438E+00
     0.716185785E+00
     0.716190052E+00
     0.716185785E+00
     0.716178448E+00
     0.716174780E+00
     0.716163774E+00
     0.716149100E+00
     0.716153686E+00
     0.716149100E+00
     0.716141214E+00
     0.716137271E+00
     0.716125442E+00
     0.716109670E+00
     0.716114599E+00
     0.716109670E+00
     0.716101194E+00
     0.716096956E+00
     0.716084242E+00
     0.716067290E+00
     0.716072588E+00
     0.716067290E+00
     0.716058180E+00
     0.716053625E+00
     0.716039960E+00
     0.716021740E+00
     0.716027433E+00
     0.716021740E+00
     0.716011948E+00
     0.716007052E+00
     0.715992364E+00
     0.715972781E+00
     0.715978901E+00
     0.715972781E+00
     0.715962257E+00
     0.715956995E+00
     0.715941209E+00
     0.715920161E+00
     0.715926738E+00
     0.715920161E+00
     0.715908849E+00
     0.715903194E+00
     0.715886227E+00
     0.715863604E+00
     0.715870674E+00
     0.715863604E+00
     0.715851447E+00
     0.715845368E+00
     0.715827132E+00
     0.715802818E+00
     0.715810416E+00
     0.715802818E+00
     0.715789751E+00
     0.715783218E+00
     0.715763618E+00
     0.715737485E+00
     0.715745652E+00
     0.715737485E+00
     0.715723441E+00
     0.715716419E+00
     0.715695354E+00
     0.715667267E+00
     0.715676044E+00
     0.715667267E+00
     0.715652173E+00
     0.715644626E+00
     0.715621985E+00
     0.715591798E+00
     0.715601231E+00
     0.715591798E+00
     0.715575575E+00
     0.715567464E+00
     0.715543130E+00
     0.715510686E+00
     0.715520825E+00
     0.715510686E+00
     0.715493251E+00
     0.715484533E+00
     0.715458380E+00
     0.715423511E+00
     0.715434407E+00
     0.715423511E+00
     0.715404772E+00
     0.715395403E+00
     0.715367295E+00
     0.715329819E+00
     0.715341530E+00
     0.715329819E+00
     0.715309679E+00
     0.715299610E+00
     0.715269401E+00
     0.715229124E+00
     0.715241711E+00
     0.715229124E+00
     0.715207480E+00
     0.715196657E+00
     0.715164191E+00
     0.715120905E+00
     0.715134432E+00
     0.715120905E+00
     0.715097642E+00
     0.715086012E+00
     0.715051120E+00
     0.715004598E+00
     0.715019136E+00
     0.715004598E+00
     0.714979598E+00
     0.714967098E+00
     0.714929600E+00
     0.714879603E+00
     0.714895227E+00
     0.714879603E+00
     0.714852735E+00
     0.714839302E+00
     0.714799002E+00
     0.714745271E+00
     0.714762061E+00
     0.714745271E+00
     0.714716396E+00
     0.714701959E+00
     0.714658649E+00
     0.714600905E+00
     0.714618950E+00
     0.714600905E+00
     0.714569875E+00
     0.714554360E+00
     0.714507816E+00
     0.714445760E+00
     0.714465152E+00
     0.714445760E+00
     0.714412413E+00
     0.714395739E+00
     0.714345721E+00
     0.714279032E+00
     0.714299872E+00
     0.714279032E+00
     0.714243196E+00
     0.714225278E+00
     0.714171526E+00
     0.714099860E+00
     0.714122255E+00
     0.714099860E+00
     0.714061349E+00
     0.714042094E+00
     0.713984331E+00
     0.713907317E+00
     0.713931383E+00
     0.713907317E+00
     0.713865933E+00
     0.713845241E+00
     0.713783168E+00
     0.713700410E+00
     0.713726271E+00
     0.713700410E+00
     0.713655939E+00
     0.713633704E+00
     0.713567001E+00
     0.713478071E+00
     0.713505861E+00
     0.713478071E+00
     0.713430283E+00
     0.713406390E+00
     0.713334714E+00
     0.713239153E+00
     0.713269015E+00
     0.713239153E+00
     0.713187803E+00
     0.713162129E+00
     0.713085110E+00
     0.712982427E+00
     0.713014514E+00
     0.712982427E+00
     0.712927250E+00
     0.712899663E+00
     0.712816905E+00
     0.712706570E+00
     0.712741049E+00
     0.712706570E+00
     0.712647284E+00
     0.712617641E+00
     0.712528718E+00
     0.712410166E+00
     0.712447212E+00
     0.712410166E+00
     0.712346464E+00
     0.712314614E+00
     0.712219071E+00
     0.712091692E+00
     0.712131496E+00
     0.712091692E+00
     0.712023248E+00
     0.711989027E+00
     0.711886372E+00
     0.711749514E+00
     0.711792280E+00
     0.711749514E+00
     0.711675978E+00
     0.711639211E+00
     0.711528919E+00
     0.711381879E+00
     0.711427827E+00
     0.711381879E+00
     0.711302875E+00
     0.711263373E+00
     0.711144880E+00
     0.710986908E+00
     0.711036272E+00
     0.710986908E+00
     0.710902031E+00
     0.710859593E+00
     0.710732293E+00
     0.710562582E+00
     0.710615614E+00
     0.710562582E+00
     0.710471399E+00
     0.710425809E+00
     0.710289052E+00
     0.710106736E+00
     0.710163707E+00
     0.710106736E+00
     0.710008783E+00
     0.709959809E+00
     0.709812900E+00
     0.709617051E+00
     0.709678250E+00
     0.709617051E+00
     0.709511830E+00
     0.709459221E+00
     0.709301413E+00
     0.709091037E+00
     0.709156775E+00
     0.709091037E+00
     0.708978013E+00
     0.708921504E+00
     0.708751996E+00
     0.708526026E+00
     0.708596637E+00
     0.708526026E+00
     0.708404627E+00
     0.708343931E+00
     0.708161865E+00
     0.707919157E+00
     0.707994998E+00
     0.707919157E+00
     0.707788771E+00
     0.707723580E+00
     0.707528037E+00
     0.707267366E+00
     0.707348819E+00
     0.707267366E+00
     0.707127334E+00
     0.707057321E+00
     0.706847316E+00
     0.706567369E+00
     0.706654845E+00
     0.706567369E+00
     0.706416987E+00
     0.706341800E+00
     0.706116276E+00
     0.705815647E+00
     0.705909585E+00
     0.705815647E+00
     0.705654161E+00
     0.705573423E+00
     0.705331251E+00
     0.705008435E+00
     0.705109305E+00
     0.705008435E+00
     0.704835037E+00
     0.704748344E+00
     0.704488313E+00
     0.704141699E+00
     0.704250004E+00
     0.704141699E+00
     0.703955526E+00
     0.703862445E+00
     0.703583261E+00
     0.703211123E+00
     0.703327403E+00
     0.703211123E+00
     0.703011249E+00
     0.702911319E+00
     0.702611596E+00
     0.702212089E+00
     0.702336920E+00
     0.702212089E+00
     0.701997525E+00
     0.701890252E+00
     0.701568508E+00
     0.701139659E+00
     0.701273656E+00
     0.701139659E+00
     0.700909348E+00
     0.700794202E+00
     0.700448853E+00
     0.699988552E+00
     0.700132376E+00
     0.699988552E+00
     0.699741364E+00
     0.699617781E+00
     0.699247133E+00
     0.698753126E+00
     0.698907480E+00
     0.698753126E+00
     0.698487853E+00
     0.698355229E+00
     0.697957474E+00
     0.697427354E+00
     0.697592990E+00
     0.697427354E+00
     0.697142706E+00
     0.697000397E+00
     0.696573604E+00
     0.696004801E+00
     0.696182520E+00
     0.696004801E+00
     0.695699402E+00
     0.695546720E+00
     0.695088828E+00
     0.694478599E+00
     0.694669259E+00
     0.694478599E+00
     0.694150981E+00
     0.693987192E+00
     0.693496004E+00
     0.692841424E+00
     0.693045939E+00
     0.692841424E+00
     0.692490023E+00
     0.692314345E+00
     0.691787517E+00
     0.691085471E+00
     0.691304812E+00
     0.691085471E+00
     0.690708618E+00
     0.690520219E+00
     0.689955257E+00
     0.689202423E+00
     0.689437629E+00
     0.689202423E+00
     0.688798345E+00
     0.688596337E+00
     0.687990584E+00
     0.687183432E+00
     0.687435603E+00
     0.687183432E+00
     0.686750239E+00
     0.686533678E+00
     0.685884309E+00
     0.685019081E+00
     0.685289391E+00
     0.685019081E+00
     0.684554766E+00
     0.684322650E+00
     0.683626662E+00
     0.682699367E+00
     0.682989063E+00
     0.682699367E+00
     0.682201799E+00
     0.681953062E+00
     0.681207268E+00
     0.680213668E+00
     0.680524071E+00
     0.680213668E+00
     0.679680584E+00
     0.679414097E+00
     0.678615113E+00
     0.677550716E+00
     0.677883228E+00
     0.677550716E+00
     0.676979718E+00
     0.676694282E+00
     0.675838526E+00
     0.674698569E+00
     0.675054676E+00
     0.674698569E+00
     0.674087119E+00
     0.673781467E+00
     0.672865144E+00
     0.671644591E+00
     0.672025865E+00
     0.671644591E+00
     0.670990004E+00
     0.670662795E+00
     0.669681895E+00
     0.668375422E+00
     0.668783524E+00
     0.668375422E+00
     0.667674862E+00
     0.667324680E+00
     0.666274968E+00
     0.664876957E+00
     0.665313639E+00
     0.664876957E+00
     0.664127434E+00
     0.663752785E+00
     0.662629799E+00
     0.661134328E+00
     0.661601436E+00
     0.661134328E+00
     0.660332693E+00
     0.659932004E+00
     0.658731045E+00
     0.657131885E+00
     0.657631362E+00
     0.657131885E+00
     0.656274828E+00
     0.655846447E+00
     0.654562576E+00
     0.652853185E+00
     0.653387071E+00
     0.652853185E+00
     0.651937231E+00
     0.651479425E+00
     0.650107466E+00
     0.648280985E+00
     0.648851416E+00
     0.648280984E+00
     0.647302496E+00
     0.646813449E+00
     0.645347980E+00
     0.643397235E+00
     0.644006449E+00
     0.643397235E+00
     0.642352411E+00
     0.641830225E+00
     0.640265587E+00
     0.638183091E+00
     0.638833418E+00
     0.638183090E+00
     0.637067967E+00
     0.636510665E+00
     0.634840961E+00
     0.632618919E+00
     0.633312788E+00
     0.632618918E+00
     0.631429375E+00
     0.630834902E+00
     0.629054005E+00
     0.626684324E+00
     0.627424254E+00
     0.626684323E+00
     0.625416088E+00
     0.624782312E+00
     0.622883874E+00
     0.620358178E+00
     0.621146777E+00
     0.620358178E+00
     0.619006833E+00
     0.618331553E+00
     0.616309021E+00
     0.613618668E+00
     0.614458623E+00
     0.613618667E+00
     0.612179665E+00
     0.611460613E+00
     0.609307241E+00
     0.606443351E+00
     0.607337424E+00
     0.606443349E+00
     0.604912021E+00
     0.604146872E+00
     0.601855746E+00
     0.598809226E+00
     0.599760244E+00
     0.598809224E+00
     0.597180800E+00
     0.596367178E+00
     0.593931244E+00
     0.590692826E+00
     0.591703667E+00
     0.590692825E+00
     0.588962453E+00
     0.588097941E+00
     0.585510034E+00
     0.582070323E+00
     0.583143904E+00
     0.582070321E+00
     0.580233094E+00
     0.579315249E+00
     0.576568129E+00
     0.572917651E+00
     0.574056911E+00
     0.572917648E+00
     0.570968625E+00
     0.569994990E+00
     0.567081390E+00
     0.563210648E+00
     0.564418531E+00
     0.563210645E+00
     0.561144890E+00
     0.560113010E+00
     0.557025678E+00
     0.552925225E+00
     0.554204656E+00
     0.552925221E+00
     0.550737835E+00
     0.549645274E+00
     0.546377032E+00
     0.542037540E+00
     0.543391405E+00
     0.542037536E+00
     0.539723694E+00
     0.538568057E+00
     0.535111861E+00
     0.530524204E+00
     0.531955322E+00
     0.530524198E+00
     0.528079198E+00
     0.526858149E+00
     0.523207150E+00
     0.518362490E+00
     0.519873587E+00
     0.518362484E+00
     0.515781783E+00
     0.514493071E+00
     0.510640685E+00
     0.505530566E+00
     0.507124245E+00
     0.505530558E+00
     0.502809826E+00
     0.501451303E+00
     0.497391282E+00
     0.492007723E+00
     0.493686434E+00
     0.492007712E+00
     0.489142874E+00
     0.487712522E+00
     0.483439019E+00
     0.477774606E+00
     0.479540622E+00
     0.477774594E+00
     0.474761874E+00
     0.473257825E+00
     0.468765464E+00
     0.462813441E+00
     0.464668822E+00
     0.462813426E+00
     0.459649390E+00
     0.458069943E+00
     0.453353880E+00
     0.447108225E+00
     0.449054799E+00
     0.447108206E+00
     0.443789789E+00
     0.442133431E+00
     0.437189394E+00
     0.430644881E+00
     0.432684225E+00
     0.430644859E+00
     0.427169389E+00
     0.425434797E+00
     0.420259118E+00
     0.413411355E+00
     0.415544781E+00
     0.413411328E+00
     0.410074218E+00
     0.408408569E+00
     0.403438162E+00
     0.396860951E+00
     0.398910215E+00
     0.396860926E+00
     0.393776895E+00
     0.392237360E+00
     0.387641964E+00
     0.381558312E+00
     0.383454127E+00
     0.394119539E+00
     0.392750805E+00
     0.388662948E+00
     0.383246910E+00
     0.384935208E+00
     0.383246895E+00
     0.380548135E+00
     0.379200649E+00
     0.375176316E+00
     0.369844432E+00
     0.371506499E+00
     0.369844417E+00
     0.366951659E+00
     0.365507443E+00
     0.361196022E+00
     0.355486952E+00
     0.357266206E+00
     0.355486933E+00
     0.352321098E+00
     0.350740745E+00
     0.346025637E+00
     0.339786816E+00
     0.341730582E+00
     0.339786791E+00
     0.336406023E+00
     0.334718521E+00
     0.329686283E+00
     0.323032218E+00
     0.325104822E+00
     0.323032185E+00
     0.319471767E+00
     0.317694684E+00
     0.312397832E+00
     0.305398013E+00
     0.307577806E+00
     0.305397972E+00
     0.301682319E+00
     0.299827796E+00
     0.294302657E+00
     0.287005157E+00
     0.289277162E+00
     0.287005109E+00
     0.283151682E+00
     0.281228377E+00
     0.275500920E+00
     0.267940111E+00
     0.270293618E+00
     0.267940055E+00
     0.263961179E+00
     0.261975179E+00
     0.256063720E+00
     0.248263865E+00
     0.250691313E+00
     0.248263800E+00
     0.244167425E+00
     0.242122617E+00
     0.236038963E+00
     0.228015733E+00
     0.230512235E+00
     0.228015660E+00
     0.223805477E+00
     0.221703611E+00
     0.215453245E+00
     0.207213997E+00
     0.209777249E+00
     0.207213914E+00
     0.203159797E+00
     0.201135344E+00
     0.195114778E+00
     0.187176259E+00
     0.189646225E+00
     0.187176183E+00
     0.183369009E+00
     0.181467337E+00
     0.175810258E+00
     0.168346832E+00
     0.170669495E+00
     0.168346769E+00
     0.164921311E+00
     0.163209802E+00
     0.158115152E+00
     0.151387195E+00
     0.153481777E+00
     0.151387149E+00
     0.147858611E+00
     0.146095272E+00
     0.140848575E+00
     0.133922203E+00
     0.136078270E+00
     0.133922153E+00
     0.130015872E+00
     0.128063346E+00
     0.122260129E+00
     0.114607466E+00
     0.116988599E+00
     0.114607399E+00
     0.110399244E+00
     0.108295133E+00
     0.102047526E+00
     0.938159552E-01
     0.963763598E-01
     0.938158749E-01
     0.893549406E-01
     0.871234316E-01
     0.805036166E-01
     0.717876396E-01
     0.744980002E-01
     0.717875504E-01
     0.671145741E-01
     0.647756455E-01
     0.578431216E-01
     0.487201507E-01
     0.515565128E-01
     0.487200589E-01
     0.438712181E-01
     0.414425538E-01
     0.342498014E-01
     0.247876564E-01
     0.277290906E-01
     0.247875698E-01
     0.197936153E-01
     0.172901860E-01
     0.988147730E-02
     0.136944675E-03
     0.316597920E-02
     0.136871618E-03
    -0.498013597E-02
    -0.754770463E-02
    -0.151410227E-01
    -0.251282094E-01
    -0.220237401E-01
    -0.251282610E-01
    -0.303584626E-01
    -0.329856688E-01
    -0.407502889E-01
    -0.509640113E-01
    -0.477889466E-01
    -0.509640354E-01
    -0.563123025E-01
    -0.590020838E-01
    -0.669464776E-01
    -0.773990680E-01
    -0.741494274E-01
    -0.773990610E-01
    -0.826348608E-01
    -0.852707855E-01
    -0.930565994E-01
    -0.103309532E+00
    -0.100120859E+00
    -0.103309499E+00
    -0.108346111E+00
    -0.110883904E+00
    -0.118382798E+00
    -0.128268763E+00
    -0.125192894E+00
    -0.128268716E+00
    -0.133165002E+00
    -0.135634149E+00
    -0.142932287E+00
    -0.152562902E+00
    -0.149565348E+00
    -0.152562854E+00
    -0.157349644E+00
    -0.159765514E+00
    -0.166907970E+00
    -0.176341636E+00
    -0.173404354E+00
    -0.176341597E+00
    -0.181035937E+00
    -0.183406937E+00
    -0.190418494E+00
    -0.199687217E+00
    -0.196800331E+00
    -0.199687197E+00
    -0.204298354E+00
    -0.206628953E+00
    -0.213522875E+00
    -0.222643604E+00
    -0.219801907E+00
    -0.222643611E+00
    -0.227176229E+00
    -0.229468547E+00
    -0.236251206E+00
    -0.245231814E+00
    -0.242432924E+00
    -0.245231856E+00
    -0.249687776E+00
    -0.251942509E+00
    -0.258616061E+00
    -0.267458826E+00
    -0.264702104E+00
    -0.267458908E+00
    -0.271845963E+00
    -0.274066883E+00
    -0.280642427E+00
    -0.289361360E+00
    -0.286642524E+00
    -0.289361486E+00
    -0.293680210E+00
    -0.295867368E+00
    -0.302345077E+00
    -0.310939771E+00
    -0.308259026E+00
    -0.310939943E+00
    -0.315188623E+00
    -0.317340926E+00
    -0.323717574E+00
    -0.332183079E+00
    -0.329542052E+00
    -0.332183297E+00
    -0.336359829E+00
    -0.338475996E+00
    -0.344747748E+00
    -0.353078258E+00
    -0.350478847E+00
    -0.353078520E+00
    -0.357180519E+00
    -0.359259142E+00
    -0.365421730E+00
    -0.373610835E+00
    -0.371055130E+00
    -0.373611136E+00
    -0.377635993E+00
    -0.379675565E+00
    -0.385724387E+00
    -0.393765213E+00
    -0.391255452E+00
    -0.393765549E+00
    -0.397710430E+00
    -0.399709351E+00
    -0.405639485E+00
    -0.413524733E+00
    -0.411063285E+00
    -0.413525098E+00
    -0.417386900E+00
    -0.419343453E+00
    -0.425149598E+00
    -0.432871480E+00
    -0.430460865E+00
    -0.432871868E+00
    -0.436647124E+00
    -0.438559427E+00
    -0.444235772E+00
    -0.451785847E+00
    -0.449428786E+00
    -0.451786251E+00
    -0.455470989E+00
    -0.457336924E+00
    -0.462876941E+00
    -0.470245859E+00
    -0.467945351E+00
    -0.470246271E+00
    -0.473835822E+00
    -0.475652933E+00
    -0.481049096E+00
    -0.488226228E+00
    -0.485985666E+00
    -0.488226643E+00
    -0.491715377E+00
    -0.493480741E+00
    -0.498724142E+00
    -0.505697090E+00
    -0.503520409E+00
    -0.505697502E+00
    -0.509078476E+00
    -0.510788521E+00
    -0.515868345E+00
    -0.522622260E+00
    -0.520514151E+00
    -0.522622662E+00
    -0.525887104E+00
    -0.527537346E+00
    -0.532440108E+00
    -0.538956697E+00
    -0.536922911E+00
    -0.538957083E+00
    -0.542093576E+00
    -0.543678207E+00
    -0.548386550E+00
    -0.554642511E+00
    -0.552690347E+00
    -0.554642873E+00
    -0.557635946E+00
    -0.559147126E+00
    -0.563637732E+00
    -0.569602025E+00
    -0.567741173E+00
    -0.569602358E+00
    -0.572429734E+00
    -0.573856201E+00
    -0.578095716E+00
    -0.583724228E+00
    -0.581968423E+00
    -0.583724525E+00
    -0.586350832E+00
    -0.587674729E+00
    -0.591610408E+00
    -0.596833671E+00
    -0.595204511E+00
    -0.596833921E+00
    -0.599192025E+00
    -0.600379485E+00
    -0.603911382E+00
    -0.608597916E+00
    -0.607136257E+00
    -0.608598106E+00
    -0.610847044E+00
    -0.611978919E+00
    -0.615345350E+00
    -0.619810188E+00
    -0.618417938E+00
    -0.619810360E+00
    -0.622298265E+00
    -0.623550952E+00
    -0.627271102E+00
    -0.632197424E+00
    -0.630662257E+00
    -0.632197671E+00
    -0.634865209E+00
    -0.636208516E+00
    -0.640191507E+00
    -0.645455889E+00
    -0.643816662E+00
    -0.645456213E+00
    -0.648268465E+00
    -0.649684454E+00
    -0.653875273E+00
    -0.659400791E+00
    -0.657681997E+00
    -0.659401197E+00
    -0.662335177E+00
    -0.663811820E+00
    -0.668172160E+00
    -0.673902265E+00
    -0.672122273E+00
    -0.673902768E+00
    -0.676945389E+00
    -0.678475461E+00
    -0.682979707E+00
    -0.688871401E+00
    -0.687044774E+00
    -0.688872023E+00
    -0.692025393E+00
    -0.693608931E+00
    -0.698249637E+00
    -0.704276937E+00
    -0.702413849E+00
    -0.704277727E+00
    -0.707588600E+00
    -0.709247078E+00
    -0.714070582E+00
    -0.720258276E+00
    -0.718355728E+00
    -0.720259366E+00
    -0.723208140E+00
    -0.724678506E+00
    -0.728926962E+00
    -0.734308458E+00
    -0.732662746E+00
    -0.734309448E+00
    -0.736655863E+00
    -0.737819279E+00
    -0.741161104E+00
    -0.745341204E+00
    -0.744069777E+00
    -0.745341902E+00
    -0.747179188E+00
    -0.748083671E+00
    -0.750657095E+00
    -0.753814335E+00
    -0.752862188E+00
    -0.753814851E+00
    -0.755194784E+00
    -0.755867015E+00
    -0.757748786E+00
    -0.759982263E+00
    -0.759318866E+00
    -0.759982656E+00
    -0.760935614E+00
    -0.761391236E+00
    -0.762625945E+00
    -0.763992546E+00
    -0.763600462E+00
    -0.763992850E+00
    -0.764533067E+00
    -0.764779560E+00
    -0.765388471E+00
    -0.765915687E+00
    -0.765786442E+00
    -0.765915924E+00
    -0.766049799E+00
    -0.766090681E+00
    -0.766083747E+00
    -0.765784832E+00
    -0.765914292E+00
    -0.765785017E+00
    -0.765514592E+00
    -0.765351160E+00
    -0.764731861E+00
    -0.763611638E+00
    -0.763998276E+00
    -0.763611783E+00
    -0.762935634E+00
    -0.762567407E+00
    -0.761333998E+00
    -0.759390372E+00
    -0.760034816E+00
    -0.759390485E+00
    -0.758303744E+00
    -0.757728477E+00
    -0.755873929E+00
    -0.753097664E+00
    -0.754002782E+00
    -0.753097751E+00
    -0.751591221E+00
    -0.750804447E+00
    -0.748314984E+00
    -0.744687566E+00
    -0.745859161E+00
    -0.744687634E+00
    -0.742745480E+00
    -0.741739319E+00
    -0.738590709E+00
    -0.734079072E+00
    -0.735527566E+00
    -0.734079126E+00
    -0.731673586E+00
    -0.730434024E+00
    -0.726583127E+00
    -0.721127723E+00
    -0.722871966E+00
    -0.721127766E+00
    -0.718206034E+00
    -0.716706161E+00
    -0.712069949E+00
    -0.705555121E+00
    -0.707631850E+00
    -0.705555158E+00
    -0.701998834E+00
    -0.700177882E+00
    -0.694568293E+00
    -0.686729939E+00
    -0.689223289E+00
    -0.686729973E+00
    -0.682470746E+00
    -0.680295073E+00
    -0.673612664E+00
    -0.664322770E+00
    -0.667272135E+00
    -0.664322802E+00
    -0.659670048E+00
    -0.657302069E+00
    -0.650059226E+00
    -0.640063116E+00
    -0.643228032E+00
    -0.640063139E+00
    -0.635371292E+00
    -0.632992668E+00
    -0.625747915E+00
    -0.615823471E+00
    -0.618956902E+00
    -0.636256326E+00
    -0.634331275E+00
    -0.628483897E+00
    -0.620511041E+00
    -0.623023966E+00
    -0.620511047E+00
    -0.616328447E+00
    -0.614215567E+00
    -0.607804776E+00
    -0.599081918E+00
    -0.601829006E+00
    -0.616915794E+00
    -0.615102166E+00
    -0.609607696E+00
    -0.602151272E+00
    -0.604497229E+00
    -0.602151275E+00
    -0.598318005E+00
    -0.596386024E+00
    -0.590538392E+00
    -0.582616501E+00
    -0.585107221E+00
    -0.598858100E+00
    -0.597200148E+00
    -0.592187958E+00
    -0.585412005E+00
    -0.587540771E+00
    -0.585412007E+00
    -0.581943258E+00
    -0.580198039E+00
    -0.574925487E+00
    -0.567806479E+00
    -0.570041931E+00
    -0.582583933E+00
    -0.581162659E+00
    -0.576874162E+00
    -0.571096454E+00
    -0.572909234E+00
    -0.571096455E+00
    -0.568116167E+00
    -0.566618949E+00
    -0.562102941E+00
    -0.556023047E+00
    -0.557930106E+00
    -0.556023046E+00
    -0.552784499E+00
    -0.551157933E+00
    -0.546252809E+00
    -0.539652072E+00
    -0.541722120E+00
    -0.539652071E+00
    -0.536113821E+00
    -0.534337208E+00
    -0.528980817E+00
    -0.521776455E+00
    -0.524035343E+00
    -0.521776454E+00
    -0.518002739E+00
    -0.516108700E+00
    -0.510400490E+00
    -0.502729055E+00
    -0.505133630E+00
    -0.502729052E+00
    -0.498764909E+00
    -0.496776310E+00
    -0.490785962E+00
    -0.482743062E+00
    -0.485263121E+00
    -0.482743057E+00
    -0.478622991E+00
    -0.476557324E+00
    -0.470338070E+00
    -0.461996533E+00
    -0.464609094E+00
    -0.461996526E+00
    -0.457749354E+00
    -0.455621195E+00
    -0.449217285E+00
    -0.440637387E+00
    -0.443323462E+00
    -0.440637378E+00
    -0.436288683E+00
    -0.434110936E+00
    -0.427561443E+00
    -0.418796138E+00
    -0.421539077E+00
    -0.418796127E+00
    -0.414369613E+00
    -0.412154198E+00
    -0.405495122E+00
    -0.396592943E+00
    -0.399377517E+00
    -0.396592930E+00
    -0.392111231E+00
    -0.389869500E+00
    -0.383135031E+00
    -0.374141832E+00
    -0.376953683E+00
    -0.374141817E+00
    -0.369627041E+00
    -0.367370049E+00
    -0.360593403E+00
    -0.351553517E+00
    -0.354378789E+00
    -0.351553500E+00
    -0.347027641E+00
    -0.344766359E+00
    -0.337980427E+00
    -0.328937543E+00
    -0.331762606E+00
    -0.328937525E+00
    -0.324422861E+00
    -0.322168373E+00
    -0.315406314E+00
    -0.306404288E+00
    -0.309215484E+00
    -0.306404269E+00
    -0.301886557E+00
    -0.299631729E+00
    -0.292872061E+00
    -0.283882125E+00
    -0.286688457E+00
    -0.283882105E+00
    -0.279381711E+00
    -0.277136671E+00
    -0.270409689E+00
    -0.261471885E+00
    -0.264260884E+00
    -0.261471864E+00
    -0.257010963E+00
    -0.254786718E+00
    -0.248125272E+00
    -0.239282855E+00
    -0.242041075E+00
    -0.239282834E+00
    -0.234885250E+00
    -0.232693598E+00
    -0.226132839E+00
    -0.217431906E+00
    -0.220145038E+00
    -0.217431886E+00
    -0.213124293E+00
    -0.210978421E+00
    -0.204557563E+00
    -0.196049362E+00
    -0.198701521E+00
    -0.196049342E+00
    -0.191863435E+00
    -0.189778993E+00
    -0.183544500E+00
    -0.175289581E+00
    -0.177862019E+00
    -0.175289564E+00
    -0.171266401E+00
    -0.169263644E+00
    -0.163275603E+00
    -0.155352147E+00
    -0.157820671E+00
    -0.155352131E+00
    -0.151552198E+00
    -0.149660970E+00
    -0.144007900E+00
    -0.136531081E+00
    -0.138860053E+00
    -0.136531068E+00
    -0.133064380E+00
    -0.131339029E+00
    -0.126182271E+00
    -0.119362457E+00
    -0.121486723E+00
    -0.119362448E+00
    -0.115914615E+00
    -0.114199305E+00
    -0.109074574E+00
    -0.102302266E+00
    -0.104411102E+00
    -0.102302258E+00
    -0.984272463E-01
    -0.965015676E-01
    -0.907542488E-01
    -0.831753865E-01
    -0.855333578E-01
    -0.831753768E-01
    -0.789412735E-01
    -0.768397267E-01
    -0.705748246E-01
    -0.623330961E-01
    -0.648948548E-01
    -0.623330864E-01
    -0.577490207E-01
    -0.554771151E-01
    -0.487140189E-01
    -0.398425794E-01
    -0.425968747E-01
    -0.398425731E-01
    -0.348619320E-01
    -0.323981918E-01
    -0.250778673E-01
    -0.155119522E-01
    -0.184773222E-01
    -0.155119559E-01
    -0.994166852E-02
    -0.719423872E-02
     0.945372128E-03
     0.115198948E-01
     0.824958947E-02
     0.115198633E-01
     0.184037737E-01
     0.217787874E-01
     0.317175707E-01
     0.444718435E-01
     0.405471080E-01
     0.177045116E-01
     0.207429019E-01
     0.297080353E-01
     0.412606432E-01
     0.376996152E-01
     0.412605375E-01
     0.468998809E-01
     0.496660782E-01
     0.578124332E-01
     0.682736395E-01
     0.650534795E-01
     0.462947125E-01
     0.487692567E-01
     0.560717521E-01
     0.654893794E-01
     0.625853933E-01
     0.654892604E-01
     0.700765494E-01
     0.723286748E-01
     0.789644667E-01
     0.874984348E-01
     0.848698598E-01
     0.874982807E-01
     0.914673691E-01
     0.934151852E-01
     0.991499044E-01
     0.106516295E+00
     0.104248402E+00
     0.106516133E+00
     0.110021469E+00
     0.111740271E+00
     0.116794642E+00
     0.123273666E+00
     0.121280620E+00
     0.123273492E+00
     0.126294505E+00
     0.127775113E+00
     0.132125335E+00
     0.137694071E+00
     0.135981984E+00
     0.137693902E+00
     0.140276987E+00
     0.141542452E+00
     0.145257687E+00
     0.150007710E+00
     0.148548057E+00
     0.150007552E+00
     0.152204537E+00
     0.153280430E+00
     0.156436730E+00
     0.160467248E+00
     0.159229302E+00
     0.160467103E+00
     0.162324300E+00
     0.163233455E+00
     0.165898653E+00
     0.169298002E+00
     0.168254421E+00
     0.169297874E+00
     0.170857550E+00
     0.171620784E+00
     0.173856619E+00
     0.176705001E+00
     0.175830984E+00
     0.176704889E+00
     0.178005817E+00
     0.178642206E+00
     0.180505150E+00
     0.182875716E+00
     0.182148666E+00
     0.182875621E+00
     0.183953143E+00
     0.184480058E+00
     0.186021450E+00
     0.187980533E+00
     0.187379980E+00
     0.187980453E+00
     0.188866408E+00
     0.189299486E+00
     0.190565481E+00
     0.192172591E+00
     0.191680185E+00
     0.192172526E+00
     0.192895209E+00
     0.193248342E+00
     0.194279899E+00
     0.195587777E+00
     0.195187263E+00
     0.195587724E+00
     0.196171936E+00
     0.196457299E+00
     0.197290295E+00
     0.198345103E+00
     0.198022259E+00
     0.198345062E+00
     0.198812225E+00
     0.199040336E+00
     0.199705766E+00
     0.200547400E+00
     0.200289931E+00
     0.200547368E+00
     0.200915616E+00
     0.201095388E+00
     0.201619541E+00
     0.202281897E+00
     0.202079350E+00
     0.200878166E+00
     0.201040059E+00
     0.201513521E+00
     0.202115332E+00
     0.201930853E+00
     0.202115315E+00
     0.202405034E+00
     0.202546513E+00
     0.202959089E+00
     0.203480663E+00
     0.203321142E+00
     0.202366543E+00
     0.202489622E+00
     0.202849957E+00
     0.203308953E+00
     0.203168130E+00
     0.203308942E+00
     0.203532054E+00
     0.203641114E+00
     0.203959478E+00
     0.204362773E+00
     0.204239324E+00
     0.204362762E+00
     0.204547900E+00
     0.204638259E+00
     0.204901487E+00
     0.205233623E+00
     0.205132125E+00
     0.205233613E+00
     0.205404619E+00
     0.205487632E+00
     0.205727787E+00
     0.206026742E+00
     0.205935905E+00
     0.206026730E+00
     0.206173847E+00
     0.206244790E+00
     0.206448229E+00
     0.206697092E+00
     0.206622046E+00
     0.206697079E+00
     0.206815275E+00
     0.206871734E+00
     0.207031574E+00
     0.207222023E+00
     0.207165264E+00
     0.207222008E+00
     0.207308996E+00
     0.207349896E+00
     0.207463169E+00
     0.207591847E+00
     0.207554352E+00
     0.207591833E+00
     0.207647116E+00
     0.207672260E+00
     0.207738547E+00
     0.207805315E+00
     0.207787078E+00
     0.207805301E+00
     0.207829592E+00
     0.207839367E+00
     0.207859955E+00
     0.207866808E+00
     0.207867169E+00
     0.207866794E+00
     0.207861611E+00
     0.207856795E+00
     0.207834099E+00
     0.207784436E+00
     0.207802313E+00
     0.207784423E+00
     0.207751805E+00
     0.207733430E+00
     0.207670588E+00
     0.207568695E+00
     0.207602736E+00
     0.207568683E+00
     0.207510986E+00
     0.207480233E+00
     0.207380811E+00
     0.207231486E+00
     0.207280186E+00
     0.207231474E+00
     0.207151216E+00
     0.207109343E+00
     0.206977118E+00
     0.206785397E+00
     0.206847183E+00
     0.206785386E+00
     0.206685136E+00
     0.206633422E+00
     0.206472223E+00
     0.206243179E+00
     0.206316470E+00
     0.206243170E+00
     0.206125467E+00
     0.206065175E+00
     0.205878768E+00
     0.205617371E+00
     0.205700620E+00
     0.205617362E+00
     0.205484658E+00
     0.205417004E+00
     0.205209015E+00
     0.204920029E+00
     0.205011755E+00
     0.204920021E+00
     0.204774640E+00
     0.204700777E+00
     0.204474631E+00
     0.204162550E+00
     0.204261358E+00
     0.204162542E+00
     0.204006658E+00
     0.203927661E+00
     0.203686554E+00
     0.203355556E+00
     0.203460151E+00
     0.203355549E+00
     0.203191166E+00
     0.203108028E+00
     0.202854903E+00
     0.202508830E+00
     0.202618020E+00
     0.202508823E+00
     0.202337773E+00
     0.202251400E+00
     0.201988941E+00
     0.201631289E+00
     0.201743992E+00
     0.201631282E+00
     0.201455222E+00
     0.201366432E+00
     0.201097063E+00
     0.200730984E+00
     0.200846225E+00
     0.200730978E+00
     0.200551394E+00
     0.200460920E+00
     0.200186810E+00
     0.199815124E+00
     0.199932031E+00
     0.199815118E+00
     0.199633331E+00
     0.199541827E+00
     0.199264904E+00
     0.198890108E+00
     0.199007909E+00
     0.198890102E+00
     0.198707278E+00
     0.198615318E+00
     0.198337279E+00
     0.197961571E+00
     0.198079587E+00
     0.197961565E+00
     0.197778724E+00
     0.197686811E+00
     0.197409139E+00
     0.197034436E+00
     0.197152076E+00
     0.197034430E+00
     0.196852458E+00
     0.196761028E+00
     0.196485008E+00
     0.196112967E+00
     0.196229719E+00
     0.196112961E+00
     0.195932619E+00
     0.195842046E+00
     0.195568782E+00
     0.195200823E+00
     0.195316250E+00
     0.195200817E+00
     0.195022754E+00
     0.194933358E+00
     0.194663786E+00
     0.194301114E+00
     0.194414844E+00
     0.194301108E+00
     0.194125870E+00
     0.194037919E+00
     0.193772828E+00
     0.193416452E+00
     0.193528175E+00
     0.193416445E+00
     0.193244487E+00
     0.193158204E+00
     0.192898247E+00
     0.192549002E+00
     0.192658462E+00
     0.192548995E+00
     0.192380689E+00
     0.192296257E+00
     0.192041968E+00
     0.191700530E+00
     0.191807521E+00
     0.191700524E+00
     0.191536170E+00
     0.191453736E+00
     0.191205541E+00
     0.190872450E+00
     0.190976805E+00
     0.190872443E+00
     0.190712277E+00
     0.190631954E+00
     0.190390185E+00
     0.190065859E+00
     0.190167451E+00
     0.190065852E+00
     0.189910051E+00
     0.189831926E+00
     0.189596833E+00
     0.189281579E+00
     0.189380315E+00
     0.189281571E+00
     0.189130264E+00
     0.189054399E+00
     0.188826157E+00
     0.188520190E+00
     0.188616006E+00
     0.188520183E+00
     0.188373453E+00
     0.188299888E+00
     0.188078612E+00
     0.187782064E+00
     0.187874920E+00
     0.187782056E+00
     0.187639952E+00
     0.187568709E+00
     0.187354455E+00
     0.187067388E+00
     0.187157267E+00
     0.187067380E+00
     0.186929915E+00
     0.186861000E+00
     0.186653780E+00
     0.186376195E+00
     0.186463098E+00
     0.186376186E+00
     0.186243348E+00
     0.186176753E+00
     0.185976537E+00
     0.185708381E+00
     0.185792326E+00
     0.185708372E+00
     0.185580123E+00
     0.185515828E+00
     0.185322553E+00
     0.185063730E+00
     0.185144749E+00
     0.185063721E+00
     0.184940005E+00
     0.184877981E+00
     0.184691554E+00
     0.184441931E+00
     0.184520067E+00
     0.184441922E+00
     0.184322664E+00
     0.184262874E+00
     0.184083179E+00
     0.183842591E+00
     0.183917896E+00
     0.183842582E+00
     0.183727696E+00
     0.183670095E+00
     0.183496995E+00
     0.183265253E+00
     0.183337787E+00
     0.183265244E+00
     0.183154632E+00
     0.183099169E+00
     0.182932512E+00
     0.182709406E+00
     0.182779236E+00
     0.182709396E+00
     0.182602950E+00
     0.182549572E+00
     0.182389192E+00
     0.182174495E+00
     0.182241692E+00
     0.182174485E+00
     0.182072091E+00
     0.182020740E+00
     0.181866461E+00
     0.181659935E+00
     0.181724574E+00
     0.181659925E+00
     0.181561462E+00
     0.181512078E+00
     0.181363717E+00
     0.181165112E+00
     0.181227272E+00
     0.181165102E+00
     0.181070447E+00
     0.181022968E+00
     0.180880336E+00
     0.180689398E+00
     0.180749159E+00
     0.180689388E+00
     0.180598414E+00
     0.180552776E+00
     0.180415682E+00
     0.180232152E+00
     0.180289595E+00
     0.180232141E+00
     0.180144721E+00
     0.180100860E+00
     0.179969110E+00
     0.179792724E+00
     0.179847932E+00
     0.179792713E+00
     0.179708719E+00
     0.179666570E+00
     0.179539969E+00
     0.179370468E+00
     0.179423522E+00
     0.179370456E+00
     0.179289759E+00
     0.179249259E+00
     0.179127613E+00
     0.178964734E+00
     0.179015717E+00
     0.178964723E+00
     0.178887196E+00
     0.178848280E+00
     0.178731398E+00
     0.178574883E+00
     0.178623875E+00
     0.178574871E+00
     0.178500388E+00
     0.178462994E+00
     0.178350685E+00
     0.178200279E+00
     0.178247361E+00
     0.178200267E+00
     0.178128705E+00
     0.178092771E+00
     0.177984848E+00
     0.177840300E+00
     0.177885550E+00
     0.177840288E+00
     0.177771526E+00
     0.177736990E+00
     0.177633270E+00
     0.177494336E+00
     0.177537831E+00
     0.177494324E+00
     0.177428242E+00
     0.177395045E+00
     0.177295350E+00
     0.177161789E+00
     0.177203604E+00
     0.177161777E+00
     0.177098338E+00
     0.177066463E+00
     0.176970739E+00
     0.176842480E+00
     0.176882636E+00
     0.176842467E+00
     0.176781627E+00
     0.176751050E+00
     0.176659227E+00
     0.176536180E+00
     0.176574707E+00
     0.176536167E+00
     0.176477791E+00
     0.176448447E+00
     0.176360325E+00
     0.176242221E+00
     0.176279202E+00
     0.176242208E+00
     0.176186169E+00
     0.176157994E+00
     0.176073383E+00
     0.175959966E+00
     0.175995482E+00
     0.175959953E+00
     0.175906132E+00
     0.175879065E+00
     0.175797783E+00
     0.175688810E+00
     0.175722936E+00
     0.175688798E+00
     0.175637078E+00
     0.175611062E+00
     0.175532937E+00
     0.175428179E+00
     0.175460987E+00
     0.175428166E+00
     0.175378440E+00
     0.175353420E+00
     0.175278287E+00
     0.175177524E+00
     0.175209083E+00
     0.175177511E+00
     0.175129675E+00
     0.175105600E+00
     0.175033304E+00
     0.174936327E+00
     0.174966703E+00
     0.174936314E+00
     0.174890269E+00
     0.174867090E+00
     0.174797483E+00
     0.174704095E+00
     0.174733349E+00
     0.174704082E+00
     0.174659735E+00
     0.174637404E+00
     0.174570346E+00
     0.174480360E+00
     0.174508550E+00
     0.174480347E+00
     0.174437610E+00
     0.174416083E+00
     0.174351440E+00
     0.174264678E+00
     0.174291860E+00
     0.174264664E+00
     0.174223452E+00
     0.174202688E+00
     0.174140334E+00
     0.174056626E+00
     0.174082854E+00
     0.174056613E+00
     0.174016846E+00
     0.173996804E+00
     0.173936619E+00
     0.173855806E+00
     0.173881128E+00
     0.173855792E+00
     0.173817395E+00
     0.173798037E+00
     0.173739908E+00
     0.173661837E+00
     0.173686302E+00
     0.173661824E+00
     0.173624724E+00
     0.173606015E+00
     0.173549833E+00
     0.173474360E+00
     0.173498013E+00
     0.173474347E+00
     0.173438477E+00
     0.173420382E+00
     0.173366045E+00
     0.173293035E+00
     0.173315918E+00
     0.173293021E+00
     0.173258316E+00
     0.173240803E+00
     0.173188215E+00
     0.173117536E+00
     0.173139691E+00
     0.173117523E+00
     0.173083921E+00
     0.173066960E+00
     0.173016028E+00
     0.172947559E+00
     0.172969023E+00
     0.172947546E+00
     0.172914990E+00
     0.172898551E+00
     0.172849188E+00
     0.172782813E+00
     0.172803622E+00
     0.172782799E+00
     0.172751234E+00
     0.172735290E+00
     0.172687413E+00
     0.172623021E+00
     0.172643211E+00
     0.172623007E+00
     0.172592380E+00
     0.172576906E+00
     0.172530437E+00
     0.172467923E+00
     0.172487526E+00
     0.172467910E+00
     0.172438172E+00
     0.172423142E+00
     0.172378007E+00
     0.172317273E+00
     0.172336319E+00
     0.172317259E+00
     0.172288364E+00
     0.172273755E+00
     0.172229883E+00
     0.172170835E+00
     0.172189354E+00
     0.172170821E+00
     0.172142723E+00
     0.172128513E+00
     0.172085839E+00
     0.172028388E+00
     0.172046408E+00
     0.172028374E+00
     0.172001032E+00
     0.171987199E+00
     0.171945659E+00
     0.171889721E+00
     0.171907268E+00
     0.171889707E+00
     0.171863081E+00
     0.171849607E+00
     0.171809141E+00
     0.171754636E+00
     0.171771735E+00
     0.171754622E+00
     0.171728674E+00
     0.171715539E+00
     0.171676090E+00
     0.171622943E+00
     0.171639618E+00
     0.171622929E+00
     0.171597625E+00
     0.171584810E+00
     0.171546326E+00
     0.171494465E+00
     0.171510738E+00
     0.171494451E+00
     0.171469755E+00
     0.171457245E+00
     0.171419675E+00
     0.171369032E+00
     0.171384924E+00
     0.171369018E+00
     0.171344899E+00
     0.171332677E+00
     0.171295972E+00
     0.171246484E+00
     0.171262015E+00
     0.171246471E+00
     0.171222898E+00
     0.171210949E+00
     0.171175064E+00
     0.171126670E+00
     0.171141859E+00
     0.171126657E+00
     0.171103602E+00
     0.171091912E+00
     0.171056804E+00
     0.171009446E+00
     0.171024311E+00
     0.171009433E+00
     0.170986869E+00
     0.170975424E+00
     0.170941052E+00
     0.170894677E+00
     0.170909235E+00
     0.170894663E+00
     0.170872564E+00
     0.170861351E+00
     0.170827677E+00
     0.170782233E+00
     0.170796500E+00
     0.170782219E+00
     0.170760560E+00
     0.170749568E+00
     0.170716555E+00
     0.170671993E+00
     0.170685984E+00
     0.170671979E+00
     0.170650738E+00
     0.170639955E+00
     0.170607568E+00
     0.170563842E+00
     0.170577572E+00
     0.170563828E+00
     0.170542983E+00
     0.170532397E+00
     0.170500605E+00
     0.170457671E+00
     0.170471153E+00
     0.170457657E+00
     0.170437187E+00
     0.170426789E+00
     0.170395560E+00
     0.170353377E+00
     0.170366624E+00
     0.170353363E+00
     0.170333249E+00
     0.170323028E+00
     0.170292333E+00
     0.170250862E+00
     0.170263887E+00
     0.170250848E+00
     0.170231071E+00
     0.170221019E+00
     0.170190829E+00
     0.170150034E+00
     0.170162848E+00
     0.170150020E+00
     0.170130563E+00
     0.170120671E+00
     0.170090961E+00
     0.170050805E+00
     0.170063419E+00
     0.170050791E+00
     0.170031637E+00
     0.170021897E+00
     0.169992642E+00
     0.169953094E+00
     0.169965518E+00
     0.169953080E+00
     0.169934214E+00
     0.169924617E+00
     0.169895794E+00
     0.169856822E+00
     0.169869066E+00
     0.169856808E+00
     0.169838214E+00
     0.169828754E+00
     0.169800340E+00
     0.169761914E+00
     0.169773987E+00
     0.169761900E+00
     0.169743566E+00
     0.169734235E+00
     0.169706209E+00
     0.169668302E+00
     0.169680213E+00
     0.169668288E+00
     0.169650199E+00
     0.169640991E+00
     0.169613334E+00
     0.169575919E+00
     0.169587676E+00
     0.169575905E+00
     0.169558049E+00
     0.169548957E+00
     0.169521651E+00
     0.169484702E+00
     0.169496314E+00
     0.169484688E+00
     0.169467054E+00
     0.169458073E+00
     0.169431099E+00
     0.169394594E+00
     0.169406066E+00
     0.169394579E+00
     0.169377155E+00
     0.169368279E+00
     0.169341620E+00
     0.169305536E+00
     0.169316877E+00
     0.169305522E+00
     0.169288298E+00
     0.169279521E+00
     0.169253162E+00
     0.169217478E+00
     0.169228694E+00
     0.169217464E+00
     0.169200429E+00
     0.169191748E+00
     0.169165673E+00
     0.169130369E+00
     0.169141466E+00
     0.169130355E+00
     0.169113500E+00
     0.169104909E+00
     0.169079105E+00
     0.169044162E+00
     0.169055146E+00
     0.169044148E+00
     0.169027464E+00
     0.169018959E+00
     0.168993412E+00
     0.168958812E+00
     0.168969689E+00
     0.168958798E+00
     0.168942277E+00
     0.168933853E+00
     0.168908551E+00
     0.168874278E+00
     0.168885053E+00
     0.168874264E+00
     0.168857898E+00
     0.168849551E+00
     0.168824482E+00
     0.168790520E+00
     0.168801197E+00
     0.168790506E+00
     0.168774287E+00
     0.168766014E+00
     0.168741166E+00
     0.168707499E+00
     0.168718085E+00
     0.168707485E+00
     0.168691407E+00
     0.168683204E+00
     0.168658567E+00
     0.168625182E+00
     0.168635679E+00
     0.168625168E+00
     0.168609223E+00
     0.168601087E+00
     0.168576650E+00
     0.168543534E+00
     0.168553947E+00
     0.168543519E+00
     0.168527702E+00
     0.168519630E+00
     0.168495384E+00
     0.168462523E+00
     0.168472856E+00
     0.168462509E+00
     0.168446813E+00
     0.168438801E+00
     0.168414738E+00
     0.168382120E+00
     0.168392377E+00
     0.168382106E+00
     0.168366526E+00
     0.168358572E+00
     0.168334683E+00
     0.168302297E+00
     0.168312482E+00
     0.168302283E+00
     0.168286813E+00
     0.168278915E+00
     0.168255191E+00
     0.168223028E+00
     0.168233143E+00
     0.168223014E+00
     0.168207649E+00
     0.168199803E+00
     0.168176238E+00
     0.168144287E+00
     0.168154335E+00
     0.168144273E+00
     0.168129008E+00
     0.168121213E+00
     0.168097799E+00
     0.168066050E+00
     0.168076036E+00
     0.168066036E+00
     0.168050868E+00
     0.168043121E+00
     0.168019852E+00
     0.167988296E+00
     0.167998221E+00
     0.167988282E+00
     0.167973206E+00
     0.167965504E+00
     0.167942374E+00
     0.167911003E+00
     0.167920870E+00
     0.167910989E+00
     0.167896001E+00
     0.167888344E+00
     0.167865346E+00
     0.167834153E+00
     0.167843964E+00
     0.167834139E+00
     0.167819235E+00
     0.167811620E+00
     0.167788749E+00
     0.167757725E+00
     0.167767483E+00
     0.167757711E+00
     0.167742888E+00
     0.167735313E+00
     0.167712564E+00
     0.167681703E+00
     0.167691411E+00
     0.167681689E+00
     0.167666944E+00
     0.167659408E+00
     0.167636775E+00
     0.167606071E+00
     0.167615729E+00
     0.167606057E+00
     0.167591385E+00
     0.167583887E+00
     0.167561366E+00
     0.167530812E+00
     0.167540424E+00
     0.167530798E+00
     0.167516198E+00
     0.167508736E+00
     0.167486323E+00
     0.167455913E+00
     0.167465479E+00
     0.167455898E+00
     0.167441367E+00
     0.167433939E+00
     0.167411630E+00
     0.167381359E+00
     0.167390882E+00
     0.167381345E+00
     0.167366880E+00
     0.167359485E+00
     0.167337275E+00
     0.167307137E+00
     0.167316618E+00
     0.167307123E+00
     0.167292722E+00
     0.167285359E+00
     0.167263246E+00
     0.167233237E+00
     0.167242678E+00
     0.167233223E+00
     0.167218883E+00
     0.167211551E+00
     0.167189530E+00
     0.167159646E+00
     0.167169048E+00
     0.167159632E+00
     0.167145351E+00
     0.167138049E+00
     0.167116118E+00
     0.167086354E+00
     0.167095718E+00
     0.167086340E+00
     0.167072117E+00
     0.167064843E+00
     0.167042998E+00
     0.167013350E+00
     0.167022678E+00
     0.167013336E+00
     0.166999169E+00
     0.166991923E+00
     0.166970162E+00
     0.166940627E+00
     0.166949919E+00
     0.166940612E+00
     0.166926499E+00
     0.166919280E+00
     0.166897600E+00
     0.166868174E+00
     0.166877432E+00
     0.166868160E+00
     0.166854098E+00
     0.166846905E+00
     0.166825304E+00
     0.166795984E+00
     0.166805209E+00
     0.166795970E+00
     0.166781958E+00
     0.166774791E+00
     0.166753267E+00
     0.166724049E+00
     0.166733242E+00
     0.166724035E+00
     0.166710073E+00
     0.166702931E+00
     0.166681480E+00
     0.166652363E+00
     0.166661524E+00
     0.166652349E+00
     0.166638434E+00
     0.166631316E+00
     0.166609938E+00
     0.166580918E+00
     0.166590049E+00
     0.166580904E+00
     0.166567036E+00
     0.166559941E+00
     0.166538634E+00
     0.166509709E+00
     0.166518810E+00
     0.166509695E+00
     0.166495873E+00
     0.166488801E+00
     0.166467563E+00
     0.166438730E+00
     0.166447802E+00
     0.166438716E+00
     0.166424938E+00
     0.166417888E+00
     0.166396718E+00
     0.166367976E+00
     0.166377019E+00
     0.166367962E+00
     0.166354227E+00
     0.166347200E+00
     0.166326095E+00
     0.166297441E+00
     0.166306457E+00
     0.166297427E+00
     0.166283736E+00
     0.166276729E+00
     0.166255689E+00
     0.166227123E+00
     0.166236111E+00
     0.166227109E+00
     0.166213459E+00
     0.166206473E+00
     0.166185497E+00
     0.166157016E+00
     0.166165977E+00
     0.166157002E+00
     0.166143393E+00
     0.166136428E+00
     0.166115513E+00
     0.166087116E+00
     0.166096052E+00
     0.166087102E+00
     0.166073534E+00
     0.166066589E+00
     0.166045736E+00
     0.166017421E+00
     0.166026331E+00
     0.166017407E+00
     0.166003878E+00
     0.165996954E+00
     0.165976161E+00
     0.165947928E+00
     0.165956812E+00
     0.165947914E+00
     0.165934424E+00
     0.165927519E+00
     0.165906785E+00
     0.165878633E+00
     0.165887491E+00
     0.165878619E+00
     0.165865167E+00
     0.165858282E+00
     0.165837607E+00
     0.165809534E+00
     0.165818367E+00
     0.165809520E+00
     0.165796106E+00
     0.165789240E+00
     0.165768623E+00
     0.165740628E+00
     0.165749438E+00
     0.165740614E+00
     0.165727239E+00
     0.165720392E+00
     0.165699832E+00
     0.165671915E+00
     0.165680700E+00
     0.165671901E+00
     0.165658563E+00
     0.165651735E+00
     0.165631232E+00
     0.165603392E+00
     0.165612152E+00
     0.165603378E+00
     0.165590077E+00
     0.165583267E+00
     0.165562821E+00
     0.165535057E+00
     0.165543794E+00
     0.165535043E+00
     0.165521779E+00
     0.165514988E+00
     0.165494598E+00
     0.165466910E+00
     0.165475623E+00
     0.165466896E+00
     0.165453668E+00
     0.165446896E+00
     0.165426562E+00
     0.165398949E+00
     0.165407638E+00
     0.165398936E+00
     0.165385744E+00
     0.165378990E+00
     0.165358712E+00
     0.165331174E+00
     0.165339840E+00
     0.165331160E+00
     0.165318005E+00
     0.165311270E+00
     0.165291046E+00
     0.165263584E+00
     0.165272226E+00
     0.165263570E+00
     0.165250451E+00
     0.165243734E+00
     0.165223566E+00
     0.165196178E+00
     0.165204797E+00
     0.165196165E+00
     0.165183081E+00
     0.165176383E+00
     0.165156270E+00
     0.165128957E+00
     0.165137552E+00
     0.165128943E+00
     0.165115896E+00
     0.165109216E+00
     0.165089158E+00
     0.165061920E+00
     0.165070491E+00
     0.165061906E+00
     0.165048895E+00
     0.165042233E+00
     0.165022230E+00
     0.164995067E+00
     0.165003614E+00
     0.164995053E+00
     0.164982078E+00
     0.164975434E+00
     0.164955487E+00
     0.164928398E+00
     0.164936922E+00
     0.164928384E+00
     0.164915445E+00
     0.164908820E+00
     0.164888928E+00
     0.164861915E+00
     0.164870415E+00
     0.164861901E+00
     0.164848998E+00
     0.164842391E+00
     0.164822555E+00
     0.164795617E+00
     0.164804094E+00
     0.164795603E+00
     0.164782737E+00
     0.164776148E+00
     0.164756367E+00
     0.164729505E+00
     0.164737958E+00
     0.164729491E+00
     0.164716662E+00
     0.164710092E+00
     0.164690367E+00
     0.164663581E+00
     0.164672010E+00
     0.164663567E+00
     0.164650774E+00
     0.164644223E+00
     0.164624554E+00
     0.164597844E+00
     0.164606249E+00
     0.164597831E+00
     0.164585075E+00
     0.164578542E+00
     0.164558930E+00
     0.164532297E+00
     0.164540678E+00
     0.164532284E+00
     0.164519565E+00
     0.164513051E+00
     0.164493497E+00
     0.164466941E+00
     0.164475298E+00
     0.164466928E+00
     0.164454246E+00
     0.164447752E+00
     0.164428254E+00
     0.164401777E+00
     0.164410109E+00
     0.164401763E+00
     0.164389120E+00
     0.164382644E+00
     0.164363205E+00
     0.164336806E+00
     0.164345113E+00
     0.164336793E+00
     0.164324187E+00
     0.164317731E+00
     0.164298350E+00
     0.164272031E+00
     0.164280313E+00
     0.164272017E+00
     0.164259450E+00
     0.164253014E+00
     0.164233691E+00
     0.164207452E+00
     0.164215709E+00
     0.164207439E+00
     0.164194910E+00
     0.164188494E+00
     0.164169231E+00
     0.164143073E+00
     0.164151304E+00
     0.164143059E+00
     0.164130570E+00
     0.164124173E+00
     0.164104971E+00
     0.164078894E+00
     0.164087100E+00
     0.164078881E+00
     0.164066431E+00
     0.164060055E+00
     0.164040913E+00
     0.164014919E+00
     0.164023099E+00
     0.164014906E+00
     0.164002496E+00
     0.163996140E+00
     0.163977059E+00
     0.163951149E+00
     0.163959302E+00
     0.163951136E+00
     0.163938766E+00
     0.163932431E+00
     0.163913413E+00
     0.163887587E+00
     0.163895714E+00
     0.163887574E+00
     0.163875245E+00
     0.163868930E+00
     0.163849975E+00
     0.163824235E+00
     0.163832335E+00
     0.163824222E+00
     0.163811935E+00
     0.163805641E+00
     0.163786749E+00
     0.163761096E+00
     0.163769168E+00
     0.163761083E+00
     0.163748838E+00
     0.163742566E+00
     0.163723738E+00
     0.163698173E+00
     0.163706217E+00
     0.163698160E+00
     0.163685957E+00
     0.163679706E+00
     0.163660945E+00
     0.163635468E+00
     0.163643485E+00
     0.163635455E+00
     0.163623295E+00
     0.163617067E+00
     0.163598371E+00
     0.163572984E+00
     0.163580973E+00
     0.163572971E+00
     0.163560855E+00
     0.163554649E+00
     0.163536021E+00
     0.163510725E+00
     0.163518685E+00
     0.163510712E+00
     0.163498641E+00
     0.163492457E+00
     0.163473896E+00
     0.163448694E+00
     0.163456624E+00
     0.163448681E+00
     0.163436654E+00
     0.163430493E+00
     0.163412002E+00
     0.163386894E+00
     0.163394794E+00
     0.163386881E+00
     0.163374900E+00
     0.163368762E+00
     0.163350341E+00
     0.163325328E+00
     0.163333198E+00
     0.163325315E+00
     0.163313380E+00
     0.163307266E+00
     0.163288916E+00
     0.163264000E+00
     0.163271840E+00
     0.163263987E+00
     0.163252099E+00
     0.163246009E+00
     0.163227731E+00
     0.163202913E+00
     0.163210722E+00
     0.163202900E+00
     0.163191060E+00
     0.163184994E+00
     0.163166790E+00
     0.163142072E+00
     0.163149850E+00
     0.163142059E+00
     0.163130267E+00
     0.163124226E+00
     0.163106096E+00
     0.163081480E+00
     0.163089226E+00
     0.163081467E+00
     0.163069725E+00
     0.163063709E+00
     0.163045654E+00
     0.163021141E+00
     0.163028854E+00
     0.163021129E+00
     0.163009436E+00
     0.163003445E+00
     0.162985468E+00
     0.162961060E+00
     0.162968740E+00
     0.162961047E+00
     0.162949406E+00
     0.162943441E+00
     0.162925542E+00
     0.162901241E+00
     0.162908887E+00
     0.162901228E+00
     0.162889638E+00
     0.162883700E+00
     0.162865880E+00
     0.162841687E+00
     0.162849300E+00
     0.162841675E+00
     0.162830137E+00
     0.162824226E+00
     0.162806487E+00
     0.162782405E+00
     0.162789982E+00
     0.162782392E+00
     0.162770908E+00
     0.162765024E+00
     0.162747368E+00
     0.162723398E+00
     0.162730940E+00
     0.162723385E+00
     0.162711956E+00
     0.162706099E+00
     0.162688527E+00
     0.162664671E+00
     0.162672177E+00
     0.162664658E+00
     0.162653284E+00
     0.162647456E+00
     0.162629969E+00
     0.162606229E+00
     0.162613699E+00
     0.162606217E+00
     0.162594899E+00
     0.162589100E+00
     0.162571700E+00
     0.162548079E+00
     0.162555511E+00
     0.162548066E+00
     0.162536806E+00
     0.162531036E+00
     0.162513724E+00
     0.162490224E+00
     0.162497618E+00
     0.162490211E+00
     0.162479010E+00
     0.162473269E+00
     0.162456048E+00
     0.162432670E+00
     0.162440025E+00
     0.162432658E+00
     0.162421516E+00
     0.162415806E+00
     0.162398676E+00
     0.162375423E+00
     0.162382739E+00
     0.162375411E+00
     0.162364330E+00
     0.162358651E+00
     0.162341615E+00
     0.162318490E+00
     0.162325765E+00
     0.162318477E+00
     0.162307458E+00
     0.162301811E+00
     0.162284870E+00
     0.162261875E+00
     0.162269110E+00
     0.162261863E+00
     0.162250907E+00
     0.162245292E+00
     0.162228449E+00
     0.162205586E+00
     0.162212779E+00
     0.162205574E+00
     0.162194682E+00
     0.162189100E+00
     0.162172356E+00
     0.162149629E+00
     0.162156779E+00
     0.162149616E+00
     0.162138791E+00
     0.162133242E+00
     0.162116599E+00
     0.162094010E+00
     0.162101117E+00
     0.162093998E+00
     0.162083239E+00
     0.162077724E+00
     0.162061185E+00
     0.162038736E+00
     0.162045799E+00
     0.162038724E+00
     0.162028034E+00
     0.162022555E+00
     0.162006121E+00
     0.161983816E+00
     0.161990833E+00
     0.161983804E+00
     0.161973183E+00
     0.161967740E+00
     0.161951413E+00
     0.161929255E+00
     0.161936226E+00
     0.161929243E+00
     0.161918694E+00
     0.161913287E+00
     0.161897071E+00
     0.161875063E+00
     0.161881986E+00
     0.161875051E+00
     0.161864575E+00
     0.161859205E+00
     0.161843101E+00
     0.161821246E+00
     0.161828121E+00
     0.161821234E+00
     0.161810832E+00
     0.161805500E+00
     0.161789511E+00
     0.161767813E+00
     0.161774639E+00
     0.161767802E+00
     0.161757476E+00
     0.161752183E+00
     0.161736311E+00
     0.161714773E+00
     0.161721549E+00
     0.161714762E+00
     0.161704515E+00
     0.161699261E+00
     0.161683510E+00
     0.161662135E+00
     0.161668859E+00
     0.161662124E+00
     0.161651956E+00
     0.161646744E+00
     0.161631115E+00
     0.161609909E+00
     0.161616580E+00
     0.161609897E+00
     0.161599811E+00
     0.161594640E+00
     0.161579138E+00
     0.161558103E+00
     0.161564720E+00
     0.161558091E+00
     0.161548089E+00
     0.161542961E+00
     0.161527587E+00
     0.161506728E+00
     0.161513289E+00
     0.161506716E+00
     0.161496800E+00
     0.161491715E+00
     0.161476473E+00
     0.161455794E+00
     0.161462299E+00
     0.161455783E+00
     0.161445954E+00
     0.161440914E+00
     0.161425808E+00
     0.161405313E+00
     0.161411760E+00
     0.161405302E+00
     0.161395563E+00
     0.161390569E+00
     0.161375601E+00
     0.161355296E+00
     0.161361683E+00
     0.161355285E+00
     0.161345638E+00
     0.161340692E+00
     0.161325866E+00
     0.161305755E+00
     0.161312081E+00
     0.161305744E+00
     0.161296192E+00
     0.161291294E+00
     0.161276614E+00
     0.161256702E+00
     0.161262965E+00
     0.161256691E+00
     0.161247237E+00
     0.161242388E+00
     0.161227859E+00
     0.161208151E+00
     0.161214350E+00
     0.161208140E+00
     0.161198786E+00
     0.161193988E+00
     0.161179613E+00
     0.161160115E+00
     0.161166248E+00
     0.161160105E+00
     0.161150853E+00
     0.161146108E+00
     0.161131891E+00
     0.161112610E+00
     0.161118674E+00
     0.161112599E+00
     0.161103453E+00
     0.161098762E+00
     0.161084708E+00
     0.161065649E+00
     0.161071643E+00
     0.161065638E+00
     0.161056601E+00
     0.161051965E+00
     0.161038079E+00
     0.161019248E+00
     0.161025170E+00
     0.161019238E+00
     0.161010313E+00
     0.161005734E+00
     0.160992021E+00
     0.160973426E+00
     0.160979273E+00
     0.160973415E+00
     0.160964606E+00
     0.160960086E+00
     0.160946550E+00
     0.160928198E+00
     0.160933969E+00
     0.160928188E+00
     0.160919497E+00
     0.160915038E+00
     0.160901686E+00
     0.160883584E+00
     0.160889276E+00
     0.160883574E+00
     0.160875006E+00
     0.160870610E+00
     0.160857446E+00
     0.160839603E+00
     0.160845214E+00
     0.160839593E+00
     0.160831151E+00
     0.160826820E+00
     0.160813852E+00
     0.160796275E+00
     0.160801802E+00
     0.160796265E+00
     0.160787954E+00
     0.160783690E+00
     0.160770924E+00
     0.160753622E+00
     0.160759062E+00
     0.160753612E+00
     0.160745436E+00
     0.160741241E+00
     0.160728683E+00
     0.160711666E+00
     0.160717016E+00
     0.160711656E+00
     0.160703621E+00
     0.160699497E+00
     0.160687155E+00
     0.160670431E+00
     0.160675689E+00
     0.160670422E+00
     0.160662531E+00
     0.160658481E+00
     0.160646362E+00
     0.160629943E+00
     0.160635105E+00
     0.160629934E+00
     0.160622193E+00
     0.160618219E+00
     0.160606331E+00
     0.160590227E+00
     0.160595290E+00
     0.160590218E+00
     0.160582632E+00
     0.160578738E+00
     0.160567089E+00
     0.160551311E+00
     0.160556271E+00
     0.160551302E+00
     0.160543877E+00
     0.160540065E+00
     0.160528664E+00
     0.160513224E+00
     0.160518077E+00
     0.160513215E+00
     0.160505956E+00
     0.160502229E+00
     0.160491085E+00
     0.160475995E+00
     0.160480738E+00
     0.160475986E+00
     0.160468900E+00
     0.160465261E+00
     0.160454383E+00
     0.160439657E+00
     0.160444285E+00
     0.160439648E+00
     0.160432740E+00
     0.160429193E+00
     0.160418590E+00
     0.160404240E+00
     0.160408749E+00
     0.160404231E+00
     0.160397508E+00
     0.160394056E+00
     0.160383739E+00
     0.160369778E+00
     0.160374165E+00
     0.160369769E+00
     0.160363239E+00
     0.160359884E+00
     0.160349863E+00
     0.160336305E+00
     0.160340565E+00
     0.160336297E+00
     0.160329964E+00
     0.160326712E+00
     0.160316997E+00
     0.160303856E+00
     0.160307984E+00
     0.160303848E+00
     0.160297721E+00
     0.160294573E+00
     0.160285174E+00
     0.160272465E+00
     0.160276457E+00
     0.160272457E+00
     0.160266542E+00
     0.160263503E+00
     0.160254430E+00
     0.160242166E+00
     0.160246018E+00
     0.160242158E+00
     0.160236461E+00
     0.160233534E+00
     0.160224799E+00
     0.160212993E+00
     0.160216701E+00
     0.160212986E+00
     0.160207514E+00
     0.160204702E+00
     0.160196313E+00
     0.160184979E+00
     0.160188538E+00
     0.160184972E+00
     0.160179731E+00
     0.160177037E+00
     0.160169004E+00
     0.160158154E+00
     0.160161560E+00
     0.160158147E+00
     0.160153142E+00
     0.160150570E+00
     0.160142900E+00
     0.160132546E+00
     0.160135797E+00
     0.160132539E+00
     0.160127776E+00
     0.160125327E+00
     0.160118029E+00
     0.160108181E+00
     0.160111272E+00
     0.160108174E+00
     0.160103656E+00
     0.160101333E+00
     0.160094414E+00
     0.160085079E+00
     0.160088008E+00
     0.160085072E+00
     0.160080803E+00
     0.160078608E+00
     0.160072071E+00
     0.160063258E+00
     0.160066023E+00
     0.160063251E+00
     0.160059233E+00
     0.160057167E+00
     0.160051017E+00
     0.160042728E+00
     0.160045328E+00
     0.160042722E+00
     0.160038957E+00
     0.160037020E+00
     0.160031258E+00
     0.160023496E+00
     0.160025930E+00
     0.160023490E+00
     0.160019978E+00
     0.160018171E+00
     0.160012797E+00
     0.160005563E+00
     0.160007831E+00
     0.160020331E+00
     0.160018709E+00
     0.160013885E+00
     0.160007396E+00
     0.160009430E+00
     0.160007392E+00
     0.160004120E+00
     0.160002437E+00
     0.159997433E+00
     0.159990700E+00
     0.159992811E+00
     0.159990695E+00
     0.159987657E+00
     0.159986093E+00
     0.159981449E+00
     0.159975202E+00
     0.159977160E+00
     0.159987986E+00
     0.159986596E+00
     0.159982464E+00
     0.159976911E+00
     0.159978651E+00
     0.159976907E+00
     0.159974103E+00
     0.159972659E+00
     0.159968373E+00
     0.159962612E+00
     0.159964417E+00
     0.159974401E+00
     0.159973114E+00
     0.159969292E+00
     0.159964158E+00
     0.159965766E+00
     0.159964154E+00
     0.159961565E+00
     0.159960230E+00
     0.159956273E+00
     0.159950957E+00
     0.159952622E+00
     0.159961851E+00
     0.159960668E+00
     0.159957155E+00
     0.159952439E+00
     0.159953916E+00
     0.159952435E+00
     0.159950055E+00
     0.159948827E+00
     0.159945190E+00
     0.159940306E+00
     0.159941835E+00
     0.159950427E+00
     0.159949396E+00
     0.159946337E+00
     0.159942232E+00
     0.159943517E+00
     0.159942229E+00
     0.159940120E+00
     0.159939033E+00
     0.159935813E+00
     0.159931493E+00
     0.159932845E+00
     0.159940479E+00
     0.159939581E+00
     0.159936917E+00
     0.159933346E+00
     0.159934464E+00
     0.159933344E+00
     0.159931501E+00
     0.159930552E+00
     0.159927742E+00
     0.159923976E+00
     0.159925154E+00
     0.159931806E+00
     0.159931018E+00
     0.159928680E+00
     0.159925547E+00
     0.159926527E+00
     0.159925545E+00
     0.159923933E+00
     0.159923103E+00
     0.159920647E+00
     0.159917357E+00
     0.159918386E+00
     0.159924194E+00
     0.159923502E+00
     0.159921449E+00
     0.159918700E+00
     0.159919560E+00
     0.159918698E+00
     0.159917286E+00
     0.159916560E+00
     0.159914411E+00
     0.159911533E+00
     0.159912433E+00
     0.159917510E+00
     0.159916903E+00
     0.159915099E+00
     0.159912686E+00
     0.159913441E+00
     0.159912685E+00
     0.159911447E+00
     0.159910811E+00
     0.159908929E+00
     0.159906411E+00
     0.159907198E+00
     0.159911641E+00
     0.159911107E+00
     0.159909523E+00
     0.159907404E+00
     0.159908067E+00
     0.159907403E+00
     0.159906318E+00
     0.159905761E+00
     0.159904112E+00
     0.159901907E+00
     0.159902596E+00
     0.159906485E+00
     0.159906016E+00
     0.159904625E+00
     0.159902765E+00
     0.159903346E+00
     0.159902764E+00
     0.159901812E+00
     0.159901324E+00
     0.159899879E+00
     0.159897948E+00
     0.159898552E+00
     0.159901957E+00
     0.159901546E+00
     0.159900323E+00
     0.159898691E+00
     0.159899201E+00
     0.159898690E+00
     0.159897855E+00
     0.159897428E+00
     0.159896161E+00
     0.159894470E+00
     0.159894999E+00
     0.159897981E+00
     0.159897620E+00
     0.159896547E+00
     0.159895113E+00
     0.159895561E+00
     0.159895113E+00
     0.159894381E+00
     0.159894006E+00
     0.159892897E+00
     0.159891415E+00
     0.159891878E+00
     0.159894491E+00
     0.159894173E+00
     0.159893231E+00
     0.159891973E+00
     0.159892366E+00
     0.159891973E+00
     0.159891331E+00
     0.159891003E+00
     0.159890031E+00
     0.159888733E+00
     0.159889138E+00
     0.159891427E+00
     0.159891148E+00
     0.159890321E+00
     0.159889218E+00
     0.159889563E+00
     0.159889218E+00
     0.159888655E+00
     0.159888368E+00
     0.159887516E+00
     0.159886380E+00
     0.159886735E+00
     0.159888738E+00
     0.159888494E+00
     0.159887769E+00
     0.159886802E+00
     0.159887104E+00
     0.159886801E+00
     0.159886308E+00
     0.159886056E+00
     0.159885310E+00
     0.159884316E+00
     0.159884626E+00
     0.159886381E+00
     0.159886166E+00
     0.159885530E+00
     0.159884683E+00
     0.159884947E+00
     0.159884682E+00
     0.159884251E+00
     0.159884030E+00
     0.159883377E+00
     0.159882507E+00
     0.159882778E+00
     0.159884314E+00
     0.159884126E+00
     0.159883569E+00
     0.159882826E+00
     0.159883058E+00
     0.159882825E+00
     0.159882448E+00
     0.159882254E+00
     0.159881683E+00
     0.159880922E+00
     0.159881159E+00
     0.159882502E+00
     0.159882338E+00
     0.159881850E+00
     0.159881199E+00
     0.159881402E+00
     0.159881199E+00
     0.159880868E+00
     0.159880699E+00
     0.159880199E+00
     0.159879534E+00
     0.159879741E+00
     0.159880916E+00
     0.159880772E+00
     0.159880345E+00
     0.159879775E+00
     0.159879953E+00
     0.159879775E+00
     0.159879486E+00
     0.159879338E+00
     0.159878901E+00
     0.159878319E+00
     0.159878501E+00
     0.159879528E+00
     0.159879401E+00
     0.159879028E+00
     0.159878530E+00
     0.159878685E+00
     0.159878529E+00
     0.159878277E+00
     0.159878147E+00
     0.159877765E+00
     0.159877257E+00
     0.159877416E+00
     0.159878313E+00
     0.159878202E+00
     0.159877876E+00
     0.159877440E+00
     0.159877576E+00
     0.159877440E+00
     0.159877219E+00
     0.159877106E+00
     0.159876773E+00
     0.159876329E+00
     0.159876468E+00
     0.159877251E+00
     0.159877154E+00
     0.159876869E+00
     0.159876488E+00
     0.159876607E+00
     0.159876488E+00
     0.159876295E+00
     0.159876197E+00
     0.159875906E+00
     0.159875519E+00
     0.159875639E+00
     0.159876323E+00
     0.159876239E+00
     0.159875989E+00
     0.159875657E+00
     0.159875761E+00
     0.159875657E+00
     0.159875489E+00
     0.159875403E+00
     0.159875149E+00
     0.159874812E+00
     0.159874917E+00
     0.159875513E+00
     0.159875439E+00
     0.159875221E+00
     0.159874932E+00
     0.159875022E+00
     0.159874932E+00
     0.159874785E+00
     0.159874710E+00
     0.159874489E+00
     0.159874195E+00
     0.159874287E+00
     0.159874806E+00
     0.159874742E+00
     0.159874552E+00
     0.159874300E+00
     0.159874378E+00
     0.159874300E+00
     0.159874172E+00
     0.159874106E+00
     0.159873914E+00
     0.159873658E+00
     0.159873738E+00
     0.159874190E+00
     0.159874134E+00
     0.159873969E+00
     0.159873749E+00
     0.159873817E+00
     0.159873749E+00
     0.159873637E+00
     0.159873581E+00
     0.159873413E+00
     0.159873191E+00
     0.159873260E+00
     0.159873653E+00
     0.159873604E+00
     0.159873461E+00
     0.159873269E+00
     0.159873329E+00
     0.159873269E+00
     0.159873173E+00
     0.159873123E+00
     0.159872977E+00
     0.159872784E+00
     0.159872844E+00
     0.159873186E+00
     0.159873144E+00
     0.159873019E+00
     0.159872853E+00
     0.159872904E+00
     0.159872852E+00
     0.159872768E+00
     0.159872726E+00
     0.159872599E+00
     0.159872431E+00
     0.159872484E+00
     0.159872780E+00
     0.159872743E+00
     0.159872635E+00
     0.159872491E+00
     0.159872535E+00
     0.159872490E+00
     0.159872418E+00
     0.159872380E+00
     0.159872271E+00
     0.159872125E+00
     0.159872171E+00
     0.159872428E+00
     0.159872396E+00
     0.159872302E+00
     0.159872176E+00
     0.159872215E+00
     0.159872176E+00
     0.159872113E+00
     0.159872081E+00
     0.159871986E+00
     0.159871860E+00
     0.159871899E+00
     0.159872122E+00
     0.159872094E+00
     0.159872013E+00
     0.159871904E+00
     0.159871938E+00
     0.159871904E+00
     0.159871850E+00
     0.159871822E+00
     0.159871739E+00
     0.159871631E+00
     0.159871665E+00
     0.159871857E+00
     0.159871833E+00
     0.159871763E+00
     0.159871669E+00
     0.159871698E+00
     0.159871669E+00
     0.159871622E+00
     0.159871597E+00
     0.159871526E+00
     0.159871433E+00
     0.159871462E+00
     0.159871628E+00
     0.159871607E+00
     0.159871546E+00
     0.159871465E+00
     0.159871491E+00
     0.159871465E+00
     0.159871425E+00
     0.159871404E+00
     0.159871343E+00
     0.159871262E+00
     0.159871287E+00
     0.159871430E+00
     0.159871412E+00
     0.159871360E+00
     0.159871290E+00
     0.159871312E+00
     0.159871290E+00
     0.159871255E+00
     0.159871237E+00
     0.159871184E+00
     0.159871115E+00
     0.159871136E+00
     0.159871260E+00
     0.159871244E+00
     0.159871199E+00
     0.159871139E+00
     0.159871158E+00
     0.159871139E+00
     0.159871109E+00
     0.159871093E+00
     0.159871048E+00
     0.159870988E+00
     0.159871007E+00
     0.159871113E+00
     0.159871100E+00
     0.159871061E+00
     0.159871009E+00
     0.159871025E+00
     0.159871009E+00
     0.159870983E+00
     0.159870970E+00
     0.159870931E+00
     0.159870880E+00
     0.159870896E+00
     0.159870987E+00
     0.159870976E+00
     0.159870942E+00
     0.159870898E+00
     0.159870912E+00
     0.159870898E+00
     0.159870876E+00
     0.159870864E+00
     0.159870831E+00
     0.159870788E+00
     0.159870801E+00
     0.159870879E+00
     0.159870869E+00
     0.159870841E+00
     0.159870803E+00
     0.159870815E+00
     0.159870803E+00
     0.159870784E+00
     0.159870774E+00
     0.159870746E+00
     0.159870709E+00
     0.159870720E+00
     0.159870786E+00
     0.159870778E+00
     0.159870754E+00
     0.159870722E+00
     0.159870732E+00
     0.159870722E+00
     0.159870706E+00
     0.159870697E+00
     0.159870673E+00
     0.159870642E+00
     0.159870652E+00
     0.159870708E+00
     0.159870701E+00
     0.159870680E+00
     0.159870653E+00
     0.159870661E+00
     0.159870653E+00
     0.159870639E+00
     0.159870632E+00
     0.159870612E+00
     0.159870585E+00
     0.159870593E+00
     0.159870641E+00
     0.159870635E+00
     0.159870617E+00
     0.159870594E+00
     0.159870602E+00
     0.159870594E+00
     0.159870583E+00
     0.159870577E+00
     0.159870560E+00
     0.159870537E+00
     0.159870544E+00
     0.159870584E+00
     0.159870579E+00
     0.159870565E+00
     0.159870545E+00
     0.159870551E+00
     0.159870545E+00
     0.159870535E+00
     0.159870531E+00
     0.159870516E+00
     0.159870497E+00
     0.159870503E+00
     0.159870537E+00
     0.159870533E+00
     0.159870520E+00
     0.159870504E+00
     0.159870509E+00
     0.159870504E+00
     0.159870496E+00
     0.159870492E+00
     0.159870480E+00
     0.159870464E+00
     0.159870469E+00
     0.159870497E+00
     0.159870493E+00
     0.159870483E+00
     0.159870469E+00
     0.159870474E+00
     0.159870469E+00
     0.159870463E+00
     0.159870459E+00
     0.159870449E+00
     0.159870436E+00
     0.159870440E+00
     0.159870464E+00
     0.159870461E+00
     0.159870452E+00
     0.159870441E+00
     0.159870444E+00
     0.159870441E+00
     0.159870435E+00
     0.159870433E+00
     0.159870424E+00
     0.159870414E+00
     0.159870417E+00
     0.159870436E+00
     0.159870434E+00
     0.159870427E+00
     0.159870417E+00
     0.159870420E+00
     0.159870417E+00
     0.159870413E+00
     0.159870411E+00
     0.159870404E+00
     0.159870395E+00
     0.159870398E+00
     0.159870414E+00
     0.159870412E+00
     0.159870406E+00
     0.159870398E+00
     0.159870401E+00
     0.159870398E+00
     0.159870395E+00
     0.159870393E+00
     0.159870387E+00
     0.159870381E+00
     0.159870383E+00
     0.159870395E+00
     0.159870394E+00
     0.159870389E+00
     0.159870383E+00
     0.159870385E+00
     0.159870383E+00
     0.159870380E+00
     0.159870379E+00
     0.159870374E+00
     0.159870369E+00
     0.159870371E+00
     0.159870380E+00
     0.159870379E+00
     0.159870376E+00
     0.159870371E+00
     0.159870372E+00
     0.159870371E+00
     0.159870369E+00
     0.159870367E+00
     0.159870364E+00
     0.159870360E+00
     0.159870361E+00
     0.159870369E+00
     0.159870368E+00
     0.159870365E+00
     0.159870361E+00
     0.159870363E+00
     0.159870361E+00
     0.159870360E+00
     0.159870359E+00
     0.159870356E+00
     0.159870353E+00
     0.159870354E+00
     0.159870360E+00
     0.159870359E+00
     0.159870357E+00
     0.159870354E+00
     0.159870355E+00
     0.159870354E+00
     0.159870353E+00
     0.159870352E+00
     0.159870351E+00
     0.159870349E+00
     0.159870349E+00
     0.159870353E+00
     0.159870353E+00
     0.159870351E+00
     0.159870349E+00
     0.159870350E+00
     0.159870349E+00
     0.159870348E+00
     0.159870348E+00
     0.159870347E+00
     0.159870345E+00
     0.159870346E+00
     0.159870349E+00
     0.159870348E+00
     0.159870347E+00
     0.159870346E+00
     0.159870346E+00
     0.159870346E+00
     0.159870345E+00
     0.159870345E+00
     0.159870344E+00
     0.159870344E+00
     0.159870344E+00
     0.159870345E+00
     0.159870345E+00
     0.159870344E+00
     0.159870344E+00
     0.159870344E+00
     0.159870344E+00
     0.159870344E+00
     0.159870343E+00
     0.159870343E+00
     0.159870343E+00
     0.159870343E+00
     0.159870344E+00
     0.159870343E+00
     0.159870343E+00
     0.159870343E+00
     0.159870343E+00
     0.159870343E+00
     0.159870343E+00
     0.159870343E+00
     0.159870343E+00
     0.159870343E+00
     0.159870343E+00
     0.159870343E+00
     0.159870343E+00
     0.159870343E+00
     0.159870343E+00
     0.159870343E+00
     0.159870343E+00
     0.159870343E+00
     0.159870343E+00
     0.159870344E+00
     0.159870344E+00
     0.159870344E+00
     0.159870343E+00
     0.159870343E+00
     0.159870343E+00
     0.159870344E+00
     0.159870344E+00
     0.159870344E+00
     0.159870344E+00
     0.159870344E+00
     0.159870345E+00
     0.159870346E+00
     0.159870345E+00
     0.159870344E+00
     0.159870344E+00
     0.159870345E+00
     0.159870345E+00
     0.159870345E+00
     0.159870345E+00
     0.159870346E+00
     0.159870346E+00
     0.159870347E+00
     0.159870348E+00
     0.159870348E+00
     0.159870346E+00
     0.159870346E+00
     0.159870347E+00
     0.159870348E+00
     0.159870347E+00
     0.159870348E+00
     0.159870348E+00
     0.159870348E+00
     0.159870349E+00
     0.159870350E+00
     0.159870350E+00
     0.159870348E+00
     0.159870348E+00
     0.159870349E+00
     0.159870350E+00
     0.159870350E+00
     0.159870350E+00
     0.159870351E+00
     0.159870351E+00
     0.159870352E+00
     0.159870353E+00
     0.159870353E+00
     0.159870351E+00
     0.159870351E+00
     0.159870352E+00
     0.159870353E+00
     0.159870352E+00
     0.159870353E+00
     0.159870353E+00
     0.159870354E+00
     0.159870355E+00
     0.159870356E+00
     0.159870356E+00
     0.159870353E+00
     0.159870354E+00
     0.159870355E+00
     0.159870356E+00
     0.159870355E+00
     0.159870356E+00
     0.159870357E+00
     0.159870357E+00
     0.159870358E+00
     0.159870360E+00
     0.159870359E+00
     0.159870357E+00
     0.159870357E+00
     0.159870358E+00
     0.159870359E+00
     0.159870359E+00
     0.159870359E+00
     0.159870360E+00
     0.159870360E+00
     0.159870361E+00
     0.159870363E+00
     0.159870363E+00
     0.159870360E+00
     0.159870360E+00
     0.159870361E+00
     0.159870363E+00
     0.159870362E+00
     0.159870363E+00
     0.159870363E+00
     0.159870364E+00
     0.159870365E+00
     0.159870367E+00
     0.159870366E+00
     0.159870363E+00
     0.159870364E+00
     0.159870365E+00
     0.159870366E+00
     0.159870366E+00
     0.159870366E+00
     0.159870367E+00
     0.159870367E+00
     0.159870368E+00
     0.159870370E+00
     0.159870370E+00
     0.159870367E+00
     0.159870367E+00
     0.159870368E+00
     0.159870369E+00
     0.159870369E+00
     0.159870369E+00
     0.159870370E+00
     0.159870371E+00
     0.159870372E+00
     0.159870374E+00
     0.159870373E+00
     0.159870370E+00
     0.159870370E+00
     0.159870372E+00
     0.159870373E+00
     0.159870372E+00
     0.159870373E+00
     0.159870374E+00
     0.159870374E+00
     0.159870375E+00
     0.159870377E+00
     0.159870376E+00
     0.159870374E+00
     0.159870374E+00
     0.159870375E+00
     0.159870376E+00
     0.159870376E+00
     0.159870376E+00
     0.159870377E+00
     0.159870378E+00
     0.159870379E+00
     0.159870380E+00
     0.159870380E+00
     0.159870377E+00
     0.159870377E+00
     0.159870378E+00
     0.159870380E+00
     0.159870379E+00
     0.159870380E+00
     0.159870381E+00
     0.159870381E+00
     0.159870382E+00
     0.159870384E+00
     0.159870383E+00
     0.159870380E+00
     0.159870381E+00
     0.159870382E+00
     0.159870383E+00
     0.159870383E+00
     0.159870383E+00
     0.159870384E+00
     0.159870384E+00
     0.159870385E+00
     0.159870387E+00
     0.159870387E+00
     0.159870384E+00
     0.159870384E+00
     0.159870385E+00
     0.159870386E+00
     0.159870386E+00
     0.159870386E+00
     0.159870387E+00
     0.159870388E+00
     0.159870389E+00
     0.159870390E+00
     0.159870390E+00
     0.159870387E+00
     0.159870387E+00
     0.159870388E+00
     0.159870390E+00
     0.159870389E+00
     0.159870390E+00
     0.159870390E+00
     0.159870391E+00
     0.159870392E+00
     0.159870393E+00
     0.159870393E+00
     0.159870390E+00
     0.159870391E+00
     0.159870392E+00
     0.159870393E+00
     0.159870392E+00
     0.159870393E+00
     0.159870393E+00
     0.159870394E+00
     0.159870395E+00
     0.159870396E+00
     0.159870396E+00
     0.159870393E+00
     0.159870394E+00
     0.159870395E+00
     0.159870396E+00
     0.159870395E+00
     0.159870396E+00
     0.159870396E+00
     0.159870397E+00
     0.159870398E+00
     0.159870399E+00
     0.159870399E+00
     0.159870396E+00
     0.159870397E+00
     0.159870397E+00
     0.159870399E+00
     0.159870398E+00
     0.159870399E+00
     0.159870399E+00
     0.159870400E+00
     0.159870401E+00
     0.159870402E+00
     0.159870402E+00
     0.159870399E+00
     0.159870399E+00
     0.159870400E+00
     0.159870401E+00
     0.159870401E+00
     0.159870401E+00
     0.159870402E+00
     0.159870402E+00
     0.159870403E+00
     0.159870405E+00
     0.159870404E+00
     0.159870402E+00
     0.159870402E+00
     0.159870403E+00
     0.159870404E+00
     0.159870404E+00
     0.159870404E+00
     0.159870405E+00
     0.159870405E+00
     0.159870406E+00
     0.159870407E+00
     0.159870407E+00
     0.159870405E+00
     0.159870405E+00
     0.159870406E+00
     0.159870407E+00
     0.159870406E+00
     0.159870407E+00
     0.159870407E+00
     0.159870408E+00
     0.159870408E+00
     0.159870410E+00
     0.159870409E+00
     0.159870407E+00
     0.159870407E+00
     0.159870408E+00
     0.159870409E+00
     0.159870409E+00
     0.159870409E+00
     0.159870410E+00
     0.159870410E+00
     0.159870411E+00
     0.159870412E+00
     0.159870411E+00
     0.159870410E+00
     0.159870410E+00
     0.159870410E+00
     0.159870411E+00
     0.159870411E+00
     0.159870411E+00
     0.159870412E+00
     0.159870412E+00
     0.159870413E+00
     0.159870414E+00
     0.159870414E+00
     0.159870412E+00
     0.159870412E+00
     0.159870413E+00
     0.159870414E+00
     0.159870413E+00
     0.159870414E+00
     0.159870414E+00
     0.159870414E+00
     0.159870415E+00
     0.159870416E+00
     0.159870416E+00
     0.159870414E+00
     0.159870414E+00
     0.159870415E+00
     0.159870416E+00
     0.159870416E+00
     0.159870416E+00
     0.159870416E+00
     0.159870416E+00
     0.159870417E+00
     0.159870418E+00
     0.159870418E+00
     0.159870416E+00
     0.159870416E+00
     0.159870417E+00
     0.159870418E+00
     0.159870418E+00
     0.159870418E+00
     0.159870418E+00
     0.159870418E+00
     0.159870419E+00
     0.159870420E+00
     0.159870420E+00
     0.159870418E+00
     0.159870418E+00
     0.159870419E+00
     0.159870420E+00
     0.159870419E+00
     0.159870420E+00
     0.159870420E+00
     0.159870420E+00
     0.159870421E+00
     0.159870422E+00
     0.159870422E+00
     0.159870420E+00
     0.159870420E+00
     0.159870421E+00
     0.159870422E+00
     0.159870421E+00
     0.159870422E+00
     0.159870422E+00
     0.159870422E+00
     0.159870423E+00
     0.159870424E+00
     0.159870423E+00
     0.159870422E+00
     0.159870422E+00
     0.159870423E+00
     0.159870423E+00
     0.159870423E+00
     0.159870423E+00
     0.159870424E+00
     0.159870424E+00
     0.159870424E+00
     0.159870425E+00
     0.159870425E+00
     0.159870424E+00
     0.159870424E+00
     0.159870424E+00
     0.159870425E+00
     0.159870425E+00
     0.159870425E+00
     0.159870425E+00
     0.159870425E+00
     0.159870426E+00
     0.159870427E+00
     0.159870426E+00
     0.159870425E+00
     0.159870425E+00
     0.159870426E+00
     0.159870426E+00
     0.159870426E+00
     0.159870426E+00
     0.159870427E+00
     0.159870427E+00
     0.159870427E+00
     0.159870428E+00
     0.159870428E+00
     0.159870427E+00
     0.159870427E+00
     0.159870427E+00
     0.159870428E+00
     0.159870428E+00
     0.159870428E+00
     0.159870428E+00
     0.159870428E+00
     0.159870429E+00
     0.159870429E+00
     0.159870429E+00
     0.159870428E+00
     0.159870428E+00
     0.159870429E+00
     0.159870429E+00
     0.159870429E+00
     0.159870429E+00
     0.159870430E+00
     0.159870430E+00
     0.159870430E+00
     0.159870431E+00
     0.159870431E+00
     0.159870430E+00
     0.159870430E+00
     0.159870430E+00
     0.159870431E+00
     0.159870430E+00
     0.159870431E+00
     0.159870431E+00
     0.159870431E+00
     0.159870431E+00
     0.159870432E+00
     0.159870432E+00
     0.159870431E+00
     0.159870431E+00
     0.159870431E+00
     0.159870432E+00
     0.159870432E+00
     0.159870432E+00
     0.159870432E+00
     0.159870432E+00
     0.159870433E+00
     0.159870433E+00
     0.159870433E+00
     0.159870432E+00
     0.159870432E+00
     0.159870432E+00
     0.159870433E+00
     0.159870433E+00
     0.159870433E+00
     0.159870433E+00
     0.159870433E+00
     0.159870434E+00
     0.159870434E+00
     0.159870434E+00
     0.159870433E+00
     0.159870433E+00
     0.159870434E+00
     0.159870434E+00
     0.159870434E+00
     0.159870434E+00
     0.159870434E+00
     0.159870434E+00
     0.159870435E+00
     0.159870435E+00
     0.159870435E+00
     0.159870434E+00
     0.159870434E+00
     0.159870435E+00
     0.159870435E+00
     0.159870435E+00
     0.159870435E+00
     0.159870435E+00
     0.159870435E+00
     0.159870436E+00
     0.159870436E+00
     0.159870436E+00
     0.159870435E+00
     0.159870435E+00
     0.159870436E+00
     0.159870436E+00
     0.159870436E+00
     0.159870436E+00
     0.159870436E+00
     0.159870436E+00
     0.159870437E+00
     0.159870437E+00
     0.159870437E+00
     0.159870436E+00
     0.159870436E+00
     0.159870437E+00
     0.159870437E+00
     0.159870437E+00
     0.159870437E+00
     0.159870437E+00
     0.159870437E+00
     0.159870438E+00
     0.159870438E+00
     0.159870438E+00
     0.159870437E+00
     0.159870437E+00
     0.159870437E+00
     0.159870438E+00
     0.159870438E+00
     0.159870438E+00
     0.159870438E+00
     0.159870438E+00
     0.159870438E+00
     0.159870439E+00
     0.159870439E+00
     0.159870438E+00
     0.159870438E+00
     0.159870438E+00
     0.159870439E+00
     0.159870439E+00
     0.159870439E+00
     0.159870439E+00
     0.159870439E+00
     0.159870439E+00
     0.159870440E+00
     0.159870439E+00
     0.159870439E+00
     0.159870439E+00
     0.159870439E+00
     0.159870439E+00
     0.159870439E+00
     0.159870439E+00
     0.159870440E+00
     0.159870440E+00
     0.159870440E+00
     0.159870440E+00
     0.159870440E+00
     0.159870440E+00
     0.159870440E+00
     0.159870440E+00
     0.159870440E+00
     0.159870440E+00
     0.159870440E+00
     0.159870440E+00
     0.159870440E+00
     0.159870441E+00
     0.159870441E+00
     0.159870441E+00
     0.159870440E+00
     0.159870440E+00
     0.159870441E+00
     0.159870441E+00
     0.159870441E+00
     0.159870441E+00
     0.159870441E+00
     0.159870441E+00
     0.159870441E+00
     0.159870442E+00
     0.159870441E+00
     0.159870441E+00
     0.159870441E+00
     0.159870441E+00
     0.159870441E+00
     0.159870441E+00
     0.159870441E+00
     0.159870442E+00
     0.159870442E+00
     0.159870442E+00
     0.159870442E+00
     0.159870442E+00
     0.159870442E+00
     0.159870442E+00
     0.159870442E+00
     0.159870442E+00
     0.159870442E+00
     0.159870442E+00
     0.159870442E+00
     0.159870442E+00
     0.159870442E+00
     0.159870443E+00
     0.159870443E+00
     0.159870442E+00
     0.159870442E+00
     0.159870442E+00
     0.159870443E+00
     0.159870443E+00
     0.159870443E+00
     0.159870443E+00
     0.159870443E+00
     0.159870443E+00
     0.159870443E+00
     0.159870443E+00
     0.159870443E+00
     0.159870443E+00
     0.159870443E+00
     0.159870443E+00
     0.159870443E+00
     0.159870443E+00
     0.159870443E+00
     0.159870443E+00
     0.159870444E+00
     0.159870444E+00
     0.159870444E+00
     0.159870443E+00
     0.159870443E+00
     0.159870443E+00
     0.159870444E+00
     0.159870444E+00
     0.159870444E+00
     0.159870444E+00
     0.159870444E+00
     0.159870444E+00
     0.159870444E+00
     0.159870444E+00
     0.159870444E+00
     0.159870444E+00
     0.159870444E+00
     0.159870444E+00
     0.159870444E+00
     0.159870444E+00
     0.159870444E+00
     0.159870444E+00
     0.159870444E+00
     0.159870445E+00
     0.159870445E+00
     0.159870444E+00
     0.159870444E+00
     0.159870444E+00
     0.159870445E+00
     0.159870445E+00
     0.159870445E+00
     0.159870445E+00
     0.159870445E+00
     0.159870445E+00
     0.159870445E+00
     0.159870445E+00
     0.159870445E+00
     0.159870445E+00
     0.159870445E+00
     0.159870445E+00
     0.159870445E+00
     0.159870445E+00
     0.159870445E+00
     0.159870445E+00
     0.159870445E+00
     0.159870445E+00
     0.159870445E+00
     0.159870445E+00
     0.159870445E+00
     0.159870445E+00
     0.159870445E+00
     0.159870445E+00
     0.159870445E+00
     0.159870445E+00
     0.159870446E+00
     0.159870446E+00
     0.159870446E+00
     0.159870446E+00
     0.159870445E+00
     0.159870445E+00
     0.159870446E+00
     0.159870446E+00
     0.159870446E+00
     0.159870446E+00
     0.159870446E+00
     0.159870446E+00
     0.159870446E+00
     0.159870446E+00
     0.159870446E+00
     0.159870446E+00
     0.159870446E+00
     0.159870446E+00
     0.159870446E+00
     0.159870446E+00
     0.159870446E+00
     0.159870446E+00
     0.159870446E+00
     0.159870446E+00
     0.159870446E+00
     0.159870446E+00
     0.159870446E+00
     0.159870446E+00
     0.159870446E+00
     0.159870446E+00
     0.159870446E+00
     0.159870446E+00
     0.159870446E+00
     0.159870447E+00
     0.159870447E+00
     0.159870447E+00
     0.159870447E+00
     0.159870446E+00
     0.159870447E+00
     0.159870447E+00
     0.159870447E+00
     0.159870447E+00
     0.159870447E+00
     0.159870447E+00
     0.159870447E+00
     0.159870447E+00
     0.159870447E+00
     0.159870447E+00
     0.159870447E+00
     0.159870447E+00
     0.159870447E+00
     0.159870447E+00
     0.159870447E+00
     0.159870447E+00
     0.159870447E+00
     0.159870447E+00
     0.159870447E+00
     0.159870447E+00
     0.159870447E+00
     0.159870447E+00
     0.159870447E+00
     0.159870447E+00
     0.159870447E+00
     0.159870447E+00
     0.159870447E+00
     0.159870447E+00
     0.159870447E+00
     0.159870447E+00
     0.159870448E+00
     0.159870448E+00
     0.159870447E+00
     0.159870447E+00
     0.159870447E+00
     0.159870448E+00
     0.159870447E+00
     0.159870448E+00
     0.159870448E+00
     0.159870448E+00
     0.159870448E+00
     0.159870448E+00
     0.159870448E+00
     0.159870448E+00
     0.159870448E+00
     0.159870448E+00
     0.159870448E+00
     0.159870448E+00
     0.159870448E+00
     0.159870448E+00
     0.159870448E+00
     0.159870448E+00
     0.159870448E+00
     0.159870448E+00
     0.159870448E+00
     0.159870448E+00
     0.159870448E+00
     0.159870448E+00
     0.159870448E+00
     0.159870448E+00
     0.159870448E+00
     0.159870448E+00
     0.159870448E+00
     0.159870448E+00
     0.159870448E+00
     0.159870448E+00
     0.159870448E+00
     0.159870448E+00
     0.159870448E+00
     0.159870448E+00
     0.159870448E+00
     0.159870448E+00
     0.159870448E+00
     0.159870448E+00
     0.159870448E+00
     0.159870448E+00
     0.159870448E+00
     0.159870448E+00
     0.159870448E+00
     0.159870448E+00
     0.159870448E+00
     0.159870448E+00
     0.159870448E+00
     0.159870448E+00
     0.159870449E+00
     0.159870449E+00
     0.159870449E+00
     0.159870448E+00
     0.159870448E+00
     0.159870448E+00
     0.159870449E+00
     0.159870449E+00
     0.159870449E+00
     0.159870449E+00
     0.159870449E+00
     0.159870449E+00
     0.159870449E+00
     0.159870449E+00
     0.159870449E+00
     0.159870449E+00
     0.159870449E+00
     0.159870449E+00
     0.159870449E+00
     0.159870449E+00
     0.159870449E+00
     0.159870449E+00
     0.159870449E+00
     0.159870449E+00
     0.159870449E+00
     0.159870449E+00
     0.159870449E+00
     0.159870449E+00
     0.159870449E+00
     0.159870449E+00
     0.159870449E+00
     0.159870449E+00
     0.159870449E+00
     0.159870449E+00
     0.159870449E+00
     0.159870449E+00
     0.159870449E+00
     0.159870449E+00
     0.159870449E+00
     0.159870449E+00
     0.159870449E+00
     0.159870449E+00
     0.159870449E+00
     0.159870449E+00
     0.159870449E+00
     0.159870449E+00
     0.159870449E+00
     0.159870449E+00
     0.159870449E+00
     0.159870449E+00
     0.159870449E+00
     0.159870449E+00
     0.159870449E+00
     0.159870449E+00
     0.159870449E+00
     0.159870449E+00
     0.159870449E+00
     0.159870449E+00
     0.159870449E+00
     0.159870449E+00
     0.159870449E+00
     0.159870449E+00
     0.159870449E+00
     0.159870449E+00
     0.159870449E+00
     0.159870449E+00
     0.159870449E+00
     0.159870449E+00
     0.159870449E+00
     0.159870449E+00
     0.159870449E+00
     0.159870449E+00
     0.159870449E+00
     0.159870449E+00
     0.159870449E+00
     0.159870449E+00
     0.159870449E+00
     0.159870450E+00
     0.159870450E+00
     0.159870450E+00
     0.159870449E+00
     0.159870449E+00
     0.159870450E+00
     0.159870450E+00
     0.159870450E+00
     0.159870450E+00
     0.159870450E+00
     0.159870450E+00
     0.159870450E+00
     0.159870450E+00
     0.159870450E+00
     0.159870450E+00
     0.159870450E+00
     0.159870450E+00
     0.159870450E+00
     0.159870450E+00
     0.159870450E+00
     0.159870450E+00
     0.159870450E+00
     0.159870450E+00
     0.159870450E+00
     0.159870450E+00
     0.159870450E+00
     0.159870450E+00
     0.159870450E+00
     0.159870450E+00
     0.159870450E+00
     0.159870450E+00
     0.159870450E+00
     0.159870450E+00
     0.159870450E+00
     0.159870450E+00
     0.159870450E+00
     0.159870450E+00
     0.159870450E+00
     0.159870450E+00
     0.159870450E+00
     0.159870450E+00
     0.159870450E+00
     0.159870450E+00
     0.159870450E+00
     0.159870450E+00
     0.159870450E+00
     0.159870450E+00
     0.159870450E+00
     0.159870450E+00
     0.159870450E+00
     0.159870450E+00
     0.159870450E+00
     0.159870450E+00
     0.159870450E+00
     0.159870450E+00
     0.159870450E+00
     0.159870450E+00
     0.159870450E+00
     0.159870450E+00
     0.159870450E+00
     0.159870450E+00
     0.159870450E+00
     0.159870450E+00
     0.159870450E+00
     0.159870450E+00
     0.159870450E+00
     0.159870450E+00
     0.159870450E+00
     0.159870450E+00
     0.159870450E+00
     0.159870450E+00
     0.159870450E+00
     0.159870450E+00
     0.159870450E+00
     0.159870450E+00
     0.159870450E+00
     0.159870450E+00
     0.159870450E+00
     0.159870450E+00
     0.159870450E+00
     0.159870450E+00
     0.159870450E+00
     0.159870450E+00
     0.159870450E+00
     0.159870450E+00
     0.159870450E+00
     0.159870450E+00
     0.159870450E+00
     0.159870450E+00
     0.159870450E+00
     0.159870450E+00
     0.159870450E+00
     0.159870450E+00
     0.159870450E+00
     0.159870450E+00
     0.159870450E+00
     0.159870450E+00
     0.159870450E+00
     0.159870450E+00
     0.159870450E+00
     0.159870450E+00
     0.159870450E+00
     0.159870450E+00
     0.159870450E+00
     0.159870450E+00
     0.159870450E+00
     0.159870450E+00
     0.159870450E+00
     0.159870450E+00
     0.159870450E+00
     0.159870450E+00
     0.159870450E+00
     0.159870450E+00
     0.159870450E+00
     0.159870450E+00
     0.159870450E+00
     0.159870450E+00
     0.159870450E+00
     0.159870450E+00
     0.159870450E+00
     0.159870450E+00
     0.159870450E+00
     0.159870450E+00
     0.159870450E+00
     0.159870450E+00
     0.159870450E+00
     0.159870450E+00
     0.159870450E+00
     0.159870450E+00
     0.159870450E+00
     0.159870450E+00
     0.159870450E+00
     0.159870451E+00
     0.159870451E+00
     0.159870451E+00
     0.159870450E+00
     0.159870450E+00
     0.159870450E+00
     0.159870451E+00
     0.159870451E+00
     0.159870451E+00
     0.159870451E+00
     0.159870451E+00
     0.159870451E+00
     0.159870451E+00
     0.159870451E+00
     0.159870451E+00
     0.159870451E+00
     0.159870451E+00
     0.159870451E+00
     0.159870451E+00
     0.159870451E+00
     0.159870451E+00
     0.159870451E+00
     0.159870451E+00
     0.159870451E+00
     0.159870451E+00
     0.159870451E+00
     0.159870451E+00
     0.159870451E+00
     0.159870451E+00
     0.159870451E+00
     0.159870451E+00
     0.159870451E+00
     0.159870451E+00
     0.159870451E+00
     0.159870451E+00
     0.159870451E+00
     0.159870451E+00
     0.159870451E+00
     0.159870451E+00
     0.159870451E+00
     0.159870451E+00
     0.159870451E+00
     0.159870451E+00
     0.159870451E+00
     0.159870451E+00
     0.159870451E+00
     0.159870451E+00
     0.159870451E+00
     0.159870451E+00
     0.159870451E+00
     0.159870451E+00
     0.159870451E+00
     0.159870451E+00
     0.159870451E+00
     0.159870451E+00
     0.159870451E+00
     0.159870451E+00
     0.159870451E+00
     0.159870451E+00
     0.159870451E+00
     0.159870451E+00
     0.159870451E+00
     0.159870451E+00
     0.159870451E+00
     0.159870451E+00
     0.159870451E+00
     0.159870451E+00
     0.159870451E+00
     0.159870451E+00
     0.159870451E+00
     0.159870451E+00
     0.159870451E+00
     0.159870451E+00
     0.159870451E+00
     0.159870451E+00
     0.159870451E+00
     0.159870451E+00
     0.159870451E+00
     0.159870451E+00
     0.159870451E+00
     0.159870451E+00
     0.159870451E+00
     0.159870451E+00
     0.159870451E+00
     0.159870451E+00
     0.159870451E+00
     0.159870451E+00
     0.159870451E+00
     0.159870451E+00
     0.159870451E+00
     0.159870451E+00
     0.159870451E+00
     0.159870451E+00
     0.159870451E+00
     0.159870451E+00
     0.159870451E+00
     0.159870451E+00
     0.159870451E+00
     0.159870451E+00
     0.159870451E+00
     0.159870451E+00
     0.159870451E+00
     0.159870451E+00
     0.159870451E+00
     0.159870451E+00
     0.159870451E+00
     0.159870451E+00
     0.159870451E+00
     0.159870451E+00
     0.159870451E+00
     0.159870451E+00
     0.159870451E+00
     0.159870451E+00
     0.159870451E+00
     0.159870451E+00
     0.159870451E+00
     0.159870451E+00
     0.159870451E+00
     0.159870451E+00
     0.159870451E+00
     0.159870451E+00
     0.159870451E+00
     0.159870451E+00
     0.159870451E+00
     0.159870451E+00
     0.159870451E+00
     0.159870451E+00
     0.159870451E+00
     0.159870451E+00
     0.159870451E+00
     0.159870451E+00
     0.159870451E+00
     0.159870451E+00
     0.159870451E+00
     0.159870451E+00
     0.159870451E+00
     0.159870451E+00
     0.159870451E+00
     0.159870451E+00
     0.159870451E+00
     0.159870451E+00
     0.159870451E+00
     0.159870451E+00
     0.159870451E+00
     0.159870451E+00
     0.159870451E+00
     0.159870451E+00
     0.159870451E+00
     0.159870451E+00
     0.159870451E+00
     0.159870451E+00
     0.159870451E+00
     0.159870451E+00
     0.159870451E+00
     0.159870451E+00
     0.159870451E+00
     0.159870451E+00
     0.159870451E+00
     0.159870451E+00
     0.159870451E+00
     0.159870451E+00
     0.159870451E+00
     0.159870451E+00
     0.159870451E+00
     0.159870451E+00
     0.159870451E+00
     0.159870451E+00
     0.159870451E+00
     0.159870451E+00
     0.159870451E+00
     0.159870451E+00
     0.159870451E+00
     0.159870451E+00
     0.159870451E+00
     0.159870451E+00
     0.159870451E+00
     0.159870451E+00
     0.159870451E+00
     0.159870451E+00
     0.159870451E+00
     0.159870451E+00
     0.159870451E+00
     0.159870451E+00
     0.159870451E+00
     0.159870451E+00
     0.159870451E+00
     0.159870451E+00
     0.159870451E+00
     0.159870451E+00
     0.159870451E+00
     0.159870451E+00
     0.159870451E+00
     0.159870451E+00
     0.159870451E+00
     0.159870451E+00
     0.159870451E+00
     0.159870451E+00
     0.159870451E+00
     0.159870451E+00
     0.159870451E+00
     0.159870451E+00
     0.159870451E+00
     0.159870451E+00
     0.159870451E+00
     0.159870451E+00
     0.159870451E+00
     0.159870451E+00
     0.159870451E+00
     0.159870451E+00
     0.159870451E+00
     0.159870451E+00
     0.159870451E+00
     0.159870451E+00
     0.159870451E+00
     0.159870451E+00
     0.159870451E+00
     0.159870451E+00
     0.159870451E+00
     0.159870451E+00
     0.159870451E+00
     0.159870451E+00
     0.159870451E+00
     0.159870451E+00
     0.159870451E+00
     0.159870451E+00
     0.159870451E+00
     0.159870451E+00
     0.159870451E+00
     0.159870451E+00
     0.159870451E+00
     0.159870451E+00
     0.159870451E+00
     0.159870451E+00
     0.159870451E+00
     0.159870451E+00
     0.159870451E+00
     0.159870451E+00
     0.159870451E+00
     0.159870451E+00
     0.159870451E+00
     0.159870451E+00
     0.159870451E+00
     0.159870451E+00
     0.159870451E+00
     0.159870451E+00
     0.159870451E+00
     0.159870451E+00
     0.159870451E+00
     0.159870451E+00
     0.159870451E+00
     0.159870451E+00
     0.159870451E+00
     0.159870451E+00
     0.159870451E+00
     0.159870451E+00
     0.159870451E+00
     0.159870451E+00
     0.159870451E+00
     0.159870451E+00
     0.159870451E+00
     0.159870451E+00
     0.159870451E+00
     0.159870451E+00
     0.159870451E+00
     0.159870451E+00
     0.159870451E+00
     0.159870451E+00
     0.159870451E+00
     0.159870451E+00
     0.159870451E+00
     0.159870451E+00
     0.159870451E+00
     0.159870451E+00
     0.159870451E+00
     0.159870451E+00
     0.159870451E+00
     0.159870451E+00
     0.159870451E+00
     0.159870451E+00
     0.159870451E+00
     0.159870451E+00
     0.159870451E+00
     0.159870451E+00
     0.159870451E+00
     0.159870451E+00
     0.159870451E+00
     0.159870451E+00
     0.159870451E+00
     0.159870451E+00
     0.159870451E+00
     0.159870451E+00
     0.159870451E+00
     0.159870451E+00
     0.159870451E+00
     0.159870451E+00
     0.159870451E+00
     0.159870451E+00
     0.159870451E+00
     0.159870451E+00
     0.159870451E+00
     0.159870451E+00
     0.159870451E+00
     0.159870451E+00
     0.159870451E+00
     0.159870451E+00
     0.159870451E+00
     0.159870451E+00
     0.159870451E+00
     0.159870451E+00
     0.159870451E+00
     0.159870451E+00
     0.159870451E+00
     0.159870451E+00
     0.159870451E+00
     0.159870451E+00
     0.159870451E+00
     0.159870451E+00
     0.159870451E+00
     0.159870451E+00
     0.159870451E+00
     0.159870451E+00
     0.159870451E+00
     0.159870451E+00
     0.159870451E+00
     0.159870451E+00
     0.159870451E+00
     0.159870451E+00
     0.159870451E+00
     0.159870451E+00
     0.159870451E+00
     0.159870451E+00
     0.159870451E+00
     0.159870451E+00
     0.159870451E+00
     0.159870451E+00
     0.159870451E+00
     0.159870451E+00
     0.159870451E+00
     0.159870451E+00
     0.159870451E+00
     0.159870451E+00
     0.159870451E+00
     0.159870451E+00
     0.159870451E+00
     0.159870451E+00
     0.159870451E+00
     0.159870451E+00
     0.159870451E+00
     0.159870451E+00
     0.159870451E+00
     0.159870451E+00
     0.159870451E+00
     0.159870451E+00
     0.159870451E+00
     0.159870451E+00
     0.159870451E+00
     0.159870451E+00
     0.159870451E+00
     0.159870451E+00
     0.159870451E+00
     0.159870451E+00
     0.159870451E+00
     0.159870451E+00
     0.159870451E+00
     0.159870451E+00
     0.159870451E+00
     0.159870451E+00
     0.159870451E+00
     0.159870451E+00
     0.159870451E+00
     0.159870451E+00
     0.159870451E+00
     0.159870451E+00
     0.159870451E+00
     0.159870451E+00
     0.159870451E+00
     0.159870451E+00
     0.159870451E+00
     0.159870451E+00
     0.159870451E+00
     0.159870451E+00
     0.159870451E+00
     0.159870451E+00
     0.159870451E+00
     0.159870451E+00
     0.159870451E+00
     0.159870451E+00
     0.159870451E+00
     0.159870451E+00
     0.159870451E+00
     0.159870451E+00
     0.159870451E+00
     0.159870451E+00
     0.159870451E+00
     0.159870451E+00
     0.159870451E+00
     0.159870451E+00
     0.159870451E+00
     0.159870451E+00
     0.159870451E+00
     0.159870451E+00
     0.159870451E+00
     0.159870451E+00
     0.159870451E+00
     0.159870451E+00
     0.159870451E+00
     0.159870451E+00
     0.159870451E+00
     0.159870451E+00
     0.159870451E+00
     0.159870451E+00
     0.159870451E+00
     0.159870451E+00
     0.159870451E+00
     0.159870451E+00
     0.159870451E+00
     0.159870451E+00
     0.159870451E+00
     0.159870451E+00
     0.159870451E+00
     0.159870451E+00
     0.159870451E+00
     0.159870451E+00
     0.159870451E+00
     0.159870451E+00
     0.159870451E+00
     0.159870451E+00
     0.159870451E+00
     0.159870451E+00
     0.159870451E+00
     0.159870451E+00
     0.159870451E+00
     0.159870451E+00
     0.159870451E+00
     0.159870451E+00
     0.159870451E+00
     0.159870451E+00
     0.159870451E+00
     0.159870451E+00
     0.159870451E+00
     0.159870451E+00
     0.159870451E+00
     0.159870451E+00
     0.159870451E+00
     0.159870451E+00
     0.159870451E+00
     0.159870451E+00
     0.159870451E+00
     0.159870451E+00
     0.159870451E+00
     0.159870451E+00
     0.159870451E+00
     0.159870451E+00
     0.159870451E+00
     0.159870451E+00
     0.159870451E+00
     0.159870451E+00
     0.159870451E+00
     0.159870451E+00
     0.159870451E+00
     0.159870451E+00
     0.159870451E+00
     0.159870451E+00
     0.159870451E+00
     0.159870451E+00
     0.159870451E+00
     0.159870451E+00
     0.159870451E+00
     0.159870451E+00
     0.159870451E+00
     0.159870451E+00
     0.159870451E+00
     0.159870451E+00
     0.159870451E+00
     0.159870451E+00
     0.159870451E+00
     0.159870451E+00
     0.159870451E+00
     0.159870451E+00
     0.159870451E+00
     0.159870451E+00
     0.159870451E+00
     0.159870451E+00
     0.159870451E+00
     0.159870451E+00
     0.159870451E+00
     0.159870451E+00
     0.159870451E+00
     0.159870451E+00
     0.159870451E+00
     0.159870451E+00
     0.159870451E+00
     0.159870451E+00
     0.159870451E+00
     0.159870451E+00
     0.159870451E+00
     0.159870451E+00
     0.159870451E+00
     0.159870451E+00
     0.159870451E+00
     0.159870451E+00
     0.159870451E+00
     0.159870451E+00
     0.159870451E+00
     0.159870451E+00
     0.159870451E+00
     0.159870451E+00
     0.159870451E+00
     0.159870451E+00
     0.159870451E+00
     0.159870451E+00
     0.159870451E+00
     0.159870451E+00
     0.159870451E+00
     0.159870451E+00
     0.159870451E+00
     0.159870451E+00
     0.159870451E+00
     0.159870451E+00
     0.159870451E+00
     0.159870451E+00
     0.159870451E+00
     0.159870451E+00
     0.159870451E+00
     0.159870451E+00
     0.159870451E+00
     0.159870451E+00
     0.159870451E+00
     0.159870451E+00
     0.159870451E+00
     0.159870451E+00
     0.159870451E+00
     0.159870451E+00
     0.159870451E+00
     0.159870451E+00
     0.159870451E+00
     0.159870451E+00
     0.159870451E+00
     0.159870451E+00
     0.159870451E+00
     0.159870451E+00
     0.159870451E+00
     0.159870451E+00
     0.159870451E+00
     0.159870451E+00
     0.159870451E+00
     0.159870451E+00
     0.159870451E+00
     0.159870451E+00
     0.159870451E+00
     0.159870451E+00
     0.159870451E+00
     0.159870451E+00
     0.159870451E+00
     0.159870451E+00
     0.159870451E+00
     0.159870451E+00
     0.159870451E+00
     0.159870451E+00
     0.159870451E+00
     0.159870451E+00
     0.159870451E+00
     0.159870451E+00
     0.159870451E+00
     0.159870451E+00
     0.159870451E+00
     0.159870451E+00
     0.159870451E+00
     0.159870451E+00
     0.159870451E+00
     0.159870451E+00
     0.159870451E+00
     0.159870451E+00
     0.159870451E+00
     0.159870451E+00
     0.159870451E+00
     0.159870451E+00
     0.159870451E+00
     0.159870451E+00
     0.159870451E+00
     0.159870451E+00
     0.159870451E+00
     0.159870451E+00
     0.159870451E+00
     0.159870451E+00
     0.159870451E+00
     0.159870451E+00
     0.159870451E+00
     0.159870451E+00
     0.159870451E+00
     0.159870451E+00
     0.159870451E+00
     0.159870451E+00
     0.159870451E+00
     0.159870451E+00
     0.159870451E+00
     0.159870451E+00
     0.159870451E+00
     0.159870451E+00
     0.159870451E+00
     0.159870451E+00
     0.159870451E+00
     0.159870451E+00
     0.159870451E+00
     0.159870451E+00
     0.159870451E+00
     0.159870451E+00
     0.159870451E+00
     0.159870451E+00
     0.159870451E+00
     0.159870451E+00
     0.159870451E+00
     0.159870451E+00
     0.159870451E+00
     0.159870451E+00
     0.159870451E+00
     0.159870451E+00
     0.159870451E+00
     0.159870451E+00
     0.159870451E+00
     0.159870451E+00
     0.159870451E+00
     0.159870451E+00
     0.159870451E+00
     0.159870451E+00
     0.159870451E+00
     0.159870451E+00
     0.159870451E+00
     0.159870451E+00
     0.159870451E+00
     0.159870451E+00
     0.159870451E+00
     0.159870451E+00
     0.159870451E+00
     0.159870451E+00
     0.159870451E+00
     0.159870451E+00
     0.159870451E+00
     0.159870451E+00
     0.159870451E+00
     0.159870451E+00
     0.159870451E+00
     0.159870451E+00
     0.159870451E+00
     0.159870451E+00
     0.159870451E+00
     0.159870451E+00
     0.159870451E+00
     0.159870451E+00
     0.159870451E+00
     0.159870451E+00
     0.159870451E+00
     0.159870451E+00
     0.159870451E+00
     0.159870451E+00
     0.159870451E+00
     0.159870451E+00
     0.159870451E+00
     0.159870451E+00
     0.159870451E+00
     0.159870451E+00
     0.159870451E+00
     0.159870451E+00
     0.159870451E+00
     0.159870451E+00
     0.159870451E+00
     0.159870451E+00
     0.159870451E+00
     0.159870451E+00
     0.159870451E+00
     0.159870451E+00
     0.159870451E+00
     0.159870451E+00
     0.159870451E+00
     0.159870451E+00
     0.159870451E+00
     0.159870451E+00
     0.159870451E+00
     0.159870451E+00
     0.159870451E+00
     0.159870451E+00
     0.159870451E+00
     0.159870451E+00
     0.159870451E+00
     0.159870451E+00
     0.159870451E+00
     0.159870451E+00
     0.159870451E+00
     0.159870451E+00
     0.159870451E+00
     0.159870451E+00
     0.159870451E+00
     0.159870451E+00
     0.159870451E+00
     0.159870451E+00
     0.159870451E+00
     0.159870451E+00
     0.159870451E+00
     0.159870451E+00
     0.159870451E+00
     0.159870451E+00
     0.159870451E+00
     0.159870451E+00
     0.159870451E+00
     0.159870451E+00
     0.159870451E+00
     0.159870451E+00
     0.159870451E+00
     0.159870451E+00
     0.159870451E+00
     0.159870451E+00
     0.159870451E+00
     0.159870451E+00
     0.159870451E+00
     0.159870451E+00
     0.159870451E+00
     0.159870451E+00
     0.159870451E+00
     0.159870451E+00
     0.159870451E+00
     0.159870451E+00
     0.159870451E+00
     0.159870451E+00
     0.159870451E+00
     0.159870451E+00
     0.159870451E+00
     0.159870451E+00
     0.159870451E+00
     0.159870451E+00
     0.159870451E+00
     0.159870451E+00
     0.159870451E+00
     0.159870451E+00
     0.159870451E+00
     0.159870451E+00
     0.159870451E+00
     0.159870451E+00
     0.159870451E+00
     0.159870451E+00
     0.159870451E+00
     0.159870451E+00
     0.159870451E+00
     0.159870451E+00
     0.159870451E+00
     0.159870451E+00
     0.159870451E+00
     0.159870451E+00
     0.159870451E+00
     0.159870451E+00
     0.159870451E+00
     0.159870451E+00
     0.159870451E+00
     0.159870451E+00
     0.159870451E+00
     0.159870451E+00
     0.159870451E+00
     0.159870451E+00
     0.159870451E+00
     0.159870451E+00
     0.159870451E+00
     0.159870451E+00
     0.159870451E+00
     0.159870451E+00
     0.159870451E+00
     0.159870451E+00
     0.159870451E+00
     0.159870451E+00
     0.159870451E+00
     0.159870451E+00
     0.159870451E+00
     0.159870451E+00
     0.159870451E+00
     0.159870451E+00
     0.159870451E+00
     0.159870451E+00
     0.159870451E+00
     0.159870451E+00
     0.159870451E+00
     0.159870451E+00
     0.159870451E+00
     0.159870451E+00
     0.159870451E+00
     0.159870451E+00
     0.159870451E+00
     0.159870451E+00
     0.159870451E+00
     0.159870451E+00
     0.159870451E+00
     0.159870451E+00
     0.159870451E+00
     0.159870451E+00
     0.159870451E+00
     0.159870451E+00
     0.159870451E+00
     0.159870451E+00
     0.159870451E+00
     0.159870451E+00
     0.159870451E+00
     0.159870451E+00
     0.159870451E+00
     0.159870451E+00
     0.159870451E+00
     0.159870451E+00
     0.159870451E+00
     0.159870451E+00
     0.159870451E+00
     0.159870451E+00
     0.159870451E+00
     0.159870451E+00
     0.159870451E+00
     0.159870451E+00
     0.159870451E+00
     0.159870451E+00
     0.159870451E+00
     0.159870451E+00
     0.159870451E+00
     0.159870451E+00
     0.159870451E+00
     0.159870451E+00
     0.159870451E+00
     0.159870451E+00
     0.159870451E+00
     0.159870451E+00
     0.159870451E+00
     0.159870451E+00
     0.159870451E+00
     0.159870451E+00
     0.159870451E+00
     0.159870451E+00
     0.159870451E+00
     0.159870451E+00
     0.159870451E+00
     0.159870451E+00
     0.159870451E+00
     0.159870451E+00
     0.159870451E+00
     0.159870451E+00
     0.159870451E+00
     0.159870451E+00
     0.159870451E+00
     0.159870451E+00
     0.159870451E+00
     0.159870451E+00
     0.159870451E+00
     0.159870451E+00
     0.159870451E+00
     0.159870451E+00
     0.159870451E+00
     0.159870451E+00
     0.159870451E+00
     0.159870451E+00
     0.159870451E+00
     0.159870451E+00
     0.159870451E+00
     0.159870451E+00
     0.159870451E+00
     0.159870451E+00
     0.159870451E+00
     0.159870451E+00
     0.159870451E+00
     0.159870451E+00
     0.159870451E+00
     0.159870451E+00
     0.159870451E+00
     0.159870451E+00
     0.159870451E+00
     0.159870451E+00
     0.159870451E+00
     0.159870451E+00
     0.159870451E+00
     0.159870451E+00
     0.159870451E+00
     0.159870451E+00
     0.159870451E+00
     0.159870451E+00
     0.159870451E+00
     0.159870451E+00
     0.159870451E+00
     0.159870451E+00
     0.159870451E+00
     0.159870451E+00
     0.159870451E+00
     0.159870451E+00
     0.159870451E+00
     0.159870451E+00
     0.159870451E+00
     0.159870451E+00
     0.159870451E+00
     0.159870451E+00
     0.159870451E+00
     0.159870451E+00
     0.159870451E+00
     0.159870451E+00
     0.159870451E+00
     0.159870451E+00
     0.159870451E+00
     0.159870451E+00
     0.159870451E+00
     0.159870451E+00
     0.159870451E+00
     0.159870451E+00
     0.159870451E+00
     0.159870451E+00
     0.159870451E+00
     0.159870451E+00
     0.159870451E+00
     0.159870451E+00
     0.159870451E+00
     0.159870451E+00
     0.159870451E+00
     0.159870451E+00
     0.159870451E+00
     0.159870451E+00
     0.159870451E+00
     0.159870451E+00
     0.159870451E+00
     0.159870451E+00
     0.159870451E+00
     0.159870451E+00
     0.159870451E+00
     0.159870451E+00
     0.159870451E+00
     0.159870451E+00
     0.159870451E+00
     0.159870451E+00
     0.159870451E+00
     0.159870451E+00
     0.159870451E+00
     0.159870451E+00
     0.159870451E+00
     0.159870451E+00
     0.159870451E+00
     0.159870451E+00
     0.159870451E+00
     0.159870451E+00
     0.159870451E+00
     0.159870451E+00
     0.159870451E+00
     0.159870451E+00
     0.159870451E+00
     0.159870451E+00
     0.159870451E+00
     0.159870451E+00
     0.159870451E+00
     0.159870451E+00
     0.159870451E+00
     0.159870451E+00
     0.159870451E+00
     0.159870451E+00
     0.159870451E+00
     0.159870451E+00
     0.159870451E+00
     0.159870451E+00
     0.159870451E+00
     0.159870451E+00
     0.159870451E+00
     0.159870451E+00
     0.159870451E+00
     0.159870451E+00
     0.159870451E+00
     0.159870451E+00
     0.159870451E+00
     0.159870451E+00
     0.159870451E+00
     0.159870451E+00
     0.159870451E+00
     0.159870451E+00
     0.159870451E+00
     0.159870451E+00
     0.159870451E+00
     0.159870451E+00
     0.159870451E+00
     0.159870451E+00
     0.159870451E+00
     0.159870451E+00
     0.159870451E+00
     0.159870451E+00
     0.159870451E+00
     0.159870451E+00
     0.159870451E+00
     0.159870451E+00
     0.159870451E+00
     0.159870451E+00
     0.159870451E+00
     0.159870451E+00
     0.159870451E+00
     0.159870451E+00
     0.159870451E+00
     0.159870451E+00
     0.159870451E+00
     0.159870451E+00
     0.159870451E+00
     0.159870451E+00
     0.159870451E+00
     0.159870451E+00
     0.159870451E+00
     0.159870451E+00
     0.159870451E+00
     0.159870451E+00
     0.159870451E+00
     0.159870451E+00
     0.159870451E+00
     0.159870451E+00
     0.159870451E+00
     0.159870451E+00
     0.159870451E+00
     0.159870451E+00
     0.159870451E+00
     0.159870451E+00
     0.159870451E+00
     0.159870451E+00
     0.159870451E+00
     0.159870451E+00
     0.159870451E+00
     0.159870451E+00
     0.159870451E+00
     0.159870451E+00
     0.159870451E+00
     0.159870451E+00
     0.159870451E+00
     0.159870451E+00
     0.159870451E+00
     0.159870451E+00
     0.159870451E+00
     0.159870451E+00
     0.159870451E+00
     0.159870451E+00
     0.159870451E+00
     0.159870451E+00
     0.159870451E+00
     0.159870451E+00
     0.159870451E+00
     0.159870451E+00
     0.159870451E+00
     0.159870451E+00
     0.159870451E+00
     0.159870451E+00
     0.159870451E+00
     0.159870451E+00
     0.159870451E+00
     0.159870451E+00
     0.159870451E+00
     0.159870451E+00
     0.159870451E+00
     0.159870451E+00
     0.159870451E+00
     0.159870451E+00
     0.159870451E+00
     0.159870451E+00
     0.159870451E+00
     0.159870451E+00
     0.159870451E+00
     0.159870451E+00
     0.159870451E+00
     0.159870451E+00
     0.159870451E+00
     0.159870451E+00
     0.159870451E+00
     0.159870451E+00
     0.159870451E+00
     0.159870451E+00
     0.159870451E+00
     0.159870451E+00
     0.159870451E+00
     0.159870451E+00
     0.159870451E+00
     0.159870451E+00
     0.159870451E+00
     0.159870451E+00
     0.159870451E+00
     0.159870451E+00
     0.159870451E+00
     0.159870451E+00
     0.159870451E+00
     0.159870451E+00
     0.159870451E+00
     0.159870451E+00
     0.159870451E+00
     0.159870451E+00
     0.159870451E+00
     0.159870451E+00
     0.159870451E+00
     0.159870451E+00
     0.159870451E+00
     0.159870451E+00
     0.159870451E+00
     0.159870451E+00
     0.159870451E+00
     0.159870451E+00
     0.159870451E+00
     0.159870451E+00
     0.159870451E+00
     0.159870451E+00
     0.159870451E+00
     0.159870451E+00
     0.159870451E+00
     0.159870451E+00
     0.159870451E+00
     0.159870451E+00
     0.159870451E+00
     0.159870451E+00
     0.159870451E+00
     0.159870451E+00
     0.159870451E+00
     0.159870451E+00
     0.159870451E+00
     0.159870451E+00
     0.159870451E+00
     0.159870451E+00
     0.159870451E+00
     0.159870451E+00
     0.159870451E+00
     0.159870451E+00
     0.159870451E+00
     0.159870451E+00
     0.159870451E+00
     0.159870451E+00
     0.159870451E+00
     0.159870451E+00
     0.159870451E+00
     0.159870451E+00
     0.159870451E+00
     0.159870451E+00
     0.159870451E+00
     0.159870451E+00
     0.159870451E+00
     0.159870451E+00
     0.159870451E+00
     0.159870451E+00
     0.159870451E+00
     0.159870451E+00
     0.159870451E+00
     0.159870451E+00
     0.159870451E+00
     0.159870451E+00
     0.159870451E+00
     0.159870451E+00
     0.159870451E+00
     0.159870451E+00
     0.159870451E+00
     0.159870451E+00
     0.159870451E+00
     0.159870451E+00
     0.159870451E+00
     0.159870451E+00
     0.159870451E+00
     0.159870451E+00
     0.159870451E+00
     0.159870451E+00
     0.159870451E+00
     0.159870451E+00
     0.159870451E+00
     0.159870451E+00
     0.159870451E+00
     0.159870451E+00
     0.159870451E+00
     0.159870451E+00
     0.159870451E+00
     0.159870451E+00
     0.159870451E+00
     0.159870451E+00
     0.159870451E+00
     0.159870451E+00
     0.159870451E+00
     0.159870451E+00
     0.159870451E+00
     0.159870451E+00
     0.159870451E+00
     0.159870451E+00
     0.159870451E+00
     0.159870451E+00
     0.159870451E+00
     0.159870451E+00
     0.159870451E+00
     0.159870451E+00
     0.159870451E+00
     0.159870451E+00
     0.159870451E+00
     0.159870451E+00
     0.159870451E+00
     0.159870451E+00
     0.159870451E+00
     0.159870451E+00
     0.159870451E+00
     0.159870451E+00
     0.159870451E+00
     0.159870451E+00
     0.159870451E+00
     0.159870451E+00
     0.159870451E+00
     0.159870451E+00
     0.159870451E+00
     0.159870451E+00
     0.159870451E+00
     0.159870451E+00
     0.159870451E+00
     0.159870451E+00
     0.159870451E+00
     0.159870451E+00
     0.159870451E+00
     0.159870451E+00
     0.159870451E+00
     0.159870451E+00
     0.159870451E+00
     0.159870451E+00
     0.159870451E+00
     0.159870451E+00
     0.159870451E+00
     0.159870451E+00
     0.159870451E+00
     0.159870451E+00
     0.159870451E+00
     0.159870451E+00
     0.159870451E+00
     0.159870451E+00
     0.159870451E+00
     0.159870451E+00
     0.159870451E+00
     0.159870451E+00
     0.159870451E+00
     0.159870451E+00
     0.159870451E+00
     0.159870451E+00
     0.159870451E+00
     0.159870451E+00
     0.159870451E+00
     0.159870451E+00
     0.159870451E+00
     0.159870451E+00
     0.159870451E+00
     0.159870451E+00
     0.159870451E+00
     0.159870451E+00
     0.159870451E+00
     0.159870451E+00
     0.159870451E+00
     0.159870451E+00
     0.159870451E+00
     0.159870451E+00
     0.159870451E+00
     0.159870451E+00
     0.159870451E+00
     0.159870451E+00
     0.159870451E+00
     0.159870451E+00
     0.159870451E+00
     0.159870451E+00
     0.159870451E+00
     0.159870451E+00
     0.159870451E+00
     0.159870451E+00
     0.159870451E+00
     0.159870451E+00
     0.159870451E+00
     0.159870451E+00
     0.159870451E+00
     0.159870451E+00
     0.159870451E+00
     0.159870451E+00
     0.159870451E+00
     0.159870451E+00
     0.159870451E+00
     0.159870451E+00
     0.159870451E+00
     0.159870451E+00
     0.159870451E+00
     0.159870451E+00
     0.159870451E+00
     0.159870451E+00
     0.159870451E+00
     0.159870451E+00
     0.159870451E+00
     0.159870451E+00
     0.159870451E+00
     0.159870451E+00
     0.159870451E+00
     0.159870451E+00
     0.159870451E+00
     0.159870451E+00
     0.159870451E+00
     0.159870451E+00
     0.159870451E+00
     0.159870451E+00
     0.159870451E+00
     0.159870451E+00
     0.159870451E+00
     0.159870451E+00
     0.159870451E+00
     0.159870451E+00
     0.159870451E+00
     0.159870451E+00
     0.159870451E+00
     0.159870451E+00
     0.159870451E+00
     0.159870451E+00
     0.159870451E+00
     0.159870451E+00
     0.159870451E+00
     0.159870451E+00
     0.159870451E+00
     0.159870451E+00
     0.159870451E+00
     0.159870451E+00
     0.159870451E+00
     0.159870451E+00
     0.159870451E+00
     0.159870451E+00
     0.159870451E+00
     0.159870451E+00
     0.159870451E+00
     0.159870451E+00
     0.159870451E+00
     0.159870451E+00
     0.159870451E+00
     0.159870451E+00
     0.159870451E+00
     0.159870451E+00
     0.159870451E+00
     0.159870451E+00
     0.159870451E+00
     0.159870451E+00
     0.159870451E+00
     0.159870451E+00
     0.159870451E+00
     0.159870451E+00
     0.159870451E+00
     0.159870451E+00
     0.159870451E+00
     0.159870451E+00
     0.159870451E+00
     0.159870451E+00
     0.159870451E+00
     0.159870451E+00
     0.159870451E+00
     0.159870451E+00
     0.159870451E+00
     0.159870451E+00
     0.159870451E+00
     0.159870451E+00
     0.159870451E+00
     0.159870451E+00
     0.159870451E+00
     0.159870451E+00
     0.159870451E+00
     0.159870451E+00
     0.159870451E+00
     0.159870451E+00
     0.159870451E+00
     0.159870451E+00
     0.159870451E+00
     0.159870451E+00
     0.159870451E+00
     0.159870451E+00
     0.159870451E+00
     0.159870451E+00
     0.159870451E+00
     0.159870451E+00
     0.159870451E+00
     0.159870451E+00
     0.159870451E+00
     0.159870451E+00
     0.159870451E+00
     0.159870451E+00
     0.159870451E+00
     0.159870451E+00
     0.159870451E+00
     0.159870451E+00
     0.159870451E+00
     0.159870451E+00
     0.159870451E+00
     0.159870451E+00
     0.159870451E+00
     0.159870451E+00
     0.159870451E+00
     0.159870451E+00
     0.159870451E+00
     0.159870451E+00
     0.159870451E+00
     0.159870451E+00
     0.159870451E+00
     0.159870451E+00
     0.159870451E+00
     0.159870451E+00
     0.159870451E+00
     0.159870451E+00
     0.159870451E+00
     0.159870451E+00
     0.159870451E+00
     0.159870451E+00
     0.159870451E+00
     0.159870451E+00
     0.159870451E+00
     0.159870451E+00
     0.159870451E+00
     0.159870451E+00
     0.159870451E+00
     0.159870451E+00
     0.159870451E+00
     0.159870451E+00
     0.159870451E+00
     0.159870451E+00
     0.159870451E+00
     0.159870451E+00
     0.159870451E+00
     0.159870451E+00
     0.159870451E+00
     0.159870451E+00
     0.159870451E+00
     0.159870451E+00
     0.159870451E+00
     0.159870451E+00
     0.159870451E+00
     0.159870451E+00
     0.159870451E+00
     0.159870451E+00
     0.159870451E+00
     0.159870451E+00
     0.159870451E+00
     0.159870451E+00
     0.159870451E+00
     0.159870451E+00
     0.159870451E+00
     0.159870451E+00
     0.159870451E+00
     0.159870451E+00
     0.159870451E+00
     0.159870451E+00
     0.159870451E+00
     0.159870451E+00
     0.159870451E+00
     0.159870451E+00
     0.159870451E+00
     0.159870451E+00
     0.159870451E+00
     0.159870451E+00
     0.159870451E+00
     0.159870451E+00
     0.159870451E+00
     0.159870451E+00
     0.159870451E+00
     0.159870451E+00
     0.159870451E+00
     0.159870451E+00
     0.159870451E+00
     0.159870451E+00
     0.159870451E+00
     0.159870451E+00
     0.159870451E+00
     0.159870451E+00
     0.159870451E+00
     0.159870451E+00
     0.159870451E+00
     0.159870451E+00
     0.159870451E+00
     0.159870451E+00
     0.159870451E+00
     0.159870451E+00
     0.159870451E+00
     0.159870451E+00
     0.159870451E+00
     0.159870451E+00
     0.159870451E+00
     0.159870451E+00
     0.159870451E+00
     0.159870451E+00
     0.159870451E+00
     0.159870451E+00
     0.159870451E+00
     0.159870451E+00
     0.159870451E+00
     0.159870451E+00
     0.159870451E+00
     0.159870451E+00
     0.159870451E+00
     0.159870451E+00
     0.159870451E+00
     0.159870451E+00
     0.159870451E+00
     0.159870451E+00
     0.159870451E+00
     0.159870451E+00
     0.159870451E+00
     0.159870451E+00
     0.159870451E+00
     0.159870451E+00
     0.159870451E+00
     0.159870451E+00
     0.159870451E+00
     0.159870451E+00
     0.159870451E+00
     0.159870451E+00
     0.159870451E+00
     0.159870451E+00
     0.159870451E+00
     0.159870451E+00
     0.159870451E+00
     0.159870451E+00
     0.159870451E+00
     0.159870451E+00
     0.159870451E+00
     0.159870451E+00
     0.159870451E+00
     0.159870451E+00
     0.159870451E+00
     0.159870451E+00
     0.159870451E+00
     0.159870451E+00
     0.159870451E+00
     0.159870451E+00
     0.159870451E+00
     0.159870451E+00
     0.159870451E+00
     0.159870451E+00
     0.159870451E+00
     0.159870451E+00
     0.159870451E+00
     0.159870451E+00
     0.159870451E+00
     0.159870451E+00
     0.159870451E+00
     0.159870451E+00
     0.159870451E+00
     0.159870451E+00
     0.159870451E+00
     0.159870451E+00
     0.159870451E+00
     0.159870451E+00
     0.159870451E+00
     0.159870451E+00
     0.159870451E+00
     0.159870451E+00
     0.159870451E+00
     0.159870451E+00
     0.159870451E+00
     0.159870451E+00
     0.159870451E+00
     0.159870451E+00
     0.159870451E+00
     0.159870451E+00
     0.159870451E+00
     0.159870451E+00
     0.159870451E+00
     0.159870451E+00
     0.159870451E+00
     0.159870451E+00
     0.159870451E+00
     0.159870451E+00
     0.159870451E+00
     0.159870451E+00
     0.159870451E+00
     0.159870451E+00
     0.159870451E+00
     0.159870451E+00
     0.159870451E+00
     0.159870451E+00
     0.159870451E+00
     0.159870451E+00
     0.159870451E+00
     0.159870451E+00
     0.159870451E+00
     0.159870451E+00
     0.159870451E+00
     0.159870451E+00
     0.159870451E+00
     0.159870451E+00
     0.159870451E+00
     0.159870451E+00
     0.159870451E+00
     0.159870451E+00
     0.159870451E+00
     0.159870451E+00
     0.159870451E+00
     0.159870451E+00
     0.159870451E+00
     0.159870451E+00
     0.159870451E+00
     0.159870451E+00
     0.159870451E+00
     0.159870451E+00
     0.159870451E+00
     0.159870451E+00
     0.159870451E+00
     0.159870451E+00
     0.159870451E+00
     0.159870451E+00
     0.159870451E+00
     0.159870451E+00
     0.159870451E+00
     0.159870451E+00
     0.159870451E+00
     0.159870451E+00
     0.159870451E+00
     0.159870451E+00
     0.159870451E+00
     0.159870451E+00
     0.159870451E+00
     0.159870451E+00
     0.159870451E+00
     0.159870451E+00
     0.159870451E+00
     0.159870451E+00
     0.159870451E+00
     0.159870451E+00
     0.159870451E+00
     0.159870451E+00
     0.159870451E+00
     0.159870451E+00
     0.159870451E+00
     0.159870451E+00
     0.159870451E+00
     0.159870451E+00
     0.159870451E+00
     0.159870451E+00
     0.159870451E+00
     0.159870451E+00
     0.159870451E+00
     0.159870451E+00
     0.159870451E+00
     0.159870451E+00
     0.159870451E+00
     0.159870451E+00
     0.159870451E+00
     0.159870451E+00
     0.159870451E+00
     0.159870451E+00
     0.159870451E+00
     0.159870451E+00
     0.159870451E+00
     0.159870451E+00
     0.159870451E+00
     0.159870451E+00
     0.159870451E+00
     0.159870451E+00
     0.159870451E+00
     0.159870451E+00
     0.159870451E+00
     0.159870451E+00
     0.159870451E+00
     0.159870451E+00
     0.159870451E+00
     0.159870451E+00
     0.159870451E+00
     0.159870451E+00
     0.159870451E+00
     0.159870451E+00
     0.159870451E+00
     0.159870451E+00
     0.159870451E+00
     0.159870451E+00
     0.159870451E+00
     0.159870451E+00
     0.159870451E+00
     0.159870451E+00
     0.159870451E+00
     0.159870451E+00
     0.159870451E+00
     0.159870451E+00
     0.159870451E+00
     0.159870451E+00
     0.159870451E+00
     0.159870451E+00
     0.159870451E+00
     0.159870451E+00
     0.159870451E+00
     0.159870451E+00
     0.159870451E+00
     0.159870451E+00
     0.159870451E+00
     0.159870451E+00
     0.159870451E+00
     0.159870451E+00
     0.159870451E+00
     0.159870451E+00
     0.159870451E+00
     0.159870451E+00
     0.159870451E+00
     0.159870451E+00
     0.159870451E+00
     0.159870451E+00
     0.159870451E+00
     0.159870451E+00
     0.159870451E+00
     0.159870451E+00
     0.159870451E+00
     0.159870451E+00
     0.159870451E+00
     0.159870451E+00
     0.159870451E+00
     0.159870451E+00
     0.159870451E+00
     0.159870451E+00
     0.159870451E+00
     0.159870451E+00
     0.159870451E+00
     0.159870451E+00
     0.159870451E+00
     0.159870451E+00
     0.159870451E+00
     0.159870451E+00
     0.159870451E+00
     0.159870451E+00
     0.159870451E+00
     0.159870451E+00
     0.159870451E+00
     0.159870451E+00
     0.159870451E+00
     0.159870451E+00
     0.159870451E+00
     0.159870451E+00
     0.159870451E+00
     0.159870451E+00
     0.159870451E+00
     0.159870451E+00
     0.159870451E+00
     0.159870451E+00
     0.159870451E+00
     0.159870451E+00
     0.159870451E+00
     0.159870451E+00
     0.159870451E+00
     0.159870451E+00
     0.159870451E+00
     0.159870451E+00
     0.159870451E+00
     0.159870451E+00
     0.159870451E+00
     0.159870451E+00
     0.159870451E+00
     0.159870451E+00
     0.159870451E+00
     0.159870451E+00
     0.159870451E+00
     0.159870451E+00
     0.159870451E+00
     0.159870451E+00
     0.159870451E+00
     0.159870451E+00
     0.159870451E+00
     0.159870451E+00
     0.159870451E+00
     0.159870451E+00
     0.159870451E+00
     0.159870451E+00
     0.159870451E+00
     0.159870451E+00
     0.159870451E+00
     0.159870451E+00
     0.159870451E+00
     0.159870451E+00
     0.159870451E+00
     0.159870451E+00
     0.159870451E+00
     0.159870451E+00
     0.159870451E+00
     0.159870451E+00
     0.159870451E+00
     0.159870451E+00
     0.159870451E+00
     0.159870451E+00
     0.159870451E+00
     0.159870451E+00
     0.159870451E+00
     0.159870451E+00
     0.159870451E+00
     0.159870451E+00
     0.159870451E+00
     0.159870451E+00
     0.159870451E+00
     0.159870451E+00
     0.159870451E+00
     0.159870451E+00
     0.159870451E+00
     0.159870451E+00
     0.159870451E+00
     0.159870451E+00
     0.159870451E+00
     0.159870451E+00
     0.159870451E+00
     0.159870451E+00
     0.159870451E+00
     0.159870451E+00
     0.159870451E+00
     0.159870451E+00
     0.159870451E+00
     0.159870451E+00
     0.159870451E+00
     0.159870451E+00
     0.159870451E+00
     0.159870451E+00
     0.159870451E+00
     0.159870451E+00
     0.159870451E+00
     0.159870451E+00
     0.159870451E+00
     0.159870451E+00
     0.159870451E+00
     0.159870451E+00
     0.159870451E+00
     0.159870451E+00
     0.159870451E+00
     0.159870451E+00
     0.159870451E+00
     0.159870451E+00
     0.159870451E+00
     0.159870451E+00
     0.159870451E+00
     0.159870451E+00
     0.159870451E+00
     0.159870451E+00
     0.159870451E+00
     0.159870451E+00
     0.159870451E+00
     0.159870451E+00
     0.159870451E+00
     0.159870451E+00
     0.159870451E+00
     0.159870451E+00
     0.159870451E+00
     0.159870451E+00
     0.159870451E+00
     0.159870451E+00
     0.159870451E+00
     0.159870451E+00
     0.159870451E+00
     0.159870451E+00
     0.159870451E+00
     0.159870451E+00
     0.159870451E+00
     0.159870451E+00
     0.159870451E+00
     0.159870451E+00
     0.159870451E+00
     0.159870451E+00
     0.159870451E+00
     0.159870451E+00
     0.159870451E+00
     0.159870451E+00
     0.159870451E+00
     0.159870451E+00
     0.159870451E+00
     0.159870451E+00
     0.159870451E+00
     0.159870451E+00
     0.159870451E+00
     0.159870451E+00
     0.159870451E+00
     0.159870451E+00
     0.159870451E+00
     0.159870451E+00
     0.159870451E+00
     0.159870451E+00
     0.159870451E+00
     0.159870451E+00
     0.159870451E+00
     0.159870451E+00
     0.159870451E+00
     0.159870451E+00
     0.159870451E+00
     0.159870451E+00
     0.159870451E+00
     0.159870451E+00
     0.159870451E+00
     0.159870451E+00
     0.159870451E+00
     0.159870451E+00
     0.159870451E+00
     0.159870451E+00
     0.159870451E+00
     0.159870451E+00
     0.159870451E+00
     0.159870451E+00
     0.159870451E+00
     0.159870451E+00
     0.159870451E+00
     0.159870451E+00
     0.159870451E+00
     0.159870451E+00
     0.159870451E+00
     0.159870451E+00
     0.159870451E+00
     0.159870451E+00
     0.159870451E+00
     0.159870451E+00
     0.159870451E+00
     0.159870451E+00
     0.159870451E+00
     0.159870451E+00
     0.159870451E+00
     0.159870451E+00
     0.159870451E+00
     0.159870451E+00
     0.159870451E+00
     0.159870451E+00
     0.159870451E+00
     0.159870451E+00
     0.159870451E+00
     0.159870451E+00
     0.159870451E+00
     0.159870451E+00
     0.159870451E+00
     0.159870451E+00
     0.159870451E+00
     0.159870451E+00
     0.159870451E+00
     0.159870451E+00
     0.159870451E+00
     0.159870451E+00
     0.159870451E+00
     0.159870451E+00
     0.159870451E+00
     0.159870451E+00
     0.159870451E+00
     0.159870451E+00
     0.159870451E+00
     0.159870451E+00
     0.159870451E+00
     0.159870451E+00
     0.159870451E+00
     0.159870451E+00
     0.159870451E+00
     0.159870451E+00
     0.159870451E+00
     0.159870451E+00
     0.159870451E+00
     0.159870451E+00
     0.159870451E+00
     0.159870451E+00
     0.159870451E+00
     0.159870451E+00
     0.159870451E+00
     0.159870451E+00
     0.159870451E+00
     0.159870451E+00
     0.159870451E+00
     0.159870451E+00
     0.159870451E+00
     0.159870451E+00
     0.159870451E+00
     0.159870451E+00
     0.159870451E+00
     0.159870451E+00
     0.159870451E+00
     0.159870451E+00
     0.159870451E+00
     0.159870451E+00
     0.159870451E+00
     0.159870451E+00
     0.159870451E+00
     0.159870451E+00
     0.159870451E+00
     0.159870451E+00
     0.159870451E+00
     0.159870451E+00
     0.159870451E+00
     0.159870451E+00
     0.159870451E+00
     0.159870451E+00
     0.159870451E+00
     0.159870451E+00
     0.159870451E+00
     0.159870451E+00
     0.159870451E+00
     0.159870451E+00
     0.159870451E+00
     0.159870451E+00
     0.159870451E+00
     0.159870451E+00
     0.159870451E+00
     0.159870451E+00
     0.159870451E+00
     0.159870451E+00
     0.159870451E+00
     0.159870451E+00
     0.159870451E+00
     0.159870451E+00
     0.159870451E+00
     0.159870451E+00
     0.159870451E+00
     0.159870451E+00
     0.159870451E+00
     0.159870451E+00
     0.159870451E+00
     0.159870451E+00
     0.159870451E+00
     0.159870451E+00
     0.159870451E+00
     0.159870451E+00
     0.159870451E+00
     0.159870451E+00
     0.159870451E+00
     0.159870451E+00
     0.159870451E+00
     0.159870451E+00
     0.159870451E+00
     0.159870451E+00
     0.159870451E+00
     0.159870451E+00
     0.159870451E+00
     0.159870451E+00
     0.159870451E+00
     0.159870451E+00
     0.159870451E+00
     0.159870451E+00
     0.159870451E+00
     0.159870451E+00
     0.159870451E+00
     0.159870451E+00
     0.159870451E+00
     0.159870451E+00
     0.159870451E+00
     0.159870451E+00
     0.159870451E+00
     0.159870451E+00
     0.159870451E+00
     0.159870451E+00
     0.159870451E+00
     0.159870451E+00
     0.159870451E+00
     0.159870451E+00
     0.159870451E+00
     0.159870451E+00
     0.159870451E+00
     0.159870451E+00
     0.159870451E+00
     0.159870451E+00
     0.159870451E+00
     0.159870451E+00
     0.159870451E+00
     0.159870451E+00
     0.159870451E+00
     0.159870451E+00
     0.159870451E+00
     0.159870451E+00
     0.159870451E+00
     0.159870451E+00
     0.159870451E+00
     0.159870451E+00
     0.159870451E+00
     0.159870451E+00
     0.159870451E+00
     0.159870451E+00
     0.159870451E+00
     0.159870451E+00
     0.159870451E+00
     0.159870451E+00
     0.159870451E+00
     0.159870451E+00
     0.159870451E+00
     0.159870451E+00
     0.159870451E+00
     0.159870451E+00
     0.159870451E+00
     0.159870451E+00
     0.159870451E+00
     0.159870451E+00
     0.159870451E+00
     0.159870451E+00
     0.159870451E+00
     0.159870451E+00
     0.159870451E+00
     0.159870451E+00
     0.159870451E+00
     0.159870451E+00
     0.159870451E+00
     0.159870451E+00
     0.159870451E+00
     0.159870451E+00
     0.159870451E+00
     0.159870451E+00
     0.159870451E+00
     0.159870451E+00
     0.159870451E+00
     0.159870451E+00
     0.159870451E+00
     0.159870451E+00
     0.159870451E+00
     0.159870451E+00
     0.159870451E+00
     0.159870451E+00
     0.159870451E+00
     0.159870451E+00
     0.159870451E+00
     0.159870451E+00
     0.159870451E+00
     0.159870451E+00
     0.159870451E+00
     0.159870451E+00
     0.159870451E+00
     0.159870451E+00
     0.159870451E+00
     0.159870451E+00
     0.159870451E+00
     0.159870451E+00
     0.159870451E+00
     0.159870451E+00
     0.159870451E+00
     0.159870451E+00
     0.159870451E+00
     0.159870451E+00
     0.159870451E+00
     0.159870451E+00
     0.159870451E+00
     0.159870451E+00
     0.159870451E+00
     0.159870451E+00
     0.159870451E+00
     0.159870451E+00
     0.159870451E+00
     0.159870451E+00
     0.159870451E+00
     0.159870451E+00
     0.159870451E+00
     0.159870451E+00
     0.159870451E+00
     0.159870451E+00
     0.159870451E+00
     0.159870451E+00
     0.159870451E+00
     0.159870451E+00
     0.159870451E+00
     0.159870451E+00
     0.159870451E+00
     0.159870451E+00
     0.159870451E+00
     0.159870451E+00
     0.159870451E+00
     0.159870451E+00
     0.159870451E+00
     0.159870451E+00
     0.159870451E+00
     0.159870451E+00
     0.159870451E+00
     0.159870451E+00
     0.159870451E+00
     0.159870451E+00
     0.159870451E+00
     0.159870451E+00
     0.159870451E+00
     0.159870451E+00
     0.159870451E+00
     0.159870451E+00
     0.159870451E+00
     0.159870451E+00
     0.159870451E+00
     0.159870451E+00
     0.159870451E+00
     0.159870451E+00
     0.159870451E+00
     0.159870451E+00
     0.159870451E+00
     0.159870451E+00
     0.159870451E+00
     0.159870451E+00
     0.159870451E+00
     0.159870451E+00
     0.159870451E+00
     0.159870451E+00
     0.159870451E+00
     0.159870451E+00
     0.159870451E+00
     0.159870451E+00
     0.159870451E+00
     0.159870451E+00
     0.159870451E+00
     0.159870451E+00
     0.159870451E+00
     0.159870451E+00
     0.159870451E+00
     0.159870451E+00
     0.159870451E+00
     0.159870451E+00
     0.159870451E+00
     0.159870451E+00
     0.159870451E+00
     0.159870451E+00
     0.159870451E+00
     0.159870451E+00
     0.159870451E+00
     0.159870451E+00
     0.159870451E+00
     0.159870451E+00
     0.159870451E+00
     0.159870451E+00
     0.159870451E+00
     0.159870451E+00
     0.159870451E+00
     0.159870451E+00
     0.159870451E+00
     0.159870451E+00
     0.159870451E+00
     0.159870451E+00
     0.159870451E+00
     0.159870451E+00
     0.159870451E+00
     0.159870451E+00
     0.159870451E+00
     0.159870451E+00
     0.159870451E+00
     0.159870451E+00
     0.159870451E+00
     0.159870451E+00
     0.159870451E+00
     0.159870451E+00
     0.159870451E+00
     0.159870451E+00
     0.159870451E+00
     0.159870451E+00
     0.159870451E+00
     0.159870451E+00
     0.159870451E+00
     0.159870451E+00
     0.159870451E+00
     0.159870451E+00
     0.159870451E+00
     0.159870451E+00
     0.159870451E+00
     0.159870451E+00
     0.159870451E+00
     0.159870451E+00
     0.159870451E+00
     0.159870451E+00
     0.159870451E+00
     0.159870451E+00
     0.159870451E+00
     0.159870451E+00
     0.159870451E+00
     0.159870451E+00
     0.159870451E+00
     0.159870451E+00
     0.159870451E+00
     0.159870451E+00
     0.159870451E+00
     0.159870451E+00
     0.159870451E+00
     0.159870451E+00
     0.159870451E+00
     0.159870451E+00
     0.159870451E+00
     0.159870451E+00
     0.159870451E+00
     0.159870451E+00
     0.159870451E+00
     0.159870451E+00
     0.159870451E+00
     0.159870451E+00
     0.159870451E+00
     0.159870451E+00
     0.159870451E+00
     0.159870451E+00
     0.159870451E+00
     0.159870451E+00
     0.159870451E+00
     0.159870451E+00
     0.159870451E+00
     0.159870451E+00
     0.159870451E+00
     0.159870451E+00
     0.159870451E+00
     0.159870451E+00
     0.159870451E+00
     0.159870451E+00
     0.159870451E+00
     0.159870451E+00
     0.159870451E+00
     0.159870451E+00
     0.159870451E+00
     0.159870451E+00
     0.159870451E+00
     0.159870451E+00
     0.159870451E+00
     0.159870451E+00
     0.159870451E+00
     0.159870451E+00
     0.159870451E+00
     0.159870451E+00
     0.159870451E+00
     0.159870451E+00
     0.159870451E+00
     0.159870451E+00
     0.159870451E+00
     0.159870451E+00
     0.159870451E+00
     0.159870451E+00
     0.159870451E+00
     0.159870451E+00
     0.159870451E+00
     0.159870451E+00
     0.159870451E+00
     0.159870451E+00
     0.159870451E+00
     0.159870451E+00
     0.159870451E+00
     0.159870451E+00
     0.159870451E+00
     0.159870451E+00
     0.159870451E+00
     0.159870451E+00
     0.159870451E+00
     0.159870451E+00
     0.159870451E+00
     0.159870451E+00
     0.159870451E+00
     0.159870451E+00
     0.159870451E+00
     0.159870451E+00
     0.159870451E+00
     0.159870451E+00
     0.159870451E+00
     0.159870451E+00
     0.159870451E+00
     0.159870451E+00
     0.159870451E+00
     0.159870451E+00
     0.159870451E+00
     0.159870451E+00
     0.159870451E+00
     0.159870451E+00
     0.159870451E+00
     0.159870451E+00
     0.159870451E+00
     0.159870451E+00
     0.159870451E+00
     0.159870451E+00
     0.159870451E+00
     0.159870451E+00
     0.159870451E+00
     0.159870451E+00
     0.159870451E+00
     0.159870451E+00
     0.159870451E+00
     0.159870451E+00
     0.159870451E+00
     0.159870451E+00
     0.159870451E+00
     0.159870451E+00
     0.159870451E+00
     0.159870451E+00
     0.159870451E+00
     0.159870451E+00
     0.159870451E+00
     0.159870451E+00
     0.159870451E+00
     0.159870451E+00
     0.159870451E+00
     0.159870451E+00
     0.159870451E+00
     0.159870451E+00
     0.159870451E+00
     0.159870451E+00
     0.159870451E+00
     0.159870451E+00
     0.159870451E+00
     0.159870451E+00
     0.159870451E+00
     0.159870451E+00
     0.159870451E+00
     0.159870451E+00
     0.159870451E+00
     0.159870451E+00
     0.159870451E+00
     0.159870451E+00
     0.159870451E+00
     0.159870451E+00
     0.159870451E+00
     0.159870451E+00
     0.159870451E+00
     0.159870451E+00
     0.159870451E+00
     0.159870451E+00
     0.159870451E+00
     0.159870451E+00
     0.159870451E+00
     0.159870451E+00
     0.159870451E+00
     0.159870451E+00
     0.159870451E+00
     0.159870451E+00
     0.159870451E+00
     0.159870451E+00
     0.159870451E+00
     0.159870451E+00
     0.159870451E+00
     0.159870451E+00
     0.159870451E+00
     0.159870451E+00
     0.159870451E+00
     0.159870451E+00
     0.159870451E+00
     0.159870451E+00
     0.159870451E+00
     0.159870451E+00
     0.159870451E+00
     0.159870451E+00
     0.159870451E+00
     0.159870451E+00
     0.159870451E+00
     0.159870451E+00
     0.159870451E+00
     0.159870451E+00
     0.159870451E+00
     0.159870451E+00
     0.159870451E+00
     0.159870451E+00
     0.159870451E+00
     0.159870451E+00
     0.159870451E+00
     0.159870451E+00
     0.159870451E+00
     0.159870451E+00
     0.159870451E+00
     0.159870451E+00
     0.159870451E+00
     0.159870451E+00
     0.159870451E+00
     0.159870451E+00
     0.159870451E+00
     0.159870451E+00
     0.159870451E+00
     0.159870451E+00
     0.159870451E+00
     0.159870451E+00
     0.159870451E+00
     0.159870451E+00
     0.159870451E+00
     0.159870451E+00
     0.159870451E+00
     0.159870451E+00
     0.159870451E+00
     0.159870451E+00
     0.159870451E+00
     0.159870451E+00
     0.159870451E+00
     0.159870451E+00
     0.159870451E+00
     0.159870451E+00
     0.159870451E+00
     0.159870451E+00
     0.159870451E+00
     0.159870451E+00
     0.159870451E+00
     0.159870451E+00
     0.159870451E+00
     0.159870451E+00
     0.159870451E+00
     0.159870451E+00
     0.159870451E+00
     0.159870451E+00
     0.159870451E+00
     0.159870451E+00
     0.159870451E+00
     0.159870451E+00
     0.159870451E+00
     0.159870451E+00
     0.159870451E+00
     0.159870451E+00
     0.159870451E+00
     0.159870451E+00
     0.159870451E+00
     0.159870451E+00
     0.159870451E+00
     0.159870451E+00
     0.159870451E+00
     0.159870451E+00
     0.159870451E+00
     0.159870451E+00
     0.159870451E+00
     0.159870451E+00
     0.159870451E+00
     0.159870451E+00
     0.159870451E+00
     0.159870451E+00
     0.159870451E+00
     0.159870451E+00
     0.159870451E+00
     0.159870451E+00
     0.159870451E+00
     0.159870451E+00
     0.159870451E+00
     0.159870451E+00
     0.159870451E+00
     0.159870451E+00
     0.159870451E+00
     0.159870451E+00
     0.159870451E+00
     0.159870451E+00
     0.159870451E+00
     0.159870451E+00
     0.159870451E+00
     0.159870451E+00
     0.159870451E+00
     0.159870451E+00
     0.159870451E+00
     0.159870451E+00
     0.159870451E+00
     0.159870451E+00
     0.159870451E+00
     0.159870451E+00
     0.159870451E+00
     0.159870451E+00
     0.159870451E+00
     0.159870451E+00
     0.159870451E+00
     0.159870451E+00
     0.159870451E+00
     0.159870451E+00
     0.159870451E+00
     0.159870451E+00
     0.159870451E+00
     0.159870451E+00
     0.159870451E+00
     0.159870451E+00
     0.159870451E+00
     0.159870451E+00
     0.159870451E+00
     0.159870451E+00
     0.159870451E+00
     0.159870451E+00
     0.159870451E+00
     0.159870451E+00
     0.159870451E+00
     0.159870451E+00
     0.159870451E+00
     0.159870451E+00
     0.159870451E+00
     0.159870451E+00
     0.159870451E+00
     0.159870451E+00
     0.159870451E+00
     0.159870451E+00
     0.159870451E+00
     0.159870451E+00
     0.159870451E+00
     0.159870451E+00
     0.159870451E+00
     0.159870451E+00
     0.159870451E+00
     0.159870451E+00
     0.159870451E+00
     0.159870451E+00
     0.159870451E+00
     0.159870451E+00
     0.159870451E+00
     0.159870451E+00
     0.159870451E+00
     0.159870451E+00
     0.159870451E+00
     0.159870451E+00
     0.159870451E+00
     0.159870451E+00
     0.159870451E+00
     0.159870451E+00
     0.159870451E+00
     0.159870451E+00
     0.159870451E+00
     0.159870451E+00
     0.159870451E+00
     0.159870451E+00
     0.159870451E+00
     0.159870451E+00
     0.159870451E+00
     0.159870451E+00
     0.159870451E+00
     0.159870451E+00
     0.159870451E+00
     0.159870451E+00
     0.159870451E+00
     0.159870451E+00
     0.159870451E+00
     0.159870451E+00
     0.159870451E+00
     0.159870451E+00
     0.159870451E+00
     0.159870451E+00
     0.159870451E+00
     0.159870451E+00
     0.159870451E+00
     0.159870451E+00
     0.159870451E+00
     0.159870451E+00
     0.159870451E+00
     0.159870451E+00
     0.159870451E+00
     0.159870451E+00
     0.159870451E+00
     0.159870451E+00
     0.159870451E+00
     0.159870451E+00
     0.159870451E+00
     0.159870451E+00
     0.159870451E+00
     0.159870451E+00
     0.159870451E+00
     0.159870451E+00
     0.159870451E+00
     0.159870451E+00
     0.159870451E+00
     0.159870451E+00
     0.159870451E+00
     0.159870451E+00
     0.159870451E+00
     0.159870451E+00
     0.159870451E+00
     0.159870451E+00
     0.159870451E+00
     0.159870451E+00
     0.159870451E+00
     0.159870451E+00
     0.159870451E+00
     0.159870451E+00
     0.159870451E+00
     0.159870451E+00
     0.159870451E+00
     0.159870451E+00
     0.159870451E+00
     0.159870451E+00
     0.159870451E+00
     0.159870451E+00
     0.159870451E+00
     0.159870451E+00
     0.159870451E+00
     0.159870451E+00
     0.159870451E+00
     0.159870451E+00
     0.159870451E+00
     0.159870451E+00
     0.159870451E+00
     0.159870451E+00
     0.159870451E+00
     0.159870451E+00
     0.159870451E+00
     0.159870451E+00
     0.159870451E+00
     0.159870451E+00
     0.159870451E+00
     0.159870451E+00
     0.159870451E+00
     0.159870451E+00
     0.159870451E+00
     0.159870451E+00
     0.159870451E+00
     0.159870451E+00
     0.159870451E+00
     0.159870451E+00
     0.159870451E+00
     0.159870451E+00
     0.159870451E+00
     0.159870451E+00
     0.159870451E+00
     0.159870451E+00
     0.159870451E+00
     0.159870451E+00
     0.159870451E+00
     0.159870451E+00
     0.159870451E+00
     0.159870451E+00
     0.159870451E+00
     0.159870451E+00
     0.159870451E+00
     0.159870451E+00
     0.159870451E+00
     0.159870451E+00
     0.159870451E+00
     0.159870451E+00
     0.159870451E+00
     0.159870451E+00
     0.159870451E+00
     0.159870451E+00
     0.159870451E+00
     0.159870451E+00
     0.159870451E+00
     0.159870451E+00
     0.159870451E+00
     0.159870451E+00
     0.159870451E+00
     0.159870451E+00
     0.159870451E+00
     0.159870451E+00
     0.159870451E+00
     0.159870451E+00
     0.159870451E+00
     0.159870451E+00
     0.159870451E+00
     0.159870451E+00
     0.159870451E+00
     0.159870451E+00
     0.159870451E+00
     0.159870451E+00
     0.159870451E+00
     0.159870451E+00
     0.159870451E+00
     0.159870451E+00
     0.159870451E+00
     0.159870451E+00
     0.159870451E+00
     0.159870451E+00
     0.159870451E+00
     0.159870451E+00
     0.159870451E+00
     0.159870451E+00
     0.159870451E+00
     0.159870451E+00
     0.159870451E+00
     0.159870451E+00
     0.159870451E+00
     0.159870451E+00
     0.159870451E+00
     0.159870451E+00
     0.159870451E+00
     0.159870451E+00
     0.159870451E+00
     0.159870451E+00
     0.159870451E+00
     0.159870451E+00
     0.159870451E+00
     0.159870451E+00
     0.159870451E+00
     0.159870451E+00
     0.159870451E+00
     0.159870451E+00
     0.159870451E+00
     0.159870451E+00
     0.159870451E+00
     0.159870451E+00
     0.159870451E+00
     0.159870451E+00
     0.159870451E+00
     0.159870451E+00
     0.159870451E+00
     0.159870451E+00
     0.159870451E+00
     0.159870451E+00
     0.159870451E+00
     0.159870451E+00
     0.159870451E+00
     0.159870451E+00
     0.159870451E+00
     0.159870451E+00
     0.159870451E+00
     0.159870451E+00
     0.159870451E+00
     0.159870451E+00
     0.159870451E+00
     0.159870451E+00
     0.159870451E+00
     0.159870451E+00
     0.159870451E+00
     0.159870451E+00
     0.159870451E+00
     0.159870451E+00
     0.159870451E+00
     0.159870451E+00
     0.159870451E+00
     0.159870451E+00
     0.159870451E+00
     0.159870451E+00
     0.159870451E+00
     0.159870451E+00
     0.159870451E+00
     0.159870451E+00
     0.159870451E+00
     0.159870451E+00
     0.159870451E+00
     0.159870451E+00
     0.159870451E+00
     0.159870451E+00
     0.159870451E+00
     0.159870451E+00
     0.159870451E+00
     0.159870451E+00
     0.159870451E+00
     0.159870451E+00
     0.159870451E+00
     0.159870451E+00
     0.159870451E+00
     0.159870451E+00
     0.159870451E+00
     0.159870451E+00
     0.159870451E+00
     0.159870451E+00
     0.159870451E+00
     0.159870451E+00
     0.159870451E+00
     0.159870451E+00
     0.159870451E+00
     0.159870451E+00
     0.159870451E+00
     0.159870451E+00
     0.159870451E+00
     0.159870451E+00
     0.159870451E+00
     0.159870451E+00
     0.159870451E+00
     0.159870451E+00
     0.159870451E+00
     0.159870451E+00
     0.159870451E+00
     0.159870451E+00
     0.159870451E+00
     0.159870451E+00
     0.159870451E+00
     0.159870451E+00
     0.159870451E+00
     0.159870451E+00
     0.159870451E+00
     0.159870451E+00
     0.159870451E+00
     0.159870451E+00
     0.159870451E+00
     0.159870451E+00
     0.159870451E+00
     0.159870451E+00
     0.159870451E+00
     0.159870451E+00
     0.159870451E+00
     0.159870451E+00
     0.159870451E+00
     0.159870451E+00
     0.159870451E+00
     0.159870451E+00
     0.159870451E+00
     0.159870451E+00
     0.159870451E+00
     0.159870451E+00
     0.159870451E+00
     0.159870451E+00
     0.159870451E+00
     0.159870451E+00
     0.159870451E+00
     0.159870451E+00
     0.159870451E+00
     0.159870451E+00
     0.159870451E+00
     0.159870451E+00
     0.159870451E+00
     0.159870451E+00
     0.159870451E+00
     0.159870451E+00
     0.159870451E+00
     0.159870451E+00
     0.159870451E+00
     0.159870451E+00
     0.159870451E+00
     0.159870451E+00
     0.159870451E+00
     0.159870451E+00
     0.159870451E+00
     0.159870451E+00
     0.159870451E+00
     0.159870451E+00
     0.159870451E+00
     0.159870451E+00
     0.159870451E+00
     0.159870451E+00
     0.159870451E+00
     0.159870451E+00
     0.159870451E+00
     0.159870451E+00
     0.159870451E+00
     0.159870451E+00
     0.159870451E+00
     0.159870451E+00
     0.159870451E+00
     0.159870451E+00
     0.159870451E+00
     0.159870451E+00
     0.159870451E+00
     0.159870451E+00
     0.159870451E+00
     0.159870451E+00
     0.159870451E+00
     0.159870451E+00
     0.159870451E+00
     0.159870451E+00
     0.159870451E+00
     0.159870451E+00
     0.159870451E+00
     0.159870451E+00
     0.159870451E+00
     0.159870451E+00
     0.159870451E+00
     0.159870451E+00
     0.159870451E+00
     0.159870451E+00
     0.159870451E+00
     0.159870451E+00
     0.159870451E+00
     0.159870451E+00
     0.159870451E+00
     0.159870451E+00
     0.159870451E+00
     0.159870451E+00
     0.159870451E+00
     0.159870451E+00
     0.159870451E+00
     0.159870451E+00
     0.159870451E+00
     0.159870451E+00
     0.159870451E+00
     0.159870451E+00
     0.159870451E+00
     0.159870451E+00
     0.159870451E+00
     0.159870451E+00
     0.159870451E+00
     0.159870451E+00
     0.159870451E+00
     0.159870451E+00
     0.159870451E+00
     0.159870451E+00
     0.159870451E+00
     0.159870451E+00
     0.159870451E+00
     0.159870451E+00
     0.159870451E+00
     0.159870451E+00
     0.159870451E+00
     0.159870451E+00
     0.159870451E+00
     0.159870451E+00
     0.159870451E+00
     0.159870451E+00
     0.159870451E+00
     0.159870451E+00
     0.159870451E+00
     0.159870451E+00
     0.159870451E+00
     0.159870451E+00
     0.159870451E+00
     0.159870451E+00
     0.159870451E+00
     0.159870451E+00
     0.159870451E+00
     0.159870451E+00
     0.159870451E+00
     0.159870451E+00
     0.159870451E+00
     0.159870451E+00
     0.159870451E+00
     0.159870451E+00
     0.159870451E+00
     0.159870451E+00
     0.159870451E+00
     0.159870451E+00
     0.159870451E+00
     0.159870451E+00
     0.159870451E+00
     0.159870451E+00
     0.159870451E+00
     0.159870451E+00
     0.159870451E+00
     0.159870451E+00
     0.159870451E+00
     0.159870451E+00
     0.159870451E+00
     0.159870451E+00
     0.159870451E+00
     0.159870451E+00
     0.159870451E+00
     0.159870451E+00
     0.159870451E+00
     0.159870451E+00
     0.159870451E+00
     0.159870451E+00
     0.159870451E+00
     0.159870451E+00
     0.159870451E+00
     0.159870451E+00
     0.159870451E+00
     0.159870451E+00
     0.159870451E+00
     0.159870451E+00
     0.159870451E+00
     0.159870451E+00
     0.159870451E+00
     0.159870451E+00
     0.159870451E+00
     0.159870451E+00
     0.159870451E+00
