     0.700000000E+03
     0.692234025E+03
     0.688383406E+03
     0.676959591E+03
     0.662022195E+03
     0.666654379E+03
     0.699219498E+03
     0.698829573E+03
     0.697661104E+03
     0.696106183E+03
     0.696591723E+03
     0.696106183E+03
     0.694997179E+03
     0.694443340E+03
     0.692784470E+03
     0.690578806E+03
     0.691267320E+03
     0.695327094E+03
     0.694937877E+03
     0.693771532E+03
     0.692219449E+03
     0.692704102E+03
     0.692219449E+03
     0.691400547E+03
     0.690991459E+03
     0.689765647E+03
     0.688134613E+03
     0.688643897E+03
     0.688134613E+03
     0.687294340E+03
     0.686874588E+03
     0.685616870E+03
     0.683943495E+03
     0.684465985E+03
     0.683943495E+03
     0.683069249E+03
     0.682632546E+03
     0.681324109E+03
     0.679583428E+03
     0.680126913E+03
     0.679583428E+03
     0.678686025E+03
     0.678237768E+03
     0.676894773E+03
     0.675108249E+03
     0.675666031E+03
     0.675108249E+03
     0.674195567E+03
     0.673739689E+03
     0.672373904E+03
     0.670557163E+03
     0.671124367E+03
     0.670557163E+03
     0.669635236E+03
     0.669174748E+03
     0.667795183E+03
     0.665960186E+03
     0.666533080E+03
     0.665960186E+03
     0.665033790E+03
     0.664571076E+03
     0.663184864E+03
     0.661341078E+03
     0.661916710E+03
     0.661341078E+03
     0.660414087E+03
     0.659951079E+03
     0.658564002E+03
     0.656719100E+03
     0.657295076E+03
     0.656719100E+03
     0.655794707E+03
     0.655332999E+03
     0.653949823E+03
     0.652110128E+03
     0.652684476E+03
     0.652110128E+03
     0.651190993E+03
     0.650731912E+03
     0.649356608E+03
     0.647527391E+03
     0.648098467E+03
     0.647527391E+03
     0.646615747E+03
     0.646160406E+03
     0.644796308E+03
     0.642981988E+03
     0.643548414E+03
     0.642981988E+03
     0.642079712E+03
     0.641629050E+03
     0.640278959E+03
     0.638483255E+03
     0.639043871E+03
     0.638483255E+03
     0.637591927E+03
     0.637146729E+03
     0.635813002E+03
     0.634039040E+03
     0.634592870E+03
     0.634039040E+03
     0.633159980E+03
     0.632720907E+03
     0.631405515E+03
     0.629655912E+03
     0.630202141E+03
     0.629655912E+03
     0.628790218E+03
     0.628357818E+03
     0.627062401E+03
     0.625339331E+03
     0.625877281E+03
     0.625339331E+03
     0.624487907E+03
     0.624062630E+03
     0.622788535E+03
     0.621093788E+03
     0.621622901E+03
     0.621093788E+03
     0.620257365E+03
     0.619839577E+03
     0.618587898E+03
     0.616922923E+03
     0.617442746E+03
     0.616922923E+03
     0.616102083E+03
     0.615692073E+03
     0.614463678E+03
     0.612829630E+03
     0.613339803E+03
     0.612829630E+03
     0.612024822E+03
     0.611622815E+03
     0.610418377E+03
     0.608816148E+03
     0.609316392E+03
     0.608816148E+03
     0.608027709E+03
     0.607633872E+03
     0.606453893E+03
     0.604884150E+03
     0.605374257E+03
     0.604884150E+03
     0.604112315E+03
     0.603726767E+03
     0.602571600E+03
     0.601034813E+03
     0.601514638E+03
     0.601034813E+03
     0.600279735E+03
     0.599902552E+03
     0.598772423E+03
     0.597268896E+03
     0.597738342E+03
     0.597268896E+03
     0.596530653E+03
     0.596161874E+03
     0.595056904E+03
     0.593586795E+03
     0.594045814E+03
     0.593586795E+03
     0.592865407E+03
     0.592505041E+03
     0.591425259E+03
     0.589988609E+03
     0.590437187E+03
     0.589988609E+03
     0.589284044E+03
     0.588932077E+03
     0.587877436E+03
     0.586474186E+03
     0.586912342E+03
     0.586474186E+03
     0.585786373E+03
     0.585442769E+03
     0.584413166E+03
     0.583043177E+03
     0.583470953E+03
     0.583043177E+03
     0.582372013E+03
     0.582036721E+03
     0.581032002E+03
     0.579695074E+03
     0.580112534E+03
     0.579695074E+03
     0.579040433E+03
     0.578713390E+03
     0.577733367E+03
     0.576429252E+03
     0.576836471E+03
     0.576429252E+03
     0.575790237E+03
     0.575470996E+03
     0.574514333E+03
     0.573241255E+03
     0.573638789E+03
     0.573241255E+03
     0.572617593E+03
     0.572306016E+03
     0.571372302E+03
     0.570129720E+03
     0.570517736E+03
     0.570129720E+03
     0.569521287E+03
     0.569217314E+03
     0.568306368E+03
     0.567094041E+03
     0.567472615E+03
     0.567094041E+03
     0.566500710E+03
     0.566204278E+03
     0.565315910E+03
     0.564133588E+03
     0.564502798E+03
     0.564133588E+03
     0.563555232E+03
     0.563266277E+03
     0.562400298E+03
     0.561247731E+03
     0.561607654E+03
     0.561247731E+03
     0.560684226E+03
     0.560402686E+03
     0.559558913E+03
     0.558435858E+03
     0.558786571E+03
     0.558435858E+03
     0.557887090E+03
     0.557612908E+03
     0.556791171E+03
     0.555697405E+03
     0.556038976E+03
     0.555697405E+03
     0.555163273E+03
     0.554896400E+03
     0.554096550E+03
     0.553031876E+03
     0.553364366E+03
     0.553031876E+03
     0.552512299E+03
     0.552252694E+03
     0.551474610E+03
     0.550438870E+03
     0.550762329E+03
     0.550438870E+03
     0.549933791E+03
     0.549681426E+03
     0.548925024E+03
     0.547918107E+03
     0.548232570E+03
     0.547918107E+03
     0.547427500E+03
     0.547182362E+03
     0.546447604E+03
     0.545469462E+03
     0.545774943E+03
     0.545469462E+03
     0.544993339E+03
     0.544755433E+03
     0.544042339E+03
     0.543092999E+03
     0.543389489E+03
     0.543092999E+03
     0.542631418E+03
     0.542400774E+03
     0.541709433E+03
     0.540789014E+03
     0.541076477E+03
     0.540789014E+03
     0.540342093E+03
     0.540118772E+03
     0.539449360E+03
     0.538558101E+03
     0.538836461E+03
     0.538558101E+03
     0.538126032E+03
     0.537910127E+03
     0.537262933E+03
     0.536401220E+03
     0.536670357E+03
     0.536401220E+03
     0.535984290E+03
     0.535775946E+03
     0.535151402E+03
     0.534319809E+03
     0.534579543E+03
     0.534319809E+03
     0.533918431E+03
     0.533717856E+03
     0.533116581E+03
     0.532315935E+03
     0.532566008E+03
     0.532315935E+03
     0.531930696E+03
     0.531738181E+03
     0.531161054E+03
     0.530392526E+03
     0.530632572E+03
     0.530392526E+03
     0.530024256E+03
     0.529840216E+03
     0.529288482E+03
     0.528553729E+03
     0.528783230E+03
     0.528553729E+03
     0.528203627E+03
     0.528028663E+03
     0.527504118E+03
     0.526805536E+03
     0.527023743E+03
     0.526805536E+03
     0.526475400E+03
     0.526310410E+03
     0.525815749E+03
     0.525156924E+03
     0.525362718E+03
     0.525156924E+03
     0.524849638E+03
     0.524696062E+03
     0.524235605E+03
     0.523622290E+03
     0.523813874E+03
     0.523622290E+03
     0.523343084E+03
     0.523203537E+03
     0.522785119E+03
     0.522227748E+03
     0.522401862E+03
     0.523385831E+03
     0.523267641E+03
     0.522913232E+03
     0.522441059E+03
     0.522588567E+03
     0.522441059E+03
     0.522201997E+03
     0.522082506E+03
     0.521724200E+03
     0.521246840E+03
     0.521395968E+03
     0.521246840E+03
     0.520986563E+03
     0.520856473E+03
     0.520466398E+03
     0.519946752E+03
     0.520109086E+03
     0.519946752E+03
     0.519663861E+03
     0.519522473E+03
     0.519098539E+03
     0.518533833E+03
     0.518710237E+03
     0.518533833E+03
     0.518233738E+03
     0.518083755E+03
     0.517634069E+03
     0.517035094E+03
     0.517222199E+03
     0.517035094E+03
     0.516721337E+03
     0.516564530E+03
     0.516094394E+03
     0.515468211E+03
     0.515663811E+03
     0.515468211E+03
     0.515143329E+03
     0.514980964E+03
     0.514494178E+03
     0.513845846E+03
     0.514048362E+03
     0.513845846E+03
     0.513511764E+03
     0.513344805E+03
     0.512844252E+03
     0.512177608E+03
     0.512385841E+03
     0.512177608E+03
     0.511835848E+03
     0.511665054E+03
     0.511153014E+03
     0.510471090E+03
     0.510684093E+03
     0.510471090E+03
     0.510122892E+03
     0.509948883E+03
     0.509427209E+03
     0.508732475E+03
     0.508949477E+03
     0.508732475E+03
     0.508378870E+03
     0.508202160E+03
     0.507672398E+03
     0.506966908E+03
     0.507187268E+03
     0.506966908E+03
     0.506608771E+03
     0.506429797E+03
     0.505893255E+03
     0.505178750E+03
     0.505401924E+03
     0.505178750E+03
     0.504816830E+03
     0.504635968E+03
     0.504093770E+03
     0.503371744E+03
     0.503597266E+03
     0.503371744E+03
     0.503006695E+03
     0.502824270E+03
     0.502277390E+03
     0.501549143E+03
     0.501776607E+03
     0.501549143E+03
     0.501181536E+03
     0.500997833E+03
     0.500447128E+03
     0.499713797E+03
     0.499942848E+03
     0.499713797E+03
     0.499344136E+03
     0.499159407E+03
     0.498605632E+03
     0.497868221E+03
     0.498098545E+03
     0.497868221E+03
     0.497496954E+03
     0.497311424E+03
     0.496755250E+03
     0.496014651E+03
     0.496245969E+03
     0.496014651E+03
     0.495642178E+03
     0.495456047E+03
     0.494898071E+03
     0.494155081E+03
     0.494387146E+03
     0.494155081E+03
     0.493781761E+03
     0.493595207E+03
     0.493035968E+03
     0.492291300E+03
     0.492523888E+03
     0.492291300E+03
     0.491917457E+03
     0.491730641E+03
     0.491170621E+03
     0.490424919E+03
     0.490657829E+03
     0.490424919E+03
     0.490050842E+03
     0.489863911E+03
     0.489303545E+03
     0.488557388E+03
     0.488790440E+03
     0.488557388E+03
     0.488183343E+03
     0.487996427E+03
     0.487436111E+03
     0.486690022E+03
     0.486923052E+03
     0.486690022E+03
     0.486316247E+03
     0.486129467E+03
     0.485569557E+03
     0.484824013E+03
     0.485056873E+03
     0.484824013E+03
     0.484450725E+03
     0.484264188E+03
     0.483705010E+03
     0.482960442E+03
     0.483192996E+03
     0.482960442E+03
     0.482587838E+03
     0.482401643E+03
     0.481843491E+03
     0.481100292E+03
     0.481332419E+03
     0.481100292E+03
     0.480728552E+03
     0.480542789E+03
     0.479985932E+03
     0.479244459E+03
     0.479476046E+03
     0.479244459E+03
     0.478873745E+03
     0.478688496E+03
     0.478133178E+03
     0.477393756E+03
     0.477624703E+03
     0.477393756E+03
     0.477024219E+03
     0.476839557E+03
     0.476286002E+03
     0.475548928E+03
     0.475779141E+03
     0.475548928E+03
     0.475180702E+03
     0.474996696E+03
     0.474445107E+03
     0.473710650E+03
     0.473940045E+03
     0.473710650E+03
     0.473343860E+03
     0.473160572E+03
     0.472611133E+03
     0.471879539E+03
     0.472108040E+03
     0.471879539E+03
     0.471514298E+03
     0.471331784E+03
     0.470784664E+03
     0.470056159E+03
     0.470283695E+03
     0.470056159E+03
     0.469692569E+03
     0.469510879E+03
     0.468966232E+03
     0.468241019E+03
     0.468467528E+03
     0.468241019E+03
     0.467879174E+03
     0.467698356E+03
     0.467156322E+03
     0.466434587E+03
     0.466660009E+03
     0.466434587E+03
     0.466080241E+03
     0.465903169E+03
     0.465372356E+03
     0.464665546E+03
     0.464886309E+03
     0.464665546E+03
     0.464321006E+03
     0.464148832E+03
     0.463632692E+03
     0.462945398E+03
     0.463160068E+03
     0.462945398E+03
     0.462610778E+03
     0.462443559E+03
     0.461942265E+03
     0.461274717E+03
     0.461483222E+03
     0.461274717E+03
     0.460950120E+03
     0.460787907E+03
     0.460301610E+03
     0.459654013E+03
     0.459856289E+03
     0.459654013E+03
     0.459339592E+03
     0.459182462E+03
     0.458711395E+03
     0.458084058E+03
     0.458280008E+03
     0.458084058E+03
     0.457780035E+03
     0.457628100E+03
     0.457172595E+03
     0.456565962E+03
     0.456755448E+03
     0.456565962E+03
     0.456272648E+03
     0.456126062E+03
     0.455686586E+03
     0.455101277E+03
     0.455284106E+03
     0.455101277E+03
     0.454819102E+03
     0.454678080E+03
     0.454255275E+03
     0.453692148E+03
     0.453868050E+03
     0.453692148E+03
     0.453421705E+03
     0.453286544E+03
     0.452881303E+03
     0.452341544E+03
     0.452510150E+03
     0.452341544E+03
     0.452083673E+03
     0.451954793E+03
     0.451568373E+03
     0.451053659E+03
     0.451214444E+03
     0.451053659E+03
     0.450809588E+03
     0.450687602E+03
     0.450321842E+03
     0.449834623E+03
     0.449986822E+03
     0.449834623E+03
     0.449606260E+03
     0.449492121E+03
     0.449149880E+03
     0.448693964E+03
     0.448836388E+03
     0.448693964E+03
     0.448484608E+03
     0.448379967E+03
     0.448066189E+03
     0.447648160E+03
     0.447778752E+03
     0.448511442E+03
     0.448420208E+03
     0.448146620E+03
     0.447782095E+03
     0.447895977E+03
     0.447782095E+03
     0.447598635E+03
     0.447506932E+03
     0.447231939E+03
     0.446865544E+03
     0.446980010E+03
     0.446865544E+03
     0.446679645E+03
     0.446586725E+03
     0.446308080E+03
     0.445936825E+03
     0.446052809E+03
     0.445936825E+03
     0.445733159E+03
     0.445631361E+03
     0.445326107E+03
     0.444919426E+03
     0.445046474E+03
     0.444919426E+03
     0.444702317E+03
     0.444593802E+03
     0.444268416E+03
     0.443834938E+03
     0.443970355E+03
     0.443834938E+03
     0.443607119E+03
     0.443493253E+03
     0.443151830E+03
     0.442697008E+03
     0.442839090E+03
     0.442697008E+03
     0.442460401E+03
     0.442342145E+03
     0.441987566E+03
     0.441515236E+03
     0.441662785E+03
     0.441515236E+03
     0.441271281E+03
     0.441149355E+03
     0.440783777E+03
     0.440296811E+03
     0.440448930E+03
     0.440296811E+03
     0.440046637E+03
     0.439921603E+03
     0.439546715E+03
     0.439047362E+03
     0.439203349E+03
     0.439047362E+03
     0.438791879E+03
     0.438664194E+03
     0.438281360E+03
     0.437771435E+03
     0.437930723E+03
     0.437771435E+03
     0.437511398E+03
     0.437381438E+03
     0.436991788E+03
     0.436472794E+03
     0.436634913E+03
     0.436472794E+03
     0.436208838E+03
     0.436076920E+03
     0.435681406E+03
     0.435154611E+03
     0.435319166E+03
     0.435154611E+03
     0.434887280E+03
     0.434753677E+03
     0.434353112E+03
     0.433819600E+03
     0.433986252E+03
     0.433819600E+03
     0.433549366E+03
     0.433414312E+03
     0.433009403E+03
     0.432470113E+03
     0.432638569E+03
     0.432470113E+03
     0.432197386E+03
     0.432061088E+03
     0.431652450E+03
     0.431108201E+03
     0.431278205E+03
     0.431108201E+03
     0.430833346E+03
     0.430695984E+03
     0.430284160E+03
     0.429735675E+03
     0.429907001E+03
     0.429735675E+03
     0.429459011E+03
     0.429320746E+03
     0.428906218E+03
     0.428354137E+03
     0.428526586E+03
     0.428354137E+03
     0.428075951E+03
     0.427936926E+03
     0.427520122E+03
     0.426965014E+03
     0.427138408E+03
     0.426965014E+03
     0.426685563E+03
     0.426545905E+03
     0.426127208E+03
     0.425569584E+03
     0.425743763E+03
     0.425569584E+03
     0.425289096E+03
     0.425148921E+03
     0.424728674E+03
     0.424168991E+03
     0.424343813E+03
     0.424168991E+03
     0.423887673E+03
     0.423747084E+03
     0.423325596E+03
     0.422764265E+03
     0.422939601E+03
     0.422764265E+03
     0.422482303E+03
     0.422341393E+03
     0.421918943E+03
     0.421356334E+03
     0.421532069E+03
     0.421356334E+03
     0.421073896E+03
     0.420932748E+03
     0.420509587E+03
     0.419946034E+03
     0.420122063E+03
     0.419946034E+03
     0.419663270E+03
     0.419521960E+03
     0.419098314E+03
     0.418534118E+03
     0.418710348E+03
     0.418534118E+03
     0.418251166E+03
     0.418109761E+03
     0.417685834E+03
     0.417121266E+03
     0.417297612E+03
     0.417121266E+03
     0.416838247E+03
     0.416696809E+03
     0.416272784E+03
     0.415708089E+03
     0.415884474E+03
     0.415708089E+03
     0.415425113E+03
     0.415283698E+03
     0.414859740E+03
     0.414295136E+03
     0.414471492E+03
     0.414295136E+03
     0.414012302E+03
     0.413870958E+03
     0.413447214E+03
     0.412882897E+03
     0.413059164E+03
     0.412882897E+03
     0.412600294E+03
     0.412459064E+03
     0.412035666E+03
     0.411471811E+03
     0.411647933E+03
     0.411471811E+03
     0.411191000E+03
     0.411050667E+03
     0.410629953E+03
     0.410069672E+03
     0.410244678E+03
     0.410069672E+03
     0.409791102E+03
     0.409651888E+03
     0.409234530E+03
     0.408678714E+03
     0.408852326E+03
     0.408678714E+03
     0.408402361E+03
     0.408264254E+03
     0.407850215E+03
     0.407298815E+03
     0.407471048E+03
     0.407298815E+03
     0.407024653E+03
     0.406887641E+03
     0.406476882E+03
     0.405929848E+03
     0.406100717E+03
     0.405929848E+03
     0.405657849E+03
     0.405521919E+03
     0.405114399E+03
     0.404571677E+03
     0.404741200E+03
     0.404571677E+03
     0.404301814E+03
     0.404166951E+03
     0.403762629E+03
     0.403224162E+03
     0.403392356E+03
     0.404356810E+03
     0.404249419E+03
     0.403927417E+03
     0.403498480E+03
     0.403632474E+03
     0.403498480E+03
     0.403229866E+03
     0.403095627E+03
     0.402693176E+03
     0.402157200E+03
     0.402324616E+03
     0.403461375E+03
     0.403442823E+03
     0.403387174E+03
     0.403312988E+03
     0.403336169E+03
     0.403312988E+03
     0.403170017E+03
     0.403098551E+03
     0.402884229E+03
     0.402598643E+03
     0.402687867E+03
     0.403298688E+03
     0.403291539E+03
     0.403270091E+03
     0.403241496E+03
     0.403250432E+03
     0.403241496E+03
     0.403170017E+03
     0.403134283E+03
     0.403027098E+03
     0.402884229E+03
     0.402928870E+03
     0.403178005E+03
     0.403146263E+03
     0.403051052E+03
     0.402924139E+03
     0.402963795E+03
     0.402924139E+03
     0.402855266E+03
     0.402820834E+03
     0.402717556E+03
     0.402579893E+03
     0.402622908E+03
     0.402917251E+03
     0.402913807E+03
     0.402903476E+03
     0.402889701E+03
     0.402894005E+03
     0.402889701E+03
     0.402855266E+03
     0.402838050E+03
     0.402786405E+03
     0.402717556E+03
     0.402739070E+03
     0.402867007E+03
     0.402855660E+03
     0.402821623E+03
     0.402776244E+03
     0.402790424E+03
     0.402776244E+03
     0.402746360E+03
     0.402731420E+03
     0.402686600E+03
     0.402626849E+03
     0.402645521E+03
     0.402767653E+03
     0.402763358E+03
     0.402750472E+03
     0.402733291E+03
     0.402738660E+03
     0.402733291E+03
     0.402713575E+03
     0.402703716E+03
     0.402674144E+03
     0.402634717E+03
     0.402647037E+03
     0.402724691E+03
     0.402720391E+03
     0.402707492E+03
     0.402690293E+03
     0.402695667E+03
     0.402690293E+03
     0.402676122E+03
     0.402669037E+03
     0.402647783E+03
     0.402619446E+03
     0.402628301E+03
     0.402683989E+03
     0.402680837E+03
     0.402671381E+03
     0.402658775E+03
     0.402662714E+03
     0.402658775E+03
     0.402648835E+03
     0.402643865E+03
     0.402628956E+03
     0.402609079E+03
     0.402615290E+03
     0.402653907E+03
     0.402651474E+03
     0.402644173E+03
     0.402634439E+03
     0.402637481E+03
     0.402634439E+03
     0.402627385E+03
     0.402623857E+03
     0.402613276E+03
     0.402599167E+03
     0.402603576E+03
     0.402630742E+03
     0.402628893E+03
     0.402623348E+03
     0.402615953E+03
     0.402618264E+03
     0.402615953E+03
     0.402610903E+03
     0.402608378E+03
     0.402600802E+03
     0.402590702E+03
     0.402593859E+03
     0.402613135E+03
     0.402611726E+03
     0.402607500E+03
     0.402601864E+03
     0.402603625E+03
     0.402601864E+03
     0.402598203E+03
     0.402596372E+03
     0.402590880E+03
     0.402583557E+03
     0.402585845E+03
     0.402599707E+03
     0.402598629E+03
     0.402595393E+03
     0.402591080E+03
     0.402592428E+03
     0.402591080E+03
     0.402588387E+03
     0.402587041E+03
     0.402583003E+03
     0.402577619E+03
     0.402579302E+03
     0.402589417E+03
     0.402588585E+03
     0.402586091E+03
     0.402582765E+03
     0.402583804E+03
     0.402582765E+03
     0.402580756E+03
     0.402579752E+03
     0.402576739E+03
     0.402572723E+03
     0.402573978E+03
     0.402581471E+03
     0.402580825E+03
     0.402578885E+03
     0.402576298E+03
     0.402577106E+03
     0.402576298E+03
     0.402574778E+03
     0.402574017E+03
     0.402571737E+03
     0.402568696E+03
     0.402569646E+03
     0.402575283E+03
     0.402574775E+03
     0.402573252E+03
     0.402571221E+03
     0.402571856E+03
     0.402571221E+03
     0.402570054E+03
     0.402569470E+03
     0.402567719E+03
     0.402565384E+03
     0.402566114E+03
     0.402570416E+03
     0.402570014E+03
     0.402568806E+03
     0.402567196E+03
     0.402567700E+03
     0.402567196E+03
     0.402566288E+03
     0.402565833E+03
     0.402564470E+03
     0.402562653E+03
     0.402563221E+03
     0.402566552E+03
     0.402566230E+03
     0.402565263E+03
     0.402563974E+03
     0.402564377E+03
     0.402563974E+03
     0.402563258E+03
     0.402562900E+03
     0.402561825E+03
     0.402560392E+03
     0.402560840E+03
     0.402563453E+03
     0.402563193E+03
     0.402562411E+03
     0.402561370E+03
     0.402561695E+03
     0.402561370E+03
     0.402560798E+03
     0.402560512E+03
     0.402559655E+03
     0.402558512E+03
     0.402558869E+03
     0.402560945E+03
     0.402560732E+03
     0.402560095E+03
     0.402559245E+03
     0.402559511E+03
     0.402559245E+03
     0.402558784E+03
     0.402558554E+03
     0.402557862E+03
     0.402556940E+03
     0.402557228E+03
     0.402558896E+03
     0.402558721E+03
     0.402558196E+03
     0.402557497E+03
     0.402557716E+03
     0.402557497E+03
     0.402557121E+03
     0.402556933E+03
     0.402556370E+03
     0.402555618E+03
     0.402555853E+03
     0.402557207E+03
     0.402557062E+03
     0.402556627E+03
     0.402556047E+03
     0.402556228E+03
     0.402556047E+03
     0.402555738E+03
     0.402555583E+03
     0.402555119E+03
     0.402554500E+03
     0.402554693E+03
     0.402555804E+03
     0.402555683E+03
     0.402555319E+03
     0.402554834E+03
     0.402554986E+03
     0.402554834E+03
     0.402554577E+03
     0.402554449E+03
     0.402554064E+03
     0.402553550E+03
     0.402553711E+03
     0.402554630E+03
     0.402554528E+03
     0.402554221E+03
     0.402553813E+03
     0.402553941E+03
     0.402553813E+03
     0.402553598E+03
     0.402553490E+03
     0.402553168E+03
     0.402552738E+03
     0.402552872E+03
     0.402553640E+03
     0.402553553E+03
     0.402553293E+03
     0.402552947E+03
     0.402553055E+03
     0.402552947E+03
     0.402552765E+03
     0.402552675E+03
     0.402552403E+03
     0.402552040E+03
     0.402552153E+03
     0.402552799E+03
     0.402552725E+03
     0.402552503E+03
     0.402552207E+03
     0.402552300E+03
     0.402552207E+03
     0.402552053E+03
     0.402551976E+03
     0.402551745E+03
     0.402551437E+03
     0.402551533E+03
     0.402552080E+03
     0.402552017E+03
     0.402551826E+03
     0.402551573E+03
     0.402551652E+03
     0.402551573E+03
     0.402551441E+03
     0.402551375E+03
     0.402551177E+03
     0.402550914E+03
     0.402550996E+03
     0.402551463E+03
     0.402551408E+03
     0.402551244E+03
     0.402551024E+03
     0.402551093E+03
     0.402551024E+03
     0.402550911E+03
     0.402550854E+03
     0.402550684E+03
     0.402550458E+03
     0.402550529E+03
     0.402550929E+03
     0.402550882E+03
     0.402550739E+03
     0.402550548E+03
     0.402550608E+03
     0.402550548E+03
     0.402550450E+03
     0.402550401E+03
     0.402550254E+03
     0.402550058E+03
     0.402550120E+03
     0.402550465E+03
     0.402550424E+03
     0.402550299E+03
     0.402550133E+03
     0.402550185E+03
     0.402550133E+03
     0.402550048E+03
     0.402550005E+03
     0.402549878E+03
     0.402549707E+03
     0.402549760E+03
     0.402550061E+03
     0.402550024E+03
     0.402549915E+03
     0.402549769E+03
     0.402549815E+03
     0.402549769E+03
     0.402549695E+03
     0.402549658E+03
     0.402549546E+03
     0.402549397E+03
     0.402549443E+03
     0.402549705E+03
     0.402549673E+03
     0.402549577E+03
     0.402549449E+03
     0.402549489E+03
     0.402549449E+03
     0.402549384E+03
     0.402549351E+03
     0.402549253E+03
     0.402549122E+03
     0.402549163E+03
     0.402549393E+03
     0.402549364E+03
     0.402549279E+03
     0.402549166E+03
     0.402549201E+03
     0.402549166E+03
     0.402549108E+03
     0.402549079E+03
     0.402548993E+03
     0.402548877E+03
     0.402548914E+03
     0.402549116E+03
     0.402549091E+03
     0.402549015E+03
     0.402548915E+03
     0.402548946E+03
     0.402548915E+03
     0.402548864E+03
     0.402548838E+03
     0.402548761E+03
     0.402548659E+03
     0.402548691E+03
     0.402548870E+03
     0.402548848E+03
     0.402548781E+03
     0.402548691E+03
     0.402548719E+03
     0.402548691E+03
     0.402548646E+03
     0.402548623E+03
     0.402548555E+03
     0.402548464E+03
     0.402548492E+03
     0.402548651E+03
     0.402548631E+03
     0.402548571E+03
     0.402548491E+03
     0.402548516E+03
     0.402548491E+03
     0.402548450E+03
     0.402548430E+03
     0.402548369E+03
     0.402548288E+03
     0.402548314E+03
     0.402548455E+03
     0.402548437E+03
     0.402548383E+03
     0.402548312E+03
     0.402548334E+03
     0.402548312E+03
     0.402548275E+03
     0.402548257E+03
     0.402548203E+03
     0.402548130E+03
     0.402548153E+03
     0.402548279E+03
     0.402548263E+03
     0.402548215E+03
     0.402548150E+03
     0.402548170E+03
     0.402548150E+03
     0.402548118E+03
     0.402548101E+03
     0.402548053E+03
     0.402547987E+03
     0.402548008E+03
     0.402548121E+03
     0.402548107E+03
     0.402548063E+03
     0.402548005E+03
     0.402548023E+03
     0.402548005E+03
     0.402547975E+03
     0.402547961E+03
     0.402547917E+03
     0.402547858E+03
     0.402547876E+03
     0.402547978E+03
     0.402547965E+03
     0.402547926E+03
     0.402547873E+03
     0.402547890E+03
     0.402547873E+03
     0.402547847E+03
     0.402547833E+03
     0.402547794E+03
     0.402547740E+03
     0.402547757E+03
     0.402547740E+03
     0.402547717E+03
     0.402547705E+03
     0.402547669E+03
     0.402547621E+03
     0.402547636E+03
     0.402547719E+03
     0.402547708E+03
     0.402547676E+03
     0.402547633E+03
     0.402547647E+03
     0.402547633E+03
     0.402547612E+03
     0.402547601E+03
     0.402547568E+03
     0.402547525E+03
     0.402547539E+03
     0.402547525E+03
     0.402547506E+03
     0.402547496E+03
     0.402547467E+03
     0.402547427E+03
     0.402547440E+03
     0.402547427E+03
     0.402547410E+03
     0.402547401E+03
     0.402547374E+03
     0.402547339E+03
     0.402547350E+03
     0.402547339E+03
     0.402547323E+03
     0.402547315E+03
     0.402547291E+03
     0.402547259E+03
     0.402547269E+03
     0.402547259E+03
     0.402547244E+03
     0.402547237E+03
     0.402547215E+03
     0.402547186E+03
     0.402547195E+03
     0.402547186E+03
     0.402547172E+03
     0.402547166E+03
     0.402547146E+03
     0.402547119E+03
     0.402547127E+03
     0.402547119E+03
     0.402547107E+03
     0.402547101E+03
     0.402547083E+03
     0.402547058E+03
     0.402547066E+03
     0.402547058E+03
     0.402547047E+03
     0.402547041E+03
     0.402547025E+03
     0.402547002E+03
     0.402547009E+03
     0.402547002E+03
     0.402546992E+03
     0.402546987E+03
     0.402546972E+03
     0.402546951E+03
     0.402546957E+03
     0.402546951E+03
     0.402546942E+03
     0.402546937E+03
     0.402546923E+03
     0.402546904E+03
     0.402546910E+03
     0.402546904E+03
     0.402546895E+03
     0.402546891E+03
     0.402546878E+03
     0.402546860E+03
     0.402546866E+03
     0.402546860E+03
     0.402546852E+03
     0.402546848E+03
     0.402546836E+03
     0.402546820E+03
     0.402546825E+03
     0.402546820E+03
     0.402546812E+03
     0.402546809E+03
     0.402546797E+03
     0.402546782E+03
     0.402546787E+03
     0.402546782E+03
     0.402546775E+03
     0.402546772E+03
     0.402546761E+03
     0.402546748E+03
     0.402546752E+03
     0.402546748E+03
     0.402546741E+03
     0.402546738E+03
     0.402546728E+03
     0.402546715E+03
     0.402546719E+03
     0.402546715E+03
     0.402546709E+03
     0.402546706E+03
     0.402546697E+03
     0.402546685E+03
     0.402546689E+03
     0.402546685E+03
     0.402546680E+03
     0.402546677E+03
     0.402546668E+03
     0.402546657E+03
     0.402546661E+03
     0.402546657E+03
     0.402546652E+03
     0.402546649E+03
     0.402546641E+03
     0.402546631E+03
     0.402546634E+03
     0.402546631E+03
     0.402546626E+03
     0.402546623E+03
     0.402546616E+03
     0.402546606E+03
     0.402546609E+03
     0.402546606E+03
     0.402546602E+03
     0.402546599E+03
     0.402546592E+03
     0.402546583E+03
     0.402546586E+03
     0.402546583E+03
     0.402546579E+03
     0.402546577E+03
     0.402546570E+03
     0.402546562E+03
     0.402546564E+03
     0.402546562E+03
     0.402546558E+03
     0.402546556E+03
     0.402546549E+03
     0.402546541E+03
     0.402546544E+03
     0.402546541E+03
     0.402546537E+03
     0.402546536E+03
     0.402546530E+03
     0.402546522E+03
     0.402546525E+03
     0.402546522E+03
     0.402546519E+03
     0.402546517E+03
     0.402546511E+03
     0.402546504E+03
     0.402546506E+03
     0.402546504E+03
     0.402546501E+03
     0.402546499E+03
     0.402546494E+03
     0.402546487E+03
     0.402546489E+03
     0.402546487E+03
     0.402546484E+03
     0.402546482E+03
     0.402546478E+03
     0.402546471E+03
     0.402546473E+03
     0.402546471E+03
     0.402546468E+03
     0.402546467E+03
     0.402546462E+03
     0.402546456E+03
     0.402546458E+03
     0.402546456E+03
     0.402546453E+03
     0.402546452E+03
     0.402546447E+03
     0.402546442E+03
     0.402546443E+03
     0.402546442E+03
     0.402546439E+03
     0.402546438E+03
     0.402546433E+03
     0.402546428E+03
     0.402546430E+03
     0.402546428E+03
     0.402546425E+03
     0.402546424E+03
     0.402546420E+03
     0.402546415E+03
     0.402546417E+03
     0.402546415E+03
     0.402546413E+03
     0.402546411E+03
     0.402546408E+03
     0.402546403E+03
     0.402546404E+03
     0.402546403E+03
     0.402546401E+03
     0.402546399E+03
     0.402546396E+03
     0.402546391E+03
     0.402546393E+03
     0.402546391E+03
     0.402546389E+03
     0.402546388E+03
     0.402546385E+03
     0.402546380E+03
     0.402546382E+03
     0.402546380E+03
     0.402546378E+03
     0.402546377E+03
     0.402546374E+03
     0.402546370E+03
     0.402546371E+03
     0.402546370E+03
     0.402546368E+03
     0.402546367E+03
     0.402546364E+03
     0.402546360E+03
     0.402546361E+03
     0.402546360E+03
     0.402546358E+03
     0.402546357E+03
     0.402546354E+03
     0.402546350E+03
     0.402546351E+03
     0.402546350E+03
     0.402546348E+03
     0.402546347E+03
     0.402546345E+03
     0.402546341E+03
     0.402546342E+03
     0.402546341E+03
     0.402546339E+03
     0.402546338E+03
     0.402546336E+03
     0.402546332E+03
     0.402546333E+03
     0.402546332E+03
     0.402546331E+03
     0.402546330E+03
     0.402546327E+03
     0.402546324E+03
     0.402546325E+03
     0.402546324E+03
     0.402546322E+03
     0.402546322E+03
     0.402546319E+03
     0.402546316E+03
     0.402546317E+03
     0.402546316E+03
     0.402546315E+03
     0.402546314E+03
     0.402546312E+03
     0.402546309E+03
     0.402546309E+03
     0.402546309E+03
     0.402546307E+03
     0.402546306E+03
     0.402546304E+03
     0.402546301E+03
     0.402546302E+03
     0.402546301E+03
     0.402546300E+03
     0.402546299E+03
     0.402546297E+03
     0.402546294E+03
     0.402546295E+03
     0.402546294E+03
     0.402546293E+03
     0.402546292E+03
     0.402546290E+03
     0.402546288E+03
     0.402546289E+03
     0.402546288E+03
     0.402546286E+03
     0.402546286E+03
     0.402546284E+03
     0.402546281E+03
     0.402546282E+03
     0.402546281E+03
     0.402546280E+03
     0.402546279E+03
     0.402546278E+03
     0.402546275E+03
     0.402546276E+03
     0.402546275E+03
     0.402546274E+03
     0.402546273E+03
     0.402546272E+03
     0.402546269E+03
     0.402546270E+03
     0.402546269E+03
     0.402546268E+03
     0.402546268E+03
     0.402546266E+03
     0.402546264E+03
     0.402546264E+03
     0.402546264E+03
     0.402546263E+03
     0.402546262E+03
     0.402546260E+03
     0.402546258E+03
     0.402546259E+03
     0.402546258E+03
     0.402546257E+03
     0.402546257E+03
     0.402546255E+03
     0.402546253E+03
     0.402546254E+03
     0.402546253E+03
     0.402546252E+03
     0.402546252E+03
     0.402546250E+03
     0.402546248E+03
     0.402546249E+03
     0.402546248E+03
     0.402546247E+03
     0.402546247E+03
     0.402546245E+03
     0.402546243E+03
     0.402546244E+03
     0.402546243E+03
     0.402546242E+03
     0.402546242E+03
     0.402546240E+03
     0.402546239E+03
     0.402546239E+03
     0.402546239E+03
     0.402546238E+03
     0.402546237E+03
     0.402546236E+03
     0.402546234E+03
     0.402546235E+03
     0.402546234E+03
     0.402546233E+03
     0.402546233E+03
     0.402546232E+03
     0.402546230E+03
     0.402546230E+03
     0.402546230E+03
     0.402546229E+03
     0.402546229E+03
     0.402546227E+03
     0.402546226E+03
     0.402546226E+03
     0.402546226E+03
     0.402546225E+03
     0.402546224E+03
     0.402546223E+03
     0.402546222E+03
     0.402546222E+03
     0.402546222E+03
     0.402546221E+03
     0.402546221E+03
     0.402546219E+03
     0.402546218E+03
     0.402546218E+03
     0.402546218E+03
     0.402546217E+03
     0.402546217E+03
     0.402546216E+03
     0.402546214E+03
     0.402546215E+03
     0.402546214E+03
     0.402546213E+03
     0.402546213E+03
     0.402546212E+03
     0.402546211E+03
     0.402546211E+03
     0.402546211E+03
     0.402546210E+03
     0.402546210E+03
     0.402546209E+03
     0.402546207E+03
     0.402546208E+03
     0.402546207E+03
     0.402546206E+03
     0.402546206E+03
     0.402546205E+03
     0.402546204E+03
     0.402546204E+03
     0.402546204E+03
     0.402546203E+03
     0.402546203E+03
     0.402546202E+03
     0.402546201E+03
     0.402546201E+03
     0.402546201E+03
     0.402546200E+03
     0.402546200E+03
     0.402546199E+03
     0.402546198E+03
     0.402546198E+03
     0.402546198E+03
     0.402546197E+03
     0.402546197E+03
     0.402546196E+03
     0.402546195E+03
     0.402546195E+03
     0.402546195E+03
     0.402546194E+03
     0.402546194E+03
     0.402546193E+03
     0.402546192E+03
     0.402546192E+03
     0.402546192E+03
     0.402546191E+03
     0.402546191E+03
     0.402546190E+03
     0.402546189E+03
     0.402546189E+03
     0.402546189E+03
     0.402546188E+03
     0.402546188E+03
     0.402546187E+03
     0.402546186E+03
     0.402546187E+03
     0.402546186E+03
     0.402546186E+03
     0.402546185E+03
     0.402546185E+03
     0.402546184E+03
     0.402546184E+03
     0.402546184E+03
     0.402546183E+03
     0.402546183E+03
     0.402546182E+03
     0.402546181E+03
     0.402546181E+03
     0.402546181E+03
     0.402546181E+03
     0.402546180E+03
     0.402546180E+03
     0.402546179E+03
     0.402546179E+03
     0.402546179E+03
     0.402546178E+03
     0.402546178E+03
     0.402546177E+03
     0.402546176E+03
     0.402546177E+03
     0.402546176E+03
     0.402546176E+03
     0.402546176E+03
     0.402546175E+03
     0.402546174E+03
     0.402546174E+03
     0.402546174E+03
     0.402546174E+03
     0.402546173E+03
     0.402546173E+03
     0.402546172E+03
     0.402546172E+03
     0.402546172E+03
     0.402546172E+03
     0.402546171E+03
     0.402546171E+03
     0.402546170E+03
     0.402546170E+03
     0.402546170E+03
     0.402546169E+03
     0.402546169E+03
     0.402546169E+03
     0.402546168E+03
     0.402546168E+03
     0.402546168E+03
     0.402546167E+03
     0.402546167E+03
     0.402546167E+03
     0.402546166E+03
     0.402546166E+03
     0.402546166E+03
     0.402546165E+03
     0.402546165E+03
     0.402546165E+03
     0.402546164E+03
     0.402546164E+03
     0.402546164E+03
     0.402546164E+03
     0.402546163E+03
     0.402546163E+03
     0.402546162E+03
     0.402546162E+03
     0.402546162E+03
     0.402546162E+03
     0.402546162E+03
     0.402546161E+03
     0.402546160E+03
     0.402546161E+03
     0.402546160E+03
     0.402546160E+03
     0.402546160E+03
     0.402546159E+03
     0.402546159E+03
     0.402546159E+03
     0.402546159E+03
     0.402546158E+03
     0.402546158E+03
     0.402546158E+03
     0.402546157E+03
     0.402546157E+03
     0.402546157E+03
     0.402546157E+03
     0.402546156E+03
     0.402546156E+03
     0.402546155E+03
     0.402546155E+03
     0.402546155E+03
     0.402546155E+03
     0.402546155E+03
     0.402546154E+03
     0.402546154E+03
     0.402546154E+03
     0.402546154E+03
     0.402546153E+03
     0.402546153E+03
     0.402546153E+03
     0.402546152E+03
     0.402546152E+03
     0.402546152E+03
     0.402546152E+03
     0.402546152E+03
     0.402546151E+03
     0.402546151E+03
     0.402546151E+03
     0.402546151E+03
     0.402546150E+03
     0.402546150E+03
     0.402546150E+03
     0.402546149E+03
     0.402546150E+03
     0.402546149E+03
     0.402546149E+03
     0.402546149E+03
     0.402546149E+03
     0.402546148E+03
     0.402546148E+03
     0.402546148E+03
     0.402546148E+03
     0.402546148E+03
     0.402546147E+03
     0.402546147E+03
     0.402546147E+03
     0.402546147E+03
     0.402546146E+03
     0.402546146E+03
     0.402546146E+03
     0.402546145E+03
     0.402546146E+03
     0.402546145E+03
     0.402546145E+03
     0.402546145E+03
     0.402546145E+03
     0.402546144E+03
     0.402546144E+03
     0.402546144E+03
     0.402546144E+03
     0.402546144E+03
     0.402546143E+03
     0.402546143E+03
     0.402546143E+03
     0.402546143E+03
     0.402546143E+03
     0.402546143E+03
     0.402546142E+03
     0.402546142E+03
     0.402546142E+03
     0.402546142E+03
     0.402546142E+03
     0.402546141E+03
     0.402546141E+03
     0.402546141E+03
     0.402546141E+03
     0.402546141E+03
     0.402546140E+03
     0.402546140E+03
     0.402546140E+03
     0.402546140E+03
     0.402546140E+03
     0.402546140E+03
     0.402546139E+03
     0.402546139E+03
     0.402546139E+03
     0.402546139E+03
     0.402546139E+03
     0.402546139E+03
     0.402546138E+03
     0.402546138E+03
     0.402546138E+03
     0.402546137E+03
     0.402546138E+03
     0.402546137E+03
     0.402546137E+03
     0.402546137E+03
     0.402546137E+03
     0.402546137E+03
     0.402546137E+03
     0.402546137E+03
     0.402546136E+03
     0.402546136E+03
     0.402546136E+03
     0.402546136E+03
     0.402546136E+03
     0.402546136E+03
     0.402546135E+03
     0.402546135E+03
     0.402546135E+03
     0.402546135E+03
     0.402546135E+03
     0.402546135E+03
     0.402546134E+03
     0.402546134E+03
     0.402546134E+03
     0.402546134E+03
     0.402546134E+03
     0.402546134E+03
     0.402546134E+03
     0.402546133E+03
     0.402546133E+03
     0.402546133E+03
     0.402546133E+03
     0.402546133E+03
     0.402546133E+03
     0.402546133E+03
     0.402546132E+03
     0.402546132E+03
     0.402546132E+03
     0.402546132E+03
     0.402546132E+03
     0.402546132E+03
     0.402546132E+03
     0.402546131E+03
     0.402546131E+03
     0.402546131E+03
     0.402546131E+03
     0.402546131E+03
     0.402546131E+03
     0.402546130E+03
     0.402546131E+03
     0.402546130E+03
     0.402546130E+03
     0.402546130E+03
     0.402546130E+03
     0.402546130E+03
     0.402546130E+03
     0.402546130E+03
     0.402546130E+03
     0.402546129E+03
     0.402546129E+03
     0.402546129E+03
     0.402546129E+03
     0.402546129E+03
     0.402546129E+03
     0.402546129E+03
     0.402546129E+03
     0.402546128E+03
     0.402546128E+03
     0.402546128E+03
     0.402546128E+03
     0.402546128E+03
     0.402546128E+03
     0.402546128E+03
     0.402546128E+03
     0.402546128E+03
     0.402546127E+03
     0.402546127E+03
     0.402546127E+03
     0.402546127E+03
     0.402546127E+03
     0.402546127E+03
     0.402546127E+03
     0.402546127E+03
     0.402546126E+03
     0.402546126E+03
     0.402546126E+03
     0.402546126E+03
     0.402546126E+03
     0.402546126E+03
     0.402546126E+03
     0.402546126E+03
     0.402546126E+03
     0.402546126E+03
     0.402546125E+03
     0.402546125E+03
     0.402546125E+03
     0.402546125E+03
     0.402546125E+03
     0.402546125E+03
     0.402546125E+03
     0.402546125E+03
     0.402546125E+03
     0.402546124E+03
     0.402546124E+03
     0.402546124E+03
     0.402546124E+03
     0.402546124E+03
     0.402546124E+03
     0.402546124E+03
     0.402546124E+03
     0.402546124E+03
     0.402546124E+03
     0.402546124E+03
     0.402546124E+03
     0.402546123E+03
     0.402546123E+03
     0.402546123E+03
     0.402546123E+03
     0.402546123E+03
     0.402546123E+03
     0.402546123E+03
     0.402546123E+03
     0.402546123E+03
     0.402546123E+03
     0.402546123E+03
     0.402546122E+03
     0.402546122E+03
     0.402546122E+03
     0.402546122E+03
     0.402546122E+03
     0.402546122E+03
     0.402546122E+03
     0.402546122E+03
     0.402546122E+03
     0.402546122E+03
     0.402546122E+03
     0.402546122E+03
     0.402546121E+03
     0.402546121E+03
     0.402546121E+03
     0.402546121E+03
     0.402546121E+03
     0.402546121E+03
     0.402546121E+03
     0.402546121E+03
     0.402546121E+03
     0.402546121E+03
     0.402546121E+03
     0.402546121E+03
     0.402546121E+03
     0.402546120E+03
     0.402546120E+03
     0.402546120E+03
     0.402546120E+03
     0.402546120E+03
     0.402546120E+03
     0.402546120E+03
     0.402546120E+03
     0.402546120E+03
     0.402546120E+03
     0.402546120E+03
     0.402546120E+03
     0.402546119E+03
     0.402546120E+03
     0.402546119E+03
     0.402546119E+03
     0.402546119E+03
     0.402546119E+03
     0.402546119E+03
     0.402546119E+03
     0.402546119E+03
     0.402546119E+03
     0.402546119E+03
     0.402546119E+03
     0.402546119E+03
     0.402546119E+03
     0.402546119E+03
     0.402546119E+03
     0.402546119E+03
     0.402546118E+03
     0.402546118E+03
     0.402546118E+03
     0.402546118E+03
     0.402546118E+03
     0.402546118E+03
     0.402546118E+03
     0.402546118E+03
     0.402546118E+03
     0.402546118E+03
     0.402546118E+03
     0.402546118E+03
     0.402546118E+03
     0.402546118E+03
     0.402546118E+03
     0.402546118E+03
     0.402546117E+03
     0.402546117E+03
     0.402546117E+03
     0.402546117E+03
     0.402546117E+03
     0.402546117E+03
     0.402546117E+03
     0.402546117E+03
     0.402546117E+03
     0.402546117E+03
     0.402546117E+03
     0.402546117E+03
     0.402546117E+03
     0.402546117E+03
     0.402546117E+03
     0.402546117E+03
     0.402546117E+03
     0.402546117E+03
     0.402546116E+03
     0.402546116E+03
     0.402546116E+03
     0.402546116E+03
     0.402546116E+03
     0.402546116E+03
     0.402546116E+03
     0.402546116E+03
     0.402546116E+03
     0.402546116E+03
     0.402546116E+03
     0.402546116E+03
     0.402546116E+03
     0.402546116E+03
     0.402546116E+03
     0.402546116E+03
     0.402546116E+03
     0.402546116E+03
     0.402546116E+03
     0.402546116E+03
     0.402546115E+03
     0.402546115E+03
     0.402546115E+03
     0.402546115E+03
     0.402546115E+03
     0.402546115E+03
     0.402546115E+03
     0.402546115E+03
     0.402546115E+03
     0.402546115E+03
     0.402546115E+03
     0.402546115E+03
     0.402546115E+03
     0.402546115E+03
     0.402546115E+03
     0.402546115E+03
     0.402546115E+03
     0.402546115E+03
     0.402546115E+03
     0.402546115E+03
     0.402546115E+03
     0.402546115E+03
     0.402546114E+03
     0.402546114E+03
     0.402546114E+03
     0.402546114E+03
     0.402546114E+03
     0.402546114E+03
     0.402546114E+03
     0.402546114E+03
     0.402546114E+03
     0.402546114E+03
     0.402546114E+03
     0.402546114E+03
     0.402546114E+03
     0.402546114E+03
     0.402546114E+03
     0.402546114E+03
     0.402546114E+03
     0.402546114E+03
     0.402546114E+03
     0.402546114E+03
     0.402546114E+03
     0.402546114E+03
     0.402546114E+03
     0.402546114E+03
     0.402546114E+03
     0.402546113E+03
     0.402546113E+03
     0.402546113E+03
     0.402546113E+03
     0.402546113E+03
     0.402546113E+03
     0.402546113E+03
     0.402546113E+03
     0.402546113E+03
     0.402546113E+03
     0.402546113E+03
     0.402546113E+03
     0.402546113E+03
     0.402546113E+03
     0.402546113E+03
     0.402546113E+03
     0.402546113E+03
     0.402546113E+03
     0.402546113E+03
     0.402546113E+03
     0.402546113E+03
     0.402546113E+03
     0.402546113E+03
     0.402546113E+03
     0.402546113E+03
     0.402546113E+03
     0.402546112E+03
     0.402546113E+03
     0.402546112E+03
     0.402546112E+03
     0.402546112E+03
     0.402546112E+03
     0.402546112E+03
     0.402546112E+03
     0.402546112E+03
     0.402546112E+03
     0.402546112E+03
     0.402546112E+03
     0.402546112E+03
     0.402546112E+03
     0.402546112E+03
     0.402546112E+03
     0.402546112E+03
     0.402546112E+03
     0.402546112E+03
     0.402546112E+03
     0.402546112E+03
     0.402546112E+03
     0.402546112E+03
     0.402546112E+03
     0.402546112E+03
     0.402546112E+03
     0.402546112E+03
     0.402546112E+03
     0.402546112E+03
     0.402546112E+03
     0.402546112E+03
     0.402546112E+03
     0.402546112E+03
     0.402546112E+03
     0.402546112E+03
     0.402546111E+03
     0.402546111E+03
     0.402546111E+03
     0.402546111E+03
     0.402546111E+03
     0.402546111E+03
     0.402546111E+03
     0.402546111E+03
     0.402546111E+03
     0.402546111E+03
     0.402546111E+03
     0.402546111E+03
     0.402546111E+03
     0.402546111E+03
     0.402546111E+03
     0.402546111E+03
     0.402546111E+03
     0.402546111E+03
     0.402546111E+03
     0.402546111E+03
     0.402546111E+03
     0.402546111E+03
     0.402546111E+03
     0.402546111E+03
     0.402546111E+03
     0.402546111E+03
     0.402546111E+03
     0.402546111E+03
     0.402546111E+03
     0.402546111E+03
     0.402546111E+03
     0.402546111E+03
     0.402546111E+03
     0.402546111E+03
     0.402546111E+03
     0.402546111E+03
     0.402546111E+03
     0.402546111E+03
     0.402546111E+03
     0.402546111E+03
     0.402546110E+03
     0.402546110E+03
     0.402546110E+03
     0.402546110E+03
     0.402546110E+03
     0.402546110E+03
     0.402546110E+03
     0.402546110E+03
     0.402546110E+03
     0.402546110E+03
     0.402546110E+03
     0.402546110E+03
     0.402546110E+03
     0.402546110E+03
     0.402546110E+03
     0.402546110E+03
     0.402546110E+03
     0.402546110E+03
     0.402546110E+03
     0.402546110E+03
     0.402546110E+03
     0.402546110E+03
     0.402546110E+03
     0.402546110E+03
     0.402546110E+03
     0.402546110E+03
     0.402546110E+03
     0.402546110E+03
     0.402546110E+03
     0.402546110E+03
     0.402546110E+03
     0.402546110E+03
     0.402546110E+03
     0.402546110E+03
     0.402546110E+03
     0.402546110E+03
     0.402546110E+03
     0.402546110E+03
     0.402546110E+03
     0.402546110E+03
     0.402546110E+03
     0.402546110E+03
     0.402546110E+03
     0.402546110E+03
     0.402546110E+03
     0.402546110E+03
     0.402546110E+03
     0.402546110E+03
     0.402546109E+03
     0.402546109E+03
     0.402546109E+03
     0.402546109E+03
     0.402546109E+03
     0.402546109E+03
     0.402546109E+03
     0.402546109E+03
     0.402546109E+03
     0.402546109E+03
     0.402546109E+03
     0.402546109E+03
     0.402546109E+03
     0.402546109E+03
     0.402546109E+03
     0.402546109E+03
     0.402546109E+03
     0.402546109E+03
     0.402546109E+03
     0.402546109E+03
     0.402546109E+03
     0.402546109E+03
     0.402546109E+03
     0.402546109E+03
     0.402546109E+03
     0.402546109E+03
     0.402546109E+03
     0.402546109E+03
     0.402546109E+03
     0.402546109E+03
     0.402546109E+03
     0.402546109E+03
     0.402546109E+03
     0.402546109E+03
     0.402546109E+03
     0.402546109E+03
     0.402546109E+03
     0.402546109E+03
     0.402546109E+03
     0.402546109E+03
     0.402546109E+03
     0.402546109E+03
     0.402546109E+03
     0.402546109E+03
     0.402546109E+03
     0.402546109E+03
     0.402546109E+03
     0.402546109E+03
     0.402546109E+03
     0.402546109E+03
     0.402546109E+03
     0.402546108E+03
     0.402546108E+03
     0.402546108E+03
     0.402546108E+03
     0.402546108E+03
     0.402546108E+03
     0.402546108E+03
     0.402546108E+03
     0.402546108E+03
     0.402546108E+03
     0.402546108E+03
     0.402546108E+03
     0.402546108E+03
     0.402546108E+03
     0.402546108E+03
     0.402546108E+03
     0.402546108E+03
     0.402546108E+03
     0.402546108E+03
     0.402546108E+03
     0.402546108E+03
     0.402546108E+03
     0.402546108E+03
     0.402546108E+03
     0.402546108E+03
     0.402546108E+03
     0.402546108E+03
     0.402546108E+03
     0.402546108E+03
     0.402546108E+03
     0.402546108E+03
     0.402546108E+03
     0.402546108E+03
     0.402546108E+03
     0.402546108E+03
     0.402546108E+03
     0.402546108E+03
     0.402546108E+03
     0.402546108E+03
     0.402546108E+03
     0.402546108E+03
     0.402546108E+03
     0.402546108E+03
     0.402546108E+03
     0.402546108E+03
     0.402546108E+03
     0.402546108E+03
     0.402546108E+03
     0.402546108E+03
     0.402546108E+03
     0.402546108E+03
     0.402546108E+03
     0.402546108E+03
     0.402546108E+03
     0.402546108E+03
     0.402546108E+03
     0.402546108E+03
     0.402546108E+03
     0.402546108E+03
     0.402546108E+03
     0.402546108E+03
     0.402546108E+03
     0.402546108E+03
     0.402546108E+03
     0.402546108E+03
     0.402546108E+03
     0.402546108E+03
     0.402546108E+03
     0.402546108E+03
     0.402546108E+03
     0.402546108E+03
     0.402546108E+03
     0.402546108E+03
     0.402546108E+03
     0.402546108E+03
     0.402546108E+03
     0.402546107E+03
     0.402546107E+03
     0.402546107E+03
     0.402546107E+03
     0.402546107E+03
     0.402546107E+03
     0.402546107E+03
     0.402546107E+03
     0.402546107E+03
     0.402546107E+03
     0.402546107E+03
     0.402546107E+03
     0.402546107E+03
     0.402546107E+03
     0.402546107E+03
     0.402546107E+03
     0.402546107E+03
     0.402546107E+03
     0.402546107E+03
     0.402546107E+03
     0.402546107E+03
     0.402546107E+03
     0.402546107E+03
     0.402546107E+03
     0.402546107E+03
     0.402546107E+03
     0.402546107E+03
     0.402546107E+03
     0.402546107E+03
     0.402546107E+03
     0.402546107E+03
     0.402546107E+03
     0.402546107E+03
     0.402546107E+03
     0.402546107E+03
     0.402546107E+03
     0.402546107E+03
     0.402546107E+03
     0.402546107E+03
     0.402546107E+03
     0.402546107E+03
     0.402546107E+03
     0.402546107E+03
     0.402546107E+03
     0.402546107E+03
     0.402546107E+03
     0.402546107E+03
     0.402546107E+03
     0.402546107E+03
     0.402546107E+03
     0.402546107E+03
     0.402546107E+03
     0.402546107E+03
     0.402546107E+03
     0.402546107E+03
     0.402546107E+03
     0.402546107E+03
     0.402546107E+03
     0.402546107E+03
     0.402546107E+03
     0.402546107E+03
     0.402546107E+03
     0.402546107E+03
     0.402546107E+03
     0.402546107E+03
     0.402546107E+03
     0.402546106E+03
     0.402546106E+03
     0.402546106E+03
     0.402546106E+03
     0.402546106E+03
     0.402546106E+03
     0.402546106E+03
     0.402546106E+03
     0.402546106E+03
     0.402546106E+03
     0.402546106E+03
     0.402546106E+03
     0.402546106E+03
     0.402546106E+03
     0.402546106E+03
     0.402546106E+03
     0.402546106E+03
     0.402546106E+03
     0.402546106E+03
     0.402546106E+03
     0.402546106E+03
     0.402546106E+03
     0.402546106E+03
     0.402546106E+03
     0.402546106E+03
     0.402546106E+03
     0.402546106E+03
     0.402546106E+03
     0.402546106E+03
     0.402546106E+03
     0.402546106E+03
     0.402546106E+03
     0.402546106E+03
     0.402546106E+03
     0.402546106E+03
     0.402546106E+03
     0.402546105E+03
     0.402546106E+03
     0.402546105E+03
     0.402546105E+03
     0.402546105E+03
     0.402546105E+03
     0.402546105E+03
     0.402546105E+03
     0.402546105E+03
     0.402546105E+03
     0.402546105E+03
     0.402546105E+03
     0.402546105E+03
     0.402546105E+03
     0.402546105E+03
     0.402546105E+03
     0.402546105E+03
     0.402546105E+03
     0.402546105E+03
     0.402546105E+03
     0.402546105E+03
     0.402546105E+03
     0.402546105E+03
     0.402546105E+03
     0.402546105E+03
     0.402546105E+03
     0.402546105E+03
     0.402546105E+03
     0.402546104E+03
     0.402546104E+03
     0.402546104E+03
     0.402546104E+03
     0.402546104E+03
     0.402546104E+03
     0.402546104E+03
     0.402546104E+03
     0.402546104E+03
     0.402546104E+03
     0.402546104E+03
     0.402546104E+03
     0.402546104E+03
     0.402546104E+03
     0.402546104E+03
     0.402546104E+03
     0.402546104E+03
     0.402546104E+03
     0.402546104E+03
     0.402546103E+03
     0.402546104E+03
     0.402546103E+03
     0.402546103E+03
     0.402546103E+03
     0.402546103E+03
     0.402546103E+03
     0.402546103E+03
     0.402546103E+03
     0.402546103E+03
     0.402546103E+03
     0.402546103E+03
     0.402546103E+03
     0.402546103E+03
     0.402546103E+03
     0.402546103E+03
     0.402546103E+03
     0.402546103E+03
     0.402546102E+03
     0.402546102E+03
     0.402546102E+03
     0.402546102E+03
     0.402546102E+03
     0.402546102E+03
     0.402546102E+03
     0.402546102E+03
     0.402546102E+03
     0.402546102E+03
     0.402546102E+03
     0.402546102E+03
     0.402546102E+03
     0.402546102E+03
     0.402546102E+03
     0.402546102E+03
     0.402546102E+03
     0.402546101E+03
     0.402546101E+03
     0.402546101E+03
     0.402546101E+03
     0.402546101E+03
     0.402546101E+03
     0.402546101E+03
     0.402546101E+03
     0.402546101E+03
     0.402546101E+03
     0.402546101E+03
     0.402546101E+03
     0.402546100E+03
     0.402546100E+03
     0.402546100E+03
     0.402546100E+03
     0.402546100E+03
     0.402546100E+03
     0.402546100E+03
     0.402546100E+03
     0.402546100E+03
     0.402546100E+03
     0.402546100E+03
     0.402546100E+03
     0.402546099E+03
     0.402546099E+03
     0.402546099E+03
     0.402546099E+03
     0.402546099E+03
     0.402546099E+03
     0.402546099E+03
     0.402546099E+03
     0.402546099E+03
     0.402546099E+03
     0.402546098E+03
     0.402546098E+03
     0.402546098E+03
     0.402546098E+03
     0.402546098E+03
     0.402546098E+03
     0.402546098E+03
     0.402546098E+03
     0.402546097E+03
     0.402546097E+03
     0.402546097E+03
     0.402546097E+03
     0.402546097E+03
     0.402546097E+03
     0.402546097E+03
     0.402546096E+03
     0.402546097E+03
     0.402546096E+03
     0.402546096E+03
     0.402546096E+03
     0.402546096E+03
     0.402546096E+03
     0.402546096E+03
     0.402546096E+03
     0.402546095E+03
     0.402546095E+03
     0.402546095E+03
     0.402546095E+03
     0.402546095E+03
     0.402546095E+03
     0.402546095E+03
     0.402546094E+03
     0.402546094E+03
     0.402546094E+03
     0.402546094E+03
     0.402546094E+03
     0.402546094E+03
     0.402546094E+03
     0.402546093E+03
     0.402546093E+03
     0.402546093E+03
     0.402546093E+03
     0.402546093E+03
     0.402546092E+03
     0.402546092E+03
     0.402546092E+03
     0.402546092E+03
     0.402546092E+03
     0.402546092E+03
     0.402546091E+03
     0.402546091E+03
     0.402546091E+03
     0.402546091E+03
     0.402546091E+03
     0.402546090E+03
     0.402546090E+03
     0.402546090E+03
     0.402546089E+03
     0.402546090E+03
     0.402546089E+03
     0.402546089E+03
     0.402546089E+03
     0.402546089E+03
     0.402546088E+03
     0.402546088E+03
     0.402546088E+03
     0.402546088E+03
     0.402546088E+03
     0.402546087E+03
     0.402546087E+03
     0.402546087E+03
     0.402546087E+03
     0.402546086E+03
     0.402546086E+03
     0.402546086E+03
     0.402546085E+03
     0.402546085E+03
     0.402546085E+03
     0.402546085E+03
     0.402546085E+03
     0.402546084E+03
     0.402546083E+03
     0.402546084E+03
     0.402546083E+03
     0.402546083E+03
     0.402546083E+03
     0.402546082E+03
     0.402546082E+03
     0.402546082E+03
     0.402546082E+03
     0.402546081E+03
     0.402546081E+03
     0.402546081E+03
     0.402546080E+03
     0.402546080E+03
     0.402546080E+03
     0.402546079E+03
     0.402546079E+03
     0.402546079E+03
     0.402546078E+03
     0.402546078E+03
     0.402546078E+03
     0.402546077E+03
     0.402546077E+03
     0.402546076E+03
     0.402546076E+03
     0.402546076E+03
     0.402546076E+03
     0.402546075E+03
     0.402546075E+03
     0.402546074E+03
     0.402546073E+03
     0.402546074E+03
     0.402546073E+03
     0.402546073E+03
     0.402546072E+03
     0.402546072E+03
     0.402546071E+03
     0.402546071E+03
     0.402546071E+03
     0.402546070E+03
     0.402546070E+03
     0.402546069E+03
     0.402546068E+03
     0.402546068E+03
     0.402546068E+03
     0.402546067E+03
     0.402546067E+03
     0.402546066E+03
     0.402546065E+03
     0.402546065E+03
     0.402546065E+03
     0.402546064E+03
     0.402546064E+03
     0.402546063E+03
     0.402546062E+03
     0.402546062E+03
     0.402546062E+03
     0.402546061E+03
     0.402546061E+03
     0.402546060E+03
     0.402546059E+03
     0.402546059E+03
     0.402546059E+03
     0.402546058E+03
     0.402546057E+03
     0.402546056E+03
     0.402546055E+03
     0.402546055E+03
     0.402546055E+03
     0.402546054E+03
     0.402546054E+03
     0.402546053E+03
     0.402546051E+03
     0.402546052E+03
     0.402546051E+03
     0.402546050E+03
     0.402546050E+03
     0.402546049E+03
     0.402546047E+03
     0.402546047E+03
     0.402546047E+03
     0.402546046E+03
     0.402546046E+03
     0.402546044E+03
     0.402546042E+03
     0.402546043E+03
     0.402546042E+03
     0.402546041E+03
     0.402546041E+03
     0.402546040E+03
     0.402546038E+03
     0.402546038E+03
     0.402546038E+03
     0.402546037E+03
     0.402546036E+03
     0.402546034E+03
     0.402546032E+03
     0.402546033E+03
     0.402546032E+03
     0.402546031E+03
     0.402546031E+03
     0.402546029E+03
     0.402546027E+03
     0.402546028E+03
     0.402546027E+03
     0.402546026E+03
     0.402546025E+03
     0.402546023E+03
     0.402546021E+03
     0.402546022E+03
     0.402546021E+03
     0.402546020E+03
     0.402546019E+03
     0.402546017E+03
     0.402546014E+03
     0.402546015E+03
     0.402546014E+03
     0.402546013E+03
     0.402546012E+03
     0.402546010E+03
     0.402546008E+03
     0.402546008E+03
     0.402546008E+03
     0.402546006E+03
     0.402546005E+03
     0.402546003E+03
     0.402546000E+03
     0.402546001E+03
     0.402546000E+03
     0.402545998E+03
     0.402545998E+03
     0.402545995E+03
     0.402545992E+03
     0.402545993E+03
     0.402545992E+03
     0.402545990E+03
     0.402545990E+03
     0.402545987E+03
     0.402545984E+03
     0.402545985E+03
     0.402545984E+03
     0.402545982E+03
     0.402545981E+03
     0.402545978E+03
     0.402545974E+03
     0.402545975E+03
     0.402545974E+03
     0.402545972E+03
     0.402545971E+03
     0.402545968E+03
     0.402545964E+03
     0.402545966E+03
     0.402545964E+03
     0.402545962E+03
     0.402545961E+03
     0.402545958E+03
     0.402545954E+03
     0.402545955E+03
     0.402545954E+03
     0.402545951E+03
     0.402545950E+03
     0.402545947E+03
     0.402545942E+03
     0.402545944E+03
     0.402545942E+03
     0.402545940E+03
     0.402545939E+03
     0.402545935E+03
     0.402545930E+03
     0.402545931E+03
     0.402545930E+03
     0.402545927E+03
     0.402545926E+03
     0.402545922E+03
     0.402545917E+03
     0.402545918E+03
     0.402545917E+03
     0.402545914E+03
     0.402545912E+03
     0.402545908E+03
     0.402545902E+03
     0.402545904E+03
     0.402545902E+03
     0.402545899E+03
     0.402545898E+03
     0.402545893E+03
     0.402545887E+03
     0.402545889E+03
     0.402545887E+03
     0.402545884E+03
     0.402545882E+03
     0.402545877E+03
     0.402545871E+03
     0.402545873E+03
     0.402545871E+03
     0.402545867E+03
     0.402545865E+03
     0.402545860E+03
     0.402545853E+03
     0.402545855E+03
     0.402545853E+03
     0.402545849E+03
     0.402545847E+03
     0.402545842E+03
     0.402545834E+03
     0.402545836E+03
     0.402545834E+03
     0.402545830E+03
     0.402545828E+03
     0.402545822E+03
     0.402545814E+03
     0.402545816E+03
     0.402545814E+03
     0.402545809E+03
     0.402545807E+03
     0.402545801E+03
     0.402545792E+03
     0.402545794E+03
     0.402545792E+03
     0.402545787E+03
     0.402545785E+03
     0.402545778E+03
     0.402545768E+03
     0.402545771E+03
     0.402545768E+03
     0.402545763E+03
     0.402545761E+03
     0.402545753E+03
     0.402545743E+03
     0.402545746E+03
     0.402545743E+03
     0.402545737E+03
     0.402545735E+03
     0.402545726E+03
     0.402545716E+03
     0.402545719E+03
     0.402545716E+03
     0.402545710E+03
     0.402545707E+03
     0.402545698E+03
     0.402545686E+03
     0.402545690E+03
     0.402545686E+03
     0.402545680E+03
     0.402545677E+03
     0.402545667E+03
     0.402545655E+03
     0.402545659E+03
     0.402545655E+03
     0.402545648E+03
     0.402545645E+03
     0.402545634E+03
     0.402545621E+03
     0.402545625E+03
     0.402545621E+03
     0.402545614E+03
     0.402545610E+03
     0.402545599E+03
     0.402545585E+03
     0.402545589E+03
     0.402545585E+03
     0.402545577E+03
     0.402545573E+03
     0.402545561E+03
     0.402545546E+03
     0.402545550E+03
     0.402545546E+03
     0.402545537E+03
     0.402545533E+03
     0.402545520E+03
     0.402545503E+03
     0.402545509E+03
     0.402545503E+03
     0.402545494E+03
     0.402545490E+03
     0.402545476E+03
     0.402545458E+03
     0.402545464E+03
     0.402545458E+03
     0.402545449E+03
     0.402545444E+03
     0.402545429E+03
     0.402545410E+03
     0.402545416E+03
     0.402545410E+03
     0.402545399E+03
     0.402545394E+03
     0.402545378E+03
     0.402545358E+03
     0.402545364E+03
     0.402545358E+03
     0.402545346E+03
     0.402545341E+03
     0.402545324E+03
     0.402545302E+03
     0.402545309E+03
     0.402545302E+03
     0.402545289E+03
     0.402545283E+03
     0.402545265E+03
     0.402545241E+03
     0.402545249E+03
     0.402545241E+03
     0.402545228E+03
     0.402545222E+03
     0.402545202E+03
     0.402545176E+03
     0.402545185E+03
     0.402545176E+03
     0.402545163E+03
     0.402545156E+03
     0.402545135E+03
     0.402545107E+03
     0.402545116E+03
     0.402545107E+03
     0.402545092E+03
     0.402545084E+03
     0.402545062E+03
     0.402545032E+03
     0.402545041E+03
     0.402545032E+03
     0.402545016E+03
     0.402545008E+03
     0.402544984E+03
     0.402544952E+03
     0.402544962E+03
     0.402544952E+03
     0.402544934E+03
     0.402544926E+03
     0.402544900E+03
     0.402544865E+03
     0.402544876E+03
     0.402544865E+03
     0.402544846E+03
     0.402544837E+03
     0.402544809E+03
     0.402544772E+03
     0.402544784E+03
     0.402544772E+03
     0.402544752E+03
     0.402544742E+03
     0.402544712E+03
     0.402544672E+03
     0.402544685E+03
     0.402544672E+03
     0.402544651E+03
     0.402544640E+03
     0.402544608E+03
     0.402544565E+03
     0.402544578E+03
     0.402544565E+03
     0.402544542E+03
     0.402544530E+03
     0.402544495E+03
     0.402544449E+03
     0.402544464E+03
     0.402544449E+03
     0.402544424E+03
     0.402544412E+03
     0.402544375E+03
     0.402544325E+03
     0.402544341E+03
     0.402544325E+03
     0.402544299E+03
     0.402544285E+03
     0.402544245E+03
     0.402544192E+03
     0.402544208E+03
     0.402544192E+03
     0.402544163E+03
     0.402544149E+03
     0.402544106E+03
     0.402544048E+03
     0.402544066E+03
     0.402544048E+03
     0.402544018E+03
     0.402544002E+03
     0.402543956E+03
     0.402543894E+03
     0.402543914E+03
     0.402543894E+03
     0.402543861E+03
     0.402543845E+03
     0.402543795E+03
     0.402543729E+03
     0.402543749E+03
     0.402543729E+03
     0.402543693E+03
     0.402543675E+03
     0.402543622E+03
     0.402543551E+03
     0.402543573E+03
     0.402543551E+03
     0.402543512E+03
     0.402543493E+03
     0.402543436E+03
     0.402543359E+03
     0.402543383E+03
     0.402543359E+03
     0.402543318E+03
     0.402543298E+03
     0.402543236E+03
     0.402543154E+03
     0.402543179E+03
     0.402543154E+03
     0.402543109E+03
     0.402543087E+03
     0.402543021E+03
     0.402542933E+03
     0.402542960E+03
     0.402542933E+03
     0.402542885E+03
     0.402542861E+03
     0.402542790E+03
     0.402542695E+03
     0.402542725E+03
     0.402542695E+03
     0.402542644E+03
     0.402542618E+03
     0.402542542E+03
     0.402542439E+03
     0.402542471E+03
     0.402542439E+03
     0.402542385E+03
     0.402542357E+03
     0.402542275E+03
     0.402542165E+03
     0.402542199E+03
     0.402542165E+03
     0.402542106E+03
     0.402542076E+03
     0.402541988E+03
     0.402541870E+03
     0.402541907E+03
     0.402541870E+03
     0.402541806E+03
     0.402541775E+03
     0.402541679E+03
     0.402541553E+03
     0.402541592E+03
     0.402541553E+03
     0.402541484E+03
     0.402541450E+03
     0.402541348E+03
     0.402541212E+03
     0.402541254E+03
     0.402541212E+03
     0.402541138E+03
     0.402541102E+03
     0.402540992E+03
     0.402540845E+03
     0.402540891E+03
     0.402540845E+03
     0.402540766E+03
     0.402540727E+03
     0.402540609E+03
     0.402540451E+03
     0.402540500E+03
     0.402540451E+03
     0.402540366E+03
     0.402540324E+03
     0.402540197E+03
     0.402540028E+03
     0.402540081E+03
     0.402540028E+03
     0.402539937E+03
     0.402539891E+03
     0.402539755E+03
     0.402539573E+03
     0.402539629E+03
     0.402539573E+03
     0.402539475E+03
     0.402539426E+03
     0.402539279E+03
     0.402539083E+03
     0.402539145E+03
     0.402539083E+03
     0.402538978E+03
     0.402538926E+03
     0.402538768E+03
     0.402538558E+03
     0.402538623E+03
     0.402538558E+03
     0.402538445E+03
     0.402538388E+03
     0.402538218E+03
     0.402537992E+03
     0.402538063E+03
     0.402537992E+03
     0.402537871E+03
     0.402537810E+03
     0.402537628E+03
     0.402537385E+03
     0.402537461E+03
     0.402537385E+03
     0.402537254E+03
     0.402537189E+03
     0.402536993E+03
     0.402536732E+03
     0.402536813E+03
     0.402536732E+03
     0.402536591E+03
     0.402536521E+03
     0.402536311E+03
     0.402536030E+03
     0.402536118E+03
     0.402536030E+03
     0.402535879E+03
     0.402535804E+03
     0.402535577E+03
     0.402535276E+03
     0.402535370E+03
     0.402535276E+03
     0.402535113E+03
     0.402535032E+03
     0.402534789E+03
     0.402534465E+03
     0.402534566E+03
     0.402534465E+03
     0.402534290E+03
     0.402534203E+03
     0.402533942E+03
     0.402533593E+03
     0.402533702E+03
     0.402533593E+03
     0.402533406E+03
     0.402533312E+03
     0.402533031E+03
     0.402532656E+03
     0.402532773E+03
     0.402532656E+03
     0.402532455E+03
     0.402532354E+03
     0.402532052E+03
     0.402531649E+03
     0.402531775E+03
     0.402531649E+03
     0.402531433E+03
     0.402531324E+03
     0.402531000E+03
     0.402530567E+03
     0.402530702E+03
     0.402530567E+03
     0.402530334E+03
     0.402530218E+03
     0.402529869E+03
     0.402529403E+03
     0.402529549E+03
     0.402529403E+03
     0.402529153E+03
     0.402529028E+03
     0.402528653E+03
     0.402528153E+03
     0.402528309E+03
     0.402528153E+03
     0.402527884E+03
     0.402527750E+03
     0.402527346E+03
     0.402526809E+03
     0.402526977E+03
     0.402526809E+03
     0.402526520E+03
     0.402526375E+03
     0.402525942E+03
     0.402525364E+03
     0.402525545E+03
     0.402525364E+03
     0.402525053E+03
     0.402524898E+03
     0.402524432E+03
     0.402523811E+03
     0.402524005E+03
     0.402523811E+03
     0.402523477E+03
     0.402523310E+03
     0.402522810E+03
     0.402522142E+03
     0.402522351E+03
     0.402522142E+03
     0.402521783E+03
     0.402521604E+03
     0.402521065E+03
     0.402520348E+03
     0.402520572E+03
     0.402520348E+03
     0.402519962E+03
     0.402519769E+03
     0.402519191E+03
     0.402518419E+03
     0.402518660E+03
     0.402518419E+03
     0.402518005E+03
     0.402517798E+03
     0.402517176E+03
     0.402516347E+03
     0.402516606E+03
     0.402516347E+03
     0.402515901E+03
     0.402515678E+03
     0.402515010E+03
     0.402514119E+03
     0.402514397E+03
     0.402514119E+03
     0.402513640E+03
     0.402513400E+03
     0.402512682E+03
     0.402511724E+03
     0.402512023E+03
     0.402511724E+03
     0.402511209E+03
     0.402510952E+03
     0.402510180E+03
     0.402509150E+03
     0.402509472E+03
     0.402509150E+03
     0.402508597E+03
     0.402508320E+03
     0.402507490E+03
     0.402506384E+03
     0.402506729E+03
     0.402506384E+03
     0.402505789E+03
     0.402505491E+03
     0.402504599E+03
     0.402503410E+03
     0.402503782E+03
     0.402503410E+03
     0.402502771E+03
     0.402502451E+03
     0.402501492E+03
     0.402500214E+03
     0.402500613E+03
     0.402500214E+03
     0.402499527E+03
     0.402499183E+03
     0.402498152E+03
     0.402496778E+03
     0.402497208E+03
     0.402496778E+03
     0.402496040E+03
     0.402495671E+03
     0.402494563E+03
     0.402493086E+03
     0.402493547E+03
     0.402493086E+03
     0.402492292E+03
     0.402491895E+03
     0.402490704E+03
     0.402489117E+03
     0.402489613E+03
     0.402489117E+03
     0.402488264E+03
     0.402487837E+03
     0.402486557E+03
     0.402484851E+03
     0.402485384E+03
     0.402484851E+03
     0.402483934E+03
     0.402483475E+03
     0.402482100E+03
     0.402480266E+03
     0.402480839E+03
     0.402480266E+03
     0.402479280E+03
     0.402478787E+03
     0.402477309E+03
     0.402475338E+03
     0.402475954E+03
     0.402475338E+03
     0.402474278E+03
     0.402473749E+03
     0.402472159E+03
     0.402470041E+03
     0.402470703E+03
     0.402470041E+03
     0.402468902E+03
     0.402468333E+03
     0.402466625E+03
     0.402464347E+03
     0.402465059E+03
     0.402464347E+03
     0.402463123E+03
     0.402462512E+03
     0.402460676E+03
     0.402458228E+03
     0.402458993E+03
     0.402458228E+03
     0.402456913E+03
     0.402456255E+03
     0.402454282E+03
     0.402451651E+03
     0.402452473E+03
     0.402451651E+03
     0.402450237E+03
     0.402449530E+03
     0.402447409E+03
     0.402444582E+03
     0.402445465E+03
     0.402444582E+03
     0.402443062E+03
     0.402442302E+03
     0.402440023E+03
     0.402436984E+03
     0.402437933E+03
     0.402436984E+03
     0.402435350E+03
     0.402434534E+03
     0.402432084E+03
     0.402428817E+03
     0.402429838E+03
     0.402428817E+03
     0.402427062E+03
     0.402426184E+03
     0.402423551E+03
     0.402420040E+03
     0.402421137E+03
     0.402420040E+03
     0.402418153E+03
     0.402417210E+03
     0.402414380E+03
     0.402410606E+03
     0.402411786E+03
     0.402410606E+03
     0.402408578E+03
     0.402407565E+03
     0.402404523E+03
     0.402400467E+03
     0.402401735E+03
     0.402400467E+03
     0.402398288E+03
     0.402397198E+03
     0.402393929E+03
     0.402389570E+03
     0.402390932E+03
     0.402389570E+03
     0.402387227E+03
     0.402386056E+03
     0.402382542E+03
     0.402377857E+03
     0.402379322E+03
     0.402377857E+03
     0.402375340E+03
     0.402374081E+03
     0.402370305E+03
     0.402365270E+03
     0.402366843E+03
     0.402365270E+03
     0.402362564E+03
     0.402361211E+03
     0.402357152E+03
     0.402351741E+03
     0.402353432E+03
     0.402351741E+03
     0.402348833E+03
     0.402347378E+03
     0.402343016E+03
     0.402337200E+03
     0.402339018E+03
     0.402337200E+03
     0.402334075E+03
     0.402332512E+03
     0.402327824E+03
     0.402321573E+03
     0.402323527E+03
     0.402321573E+03
     0.402318214E+03
     0.402316535E+03
     0.402311496E+03
     0.402304779E+03
     0.402306878E+03
     0.402304779E+03
     0.402301169E+03
     0.402299364E+03
     0.402293949E+03
     0.402286729E+03
     0.402288985E+03
     0.402286729E+03
     0.402282849E+03
     0.402280909E+03
     0.402275090E+03
     0.402267331E+03
     0.402269755E+03
     0.402267331E+03
     0.402263161E+03
     0.402261076E+03
     0.402254822E+03
     0.402246484E+03
     0.402249089E+03
     0.402246484E+03
     0.402242003E+03
     0.402239762E+03
     0.402233041E+03
     0.402224079E+03
     0.402226880E+03
     0.402224079E+03
     0.402219264E+03
     0.402216856E+03
     0.402209633E+03
     0.402200003E+03
     0.402203012E+03
     0.402200003E+03
     0.402194828E+03
     0.402192240E+03
     0.402184478E+03
     0.402174128E+03
     0.402177362E+03
     0.402174128E+03
     0.402168567E+03
     0.402165786E+03
     0.402157445E+03
     0.402146323E+03
     0.402149798E+03
     0.402146323E+03
     0.402140346E+03
     0.402137358E+03
     0.402128394E+03
     0.402116442E+03
     0.402120177E+03
     0.402116442E+03
     0.402110020E+03
     0.402106809E+03
     0.402097176E+03
     0.402084333E+03
     0.402088346E+03
     0.402084333E+03
     0.402077432E+03
     0.402073981E+03
     0.402063630E+03
     0.402049828E+03
     0.402054141E+03
     0.402049828E+03
     0.402042413E+03
     0.402038705E+03
     0.402027582E+03
     0.402012751E+03
     0.402017386E+03
     0.402012751E+03
     0.402004783E+03
     0.402000799E+03
     0.401988847E+03
     0.401972911E+03
     0.401977891E+03
     0.401972911E+03
     0.401964349E+03
     0.401960068E+03
     0.401947225E+03
     0.401930102E+03
     0.401935453E+03
     0.401930102E+03
     0.401920902E+03
     0.401916302E+03
     0.401902503E+03
     0.401884104E+03
     0.401889854E+03
     0.401884104E+03
     0.401874219E+03
     0.401869277E+03
     0.401854450E+03
     0.401834682E+03
     0.401840859E+03
     0.401834682E+03
     0.401824061E+03
     0.401818751E+03
     0.401802821E+03
     0.401781581E+03
     0.401788218E+03
     0.401781581E+03
     0.401770170E+03
     0.401764465E+03
     0.401747350E+03
     0.401724530E+03
     0.401731661E+03
     0.401724530E+03
     0.401712271E+03
     0.401706141E+03
     0.401687753E+03
     0.401663237E+03
     0.401670898E+03
     0.401663237E+03
     0.401650067E+03
     0.401643482E+03
     0.401623727E+03
     0.401597389E+03
     0.401605620E+03
     0.401597389E+03
     0.401583240E+03
     0.401576166E+03
     0.401554944E+03
     0.401526650E+03
     0.401535492E+03
     0.401526650E+03
     0.401511451E+03
     0.401503851E+03
     0.401481054E+03
     0.401450660E+03
     0.401460158E+03
     0.401450660E+03
     0.401434333E+03
     0.401426170E+03
     0.401401681E+03
     0.401369032E+03
     0.401379235E+03
     0.401369032E+03
     0.401351495E+03
     0.401342726E+03
     0.401316422E+03
     0.401281353E+03
     0.401292312E+03
     0.401281353E+03
     0.401262516E+03
     0.401253098E+03
     0.401224846E+03
     0.401187178E+03
     0.401198949E+03
     0.401187178E+03
     0.401166947E+03
     0.401156832E+03
     0.401126488E+03
     0.401086033E+03
     0.401098675E+03
     0.401086033E+03
     0.401064305E+03
     0.401053442E+03
     0.401020853E+03
     0.400977406E+03
     0.400990983E+03
     0.400977406E+03
     0.400954073E+03
     0.400942407E+03
     0.400907410E+03
     0.400860753E+03
     0.400875333E+03
     0.400860753E+03
     0.400835697E+03
     0.400823169E+03
     0.400785589E+03
     0.400735488E+03
     0.400751144E+03
     0.400735488E+03
     0.400708583E+03
     0.400695132E+03
     0.400654780E+03
     0.400600985E+03
     0.400617795E+03
     0.400600985E+03
     0.400572098E+03
     0.400557656E+03
     0.400514332E+03
     0.400456574E+03
     0.400474622E+03
     0.400456574E+03
     0.400425561E+03
     0.400410056E+03
     0.400363544E+03
     0.400301537E+03
     0.400320913E+03
     0.400301537E+03
     0.400268245E+03
     0.400251601E+03
     0.400201671E+03
     0.400135108E+03
     0.400155907E+03
     0.400135108E+03
     0.400099373E+03
     0.400081506E+03
     0.400027912E+03
     0.399956465E+03
     0.399978791E+03
     0.399956465E+03
     0.399918111E+03
     0.399898935E+03
     0.399841414E+03
     0.399764732E+03
     0.399788694E+03
     0.399764732E+03
     0.399723571E+03
     0.399702993E+03
     0.399641263E+03
     0.399558971E+03
     0.399584685E+03
     0.399558971E+03
     0.399514803E+03
     0.399492721E+03
     0.399426483E+03
     0.399338181E+03
     0.399365773E+03
     0.399338181E+03
     0.399290793E+03
     0.399267100E+03
     0.399196032E+03
     0.399101294E+03
     0.399130897E+03
     0.399101294E+03
     0.399050455E+03
     0.399025039E+03
     0.398948798E+03
     0.398847167E+03
     0.398878924E+03
     0.398847167E+03
     0.398792636E+03
     0.398765373E+03
     0.398683595E+03
     0.398574585E+03
     0.398608647E+03
     0.398574585E+03
     0.398516100E+03
     0.398486861E+03
     0.398399157E+03
     0.398282249E+03
     0.398318779E+03
     0.398282249E+03
     0.398219535E+03
     0.398188182E+03
     0.398094137E+03
     0.397968778E+03
     0.398007948E+03
     0.397968778E+03
     0.397901539E+03
     0.397867924E+03
     0.397767096E+03
     0.397632698E+03
     0.397674693E+03
     0.397632698E+03
     0.397560622E+03
     0.397524588E+03
     0.397416507E+03
     0.397272444E+03
     0.397317458E+03
     0.397272444E+03
     0.397195195E+03
     0.397156576E+03
     0.397040742E+03
     0.396886349E+03
     0.396934590E+03
     0.396886349E+03
     0.396803573E+03
     0.396762191E+03
     0.396638072E+03
     0.396472641E+03
     0.396524331E+03
     0.396472641E+03
     0.396383961E+03
     0.396339628E+03
     0.396206660E+03
     0.396029438E+03
     0.396084812E+03
     0.396029438E+03
     0.395934454E+03
     0.395886970E+03
     0.395744554E+03
     0.395554744E+03
     0.395614050E+03
     0.395554744E+03
     0.395453031E+03
     0.395402185E+03
     0.395249684E+03
     0.395046441E+03
     0.395109943E+03
     0.395046441E+03
     0.394937549E+03
     0.394883115E+03
     0.394719856E+03
     0.394502283E+03
     0.394570261E+03
     0.394502283E+03
     0.394385736E+03
     0.394327475E+03
     0.394152745E+03
     0.393919893E+03
     0.393992644E+03
     0.393919893E+03
     0.393795186E+03
     0.393732848E+03
     0.393545892E+03
     0.393296755E+03
     0.393374593E+03
     0.393296755E+03
     0.393163355E+03
     0.393096673E+03
     0.392896692E+03
     0.392630210E+03
     0.392713466E+03
     0.392630210E+03
     0.392487553E+03
     0.392416245E+03
     0.392202396E+03
     0.391917446E+03
     0.392006471E+03
     0.391917446E+03
     0.391764938E+03
     0.391688706E+03
     0.391460098E+03
     0.391155497E+03
     0.391250659E+03
     0.391155497E+03
     0.390992507E+03
     0.390911038E+03
     0.390666733E+03
     0.390341229E+03
     0.390442920E+03
     0.390341229E+03
     0.390167097E+03
     0.390080059E+03
     0.389819064E+03
     0.389471342E+03
     0.389579972E+03
     0.389471342E+03
     0.389285367E+03
     0.389192412E+03
     0.388913682E+03
     0.388542353E+03
     0.388658355E+03
     0.388542353E+03
     0.388343797E+03
     0.388244558E+03
     0.387946991E+03
     0.387550591E+03
     0.387674422E+03
     0.387550591E+03
     0.387338679E+03
     0.387232766E+03
     0.386915202E+03
     0.386492188E+03
     0.386624330E+03
     0.386492188E+03
     0.386266098E+03
     0.386153103E+03
     0.385814317E+03
     0.385363063E+03
     0.385504023E+03
     0.385363063E+03
     0.385121931E+03
     0.385001422E+03
     0.384640120E+03
     0.384158911E+03
     0.384309224E+03
     0.384158911E+03
     0.383901820E+03
     0.383773340E+03
     0.383388155E+03
     0.382875178E+03
     0.383035410E+03
     0.382875178E+03
     0.382601159E+03
     0.382464223E+03
     0.382053709E+03
     0.381507043E+03
     0.381677792E+03
     0.381507043E+03
     0.381215064E+03
     0.381069159E+03
     0.380631777E+03
     0.380049382E+03
     0.380231284E+03
     0.380049382E+03
     0.379763875E+03
     0.379621202E+03
     0.379193506E+03
     0.378623992E+03
     0.378801873E+03
     0.378623992E+03
     0.378355414E+03
     0.378221196E+03
     0.377818829E+03
     0.377283005E+03
     0.377450368E+03
     0.378385311E+03
     0.378266027E+03
     0.377908401E+03
     0.377432091E+03
     0.377580873E+03
     0.377432091E+03
     0.377193580E+03
     0.377074382E+03
     0.376717011E+03
     0.376241044E+03
     0.376389719E+03
     0.376241044E+03
     0.375981494E+03
     0.375851786E+03
     0.375462931E+03
     0.374945084E+03
     0.375106834E+03
     0.374945084E+03
     0.374656309E+03
     0.374512005E+03
     0.374079428E+03
     0.373503434E+03
     0.373683337E+03
     0.373503434E+03
     0.373189373E+03
     0.373032442E+03
     0.372562043E+03
     0.371935768E+03
     0.372131366E+03
     0.371935768E+03
     0.371598416E+03
     0.371429855E+03
     0.370924629E+03
     0.370252065E+03
     0.370462110E+03
     0.370252065E+03
     0.369892490E+03
     0.369712833E+03
     0.369174387E+03
     0.368457679E+03
     0.368681501E+03
     0.368457679E+03
     0.368076337E+03
     0.367885814E+03
     0.367314837E+03
     0.366554912E+03
     0.366792220E+03
     0.366554912E+03
     0.366151781E+03
     0.365950382E+03
     0.365346849E+03
     0.364543685E+03
     0.364794484E+03
     0.364543685E+03
     0.364118302E+03
     0.363905796E+03
     0.363269022E+03
     0.362421724E+03
     0.362686292E+03
     0.362421724E+03
     0.361973154E+03
     0.361749077E+03
     0.361077678E+03
     0.360184418E+03
     0.360463324E+03
     0.360184418E+03
     0.359740913E+03
     0.359519365E+03
     0.358855540E+03
     0.357972347E+03
     0.358248111E+03
     0.357972347E+03
     0.357545070E+03
     0.357331623E+03
     0.356692046E+03
     0.355841057E+03
     0.356106773E+03
     0.355841057E+03
     0.355447280E+03
     0.355250554E+03
     0.354661031E+03
     0.353876522E+03
     0.354121494E+03
     0.353876522E+03
     0.353461821E+03
     0.353254653E+03
     0.352633877E+03
     0.351807872E+03
     0.352065791E+03
     0.351807872E+03
     0.351338058E+03
     0.351103386E+03
     0.350400310E+03
     0.349465065E+03
     0.349757061E+03
     0.349465065E+03
     0.348945943E+03
     0.348686671E+03
     0.347910011E+03
     0.346877154E+03
     0.347199592E+03
     0.346877154E+03
     0.346311745E+03
     0.346029386E+03
     0.345183689E+03
     0.344059309E+03
     0.344410284E+03
     0.344059309E+03
     0.343450007E+03
     0.343145761E+03
     0.342234639E+03
     0.341023572E+03
     0.341401569E+03
     0.341023572E+03
     0.340372662E+03
     0.340047674E+03
     0.339074568E+03
     0.337781424E+03
     0.338185001E+03
     0.337781424E+03
     0.337091012E+03
     0.336746336E+03
     0.335714419E+03
     0.334343447E+03
     0.334771273E+03
     0.334343447E+03
     0.333615007E+03
     0.333251382E+03
     0.332162884E+03
     0.330717081E+03
     0.331168217E+03
     0.330717081E+03
     0.329950863E+03
     0.329568420E+03
     0.328423748E+03
     0.326903701E+03
     0.327377959E+03
     0.326903701E+03
     0.326098184E+03
     0.325696170E+03
     0.324493099E+03
     0.322895914E+03
     0.323394188E+03
     0.322895914E+03
     0.322086525E+03
     0.321682591E+03
     0.320473827E+03
     0.318869204E+03
     0.319369784E+03
     0.318869204E+03
     0.318072332E+03
     0.317674643E+03
     0.316484557E+03
     0.314904708E+03
     0.315397562E+03
     0.314904708E+03
     0.314114287E+03
     0.313719821E+03
     0.312539392E+03
     0.310972394E+03
     0.311461235E+03
     0.310972394E+03
     0.310186158E+03
     0.309793786E+03
     0.308619645E+03
     0.307061043E+03
     0.307547259E+03
     0.307061043E+03
     0.306278633E+03
     0.305888176E+03
     0.304719790E+03
     0.303168880E+03
     0.303652689E+03
     0.303168880E+03
     0.302391025E+03
     0.302002847E+03
     0.300841299E+03
     0.299299514E+03
     0.299780471E+03
     0.299299514E+03
     0.298527569E+03
     0.298142344E+03
     0.296989648E+03
     0.295459649E+03
     0.295936925E+03
     0.295459649E+03
     0.294695299E+03
     0.294313866E+03
     0.293172526E+03
     0.291657621E+03
     0.292130186E+03
     0.291657621E+03
     0.290901348E+03
     0.290523947E+03
     0.289394679E+03
     0.287895814E+03
     0.288363373E+03
     0.287895814E+03
     0.287149167E+03
     0.286776571E+03
     0.285661679E+03
     0.284181897E+03
     0.284643504E+03
     0.284181897E+03
     0.283446626E+03
     0.283079705E+03
     0.281981787E+03
     0.280524518E+03
     0.280979104E+03
     0.280524518E+03
     0.279802228E+03
     0.279441780E+03
     0.278363221E+03
     0.276931615E+03
     0.277378199E+03
     0.276931615E+03
     0.276223732E+03
     0.275870469E+03
     0.274813389E+03
     0.273410247E+03
     0.273847958E+03
     0.273410247E+03
     0.272718004E+03
     0.272372540E+03
     0.271338771E+03
     0.269966512E+03
     0.270394596E+03
     0.269966512E+03
     0.269290945E+03
     0.268953796E+03
     0.267944879E+03
     0.266605541E+03
     0.267023363E+03
     0.266605541E+03
     0.265947506E+03
     0.265619098E+03
     0.264636304E+03
     0.263331567E+03
     0.263738605E+03
     0.263331567E+03
     0.262691765E+03
     0.262372447E+03
     0.261416821E+03
     0.260148065E+03
     0.260543888E+03
     0.260148065E+03
     0.259527083E+03
     0.259217148E+03
     0.258289562E+03
     0.257057943E+03
     0.257442192E+03
     0.257057943E+03
     0.256456304E+03
     0.256156013E+03
     0.255257248E+03
     0.254063798E+03
     0.254436151E+03
     0.254063798E+03
     0.253482027E+03
     0.253191641E+03
     0.252322478E+03
     0.251168233E+03
     0.251528366E+03
     0.251168233E+03
     0.250606935E+03
     0.250326757E+03
     0.249488100E+03
     0.248374260E+03
     0.248721800E+03
     0.248374260E+03
     0.247834236E+03
     0.247564665E+03
     0.246757709E+03
     0.245685857E+03
     0.246020310E+03
     0.245685857E+03
     0.245168266E+03
     0.244909879E+03
     0.244136352E+03
     0.243108782E+03
     0.243429432E+03
     0.243108782E+03
     0.242615409E+03
     0.242369099E+03
     0.241631666E+03
     0.240651912E+03
     0.240957658E+03
     0.240651912E+03
     0.240185679E+03
     0.239952901E+03
     0.239255920E+03
     0.238329761E+03
     0.238618800E+03
     0.238329761E+03
     0.237895837E+03
     0.237679171E+03
     0.237030358E+03
     0.236168027E+03
     0.236437168E+03
     0.236168027E+03
     0.235777061E+03
     0.235581820E+03
     0.234997069E+03
     0.234219657E+03
     0.234462321E+03
     0.234219657E+03
     0.233844889E+03
     0.233657729E+03
     0.233097150E+03
     0.232351803E+03
     0.232584467E+03
     0.232351803E+03
     0.231934169E+03
     0.231725633E+03
     0.231101151E+03
     0.230271126E+03
     0.230530188E+03
     0.230271126E+03
     0.229818554E+03
     0.229592602E+03
     0.228916076E+03
     0.228017143E+03
     0.228297680E+03
     0.228017143E+03
     0.227532748E+03
     0.227290936E+03
     0.226567043E+03
     0.225605437E+03
     0.225905499E+03
     0.225605437E+03
     0.225089208E+03
     0.224831536E+03
     0.224060291E+03
     0.223036077E+03
     0.223355640E+03
     0.223036077E+03
     0.222484500E+03
     0.222209224E+03
     0.221385436E+03
     0.220291801E+03
     0.220632981E+03
     0.220291801E+03
     0.219695412E+03
     0.219397824E+03
     0.218507474E+03
     0.217325959E+03
     0.217694494E+03
     0.217325959E+03
     0.216659794E+03
     0.216327477E+03
     0.215333584E+03
     0.214015492E+03
     0.214426527E+03
     0.214015492E+03
     0.213364115E+03
     0.213039170E+03
     0.212067302E+03
     0.210778371E+03
     0.211180318E+03
     0.210778371E+03
     0.210189307E+03
     0.209895393E+03
     0.209016114E+03
     0.207849470E+03
     0.208213345E+03
     0.207849470E+03
     0.207305232E+03
     0.207033647E+03
     0.206221027E+03
     0.205142493E+03
     0.205478928E+03
     0.205142493E+03
     0.204632199E+03
     0.204377528E+03
     0.203615416E+03
     0.202603684E+03
     0.202919309E+03
     0.202603684E+03
     0.202119426E+03
     0.201877731E+03
     0.201154378E+03
     0.200193938E+03
     0.200493582E+03
     0.200193938E+03
     0.199730737E+03
     0.199499539E+03
     0.198807548E+03
     0.197888626E+03
     0.198175332E+03
     0.197888626E+03
     0.197442982E+03
     0.197220536E+03
     0.196554701E+03
     0.195670418E+03
     0.195946328E+03
     0.195670418E+03
     0.195239467E+03
     0.195024347E+03
     0.194380410E+03
     0.193525133E+03
     0.193792002E+03
     0.193525133E+03
     0.193106381E+03
     0.192897345E+03
     0.192271593E+03
     0.191440414E+03
     0.191699771E+03
     0.191440414E+03
     0.191031537E+03
     0.190827426E+03
     0.190216400E+03
     0.189404742E+03
     0.189658013E+03
     0.189404742E+03
     0.189003391E+03
     0.188803034E+03
     0.188203237E+03
     0.187406471E+03
     0.187655097E+03
     0.187406471E+03
     0.187010010E+03
     0.186812094E+03
     0.186219602E+03
     0.185432535E+03
     0.185678136E+03
     0.185432535E+03
     0.185037584E+03
     0.184840423E+03
     0.184250202E+03
     0.183466172E+03
     0.183710822E+03
     0.183466172E+03
     0.183067551E+03
     0.182868565E+03
     0.182272905E+03
     0.181481708E+03
     0.181728587E+03
     0.181481708E+03
     0.181069214E+03
     0.180863319E+03
     0.180247037E+03
     0.179428593E+03
     0.179683957E+03
     0.179428593E+03
     0.179001947E+03
     0.178789005E+03
     0.178151697E+03
     0.177305485E+03
     0.177569494E+03
     0.177305485E+03
     0.176896887E+03
     0.176692942E+03
     0.176082514E+03
     0.175271889E+03
     0.175524808E+03
     0.175271889E+03
     0.174902730E+03
     0.174718442E+03
     0.174166743E+03
     0.173433852E+03
     0.173662548E+03
     0.174971863E+03
     0.174822042E+03
     0.174373350E+03
     0.173776884E+03
     0.173963060E+03
     0.173776884E+03
     0.173470439E+03
     0.173317420E+03
     0.172859171E+03
     0.172250056E+03
     0.172440173E+03
     0.173513224E+03
     0.173381544E+03
     0.172987103E+03
     0.172462578E+03
     0.172626321E+03
     0.172462578E+03
     0.172197389E+03
     0.172064948E+03
     0.171668235E+03
     0.171140707E+03
     0.171305386E+03
     0.172234582E+03
     0.172120697E+03
     0.171779495E+03
     0.171325610E+03
     0.171467320E+03
     0.171325610E+03
     0.171096332E+03
     0.170981808E+03
     0.170638696E+03
     0.170182285E+03
     0.170324782E+03
     0.171138532E+03
     0.171045069E+03
     0.170764988E+03
     0.170392260E+03
     0.170508650E+03
     0.170392260E+03
     0.170201956E+03
     0.170106884E+03
     0.169821986E+03
     0.169442864E+03
     0.169561249E+03
     0.169442864E+03
     0.169242887E+03
     0.169142987E+03
     0.168843641E+03
     0.168445337E+03
     0.168569706E+03
     0.168445337E+03
     0.168233853E+03
     0.168128211E+03
     0.167811681E+03
     0.167390569E+03
     0.167522053E+03
     0.167390569E+03
     0.167171991E+03
     0.167062809E+03
     0.166735690E+03
     0.166300529E+03
     0.166436394E+03
     0.166300529E+03
     0.166077566E+03
     0.165966197E+03
     0.165632538E+03
     0.165188701E+03
     0.165327272E+03
     0.165188701E+03
     0.164963094E+03
     0.164850406E+03
     0.164512803E+03
     0.164063742E+03
     0.164203942E+03
     0.164063742E+03
     0.163836671E+03
     0.163723254E+03
     0.163383472E+03
     0.162931527E+03
     0.163072625E+03
     0.162931527E+03
     0.162703838E+03
     0.162590112E+03
     0.162249413E+03
     0.161796258E+03
     0.161937733E+03
     0.161796258E+03
     0.161568588E+03
     0.161454873E+03
     0.161114208E+03
     0.160661106E+03
     0.160802564E+03
     0.160661106E+03
     0.160433967E+03
     0.160320518E+03
     0.159980651E+03
     0.159528616E+03
     0.159669739E+03
     0.159528616E+03
     0.159302450E+03
     0.159189487E+03
     0.158851079E+03
     0.158400988E+03
     0.158541504E+03
     0.158400988E+03
     0.158176212E+03
     0.158063944E+03
     0.157727618E+03
     0.157280296E+03
     0.157419948E+03
     0.157280296E+03
     0.157057341E+03
     0.156945982E+03
     0.156612379E+03
     0.156168678E+03
     0.156307199E+03
     0.156168678E+03
     0.155946191E+03
     0.155835066E+03
     0.155502167E+03
     0.155059408E+03
     0.155197635E+03
     0.155059408E+03
     0.154837770E+03
     0.154727069E+03
     0.154395442E+03
     0.153954378E+03
     0.154092075E+03
     0.153954378E+03
     0.153734075E+03
     0.153624042E+03
     0.153294414E+03
     0.152856010E+03
     0.152992877E+03
     0.152856010E+03
     0.152637647E+03
     0.152528583E+03
     0.152201856E+03
     0.151767310E+03
     0.151902972E+03
     0.151767310E+03
     0.151551689E+03
     0.151443994E+03
     0.151121367E+03
     0.150692267E+03
     0.150826229E+03
     0.150692267E+03
     0.150480527E+03
     0.150374769E+03
     0.150057941E+03
     0.149636542E+03
     0.149768102E+03
     0.149636542E+03
     0.149430422E+03
     0.149327469E+03
     0.149019034E+03
     0.148608779E+03
     0.148736862E+03
     0.148608779E+03
     0.148411205E+03
     0.148312517E+03
     0.148016846E+03
     0.147623535E+03
     0.147746333E+03
     0.147623535E+03
     0.147440337E+03
     0.147348824E+03
     0.147074623E+03
     0.146709816E+03
     0.146823721E+03
     0.146709816E+03
     0.146524481E+03
     0.146431902E+03
     0.146154513E+03
     0.145785479E+03
     0.145900702E+03
     0.145785479E+03
     0.145573117E+03
     0.145467051E+03
     0.145149319E+03
     0.144726755E+03
     0.144858674E+03
     0.144726755E+03
     0.144488968E+03
     0.144370221E+03
     0.144014564E+03
     0.143541719E+03
     0.143689316E+03
     0.143541719E+03
     0.143276337E+03
     0.143143830E+03
     0.142747045E+03
     0.142219708E+03
     0.142384291E+03
     0.142219708E+03
     0.141920285E+03
     0.141770810E+03
     0.141323328E+03
     0.140728882E+03
     0.140914378E+03
     0.140728882E+03
     0.140377686E+03
     0.140202417E+03
     0.139677921E+03
     0.138981643E+03
     0.139198856E+03
     0.138981643E+03
     0.138519220E+03
     0.138288586E+03
     0.137598985E+03
     0.136684863E+03
     0.136969872E+03
     0.138566505E+03
     0.138359401E+03
     0.137739945E+03
     0.136918315E+03
     0.137174546E+03
     0.136918315E+03
     0.136507283E+03
     0.136302230E+03
     0.135688916E+03
     0.134875456E+03
     0.135129137E+03
     0.136551690E+03
     0.136368745E+03
     0.135821382E+03
     0.135094980E+03
     0.135321562E+03
     0.135094980E+03
     0.134732464E+03
     0.134551571E+03
     0.134010348E+03
     0.133292102E+03
     0.133516140E+03
     0.133292102E+03
     0.132949136E+03
     0.132777983E+03
     0.132265847E+03
     0.131586071E+03
     0.131798125E+03
     0.131586071E+03
     0.131253493E+03
     0.131087519E+03
     0.130590857E+03
     0.129931566E+03
     0.130137236E+03
     0.129931566E+03
     0.129614955E+03
     0.129456939E+03
     0.128984045E+03
     0.128356207E+03
     0.128552077E+03
     0.128356207E+03
     0.128055866E+03
     0.127905960E+03
     0.127457292E+03
     0.126861516E+03
     0.127047397E+03
     0.126861516E+03
     0.126576980E+03
     0.126434951E+03
     0.126009820E+03
     0.125445201E+03
     0.125621372E+03
     0.125445201E+03
     0.125176229E+03
     0.125041959E+03
     0.124640013E+03
     0.124106094E+03
     0.124272698E+03
     0.124106094E+03
     0.123852528E+03
     0.123725939E+03
     0.123346947E+03
     0.122843431E+03
     0.123000558E+03
     0.122843431E+03
     0.122605108E+03
     0.122486120E+03
     0.122129849E+03
     0.121656432E+03
     0.121804177E+03
     0.121656432E+03
     0.121433160E+03
     0.121321678E+03
     0.120987845E+03
     0.120544163E+03
     0.120682639E+03
     0.120544163E+03
     0.120335728E+03
     0.120231645E+03
     0.119919937E+03
     0.119505584E+03
     0.119634915E+03
     0.119505584E+03
     0.119311785E+03
     0.119215003E+03
     0.118925130E+03
     0.118539727E+03
     0.118660031E+03
     0.118539727E+03
     0.118360443E+03
     0.118270903E+03
     0.118002688E+03
     0.117646015E+03
     0.117757359E+03
     0.117646015E+03
     0.117481301E+03
     0.117399030E+03
     0.117152564E+03
     0.116824747E+03
     0.116927091E+03
     0.116824747E+03
     0.116675018E+03
     0.116600225E+03
     0.116376135E+03
     0.116078017E+03
     0.116171097E+03
     0.116690428E+03
     0.116623327E+03
     0.116422254E+03
     0.116154695E+03
     0.116238241E+03
     0.116154695E+03
     0.116020610E+03
     0.115953625E+03
     0.115752903E+03
     0.115485814E+03
     0.115569213E+03
     0.116038630E+03
     0.115980640E+03
     0.115806846E+03
     0.115575526E+03
     0.115647764E+03
     0.115575526E+03
     0.115458657E+03
     0.115400267E+03
     0.115225273E+03
     0.114992361E+03
     0.115065096E+03
     0.114992361E+03
     0.114880746E+03
     0.114824978E+03
     0.114657839E+03
     0.114435365E+03
     0.114504842E+03
     0.114435365E+03
     0.114315116E+03
     0.114255039E+03
     0.114074998E+03
     0.113835384E+03
     0.113910209E+03
     0.113835384E+03
     0.113710066E+03
     0.113647459E+03
     0.113459845E+03
     0.113210175E+03
     0.113288138E+03
     0.113210175E+03
     0.113082028E+03
     0.113018010E+03
     0.112826170E+03
     0.112570891E+03
     0.112650604E+03
     0.112570891E+03
     0.112441497E+03
     0.112376855E+03
     0.112183154E+03
     0.111925405E+03
     0.112005888E+03
     0.111925405E+03
     0.111795935E+03
     0.111731256E+03
     0.111537444E+03
     0.111279551E+03
     0.111360079E+03
     0.111279551E+03
     0.111150901E+03
     0.111086631E+03
     0.110894046E+03
     0.110637784E+03
     0.110717802E+03
     0.110637784E+03
     0.110510647E+03
     0.110447134E+03
     0.110256812E+03
     0.110003559E+03
     0.110082638E+03
     0.110003559E+03
     0.109878478E+03
     0.109815991E+03
     0.109628744E+03
     0.109379576E+03
     0.109457380E+03
     0.109379576E+03
     0.109256977E+03
     0.109195728E+03
     0.109012190E+03
     0.108767951E+03
     0.108844217E+03
     0.108767951E+03
     0.108648163E+03
     0.108588318E+03
     0.108408982E+03
     0.108170329E+03
     0.108244851E+03
     0.108170329E+03
     0.108053607E+03
     0.107995293E+03
     0.107820540E+03
     0.107587977E+03
     0.107660599E+03
     0.107587977E+03
     0.107474513E+03
     0.107417826E+03
     0.107247944E+03
     0.107021853E+03
     0.107092455E+03
     0.107021853E+03
     0.106911787E+03
     0.106856797E+03
     0.106691995E+03
     0.106472655E+03
     0.106541150E+03
     0.106472655E+03
     0.106366085E+03
     0.106312840E+03
     0.106153264E+03
     0.105940870E+03
     0.106007197E+03
     0.105940870E+03
     0.105837856E+03
     0.105786387E+03
     0.105632130E+03
     0.105426803E+03
     0.105490925E+03
     0.105426803E+03
     0.105327378E+03
     0.105277700E+03
     0.105128808E+03
     0.104930613E+03
     0.104992509E+03
     0.104930613E+03
     0.104834781E+03
     0.104786898E+03
     0.104643381E+03
     0.104452330E+03
     0.104511996E+03
     0.104452330E+03
     0.104360077E+03
     0.104313981E+03
     0.104175816E+03
     0.103991880E+03
     0.104049325E+03
     0.103991880E+03
     0.103903174E+03
     0.103858849E+03
     0.103725988E+03
     0.103549104E+03
     0.103604348E+03
     0.103549104E+03
     0.103463896E+03
     0.103421319E+03
     0.103293691E+03
     0.103123767E+03
     0.103176838E+03
     0.103123767E+03
     0.103041998E+03
     0.103001139E+03
     0.102878657E+03
     0.102715574E+03
     0.102766510E+03
     0.102715574E+03
     0.102637176E+03
     0.102598000E+03
     0.102480561E+03
     0.102324184E+03
     0.102373026E+03
     0.102324184E+03
     0.102249079E+03
     0.102211548E+03
     0.102099036E+03
     0.101949213E+03
     0.101996009E+03
     0.101949213E+03
     0.101877319E+03
     0.101841390E+03
     0.101733682E+03
     0.101590248E+03
     0.101635049E+03
     0.101590248E+03
     0.101521475E+03
     0.101487106E+03
     0.101384069E+03
     0.101246849E+03
     0.101289710E+03
     0.101246849E+03
     0.101181106E+03
     0.101148250E+03
     0.101049747E+03
     0.100918560E+03
     0.100959537E+03
     0.100918560E+03
     0.100855751E+03
     0.100824362E+03
     0.100730253E+03
     0.100604910E+03
     0.100644063E+03
     0.100604910E+03
     0.100544941E+03
     0.100514969E+03
     0.100425109E+03
     0.100305421E+03
     0.100342808E+03
     0.100305421E+03
     0.100248193E+03
     0.100219591E+03
     0.100133835E+03
     0.100019608E+03
     0.100055290E+03
     0.100019608E+03
     0.999650248E+02
     0.999377441E+02
     0.998559468E+02
     0.997469879E+02
     0.997810248E+02
     0.997469879E+02
     0.996949512E+02
     0.996689430E+02
     0.995909590E+02
     0.994870754E+02
     0.995195274E+02
     0.994870754E+02
     0.994374891E+02
     0.994127052E+02
     0.993383905E+02
     0.992393908E+02
     0.992703176E+02
     0.992393908E+02
     0.991921596E+02
     0.991685525E+02
     0.990977648E+02
     0.990034597E+02
     0.990329204E+02
     0.990034597E+02
     0.989584900E+02
     0.989360128E+02
     0.988686119E+02
     0.987788153E+02
     0.988068680E+02
     0.987788153E+02
     0.987360151E+02
     0.987146220E+02
     0.986504703E+02
     0.985649996E+02
     0.985917012E+02
     0.985649996E+02
     0.985242789E+02
     0.985039248E+02
     0.984428879E+02
     0.983615642E+02
     0.983869707E+02
     0.983615642E+02
     0.983228353E+02
     0.983034766E+02
     0.982454232E+02
     0.981680721E+02
     0.981922378E+02
     0.981680721E+02
     0.981312496E+02
     0.981128435E+02
     0.980576459E+02
     0.979840975E+02
     0.980070754E+02
     0.979840975E+02
     0.979490983E+02
     0.979316034E+02
     0.978791375E+02
     0.978092267E+02
     0.978310685E+02
     0.978092267E+02
     0.977759705E+02
     0.977593467E+02
     0.977094921E+02
     0.976430588E+02
     0.976638143E+02
     0.976430588E+02
     0.976114677E+02
     0.975956760E+02
     0.975483162E+02
     0.974852055E+02
     0.975049232E+02
     0.974852055E+02
     0.974552042E+02
     0.974402070E+02
     0.973952294E+02
     0.973352915E+02
     0.973540181E+02
     0.973352915E+02
     0.973068074E+02
     0.972925685E+02
     0.972498643E+02
     0.971929545E+02
     0.972107352E+02
     0.971929545E+02
     0.971659176E+02
     0.971524020E+02
     0.971118664E+02
     0.970578453E+02
     0.970747237E+02
     0.970578453E+02
     0.970321882E+02
     0.970193622E+02
     0.969808944E+02
     0.969296277E+02
     0.969456456E+02
     0.969296277E+02
     0.969052855E+02
     0.968931167E+02
     0.968566196E+02
     0.968079781E+02
     0.968231759E+02
     0.968079781E+02
     0.967848886E+02
     0.967733459E+02
     0.967387261E+02
     0.966925856E+02
     0.967070022E+02
     0.966925856E+02
     0.966706890E+02
     0.966597425E+02
     0.966269106E+02
     0.965831520E+02
     0.965968244E+02
     0.965831520E+02
     0.965623908E+02
     0.965520119E+02
     0.965208819E+02
     0.964793908E+02
     0.964923548E+02
     0.964793908E+02
     0.964597101E+02
     0.964498713E+02
     0.964203609E+02
     0.963810277E+02
     0.963933176E+02
     0.963810277E+02
     0.963623749E+02
     0.963530498E+02
     0.963250801E+02
     0.962877998E+02
     0.962994483E+02
     0.962877998E+02
     0.962701244E+02
     0.962612880E+02
     0.962347835E+02
     0.961994555E+02
     0.962104941E+02
     0.961994555E+02
     0.961827094E+02
     0.961743374E+02
     0.961492260E+02
     0.961157542E+02
     0.961262129E+02
     0.961157542E+02
     0.960998913E+02
     0.960919608E+02
     0.960681733E+02
     0.960364658E+02
     0.960463732E+02
     0.960364658E+02
     0.960214607E+02
     0.960139591E+02
     0.959914577E+02
     0.959614641E+02
     0.959708361E+02
     0.959614641E+02
     0.959472896E+02
     0.959402031E+02
     0.959189468E+02
     0.958906124E+02
     0.958994660E+02
     0.958906124E+02
     0.958772212E+02
     0.958705263E+02
     0.958504444E+02
     0.958236751E+02
     0.958320397E+02
     0.958236751E+02
     0.958110229E+02
     0.958046974E+02
     0.957857235E+02
     0.957604308E+02
     0.957683341E+02
     0.957604308E+02
     0.957484759E+02
     0.957424990E+02
     0.957245706E+02
     0.957006713E+02
     0.957081392E+02
     0.957006713E+02
     0.956893745E+02
     0.956837266E+02
     0.956667849E+02
     0.956442006E+02
     0.956512577E+02
     0.956442006E+02
     0.956335250E+02
     0.956281877E+02
     0.956121774E+02
     0.955908345E+02
     0.955975036E+02
     0.955908345E+02
     0.955807453E+02
     0.955757011E+02
     0.955605702E+02
     0.955403993E+02
     0.955467022E+02
     0.955403993E+02
     0.955308638E+02
     0.955260965E+02
     0.955117958E+02
     0.954927315E+02
     0.954986887E+02
     0.954927315E+02
     0.954837190E+02
     0.954792130E+02
     0.954656965E+02
     0.954476773E+02
     0.954533079E+02
     0.954476773E+02
     0.954391586E+02
     0.954348996E+02
     0.954221235E+02
     0.954050915E+02
     0.954104137E+02
     0.954050915E+02
     0.953970393E+02
     0.953930134E+02
     0.953809369E+02
     0.953648372E+02
     0.953698681E+02
     0.953648372E+02
     0.953572257E+02
     0.953534202E+02
     0.953420045E+02
     0.953267856E+02
     0.953315413E+02
     0.953267856E+02
     0.953195904E+02
     0.953159930E+02
     0.953052017E+02
     0.952908151E+02
     0.952953106E+02
     0.952908151E+02
     0.952840132E+02
     0.952806125E+02
     0.952704110E+02
     0.952568107E+02
     0.952610606E+02
     0.952568107E+02
     0.952503806E+02
     0.952471657E+02
     0.952375216E+02
     0.952246644E+02
     0.952286821E+02
     0.952246644E+02
     0.952185855E+02
     0.952155463E+02
     0.952064290E+02
     0.951942739E+02
     0.951980722E+02
     0.951942739E+02
     0.951885270E+02
     0.951856537E+02
     0.951770343E+02
     0.951655429E+02
     0.951691338E+02
     0.951655429E+02
     0.951601097E+02
     0.951573932E+02
     0.951492443E+02
     0.951383802E+02
     0.951417751E+02
     0.951383802E+02
     0.951332436E+02
     0.951306754E+02
     0.951229712E+02
     0.951126999E+02
     0.951159096E+02
     0.951126999E+02
     0.951078436E+02
     0.951054155E+02
     0.950981317E+02
     0.950884209E+02
     0.950914554E+02
     0.950884209E+02
     0.950838295E+02
     0.950815340E+02
     0.950746475E+02
     0.950654664E+02
     0.950683354E+02
     0.950654664E+02
     0.950611256E+02
     0.950589552E+02
     0.950524445E+02
     0.950437642E+02
     0.950464767E+02
     0.950437642E+02
     0.950396601E+02
     0.950376081E+02
     0.950314525E+02
     0.950232457E+02
     0.950258102E+02
     0.950232457E+02
     0.950193655E+02
     0.950174254E+02
     0.950116056E+02
     0.950038463E+02
     0.950062710E+02
     0.950038463E+02
     0.950001777E+02
     0.949983435E+02
     0.949928411E+02
     0.949855050E+02
     0.949877975E+02
     0.949855050E+02
     0.949820366E+02
     0.949803024E+02
     0.949751000E+02
     0.949681641E+02
     0.949703315E+02
     0.949681641E+02
     0.949648848E+02
     0.949632452E+02
     0.949583266E+02
     0.949517689E+02
     0.949538182E+02
     0.949517689E+02
     0.949486686E+02
     0.949471184E+02
     0.949424681E+02
     0.949362681E+02
     0.949382056E+02
     0.949362681E+02
     0.949333369E+02
     0.949318713E+02
     0.949274746E+02
     0.949216128E+02
     0.949234446E+02
     0.949216128E+02
     0.949188415E+02
     0.949174559E+02
     0.949132991E+02
     0.949077570E+02
     0.949094889E+02
     0.949077570E+02
     0.949051369E+02
     0.949038269E+02
     0.948998969E+02
     0.948946572E+02
     0.948962946E+02
     0.948946572E+02
     0.948921801E+02
     0.948909415E+02
     0.948872260E+02
     0.948822722E+02
     0.948838203E+02
     0.948822722E+02
     0.948799303E+02
     0.948787593E+02
     0.948752466E+02
     0.948705631E+02
     0.948720267E+02
     0.948705631E+02
     0.948683490E+02
     0.948672420E+02
     0.948639210E+02
     0.948594932E+02
     0.948608768E+02
     0.948594932E+02
     0.948573999E+02
     0.948563534E+02
     0.948532137E+02
     0.948490275E+02
     0.948503357E+02
     0.948490275E+02
     0.948470486E+02
     0.948460592E+02
     0.948430909E+02
     0.948391334E+02
     0.948403701E+02
     0.948391334E+02
     0.948372625E+02
     0.948363271E+02
     0.948335210E+02
     0.948297795E+02
     0.948309487E+02
     0.948297795E+02
     0.948280109E+02
     0.948271266E+02
     0.948244737E+02
     0.948209367E+02
     0.948220420E+02
     0.948209367E+02
     0.948192647E+02
     0.948184287E+02
     0.948159208E+02
     0.948125770E+02
     0.948136219E+02
     0.948125770E+02
     0.948109963E+02
     0.948102060E+02
     0.948078352E+02
     0.948046741E+02
     0.948056619E+02
     0.948046741E+02
     0.948031799E+02
     0.948024328E+02
     0.948001915E+02
     0.947972032E+02
     0.947981371E+02
     0.947972032E+02
     0.947957907E+02
     0.947950845E+02
     0.947929657E+02
     0.947901409E+02
     0.947910236E+02
     0.947901409E+02
     0.947888056E+02
     0.947881380E+02
     0.947861351E+02
     0.947834647E+02
     0.947842992E+02
     0.947834647E+02
     0.947822025E+02
     0.947815714E+02
     0.947796781E+02
     0.947771538E+02
     0.947779426E+02
     0.947771538E+02
     0.947759606E+02
     0.947753641E+02
     0.947735744E+02
     0.947711882E+02
     0.947719339E+02
     0.947711882E+02
     0.947700603E+02
     0.947694964E+02
     0.947678047E+02
     0.947655491E+02
     0.947662540E+02
     0.947655491E+02
     0.947644830E+02
     0.947639500E+02
     0.947623509E+02
     0.947602188E+02
     0.947608850E+02
     0.947602188E+02
     0.947592111E+02
     0.947587072E+02
     0.947571957E+02
     0.947551803E+02
     0.947558101E+02
     0.947551803E+02
     0.947542278E+02
     0.947537516E+02
     0.947523229E+02
     0.947504179E+02
     0.947510132E+02
     0.947504179E+02
     0.947495176E+02
     0.947490675E+02
     0.947477170E+02
     0.947459165E+02
     0.947464792E+02
     0.947459165E+02
     0.947450655E+02
     0.947446401E+02
     0.947433637E+02
     0.947416618E+02
     0.947421936E+02
     0.947416618E+02
     0.947408575E+02
     0.947404554E+02
     0.947392489E+02
     0.947376404E+02
     0.947381431E+02
     0.947376404E+02
     0.947368802E+02
     0.947365001E+02
     0.947353599E+02
     0.947338395E+02
     0.947343146E+02
     0.947338395E+02
     0.947331211E+02
     0.947327618E+02
     0.947316841E+02
     0.947302472E+02
     0.947306963E+02
     0.947302472E+02
     0.947295682E+02
     0.947292287E+02
     0.947282101E+02
     0.947268521E+02
     0.947272764E+02
     0.947268521E+02
     0.947262103E+02
     0.947258894E+02
     0.947249268E+02
     0.947236433E+02
     0.947240444E+02
     0.947236433E+02
     0.947230368E+02
     0.947227335E+02
     0.947218237E+02
     0.947206107E+02
     0.947209898E+02
     0.947206107E+02
     0.947200375E+02
     0.947197509E+02
     0.947188911E+02
     0.947177447E+02
     0.947181030E+02
     0.947177447E+02
     0.947172030E+02
     0.947169322E+02
     0.947161197E+02
     0.947150363E+02
     0.947153748E+02
     0.947150363E+02
     0.947145243E+02
     0.947142684E+02
     0.947135005E+02
     0.947124767E+02
     0.947127966E+02
     0.947124767E+02
     0.947119929E+02
     0.947117510E+02
     0.947110254E+02
     0.947100578E+02
     0.947103602E+02
     0.947100578E+02
     0.947096007E+02
     0.947093721E+02
     0.947086863E+02
     0.947077720E+02
     0.947080577E+02
     0.947077720E+02
     0.947073400E+02
     0.947071240E+02
     0.947064760E+02
     0.947056120E+02
     0.947058820E+02
     0.947056120E+02
     0.947052038E+02
     0.947049996E+02
     0.947043873E+02
     0.947035708E+02
     0.947038260E+02
     0.947035708E+02
     0.947031851E+02
     0.947029922E+02
     0.947024136E+02
     0.947016421E+02
     0.947018832E+02
     0.947016421E+02
     0.947012776E+02
     0.947010953E+02
     0.947005486E+02
     0.946998196E+02
     0.947000474E+02
     0.946998196E+02
     0.946994751E+02
     0.946993029E+02
     0.946987863E+02
     0.946980975E+02
     0.946983127E+02
     0.946980975E+02
     0.946977720E+02
     0.946976093E+02
     0.946971211E+02
     0.946964703E+02
     0.946966737E+02
     0.946964703E+02
     0.946961628E+02
     0.946960090E+02
     0.946955478E+02
     0.946949328E+02
     0.946951250E+02
     0.946949328E+02
     0.946946422E+02
     0.946944970E+02
     0.946940612E+02
     0.946934801E+02
     0.946936617E+02
     0.946934801E+02
     0.946932056E+02
     0.946930683E+02
     0.946926565E+02
     0.946921075E+02
     0.946922791E+02
     0.946921075E+02
     0.946918482E+02
     0.946917185E+02
     0.946913295E+02
     0.946908107E+02
     0.946909728E+02
     0.946908107E+02
     0.946905657E+02
     0.946904432E+02
     0.946900756E+02
     0.946895855E+02
     0.946897387E+02
     0.946895855E+02
     0.946893540E+02
     0.946892383E+02
     0.946888910E+02
     0.946884280E+02
     0.946885727E+02
     0.946884280E+02
     0.946882093E+02
     0.946880999E+02
     0.946877718E+02
     0.946873344E+02
     0.946874711E+02
     0.946873344E+02
     0.946871278E+02
     0.946870244E+02
     0.946867145E+02
     0.946863012E+02
     0.946864304E+02
     0.946863012E+02
     0.946861060E+02
     0.946860084E+02
     0.946857156E+02
     0.946853252E+02
     0.946854472E+02
     0.946853252E+02
     0.946851408E+02
     0.946850486E+02
     0.946847720E+02
     0.946844031E+02
     0.946845184E+02
     0.946844031E+02
     0.946842289E+02
     0.946841418E+02
     0.946838805E+02
     0.946835321E+02
     0.946836410E+02
     0.946835321E+02
     0.946833675E+02
     0.946832852E+02
     0.946830384E+02
     0.946827092E+02
     0.946828121E+02
     0.946827092E+02
     0.946825538E+02
     0.946824760E+02
     0.946822428E+02
     0.946819319E+02
     0.946820291E+02
     0.946819319E+02
     0.946817851E+02
     0.946817117E+02
     0.946814914E+02
     0.946811977E+02
     0.946812895E+02
     0.946811977E+02
     0.946810590E+02
     0.946809896E+02
     0.946807815E+02
     0.946805041E+02
     0.946805908E+02
     0.946805041E+02
     0.946803731E+02
     0.946803076E+02
     0.946801110E+02
     0.946798490E+02
     0.946799308E+02
     0.946798490E+02
     0.946797252E+02
     0.946796633E+02
     0.946794777E+02
     0.946792301E+02
     0.946793075E+02
     0.946792301E+02
     0.946791132E+02
     0.946790548E+02
     0.946788794E+02
     0.946786456E+02
     0.946787187E+02
     0.946786456E+02
     0.946785352E+02
     0.946784800E+02
     0.946783144E+02
     0.946780935E+02
     0.946781626E+02
     0.946780935E+02
     0.946779893E+02
     0.946779371E+02
     0.946777807E+02
     0.946775721E+02
     0.946776373E+02
     0.946775721E+02
     0.946774736E+02
     0.946774243E+02
     0.946772766E+02
     0.946770796E+02
     0.946771412E+02
     0.946770796E+02
     0.946769866E+02
     0.946769401E+02
     0.946768005E+02
     0.946766145E+02
     0.946766726E+02
     0.946766145E+02
     0.946765266E+02
     0.946764827E+02
     0.946763509E+02
     0.946761752E+02
     0.946762301E+02
     0.946761752E+02
     0.946760922E+02
     0.946760507E+02
     0.946759262E+02
     0.946757603E+02
     0.946758121E+02
     0.946757603E+02
     0.946756819E+02
     0.946756427E+02
     0.946755252E+02
     0.946753684E+02
     0.946754174E+02
     0.946753684E+02
     0.946752944E+02
     0.946752574E+02
     0.946751464E+02
     0.946749984E+02
     0.946750447E+02
     0.946749984E+02
     0.946749285E+02
     0.946748936E+02
     0.946747887E+02
     0.946746490E+02
     0.946746927E+02
     0.946746490E+02
     0.946745830E+02
     0.946745500E+02
     0.946744510E+02
     0.946743190E+02
     0.946743602E+02
     0.946743190E+02
     0.946742567E+02
     0.946742255E+02
     0.946741320E+02
     0.946740074E+02
     0.946740463E+02
     0.946740074E+02
     0.946739485E+02
     0.946739191E+02
     0.946738308E+02
     0.946737131E+02
     0.946737499E+02
     0.946737131E+02
     0.946736575E+02
     0.946736297E+02
     0.946735464E+02
     0.946734352E+02
     0.946734700E+02
     0.946734352E+02
     0.946733828E+02
     0.946733565E+02
     0.946732778E+02
     0.946731729E+02
     0.946732056E+02
     0.946731729E+02
     0.946731233E+02
     0.946730985E+02
     0.946730242E+02
     0.946729251E+02
     0.946729561E+02
     0.946729251E+02
     0.946728783E+02
     0.946728549E+02
     0.946727848E+02
     0.946726912E+02
     0.946727204E+02
     0.946726912E+02
     0.946726470E+02
     0.946726249E+02
     0.946725587E+02
     0.946724703E+02
     0.946724979E+02
     0.946724703E+02
     0.946724286E+02
     0.946724078E+02
     0.946723452E+02
     0.946722618E+02
     0.946722878E+02
     0.946722618E+02
     0.946722224E+02
     0.946722027E+02
     0.946721436E+02
     0.946720649E+02
     0.946720895E+02
     0.946720649E+02
     0.946720277E+02
     0.946720091E+02
     0.946719534E+02
     0.946718790E+02
     0.946719022E+02
     0.946718790E+02
     0.946718439E+02
     0.946718263E+02
     0.946717737E+02
     0.946717035E+02
     0.946717254E+02
     0.946717035E+02
     0.946716704E+02
     0.946716538E+02
     0.946716041E+02
     0.946715378E+02
     0.946715585E+02
     0.946715378E+02
     0.946715065E+02
     0.946714909E+02
     0.946714440E+02
     0.946713814E+02
     0.946714010E+02
     0.946713814E+02
     0.946713519E+02
     0.946713371E+02
     0.946712928E+02
     0.946712338E+02
     0.946712522E+02
     0.946712338E+02
     0.946712059E+02
     0.946711919E+02
     0.946711501E+02
     0.946710944E+02
     0.946711118E+02
     0.946710944E+02
     0.946710680E+02
     0.946710549E+02
     0.946710154E+02
     0.946709628E+02
     0.946709792E+02
     0.946709628E+02
     0.946709379E+02
     0.946709255E+02
     0.946708883E+02
     0.946708386E+02
     0.946708541E+02
     0.946708386E+02
     0.946708151E+02
     0.946708034E+02
     0.946707682E+02
     0.946707213E+02
     0.946707360E+02
     0.946707213E+02
     0.946706992E+02
     0.946706881E+02
     0.946706549E+02
     0.946706107E+02
     0.946706245E+02
     0.946706107E+02
     0.946705898E+02
     0.946705793E+02
     0.946705480E+02
     0.946705062E+02
     0.946705193E+02
     0.946705062E+02
     0.946704865E+02
     0.946704767E+02
     0.946704471E+02
     0.946704077E+02
     0.946704200E+02
     0.946704077E+02
     0.946703890E+02
     0.946703797E+02
     0.946703518E+02
     0.946703146E+02
     0.946703262E+02
     0.946703146E+02
     0.946702970E+02
     0.946702883E+02
     0.946702619E+02
     0.946702268E+02
     0.946702378E+02
     0.946702268E+02
     0.946702102E+02
     0.946702019E+02
     0.946701771E+02
     0.946701439E+02
     0.946701543E+02
     0.946701439E+02
     0.946701283E+02
     0.946701205E+02
     0.946700970E+02
     0.946700657E+02
     0.946700755E+02
     0.946700657E+02
     0.946700509E+02
     0.946700436E+02
     0.946700214E+02
     0.946699919E+02
     0.946700011E+02
     0.946699919E+02
     0.946699780E+02
     0.946699710E+02
     0.946699501E+02
     0.946699222E+02
     0.946699310E+02
     0.946699222E+02
     0.946699091E+02
     0.946699025E+02
     0.946698828E+02
     0.946698565E+02
     0.946698647E+02
     0.946698565E+02
     0.946698441E+02
     0.946698379E+02
     0.946698193E+02
     0.946697945E+02
     0.946698023E+02
     0.946697945E+02
     0.946697828E+02
     0.946697769E+02
     0.946697594E+02
     0.946697360E+02
     0.946697433E+02
     0.946697360E+02
     0.946697249E+02
     0.946697194E+02
     0.946697029E+02
     0.946696808E+02
     0.946696877E+02
     0.946696808E+02
     0.946696704E+02
     0.946696651E+02
     0.946696495E+02
     0.946696287E+02
     0.946696352E+02
     0.946696287E+02
     0.946696188E+02
     0.946696139E+02
     0.946695992E+02
     0.946695795E+02
     0.946695857E+02
     0.946695795E+02
     0.946695703E+02
     0.946695656E+02
     0.946695517E+02
     0.946695332E+02
     0.946695390E+02
     0.946695332E+02
     0.946695244E+02
     0.946695200E+02
     0.946695069E+02
     0.946694894E+02
     0.946694949E+02
     0.946694894E+02
     0.946694812E+02
     0.946694770E+02
     0.946694647E+02
     0.946694482E+02
     0.946694533E+02
     0.946694482E+02
     0.946694404E+02
     0.946694365E+02
     0.946694248E+02
     0.946694092E+02
     0.946694141E+02
     0.946694092E+02
     0.946694019E+02
     0.946693982E+02
     0.946693872E+02
     0.946693725E+02
     0.946693771E+02
     0.946693725E+02
     0.946693656E+02
     0.946693621E+02
     0.946693517E+02
     0.946693379E+02
     0.946693422E+02
     0.946693379E+02
     0.946693313E+02
     0.946693281E+02
     0.946693183E+02
     0.946693052E+02
     0.946693093E+02
     0.946693052E+02
     0.946692991E+02
     0.946692960E+02
     0.946692867E+02
     0.946692744E+02
     0.946692783E+02
     0.946692744E+02
     0.946692686E+02
     0.946692657E+02
     0.946692570E+02
     0.946692454E+02
     0.946692490E+02
     0.946692454E+02
     0.946692399E+02
     0.946692371E+02
     0.946692289E+02
     0.946692180E+02
     0.946692214E+02
     0.946692180E+02
     0.946692128E+02
     0.946692102E+02
     0.946692025E+02
     0.946691921E+02
     0.946691953E+02
     0.946691921E+02
     0.946691872E+02
     0.946691848E+02
     0.946691775E+02
     0.946691678E+02
     0.946691708E+02
     0.946691678E+02
     0.946691632E+02
     0.946691609E+02
     0.946691540E+02
     0.946691448E+02
     0.946691477E+02
     0.946691448E+02
     0.946691404E+02
     0.946691383E+02
     0.946691318E+02
     0.946691231E+02
     0.946691258E+02
     0.946691231E+02
     0.946691190E+02
     0.946691170E+02
     0.946691109E+02
     0.946691027E+02
     0.946691053E+02
     0.946691027E+02
     0.946690989E+02
     0.946690969E+02
     0.946690912E+02
     0.946690835E+02
     0.946690859E+02
     0.946690835E+02
     0.946690798E+02
     0.946690780E+02
     0.946690726E+02
     0.946690653E+02
     0.946690676E+02
     0.946690653E+02
     0.946690619E+02
     0.946690602E+02
     0.946690550E+02
     0.946690482E+02
     0.946690503E+02
     0.946690482E+02
     0.946690450E+02
     0.946690434E+02
     0.946690385E+02
     0.946690321E+02
     0.946690341E+02
     0.946690321E+02
     0.946690290E+02
     0.946690275E+02
     0.946690230E+02
     0.946690169E+02
     0.946690188E+02
     0.946690169E+02
     0.946690140E+02
     0.946690126E+02
     0.946690083E+02
     0.946690026E+02
     0.946690044E+02
     0.946690026E+02
     0.946689999E+02
     0.946689985E+02
     0.946689945E+02
     0.946689891E+02
     0.946689908E+02
     0.946689891E+02
     0.946689865E+02
     0.946689853E+02
     0.946689815E+02
     0.946689764E+02
     0.946689780E+02
     0.946689764E+02
     0.946689740E+02
     0.946689728E+02
     0.946689692E+02
     0.946689644E+02
     0.946689659E+02
     0.946689644E+02
     0.946689621E+02
     0.946689610E+02
     0.946689576E+02
     0.946689531E+02
     0.946689545E+02
     0.946689531E+02
     0.946689510E+02
     0.946689499E+02
     0.946689467E+02
     0.946689425E+02
     0.946689438E+02
     0.946689425E+02
     0.946689405E+02
     0.946689395E+02
     0.946689365E+02
     0.946689325E+02
     0.946689337E+02
     0.946689325E+02
     0.946689306E+02
     0.946689296E+02
     0.946689268E+02
     0.946689230E+02
     0.946689242E+02
     0.946689230E+02
     0.946689213E+02
     0.946689204E+02
     0.946689177E+02
     0.946689142E+02
     0.946689153E+02
     0.946689142E+02
     0.946689125E+02
     0.946689117E+02
     0.946689091E+02
     0.946689058E+02
     0.946689068E+02
     0.946689058E+02
     0.946689042E+02
     0.946689034E+02
     0.946689011E+02
     0.946688979E+02
     0.946688989E+02
     0.946688979E+02
     0.946688964E+02
     0.946688957E+02
     0.946688935E+02
     0.946688905E+02
     0.946688914E+02
     0.946688905E+02
     0.946688891E+02
     0.946688884E+02
     0.946688863E+02
     0.946688835E+02
     0.946688844E+02
     0.946688835E+02
     0.946688822E+02
     0.946688816E+02
     0.946688796E+02
     0.946688770E+02
     0.946688778E+02
     0.946688770E+02
     0.946688758E+02
     0.946688751E+02
     0.946688733E+02
     0.946688708E+02
     0.946688716E+02
     0.946688708E+02
     0.946688696E+02
     0.946688691E+02
     0.946688673E+02
     0.946688650E+02
     0.946688657E+02
     0.946688650E+02
     0.946688639E+02
     0.946688634E+02
     0.946688617E+02
     0.946688595E+02
     0.946688602E+02
     0.946688595E+02
     0.946688585E+02
     0.946688580E+02
     0.946688565E+02
     0.946688544E+02
     0.946688550E+02
     0.946688544E+02
     0.946688534E+02
     0.946688529E+02
     0.946688515E+02
     0.946688496E+02
     0.946688502E+02
     0.946688496E+02
     0.946688487E+02
     0.946688482E+02
     0.946688468E+02
     0.946688450E+02
     0.946688456E+02
     0.946688450E+02
     0.946688442E+02
     0.946688437E+02
     0.946688425E+02
     0.946688408E+02
     0.946688413E+02
     0.946688408E+02
     0.946688400E+02
     0.946688396E+02
     0.946688383E+02
     0.946688367E+02
     0.946688372E+02
     0.946688367E+02
     0.946688360E+02
     0.946688356E+02
     0.946688345E+02
     0.946688330E+02
     0.946688334E+02
     0.946688330E+02
     0.946688323E+02
     0.946688319E+02
     0.946688309E+02
     0.946688294E+02
     0.946688299E+02
     0.946688294E+02
     0.946688288E+02
     0.946688284E+02
     0.946688274E+02
     0.946688261E+02
     0.946688265E+02
     0.946688261E+02
     0.946688255E+02
     0.946688252E+02
     0.946688242E+02
     0.946688230E+02
     0.946688234E+02
     0.946688230E+02
     0.946688224E+02
     0.946688221E+02
     0.946688212E+02
     0.946688201E+02
     0.946688204E+02
     0.946688201E+02
     0.946688195E+02
     0.946688192E+02
     0.946688184E+02
     0.946688173E+02
     0.946688177E+02
     0.946688173E+02
     0.946688168E+02
     0.946688165E+02
     0.946688158E+02
     0.946688147E+02
     0.946688151E+02
     0.946688147E+02
     0.946688143E+02
     0.946688140E+02
     0.946688133E+02
     0.946688123E+02
     0.946688126E+02
     0.946688123E+02
     0.946688119E+02
     0.946688117E+02
     0.946688110E+02
     0.946688101E+02
     0.946688104E+02
     0.946688101E+02
     0.946688097E+02
     0.946688094E+02
     0.946688088E+02
     0.946688080E+02
     0.946688082E+02
     0.946688080E+02
     0.946688076E+02
     0.946688074E+02
     0.946688068E+02
     0.946688060E+02
     0.946688062E+02
     0.946688060E+02
     0.946688056E+02
     0.946688054E+02
     0.946688049E+02
     0.946688041E+02
     0.946688044E+02
     0.946688041E+02
     0.946688038E+02
     0.946688036E+02
     0.946688031E+02
     0.946688024E+02
     0.946688026E+02
     0.946688024E+02
     0.946688021E+02
     0.946688019E+02
     0.946688014E+02
     0.946688008E+02
     0.946688010E+02
     0.946688008E+02
     0.946688005E+02
     0.946688003E+02
     0.946687999E+02
     0.946687993E+02
     0.946687995E+02
     0.946687993E+02
     0.946687990E+02
     0.946687989E+02
     0.946687984E+02
     0.946687979E+02
     0.946687980E+02
     0.946687979E+02
     0.946687976E+02
     0.946687975E+02
     0.946687971E+02
     0.946687966E+02
     0.946687967E+02
     0.946687966E+02
     0.946687963E+02
     0.946687962E+02
     0.946687958E+02
     0.946687953E+02
     0.946687955E+02
     0.946687953E+02
     0.946687951E+02
     0.946687950E+02
     0.946687947E+02
     0.946687942E+02
     0.946687943E+02
     0.946687942E+02
     0.946687940E+02
     0.946687939E+02
     0.946687936E+02
     0.946687932E+02
     0.946687933E+02
     0.946687932E+02
     0.946687930E+02
     0.946687929E+02
     0.946687926E+02
     0.946687922E+02
     0.946687923E+02
     0.946687922E+02
     0.946687920E+02
     0.946687919E+02
     0.946687916E+02
     0.946687913E+02
     0.946687914E+02
     0.946687913E+02
     0.946687911E+02
     0.946687910E+02
     0.946687908E+02
     0.946687904E+02
     0.946687905E+02
     0.946687904E+02
     0.946687903E+02
     0.946687902E+02
     0.946687900E+02
     0.946687897E+02
     0.946687898E+02
     0.946687897E+02
     0.946687895E+02
     0.946687895E+02
     0.946687892E+02
     0.946687890E+02
     0.946687890E+02
     0.946687890E+02
     0.946687888E+02
     0.946687888E+02
     0.946687886E+02
     0.946687883E+02
     0.946687884E+02
     0.946687883E+02
     0.946687882E+02
     0.946687881E+02
     0.946687879E+02
     0.946687877E+02
     0.946687878E+02
     0.946687877E+02
     0.946687876E+02
     0.946687875E+02
     0.946687874E+02
     0.946687872E+02
     0.946687872E+02
     0.946687872E+02
     0.946687871E+02
     0.946687870E+02
     0.946687869E+02
     0.946687867E+02
     0.946687867E+02
     0.946687867E+02
     0.946687866E+02
     0.946687865E+02
     0.946687864E+02
     0.946687862E+02
     0.946687863E+02
     0.946687862E+02
     0.946687861E+02
     0.946687861E+02
     0.946687860E+02
     0.946687858E+02
     0.946687858E+02
     0.946687858E+02
     0.946687857E+02
     0.946687857E+02
     0.946687856E+02
     0.946687854E+02
     0.946687855E+02
     0.946687854E+02
     0.946687853E+02
     0.946687853E+02
     0.946687852E+02
     0.946687851E+02
     0.946687851E+02
     0.946687853E+02
     0.946687853E+02
     0.946687852E+02
     0.946687851E+02
     0.946687851E+02
     0.946687851E+02
     0.946687850E+02
     0.946687850E+02
     0.946687849E+02
     0.946687848E+02
     0.946687848E+02
     0.946687848E+02
     0.946687847E+02
     0.946687847E+02
     0.946687846E+02
     0.946687845E+02
     0.946687846E+02
     0.946687847E+02
     0.946687847E+02
     0.946687846E+02
     0.946687846E+02
     0.946687846E+02
     0.946687846E+02
     0.946687845E+02
     0.946687845E+02
     0.946687844E+02
     0.946687843E+02
     0.946687843E+02
     0.946687845E+02
     0.946687845E+02
     0.946687844E+02
     0.946687843E+02
     0.946687844E+02
     0.946687843E+02
     0.946687843E+02
     0.946687843E+02
     0.946687842E+02
     0.946687841E+02
     0.946687841E+02
     0.946687843E+02
     0.946687843E+02
     0.946687842E+02
     0.946687841E+02
     0.946687842E+02
     0.946687841E+02
     0.946687841E+02
     0.946687841E+02
     0.946687840E+02
     0.946687839E+02
     0.946687840E+02
     0.946687841E+02
     0.946687841E+02
     0.946687840E+02
     0.946687840E+02
     0.946687840E+02
     0.946687840E+02
     0.946687839E+02
     0.946687839E+02
     0.946687839E+02
     0.946687838E+02
     0.946687838E+02
     0.946687839E+02
     0.946687839E+02
     0.946687839E+02
     0.946687838E+02
     0.946687838E+02
     0.946687838E+02
     0.946687838E+02
     0.946687838E+02
     0.946687837E+02
     0.946687837E+02
     0.946687837E+02
     0.946687838E+02
     0.946687838E+02
     0.946687837E+02
     0.946687837E+02
     0.946687837E+02
     0.946687837E+02
     0.946687837E+02
     0.946687837E+02
     0.946687836E+02
     0.946687836E+02
     0.946687836E+02
     0.946687837E+02
     0.946687837E+02
     0.946687836E+02
     0.946687836E+02
     0.946687836E+02
     0.946687836E+02
     0.946687836E+02
     0.946687835E+02
     0.946687835E+02
     0.946687835E+02
     0.946687835E+02
     0.946687836E+02
     0.946687836E+02
     0.946687835E+02
     0.946687835E+02
     0.946687835E+02
     0.946687835E+02
     0.946687835E+02
     0.946687835E+02
     0.946687834E+02
     0.946687834E+02
     0.946687834E+02
     0.946687835E+02
     0.946687835E+02
     0.946687834E+02
     0.946687834E+02
     0.946687834E+02
     0.946687834E+02
     0.946687834E+02
     0.946687834E+02
     0.946687834E+02
     0.946687833E+02
     0.946687833E+02
     0.946687834E+02
     0.946687834E+02
     0.946687834E+02
     0.946687833E+02
     0.946687833E+02
     0.946687833E+02
     0.946687833E+02
     0.946687833E+02
     0.946687833E+02
     0.946687833E+02
     0.946687833E+02
     0.946687833E+02
     0.946687833E+02
     0.946687833E+02
     0.946687833E+02
     0.946687833E+02
     0.946687833E+02
     0.946687833E+02
     0.946687833E+02
     0.946687832E+02
     0.946687832E+02
     0.946687832E+02
     0.946687833E+02
     0.946687833E+02
     0.946687832E+02
     0.946687832E+02
     0.946687832E+02
     0.946687832E+02
     0.946687832E+02
     0.946687832E+02
     0.946687832E+02
     0.946687832E+02
     0.946687832E+02
     0.946687832E+02
     0.946687832E+02
     0.946687832E+02
     0.946687832E+02
     0.946687832E+02
     0.946687832E+02
     0.946687832E+02
     0.946687832E+02
     0.946687831E+02
     0.946687831E+02
     0.946687831E+02
     0.946687832E+02
     0.946687832E+02
     0.946687832E+02
     0.946687831E+02
     0.946687831E+02
     0.946687831E+02
     0.946687831E+02
     0.946687831E+02
     0.946687831E+02
     0.946687831E+02
     0.946687831E+02
     0.946687831E+02
     0.946687831E+02
     0.946687831E+02
     0.946687831E+02
     0.946687831E+02
     0.946687831E+02
     0.946687831E+02
     0.946687831E+02
     0.946687831E+02
     0.946687831E+02
     0.946687831E+02
     0.946687831E+02
     0.946687831E+02
     0.946687831E+02
     0.946687831E+02
     0.946687831E+02
     0.946687831E+02
     0.946687831E+02
     0.946687831E+02
     0.946687831E+02
     0.946687830E+02
     0.946687830E+02
     0.946687831E+02
     0.946687831E+02
     0.946687831E+02
     0.946687830E+02
     0.946687830E+02
     0.946687830E+02
     0.946687830E+02
     0.946687830E+02
     0.946687830E+02
     0.946687830E+02
     0.946687830E+02
     0.946687830E+02
     0.946687830E+02
     0.946687830E+02
     0.946687830E+02
     0.946687830E+02
     0.946687830E+02
     0.946687830E+02
     0.946687830E+02
     0.946687830E+02
     0.946687830E+02
     0.946687830E+02
     0.946687830E+02
     0.946687830E+02
     0.946687830E+02
     0.946687830E+02
     0.946687830E+02
     0.946687830E+02
     0.946687830E+02
     0.946687830E+02
     0.946687830E+02
     0.946687830E+02
     0.946687830E+02
     0.946687830E+02
     0.946687830E+02
     0.946687830E+02
     0.946687830E+02
     0.946687830E+02
     0.946687830E+02
     0.946687830E+02
     0.946687830E+02
     0.946687830E+02
     0.946687830E+02
     0.946687830E+02
     0.946687830E+02
     0.946687830E+02
     0.946687830E+02
     0.946687830E+02
     0.946687830E+02
     0.946687830E+02
     0.946687830E+02
     0.946687830E+02
     0.946687830E+02
     0.946687829E+02
     0.946687830E+02
     0.946687830E+02
     0.946687830E+02
     0.946687830E+02
     0.946687830E+02
     0.946687830E+02
     0.946687830E+02
     0.946687829E+02
     0.946687829E+02
     0.946687829E+02
     0.946687829E+02
     0.946687829E+02
     0.946687829E+02
     0.946687829E+02
     0.946687829E+02
     0.946687829E+02
     0.946687829E+02
     0.946687829E+02
     0.946687829E+02
     0.946687829E+02
     0.946687829E+02
     0.946687829E+02
     0.946687829E+02
     0.946687829E+02
     0.946687829E+02
     0.946687829E+02
     0.946687829E+02
     0.946687829E+02
     0.946687829E+02
     0.946687829E+02
     0.946687829E+02
     0.946687829E+02
     0.946687829E+02
     0.946687829E+02
     0.946687829E+02
     0.946687829E+02
     0.946687829E+02
     0.946687829E+02
     0.946687829E+02
     0.946687829E+02
     0.946687829E+02
     0.946687829E+02
     0.946687829E+02
     0.946687829E+02
     0.946687829E+02
     0.946687829E+02
     0.946687829E+02
     0.946687829E+02
     0.946687829E+02
     0.946687829E+02
     0.946687829E+02
     0.946687829E+02
     0.946687829E+02
     0.946687829E+02
     0.946687829E+02
     0.946687829E+02
     0.946687829E+02
     0.946687829E+02
     0.946687829E+02
     0.946687829E+02
     0.946687829E+02
     0.946687829E+02
     0.946687829E+02
     0.946687829E+02
     0.946687829E+02
     0.946687829E+02
     0.946687829E+02
     0.946687829E+02
     0.946687829E+02
     0.946687829E+02
     0.946687829E+02
     0.946687829E+02
     0.946687829E+02
     0.946687829E+02
     0.946687829E+02
     0.946687829E+02
     0.946687829E+02
     0.946687829E+02
     0.946687829E+02
     0.946687829E+02
     0.946687829E+02
     0.946687829E+02
     0.946687829E+02
     0.946687829E+02
     0.946687829E+02
     0.946687829E+02
     0.946687829E+02
     0.946687829E+02
     0.946687829E+02
     0.946687829E+02
     0.946687829E+02
     0.946687829E+02
     0.946687829E+02
     0.946687829E+02
     0.946687829E+02
     0.946687829E+02
     0.946687829E+02
     0.946687829E+02
     0.946687829E+02
     0.946687829E+02
     0.946687829E+02
     0.946687829E+02
     0.946687829E+02
     0.946687829E+02
     0.946687829E+02
     0.946687829E+02
     0.946687829E+02
     0.946687829E+02
     0.946687829E+02
     0.946687829E+02
     0.946687829E+02
     0.946687829E+02
     0.946687829E+02
     0.946687829E+02
     0.946687829E+02
     0.946687829E+02
     0.946687829E+02
     0.946687829E+02
     0.946687829E+02
     0.946687829E+02
     0.946687829E+02
     0.946687829E+02
     0.946687829E+02
     0.946687829E+02
     0.946687829E+02
     0.946687829E+02
     0.946687829E+02
     0.946687829E+02
     0.946687829E+02
     0.946687829E+02
     0.946687829E+02
     0.946687829E+02
     0.946687829E+02
     0.946687829E+02
     0.946687829E+02
     0.946687829E+02
     0.946687829E+02
     0.946687829E+02
     0.946687829E+02
     0.946687829E+02
     0.946687829E+02
     0.946687829E+02
     0.946687829E+02
     0.946687829E+02
     0.946687829E+02
     0.946687829E+02
     0.946687829E+02
     0.946687829E+02
     0.946687829E+02
     0.946687829E+02
     0.946687829E+02
     0.946687829E+02
     0.946687829E+02
     0.946687829E+02
     0.946687829E+02
     0.946687829E+02
     0.946687829E+02
     0.946687829E+02
     0.946687829E+02
     0.946687829E+02
     0.946687829E+02
     0.946687829E+02
     0.946687829E+02
     0.946687829E+02
     0.946687829E+02
     0.946687829E+02
     0.946687829E+02
     0.946687829E+02
     0.946687829E+02
     0.946687829E+02
     0.946687829E+02
     0.946687829E+02
     0.946687829E+02
     0.946687829E+02
     0.946687829E+02
     0.946687829E+02
     0.946687829E+02
     0.946687829E+02
     0.946687829E+02
     0.946687829E+02
     0.946687829E+02
     0.946687829E+02
     0.946687829E+02
     0.946687829E+02
     0.946687829E+02
     0.946687829E+02
     0.946687829E+02
     0.946687829E+02
     0.946687829E+02
     0.946687829E+02
     0.946687829E+02
     0.946687829E+02
     0.946687829E+02
     0.946687829E+02
     0.946687829E+02
     0.946687829E+02
     0.946687829E+02
     0.946687829E+02
     0.946687829E+02
     0.946687829E+02
     0.946687829E+02
     0.946687829E+02
     0.946687829E+02
     0.946687829E+02
     0.946687829E+02
     0.946687829E+02
     0.946687829E+02
     0.946687829E+02
     0.946687829E+02
     0.946687829E+02
     0.946687829E+02
     0.946687829E+02
     0.946687829E+02
     0.946687829E+02
     0.946687829E+02
     0.946687829E+02
     0.946687829E+02
     0.946687829E+02
     0.946687829E+02
     0.946687829E+02
     0.946687829E+02
     0.946687829E+02
     0.946687829E+02
     0.946687829E+02
     0.946687829E+02
     0.946687829E+02
     0.946687829E+02
     0.946687829E+02
     0.946687829E+02
     0.946687829E+02
     0.946687829E+02
     0.946687829E+02
     0.946687829E+02
     0.946687829E+02
     0.946687829E+02
     0.946687829E+02
     0.946687829E+02
     0.946687829E+02
     0.946687829E+02
     0.946687829E+02
     0.946687829E+02
     0.946687829E+02
     0.946687829E+02
     0.946687829E+02
     0.946687829E+02
     0.946687829E+02
     0.946687829E+02
     0.946687829E+02
     0.946687829E+02
     0.946687829E+02
     0.946687829E+02
     0.946687829E+02
     0.946687829E+02
     0.946687829E+02
     0.946687829E+02
     0.946687829E+02
     0.946687829E+02
     0.946687829E+02
     0.946687829E+02
     0.946687829E+02
     0.946687829E+02
     0.946687829E+02
     0.946687829E+02
     0.946687829E+02
     0.946687829E+02
     0.946687829E+02
     0.946687829E+02
     0.946687829E+02
     0.946687829E+02
     0.946687829E+02
     0.946687829E+02
     0.946687829E+02
     0.946687829E+02
     0.946687829E+02
     0.946687829E+02
     0.946687829E+02
     0.946687829E+02
     0.946687829E+02
     0.946687829E+02
     0.946687829E+02
     0.946687829E+02
     0.946687829E+02
     0.946687829E+02
     0.946687829E+02
     0.946687829E+02
     0.946687829E+02
     0.946687829E+02
     0.946687829E+02
     0.946687829E+02
     0.946687829E+02
     0.946687829E+02
     0.946687829E+02
     0.946687829E+02
     0.946687829E+02
     0.946687829E+02
     0.946687829E+02
     0.946687829E+02
     0.946687829E+02
     0.946687829E+02
     0.946687829E+02
     0.946687829E+02
     0.946687829E+02
     0.946687829E+02
     0.946687829E+02
     0.946687829E+02
     0.946687829E+02
     0.946687829E+02
     0.946687829E+02
     0.946687829E+02
     0.946687829E+02
     0.946687829E+02
     0.946687829E+02
     0.946687829E+02
     0.946687829E+02
     0.946687829E+02
     0.946687829E+02
     0.946687829E+02
     0.946687829E+02
     0.946687829E+02
     0.946687829E+02
     0.946687829E+02
     0.946687829E+02
     0.946687829E+02
     0.946687829E+02
     0.946687829E+02
     0.946687829E+02
     0.946687829E+02
     0.946687829E+02
     0.946687829E+02
     0.946687829E+02
     0.946687829E+02
     0.946687829E+02
     0.946687829E+02
     0.946687829E+02
     0.946687829E+02
     0.946687829E+02
     0.946687829E+02
     0.946687829E+02
     0.946687829E+02
     0.946687829E+02
     0.946687829E+02
     0.946687829E+02
     0.946687829E+02
     0.946687829E+02
     0.946687829E+02
     0.946687829E+02
     0.946687829E+02
     0.946687829E+02
     0.946687829E+02
     0.946687829E+02
     0.946687829E+02
     0.946687829E+02
     0.946687829E+02
     0.946687829E+02
     0.946687829E+02
     0.946687829E+02
     0.946687829E+02
     0.946687829E+02
     0.946687829E+02
     0.946687829E+02
     0.946687829E+02
     0.946687829E+02
     0.946687829E+02
     0.946687829E+02
     0.946687829E+02
     0.946687829E+02
     0.946687829E+02
     0.946687829E+02
     0.946687829E+02
     0.946687829E+02
     0.946687829E+02
     0.946687829E+02
     0.946687829E+02
     0.946687829E+02
     0.946687829E+02
     0.946687829E+02
     0.946687829E+02
     0.946687829E+02
     0.946687829E+02
     0.946687829E+02
     0.946687829E+02
     0.946687829E+02
     0.946687829E+02
     0.946687829E+02
     0.946687829E+02
     0.946687829E+02
     0.946687829E+02
     0.946687829E+02
     0.946687829E+02
     0.946687829E+02
     0.946687829E+02
     0.946687829E+02
     0.946687829E+02
     0.946687829E+02
     0.946687829E+02
     0.946687829E+02
     0.946687829E+02
     0.946687829E+02
     0.946687829E+02
     0.946687829E+02
     0.946687829E+02
     0.946687829E+02
     0.946687829E+02
     0.946687829E+02
     0.946687829E+02
     0.946687829E+02
     0.946687829E+02
     0.946687829E+02
     0.946687829E+02
     0.946687829E+02
     0.946687829E+02
     0.946687829E+02
     0.946687829E+02
     0.946687829E+02
     0.946687829E+02
     0.946687829E+02
     0.946687829E+02
     0.946687829E+02
     0.946687829E+02
     0.946687829E+02
     0.946687829E+02
     0.946687829E+02
     0.946687829E+02
     0.946687829E+02
     0.946687829E+02
     0.946687829E+02
     0.946687829E+02
     0.946687829E+02
     0.946687829E+02
     0.946687829E+02
     0.946687829E+02
     0.946687829E+02
     0.946687829E+02
     0.946687829E+02
     0.946687829E+02
     0.946687829E+02
     0.946687829E+02
     0.946687829E+02
     0.946687829E+02
     0.946687829E+02
     0.946687829E+02
     0.946687829E+02
     0.946687829E+02
     0.946687829E+02
     0.946687829E+02
     0.946687829E+02
     0.946687829E+02
     0.946687829E+02
     0.946687829E+02
     0.946687829E+02
     0.946687829E+02
     0.946687829E+02
     0.946687829E+02
     0.946687829E+02
     0.946687829E+02
     0.946687829E+02
     0.946687829E+02
     0.946687829E+02
     0.946687829E+02
     0.946687829E+02
     0.946687829E+02
     0.946687829E+02
     0.946687829E+02
     0.946687829E+02
     0.946687829E+02
     0.946687829E+02
     0.946687829E+02
     0.946687829E+02
     0.946687829E+02
     0.946687829E+02
     0.946687829E+02
     0.946687829E+02
     0.946687829E+02
     0.946687829E+02
     0.946687829E+02
     0.946687829E+02
     0.946687829E+02
     0.946687829E+02
     0.946687829E+02
     0.946687829E+02
     0.946687829E+02
     0.946687829E+02
     0.946687829E+02
     0.946687829E+02
     0.946687829E+02
     0.946687829E+02
     0.946687829E+02
     0.946687829E+02
     0.946687829E+02
     0.946687829E+02
     0.946687829E+02
     0.946687829E+02
     0.946687829E+02
     0.946687829E+02
     0.946687829E+02
     0.946687829E+02
     0.946687829E+02
     0.946687829E+02
     0.946687829E+02
     0.946687829E+02
     0.946687829E+02
     0.946687829E+02
     0.946687829E+02
     0.946687829E+02
     0.946687829E+02
     0.946687829E+02
     0.946687829E+02
     0.946687829E+02
     0.946687829E+02
     0.946687829E+02
     0.946687829E+02
     0.946687829E+02
     0.946687829E+02
     0.946687829E+02
     0.946687829E+02
     0.946687829E+02
     0.946687829E+02
     0.946687829E+02
     0.946687829E+02
     0.946687829E+02
     0.946687829E+02
     0.946687829E+02
     0.946687829E+02
     0.946687829E+02
     0.946687829E+02
     0.946687829E+02
     0.946687829E+02
     0.946687829E+02
     0.946687829E+02
     0.946687829E+02
     0.946687829E+02
     0.946687829E+02
     0.946687829E+02
     0.946687829E+02
     0.946687829E+02
     0.946687829E+02
     0.946687829E+02
     0.946687829E+02
     0.946687829E+02
     0.946687829E+02
     0.946687829E+02
     0.946687829E+02
     0.946687829E+02
     0.946687829E+02
     0.946687829E+02
     0.946687829E+02
     0.946687829E+02
     0.946687829E+02
     0.946687829E+02
     0.946687829E+02
     0.946687829E+02
     0.946687829E+02
     0.946687829E+02
     0.946687829E+02
     0.946687829E+02
     0.946687829E+02
     0.946687829E+02
     0.946687829E+02
     0.946687829E+02
     0.946687829E+02
     0.946687829E+02
     0.946687829E+02
     0.946687829E+02
     0.946687829E+02
     0.946687829E+02
     0.946687829E+02
     0.946687829E+02
     0.946687829E+02
     0.946687829E+02
     0.946687829E+02
     0.946687829E+02
     0.946687829E+02
     0.946687829E+02
     0.946687829E+02
     0.946687829E+02
     0.946687829E+02
     0.946687829E+02
     0.946687829E+02
     0.946687829E+02
     0.946687829E+02
     0.946687829E+02
     0.946687829E+02
     0.946687829E+02
     0.946687829E+02
     0.946687829E+02
     0.946687829E+02
     0.946687829E+02
     0.946687829E+02
     0.946687829E+02
     0.946687829E+02
     0.946687829E+02
     0.946687829E+02
     0.946687829E+02
     0.946687829E+02
     0.946687829E+02
     0.946687829E+02
     0.946687829E+02
     0.946687829E+02
     0.946687829E+02
     0.946687829E+02
     0.946687829E+02
     0.946687829E+02
     0.946687829E+02
     0.946687829E+02
     0.946687829E+02
     0.946687829E+02
     0.946687829E+02
     0.946687829E+02
     0.946687829E+02
     0.946687829E+02
     0.946687829E+02
     0.946687829E+02
     0.946687829E+02
     0.946687829E+02
     0.946687829E+02
     0.946687829E+02
     0.946687829E+02
     0.946687829E+02
     0.946687829E+02
     0.946687829E+02
     0.946687829E+02
     0.946687829E+02
     0.946687829E+02
     0.946687829E+02
     0.946687829E+02
     0.946687829E+02
     0.946687829E+02
     0.946687829E+02
     0.946687829E+02
     0.946687829E+02
     0.946687829E+02
     0.946687829E+02
     0.946687829E+02
     0.946687829E+02
     0.946687829E+02
     0.946687829E+02
     0.946687829E+02
     0.946687829E+02
     0.946687829E+02
     0.946687829E+02
     0.946687829E+02
     0.946687829E+02
     0.946687829E+02
     0.946687829E+02
     0.946687829E+02
     0.946687829E+02
     0.946687829E+02
     0.946687829E+02
     0.946687829E+02
     0.946687829E+02
     0.946687829E+02
     0.946687829E+02
     0.946687829E+02
     0.946687829E+02
     0.946687829E+02
     0.946687829E+02
     0.946687829E+02
     0.946687829E+02
     0.946687829E+02
     0.946687829E+02
     0.946687829E+02
     0.946687829E+02
     0.946687829E+02
     0.946687829E+02
     0.946687829E+02
     0.946687829E+02
     0.946687829E+02
     0.946687829E+02
     0.946687829E+02
     0.946687829E+02
     0.946687829E+02
     0.946687829E+02
     0.946687829E+02
     0.946687829E+02
     0.946687829E+02
     0.946687829E+02
     0.946687829E+02
     0.946687829E+02
     0.946687829E+02
     0.946687829E+02
     0.946687829E+02
     0.946687829E+02
     0.946687829E+02
     0.946687829E+02
     0.946687829E+02
     0.946687829E+02
     0.946687829E+02
     0.946687829E+02
     0.946687829E+02
     0.946687829E+02
     0.946687829E+02
     0.946687829E+02
     0.946687829E+02
     0.946687829E+02
     0.946687829E+02
     0.946687829E+02
     0.946687829E+02
     0.946687829E+02
     0.946687829E+02
     0.946687829E+02
     0.946687829E+02
     0.946687829E+02
     0.946687829E+02
     0.946687829E+02
     0.946687829E+02
     0.946687829E+02
     0.946687829E+02
     0.946687829E+02
     0.946687829E+02
     0.946687829E+02
     0.946687829E+02
     0.946687829E+02
     0.946687829E+02
     0.946687829E+02
     0.946687829E+02
     0.946687829E+02
     0.946687829E+02
     0.946687829E+02
     0.946687829E+02
     0.946687829E+02
     0.946687829E+02
     0.946687829E+02
     0.946687829E+02
     0.946687829E+02
     0.946687829E+02
     0.946687829E+02
     0.946687829E+02
     0.946687829E+02
     0.946687829E+02
     0.946687829E+02
     0.946687829E+02
     0.946687829E+02
     0.946687829E+02
     0.946687829E+02
     0.946687829E+02
     0.946687829E+02
     0.946687829E+02
     0.946687829E+02
     0.946687829E+02
     0.946687829E+02
     0.946687829E+02
     0.946687829E+02
     0.946687829E+02
     0.946687829E+02
     0.946687829E+02
     0.946687829E+02
     0.946687829E+02
     0.946687829E+02
     0.946687829E+02
     0.946687829E+02
     0.946687829E+02
     0.946687829E+02
     0.946687829E+02
     0.946687829E+02
     0.946687829E+02
     0.946687829E+02
     0.946687829E+02
     0.946687829E+02
     0.946687829E+02
     0.946687829E+02
     0.946687829E+02
     0.946687829E+02
     0.946687829E+02
     0.946687829E+02
     0.946687829E+02
     0.946687829E+02
     0.946687829E+02
     0.946687829E+02
     0.946687829E+02
     0.946687829E+02
     0.946687829E+02
     0.946687829E+02
     0.946687829E+02
     0.946687829E+02
     0.946687829E+02
     0.946687829E+02
     0.946687829E+02
     0.946687829E+02
     0.946687829E+02
     0.946687829E+02
     0.946687829E+02
     0.946687829E+02
     0.946687829E+02
     0.946687829E+02
     0.946687829E+02
     0.946687829E+02
     0.946687829E+02
     0.946687829E+02
     0.946687829E+02
     0.946687829E+02
     0.946687829E+02
     0.946687829E+02
     0.946687829E+02
     0.946687829E+02
     0.946687829E+02
     0.946687829E+02
     0.946687829E+02
     0.946687829E+02
     0.946687829E+02
     0.946687829E+02
     0.946687829E+02
     0.946687829E+02
     0.946687829E+02
     0.946687829E+02
     0.946687829E+02
     0.946687829E+02
     0.946687829E+02
     0.946687829E+02
     0.946687829E+02
     0.946687829E+02
     0.946687829E+02
     0.946687829E+02
     0.946687829E+02
     0.946687829E+02
     0.946687829E+02
     0.946687829E+02
     0.946687829E+02
     0.946687829E+02
     0.946687829E+02
     0.946687829E+02
     0.946687829E+02
     0.946687829E+02
     0.946687829E+02
     0.946687829E+02
     0.946687829E+02
     0.946687829E+02
     0.946687829E+02
     0.946687829E+02
     0.946687829E+02
     0.946687829E+02
     0.946687829E+02
     0.946687829E+02
     0.946687829E+02
     0.946687829E+02
     0.946687829E+02
     0.946687829E+02
     0.946687829E+02
     0.946687829E+02
     0.946687829E+02
     0.946687829E+02
     0.946687829E+02
     0.946687829E+02
     0.946687829E+02
     0.946687829E+02
     0.946687829E+02
     0.946687829E+02
     0.946687829E+02
     0.946687829E+02
     0.946687829E+02
     0.946687829E+02
     0.946687829E+02
     0.946687829E+02
     0.946687829E+02
     0.946687829E+02
     0.946687829E+02
     0.946687829E+02
     0.946687829E+02
     0.946687829E+02
     0.946687829E+02
     0.946687829E+02
     0.946687829E+02
     0.946687829E+02
     0.946687829E+02
     0.946687829E+02
     0.946687829E+02
     0.946687829E+02
     0.946687829E+02
     0.946687829E+02
     0.946687829E+02
     0.946687829E+02
     0.946687829E+02
     0.946687829E+02
     0.946687829E+02
     0.946687829E+02
     0.946687829E+02
     0.946687829E+02
     0.946687829E+02
     0.946687829E+02
     0.946687829E+02
     0.946687829E+02
     0.946687829E+02
     0.946687829E+02
     0.946687829E+02
     0.946687829E+02
     0.946687829E+02
     0.946687829E+02
     0.946687829E+02
     0.946687829E+02
     0.946687829E+02
     0.946687829E+02
     0.946687829E+02
     0.946687829E+02
     0.946687829E+02
     0.946687829E+02
     0.946687829E+02
     0.946687829E+02
     0.946687829E+02
     0.946687829E+02
     0.946687829E+02
     0.946687829E+02
     0.946687829E+02
     0.946687829E+02
     0.946687829E+02
     0.946687829E+02
     0.946687829E+02
     0.946687829E+02
     0.946687829E+02
     0.946687829E+02
     0.946687829E+02
     0.946687829E+02
     0.946687829E+02
     0.946687829E+02
     0.946687829E+02
     0.946687829E+02
     0.946687829E+02
     0.946687829E+02
     0.946687829E+02
     0.946687829E+02
     0.946687829E+02
     0.946687829E+02
     0.946687829E+02
     0.946687829E+02
     0.946687829E+02
     0.946687829E+02
     0.946687829E+02
     0.946687829E+02
     0.946687829E+02
     0.946687829E+02
     0.946687829E+02
     0.946687829E+02
     0.946687829E+02
     0.946687829E+02
     0.946687829E+02
     0.946687829E+02
     0.946687829E+02
     0.946687829E+02
     0.946687829E+02
     0.946687829E+02
     0.946687829E+02
     0.946687829E+02
     0.946687829E+02
     0.946687829E+02
     0.946687829E+02
     0.946687829E+02
     0.946687829E+02
     0.946687829E+02
     0.946687829E+02
     0.946687829E+02
     0.946687829E+02
     0.946687829E+02
     0.946687829E+02
     0.946687829E+02
     0.946687829E+02
     0.946687829E+02
     0.946687829E+02
     0.946687829E+02
     0.946687829E+02
     0.946687829E+02
     0.946687829E+02
     0.946687829E+02
     0.946687829E+02
     0.946687829E+02
     0.946687829E+02
     0.946687829E+02
     0.946687829E+02
     0.946687829E+02
     0.946687829E+02
     0.946687829E+02
     0.946687829E+02
     0.946687829E+02
     0.946687829E+02
     0.946687829E+02
     0.946687829E+02
     0.946687829E+02
     0.946687829E+02
     0.946687829E+02
     0.946687829E+02
     0.946687829E+02
     0.946687829E+02
     0.946687829E+02
     0.946687829E+02
     0.946687829E+02
     0.946687829E+02
     0.946687829E+02
     0.946687829E+02
     0.946687829E+02
     0.946687829E+02
     0.946687829E+02
     0.946687829E+02
     0.946687829E+02
     0.946687829E+02
     0.946687829E+02
     0.946687829E+02
     0.946687829E+02
     0.946687829E+02
     0.946687829E+02
     0.946687829E+02
     0.946687829E+02
     0.946687829E+02
     0.946687829E+02
     0.946687829E+02
     0.946687829E+02
     0.946687829E+02
     0.946687829E+02
     0.946687829E+02
     0.946687829E+02
     0.946687829E+02
     0.946687829E+02
     0.946687829E+02
     0.946687829E+02
     0.946687829E+02
     0.946687829E+02
     0.946687829E+02
     0.946687829E+02
     0.946687829E+02
     0.946687829E+02
     0.946687829E+02
     0.946687829E+02
     0.946687829E+02
     0.946687829E+02
     0.946687829E+02
     0.946687829E+02
     0.946687829E+02
     0.946687829E+02
     0.946687829E+02
     0.946687829E+02
     0.946687829E+02
     0.946687829E+02
     0.946687829E+02
     0.946687829E+02
     0.946687829E+02
     0.946687829E+02
     0.946687829E+02
     0.946687829E+02
     0.946687829E+02
     0.946687829E+02
     0.946687829E+02
     0.946687829E+02
     0.946687829E+02
     0.946687829E+02
     0.946687829E+02
     0.946687829E+02
     0.946687829E+02
     0.946687829E+02
     0.946687829E+02
     0.946687829E+02
     0.946687829E+02
     0.946687829E+02
     0.946687829E+02
     0.946687829E+02
     0.946687829E+02
     0.946687829E+02
     0.946687829E+02
     0.946687829E+02
     0.946687829E+02
     0.946687829E+02
     0.946687829E+02
     0.946687829E+02
     0.946687829E+02
     0.946687829E+02
     0.946687829E+02
     0.946687829E+02
     0.946687829E+02
     0.946687829E+02
     0.946687829E+02
     0.946687829E+02
     0.946687829E+02
     0.946687829E+02
     0.946687829E+02
     0.946687829E+02
     0.946687829E+02
     0.946687829E+02
     0.946687829E+02
     0.946687829E+02
     0.946687829E+02
     0.946687829E+02
     0.946687829E+02
     0.946687829E+02
     0.946687829E+02
     0.946687829E+02
     0.946687829E+02
     0.946687829E+02
     0.946687829E+02
     0.946687829E+02
     0.946687829E+02
     0.946687829E+02
     0.946687829E+02
     0.946687829E+02
     0.946687829E+02
     0.946687829E+02
     0.946687829E+02
     0.946687829E+02
     0.946687829E+02
     0.946687829E+02
     0.946687829E+02
     0.946687829E+02
     0.946687829E+02
     0.946687829E+02
     0.946687829E+02
     0.946687829E+02
     0.946687829E+02
     0.946687829E+02
     0.946687829E+02
     0.946687829E+02
     0.946687829E+02
     0.946687829E+02
     0.946687829E+02
     0.946687829E+02
     0.946687829E+02
     0.946687829E+02
     0.946687829E+02
     0.946687829E+02
     0.946687829E+02
     0.946687829E+02
     0.946687829E+02
     0.946687829E+02
     0.946687829E+02
     0.946687829E+02
     0.946687829E+02
     0.946687829E+02
     0.946687829E+02
     0.946687829E+02
     0.946687829E+02
     0.946687829E+02
     0.946687829E+02
     0.946687829E+02
     0.946687829E+02
     0.946687829E+02
     0.946687829E+02
     0.946687829E+02
     0.946687829E+02
     0.946687829E+02
     0.946687829E+02
     0.946687829E+02
     0.946687829E+02
     0.946687829E+02
     0.946687829E+02
     0.946687829E+02
     0.946687829E+02
     0.946687829E+02
     0.946687829E+02
     0.946687829E+02
     0.946687829E+02
     0.946687829E+02
     0.946687829E+02
     0.946687829E+02
     0.946687829E+02
     0.946687829E+02
     0.946687829E+02
     0.946687829E+02
     0.946687829E+02
     0.946687829E+02
     0.946687829E+02
     0.946687829E+02
     0.946687829E+02
     0.946687829E+02
     0.946687829E+02
     0.946687829E+02
     0.946687829E+02
     0.946687829E+02
     0.946687829E+02
     0.946687829E+02
     0.946687829E+02
     0.946687829E+02
     0.946687829E+02
     0.946687829E+02
     0.946687829E+02
     0.946687829E+02
     0.946687829E+02
     0.946687829E+02
     0.946687829E+02
     0.946687829E+02
     0.946687829E+02
     0.946687829E+02
     0.946687829E+02
     0.946687829E+02
     0.946687829E+02
     0.946687829E+02
     0.946687829E+02
     0.946687829E+02
     0.946687829E+02
     0.946687829E+02
     0.946687829E+02
     0.946687829E+02
     0.946687829E+02
     0.946687829E+02
     0.946687829E+02
     0.946687829E+02
     0.946687829E+02
     0.946687829E+02
     0.946687829E+02
     0.946687829E+02
     0.946687829E+02
     0.946687829E+02
     0.946687829E+02
     0.946687829E+02
     0.946687829E+02
     0.946687829E+02
     0.946687829E+02
     0.946687829E+02
     0.946687829E+02
     0.946687829E+02
     0.946687829E+02
     0.946687829E+02
     0.946687829E+02
     0.946687829E+02
     0.946687829E+02
     0.946687829E+02
     0.946687829E+02
     0.946687829E+02
     0.946687829E+02
     0.946687829E+02
     0.946687829E+02
     0.946687829E+02
     0.946687829E+02
     0.946687829E+02
     0.946687829E+02
     0.946687829E+02
     0.946687829E+02
     0.946687829E+02
     0.946687829E+02
     0.946687829E+02
     0.946687829E+02
     0.946687829E+02
     0.946687829E+02
     0.946687829E+02
     0.946687829E+02
     0.946687829E+02
     0.946687829E+02
     0.946687829E+02
     0.946687829E+02
     0.946687829E+02
     0.946687829E+02
     0.946687829E+02
     0.946687829E+02
     0.946687829E+02
     0.946687829E+02
     0.946687829E+02
     0.946687829E+02
     0.946687829E+02
     0.946687829E+02
     0.946687829E+02
     0.946687829E+02
     0.946687829E+02
     0.946687829E+02
     0.946687829E+02
     0.946687829E+02
     0.946687829E+02
     0.946687829E+02
     0.946687829E+02
     0.946687829E+02
     0.946687829E+02
     0.946687829E+02
     0.946687829E+02
     0.946687829E+02
     0.946687829E+02
     0.946687829E+02
     0.946687829E+02
     0.946687829E+02
     0.946687829E+02
     0.946687829E+02
     0.946687829E+02
     0.946687829E+02
     0.946687829E+02
     0.946687829E+02
     0.946687829E+02
     0.946687829E+02
     0.946687829E+02
     0.946687829E+02
     0.946687829E+02
     0.946687829E+02
     0.946687829E+02
     0.946687829E+02
     0.946687829E+02
     0.946687829E+02
     0.946687829E+02
     0.946687829E+02
     0.946687829E+02
     0.946687829E+02
     0.946687829E+02
     0.946687829E+02
     0.946687829E+02
     0.946687829E+02
     0.946687829E+02
     0.946687829E+02
     0.946687829E+02
     0.946687829E+02
     0.946687829E+02
     0.946687829E+02
     0.946687829E+02
     0.946687829E+02
     0.946687829E+02
     0.946687829E+02
     0.946687829E+02
     0.946687829E+02
     0.946687829E+02
     0.946687829E+02
     0.946687829E+02
     0.946687829E+02
     0.946687829E+02
     0.946687829E+02
     0.946687829E+02
     0.946687829E+02
     0.946687829E+02
     0.946687829E+02
     0.946687829E+02
     0.946687829E+02
     0.946687829E+02
     0.946687829E+02
     0.946687829E+02
     0.946687829E+02
     0.946687829E+02
     0.946687829E+02
     0.946687829E+02
     0.946687829E+02
     0.946687829E+02
     0.946687829E+02
     0.946687829E+02
     0.946687829E+02
     0.946687829E+02
     0.946687829E+02
     0.946687829E+02
     0.946687829E+02
     0.946687829E+02
     0.946687829E+02
     0.946687829E+02
     0.946687829E+02
     0.946687829E+02
     0.946687829E+02
     0.946687829E+02
     0.946687829E+02
     0.946687829E+02
     0.946687829E+02
     0.946687829E+02
     0.946687829E+02
     0.946687829E+02
     0.946687829E+02
     0.946687829E+02
     0.946687829E+02
     0.946687829E+02
     0.946687829E+02
     0.946687829E+02
     0.946687829E+02
     0.946687829E+02
     0.946687829E+02
     0.946687829E+02
     0.946687829E+02
     0.946687829E+02
     0.946687829E+02
     0.946687829E+02
     0.946687829E+02
     0.946687829E+02
     0.946687829E+02
     0.946687829E+02
     0.946687829E+02
     0.946687829E+02
     0.946687829E+02
     0.946687829E+02
     0.946687829E+02
     0.946687829E+02
     0.946687829E+02
     0.946687829E+02
     0.946687829E+02
     0.946687829E+02
     0.946687829E+02
     0.946687829E+02
     0.946687829E+02
     0.946687829E+02
     0.946687829E+02
     0.946687829E+02
     0.946687829E+02
     0.946687829E+02
     0.946687829E+02
     0.946687829E+02
     0.946687829E+02
     0.946687829E+02
     0.946687829E+02
     0.946687829E+02
     0.946687829E+02
     0.946687829E+02
     0.946687829E+02
     0.946687829E+02
     0.946687829E+02
     0.946687829E+02
     0.946687829E+02
     0.946687829E+02
     0.946687829E+02
     0.946687829E+02
     0.946687829E+02
     0.946687829E+02
     0.946687829E+02
     0.946687829E+02
     0.946687829E+02
     0.946687829E+02
     0.946687829E+02
     0.946687829E+02
     0.946687829E+02
     0.946687829E+02
     0.946687829E+02
     0.946687829E+02
     0.946687829E+02
     0.946687829E+02
     0.946687829E+02
     0.946687829E+02
     0.946687829E+02
     0.946687829E+02
     0.946687829E+02
     0.946687829E+02
     0.946687829E+02
     0.946687829E+02
     0.946687829E+02
     0.946687829E+02
     0.946687829E+02
     0.946687829E+02
     0.946687829E+02
     0.946687829E+02
     0.946687829E+02
     0.946687829E+02
     0.946687829E+02
     0.946687829E+02
     0.946687829E+02
     0.946687829E+02
     0.946687829E+02
     0.946687829E+02
     0.946687829E+02
     0.946687829E+02
     0.946687829E+02
     0.946687829E+02
     0.946687829E+02
     0.946687829E+02
     0.946687829E+02
     0.946687829E+02
     0.946687829E+02
     0.946687829E+02
     0.946687829E+02
     0.946687829E+02
     0.946687829E+02
     0.946687829E+02
     0.946687829E+02
     0.946687829E+02
     0.946687829E+02
     0.946687829E+02
     0.946687829E+02
     0.946687829E+02
     0.946687829E+02
     0.946687829E+02
     0.946687829E+02
     0.946687829E+02
     0.946687829E+02
     0.946687829E+02
     0.946687829E+02
     0.946687829E+02
     0.946687829E+02
     0.946687829E+02
     0.946687829E+02
     0.946687829E+02
     0.946687829E+02
     0.946687829E+02
     0.946687829E+02
     0.946687829E+02
     0.946687829E+02
     0.946687829E+02
     0.946687829E+02
     0.946687829E+02
     0.946687829E+02
     0.946687829E+02
     0.946687829E+02
     0.946687829E+02
     0.946687829E+02
     0.946687829E+02
     0.946687829E+02
     0.946687829E+02
     0.946687829E+02
     0.946687829E+02
     0.946687829E+02
     0.946687829E+02
     0.946687829E+02
     0.946687829E+02
     0.946687829E+02
     0.946687829E+02
     0.946687829E+02
     0.946687829E+02
     0.946687829E+02
     0.946687829E+02
     0.946687829E+02
     0.946687829E+02
     0.946687829E+02
     0.946687829E+02
     0.946687829E+02
     0.946687829E+02
     0.946687829E+02
     0.946687829E+02
     0.946687829E+02
     0.946687829E+02
     0.946687829E+02
     0.946687829E+02
     0.946687829E+02
     0.946687829E+02
     0.946687829E+02
     0.946687829E+02
     0.946687829E+02
     0.946687829E+02
     0.946687829E+02
     0.946687829E+02
     0.946687829E+02
     0.946687829E+02
     0.946687829E+02
     0.946687829E+02
     0.946687829E+02
     0.946687829E+02
     0.946687829E+02
     0.946687829E+02
     0.946687829E+02
     0.946687829E+02
     0.946687829E+02
     0.946687829E+02
     0.946687829E+02
     0.946687829E+02
     0.946687829E+02
     0.946687829E+02
     0.946687829E+02
     0.946687829E+02
     0.946687829E+02
     0.946687829E+02
     0.946687829E+02
     0.946687829E+02
     0.946687829E+02
     0.946687829E+02
     0.946687829E+02
     0.946687829E+02
     0.946687829E+02
     0.946687829E+02
     0.946687829E+02
     0.946687829E+02
     0.946687829E+02
     0.946687829E+02
     0.946687829E+02
     0.946687829E+02
     0.946687829E+02
     0.946687829E+02
     0.946687829E+02
     0.946687829E+02
     0.946687829E+02
     0.946687829E+02
     0.946687829E+02
     0.946687829E+02
     0.946687829E+02
     0.946687829E+02
     0.946687829E+02
     0.946687829E+02
     0.946687829E+02
     0.946687829E+02
     0.946687829E+02
     0.946687829E+02
     0.946687829E+02
     0.946687829E+02
     0.946687829E+02
     0.946687829E+02
     0.946687829E+02
     0.946687829E+02
     0.946687829E+02
     0.946687829E+02
     0.946687829E+02
     0.946687829E+02
     0.946687829E+02
     0.946687829E+02
     0.946687829E+02
     0.946687829E+02
     0.946687829E+02
     0.946687829E+02
     0.946687829E+02
     0.946687829E+02
     0.946687829E+02
     0.946687829E+02
     0.946687829E+02
     0.946687829E+02
     0.946687829E+02
     0.946687829E+02
     0.946687829E+02
     0.946687829E+02
     0.946687829E+02
     0.946687829E+02
     0.946687829E+02
     0.946687829E+02
     0.946687829E+02
     0.946687829E+02
     0.946687829E+02
     0.946687829E+02
     0.946687829E+02
     0.946687829E+02
     0.946687829E+02
     0.946687829E+02
     0.946687829E+02
     0.946687829E+02
     0.946687829E+02
     0.946687829E+02
     0.946687829E+02
     0.946687829E+02
     0.946687829E+02
     0.946687829E+02
     0.946687829E+02
     0.946687829E+02
     0.946687829E+02
     0.946687829E+02
     0.946687829E+02
     0.946687829E+02
     0.946687829E+02
     0.946687829E+02
     0.946687829E+02
     0.946687829E+02
     0.946687829E+02
     0.946687829E+02
     0.946687829E+02
     0.946687829E+02
     0.946687829E+02
     0.946687829E+02
     0.946687829E+02
     0.946687829E+02
     0.946687829E+02
     0.946687829E+02
     0.946687829E+02
     0.946687829E+02
     0.946687829E+02
     0.946687829E+02
     0.946687829E+02
     0.946687829E+02
     0.946687829E+02
     0.946687829E+02
     0.946687829E+02
     0.946687829E+02
     0.946687829E+02
     0.946687829E+02
     0.946687829E+02
     0.946687829E+02
     0.946687829E+02
     0.946687829E+02
     0.946687829E+02
     0.946687829E+02
     0.946687829E+02
     0.946687829E+02
     0.946687829E+02
     0.946687829E+02
     0.946687829E+02
     0.946687829E+02
     0.946687829E+02
     0.946687829E+02
     0.946687829E+02
     0.946687829E+02
     0.946687829E+02
     0.946687829E+02
     0.946687829E+02
     0.946687829E+02
     0.946687829E+02
     0.946687829E+02
     0.946687829E+02
     0.946687829E+02
     0.946687829E+02
     0.946687829E+02
     0.946687829E+02
     0.946687829E+02
     0.946687829E+02
     0.946687829E+02
     0.946687829E+02
     0.946687829E+02
     0.946687829E+02
     0.946687829E+02
     0.946687829E+02
     0.946687829E+02
     0.946687829E+02
     0.946687829E+02
     0.946687829E+02
     0.946687829E+02
     0.946687829E+02
     0.946687829E+02
     0.946687829E+02
     0.946687829E+02
     0.946687829E+02
     0.946687829E+02
     0.946687829E+02
     0.946687829E+02
     0.946687829E+02
     0.946687829E+02
     0.946687829E+02
     0.946687829E+02
     0.946687829E+02
     0.946687829E+02
     0.946687829E+02
     0.946687829E+02
     0.946687829E+02
     0.946687829E+02
     0.946687829E+02
     0.946687829E+02
     0.946687829E+02
     0.946687829E+02
     0.946687829E+02
     0.946687829E+02
     0.946687829E+02
     0.946687829E+02
     0.946687829E+02
     0.946687829E+02
     0.946687829E+02
     0.946687829E+02
     0.946687829E+02
     0.946687829E+02
     0.946687829E+02
     0.946687829E+02
     0.946687829E+02
     0.946687829E+02
     0.946687829E+02
     0.946687829E+02
     0.946687829E+02
     0.946687829E+02
     0.946687829E+02
     0.946687829E+02
     0.946687829E+02
     0.946687829E+02
     0.946687829E+02
     0.946687829E+02
     0.946687829E+02
     0.946687829E+02
     0.946687829E+02
     0.946687829E+02
     0.946687829E+02
     0.946687829E+02
     0.946687829E+02
     0.946687829E+02
     0.946687829E+02
     0.946687829E+02
     0.946687829E+02
     0.946687829E+02
     0.946687829E+02
     0.946687829E+02
     0.946687829E+02
     0.946687829E+02
     0.946687829E+02
     0.946687829E+02
     0.946687829E+02
     0.946687829E+02
     0.946687829E+02
     0.946687829E+02
     0.946687829E+02
     0.946687829E+02
     0.946687829E+02
     0.946687829E+02
     0.946687829E+02
     0.946687829E+02
     0.946687829E+02
     0.946687829E+02
     0.946687829E+02
     0.946687829E+02
     0.946687829E+02
     0.946687829E+02
     0.946687829E+02
     0.946687829E+02
     0.946687829E+02
     0.946687829E+02
     0.946687829E+02
     0.946687829E+02
     0.946687829E+02
     0.946687829E+02
     0.946687829E+02
     0.946687829E+02
     0.946687829E+02
     0.946687829E+02
     0.946687829E+02
     0.946687829E+02
     0.946687829E+02
     0.946687829E+02
     0.946687829E+02
     0.946687829E+02
     0.946687829E+02
     0.946687829E+02
     0.946687829E+02
     0.946687829E+02
     0.946687829E+02
     0.946687829E+02
     0.946687829E+02
     0.946687829E+02
     0.946687829E+02
     0.946687829E+02
     0.946687829E+02
     0.946687829E+02
     0.946687829E+02
     0.946687829E+02
     0.946687829E+02
     0.946687829E+02
     0.946687829E+02
     0.946687829E+02
     0.946687829E+02
     0.946687829E+02
     0.946687829E+02
     0.946687829E+02
     0.946687829E+02
     0.946687829E+02
     0.946687829E+02
     0.946687829E+02
     0.946687829E+02
     0.946687829E+02
     0.946687829E+02
     0.946687829E+02
     0.946687829E+02
     0.946687829E+02
     0.946687829E+02
     0.946687829E+02
     0.946687829E+02
     0.946687829E+02
     0.946687829E+02
     0.946687829E+02
     0.946687829E+02
     0.946687829E+02
     0.946687829E+02
     0.946687829E+02
     0.946687829E+02
     0.946687829E+02
     0.946687829E+02
     0.946687829E+02
     0.946687829E+02
     0.946687829E+02
     0.946687829E+02
     0.946687829E+02
     0.946687829E+02
     0.946687829E+02
     0.946687829E+02
     0.946687829E+02
     0.946687829E+02
     0.946687829E+02
     0.946687829E+02
     0.946687829E+02
     0.946687829E+02
     0.946687829E+02
     0.946687829E+02
     0.946687829E+02
     0.946687829E+02
     0.946687829E+02
     0.946687829E+02
     0.946687829E+02
     0.946687829E+02
     0.946687829E+02
     0.946687829E+02
     0.946687829E+02
     0.946687829E+02
     0.946687829E+02
     0.946687829E+02
     0.946687829E+02
     0.946687829E+02
     0.946687829E+02
     0.946687829E+02
     0.946687829E+02
     0.946687829E+02
     0.946687829E+02
     0.946687829E+02
     0.946687829E+02
     0.946687829E+02
     0.946687829E+02
     0.946687829E+02
     0.946687829E+02
     0.946687829E+02
     0.946687829E+02
     0.946687829E+02
     0.946687829E+02
     0.946687829E+02
     0.946687829E+02
     0.946687829E+02
     0.946687829E+02
     0.946687829E+02
     0.946687829E+02
     0.946687829E+02
     0.946687829E+02
     0.946687829E+02
     0.946687829E+02
     0.946687829E+02
     0.946687829E+02
     0.946687829E+02
     0.946687829E+02
     0.946687829E+02
     0.946687829E+02
     0.946687829E+02
     0.946687829E+02
     0.946687829E+02
     0.946687829E+02
     0.946687829E+02
     0.946687829E+02
     0.946687829E+02
     0.946687829E+02
     0.946687829E+02
     0.946687829E+02
     0.946687829E+02
     0.946687829E+02
     0.946687829E+02
     0.946687829E+02
     0.946687829E+02
     0.946687829E+02
     0.946687829E+02
     0.946687829E+02
     0.946687829E+02
     0.946687829E+02
     0.946687829E+02
     0.946687829E+02
     0.946687829E+02
     0.946687829E+02
     0.946687829E+02
     0.946687829E+02
     0.946687829E+02
     0.946687829E+02
     0.946687829E+02
     0.946687829E+02
     0.946687829E+02
     0.946687829E+02
     0.946687829E+02
     0.946687829E+02
     0.946687829E+02
     0.946687829E+02
     0.946687829E+02
     0.946687829E+02
     0.946687829E+02
     0.946687829E+02
     0.946687829E+02
     0.946687829E+02
     0.946687829E+02
     0.946687829E+02
     0.946687829E+02
     0.946687829E+02
     0.946687829E+02
     0.946687829E+02
     0.946687829E+02
     0.946687829E+02
     0.946687829E+02
     0.946687829E+02
     0.946687829E+02
     0.946687829E+02
     0.946687829E+02
     0.946687829E+02
     0.946687829E+02
     0.946687829E+02
     0.946687829E+02
     0.946687829E+02
     0.946687829E+02
     0.946687829E+02
     0.946687829E+02
     0.946687829E+02
     0.946687829E+02
     0.946687829E+02
     0.946687829E+02
     0.946687829E+02
     0.946687829E+02
     0.946687829E+02
     0.946687829E+02
     0.946687829E+02
     0.946687829E+02
     0.946687829E+02
     0.946687829E+02
     0.946687829E+02
     0.946687829E+02
     0.946687829E+02
     0.946687829E+02
     0.946687829E+02
     0.946687829E+02
     0.946687829E+02
     0.946687829E+02
     0.946687829E+02
     0.946687829E+02
     0.946687829E+02
     0.946687829E+02
     0.946687829E+02
     0.946687829E+02
     0.946687829E+02
     0.946687829E+02
     0.946687829E+02
     0.946687829E+02
     0.946687829E+02
     0.946687829E+02
     0.946687829E+02
     0.946687829E+02
     0.946687829E+02
     0.946687829E+02
     0.946687829E+02
     0.946687829E+02
     0.946687829E+02
     0.946687829E+02
     0.946687829E+02
     0.946687829E+02
     0.946687829E+02
     0.946687829E+02
     0.946687829E+02
     0.946687829E+02
     0.946687829E+02
     0.946687829E+02
     0.946687829E+02
     0.946687829E+02
     0.946687829E+02
     0.946687829E+02
     0.946687829E+02
     0.946687829E+02
     0.946687829E+02
     0.946687829E+02
     0.946687829E+02
     0.946687829E+02
     0.946687829E+02
     0.946687829E+02
     0.946687829E+02
     0.946687829E+02
     0.946687829E+02
     0.946687829E+02
     0.946687829E+02
     0.946687829E+02
     0.946687829E+02
     0.946687829E+02
     0.946687829E+02
     0.946687829E+02
     0.946687829E+02
     0.946687829E+02
     0.946687829E+02
     0.946687829E+02
     0.946687829E+02
     0.946687829E+02
     0.946687829E+02
     0.946687829E+02
     0.946687829E+02
     0.946687829E+02
     0.946687829E+02
     0.946687829E+02
     0.946687829E+02
     0.946687829E+02
     0.946687829E+02
     0.946687829E+02
     0.946687829E+02
     0.946687829E+02
     0.946687829E+02
     0.946687829E+02
     0.946687829E+02
     0.946687829E+02
     0.946687829E+02
     0.946687829E+02
     0.946687829E+02
     0.946687829E+02
     0.946687829E+02
     0.946687829E+02
     0.946687829E+02
     0.946687829E+02
     0.946687829E+02
     0.946687829E+02
     0.946687829E+02
     0.946687829E+02
     0.946687829E+02
     0.946687829E+02
     0.946687829E+02
     0.946687829E+02
     0.946687829E+02
     0.946687829E+02
     0.946687829E+02
     0.946687829E+02
     0.946687829E+02
     0.946687829E+02
     0.946687829E+02
     0.946687829E+02
     0.946687829E+02
     0.946687829E+02
     0.946687829E+02
     0.946687829E+02
     0.946687829E+02
     0.946687829E+02
     0.946687829E+02
     0.946687829E+02
     0.946687829E+02
     0.946687829E+02
     0.946687829E+02
     0.946687829E+02
     0.946687829E+02
     0.946687829E+02
     0.946687829E+02
     0.946687829E+02
     0.946687829E+02
     0.946687829E+02
     0.946687829E+02
     0.946687829E+02
     0.946687829E+02
     0.946687829E+02
     0.946687829E+02
     0.946687829E+02
     0.946687829E+02
     0.946687829E+02
     0.946687829E+02
     0.946687829E+02
     0.946687829E+02
     0.946687829E+02
     0.946687829E+02
     0.946687829E+02
     0.946687829E+02
     0.946687829E+02
     0.946687829E+02
     0.946687829E+02
     0.946687829E+02
     0.946687829E+02
     0.946687829E+02
     0.946687829E+02
     0.946687829E+02
     0.946687829E+02
     0.946687829E+02
     0.946687829E+02
     0.946687829E+02
     0.946687829E+02
     0.946687829E+02
     0.946687829E+02
     0.946687829E+02
     0.946687829E+02
     0.946687829E+02
     0.946687829E+02
     0.946687829E+02
     0.946687829E+02
     0.946687829E+02
     0.946687829E+02
     0.946687829E+02
     0.946687829E+02
     0.946687829E+02
     0.946687829E+02
     0.946687829E+02
     0.946687829E+02
     0.946687829E+02
     0.946687829E+02
     0.946687829E+02
     0.946687829E+02
     0.946687829E+02
     0.946687829E+02
     0.946687829E+02
     0.946687829E+02
     0.946687829E+02
     0.946687829E+02
     0.946687829E+02
     0.946687829E+02
     0.946687829E+02
     0.946687829E+02
     0.946687829E+02
     0.946687829E+02
     0.946687829E+02
     0.946687829E+02
     0.946687829E+02
     0.946687829E+02
     0.946687829E+02
     0.946687829E+02
     0.946687829E+02
     0.946687829E+02
     0.946687829E+02
     0.946687829E+02
     0.946687829E+02
     0.946687829E+02
     0.946687829E+02
     0.946687829E+02
     0.946687829E+02
     0.946687829E+02
     0.946687829E+02
     0.946687829E+02
     0.946687829E+02
     0.946687829E+02
     0.946687829E+02
     0.946687829E+02
     0.946687829E+02
     0.946687829E+02
     0.946687829E+02
     0.946687829E+02
     0.946687829E+02
     0.946687829E+02
     0.946687829E+02
     0.946687829E+02
     0.946687829E+02
     0.946687829E+02
     0.946687829E+02
     0.946687829E+02
     0.946687829E+02
     0.946687829E+02
     0.946687829E+02
     0.946687829E+02
     0.946687829E+02
     0.946687829E+02
     0.946687829E+02
     0.946687829E+02
     0.946687829E+02
     0.946687829E+02
     0.946687829E+02
     0.946687829E+02
     0.946687829E+02
     0.946687829E+02
     0.946687829E+02
     0.946687829E+02
     0.946687829E+02
     0.946687829E+02
     0.946687829E+02
     0.946687829E+02
     0.946687829E+02
     0.946687829E+02
     0.946687829E+02
     0.946687829E+02
     0.946687829E+02
     0.946687829E+02
     0.946687829E+02
     0.946687829E+02
     0.946687829E+02
     0.946687829E+02
     0.946687829E+02
     0.946687829E+02
     0.946687829E+02
     0.946687829E+02
     0.946687829E+02
     0.946687829E+02
     0.946687829E+02
     0.946687829E+02
     0.946687829E+02
     0.946687829E+02
     0.946687829E+02
     0.946687829E+02
     0.946687829E+02
     0.946687829E+02
     0.946687829E+02
     0.946687829E+02
     0.946687829E+02
     0.946687829E+02
     0.946687829E+02
     0.946687829E+02
     0.946687829E+02
     0.946687829E+02
     0.946687829E+02
     0.946687829E+02
     0.946687829E+02
     0.946687829E+02
     0.946687829E+02
     0.946687829E+02
     0.946687829E+02
     0.946687829E+02
     0.946687829E+02
     0.946687829E+02
     0.946687829E+02
     0.946687829E+02
     0.946687829E+02
     0.946687829E+02
     0.946687829E+02
     0.946687829E+02
     0.946687829E+02
     0.946687829E+02
     0.946687829E+02
     0.946687829E+02
     0.946687829E+02
     0.946687829E+02
     0.946687829E+02
     0.946687829E+02
     0.946687829E+02
     0.946687829E+02
     0.946687829E+02
     0.946687829E+02
     0.946687829E+02
     0.946687829E+02
     0.946687829E+02
     0.946687829E+02
     0.946687829E+02
     0.946687829E+02
     0.946687829E+02
     0.946687829E+02
     0.946687829E+02
     0.946687829E+02
     0.946687829E+02
     0.946687829E+02
     0.946687829E+02
     0.946687829E+02
     0.946687829E+02
     0.946687829E+02
     0.946687829E+02
     0.946687829E+02
     0.946687829E+02
     0.946687829E+02
     0.946687829E+02
     0.946687829E+02
     0.946687829E+02
     0.946687829E+02
     0.946687829E+02
     0.946687829E+02
     0.946687829E+02
     0.946687829E+02
     0.946687829E+02
     0.946687829E+02
     0.946687829E+02
     0.946687829E+02
     0.946687829E+02
     0.946687829E+02
     0.946687829E+02
     0.946687829E+02
     0.946687829E+02
     0.946687829E+02
     0.946687829E+02
     0.946687829E+02
     0.946687829E+02
     0.946687829E+02
     0.946687829E+02
     0.946687829E+02
     0.946687829E+02
     0.946687829E+02
     0.946687829E+02
     0.946687829E+02
     0.946687829E+02
     0.946687829E+02
     0.946687829E+02
     0.946687829E+02
     0.946687829E+02
     0.946687829E+02
     0.946687829E+02
     0.946687829E+02
     0.946687829E+02
     0.946687829E+02
     0.946687829E+02
     0.946687829E+02
     0.946687829E+02
     0.946687829E+02
     0.946687829E+02
     0.946687829E+02
     0.946687829E+02
     0.946687829E+02
     0.946687829E+02
     0.946687829E+02
     0.946687829E+02
     0.946687829E+02
     0.946687829E+02
     0.946687829E+02
     0.946687829E+02
     0.946687829E+02
     0.946687829E+02
     0.946687829E+02
     0.946687829E+02
     0.946687829E+02
     0.946687829E+02
     0.946687829E+02
     0.946687829E+02
     0.946687829E+02
     0.946687829E+02
     0.946687829E+02
     0.946687829E+02
     0.946687829E+02
     0.946687829E+02
     0.946687829E+02
     0.946687829E+02
     0.946687829E+02
     0.946687829E+02
     0.946687829E+02
     0.946687829E+02
     0.946687829E+02
     0.946687829E+02
     0.946687829E+02
     0.946687829E+02
     0.946687829E+02
     0.946687829E+02
     0.946687829E+02
     0.946687829E+02
     0.946687829E+02
     0.946687829E+02
     0.946687829E+02
     0.946687829E+02
     0.946687829E+02
     0.946687829E+02
     0.946687829E+02
     0.946687829E+02
     0.946687829E+02
     0.946687829E+02
     0.946687829E+02
     0.946687829E+02
     0.946687829E+02
     0.946687829E+02
     0.946687829E+02
     0.946687829E+02
     0.946687829E+02
     0.946687829E+02
     0.946687829E+02
     0.946687829E+02
     0.946687829E+02
     0.946687829E+02
     0.946687829E+02
     0.946687829E+02
     0.946687829E+02
     0.946687829E+02
     0.946687829E+02
     0.946687829E+02
     0.946687829E+02
     0.946687829E+02
     0.946687829E+02
     0.946687829E+02
     0.946687829E+02
     0.946687829E+02
     0.946687829E+02
     0.946687829E+02
     0.946687829E+02
     0.946687829E+02
     0.946687829E+02
     0.946687829E+02
     0.946687829E+02
     0.946687829E+02
     0.946687829E+02
     0.946687829E+02
     0.946687829E+02
     0.946687829E+02
     0.946687829E+02
     0.946687829E+02
     0.946687829E+02
     0.946687829E+02
     0.946687829E+02
     0.946687829E+02
     0.946687829E+02
     0.946687829E+02
     0.946687829E+02
     0.946687829E+02
     0.946687829E+02
     0.946687829E+02
     0.946687829E+02
     0.946687829E+02
     0.946687829E+02
     0.946687829E+02
     0.946687829E+02
     0.946687829E+02
     0.946687829E+02
     0.946687829E+02
     0.946687829E+02
     0.946687829E+02
     0.946687829E+02
     0.946687829E+02
     0.946687829E+02
     0.946687829E+02
     0.946687829E+02
     0.946687829E+02
     0.946687829E+02
     0.946687829E+02
     0.946687829E+02
     0.946687829E+02
     0.946687829E+02
     0.946687829E+02
     0.946687829E+02
     0.946687829E+02
     0.946687829E+02
     0.946687829E+02
     0.946687829E+02
     0.946687829E+02
     0.946687829E+02
     0.946687829E+02
     0.946687829E+02
     0.946687829E+02
     0.946687829E+02
     0.946687829E+02
     0.946687829E+02
     0.946687829E+02
     0.946687829E+02
     0.946687829E+02
     0.946687829E+02
     0.946687829E+02
     0.946687829E+02
     0.946687829E+02
     0.946687829E+02
     0.946687829E+02
     0.946687829E+02
     0.946687829E+02
     0.946687829E+02
     0.946687829E+02
     0.946687829E+02
     0.946687829E+02
     0.946687829E+02
     0.946687829E+02
     0.946687829E+02
     0.946687829E+02
     0.946687829E+02
     0.946687829E+02
     0.946687829E+02
     0.946687829E+02
     0.946687829E+02
     0.946687829E+02
     0.946687829E+02
     0.946687829E+02
     0.946687829E+02
     0.946687829E+02
     0.946687829E+02
     0.946687829E+02
     0.946687829E+02
     0.946687829E+02
     0.946687829E+02
     0.946687829E+02
     0.946687829E+02
     0.946687829E+02
     0.946687829E+02
     0.946687829E+02
     0.946687829E+02
     0.946687829E+02
     0.946687829E+02
     0.946687829E+02
     0.946687829E+02
     0.946687829E+02
     0.946687829E+02
     0.946687829E+02
     0.946687829E+02
     0.946687829E+02
     0.946687829E+02
     0.946687829E+02
     0.946687829E+02
     0.946687829E+02
     0.946687829E+02
     0.946687829E+02
     0.946687829E+02
     0.946687829E+02
     0.946687829E+02
     0.946687829E+02
     0.946687829E+02
     0.946687829E+02
     0.946687829E+02
     0.946687829E+02
     0.946687829E+02
     0.946687829E+02
     0.946687829E+02
     0.946687829E+02
     0.946687829E+02
     0.946687829E+02
     0.946687829E+02
     0.946687829E+02
     0.946687829E+02
     0.946687829E+02
     0.946687829E+02
     0.946687829E+02
     0.946687829E+02
     0.946687829E+02
     0.946687829E+02
     0.946687829E+02
     0.946687829E+02
     0.946687829E+02
     0.946687829E+02
     0.946687829E+02
     0.946687829E+02
     0.946687829E+02
     0.946687829E+02
     0.946687829E+02
     0.946687829E+02
     0.946687829E+02
     0.946687829E+02
     0.946687829E+02
     0.946687829E+02
     0.946687829E+02
     0.946687829E+02
     0.946687829E+02
     0.946687829E+02
     0.946687829E+02
     0.946687829E+02
     0.946687829E+02
     0.946687829E+02
     0.946687829E+02
     0.946687829E+02
     0.946687829E+02
     0.946687829E+02
     0.946687829E+02
     0.946687829E+02
     0.946687829E+02
     0.946687829E+02
     0.946687829E+02
     0.946687829E+02
     0.946687829E+02
     0.946687829E+02
     0.946687829E+02
     0.946687829E+02
     0.946687829E+02
     0.946687829E+02
     0.946687829E+02
     0.946687829E+02
     0.946687829E+02
     0.946687829E+02
     0.946687829E+02
     0.946687829E+02
     0.946687829E+02
     0.946687829E+02
     0.946687829E+02
     0.946687829E+02
     0.946687829E+02
     0.946687829E+02
     0.946687829E+02
     0.946687829E+02
     0.946687829E+02
     0.946687829E+02
     0.946687829E+02
     0.946687829E+02
     0.946687829E+02
     0.946687829E+02
     0.946687829E+02
     0.946687829E+02
     0.946687829E+02
     0.946687829E+02
     0.946687829E+02
     0.946687829E+02
     0.946687829E+02
     0.946687829E+02
     0.946687829E+02
     0.946687829E+02
     0.946687829E+02
     0.946687829E+02
     0.946687829E+02
     0.946687829E+02
     0.946687829E+02
     0.946687829E+02
     0.946687829E+02
     0.946687829E+02
     0.946687829E+02
     0.946687829E+02
     0.946687829E+02
     0.946687829E+02
     0.946687829E+02
     0.946687829E+02
     0.946687829E+02
     0.946687829E+02
     0.946687829E+02
     0.946687829E+02
     0.946687829E+02
     0.946687829E+02
     0.946687829E+02
     0.946687829E+02
     0.946687829E+02
     0.946687829E+02
     0.946687829E+02
     0.946687829E+02
     0.946687829E+02
     0.946687829E+02
     0.946687829E+02
     0.946687829E+02
     0.946687829E+02
     0.946687829E+02
     0.946687829E+02
     0.946687829E+02
     0.946687829E+02
     0.946687829E+02
     0.946687829E+02
     0.946687829E+02
     0.946687829E+02
     0.946687829E+02
     0.946687829E+02
     0.946687829E+02
     0.946687829E+02
     0.946687829E+02
     0.946687829E+02
     0.946687829E+02
     0.946687829E+02
     0.946687829E+02
     0.946687829E+02
     0.946687829E+02
     0.946687829E+02
     0.946687829E+02
     0.946687829E+02
     0.946687829E+02
     0.946687829E+02
     0.946687829E+02
     0.946687829E+02
     0.946687829E+02
     0.946687829E+02
     0.946687829E+02
     0.946687829E+02
     0.946687829E+02
     0.946687829E+02
     0.946687829E+02
     0.946687829E+02
     0.946687829E+02
     0.946687829E+02
     0.946687829E+02
     0.946687829E+02
     0.946687829E+02
     0.946687829E+02
     0.946687829E+02
     0.946687829E+02
     0.946687829E+02
     0.946687829E+02
     0.946687829E+02
     0.946687829E+02
     0.946687829E+02
     0.946687829E+02
     0.946687829E+02
     0.946687829E+02
     0.946687829E+02
     0.946687829E+02
     0.946687829E+02
     0.946687829E+02
     0.946687829E+02
     0.946687829E+02
     0.946687829E+02
     0.946687829E+02
     0.946687829E+02
     0.946687829E+02
     0.946687829E+02
     0.946687829E+02
     0.946687829E+02
     0.946687829E+02
     0.946687829E+02
     0.946687829E+02
     0.946687829E+02
     0.946687829E+02
     0.946687829E+02
     0.946687829E+02
     0.946687829E+02
     0.946687829E+02
     0.946687829E+02
     0.946687829E+02
     0.946687829E+02
     0.946687829E+02
     0.946687829E+02
     0.946687829E+02
     0.946687829E+02
     0.946687829E+02
     0.946687829E+02
     0.946687829E+02
     0.946687829E+02
     0.946687829E+02
     0.946687829E+02
     0.946687829E+02
     0.946687829E+02
     0.946687829E+02
     0.946687829E+02
     0.946687829E+02
     0.946687829E+02
     0.946687829E+02
     0.946687829E+02
     0.946687829E+02
     0.946687829E+02
     0.946687829E+02
     0.946687829E+02
     0.946687829E+02
     0.946687829E+02
     0.946687829E+02
     0.946687829E+02
     0.946687829E+02
     0.946687829E+02
     0.946687829E+02
     0.946687829E+02
     0.946687829E+02
     0.946687829E+02
     0.946687829E+02
     0.946687829E+02
     0.946687829E+02
     0.946687829E+02
     0.946687829E+02
     0.946687829E+02
     0.946687829E+02
     0.946687829E+02
     0.946687829E+02
     0.946687829E+02
     0.946687829E+02
     0.946687829E+02
     0.946687829E+02
     0.946687829E+02
     0.946687829E+02
     0.946687829E+02
     0.946687829E+02
     0.946687829E+02
     0.946687829E+02
     0.946687829E+02
     0.946687829E+02
     0.946687829E+02
     0.946687829E+02
     0.946687829E+02
     0.946687829E+02
     0.946687829E+02
     0.946687829E+02
     0.946687829E+02
     0.946687829E+02
     0.946687829E+02
     0.946687829E+02
     0.946687829E+02
     0.946687829E+02
     0.946687829E+02
     0.946687829E+02
     0.946687829E+02
     0.946687829E+02
     0.946687829E+02
     0.946687829E+02
     0.946687829E+02
     0.946687829E+02
     0.946687829E+02
     0.946687829E+02
     0.946687829E+02
     0.946687829E+02
     0.946687829E+02
     0.946687829E+02
     0.946687829E+02
     0.946687829E+02
     0.946687829E+02
     0.946687829E+02
     0.946687829E+02
     0.946687829E+02
     0.946687829E+02
     0.946687829E+02
     0.946687829E+02
     0.946687829E+02
     0.946687829E+02
     0.946687829E+02
     0.946687829E+02
     0.946687829E+02
     0.946687829E+02
     0.946687829E+02
     0.946687829E+02
     0.946687829E+02
     0.946687829E+02
     0.946687829E+02
     0.946687829E+02
     0.946687829E+02
     0.946687829E+02
     0.946687829E+02
     0.946687829E+02
     0.946687829E+02
     0.946687829E+02
     0.946687829E+02
     0.946687829E+02
     0.946687829E+02
     0.946687829E+02
     0.946687829E+02
     0.946687829E+02
     0.946687829E+02
     0.946687829E+02
     0.946687829E+02
     0.946687829E+02
     0.946687829E+02
     0.946687829E+02
     0.946687829E+02
     0.946687829E+02
     0.946687829E+02
     0.946687829E+02
     0.946687829E+02
     0.946687829E+02
     0.946687829E+02
     0.946687829E+02
     0.946687829E+02
     0.946687829E+02
     0.946687829E+02
     0.946687829E+02
     0.946687829E+02
     0.946687829E+02
     0.946687829E+02
     0.946687829E+02
     0.946687829E+02
     0.946687829E+02
     0.946687829E+02
     0.946687829E+02
     0.946687829E+02
     0.946687829E+02
     0.946687829E+02
     0.946687829E+02
     0.946687829E+02
     0.946687829E+02
     0.946687829E+02
     0.946687829E+02
     0.946687829E+02
     0.946687829E+02
     0.946687829E+02
     0.946687829E+02
     0.946687829E+02
     0.946687829E+02
     0.946687829E+02
     0.946687829E+02
     0.946687829E+02
     0.946687829E+02
     0.946687829E+02
     0.946687829E+02
     0.946687829E+02
     0.946687829E+02
     0.946687829E+02
     0.946687829E+02
     0.946687829E+02
     0.946687829E+02
     0.946687829E+02
     0.946687829E+02
     0.946687829E+02
     0.946687829E+02
     0.946687829E+02
     0.946687829E+02
     0.946687829E+02
     0.946687829E+02
     0.946687829E+02
     0.946687829E+02
     0.946687829E+02
     0.946687829E+02
     0.946687829E+02
     0.946687829E+02
     0.946687829E+02
     0.946687829E+02
     0.946687829E+02
     0.946687829E+02
     0.946687829E+02
     0.946687829E+02
     0.946687829E+02
     0.946687829E+02
     0.946687829E+02
     0.946687829E+02
     0.946687829E+02
     0.946687829E+02
     0.946687829E+02
     0.946687829E+02
     0.946687829E+02
     0.946687829E+02
     0.946687829E+02
     0.946687829E+02
     0.946687829E+02
     0.946687829E+02
     0.946687829E+02
     0.946687829E+02
     0.946687829E+02
     0.946687829E+02
     0.946687829E+02
     0.946687829E+02
     0.946687829E+02
     0.946687829E+02
     0.946687829E+02
     0.946687829E+02
     0.946687829E+02
     0.946687829E+02
     0.946687829E+02
     0.946687829E+02
     0.946687829E+02
     0.946687829E+02
     0.946687829E+02
     0.946687829E+02
     0.946687829E+02
     0.946687829E+02
     0.946687829E+02
     0.946687829E+02
     0.946687829E+02
     0.946687829E+02
     0.946687829E+02
     0.946687829E+02
     0.946687829E+02
     0.946687829E+02
     0.946687829E+02
     0.946687829E+02
     0.946687829E+02
     0.946687829E+02
     0.946687829E+02
     0.946687829E+02
     0.946687829E+02
     0.946687829E+02
     0.946687829E+02
     0.946687829E+02
     0.946687829E+02
     0.946687829E+02
     0.946687829E+02
     0.946687829E+02
     0.946687829E+02
     0.946687829E+02
     0.946687829E+02
     0.946687829E+02
     0.946687829E+02
     0.946687829E+02
     0.946687829E+02
     0.946687829E+02
     0.946687829E+02
     0.946687829E+02
     0.946687829E+02
     0.946687829E+02
     0.946687829E+02
     0.946687829E+02
     0.946687829E+02
     0.946687829E+02
     0.946687829E+02
     0.946687829E+02
     0.946687829E+02
     0.946687829E+02
     0.946687829E+02
     0.946687829E+02
     0.946687829E+02
     0.946687829E+02
     0.946687829E+02
     0.946687829E+02
     0.946687829E+02
     0.946687829E+02
     0.946687829E+02
     0.946687829E+02
     0.946687829E+02
     0.946687829E+02
     0.946687829E+02
     0.946687829E+02
     0.946687829E+02
     0.946687829E+02
     0.946687829E+02
     0.946687829E+02
     0.946687829E+02
     0.946687829E+02
     0.946687829E+02
     0.946687829E+02
     0.946687829E+02
     0.946687829E+02
     0.946687829E+02
     0.946687829E+02
     0.946687829E+02
     0.946687829E+02
     0.946687829E+02
     0.946687829E+02
     0.946687829E+02
     0.946687829E+02
     0.946687829E+02
     0.946687829E+02
     0.946687829E+02
     0.946687829E+02
     0.946687829E+02
     0.946687829E+02
     0.946687829E+02
     0.946687829E+02
     0.946687829E+02
     0.946687829E+02
     0.946687829E+02
     0.946687829E+02
     0.946687829E+02
     0.946687829E+02
     0.946687829E+02
     0.946687829E+02
     0.946687829E+02
     0.946687829E+02
     0.946687829E+02
     0.946687829E+02
     0.946687829E+02
     0.946687829E+02
     0.946687829E+02
     0.946687829E+02
     0.946687829E+02
     0.946687829E+02
     0.946687829E+02
     0.946687829E+02
     0.946687829E+02
     0.946687829E+02
     0.946687829E+02
     0.946687829E+02
     0.946687829E+02
     0.946687829E+02
     0.946687829E+02
     0.946687829E+02
     0.946687829E+02
     0.946687829E+02
     0.946687829E+02
     0.946687829E+02
     0.946687829E+02
     0.946687829E+02
     0.946687829E+02
     0.946687829E+02
     0.946687829E+02
     0.946687829E+02
     0.946687829E+02
     0.946687829E+02
     0.946687829E+02
     0.946687829E+02
     0.946687829E+02
     0.946687829E+02
     0.946687829E+02
     0.946687829E+02
     0.946687829E+02
     0.946687829E+02
     0.946687829E+02
     0.946687829E+02
     0.946687829E+02
     0.946687829E+02
     0.946687829E+02
     0.946687829E+02
     0.946687829E+02
     0.946687829E+02
     0.946687829E+02
     0.946687829E+02
     0.946687829E+02
     0.946687829E+02
     0.946687829E+02
     0.946687829E+02
     0.946687829E+02
     0.946687829E+02
     0.946687829E+02
     0.946687829E+02
     0.946687829E+02
     0.946687829E+02
     0.946687829E+02
     0.946687829E+02
     0.946687829E+02
     0.946687829E+02
     0.946687829E+02
     0.946687829E+02
     0.946687829E+02
     0.946687829E+02
     0.946687829E+02
     0.946687829E+02
     0.946687829E+02
     0.946687829E+02
     0.946687829E+02
     0.946687829E+02
     0.946687829E+02
     0.946687829E+02
     0.946687829E+02
     0.946687829E+02
     0.946687829E+02
     0.946687829E+02
     0.946687829E+02
     0.946687829E+02
     0.946687829E+02
     0.946687829E+02
     0.946687829E+02
     0.946687829E+02
     0.946687829E+02
     0.946687829E+02
     0.946687829E+02
     0.946687829E+02
     0.946687829E+02
     0.946687829E+02
     0.946687829E+02
     0.946687829E+02
     0.946687829E+02
     0.946687829E+02
     0.946687829E+02
     0.946687829E+02
     0.946687829E+02
     0.946687829E+02
     0.946687829E+02
     0.946687829E+02
     0.946687829E+02
     0.946687829E+02
     0.946687829E+02
     0.946687829E+02
     0.946687829E+02
     0.946687829E+02
     0.946687829E+02
     0.946687829E+02
     0.946687829E+02
     0.946687829E+02
     0.946687829E+02
     0.946687829E+02
     0.946687829E+02
     0.946687829E+02
     0.946687829E+02
     0.946687829E+02
     0.946687829E+02
     0.946687829E+02
     0.946687829E+02
     0.946687829E+02
     0.946687829E+02
     0.946687829E+02
     0.946687829E+02
     0.946687829E+02
     0.946687829E+02
     0.946687829E+02
     0.946687829E+02
     0.946687829E+02
     0.946687829E+02
     0.946687829E+02
     0.946687829E+02
     0.946687829E+02
     0.946687829E+02
     0.946687829E+02
     0.946687829E+02
     0.946687829E+02
     0.946687829E+02
     0.946687829E+02
     0.946687829E+02
     0.946687829E+02
     0.946687829E+02
     0.946687829E+02
     0.946687829E+02
     0.946687829E+02
     0.946687829E+02
     0.946687829E+02
     0.946687829E+02
     0.946687829E+02
     0.946687829E+02
     0.946687829E+02
     0.946687829E+02
     0.946687829E+02
     0.946687829E+02
     0.946687829E+02
     0.946687829E+02
     0.946687829E+02
     0.946687829E+02
     0.946687829E+02
     0.946687829E+02
     0.946687829E+02
     0.946687829E+02
     0.946687829E+02
     0.946687829E+02
     0.946687829E+02
     0.946687829E+02
     0.946687829E+02
     0.946687829E+02
     0.946687829E+02
     0.946687829E+02
     0.946687829E+02
     0.946687829E+02
     0.946687829E+02
     0.946687829E+02
     0.946687829E+02
     0.946687829E+02
     0.946687829E+02
     0.946687829E+02
     0.946687829E+02
     0.946687829E+02
     0.946687829E+02
     0.946687829E+02
     0.946687829E+02
     0.946687829E+02
     0.946687829E+02
     0.946687829E+02
     0.946687829E+02
     0.946687829E+02
     0.946687829E+02
     0.946687829E+02
     0.946687829E+02
     0.946687829E+02
     0.946687829E+02
     0.946687829E+02
     0.946687829E+02
     0.946687829E+02
     0.946687829E+02
     0.946687829E+02
     0.946687829E+02
     0.946687829E+02
     0.946687829E+02
     0.946687829E+02
     0.946687829E+02
     0.946687829E+02
     0.946687829E+02
     0.946687829E+02
     0.946687829E+02
     0.946687829E+02
     0.946687829E+02
     0.946687829E+02
     0.946687829E+02
     0.946687829E+02
     0.946687829E+02
     0.946687829E+02
     0.946687829E+02
     0.946687829E+02
     0.946687829E+02
     0.946687829E+02
     0.946687829E+02
     0.946687829E+02
     0.946687829E+02
     0.946687829E+02
     0.946687829E+02
     0.946687829E+02
     0.946687829E+02
     0.946687829E+02
     0.946687829E+02
     0.946687829E+02
     0.946687829E+02
     0.946687829E+02
     0.946687829E+02
     0.946687829E+02
     0.946687829E+02
     0.946687829E+02
     0.946687829E+02
     0.946687829E+02
     0.946687829E+02
     0.946687829E+02
     0.946687829E+02
     0.946687829E+02
     0.946687829E+02
     0.946687829E+02
     0.946687829E+02
     0.946687829E+02
     0.946687829E+02
     0.946687829E+02
     0.946687829E+02
     0.946687829E+02
     0.946687829E+02
     0.946687829E+02
     0.946687829E+02
     0.946687829E+02
     0.946687829E+02
     0.946687829E+02
     0.946687829E+02
     0.946687829E+02
     0.946687829E+02
     0.946687829E+02
     0.946687829E+02
     0.946687829E+02
     0.946687829E+02
     0.946687829E+02
     0.946687829E+02
     0.946687829E+02
     0.946687829E+02
     0.946687829E+02
     0.946687829E+02
     0.946687829E+02
     0.946687829E+02
     0.946687829E+02
     0.946687829E+02
     0.946687829E+02
     0.946687829E+02
     0.946687829E+02
     0.946687829E+02
     0.946687829E+02
     0.946687829E+02
     0.946687829E+02
     0.946687829E+02
     0.946687829E+02
     0.946687829E+02
     0.946687829E+02
     0.946687829E+02
     0.946687829E+02
     0.946687829E+02
     0.946687829E+02
     0.946687829E+02
     0.946687829E+02
     0.946687829E+02
     0.946687829E+02
     0.946687829E+02
     0.946687829E+02
     0.946687829E+02
     0.946687829E+02
     0.946687829E+02
     0.946687829E+02
     0.946687829E+02
     0.946687829E+02
     0.946687829E+02
     0.946687829E+02
     0.946687829E+02
     0.946687829E+02
     0.946687829E+02
     0.946687829E+02
     0.946687829E+02
     0.946687829E+02
     0.946687829E+02
     0.946687829E+02
     0.946687829E+02
     0.946687829E+02
     0.946687829E+02
     0.946687829E+02
     0.946687829E+02
     0.946687829E+02
     0.946687829E+02
     0.946687829E+02
     0.946687829E+02
     0.946687829E+02
     0.946687829E+02
     0.946687829E+02
     0.946687829E+02
     0.946687829E+02
     0.946687829E+02
     0.946687829E+02
     0.946687829E+02
     0.946687829E+02
     0.946687829E+02
     0.946687829E+02
     0.946687829E+02
     0.946687829E+02
     0.946687829E+02
     0.946687829E+02
     0.946687829E+02
     0.946687829E+02
     0.946687829E+02
     0.946687829E+02
     0.946687829E+02
     0.946687829E+02
     0.946687829E+02
     0.946687829E+02
     0.946687829E+02
     0.946687829E+02
     0.946687829E+02
     0.946687829E+02
     0.946687829E+02
     0.946687829E+02
     0.946687829E+02
     0.946687829E+02
     0.946687829E+02
     0.946687829E+02
     0.946687829E+02
     0.946687829E+02
     0.946687829E+02
     0.946687829E+02
     0.946687829E+02
     0.946687829E+02
     0.946687829E+02
     0.946687829E+02
     0.946687829E+02
     0.946687829E+02
     0.946687829E+02
     0.946687829E+02
     0.946687829E+02
     0.946687829E+02
     0.946687829E+02
     0.946687829E+02
     0.946687829E+02
     0.946687829E+02
     0.946687829E+02
     0.946687829E+02
     0.946687829E+02
     0.946687829E+02
     0.946687829E+02
     0.946687829E+02
     0.946687829E+02
     0.946687829E+02
     0.946687829E+02
     0.946687829E+02
     0.946687829E+02
     0.946687829E+02
     0.946687829E+02
     0.946687829E+02
     0.946687829E+02
     0.946687829E+02
     0.946687829E+02
     0.946687829E+02
     0.946687829E+02
     0.946687829E+02
     0.946687829E+02
     0.946687829E+02
     0.946687829E+02
     0.946687829E+02
     0.946687829E+02
     0.946687829E+02
     0.946687829E+02
     0.946687829E+02
     0.946687829E+02
     0.946687829E+02
     0.946687829E+02
     0.946687829E+02
     0.946687829E+02
     0.946687829E+02
     0.946687829E+02
     0.946687829E+02
     0.946687829E+02
     0.946687829E+02
     0.946687829E+02
     0.946687829E+02
     0.946687829E+02
     0.946687829E+02
     0.946687829E+02
     0.946687829E+02
     0.946687829E+02
     0.946687829E+02
     0.946687829E+02
     0.946687829E+02
     0.946687829E+02
     0.946687829E+02
     0.946687829E+02
     0.946687829E+02
     0.946687829E+02
     0.946687829E+02
     0.946687829E+02
     0.946687829E+02
     0.946687829E+02
     0.946687829E+02
     0.946687829E+02
     0.946687829E+02
     0.946687829E+02
     0.946687829E+02
     0.946687829E+02
     0.946687829E+02
     0.946687829E+02
     0.946687829E+02
     0.946687829E+02
     0.946687829E+02
     0.946687829E+02
     0.946687829E+02
     0.946687829E+02
     0.946687829E+02
     0.946687829E+02
     0.946687829E+02
     0.946687829E+02
     0.946687829E+02
     0.946687829E+02
     0.946687829E+02
     0.946687829E+02
     0.946687829E+02
     0.946687829E+02
     0.946687829E+02
     0.946687829E+02
     0.946687829E+02
     0.946687829E+02
     0.946687829E+02
     0.946687829E+02
     0.946687829E+02
     0.946687829E+02
     0.946687829E+02
     0.946687829E+02
     0.946687829E+02
     0.946687829E+02
     0.946687829E+02
     0.946687829E+02
     0.946687829E+02
     0.946687829E+02
     0.946687829E+02
     0.946687829E+02
     0.946687829E+02
     0.946687829E+02
     0.946687829E+02
     0.946687829E+02
     0.946687829E+02
     0.946687829E+02
     0.946687829E+02
     0.946687829E+02
     0.946687829E+02
     0.946687829E+02
     0.946687829E+02
     0.946687829E+02
     0.946687829E+02
     0.946687829E+02
     0.946687829E+02
     0.946687829E+02
     0.946687829E+02
     0.946687829E+02
     0.946687829E+02
     0.946687829E+02
     0.946687829E+02
     0.946687829E+02
     0.946687829E+02
     0.946687829E+02
     0.946687829E+02
     0.946687829E+02
     0.946687829E+02
     0.946687829E+02
     0.946687829E+02
     0.946687829E+02
     0.946687829E+02
     0.946687829E+02
     0.946687829E+02
     0.946687829E+02
     0.946687829E+02
     0.946687829E+02
     0.946687829E+02
     0.946687829E+02
     0.946687829E+02
     0.946687829E+02
     0.946687829E+02
     0.946687829E+02
     0.946687829E+02
     0.946687829E+02
     0.946687829E+02
     0.946687829E+02
     0.946687829E+02
     0.946687829E+02
     0.946687829E+02
     0.946687829E+02
     0.946687829E+02
     0.946687829E+02
     0.946687829E+02
     0.946687829E+02
     0.946687829E+02
     0.946687829E+02
     0.946687829E+02
     0.946687829E+02
     0.946687829E+02
     0.946687829E+02
     0.946687829E+02
     0.946687829E+02
     0.946687829E+02
     0.946687829E+02
     0.946687829E+02
     0.946687829E+02
     0.946687829E+02
     0.946687829E+02
     0.946687829E+02
     0.946687829E+02
     0.946687829E+02
     0.946687829E+02
     0.946687829E+02
     0.946687829E+02
     0.946687829E+02
     0.946687829E+02
     0.946687829E+02
     0.946687829E+02
     0.946687829E+02
     0.946687829E+02
     0.946687829E+02
     0.946687829E+02
     0.946687829E+02
     0.946687829E+02
     0.946687829E+02
     0.946687829E+02
     0.946687829E+02
     0.946687829E+02
     0.946687829E+02
     0.946687829E+02
     0.946687829E+02
     0.946687829E+02
     0.946687829E+02
     0.946687829E+02
     0.946687829E+02
     0.946687829E+02
     0.946687829E+02
     0.946687829E+02
     0.946687829E+02
     0.946687829E+02
     0.946687829E+02
     0.946687829E+02
     0.946687829E+02
     0.946687829E+02
     0.946687829E+02
     0.946687829E+02
     0.946687829E+02
     0.946687829E+02
     0.946687829E+02
     0.946687829E+02
     0.946687829E+02
     0.946687829E+02
     0.946687829E+02
     0.946687829E+02
     0.946687829E+02
     0.946687829E+02
     0.946687829E+02
     0.946687829E+02
     0.946687829E+02
     0.946687829E+02
     0.946687829E+02
     0.946687829E+02
     0.946687829E+02
     0.946687829E+02
     0.946687829E+02
     0.946687829E+02
     0.946687829E+02
     0.946687829E+02
     0.946687829E+02
     0.946687829E+02
     0.946687829E+02
     0.946687829E+02
     0.946687829E+02
     0.946687829E+02
     0.946687829E+02
     0.946687829E+02
     0.946687829E+02
     0.946687829E+02
     0.946687829E+02
     0.946687829E+02
     0.946687829E+02
     0.946687829E+02
     0.946687829E+02
     0.946687829E+02
     0.946687829E+02
     0.946687829E+02
     0.946687829E+02
     0.946687829E+02
     0.946687829E+02
     0.946687829E+02
     0.946687829E+02
     0.946687829E+02
     0.946687829E+02
     0.946687829E+02
     0.946687829E+02
     0.946687829E+02
     0.946687829E+02
     0.946687829E+02
     0.946687829E+02
     0.946687829E+02
     0.946687829E+02
     0.946687829E+02
     0.946687829E+02
     0.946687829E+02
     0.946687829E+02
     0.946687829E+02
     0.946687829E+02
     0.946687829E+02
     0.946687829E+02
     0.946687829E+02
     0.946687829E+02
     0.946687829E+02
     0.946687829E+02
     0.946687829E+02
     0.946687829E+02
     0.946687829E+02
     0.946687829E+02
     0.946687829E+02
     0.946687829E+02
     0.946687829E+02
     0.946687829E+02
     0.946687829E+02
     0.946687829E+02
     0.946687829E+02
     0.946687829E+02
     0.946687829E+02
     0.946687829E+02
     0.946687829E+02
     0.946687829E+02
     0.946687829E+02
     0.946687829E+02
     0.946687829E+02
     0.946687829E+02
     0.946687829E+02
     0.946687829E+02
     0.946687829E+02
     0.946687829E+02
     0.946687829E+02
     0.946687829E+02
     0.946687829E+02
     0.946687829E+02
     0.946687829E+02
     0.946687829E+02
     0.946687829E+02
     0.946687829E+02
     0.946687829E+02
     0.946687829E+02
     0.946687829E+02
     0.946687829E+02
     0.946687829E+02
     0.946687829E+02
     0.946687829E+02
     0.946687829E+02
     0.946687829E+02
     0.946687829E+02
     0.946687829E+02
     0.946687829E+02
     0.946687829E+02
     0.946687829E+02
     0.946687829E+02
     0.946687829E+02
     0.946687829E+02
     0.946687829E+02
     0.946687829E+02
     0.946687829E+02
     0.946687829E+02
     0.946687829E+02
     0.946687829E+02
     0.946687829E+02
     0.946687829E+02
     0.946687829E+02
     0.946687829E+02
     0.946687829E+02
     0.946687829E+02
     0.946687829E+02
     0.946687829E+02
     0.946687829E+02
     0.946687829E+02
     0.946687829E+02
     0.946687829E+02
     0.946687829E+02
     0.946687829E+02
     0.946687829E+02
     0.946687829E+02
     0.946687829E+02
     0.946687829E+02
     0.946687829E+02
     0.946687829E+02
     0.946687829E+02
     0.946687829E+02
     0.946687829E+02
     0.946687829E+02
     0.946687829E+02
     0.946687829E+02
     0.946687829E+02
     0.946687829E+02
     0.946687829E+02
     0.946687829E+02
     0.946687829E+02
     0.946687829E+02
     0.946687829E+02
     0.946687829E+02
     0.946687829E+02
     0.946687829E+02
     0.946687829E+02
     0.946687829E+02
     0.946687829E+02
     0.946687829E+02
     0.946687829E+02
     0.946687829E+02
     0.946687829E+02
     0.946687829E+02
     0.946687829E+02
     0.946687829E+02
     0.946687829E+02
     0.946687829E+02
     0.946687829E+02
     0.946687829E+02
     0.946687829E+02
     0.946687829E+02
     0.946687829E+02
     0.946687829E+02
     0.946687829E+02
     0.946687829E+02
     0.946687829E+02
     0.946687829E+02
     0.946687829E+02
     0.946687829E+02
     0.946687829E+02
     0.946687829E+02
     0.946687829E+02
     0.946687829E+02
     0.946687829E+02
     0.946687829E+02
     0.946687829E+02
     0.946687829E+02
     0.946687829E+02
     0.946687829E+02
     0.946687829E+02
     0.946687829E+02
     0.946687829E+02
     0.946687829E+02
     0.946687829E+02
     0.946687829E+02
     0.946687829E+02
     0.946687829E+02
     0.946687829E+02
     0.946687829E+02
     0.946687829E+02
     0.946687829E+02
     0.946687829E+02
     0.946687829E+02
     0.946687829E+02
     0.946687829E+02
     0.946687829E+02
     0.946687829E+02
     0.946687829E+02
     0.946687829E+02
     0.946687829E+02
     0.946687829E+02
     0.946687829E+02
     0.946687829E+02
     0.946687829E+02
     0.946687829E+02
     0.946687829E+02
     0.946687829E+02
     0.946687829E+02
     0.946687829E+02
     0.946687829E+02
     0.946687829E+02
     0.946687829E+02
     0.946687829E+02
     0.946687829E+02
     0.946687829E+02
     0.946687829E+02
     0.946687829E+02
     0.946687829E+02
     0.946687829E+02
     0.946687829E+02
     0.946687829E+02
     0.946687829E+02
     0.946687829E+02
     0.946687829E+02
     0.946687829E+02
     0.946687829E+02
     0.946687829E+02
     0.946687829E+02
     0.946687829E+02
     0.946687829E+02
     0.946687829E+02
     0.946687829E+02
     0.946687829E+02
     0.946687829E+02
     0.946687829E+02
     0.946687829E+02
     0.946687829E+02
     0.946687829E+02
     0.946687829E+02
     0.946687829E+02
     0.946687829E+02
     0.946687829E+02
     0.946687829E+02
     0.946687829E+02
     0.946687829E+02
     0.946687829E+02
     0.946687829E+02
     0.946687829E+02
     0.946687829E+02
     0.946687829E+02
     0.946687829E+02
     0.946687829E+02
     0.946687829E+02
     0.946687829E+02
     0.946687829E+02
     0.946687829E+02
     0.946687829E+02
     0.946687829E+02
     0.946687829E+02
     0.946687829E+02
     0.946687829E+02
     0.946687829E+02
     0.946687829E+02
     0.946687829E+02
     0.946687829E+02
     0.946687829E+02
     0.946687829E+02
     0.946687829E+02
     0.946687829E+02
     0.946687829E+02
     0.946687829E+02
     0.946687829E+02
     0.946687829E+02
     0.946687829E+02
     0.946687829E+02
     0.946687829E+02
     0.946687829E+02
     0.946687829E+02
     0.946687829E+02
     0.946687829E+02
     0.946687829E+02
     0.946687829E+02
     0.946687829E+02
     0.946687829E+02
     0.946687829E+02
     0.946687829E+02
     0.946687829E+02
     0.946687829E+02
     0.946687829E+02
     0.946687829E+02
     0.946687829E+02
     0.946687829E+02
     0.946687829E+02
     0.946687829E+02
     0.946687829E+02
     0.946687829E+02
     0.946687829E+02
     0.946687829E+02
     0.946687829E+02
     0.946687829E+02
     0.946687829E+02
     0.946687829E+02
     0.946687829E+02
     0.946687829E+02
     0.946687829E+02
     0.946687829E+02
     0.946687829E+02
     0.946687829E+02
     0.946687829E+02
     0.946687829E+02
     0.946687829E+02
     0.946687829E+02
     0.946687829E+02
     0.946687829E+02
     0.946687829E+02
     0.946687829E+02
     0.946687829E+02
     0.946687829E+02
     0.946687829E+02
     0.946687829E+02
     0.946687829E+02
     0.946687829E+02
     0.946687829E+02
     0.946687829E+02
     0.946687829E+02
     0.946687829E+02
     0.946687829E+02
     0.946687829E+02
     0.946687829E+02
     0.946687829E+02
     0.946687829E+02
     0.946687829E+02
     0.946687829E+02
     0.946687829E+02
     0.946687829E+02
     0.946687829E+02
     0.946687829E+02
     0.946687829E+02
     0.946687829E+02
     0.946687829E+02
     0.946687829E+02
     0.946687829E+02
     0.946687829E+02
     0.946687829E+02
     0.946687829E+02
     0.946687829E+02
     0.946687829E+02
     0.946687829E+02
     0.946687829E+02
     0.946687829E+02
     0.946687829E+02
     0.946687829E+02
     0.946687829E+02
     0.946687829E+02
     0.946687829E+02
     0.946687829E+02
     0.946687829E+02
     0.946687829E+02
     0.946687829E+02
     0.946687829E+02
     0.946687829E+02
     0.946687829E+02
     0.946687829E+02
     0.946687829E+02
     0.946687829E+02
     0.946687829E+02
     0.946687829E+02
     0.946687829E+02
     0.946687829E+02
     0.946687829E+02
     0.946687829E+02
     0.946687829E+02
     0.946687829E+02
     0.946687829E+02
     0.946687829E+02
     0.946687829E+02
     0.946687829E+02
     0.946687829E+02
     0.946687829E+02
     0.946687829E+02
     0.946687829E+02
     0.946687829E+02
     0.946687829E+02
     0.946687829E+02
     0.946687829E+02
     0.946687829E+02
     0.946687829E+02
     0.946687829E+02
     0.946687829E+02
     0.946687829E+02
     0.946687829E+02
     0.946687829E+02
     0.946687829E+02
     0.946687829E+02
     0.946687829E+02
     0.946687829E+02
     0.946687829E+02
     0.946687829E+02
     0.946687829E+02
     0.946687829E+02
     0.946687829E+02
     0.946687829E+02
     0.946687829E+02
     0.946687829E+02
     0.946687829E+02
     0.946687829E+02
     0.946687829E+02
     0.946687829E+02
     0.946687829E+02
     0.946687829E+02
     0.946687829E+02
     0.946687829E+02
     0.946687829E+02
     0.946687829E+02
     0.946687829E+02
     0.946687829E+02
     0.946687829E+02
     0.946687829E+02
     0.946687829E+02
     0.946687829E+02
     0.946687829E+02
     0.946687829E+02
     0.946687829E+02
     0.946687829E+02
     0.946687829E+02
     0.946687829E+02
     0.946687829E+02
     0.946687829E+02
     0.946687829E+02
     0.946687829E+02
     0.946687829E+02
     0.946687829E+02
     0.946687829E+02
     0.946687829E+02
     0.946687829E+02
     0.946687829E+02
     0.946687829E+02
     0.946687829E+02
     0.946687829E+02
     0.946687829E+02
     0.946687829E+02
     0.946687829E+02
     0.946687829E+02
     0.946687829E+02
     0.946687829E+02
     0.946687829E+02
     0.946687829E+02
     0.946687829E+02
     0.946687829E+02
     0.946687829E+02
     0.946687829E+02
     0.946687829E+02
     0.946687829E+02
     0.946687829E+02
     0.946687829E+02
     0.946687829E+02
     0.946687829E+02
     0.946687829E+02
     0.946687829E+02
     0.946687829E+02
     0.946687829E+02
     0.946687829E+02
     0.946687829E+02
     0.946687829E+02
     0.946687829E+02
     0.946687829E+02
     0.946687829E+02
     0.946687829E+02
     0.946687829E+02
     0.946687829E+02
     0.946687829E+02
     0.946687829E+02
     0.946687829E+02
     0.946687829E+02
     0.946687829E+02
     0.946687829E+02
     0.946687829E+02
     0.946687829E+02
     0.946687829E+02
     0.946687829E+02
     0.946687829E+02
     0.946687829E+02
     0.946687829E+02
     0.946687829E+02
     0.946687829E+02
     0.946687829E+02
     0.946687829E+02
     0.946687829E+02
     0.946687829E+02
     0.946687829E+02
     0.946687829E+02
     0.946687829E+02
     0.946687829E+02
     0.946687829E+02
     0.946687829E+02
     0.946687829E+02
     0.946687829E+02
     0.946687829E+02
     0.946687829E+02
     0.946687829E+02
     0.946687829E+02
     0.946687829E+02
     0.946687829E+02
     0.946687829E+02
     0.946687829E+02
     0.946687829E+02
     0.946687829E+02
     0.946687829E+02
     0.946687829E+02
     0.946687829E+02
     0.946687829E+02
     0.946687829E+02
     0.946687829E+02
     0.946687829E+02
     0.946687829E+02
     0.946687829E+02
     0.946687829E+02
     0.946687829E+02
     0.946687829E+02
     0.946687829E+02
     0.946687829E+02
     0.946687829E+02
     0.946687829E+02
     0.946687829E+02
     0.946687829E+02
     0.946687829E+02
     0.946687829E+02
     0.946687829E+02
     0.946687829E+02
     0.946687829E+02
     0.946687829E+02
     0.946687829E+02
     0.946687829E+02
     0.946687829E+02
     0.946687829E+02
     0.946687829E+02
     0.946687829E+02
     0.946687829E+02
     0.946687829E+02
     0.946687829E+02
     0.946687829E+02
     0.946687829E+02
     0.946687829E+02
     0.946687829E+02
     0.946687829E+02
     0.946687829E+02
     0.946687829E+02
     0.946687829E+02
     0.946687829E+02
     0.946687829E+02
     0.946687829E+02
     0.946687829E+02
     0.946687829E+02
     0.946687829E+02
     0.946687829E+02
     0.946687829E+02
     0.946687829E+02
     0.946687829E+02
     0.946687829E+02
     0.946687829E+02
     0.946687829E+02
     0.946687829E+02
     0.946687829E+02
     0.946687829E+02
     0.946687829E+02
     0.946687829E+02
     0.946687829E+02
     0.946687829E+02
     0.946687829E+02
     0.946687829E+02
     0.946687829E+02
     0.946687829E+02
     0.946687829E+02
     0.946687829E+02
     0.946687829E+02
     0.946687829E+02
     0.946687829E+02
     0.946687829E+02
     0.946687829E+02
     0.946687829E+02
     0.946687829E+02
     0.946687829E+02
     0.946687829E+02
     0.946687829E+02
     0.946687829E+02
     0.946687829E+02
     0.946687829E+02
     0.946687829E+02
     0.946687829E+02
     0.946687829E+02
     0.946687829E+02
     0.946687829E+02
     0.946687829E+02
     0.946687829E+02
     0.946687829E+02
     0.946687829E+02
     0.946687829E+02
     0.946687829E+02
     0.946687829E+02
     0.946687829E+02
     0.946687829E+02
     0.946687829E+02
     0.946687829E+02
     0.946687829E+02
     0.946687829E+02
     0.946687829E+02
     0.946687829E+02
     0.946687829E+02
     0.946687829E+02
     0.946687829E+02
     0.946687829E+02
     0.946687829E+02
     0.946687829E+02
     0.946687829E+02
     0.946687829E+02
     0.946687829E+02
     0.946687829E+02
     0.946687829E+02
     0.946687829E+02
     0.946687829E+02
     0.946687829E+02
     0.946687829E+02
     0.946687829E+02
     0.946687829E+02
     0.946687829E+02
     0.946687829E+02
     0.946687829E+02
     0.946687829E+02
     0.946687829E+02
     0.946687829E+02
     0.946687829E+02
     0.946687829E+02
     0.946687829E+02
     0.946687829E+02
     0.946687829E+02
     0.946687829E+02
     0.946687829E+02
     0.946687829E+02
     0.946687829E+02
     0.946687829E+02
     0.946687829E+02
     0.946687829E+02
     0.946687829E+02
     0.946687829E+02
     0.946687829E+02
     0.946687829E+02
     0.946687829E+02
     0.946687829E+02
     0.946687829E+02
     0.946687829E+02
     0.946687829E+02
     0.946687829E+02
     0.946687829E+02
     0.946687829E+02
     0.946687829E+02
     0.946687829E+02
     0.946687829E+02
     0.946687829E+02
     0.946687829E+02
     0.946687829E+02
     0.946687829E+02
     0.946687829E+02
     0.946687829E+02
     0.946687829E+02
     0.946687829E+02
     0.946687829E+02
     0.946687829E+02
     0.946687829E+02
     0.946687829E+02
     0.946687829E+02
     0.946687829E+02
     0.946687829E+02
     0.946687829E+02
     0.946687829E+02
     0.946687829E+02
     0.946687829E+02
     0.946687829E+02
     0.946687829E+02
     0.946687829E+02
     0.946687829E+02
     0.946687829E+02
     0.946687829E+02
     0.946687829E+02
     0.946687829E+02
     0.946687829E+02
     0.946687829E+02
     0.946687829E+02
     0.946687829E+02
     0.946687829E+02
     0.946687829E+02
     0.946687829E+02
     0.946687829E+02
     0.946687829E+02
     0.946687829E+02
     0.946687829E+02
     0.946687829E+02
     0.946687829E+02
     0.946687829E+02
     0.946687829E+02
     0.946687829E+02
     0.946687829E+02
     0.946687829E+02
     0.946687829E+02
     0.946687829E+02
     0.946687829E+02
     0.946687829E+02
     0.946687829E+02
     0.946687829E+02
