     0.124046175E+02
     0.118805288E+02
     0.116372513E+02
     0.109048682E+02
     0.998614897E+01
     0.102658996E+02
     0.123522086E+02
     0.123261926E+02
     0.122481420E+02
     0.121446597E+02
     0.121769259E+02
     0.121446577E+02
     0.120709450E+02
     0.120344680E+02
     0.119250297E+02
     0.117802891E+02
     0.118253754E+02
     0.120928859E+02
     0.120671872E+02
     0.119900885E+02
     0.118878714E+02
     0.119197427E+02
     0.118878693E+02
     0.118340179E+02
     0.118072983E+02
     0.117271365E+02
     0.116208942E+02
     0.116540161E+02
     0.116208918E+02
     0.115662447E+02
     0.115391375E+02
     0.114578126E+02
     0.113500511E+02
     0.113836438E+02
     0.113500485E+02
     0.112938410E+02
     0.112659705E+02
     0.111823556E+02
     0.110715936E+02
     0.111061175E+02
     0.110715907E+02
     0.110145861E+02
     0.109863287E+02
     0.109015528E+02
     0.107892789E+02
     0.108242708E+02
     0.107892757E+02
     0.107320212E+02
     0.107036464E+02
     0.106185178E+02
     0.105057969E+02
     0.105409256E+02
     0.105057935E+02
     0.104486977E+02
     0.104204064E+02
     0.103355281E+02
     0.102231539E+02
     0.102581727E+02
     0.102231505E+02
     0.101665259E+02
     0.101384717E+02
     0.100543047E+02
     0.994288359E+01
     0.997760394E+01
     0.994288003E+01
     0.988696934E+01
     0.985927143E+01
     0.977617331E+01
     0.966617515E+01
     0.970045107E+01
     0.966617158E+01
     0.961116438E+01
     0.958391579E+01
     0.950216563E+01
     0.939395718E+01
     0.942767475E+01
     0.939395362E+01
     0.933999805E+01
     0.931327139E+01
     0.923308710E+01
     0.912695444E+01
     0.916002480E+01
     0.912695092E+01
     0.907416186E+01
     0.904801342E+01
     0.896956386E+01
     0.886572854E+01
     0.889808291E+01
     0.886572510E+01
     0.881419030E+01
     0.878866301E+01
     0.871207705E+01
     0.861070800E+01
     0.864229395E+01
     0.861070465E+01
     0.856048938E+01
     0.853561517E+01
     0.846098856E+01
     0.836221120E+01
     0.839298981E+01
     0.836220797E+01
     0.831335873E+01
     0.828916029E+01
     0.821656114E+01
     0.812046457E+01
     0.815040820E+01
     0.812046145E+01
     0.807300899E+01
     0.804950127E+01
     0.797897447E+01
     0.788561728E+01
     0.791470778E+01
     0.788561429E+01
     0.783957607E+01
     0.781676754E+01
     0.774833845E+01
     0.765775360E+01
     0.768598078E+01
     0.765775075E+01
     0.761313307E+01
     0.759102672E+01
     0.752470432E+01
     0.743690325E+01
     0.746426360E+01
     0.743690054E+01
     0.739370042E+01
     0.737229467E+01
     0.730807424E+01
     0.722305040E+01
     0.724954600E+01
     0.722304783E+01
     0.718125456E+01
     0.716054405E+01
     0.709840952E+01
     0.701614149E+01
     0.704177903E+01
     0.701613906E+01
     0.697573560E+01
     0.695571187E+01
     0.689563787E+01
     0.681609201E+01
     0.684088198E+01
     0.681608972E+01
     0.677705392E+01
     0.675770602E+01
     0.669965967E+01
     0.662279252E+01
     0.664674845E+01
     0.662279035E+01
     0.658509605E+01
     0.656641104E+01
     0.651035353E+01
     0.643611381E+01
     0.645925168E+01
     0.643611178E+01
     0.639972967E+01
     0.638169309E+01
     0.632758105E+01
     0.625591152E+01
     0.627824914E+01
     0.625590961E+01
     0.622080810E+01
     0.620340439E+01
     0.615119106E+01
     0.608203002E+01
     0.610358658E+01
     0.608202823E+01
     0.604817413E+01
     0.603138690E+01
     0.598102317E+01
     0.591430585E+01
     0.593510152E+01
     0.591430418E+01
     0.588166329E+01
     0.586547568E+01
     0.581691095E+01
     0.575257064E+01
     0.577262616E+01
     0.575256909E+01
     0.572110669E+01
     0.570550160E+01
     0.565868455E+01
     0.559665358E+01
     0.561599001E+01
     0.559665213E+01
     0.556633346E+01
     0.555129375E+01
     0.550617297E+01
     0.544638355E+01
     0.546502198E+01
     0.544638220E+01
     0.541713833E+01
     0.540263005E+01
     0.535910368E+01
     0.530142161E+01
     0.531940377E+01
     0.530142035E+01
     0.527321311E+01
     0.525921745E+01
     0.521722903E+01
     0.516157989E+01
     0.517892894E+01
     0.516157872E+01
     0.513437802E+01
     0.512088015E+01
     0.508038519E+01
     0.502671029E+01
     0.504344449E+01
     0.502670920E+01
     0.500048565E+01
     0.498747107E+01
     0.494842609E+01
     0.489666810E+01
     0.491280529E+01
     0.489666708E+01
     0.487139216E+01
     0.485884681E+01
     0.482120961E+01
     0.477131287E+01
     0.478687036E+01
     0.477131193E+01
     0.474695816E+01
     0.473486849E+01
     0.469859843E+01
     0.465050937E+01
     0.466550383E+01
     0.465050849E+01
     0.462704963E+01
     0.461540271E+01
     0.458046097E+01
     0.453412840E+01
     0.454857576E+01
     0.453412759E+01
     0.451153878E+01
     0.450032236E+01
     0.446667219E+01
     0.442204764E+01
     0.443596298E+01
     0.442204689E+01
     0.440030484E+01
     0.438950743E+01
     0.435711438E+01
     0.431415244E+01
     0.432754989E+01
     0.431415175E+01
     0.429323488E+01
     0.428284585E+01
     0.425167801E+01
     0.421033663E+01
     0.422322926E+01
     0.421033599E+01
     0.419022463E+01
     0.418023430E+01
     0.415026261E+01
     0.411050347E+01
     0.412290320E+01
     0.411050288E+01
     0.409117952E+01
     0.408157925E+01
     0.405277782E+01
     0.401456680E+01
     0.402648425E+01
     0.401456626E+01
     0.399601579E+01
     0.398679816E+01
     0.395914469E+01
     0.392245243E+01
     0.393389673E+01
     0.392245194E+01
     0.390466206E+01
     0.389582102E+01
     0.386929735E+01
     0.383409999E+01
     0.384507855E+01
     0.383409954E+01
     0.381706124E+01
     0.380859237E+01
     0.378318526E+01
     0.374946541E+01
     0.375998363E+01
     0.374946500E+01
     0.373317329E+01
     0.372507416E+01
     0.370077634E+01
     0.366852451E+01
     0.367858534E+01
     0.366852415E+01
     0.365297908E+01
     0.364524978E+01
     0.362206149E+01
     0.359127815E+01
     0.360088141E+01
     0.359127783E+01
     0.357648613E+01
     0.356913003E+01
     0.354706140E+01
     0.351776015E+01
     0.352690159E+01
     0.351775986E+01
     0.350373744E+01
     0.349676250E+01
     0.347583737E+01
     0.344804996E+01
     0.345671966E+01
     0.344804971E+01
     0.343482606E+01
     0.342824697E+01
     0.340850943E+01
     0.338229446E+01
     0.339047412E+01
     0.338229424E+01
     0.336992068E+01
     0.336376295E+01
     0.334528956E+01
     0.332074871E+01
     0.332840661E+01
     0.332074852E+01
     0.330931560E+01
     0.330362428E+01
     0.328655014E+01
     0.326386278E+01
     0.327094297E+01
     0.326386263E+01
     0.325354575E+01
     0.324840804E+01
     0.323299476E+01
     0.321250817E+01
     0.321890231E+01
     0.325512562E+01
     0.325077198E+01
     0.323771098E+01
     0.322034253E+01
     0.322576449E+01
     0.322034246E+01
     0.321155605E+01
     0.320717803E+01
     0.319404386E+01
     0.317657885E+01
     0.318203086E+01
     0.317657878E+01
     0.316706395E+01
     0.316232451E+01
     0.314810609E+01
     0.312920408E+01
     0.313510409E+01
     0.312920399E+01
     0.311892317E+01
     0.311380397E+01
     0.309844623E+01
     0.307803520E+01
     0.308440554E+01
     0.307803509E+01
     0.306719912E+01
     0.306180498E+01
     0.304562239E+01
     0.302411972E+01
     0.303083019E+01
     0.302411959E+01
     0.301286803E+01
     0.300726828E+01
     0.299046885E+01
     0.296815052E+01
     0.297511504E+01
     0.296815036E+01
     0.295658402E+01
     0.295082872E+01
     0.293356262E+01
     0.291062778E+01
     0.291778426E+01
     0.291062761E+01
     0.289882339E+01
     0.289295072E+01
     0.287533245E+01
     0.285193293E+01
     0.285923402E+01
     0.285193273E+01
     0.283995155E+01
     0.283399171E+01
     0.281611195E+01
     0.279236787E+01
     0.279977613E+01
     0.279236766E+01
     0.278025905E+01
     0.277423662E+01
     0.275616907E+01
     0.273217810E+01
     0.273966309E+01
     0.273217789E+01
     0.271998295E+01
     0.271391830E+01
     0.269572410E+01
     0.267156720E+01
     0.267910368E+01
     0.267156697E+01
     0.265932030E+01
     0.265323059E+01
     0.263496117E+01
     0.261070646E+01
     0.261827320E+01
     0.261070622E+01
     0.259843728E+01
     0.259233709E+01
     0.257403623E+01
     0.254974166E+01
     0.255732060E+01
     0.254974141E+01
     0.253747549E+01
     0.253137735E+01
     0.251308262E+01
     0.248879790E+01
     0.249637356E+01
     0.248879765E+01
     0.247655659E+01
     0.247047132E+01
     0.245221518E+01
     0.242798326E+01
     0.243554225E+01
     0.242798300E+01
     0.241578578E+01
     0.240972276E+01
     0.239153338E+01
     0.236739152E+01
     0.237492224E+01
     0.236739125E+01
     0.235525439E+01
     0.234922180E+01
     0.233112371E+01
     0.230710434E+01
     0.231459669E+01
     0.230710408E+01
     0.229504200E+01
     0.228904698E+01
     0.227106159E+01
     0.224719304E+01
     0.225463819E+01
     0.224719277E+01
     0.223521810E+01
     0.222926688E+01
     0.221141292E+01
     0.218771991E+01
     0.219511016E+01
     0.218771964E+01
     0.217584341E+01
     0.216994146E+01
     0.215223527E+01
     0.212873943E+01
     0.213606805E+01
     0.212873916E+01
     0.211697103E+01
     0.211112310E+01
     0.209357900E+01
     0.207029923E+01
     0.207756033E+01
     0.207029895E+01
     0.205864733E+01
     0.205285760E+01
     0.203548807E+01
     0.201244083E+01
     0.201962929E+01
     0.201244056E+01
     0.200091279E+01
     0.199518487E+01
     0.197800077E+01
     0.195520042E+01
     0.196231177E+01
     0.195520014E+01
     0.194380260E+01
     0.193813963E+01
     0.192115040E+01
     0.189860938E+01
     0.190563975E+01
     0.189860911E+01
     0.188734729E+01
     0.188175199E+01
     0.186496577E+01
     0.184269483E+01
     0.184964088E+01
     0.184269456E+01
     0.183157320E+01
     0.182604791E+01
     0.180947170E+01
     0.178748006E+01
     0.179433892E+01
     0.178747979E+01
     0.177650294E+01
     0.177104964E+01
     0.175468941E+01
     0.173298493E+01
     0.173975415E+01
     0.173298467E+01
     0.172215573E+01
     0.171677610E+01
     0.170063689E+01
     0.167922621E+01
     0.168590373E+01
     0.167922595E+01
     0.166854778E+01
     0.166324322E+01
     0.164732923E+01
     0.162621787E+01
     0.163280197E+01
     0.162621761E+01
     0.161569255E+01
     0.161046422E+01
     0.159477889E+01
     0.157397139E+01
     0.158046066E+01
     0.157397113E+01
     0.156360107E+01
     0.155844987E+01
     0.154299598E+01
     0.152249595E+01
     0.152888928E+01
     0.152249570E+01
     0.151228209E+01
     0.150720876E+01
     0.149198845E+01
     0.147179871E+01
     0.147809521E+01
     0.147179846E+01
     0.146174240E+01
     0.145674745E+01
     0.144176231E+01
     0.142188493E+01
     0.142808396E+01
     0.142188468E+01
     0.141214285E+01
     0.140730360E+01
     0.139278555E+01
     0.137352655E+01
     0.137953288E+01
     0.137352632E+01
     0.136415483E+01
     0.135949896E+01
     0.134553110E+01
     0.132700011E+01
     0.133277962E+01
     0.132699990E+01
     0.131799339E+01
     0.131351826E+01
     0.130009262E+01
     0.128227917E+01
     0.128783512E+01
     0.128227897E+01
     0.127363182E+01
     0.126933466E+01
     0.125644296E+01
     0.123933609E+01
     0.124467189E+01
     0.123933591E+01
     0.123104403E+01
     0.122692283E+01
     0.121455901E+01
     0.119815078E+01
     0.120326890E+01
     0.119815062E+01
     0.119021179E+01
     0.118626546E+01
     0.117442627E+01
     0.115871242E+01
     0.116361418E+01
     0.115871227E+01
     0.115112660E+01
     0.114735520E+01
     0.113604085E+01
     0.112102167E+01
     0.112570697E+01
     0.112102154E+01
     0.111379213E+01
     0.111019722E+01
     0.109941237E+01
     0.108509412E+01
     0.108956101E+01
     0.108509401E+01
     0.107822806E+01
     0.107481325E+01
     0.106456868E+01
     0.105096569E+01
     0.105520968E+01
     0.105096559E+01
     0.104447626E+01
     0.104124808E+01
     0.103156343E+01
     0.101870178E+01
     0.102271475E+01
     0.101870169E+01
     0.101261148E+01
     0.100958111E+01
     0.100048991E+01
     0.988414109E+00
     0.992182166E+00
     0.988414034E+00
     0.982761669E+00
     0.979948366E+00
     0.971508379E+00
     0.960295095E+00
     0.963794326E+00
     0.960295034E+00
     0.955152522E+00
     0.952592073E+00
     0.944910666E+00
     0.934702382E+00
     0.937888343E+00
     0.955811787E+00
     0.953578378E+00
     0.946878111E+00
     0.937969956E+00
     0.940750617E+00
     0.937969925E+00
     0.933491125E+00
     0.931260013E+00
     0.924566637E+00
     0.915667898E+00
     0.918445588E+00
     0.915667867E+00
     0.911157539E+00
     0.908910874E+00
     0.902170836E+00
     0.893210536E+00
     0.896007383E+00
     0.893210503E+00
     0.888300070E+00
     0.885855040E+00
     0.878519896E+00
     0.868771365E+00
     0.871813890E+00
     0.868771322E+00
     0.863572946E+00
     0.860985317E+00
     0.853222362E+00
     0.842907678E+00
     0.846126602E+00
     0.842907626E+00
     0.837493283E+00
     0.834798817E+00
     0.826715343E+00
     0.815976863E+00
     0.819327785E+00
     0.815976803E+00
     0.810397716E+00
     0.807621854E+00
     0.799294180E+00
     0.788233126E+00
     0.791684480E+00
     0.788233060E+00
     0.782527937E+00
     0.779689893E+00
     0.771175664E+00
     0.759868465E+00
     0.763396421E+00
     0.759868392E+00
     0.754067702E+00
     0.751182593E+00
     0.742527164E+00
     0.731033930E+00
     0.734619747E+00
     0.731033851E+00
     0.725162280E+00
     0.722242352E+00
     0.713482456E+00
     0.701851857E+00
     0.705480364E+00
     0.701851774E+00
     0.695929753E+00
     0.692985134E+00
     0.684151162E+00
     0.672423453E+00
     0.676082104E+00
     0.672423366E+00
     0.666468077E+00
     0.663507283E+00
     0.654624781E+00
     0.642833790E+00
     0.646512040E+00
     0.642833699E+00
     0.636859762E+00
     0.633890038E+00
     0.624980740E+00
     0.613155238E+00
     0.616844124E+00
     0.613155144E+00
     0.607175119E+00
     0.604202685E+00
     0.595285252E+00
     0.583449935E+00
     0.587141761E+00
     0.583449839E+00
     0.577474589E+00
     0.574504822E+00
     0.565595388E+00
     0.553771603E+00
     0.557459719E+00
     0.553771504E+00
     0.547810472E+00
     0.544848047E+00
     0.535960633E+00
     0.524166927E+00
     0.527845555E+00
     0.524166826E+00
     0.518228252E+00
     0.515277245E+00
     0.506424083E+00
     0.494676628E+00
     0.498340731E+00
     0.494676526E+00
     0.488767618E+00
     0.485831593E+00
     0.477023377E+00
     0.465336311E+00
     0.468981486E+00
     0.465336208E+00
     0.459463280E+00
     0.456545360E+00
     0.447791453E+00
     0.436177151E+00
     0.439799545E+00
     0.436177047E+00
     0.430345631E+00
     0.427448548E+00
     0.418757153E+00
     0.407226449E+00
     0.410822688E+00
     0.407226344E+00
     0.401441284E+00
     0.398567431E+00
     0.389945725E+00
     0.378508096E+00
     0.382075230E+00
     0.378507992E+00
     0.372773520E+00
     0.369924987E+00
     0.361379240E+00
     0.350042966E+00
     0.353578417E+00
     0.350042861E+00
     0.344362668E+00
     0.341541276E+00
     0.333076950E+00
     0.321849237E+00
     0.325350763E+00
     0.321849133E+00
     0.316226421E+00
     0.313433749E+00
     0.305055583E+00
     0.293942681E+00
     0.297408337E+00
     0.293942577E+00
     0.288380112E+00
     0.285617523E+00
     0.277329604E+00
     0.266336900E+00
     0.269765011E+00
     0.266336797E+00
     0.260836948E+00
     0.258105608E+00
     0.249911436E+00
     0.239043542E+00
     0.242432673E+00
     0.239043440E+00
     0.233608217E+00
     0.230909115E+00
     0.222811659E+00
     0.212072480E+00
     0.215421417E+00
     0.212072379E+00
     0.206703467E+00
     0.204037431E+00
     0.196039173E+00
     0.185431977E+00
     0.188739705E+00
     0.185431877E+00
     0.180130664E+00
     0.177498374E+00
     0.169601357E+00
     0.159128825E+00
     0.162394510E+00
     0.159128727E+00
     0.153923868E+00
     0.151339451E+00
     0.143586053E+00
     0.133304062E+00
     0.136510321E+00
     0.133303967E+00
     0.128202305E+00
     0.125669126E+00
     0.118069448E+00
     0.107991295E+00
     0.111133992E+00
     0.107991204E+00
     0.102990634E+00
     0.100507648E+00
     0.930585514E-01
     0.831800741E-01
     0.862605079E-01
     0.831799856E-01
     0.782784216E-01
     0.758445919E-01
     0.685429665E-01
     0.588600374E-01
     0.618794955E-01
     0.588599522E-01
     0.540553184E-01
     0.516696134E-01
     0.445123657E-01
     0.350208806E-01
     0.379806429E-01
     0.350207985E-01
     0.303110304E-01
     0.279724247E-01
     0.209564780E-01
     0.116523558E-01
     0.145536951E-01
     0.312710861E-01
     0.294065496E-01
     0.238128748E-01
     0.163866614E-01
     0.187034209E-01
     0.163866215E-01
     0.117434616E-01
     0.943795065E-02
     0.252129004E-02
    -0.665110348E-02
    -0.379084891E-02
     0.157454165E-01
     0.154251205E-01
     0.144642325E-01
     0.131840019E-01
     0.135839569E-01
     0.131840017E-01
     0.107171642E-01
     0.948829480E-02
     0.580166742E-02
     0.900291886E-03
     0.243023703E-02
     0.129373180E-01
     0.128140216E-01
     0.124441325E-01
     0.119510885E-01
     0.121051474E-01
     0.119510885E-01
     0.107186808E-01
     0.101036138E-01
     0.825841047E-02
     0.580167301E-02
     0.656896961E-02
     0.108564055E-01
     0.103099610E-01
     0.867062575E-02
     0.648763381E-02
     0.716947644E-02
     0.648763280E-02
     0.530355261E-02
     0.471256684E-02
     0.293960736E-02
     0.578938574E-03
     0.131624521E-02
     0.636922478E-02
     0.631003132E-02
     0.613245092E-02
     0.589570986E-02
     0.596968742E-02
     0.589570986E-02
     0.530390407E-02
     0.500826470E-02
     0.412134632E-02
     0.293960799E-02
     0.330880061E-02
     0.550569078E-02
     0.531079570E-02
     0.472611038E-02
     0.394688593E-02
     0.419034987E-02
     0.394688589E-02
     0.343383121E-02
     0.317750225E-02
     0.240851521E-02
     0.138381613E-02
     0.170395885E-02
     0.379939726E-02
     0.372566934E-02
     0.350448557E-02
     0.320962488E-02
     0.330176258E-02
     0.320962488E-02
     0.287124999E-02
     0.270214889E-02
     0.219484555E-02
     0.151870968E-02
     0.172996917E-02
     0.306203405E-02
     0.298825507E-02
     0.276691812E-02
     0.247185328E-02
     0.256405477E-02
     0.247185328E-02
     0.222876046E-02
     0.210725864E-02
     0.174275317E-02
     0.125688460E-02
     0.140870150E-02
     0.236371256E-02
     0.230965103E-02
     0.214746642E-02
     0.193124773E-02
     0.199881270E-02
     0.193124773E-02
     0.176078210E-02
     0.167557123E-02
     0.141993860E-02
     0.107916334E-02
     0.118564723E-02
     0.184777690E-02
     0.180604675E-02
     0.168085629E-02
     0.151395205E-02
     0.156610761E-02
     0.151395205E-02
     0.139298997E-02
     0.133251999E-02
     0.115111003E-02
     0.909264458E-03
     0.984836977E-03
     0.145055772E-02
     0.141886360E-02
     0.132378122E-02
     0.119701416E-02
     0.123662771E-02
     0.119701416E-02
     0.111043519E-02
     0.106715136E-02
     0.937299886E-03
     0.764182203E-03
     0.818279316E-03
     0.114870755E-02
     0.112455601E-02
     0.105210137E-02
     0.955500683E-03
     0.985687726E-03
     0.955500683E-03
     0.892737011E-03
     0.861358151E-03
     0.767221572E-03
     0.641715394E-03
     0.680934938E-03
     0.918527963E-03
     0.900042637E-03
     0.844586656E-03
     0.770648563E-03
     0.793753822E-03
     0.770648562E-03
     0.724508491E-03
     0.701440064E-03
     0.632234783E-03
     0.539966080E-03
     0.568799435E-03
     0.742145603E-03
     0.727894738E-03
     0.685142142E-03
     0.628140590E-03
     0.645953341E-03
     0.628140590E-03
     0.593720764E-03
     0.576511746E-03
     0.524884693E-03
     0.456051408E-03
     0.477561468E-03
     0.605975827E-03
     0.594893816E-03
     0.561647785E-03
     0.517320899E-03
     0.531172909E-03
     0.517320899E-03
     0.491265590E-03
     0.478238448E-03
     0.439157024E-03
     0.387050054E-03
     0.403333286E-03
     0.499920690E-03
     0.491220815E-03
     0.465121188E-03
     0.430322399E-03
     0.441196933E-03
     0.430322399E-03
     0.410316237E-03
     0.400313459E-03
     0.370305124E-03
     0.330294953E-03
     0.342798016E-03
     0.416528081E-03
     0.409631066E-03
     0.388940022E-03
     0.361352410E-03
     0.369973484E-03
     0.361352410E-03
     0.345781013E-03
     0.337995497E-03
     0.314638952E-03
     0.283497461E-03
     0.293229107E-03
     0.350309293E-03
     0.344787827E-03
     0.328223428E-03
     0.306137849E-03
     0.313039557E-03
     0.306137849E-03
     0.293862124E-03
     0.287724376E-03
     0.269311131E-03
     0.244760491E-03
     0.252432523E-03
     0.297212463E-03
     0.292749830E-03
     0.279361931E-03
     0.261511587E-03
     0.267089796E-03
     0.261511587E-03
     0.251717543E-03
     0.246820594E-03
     0.232129747E-03
     0.212542177E-03
     0.218663265E-03
     0.254231350E-03
     0.250591272E-03
     0.239671037E-03
     0.225110849E-03
     0.229660893E-03
     0.225110849E-03
     0.217209344E-03
     0.213258638E-03
     0.201406522E-03
     0.185603847E-03
     0.190542165E-03
     0.219120445E-03
     0.216125269E-03
     0.207139743E-03
     0.195159127E-03
     0.198903059E-03
     0.195159127E-03
     0.188718347E-03
     0.185497988E-03
     0.175836912E-03
     0.162955575E-03
     0.166980981E-03
     0.190189146E-03
     0.187704175E-03
     0.180249260E-03
     0.170309433E-03
     0.173415622E-03
     0.170309433E-03
     0.165008912E-03
     0.162358674E-03
     0.154407957E-03
     0.143807068E-03
     0.147119838E-03
     0.166153875E-03
     0.164076109E-03
     0.157842812E-03
     0.149531790E-03
     0.152128980E-03
     0.149531790E-03
     0.145130891E-03
     0.142930456E-03
     0.136329152E-03
     0.127527458E-03
     0.130277982E-03
     0.146031728E-03
     0.144281706E-03
     0.139031639E-03
     0.132031580E-03
     0.134219095E-03
     0.132031580E-03
     0.128347557E-03
     0.126505556E-03
     0.120979553E-03
     0.113611581E-03
     0.115914068E-03
     0.129063353E-03
     0.127579247E-03
     0.123126926E-03
     0.117190520E-03
     0.119045645E-03
     0.117190520E-03
     0.114083097E-03
     0.112529393E-03
     0.107868280E-03
     0.101653486E-03
     0.103595606E-03
     0.114657121E-03
     0.113390426E-03
     0.109590341E-03
     0.104523577E-03
     0.106106939E-03
     0.104523577E-03
     0.101883987E-03
     0.100564197E-03
     0.966048285E-04
     0.913256864E-04
     0.929754163E-04
     0.102348257E-03
     0.101260601E-03
     0.979976333E-04
     0.936470203E-04
     0.950065855E-04
     0.936470203E-04
     0.913901168E-04
     0.902616689E-04
     0.868763251E-04
     0.823625454E-04
     0.837731001E-04
     0.917686195E-04
     0.908294218E-04
     0.880118286E-04
     0.842550459E-04
     0.854290395E-04
     0.842550459E-04
     0.823135515E-04
     0.813428071E-04
     0.784305739E-04
     0.745476053E-04
     0.757610319E-04
     0.826244495E-04
     0.818091533E-04
     0.793632646E-04
     0.761020859E-04
     0.771212035E-04
     0.761020859E-04
     0.744224359E-04
     0.735826130E-04
     0.710631443E-04
     0.677038594E-04
     0.687536351E-04
     0.746795535E-04
     0.739682889E-04
     0.718344949E-04
     0.689894410E-04
     0.698785198E-04
     0.689894410E-04
     0.675285994E-04
     0.667981802E-04
     0.646069226E-04
     0.616852508E-04
     0.625982726E-04
     0.677426421E-04
     0.671192439E-04
     0.652490491E-04
     0.627554597E-04
     0.635347060E-04
     0.627554597E-04
     0.614786240E-04
     0.608402073E-04
     0.589249574E-04
     0.563712947E-04
     0.571693138E-04
     0.616578831E-04
     0.611090957E-04
     0.594627336E-04
     0.572675869E-04
     0.579535699E-04
     0.572675869E-04
     0.561463901E-04
     0.555857926E-04
     0.539040002E-04
     0.516616132E-04
     0.523623588E-04
     0.562973751E-04
     0.558122699E-04
     0.543569543E-04
     0.524165358E-04
     0.530229163E-04
     0.524165358E-04
     0.514277263E-04
     0.509333223E-04
     0.494501103E-04
     0.474724966E-04
     0.480905006E-04
     0.515555767E-04
     0.511250977E-04
     0.498336608E-04
     0.481117466E-04
     0.486498445E-04
     0.481117466E-04
     0.472361059E-04
     0.467982862E-04
     0.454848269E-04
     0.437335497E-04
     0.442808236E-04
     0.473449200E-04
     0.469615071E-04
     0.458112685E-04
     0.442776185E-04
     0.447568840E-04
     0.442776185E-04
     0.434992363E-04
     0.431100456E-04
     0.419424737E-04
     0.403857125E-04
     0.408722002E-04
     0.435922560E-04
     0.432495751E-04
     0.422215325E-04
     0.408508100E-04
     0.412791607E-04
     0.408508100E-04
     0.401563567E-04
     0.398091304E-04
     0.387674515E-04
     0.373785475E-04
     0.378125798E-04
     0.402362435E-04
     0.399289605E-04
     0.390071115E-04
     0.377779804E-04
     0.381620838E-04
     0.377779804E-04
     0.371562826E-04
     0.368454339E-04
     0.359128880E-04
     0.346694943E-04
     0.350580547E-04
     0.372251891E-04
     0.369487936E-04
     0.361196073E-04
     0.350140263E-04
     0.353595203E-04
     0.350140263E-04
     0.344556672E-04
     0.341764879E-04
     0.333389501E-04
     0.322222337E-04
     0.325712074E-04
     0.345153351E-04
     0.342659896E-04
     0.335179534E-04
     0.325205722E-04
     0.328322538E-04
     0.325205722E-04
     0.320175531E-04
     0.317660437E-04
     0.310115155E-04
     0.300054785E-04
     0.303198650E-04
     0.320694141E-04
     0.318438352E-04
     0.311670985E-04
     0.302647833E-04
     0.305467567E-04
     0.302647833E-04
     0.298103079E-04
     0.295830703E-04
     0.289013576E-04
     0.279924078E-04
     0.282764546E-04
     0.279924078E-04
     0.275832095E-04
     0.273786105E-04
     0.267648134E-04
     0.259464177E-04
     0.262021663E-04
     0.276249013E-04
     0.274411481E-04
     0.268898887E-04
     0.261548763E-04
     0.263845677E-04
     0.261548763E-04
     0.257849510E-04
     0.255999884E-04
     0.250451007E-04
     0.243052507E-04
     0.245364538E-04
     0.243052507E-04
     0.239700802E-04
     0.238024951E-04
     0.232997396E-04
     0.226293993E-04
     0.228388806E-04
     0.226293993E-04
     0.223262743E-04
     0.221747119E-04
     0.217200245E-04
     0.211137750E-04
     0.213032280E-04
     0.211137750E-04
     0.208388334E-04
     0.207013627E-04
     0.202889504E-04
     0.197390676E-04
     0.199109060E-04
     0.197390676E-04
     0.194889591E-04
     0.193639049E-04
     0.189887422E-04
     0.184885255E-04
     0.186448432E-04
     0.184885255E-04
     0.182603567E-04
     0.181462724E-04
     0.178040194E-04
     0.173476821E-04
     0.174902875E-04
     0.173476821E-04
     0.171389888E-04
     0.170346422E-04
     0.167216024E-04
     0.163042161E-04
     0.164346493E-04
     0.163042161E-04
     0.161128536E-04
     0.160171724E-04
     0.157301289E-04
     0.153474042E-04
     0.154670057E-04
     0.153474042E-04
     0.151715157E-04
     0.150835714E-04
     0.148197387E-04
     0.144679618E-04
     0.145778921E-04
     0.144679618E-04
     0.143059447E-04
     0.142249362E-04
     0.139819107E-04
     0.136578768E-04
     0.137591374E-04
     0.136578768E-04
     0.135083184E-04
     0.134335393E-04
     0.132092018E-04
     0.129100853E-04
     0.130035592E-04
     0.129100853E-04
     0.127717368E-04
     0.127025627E-04
     0.124950401E-04
     0.122183434E-04
     0.123048111E-04
     0.122183434E-04
     0.120901320E-04
     0.120260263E-04
     0.118337092E-04
     0.115772865E-04
     0.116574186E-04
     0.115772865E-04
     0.114582547E-04
     0.113987388E-04
     0.112201911E-04
     0.109821275E-04
     0.110565224E-04
     0.109821275E-04
     0.108714165E-04
     0.108160611E-04
     0.106499947E-04
     0.104285728E-04
     0.104977671E-04
     0.104285728E-04
     0.103254262E-04
     0.102738529E-04
     0.101191329E-04
     0.991283971E-05
     0.997730634E-05
     0.991283971E-05
     0.981658722E-05
     0.976846099E-05
     0.962408227E-05
     0.943157734E-05
     0.949173513E-05
     0.943157734E-05
     0.934162238E-05
     0.929664490E-05
     0.916171247E-05
     0.898180258E-05
     0.903802442E-05
     0.898180258E-05
     0.889760548E-05
     0.885550694E-05
     0.872921131E-05
     0.856081715E-05
     0.861344032E-05
     0.856081715E-05
     0.848190080E-05
     0.844244263E-05
     0.832406812E-05
     0.816623545E-05
     0.821555816E-05
     0.816623545E-05
     0.809216245E-05
     0.805512595E-05
     0.794401646E-05
     0.779587048E-05
     0.784216610E-05
     0.779587048E-05
     0.772626621E-05
     0.769146408E-05
     0.758705769E-05
     0.744784918E-05
     0.749135184E-05
     0.744784918E-05
     0.738234552E-05
     0.734959370E-05
     0.725133823E-05
     0.712033094E-05
     0.716127072E-05
     0.712033094E-05
     0.705861805E-05
     0.702776160E-05
     0.693519227E-05
     0.681176650E-05
     0.685033705E-05
     0.681176650E-05
     0.675355747E-05
     0.672445296E-05
     0.663713944E-05
     0.652072141E-05
     0.655710205E-05
     0.652072141E-05
     0.646575628E-05
     0.643827371E-05
     0.635582602E-05
     0.624589576E-05
     0.628024897E-05
     0.624589576E-05
     0.619393125E-05
     0.616794900E-05
     0.609000225E-05
     0.598607324E-05
     0.601855106E-05
     0.598607324E-05
     0.593690548E-05
     0.591232159E-05
     0.583856995E-05
     0.574023443E-05
     0.577096428E-05
     0.574023443E-05
     0.569365324E-05
     0.567036264E-05
     0.560049086E-05
     0.550732849E-05
     0.553644173E-05
     0.550732849E-05
     0.546315968E-05
     0.544107528E-05
     0.537482207E-05
     0.528648446E-05
     0.531408997E-05
     0.528648446E-05
     0.524456565E-05
     0.522360625E-05
     0.516072803E-05
     0.507689041E-05
     0.510308967E-05
     0.507689041E-05
     0.503706859E-05
     0.501715768E-05
     0.495742494E-05
     0.487778130E-05
     0.490266994E-05
     0.487778130E-05
     0.483991741E-05
     0.482098547E-05
     0.476418964E-05
     0.468846186E-05
     0.471212679E-05
     0.468846186E-05
     0.465243535E-05
     0.463442209E-05
     0.458038231E-05
     0.450832929E-05
     0.453084586E-05
     0.450832929E-05
     0.447401790E-05
     0.445686220E-05
     0.440539511E-05
     0.433677234E-05
     0.435821695E-05
     0.433677234E-05
     0.430406984E-05
     0.428771860E-05
     0.423866486E-05
     0.417325988E-05
     0.419369893E-05
     0.417325988E-05
     0.414206575E-05
     0.412646869E-05
     0.407967749E-05
     0.401728924E-05
     0.403678557E-05
     0.401728924E-05
     0.398751535E-05
     0.397262840E-05
     0.392796756E-05
     0.386841978E-05
     0.388702846E-05
     0.386841978E-05
     0.383998233E-05
     0.382576361E-05
     0.378310744E-05
     0.372623254E-05
     0.374400595E-05
     0.372623254E-05
     0.369904824E-05
     0.368545609E-05
     0.364467964E-05
     0.359031103E-05
     0.360730122E-05
     0.359031103E-05
     0.356431539E-05
     0.355131758E-05
     0.351232412E-05
     0.346033284E-05
     0.347658012E-05
     0.346033284E-05
     0.343545283E-05
     0.342301283E-05
     0.338569281E-05
     0.333593279E-05
     0.335148280E-05
     0.333593279E-05
     0.331210882E-05
     0.330019684E-05
     0.326446088E-05
     0.321681294E-05
     0.323170292E-05
     0.321681294E-05
     0.319398618E-05
     0.318257280E-05
     0.314833266E-05
     0.310267914E-05
     0.311694586E-05
     0.310267914E-05
     0.308079610E-05
     0.306985459E-05
     0.303703004E-05
     0.299326398E-05
     0.300694087E-05
     0.299326398E-05
     0.297227469E-05
     0.296178005E-05
     0.293029612E-05
     0.288831756E-05
     0.290143586E-05
     0.288831756E-05
     0.286817709E-05
     0.285810685E-05
     0.282789615E-05
     0.278761521E-05
     0.280020301E-05
     0.278761521E-05
     0.276827904E-05
     0.275861095E-05
     0.272960670E-05
     0.269093435E-05
     0.270301946E-05
     0.269093435E-05
     0.267236098E-05
     0.266307429E-05
     0.263521423E-05
     0.259806749E-05
     0.260967584E-05
     0.259806749E-05
     0.258022096E-05
     0.257129770E-05
     0.254452791E-05
     0.250883486E-05
     0.251998894E-05
     0.250883486E-05
     0.249167862E-05
     0.248310050E-05
     0.245736614E-05
     0.242305365E-05
     0.243377630E-05
     0.242305365E-05
     0.240655487E-05
     0.239830547E-05
     0.237355729E-05
     0.234055972E-05
     0.235087146E-05
     0.234055972E-05
     0.232468677E-05
     0.231675030E-05
     0.229294089E-05
     0.226119500E-05
     0.227111559E-05
     0.226119500E-05
     0.224591929E-05
     0.223828144E-05
     0.221536788E-05
     0.218481647E-05
     0.219436379E-05
     0.218481647E-05
     0.217011020E-05
     0.216275706E-05
     0.214069764E-05
     0.211128509E-05
     0.212047652E-05
     0.211128509E-05
     0.209712255E-05
     0.209004128E-05
     0.206879746E-05
     0.204047237E-05
     0.204932396E-05
     0.204047237E-05
     0.202682951E-05
     0.202000808E-05
     0.199954380E-05
     0.197225808E-05
     0.198078487E-05
     0.197225808E-05
     0.195911166E-05
     0.195253844E-05
     0.193281881E-05
     0.190652596E-05
     0.191474247E-05
     0.190652596E-05
     0.189385466E-05
     0.188751902E-05
     0.186851208E-05
     0.184316949E-05
     0.185108905E-05
     0.184316949E-05
     0.183095291E-05
     0.182484462E-05
     0.180651975E-05
     0.178208660E-05
     0.178972196E-05
     0.178208660E-05
     0.177030549E-05
     0.176441494E-05
     0.174674329E-05
     0.172318109E-05
     0.173054428E-05
     0.172318109E-05
     0.171181723E-05
     0.170613530E-05
     0.168908952E-05
     0.166636180E-05
     0.167346421E-05
     0.166636180E-05
     0.165539790E-05
     0.164991594E-05
     0.163347009E-05
     0.161154228E-05
     0.161839472E-05
     0.161154228E-05
     0.160096223E-05
     0.159567221E-05
     0.157980214E-05
     0.155864205E-05
     0.156525458E-05
     0.155864205E-05
     0.154843028E-05
     0.154332440E-05
     0.152800675E-05
     0.150758323E-05
     0.151396558E-05
     0.150758323E-05
     0.149772519E-05
     0.149279617E-05
     0.147800912E-05
     0.145829306E-05
     0.146445433E-05
     0.145829306E-05
     0.144877461E-05
     0.144401539E-05
     0.142973773E-05
     0.141070084E-05
     0.141664987E-05
     0.141070084E-05
     0.140150894E-05
     0.139691299E-05
     0.138312514E-05
     0.136474134E-05
     0.137048628E-05
     0.136474134E-05
     0.135586326E-05
     0.135142422E-05
     0.133810711E-05
     0.132035096E-05
     0.132589975E-05
     0.132035096E-05
     0.131177472E-05
     0.130748661E-05
     0.129462226E-05
     0.127746979E-05
     0.128282994E-05
     0.127746979E-05
     0.126918400E-05
     0.126504111E-05
     0.125261243E-05
     0.123604086E-05
     0.124121948E-05
     0.123604086E-05
     0.122803461E-05
     0.122403148E-05
     0.121202211E-05
     0.119600961E-05
     0.120101351E-05
     0.119600961E-05
     0.118827248E-05
     0.118440392E-05
     0.117279824E-05
     0.115732401E-05
     0.116215970E-05
     0.115732401E-05
     0.114984609E-05
     0.114610713E-05
     0.113489026E-05
     0.111993443E-05
     0.112460813E-05
     0.111993443E-05
     0.111270623E-05
     0.110909213E-05
     0.109824982E-05
     0.108379342E-05
     0.108831105E-05
     0.108379342E-05
     0.107680588E-05
     0.107331211E-05
     0.106283079E-05
     0.104885571E-05
     0.105322292E-05
     0.104885571E-05
     0.104210012E-05
     0.103872232E-05
     0.102858894E-05
     0.101507777E-05
     0.101930001E-05
     0.101507777E-05
     0.100854584E-05
     0.100527987E-05
     0.995481978E-06
     0.982418123E-06
     0.986500578E-06
     0.982418123E-06
     0.976101905E-06
     0.972943796E-06
     0.963469472E-06
     0.950837042E-06
     0.954784676E-06
     0.950837042E-06
     0.944728892E-06
     0.941674817E-06
     0.932512595E-06
     0.920296302E-06
     0.924113893E-06
     0.920296302E-06
     0.914388930E-06
     0.911435246E-06
     0.902574192E-06
     0.890759457E-06
     0.894451561E-06
     0.890759457E-06
     0.885045839E-06
     0.882189032E-06
     0.873618609E-06
     0.862191384E-06
     0.865762391E-06
     0.862191384E-06
     0.856664780E-06
     0.853901480E-06
     0.845611579E-06
     0.834558382E-06
     0.838012505E-06
     0.834558382E-06
     0.829212337E-06
     0.826539316E-06
     0.818520253E-06
     0.807828174E-06
     0.811169448E-06
     0.807828174E-06
     0.802656465E-06
     0.800070613E-06
     0.792313055E-06
     0.781969651E-06
     0.785201964E-06
     0.781969651E-06
     0.776966316E-06
     0.774464650E-06
     0.766959653E-06
     0.756952996E-06
     0.760080076E-06
     0.756952996E-06
     0.752112291E-06
     0.749691940E-06
     0.742430888E-06
     0.732749492E-06
     0.735774927E-06
     0.732749492E-06
     0.728065894E-06
     0.725724098E-06
     0.718698708E-06
     0.709331529E-06
     0.712258772E-06
     0.709331529E-06
     0.704799726E-06
     0.702533826E-06
     0.695736128E-06
     0.686672537E-06
     0.689504908E-06
     0.686672537E-06
     0.682287412E-06
     0.680094852E-06
     0.673517172E-06
     0.664746939E-06
     0.667487636E-06
     0.664746939E-06
     0.660503569E-06
     0.658381886E-06
     0.652016839E-06
     0.643530117E-06
     0.646182216E-06
     0.643530117E-06
     0.639423758E-06
     0.637370582E-06
     0.631211053E-06
     0.622998356E-06
     0.625564822E-06
     0.622998356E-06
     0.619024436E-06
     0.617037480E-06
     0.611076609E-06
     0.603128792E-06
     0.605612484E-06
     0.603128792E-06
     0.599282905E-06
     0.597359964E-06
     0.591591143E-06
     0.583899391E-06
     0.586303062E-06
     0.583899391E-06
     0.580177291E-06
     0.578316244E-06
     0.572733105E-06
     0.565288929E-06
     0.567615233E-06
     0.565288929E-06
     0.561686521E-06
     0.559885320E-06
     0.554481718E-06
     0.547276927E-06
     0.549528423E-06
     0.547276927E-06
     0.543790260E-06
     0.542046931E-06
     0.536816942E-06
     0.529843636E-06
     0.532022792E-06
     0.529843636E-06
     0.526468900E-06
     0.524781536E-06
     0.519719444E-06
     0.512970000E-06
     0.515079200E-06
     0.512970000E-06
     0.509703518E-06
     0.508070281E-06
     0.503170569E-06
     0.496637634E-06
     0.498679175E-06
     0.496637634E-06
     0.493475855E-06
     0.491894970E-06
     0.487152314E-06
     0.480828789E-06
     0.482804889E-06
     0.480828789E-06
     0.477768287E-06
     0.476238042E-06
     0.471647304E-06
     0.465526337E-06
     0.467439137E-06
     0.465526337E-06
     0.462563805E-06
     0.461082544E-06
     0.456638762E-06
     0.450713736E-06
     0.452565304E-06
     0.450713736E-06
     0.447845979E-06
     0.446412106E-06
     0.442110487E-06
     0.436375013E-06
     0.438167347E-06
     0.436375013E-06
     0.433598946E-06
     0.432210918E-06
     0.428046834E-06
     0.422494741E-06
     0.424229768E-06
     0.422494741E-06
     0.419807383E-06
     0.418463709E-06
     0.414432690E-06
     0.409058017E-06
     0.410737600E-06
     0.409058017E-06
     0.406456487E-06
     0.405155729E-06
     0.401253454E-06
     0.396050442E-06
     0.397676380E-06
     0.396050442E-06
     0.393531958E-06
     0.392272723E-06
     0.388495018E-06
     0.383458102E-06
     0.385032135E-06
     0.383458102E-06
     0.381019975E-06
     0.379800919E-06
     0.376143751E-06
     0.371267551E-06
     0.372791361E-06
     0.371267551E-06
     0.368907182E-06
     0.367727005E-06
     0.364186475E-06
     0.359465794E-06
     0.360941004E-06
     0.359465794E-06
     0.357180670E-06
     0.356038116E-06
     0.352610455E-06
     0.348040268E-06
     0.349468448E-06
     0.348040268E-06
     0.345827960E-06
     0.344721814E-06
     0.341403379E-06
     0.336978828E-06
     0.338361496E-06
     0.336978828E-06
     0.334836986E-06
     0.333766075E-06
     0.330553342E-06
     0.326269730E-06
     0.327608355E-06
     0.326269730E-06
     0.324196085E-06
     0.323159273E-06
     0.320048836E-06
     0.315901621E-06
     0.317197622E-06
     0.315901621E-06
     0.313893976E-06
     0.312890164E-06
     0.309878729E-06
     0.305863519E-06
     0.307118268E-06
     0.305863519E-06
     0.303919750E-06
     0.302947877E-06
     0.300032258E-06
     0.296144805E-06
     0.297359629E-06
     0.296144805E-06
     0.294262857E-06
     0.293321895E-06
     0.290499011E-06
     0.286735206E-06
     0.287911390E-06
     0.286735206E-06
     0.284913091E-06
     0.284002048E-06
     0.281268916E-06
     0.277624785E-06
     0.278763571E-06
     0.277624785E-06
     0.275860582E-06
     0.274978495E-06
     0.272332233E-06
     0.268803931E-06
     0.269906519E-06
     0.268803931E-06
     0.267095779E-06
     0.266241718E-06
     0.263679535E-06
     0.260263342E-06
     0.261330896E-06
     0.260263342E-06
     0.258609441E-06
     0.257782507E-06
     0.255301705E-06
     0.251994021E-06
     0.253027666E-06
     0.251994021E-06
     0.250392630E-06
     0.249591952E-06
     0.247189917E-06
     0.243987261E-06
     0.244988084E-06
     0.243987261E-06
     0.242436694E-06
     0.241661429E-06
     0.239335634E-06
     0.236234635E-06
     0.237203690E-06
     0.236234635E-06
     0.234733261E-06
     0.233982594E-06
     0.231730593E-06
     0.228727989E-06
     0.229666295E-06
     0.228727989E-06
     0.227274230E-06
     0.226547371E-06
     0.224366796E-06
     0.221459431E-06
     0.222367974E-06
     0.221459431E-06
     0.220051759E-06
     0.219347944E-06
     0.217236503E-06
     0.214421321E-06
     0.215301056E-06
     0.214421321E-06
     0.213058256E-06
     0.212376747E-06
     0.210332222E-06
     0.207606265E-06
     0.208458117E-06
     0.207606265E-06
     0.206286376E-06
     0.205626456E-06
     0.203646698E-06
     0.201007105E-06
     0.201831967E-06
     0.201007105E-06
     0.199729004E-06
     0.199089981E-06
     0.197172912E-06
     0.194616909E-06
     0.195415648E-06
     0.194616909E-06
     0.193379255E-06
     0.192760457E-06
     0.190904063E-06
     0.188428967E-06
     0.189202422E-06
     0.188428967E-06
     0.187230460E-06
     0.186631237E-06
     0.184833570E-06
     0.182436781E-06
     0.183185765E-06
     0.182436782E-06
     0.181276163E-06
     0.180695886E-06
     0.178955058E-06
     0.176634061E-06
     0.177359359E-06
     0.176634061E-06
     0.175510112E-06
     0.174948171E-06
     0.173262353E-06
     0.171014711E-06
     0.171717084E-06
     0.171014711E-06
     0.169926250E-06
     0.169382056E-06
     0.167749478E-06
     0.165572829E-06
     0.166253016E-06
     0.165572829E-06
     0.164518713E-06
     0.163991694E-06
     0.162410639E-06
     0.160302698E-06
     0.160961413E-06
     0.160302698E-06
     0.159281818E-06
     0.158771420E-06
     0.157240229E-06
     0.155198780E-06
     0.155836715E-06
     0.155198780E-06
     0.154210063E-06
     0.153715749E-06
     0.152232810E-06
     0.150255708E-06
     0.150873533E-06
     0.150255708E-06
     0.149298113E-06
     0.148819363E-06
     0.147383117E-06
     0.145468281E-06
     0.146066647E-06
     0.145468281E-06
     0.144540800E-06
     0.144077111E-06
     0.142686045E-06
     0.140831461E-06
     0.141410997E-06
     0.140831461E-06
     0.139933116E-06
     0.139483998E-06
     0.138136647E-06
     0.136340362E-06
     0.136901678E-06
     0.136340362E-06
     0.135470206E-06
     0.135035186E-06
     0.133730129E-06
     0.131990248E-06
     0.132533937E-06
     0.131990248E-06
     0.131147362E-06
     0.130725981E-06
     0.129461841E-06
     0.127776528E-06
     0.128303163E-06
     0.127776529E-06
     0.126960020E-06
     0.126551833E-06
     0.125327273E-06
     0.123694749E-06
     0.124204885E-06
     0.123694749E-06
     0.122903754E-06
     0.122508328E-06
     0.121322053E-06
     0.119740589E-06
     0.120234767E-06
     0.119740589E-06
     0.118974269E-06
     0.118591185E-06
     0.117441936E-06
     0.115909857E-06
     0.116388600E-06
     0.115909857E-06
     0.115167397E-06
     0.114796248E-06
     0.113682805E-06
     0.112198484E-06
     0.112662301E-06
     0.112198484E-06
     0.111479093E-06
     0.111119484E-06
     0.110040661E-06
     0.108602520E-06
     0.109051903E-06
     0.108602520E-06
     0.107905429E-06
     0.107556976E-06
     0.106511622E-06
     0.105118126E-06
     0.105553555E-06
     0.105118126E-06
     0.104442589E-06
     0.104104919E-06
     0.103091916E-06
     0.101741574E-06
     0.102163515E-06
     0.101741574E-06
     0.101086865E-06
     0.100759616E-06
     0.997778742E-07
     0.984692389E-07
     0.988781432E-07
     0.984692390E-07
     0.978346500E-07
     0.975174689E-07
     0.965659314E-07
     0.952975927E-07
     0.956939011E-07
     0.952975928E-07
     0.946824366E-07
     0.943749799E-07
     0.934526161E-07
     0.922232021E-07
     0.926073433E-07
     0.922232022E-07
     0.916268085E-07
     0.913287416E-07
     0.904345476E-07
     0.892427220E-07
     0.896151132E-07
     0.892427221E-07
     0.886644369E-07
     0.883754335E-07
     0.875084304E-07
     0.863528902E-07
     0.867139383E-07
     0.863528903E-07
     0.857920750E-07
     0.855118165E-07
     0.846710486E-07
     0.835505221E-07
     0.839006243E-07
     0.835505222E-07
     0.830065523E-07
     0.827347273E-07
     0.819192605E-07
     0.808325047E-07
     0.811720490E-07
     0.808325047E-07
     0.803047687E-07
     0.800410724E-07
     0.792499920E-07
     0.781957902E-07
     0.785251565E-07
     0.781957902E-07
     0.776836880E-07
     0.774278212E-07
     0.766602300E-07
     0.756373894E-07
     0.759569500E-07
     0.756373893E-07
     0.751403308E-07
     0.748919996E-07
     0.741470157E-07
     0.731543638E-07
     0.734644847E-07
     0.731543637E-07
     0.726717669E-07
     0.724306814E-07
     0.717074354E-07
     0.707438172E-07
     0.710448588E-07
     0.707438170E-07
     0.702751060E-07
     0.700409796E-07
     0.693386119E-07
     0.684028855E-07
     0.686952041E-07
     0.684028853E-07
     0.679474879E-07
     0.677200362E-07
     0.670376930E-07
     0.661287254E-07
     0.664126745E-07
     0.661287251E-07
     0.656860701E-07
     0.654650090E-07
     0.648018387E-07
     0.639185000E-07
     0.641944319E-07
     0.639184996E-07
     0.634880130E-07
     0.632730575E-07
     0.626282051E-07
     0.617693618E-07
     0.620376298E-07
     0.617693613E-07
     0.613504619E-07
     0.611413237E-07
     0.605139243E-07
     0.596784309E-07
     0.599393921E-07
     0.596784302E-07
     0.592705240E-07
     0.590669088E-07
     0.584560793E-07
     0.576427672E-07
     0.578967857E-07
     0.576427663E-07
     0.572452387E-07
     0.570468423E-07
     0.564516703E-07
     0.556593332E-07
     0.559067846E-07
     0.556593320E-07
     0.552715378E-07
     0.550780411E-07
     0.544975698E-07
     0.537249441E-07
     0.539662218E-07
     0.537249426E-07
     0.533461911E-07
     0.531572532E-07
     0.525904599E-07
     0.518361972E-07
     0.520717206E-07
     0.518361953E-07
     0.514657294E-07
     0.512809773E-07
     0.507267431E-07
     0.499893697E-07
     0.502195971E-07
     0.499893673E-07
     0.496263319E-07
     0.494453448E-07
     0.489024078E-07
     0.481802644E-07
     0.484057113E-07
     0.481802613E-07
     0.478236528E-07
     0.476459379E-07
     0.471128198E-07
     0.464039657E-07
     0.466252347E-07
     0.464039616E-07
     0.460525438E-07
     0.458774950E-07
     0.453523778E-07
     0.446544297E-07
     0.448722605E-07
     0.446544243E-07
     0.443065764E-07
     0.441334001E-07
     0.436139039E-07
     0.429237461E-07
     0.431391050E-07
     0.429237391E-07
     0.425771529E-07
     0.424047207E-07
     0.418874613E-07
     0.412006690E-07
     0.414149274E-07
     0.412006594E-07
     0.408516491E-07
     0.406781610E-07
     0.401577396E-07
     0.394672619E-07
     0.396826045E-07
     0.394672483E-07
     0.391087939E-07
     0.389308243E-07
     0.383969680E-07
     0.376894010E-07
     0.379099788E-07
     0.376893803E-07
     0.373028379E-07
     0.371112987E-07
     0.365367551E-07
     0.357765843E-07
     0.360133896E-07
     0.357765473E-07
     0.351497093E-07
     0.348418423E-07
     0.339185859E-07
     0.327075190E-07
     0.330833892E-07
     0.354772820E-07
     0.353288967E-07
     0.348837782E-07
     0.342944481E-07
     0.344780878E-07
     0.342944227E-07
     0.339252986E-07
     0.337429478E-07
     0.331959681E-07
     0.324741625E-07
     0.326987711E-07
     0.339933034E-07
     0.338442107E-07
     0.333969725E-07
     0.328055542E-07
     0.329897521E-07
     0.328055188E-07
     0.325008881E-07
     0.323503258E-07
     0.318986795E-07
     0.313023455E-07
     0.314879563E-07
     0.313022949E-07
     0.310350500E-07
     0.309030092E-07
     0.305069113E-07
     0.299840232E-07
     0.301467620E-07
     0.299839759E-07
     0.297417673E-07
     0.296221625E-07
     0.292633620E-07
     0.287899010E-07
     0.289372329E-07
     0.287898539E-07
     0.285657719E-07
     0.284551968E-07
     0.281234772E-07
     0.276859908E-07
     0.278220979E-07
     0.276859418E-07
     0.274760810E-07
     0.273726080E-07
     0.270621871E-07
     0.266530526E-07
     0.267803059E-07
     0.266530008E-07
     0.264548059E-07
     0.263571733E-07
     0.260642658E-07
     0.256784899E-07
     0.257984428E-07
     0.256784343E-07
     0.254900695E-07
     0.253973706E-07
     0.251192564E-07
     0.247532502E-07
     0.248670195E-07
     0.247531902E-07
     0.245732532E-07
     0.244847960E-07
     0.242193987E-07
     0.238704239E-07
     0.239788613E-07
     0.238703586E-07
     0.236977308E-07
     0.236129640E-07
     0.233586289E-07
     0.230245052E-07
     0.231282887E-07
     0.230244337E-07
     0.228581924E-07
     0.227766619E-07
     0.225320263E-07
     0.222109604E-07
     0.223106475E-07
     0.222108819E-07
     0.220502445E-07
     0.219715665E-07
     0.217354776E-07
     0.214259555E-07
     0.215220161E-07
     0.214258690E-07
     0.212701559E-07
     0.211939981E-07
     0.209654578E-07
     0.206661727E-07
     0.207590122E-07
     0.206660769E-07
     0.205146849E-07
     0.204407537E-07
     0.202188797E-07
     0.199286803E-07
     0.200186553E-07
     0.199285740E-07
     0.197809557E-07
     0.197089865E-07
     0.194929829E-07
     0.192108357E-07
     0.192982655E-07
     0.192107170E-07
     0.190663651E-07
     0.189961142E-07
     0.187852478E-07
     0.185102062E-07
     0.185953826E-07
     0.185100733E-07
     0.183685056E-07
     0.182997437E-07
     0.180933238E-07
     0.178245029E-07
     0.179076977E-07
     0.178243532E-07
     0.176850991E-07
     0.176176049E-07
     0.174149637E-07
     0.171515157E-07
     0.172329883E-07
     0.171513463E-07
     0.170139314E-07
     0.169474845E-07
     0.167479568E-07
     0.164890465E-07
     0.165690510E-07
     0.164888535E-07
     0.163527808E-07
     0.162871541E-07
     0.160900523E-07
     0.158348279E-07
     0.159136219E-07
     0.158346062E-07
     0.156993309E-07
     0.156342792E-07
     0.154388603E-07
     0.151864146E-07
     0.152642706E-07
     0.151861574E-07
     0.150516854E-07
     0.149872221E-07
     0.147935193E-07
     0.145439259E-07
     0.146208168E-07
     0.145436281E-07
     0.144118880E-07
     0.143489033E-07
     0.141595957E-07
     0.139161915E-07
     0.139911049E-07
     0.139158621E-07
     0.137857158E-07
     0.137236900E-07
     0.135372061E-07
     0.132980491E-07
     0.133715716E-07
     0.132976767E-07
     0.131677438E-07
     0.131060607E-07
     0.129205305E-07
     0.126833554E-07
     0.127561646E-07
     0.126829215E-07
     0.125509814E-07
     0.124886697E-07
     0.123011380E-07
     0.120624335E-07
     0.121355694E-07
     0.120619014E-07
     0.119233040E-07
     0.118583712E-07
     0.116627537E-07
     0.114154337E-07
     0.114909728E-07
     0.114147081E-07
     0.112523704E-07
     0.111776982E-07
     0.109521170E-07
     0.106714241E-07
     0.107564996E-07
     0.106700312E-07
     0.105006926E-07
     0.104237978E-07
     0.101909431E-07
     0.990447772E-08
     0.999080826E-08
     0.105325010E-07
     0.104688735E-07
     0.102768212E-07
     0.100365702E-07
     0.101095830E-07
     0.100355501E-07
     0.992540477E-08
     0.987391854E-08
     0.971874095E-08
     0.952284875E-08
     0.958264202E-08
     0.952223501E-08
     0.942955659E-08
     0.938593991E-08
     0.925459388E-08
     0.908781278E-08
     0.913886020E-08
     0.908739554E-08
     0.900401819E-08
     0.896466908E-08
     0.884621241E-08
     0.869543646E-08
     0.874163649E-08
     0.869509513E-08
     0.861811944E-08
     0.858173851E-08
     0.847223458E-08
     0.833267826E-08
     0.837546533E-08
     0.833237903E-08
     0.826050330E-08
     0.822650032E-08
     0.812416400E-08
     0.799363429E-08
     0.803366917E-08
     0.799336441E-08
     0.792579842E-08
     0.789381217E-08
     0.779755217E-08
     0.767469881E-08
     0.771238974E-08
     0.767445152E-08
     0.761063994E-08
     0.758041514E-08
     0.748946079E-08
     0.737332542E-08
     0.740896286E-08
     0.737309643E-08
     0.731262061E-08
     0.728396396E-08
     0.719773205E-08
     0.708758660E-08
     0.712139162E-08
     0.708737296E-08
     0.702990335E-08
     0.700266216E-08
     0.692069214E-08
     0.681595991E-08
     0.684810787E-08
     0.681575945E-08
     0.676102849E-08
     0.673507842E-08
     0.665699539E-08
     0.655720569E-08
     0.658783991E-08
     0.655701677E-08
     0.650480203E-08
     0.648003944E-08
     0.640553105E-08
     0.631029084E-08
     0.633953109E-08
     0.631011215E-08
     0.626022518E-08
     0.623656209E-08
     0.616536317E-08
     0.607433817E-08
     0.610228643E-08
     0.607416870E-08
     0.602644733E-08
     0.600380786E-08
     0.593568988E-08
     0.584859149E-08
     0.587533586E-08
     0.584843037E-08
     0.580273322E-08
     0.578105115E-08
     0.571581455E-08
     0.563239042E-08
     0.565800800E-08
     0.563223696E-08
     0.558843940E-08
     0.556765623E-08
     0.550512488E-08
     0.542515200E-08
     0.544971095E-08
     0.542500558E-08
     0.538299667E-08
     0.536306030E-08
     0.530307724E-08
     0.522635663E-08
     0.524991780E-08
     0.522621673E-08
     0.518589691E-08
     0.516676048E-08
     0.510918468E-08
     0.503553739E-08
     0.505815553E-08
     0.503540358E-08
     0.499668278E-08
     0.497830391E-08
     0.492300771E-08
     0.485227163E-08
     0.487399638E-08
     0.485214351E-08
     0.481493978E-08
     0.479727984E-08
     0.474414697E-08
     0.467617430E-08
     0.469705089E-08
     0.467605151E-08
     0.464028980E-08
     0.462331340E-08
     0.457223731E-08
     0.450689254E-08
     0.452696250E-08
     0.450677478E-08
     0.447238603E-08
     0.445606057E-08
     0.440694314E-08
     0.434410140E-08
     0.436340298E-08
     0.434398838E-08
     0.431090872E-08
     0.429520405E-08
     0.424795450E-08
     0.418750018E-08
     0.420606881E-08
     0.418739165E-08
     0.415556179E-08
     0.414044988E-08
     0.409498388E-08
     0.403680952E-08
     0.405467815E-08
     0.403670526E-08
     0.400606993E-08
     0.399152464E-08
     0.394776354E-08
     0.389176891E-08
     0.390896826E-08
     0.389166869E-08
     0.386217619E-08
     0.384817309E-08
     0.380604331E-08
     0.375213456E-08
     0.376869342E-08
     0.375203821E-08
     0.372364005E-08
     0.371015618E-08
     0.366958866E-08
     0.361767772E-08
     0.363362310E-08
     0.361758504E-08
     0.359023560E-08
     0.357724937E-08
     0.353817914E-08
     0.348818308E-08
     0.350354042E-08
     0.348809390E-08
     0.346175017E-08
     0.344924122E-08
     0.341160697E-08
     0.336344754E-08
     0.337824086E-08
     0.336336172E-08
     0.333798304E-08
     0.332593210E-08
     0.328967587E-08
     0.324327909E-08
     0.325753108E-08
     0.324319647E-08
     0.321874433E-08
     0.320713316E-08
     0.317220006E-08
     0.312749580E-08
     0.314122798E-08
     0.312741625E-08
     0.310385411E-08
     0.309266539E-08
     0.305900332E-08
     0.301592503E-08
     0.302915784E-08
     0.301584843E-08
     0.299314156E-08
     0.298235884E-08
     0.294991827E-08
     0.290840267E-08
     0.292115552E-08
     0.290832889E-08
     0.288644425E-08
     0.287605186E-08
     0.284478564E-08
     0.280477249E-08
     0.281706387E-08
     0.280470141E-08
     0.278360750E-08
     0.277359050E-08
     0.274345370E-08
     0.270488555E-08
     0.271673310E-08
     0.270481706E-08
     0.268448383E-08
     0.267482796E-08
     0.264577768E-08
     0.260859971E-08
     0.262002027E-08
     0.260853372E-08
     0.258893246E-08
     0.257962411E-08
     0.255161937E-08
     0.251577920E-08
     0.252678884E-08
     0.251571560E-08
     0.249681885E-08
     0.248784499E-08
     0.246084661E-08
     0.242629413E-08
     0.243690825E-08
     0.242623285E-08
     0.240801432E-08
     0.239936249E-08
     0.237333297E-08
     0.234002023E-08
     0.235025354E-08
     0.233996116E-08
     0.232239571E-08
     0.231405397E-08
     0.228895738E-08
     0.225683843E-08
     0.226670504E-08
     0.225678149E-08
     0.223984499E-08
     0.223180189E-08
     0.220760379E-08
     0.217663460E-08
     0.218614804E-08
     0.217657971E-08
     0.216024902E-08
     0.215249359E-08
     0.212916095E-08
     0.209929927E-08
     0.210847251E-08
     0.209924635E-08
     0.208349929E-08
     0.207602098E-08
     0.205352211E-08
     0.202472738E-08
     0.203357289E-08
     0.202467637E-08
     0.200949161E-08
     0.200228032E-08
     0.198058478E-08
     0.195281807E-08
     0.196134779E-08
     0.195276889E-08
     0.193812596E-08
     0.193117197E-08
     0.191025051E-08
     0.188347443E-08
     0.189169984E-08
     0.188342700E-08
     0.186930624E-08
     0.186260019E-08
     0.184242473E-08
     0.181660332E-08
     0.182453548E-08
     0.181655759E-08
     0.180294007E-08
     0.179647300E-08
     0.177701651E-08
     0.175211521E-08
     0.175976472E-08
     0.175207112E-08
     0.173893865E-08
     0.173270192E-08
     0.171393842E-08
     0.168992399E-08
     0.169730107E-08
     0.168988147E-08
     0.167721656E-08
     0.167120186E-08
     0.165310637E-08
     0.162994683E-08
     0.163706130E-08
     0.162990583E-08
     0.161769164E-08
     0.161189098E-08
     0.159443943E-08
     0.157210402E-08
     0.157896533E-08
     0.157206448E-08
     0.156028480E-08
     0.155469049E-08
     0.153785974E-08
     0.151631883E-08
     0.152293608E-08
     0.151628070E-08
     0.150491994E-08
     0.149952456E-08
     0.148329234E-08
     0.146251741E-08
     0.146889936E-08
     0.146248064E-08
     0.145152377E-08
     0.144632020E-08
     0.143066504E-08
     0.141062864E-08
     0.141678372E-08
     0.141059318E-08
     0.140002574E-08
     0.139500711E-08
     0.137990834E-08
     0.136058403E-08
     0.136652036E-08
     0.136054983E-08
     0.135035788E-08
     0.134551758E-08
     0.133095530E-08
     0.131231760E-08
     0.131804301E-08
     0.131228462E-08
     0.130245474E-08
     0.129778639E-08
     0.128374143E-08
     0.126576581E-08
     0.127128783E-08
     0.126573400E-08
     0.125625326E-08
     0.125175071E-08
     0.123820459E-08
     0.122086741E-08
     0.122619331E-08
     0.122083673E-08
     0.121169267E-08
     0.120735002E-08
     0.119428494E-08
     0.117756341E-08
     0.118270019E-08
     0.117753382E-08
     0.116871444E-08
     0.116452597E-08
     0.115192478E-08
     0.113579694E-08
     0.114075135E-08
     0.113576841E-08
     0.112726213E-08
     0.112322235E-08
     0.111106851E-08
     0.109551322E-08
     0.110029174E-08
     0.109548570E-08
     0.108728136E-08
     0.108338498E-08
     0.107166256E-08
     0.105665941E-08
     0.106126832E-08
     0.105663287E-08
     0.104871972E-08
     0.104496164E-08
     0.103365527E-08
     0.101918461E-08
     0.102362994E-08
     0.101915901E-08
     0.101152670E-08
     0.100790198E-08
     0.996996859E-09
     0.983039740E-09
     0.987327311E-09
     0.983015047E-09
     0.975653573E-09
     0.972157481E-09
     0.961639332E-09
     0.948177482E-09
     0.952312909E-09
     0.948153666E-09
     0.941053398E-09
     0.937681356E-09
     0.927536418E-09
     0.914552224E-09
     0.918540917E-09
     0.914529252E-09
     0.907680904E-09
     0.904428502E-09
     0.894643505E-09
     0.882119985E-09
     0.885967162E-09
     0.882097829E-09
     0.875492446E-09
     0.872355430E-09
     0.862917582E-09
     0.850838363E-09
     0.854549053E-09
     0.850816993E-09
     0.844445941E-09
     0.841420213E-09
     0.832317177E-09
     0.820666471E-09
     0.824245523E-09
     0.820645859E-09
     0.814500813E-09
     0.811582418E-09
     0.802802300E-09
     0.791564884E-09
     0.795016976E-09
     0.791545004E-09
     0.785617935E-09
     0.782803061E-09
     0.774334391E-09
     0.763495586E-09
     0.766825226E-09
     0.763476411E-09
     0.757759579E-09
     0.755044550E-09
     0.746876267E-09
     0.736421917E-09
     0.739633454E-09
     0.736403423E-09
     0.730889362E-09
     0.728270633E-09
     0.720392071E-09
     0.710308526E-09
     0.713406154E-09
     0.710290687E-09
     0.704972200E-09
     0.702446351E-09
     0.694847225E-09
     0.685121320E-09
     0.688109082E-09
     0.685104114E-09
     0.679974257E-09
     0.677537992E-09
     0.670208382E-09
     0.660827422E-09
     0.663709219E-09
     0.660810827E-09
     0.655862905E-09
     0.653513044E-09
     0.646443385E-09
     0.637395127E-09
     0.640174719E-09
     0.637379121E-09
     0.632606677E-09
     0.630340153E-09
     0.623521219E-09
     0.614793856E-09
     0.617474870E-09
     0.614778417E-09
     0.610175225E-09
     0.607989081E-09
     0.601411975E-09
     0.592994119E-09
     0.595580054E-09
     0.592979228E-09
     0.588539281E-09
     0.586430666E-09
     0.580086806E-09
     0.571967476E-09
     0.574461705E-09
     0.571953113E-09
     0.567670619E-09
     0.565636782E-09
     0.559517893E-09
     0.551686497E-09
     0.554092274E-09
     0.551672643E-09
     0.547542017E-09
     0.545580304E-09
     0.539678405E-09
     0.532124727E-09
     0.534445190E-09
     0.532111365E-09
     0.528127217E-09
     0.526235070E-09
     0.520542463E-09
     0.513256651E-09
     0.515494826E-09
     0.513243763E-09
     0.509400899E-09
     0.507575850E-09
     0.502085110E-09
     0.495057662E-09
     0.497216469E-09
     0.495045231E-09
     0.491338638E-09
     0.489578307E-09
     0.484282274E-09
     0.477504025E-09
     0.479586279E-09
     0.477492035E-09
     0.473916881E-09
     0.472218971E-09
     0.467110738E-09
     0.460572850E-09
     0.462581266E-09
     0.460561285E-09
     0.457112907E-09
     0.455475206E-09
     0.450548112E-09
     0.444242058E-09
     0.446179256E-09
     0.444230903E-09
     0.440904805E-09
     0.439325176E-09
     0.434572797E-09
     0.428490356E-09
     0.430358860E-09
     0.428479596E-09
     0.425271440E-09
     0.423747825E-09
     0.419163964E-09
     0.413297204E-09
     0.415099452E-09
     0.413286826E-09
     0.410192429E-09
     0.408722841E-09
     0.404301521E-09
     0.398642793E-09
     0.400381134E-09
     0.398632783E-09
     0.395648112E-09
     0.394230634E-09
     0.389966091E-09
     0.384508017E-09
     0.386184718E-09
     0.384498362E-09
     0.381619525E-09
     0.380252309E-09
     0.376138983E-09
     0.370874448E-09
     0.372491695E-09
     0.370865135E-09
     0.368088378E-09
     0.366769643E-09
     0.362802171E-09
     0.357724311E-09
     0.359284212E-09
     0.357715328E-09
     0.355037032E-09
     0.353765058E-09
     0.349938268E-09
     0.345040462E-09
     0.346545051E-09
     0.345031798E-09
     0.342448471E-09
     0.341221600E-09
     0.337530503E-09
     0.332806367E-09
     0.334257605E-09
     0.332798010E-09
     0.330306285E-09
     0.329122916E-09
     0.325562700E-09
     0.321006076E-09
     0.322405855E-09
     0.320998015E-09
     0.318594643E-09
     0.317453235E-09
     0.314019259E-09
     0.309624206E-09
     0.310974351E-09
     0.309616431E-09
     0.307298279E-09
     0.306197343E-09
     0.302885131E-09
     0.298645919E-09
     0.299948190E-09
     0.298638421E-09
     0.296402466E-09
     0.295340568E-09
     0.292145802E-09
     0.288056906E-09
     0.289313001E-09
     0.288049673E-09
     0.285893002E-09
     0.284868757E-09
     0.281787272E-09
     0.277843362E-09
     0.279054917E-09
     0.277836385E-09
     0.275756186E-09
     0.274768260E-09
     0.271796039E-09
     0.267991973E-09
     0.269160569E-09
     0.267985244E-09
     0.265978806E-09
     0.265025909E-09
     0.262159078E-09
     0.258489898E-09
     0.259617058E-09
     0.258483408E-09
     0.256548114E-09
     0.255629006E-09
     0.252863828E-09
     0.249324751E-09
     0.250411943E-09
     0.249318491E-09
     0.247451820E-09
     0.246565301E-09
     0.243898172E-09
     0.240484585E-09
     0.241533227E-09
     0.240478546E-09
     0.238678064E-09
     0.237822980E-09
     0.235250423E-09
     0.231957876E-09
     0.232969335E-09
     0.231952052E-09
     0.230215412E-09
     0.229390648E-09
     0.226909309E-09
     0.223733510E-09
     0.224709105E-09
     0.223727892E-09
     0.222052831E-09
     0.221257312E-09
     0.218863958E-09
     0.215800767E-09
     0.216741769E-09
     0.215795349E-09
     0.214179682E-09
     0.213412371E-09
     0.211103881E-09
     0.208149306E-09
     0.209056942E-09
     0.208144080E-09
     0.206585703E-09
     0.205845599E-09
     0.203618965E-09
     0.200769155E-09
     0.201644607E-09
     0.200764114E-09
     0.199260994E-09
     0.198547134E-09
     0.196399453E-09
     0.193650692E-09
     0.194495102E-09
     0.193645830E-09
     0.192196009E-09
     0.191507461E-09
     0.189435934E-09
     0.186784640E-09
     0.187599109E-09
     0.186779951E-09
     0.185381539E-09
     0.184717405E-09
     0.182719332E-09
     0.180162050E-09
     0.180947638E-09
     0.180157526E-09
     0.178808700E-09
     0.178168116E-09
     0.176240892E-09
     0.173774287E-09
     0.174532020E-09
     0.173769924E-09
     0.172468926E-09
     0.171851056E-09
     0.169992169E-09
     0.167613028E-09
     0.168343892E-09
     0.167608819E-09
     0.166353953E-09
     0.165757993E-09
     0.163965019E-09
     0.161670239E-09
     0.162375188E-09
     0.161666181E-09
     0.160455811E-09
     0.159880982E-09
     0.158151586E-09
     0.155938177E-09
     0.156618129E-09
     0.155934262E-09
     0.154766811E-09
     0.154212365E-09
     0.152544292E-09
     0.150409368E-09
     0.151065210E-09
     0.150405592E-09
     0.149279538E-09
     0.148744753E-09
     0.147135829E-09
     0.145076608E-09
     0.145709193E-09
     0.145072965E-09
     0.143986841E-09
     0.143471019E-09
     0.141919146E-09
     0.139932943E-09
     0.140543098E-09
     0.139929430E-09
     0.138881819E-09
     0.138384288E-09
     0.136887444E-09
     0.134971671E-09
     0.135560190E-09
     0.134968283E-09
     0.133957820E-09
     0.133477931E-09
     0.132034165E-09
     0.130186325E-09
     0.130753975E-09
     0.130183057E-09
     0.129208425E-09
     0.128745553E-09
     0.127352982E-09
     0.125570667E-09
     0.126118188E-09
     0.125567514E-09
     0.124627443E-09
     0.124180985E-09
     0.122837795E-09
     0.121118680E-09
     0.121646787E-09
     0.121115640E-09
     0.120208904E-09
     0.119778277E-09
     0.118482717E-09
     0.116824563E-09
     0.117333943E-09
     0.116821630E-09
     0.115947048E-09
     0.115531691E-09
     0.114282073E-09
     0.112682718E-09
     0.113174034E-09
     0.112679889E-09
     0.111836320E-09
     0.111435692E-09
     0.110230387E-09
     0.108687746E-09
     0.109161640E-09
     0.108685017E-09
     0.107871363E-09
     0.107484942E-09
     0.106322377E-09
     0.104834440E-09
     0.105291530E-09
     0.104831808E-09
     0.104047007E-09
     0.103674289E-09
     0.102552951E-09
     0.101117778E-09
     0.101558659E-09
     0.101115240E-09
     0.100358269E-09
     0.999987682E-10
     0.989171949E-10
     0.975329151E-10
     0.979581615E-10
     0.975304670E-10
     0.968003402E-10
     0.964535880E-10
     0.954103696E-10
     0.940751791E-10
     0.944853454E-10
     0.940728178E-10
     0.933685832E-10
     0.930341277E-10
     0.920279044E-10
     0.907400628E-10
     0.911356838E-10
     0.907377853E-10
     0.900585250E-10
     0.897359302E-10
     0.887653905E-10
     0.875232192E-10
     0.879048104E-10
     0.875210225E-10
     0.868658512E-10
     0.865546967E-10
     0.856185755E-10
     0.844204554E-10
     0.847885143E-10
     0.844183367E-10
     0.837864003E-10
     0.834862805E-10
     0.825833577E-10
     0.814277272E-10
     0.817827334E-10
     0.814256836E-10
     0.808161586E-10
     0.805266822E-10
     0.796557809E-10
     0.785411338E-10
     0.788835501E-10
     0.785391627E-10
     0.779512544E-10
     0.776720443E-10
     0.768320293E-10
     0.757569126E-10
     0.760871854E-10
     0.757550115E-10
     0.751879538E-10
     0.749186459E-10
     0.741084224E-10
     0.730714348E-10
     0.733899944E-10
     0.730696012E-10
     0.725226548E-10
     0.722628982E-10
     0.714814100E-10
     0.704811999E-10
     0.707884616E-10
     0.704794314E-10
     0.699518835E-10
     0.697013396E-10
     0.689475682E-10
     0.679828318E-10
     0.682791962E-10
     0.679811261E-10
     0.674722891E-10
     0.672306313E-10
     0.665035941E-10
     0.655730741E-10
     0.658589274E-10
     0.655714289E-10
     0.650806396E-10
     0.648475529E-10
     0.641463024E-10
     0.632487859E-10
     0.635245006E-10
     0.632471991E-10
     0.627738177E-10
     0.625489983E-10
     0.618726204E-10
     0.610069375E-10
     0.612728730E-10
     0.610054070E-10
     0.605488166E-10
     0.603319715E-10
     0.596795846E-10
     0.588446069E-10
     0.591011100E-10
     0.588431308E-10
     0.584027362E-10
     0.581935828E-10
     0.575643365E-10
     0.567589758E-10
     0.570063807E-10
     0.567575521E-10
     0.563327792E-10
     0.561310448E-10
     0.555241191E-10
     0.547473256E-10
     0.549859547E-10
     0.547459525E-10
     0.543362477E-10
     0.541416694E-10
     0.535562731E-10
     0.528070343E-10
     0.530371988E-10
     0.528057100E-10
     0.524105393E-10
     0.522228634E-10
     0.516582336E-10
     0.509355729E-10
     0.511575727E-10
     0.509342956E-10
     0.505531440E-10
     0.503721260E-10
     0.498275265E-10
     0.491305021E-10
     0.493446265E-10
     0.491292702E-10
     0.487616408E-10
     0.485870447E-10
     0.480617658E-10
     0.473894691E-10
     0.475959973E-10
     0.473882810E-10
     0.470336946E-10
     0.468652928E-10
     0.463586500E-10
     0.457102046E-10
     0.459094058E-10
     0.457090587E-10
     0.453670532E-10
     0.452046263E-10
     0.447159590E-10
     0.440905199E-10
     0.442826537E-10
     0.440894147E-10
     0.437595443E-10
     0.436028805E-10
     0.431315519E-10
     0.425283038E-10
     0.427136206E-10
     0.425272379E-10
     0.422090726E-10
     0.420579678E-10
     0.416033634E-10
     0.410215200E-10
     0.412002614E-10
     0.410204921E-10
     0.407136172E-10
     0.405678743E-10
     0.401294017E-10
     0.395682047E-10
     0.397406037E-10
     0.395672133E-10
     0.392712289E-10
     0.391306580E-10
     0.387077457E-10
     0.381664635E-10
     0.383327448E-10
     0.381655074E-10
     0.378800277E-10
     0.377444456E-10
     0.373365422E-10
     0.368144694E-10
     0.369748496E-10
     0.368135473E-10
     0.365382001E-10
     0.364074301E-10
     0.360140041E-10
     0.355104601E-10
     0.356651484E-10
     0.355095709E-10
     0.352439974E-10
     0.351178690E-10
     0.347384075E-10
     0.342527361E-10
     0.344019341E-10
     0.342518785E-10
     0.339957325E-10
     0.338740813E-10
     0.335080898E-10
     0.330396579E-10
     0.331835600E-10
     0.330388309E-10
     0.327917786E-10
     0.326744460E-10
     0.323214474E-10
     0.318696445E-10
     0.320084383E-10
     0.318688469E-10
     0.316305662E-10
     0.315173994E-10
     0.311769336E-10
     0.307411707E-10
     0.308750371E-10
     0.307404016E-10
     0.305105820E-10
     0.304014333E-10
     0.300730567E-10
     0.296527658E-10
     0.297818793E-10
     0.296520242E-10
     0.294303660E-10
     0.293250933E-10
     0.290083777E-10
     0.286030112E-10
     0.287275400E-10
     0.286022960E-10
     0.283885104E-10
     0.282869765E-10
     0.279815090E-10
     0.275905384E-10
     0.277106450E-10
     0.275898488E-10
     0.273836571E-10
     0.272857296E-10
     0.269911123E-10
     0.266140280E-10
     0.267298688E-10
     0.266133630E-10
     0.264144965E-10
     0.263200478E-10
     0.260358965E-10
     0.256722071E-10
     0.257839330E-10
     0.256715658E-10
     0.254797653E-10
     0.253886722E-10
     0.251146167E-10
     0.247638481E-10
     0.248716049E-10
     0.247632297E-10
     0.245782453E-10
     0.244903891E-10
     0.242260721E-10
     0.238877670E-10
     0.239916952E-10
     0.238871709E-10
     0.237087613E-10
     0.236240275E-10
     0.233691045E-10
     0.230428221E-10
     0.231430570E-10
     0.230422473E-10
     0.228701801E-10
     0.227884583E-10
     0.225425970E-10
     0.222279120E-10
     0.223245843E-10
     0.222273578E-10
     0.220614086E-10
     0.219825923E-10
     0.217454723E-10
     0.214419746E-10
     0.215352103E-10
     0.214414403E-10
     0.212813929E-10
     0.212053793E-10
     0.209766915E-10
     0.206839855E-10
     0.207739061E-10
     0.206834703E-10
     0.205291161E-10
     0.204558062E-10
     0.202352526E-10
     0.199529568E-10
     0.200396794E-10
     0.199524601E-10
     0.198035979E-10
     0.197328961E-10
     0.195201892E-10
     0.192479356E-10
     0.193315734E-10
     0.192474568E-10
     0.191038926E-10
     0.190357067E-10
     0.188305693E-10
     0.185680031E-10
     0.186486651E-10
     0.185675416E-10
     0.184290882E-10
     0.183633294E-10
     0.181654941E-10
     0.179122732E-10
     0.179900644E-10
     0.179118282E-10
     0.177783052E-10
     0.177148878E-10
     0.175240968E-10
     0.172798910E-10
     0.173549129E-10
     0.172794621E-10
     0.171506955E-10
     0.170895369E-10
     0.169055414E-10
     0.166700326E-10
     0.167423829E-10
     0.166696192E-10
     0.165454411E-10
     0.164864615E-10
     0.163090218E-10
     0.160819030E-10
     0.161516760E-10
     0.160815046E-10
     0.159617532E-10
     0.159048757E-10
     0.157337606E-10
     0.155147358E-10
     0.155820224E-10
     0.155143518E-10
     0.153988710E-10
     0.153440216E-10
     0.151790080E-10
     0.149677917E-10
     0.150326797E-10
     0.149674216E-10
     0.148560610E-10
     0.148031681E-10
     0.146440410E-10
     0.144403580E-10
     0.145029319E-10
     0.144400014E-10
     0.143326158E-10
     0.142816105E-10
     0.141281625E-10
     0.139317474E-10
     0.139920888E-10
     0.139314038E-10
     0.138278532E-10
     0.137786691E-10
     0.136307002E-10
     0.134412970E-10
     0.134994844E-10
     0.134409659E-10
     0.133411154E-10
     0.132936883E-10
     0.131510058E-10
     0.129683677E-10
     0.130244770E-10
     0.129680487E-10
     0.128717682E-10
     0.128260364E-10
     0.126884542E-10
     0.125123432E-10
     0.125664475E-10
     0.125120359E-10
     0.124191999E-10
     0.123751037E-10
     0.122424427E-10
     0.120726293E-10
     0.121247992E-10
     0.120723333E-10
     0.119828208E-10
     0.119403029E-10
     0.118123901E-10
     0.116486531E-10
     0.116989564E-10
     0.116483680E-10
     0.115620624E-10
     0.115210673E-10
     0.113977360E-10
     0.112398622E-10
     0.112883645E-10
     0.112395876E-10
     0.111563764E-10
     0.111168507E-10
     0.109979403E-10
     0.108457239E-10
     0.108924884E-10
     0.108454595E-10
     0.107652343E-10
     0.107271265E-10
     0.106124821E-10
     0.104657248E-10
     0.105108124E-10
     0.104654702E-10
     0.103881265E-10
     0.103513869E-10
     0.102408592E-10
     0.100993699E-10
     0.101428393E-10
     0.100991248E-10
     0.100245617E-10
     0.998914260E-11
     0.988258750E-11
     0.974618192E-11
     0.978808977E-11
     0.974594600E-11
     0.967406650E-11
     0.963992164E-11
     0.953720041E-11
     0.940570090E-11
     0.944610176E-11
     0.940547385E-11
     0.933618427E-11
     0.930326921E-11
     0.920424808E-11
     0.907748343E-11
     0.911642989E-11
     0.907726493E-11
     0.901047503E-11
     0.897874692E-11
     0.888329693E-11
     0.876110210E-11
     0.879864486E-11
     0.876089188E-11
     0.869651466E-11
     0.866593218E-11
     0.857392906E-11
     0.845614500E-11
     0.849233292E-11
     0.845594278E-11
     0.839389440E-11
     0.836441774E-11
     0.827574171E-11
     0.816221514E-11
     0.819709531E-11
     0.816202066E-11
     0.810222031E-11
     0.807381111E-11
     0.798834675E-11
     0.787892996E-11
     0.791254776E-11
     0.787874296E-11
     0.782111279E-11
     0.779373408E-11
     0.771137017E-11
     0.760592083E-11
     0.763831997E-11
     0.760574106E-11
     0.755020604E-11
     0.752382220E-11
     0.744445158E-11
     0.734283256E-11
     0.737405517E-11
     0.734265979E-11
     0.728914763E-11
     0.726372434E-11
     0.718724377E-11
     0.708932298E-11
     0.711940963E-11
     0.708915697E-11
     0.703759804E-11
     0.701310224E-11
     0.693941227E-11
     0.684506245E-11
     0.687405223E-11
     0.684490298E-11
     0.679523020E-11
     0.677163005E-11
     0.670063488E-11
     0.660973348E-11
     0.663766403E-11
     0.660958034E-11
     0.656172908E-11
     0.653899392E-11
     0.647060129E-11
     0.638303030E-11
     0.640993786E-11
     0.638288328E-11
     0.633679131E-11
     0.631489161E-11
     0.624901267E-11
     0.616465845E-11
     0.619057794E-11
     0.616451737E-11
     0.612012477E-11
     0.609903208E-11
     0.603558131E-11
     0.595433446E-11
     0.597929947E-11
     0.595419912E-11
     0.591144818E-11
     0.589113515E-11
     0.583003020E-11
     0.575178544E-11
     0.577582830E-11
     0.575165565E-11
     0.571049083E-11
     0.569093111E-11
     0.563209273E-11
     0.555674872E-11
     0.557990054E-11
     0.555662431E-11
     0.551699214E-11
     0.549816038E-11
     0.544151230E-11
     0.536897157E-11
     0.539126228E-11
     0.536885236E-11
     0.533070138E-11
     0.531257320E-11
     0.525804204E-11
     0.518821081E-11
     0.520966921E-11
     0.518809665E-11
     0.515137734E-11
     0.513392927E-11
     0.508144445E-11
     0.501423255E-11
     0.503488632E-11
     0.501412327E-11
     0.497878800E-11
     0.496199748E-11
     0.491149112E-11
     0.484681186E-11
     0.486668760E-11
     0.484670732E-11
     0.481271025E-11
     0.479655559E-11
     0.474796242E-11
     0.468573248E-11
     0.470485576E-11
     0.468563252E-11
     0.465292959E-11
     0.463738994E-11
     0.459064721E-11
     0.453078654E-11
     0.454918193E-11
     0.453069102E-11
     0.449923983E-11
     0.448429515E-11
     0.443934257E-11
     0.438177427E-11
     0.439946534E-11
     0.438168304E-11
     0.435144285E-11
     0.433707388E-11
     0.429385351E-11
     0.423850372E-11
     0.425551314E-11
     0.423841666E-11
     0.420934826E-11
     0.419553651E-11
     0.415399269E-11
     0.410079052E-11
     0.411714001E-11
     0.410070749E-11
     0.407277321E-11
     0.405950091E-11
     0.401958017E-11
     0.396845756E-11
     0.398416799E-11
     0.396837843E-11
     0.394154204E-11
     0.392879213E-11
     0.389044310E-11
     0.384133474E-11
     0.385642612E-11
     0.384125940E-11
     0.381548604E-11
     0.380324212E-11
     0.376641546E-11
     0.371925870E-11
     0.373375021E-11
     0.371918701E-11
     0.369444316E-11
     0.368268947E-11
     0.364733778E-11
     0.360207248E-11
     0.361598252E-11
     0.360200433E-11
     0.357825769E-11
     0.356697911E-11
     0.353305682E-11
     0.348962525E-11
     0.350297148E-11
     0.348956051E-11
     0.346677997E-11
     0.345596194E-11
     0.342342522E-11
     0.338177198E-11
     0.339457134E-11
     0.338171054E-11
     0.335986606E-11
     0.334949457E-11
     0.331830123E-11
     0.327837305E-11
     0.329064181E-11
     0.327831479E-11
     0.325909674E-11
     0.324993477E-11
     0.322239053E-11
     0.318701621E-11
     0.319790149E-11
     0.318697357E-11
     0.317057498E-11
     0.316271629E-11
     0.313910102E-11
     0.310864551E-11
     0.311803411E-11
     0.317240099E-11
     0.316538389E-11
     0.314430501E-11
     0.311701704E-11
     0.312544274E-11
     0.311699718E-11
     0.310352277E-11
     0.309702428E-11
     0.307750562E-11
     0.305220579E-11
     0.306002179E-11
     0.305218922E-11
     0.303857718E-11
     0.303202353E-11
     0.301233725E-11
     0.298685442E-11
     0.299472255E-11
     0.298683640E-11
     0.297282332E-11
     0.296609449E-11
     0.294587861E-11
     0.291976496E-11
     0.292782082E-11
     0.291974417E-11
     0.290571522E-11
     0.289899084E-11
     0.287878613E-11
     0.285272357E-11
     0.286075897E-11
     0.285270143E-11
     0.283887683E-11
     0.283225901E-11
     0.281237314E-11
     0.278674785E-11
     0.279464514E-11
     0.278672530E-11
     0.277323981E-11
     0.276679079E-11
     0.274741129E-11
     0.272245789E-11
     0.273014569E-11
     0.272243554E-11
     0.270937052E-11
     0.270312775E-11
     0.268436754E-11
     0.266022689E-11
     0.266766241E-11
     0.266020517E-11
     0.264760659E-11
     0.264159119E-11
     0.262351394E-11
     0.260026535E-11
     0.260742451E-11
     0.260024448E-11
     0.258813379E-11
     0.258235561E-11
     0.256499102E-11
     0.254267146E-11
     0.254954303E-11
     0.254265155E-11
     0.253103244E-11
     0.252549322E-11
     0.250884653E-11
     0.248746265E-11
     0.249404459E-11
     0.248744372E-11
     0.247700688E-11
     0.247202043E-11
     0.245703795E-11
     0.243775839E-11
     0.244369707E-11
     0.243774357E-11
     0.242856871E-11
     0.242417187E-11
     0.241096411E-11
     0.239392736E-11
     0.239918055E-11
     0.239391651E-11
     0.238615450E-11
     0.238241831E-11
     0.237119828E-11
     0.235667521E-11
     0.236115981E-11
     0.235666814E-11
     0.234909770E-11
     0.234545796E-11
     0.233452719E-11
     0.232039133E-11
     0.232475478E-11
     0.232038432E-11
     0.231245858E-11
     0.230866460E-11
     0.229726826E-11
     0.228258046E-11
     0.228710795E-11
     0.228257185E-11
     0.227454710E-11
     0.227071974E-11
     0.225922116E-11
     0.224444382E-11
     0.224899359E-11
     0.224443416E-11
     0.223648155E-11
     0.223270107E-11
     0.222134169E-11
     0.220678074E-11
     0.221125918E-11
     0.220677048E-11
     0.219902221E-11
     0.219535017E-11
     0.218431530E-11
     0.217020429E-11
     0.217454010E-11
     0.217019385E-11
     0.216275454E-11
     0.215923934E-11
     0.214867473E-11
     0.213519640E-11
     0.213933391E-11
     0.213518614E-11
     0.212813523E-11
     0.212481341E-11
     0.211482917E-11
     0.210212104E-11
     0.210601843E-11
     0.210211124E-11
     0.209550283E-11
     0.209239928E-11
     0.208307039E-11
     0.207122610E-11
     0.207485488E-11
     0.207121697E-11
     0.206508151E-11
     0.206221042E-11
     0.205357967E-11
     0.204265337E-11
     0.204599698E-11
     0.204264502E-11
     0.203699403E-11
     0.203436130E-11
     0.202644645E-11
     0.201646227E-11
     0.201951311E-11
     0.201645472E-11
     0.201152661E-11
     0.200923558E-11
     0.200234864E-11
     0.199367703E-11
     0.199632484E-11
     0.199367115E-11
     0.198948216E-11
     0.198753789E-11
     0.198169420E-11
     0.197434695E-11
     0.197658904E-11
     0.197434267E-11
     0.197077129E-11
     0.196911919E-11
     0.196415412E-11
     0.195792968E-11
     0.195982686E-11
     0.195792653E-11
     0.195489837E-11
     0.195350473E-11
     0.194931662E-11
     0.194408957E-11
     0.194567978E-11
     0.194408728E-11
     0.194155059E-11
     0.194039172E-11
     0.193690926E-11
     0.193259097E-11
     0.193390111E-11
     0.193258938E-11
     0.193050443E-11
     0.192956201E-11
     0.192673001E-11
     0.192325139E-11
     0.192430251E-11
     0.192325037E-11
     0.192158411E-11
     0.192084277E-11
     0.191861492E-11
     0.191591761E-11
     0.191672752E-11
     0.191591706E-11
     0.191464023E-11
     0.191408624E-11
     0.191242124E-11
     0.191045287E-11
     0.191103761E-11
     0.191045271E-11
     0.190953665E-11
     0.190915673E-11
     0.190801461E-11
     0.190672491E-11
     0.190709981E-11
     0.190672505E-11
     0.190614569E-11
     0.190592847E-11
     0.190527500E-11
     0.190462033E-11
     0.190479880E-11
     0.190462073E-11
     0.190435540E-11
     0.190429008E-11
     0.190409279E-11
     0.190403142E-11
     0.190402629E-11
     0.190403203E-11
     0.190405874E-11
     0.190413480E-11
     0.190436208E-11
     0.190485326E-11
     0.190467710E-11
     0.190485403E-11
     0.190515144E-11
     0.190535866E-11
     0.190597974E-11
     0.190698369E-11
     0.190664877E-11
     0.190698458E-11
     0.190753205E-11
     0.190786048E-11
     0.190884548E-11
     0.191032348E-11
     0.190984176E-11
     0.191032445E-11
     0.191110206E-11
     0.191154208E-11
     0.191286208E-11
     0.191477656E-11
     0.191415967E-11
     0.191477759E-11
     0.191576614E-11
     0.191630845E-11
     0.191793552E-11
     0.192025010E-11
     0.191950930E-11
     0.192025116E-11
     0.192143217E-11
     0.192206780E-11
     0.192397495E-11
     0.192665438E-11
     0.192580060E-11
     0.192665546E-11
     0.192801106E-11
     0.192873128E-11
     0.193089233E-11
     0.193390233E-11
     0.193294621E-11
     0.193390341E-11
     0.193541617E-11
     0.193621245E-11
     0.193860175E-11
     0.194190863E-11
     0.194086062E-11
     0.194190969E-11
     0.194356233E-11
     0.194442616E-11
     0.194701817E-11
     0.195058823E-11
     0.194945883E-11
     0.195058925E-11
     0.195236420E-11
     0.195328689E-11
     0.195605549E-11
     0.195985414E-11
     0.195865413E-11
     0.195985513E-11
     0.196173387E-11
     0.196270619E-11
     0.196562368E-11
     0.196961409E-11
     0.196835497E-11
     0.196961502E-11
     0.197157706E-11
     0.197258873E-11
     0.197562427E-11
     0.197976518E-11
     0.197845986E-11
     0.197976605E-11
     0.198178720E-11
     0.198282602E-11
     0.198594297E-11
     0.199018517E-11
     0.198884906E-11
     0.199018596E-11
     0.199223519E-11
     0.199328539E-11
     0.199643648E-11
     0.200071620E-11
     0.199936933E-11
     0.200071690E-11
     0.200274957E-11
     0.200378842E-11
     0.200690535E-11
     0.201113017E-11
     0.200980157E-11
     0.201113076E-11
     0.201306986E-11
     0.201405796E-11
     0.201702257E-11
     0.202103226E-11
     0.201977235E-11
     0.202103271E-11
     0.202298666E-11
     0.202398092E-11
     0.202696399E-11
     0.203099442E-11
     0.202972849E-11
     0.203099483E-11
     0.203327641E-11
     0.203443896E-11
     0.203792700E-11
     0.204264435E-11
     0.204116212E-11
     0.204264493E-11
     0.204524584E-11
     0.204657224E-11
     0.205055197E-11
     0.205593758E-11
     0.205424499E-11
     0.205593835E-11
     0.205887473E-11
     0.206037315E-11
     0.206486906E-11
     0.207095581E-11
     0.206904258E-11
     0.207095679E-11
     0.207426477E-11
     0.207595369E-11
     0.208102127E-11
     0.208788433E-11
     0.208572683E-11
     0.208788556E-11
     0.209162908E-11
     0.209354141E-11
     0.209927944E-11
     0.210705325E-11
     0.210460914E-11
     0.210705481E-11
     0.211135092E-11
     0.211354721E-11
     0.212013737E-11
     0.212907000E-11
     0.212626109E-11
     0.212907203E-11
     0.213417976E-11
     0.213679471E-11
     0.214464129E-11
     0.215528669E-11
     0.215193813E-11
     0.215528958E-11
     0.216062992E-11
     0.216335915E-11
     0.217154835E-11
     0.218264381E-11
     0.217915543E-11
     0.218264658E-11
     0.218778920E-11
     0.219040897E-11
     0.219826926E-11
     0.220889432E-11
     0.220555673E-11
     0.220889640E-11
     0.221391424E-11
     0.221646428E-11
     0.222411503E-11
     0.223443847E-11
     0.223119778E-11
     0.223444011E-11
     0.223937829E-11
     0.224188298E-11
     0.224939738E-11
     0.225952220E-11
     0.225634560E-11
     0.225952353E-11
     0.226441786E-11
     0.226689626E-11
     0.227433158E-11
     0.228433758E-11
     0.228119972E-11
     0.228433869E-11
     0.228920804E-11
     0.229167022E-11
     0.229905673E-11
     0.230898616E-11
     0.230587361E-11
     0.230898710E-11
     0.231384234E-11
     0.231629415E-11
     0.232364936E-11
     0.233352677E-11
     0.233043172E-11
     0.233352757E-11
     0.233837770E-11
     0.234082389E-11
     0.234816213E-11
     0.235800742E-11
     0.235492356E-11
     0.235800809E-11
     0.236286181E-11
     0.236530692E-11
     0.237264181E-11
     0.238247368E-11
     0.237939510E-11
     0.238247424E-11
     0.238734135E-11
     0.238979042E-11
     0.239713704E-11
     0.240697598E-11
     0.240389624E-11
     0.240697645E-11
     0.241186963E-11
     0.241432908E-11
     0.242170670E-11
     0.243157859E-11
     0.242848957E-11
     0.243157897E-11
     0.243651670E-11
     0.243899579E-11
     0.244643219E-11
     0.245637410E-11
     0.245326423E-11
     0.245637441E-11
     0.246138669E-11
     0.246390037E-11
     0.247144044E-11
     0.248151198E-11
     0.247836266E-11
     0.248151223E-11
     0.248665434E-11
     0.248923012E-11
     0.249695631E-11
     0.250726678E-11
     0.250404394E-11
     0.250726697E-11
     0.251266241E-11
     0.251536164E-11
     0.252345788E-11
     0.253425083E-11
     0.253087859E-11
     0.253425096E-11
     0.253989544E-11
     0.254271501E-11
     0.255117191E-11
     0.256243169E-11
     0.255891533E-11
     0.256243175E-11
     0.256788254E-11
     0.257060110E-11
     0.257875508E-11
     0.258959880E-11
     0.258621391E-11
     0.258959877E-11
     0.259454544E-11
     0.259700958E-11
     0.260440063E-11
     0.261422154E-11
     0.261115688E-11
     0.259361828E-11
     0.259562200E-11
     0.260163243E-11
     0.260962476E-11
     0.260712993E-11
     0.260962473E-11
     0.261373483E-11
     0.261578165E-11
     0.262192131E-11
     0.263007894E-11
     0.262753331E-11
     0.261316056E-11
     0.261492240E-11
     0.262020742E-11
     0.262723332E-11
     0.262504036E-11
     0.262723329E-11
     0.263078724E-11
     0.263255677E-11
     0.263786483E-11
     0.264491716E-11
     0.264271647E-11
     0.263028847E-11
     0.263181057E-11
     0.263637653E-11
     0.264244617E-11
     0.264055170E-11
     0.264244614E-11
     0.264551281E-11
     0.264703974E-11
     0.265162017E-11
     0.265770625E-11
     0.265580700E-11
     0.264494807E-11
     0.264619477E-11
     0.264993470E-11
     0.265490737E-11
     0.265335515E-11
     0.265490735E-11
     0.265744625E-11
     0.265871081E-11
     0.266250428E-11
     0.266754633E-11
     0.266597267E-11
     0.266754631E-11
     0.267020547E-11
     0.267152909E-11
     0.267549974E-11
     0.268077461E-11
     0.267912862E-11
     0.268077458E-11
     0.268357438E-11
     0.268496697E-11
     0.268914446E-11
     0.269469080E-11
     0.269296051E-11
     0.269469076E-11
     0.269756788E-11
     0.269899790E-11
     0.270328768E-11
     0.270897984E-11
     0.270720446E-11
     0.270897980E-11
     0.271189378E-11
     0.271334111E-11
     0.271768281E-11
     0.272344070E-11
     0.272164521E-11
     0.272344066E-11
     0.272636417E-11
     0.272781524E-11
     0.273216815E-11
     0.273793783E-11
     0.273613904E-11
     0.273793778E-11
     0.274085116E-11
     0.274229623E-11
     0.274663116E-11
     0.275237399E-11
     0.275058394E-11
     0.275237393E-11
     0.275526231E-11
     0.275669403E-11
     0.276098893E-11
     0.276667582E-11
     0.276490357E-11
     0.276667577E-11
     0.276952735E-11
     0.277093993E-11
     0.277517741E-11
     0.278078548E-11
     0.277903813E-11
     0.278078543E-11
     0.278359051E-11
     0.278497918E-11
     0.278914496E-11
     0.279465549E-11
     0.279293886E-11
     0.279465544E-11
     0.279740566E-11
     0.279876635E-11
     0.280284822E-11
     0.280824527E-11
     0.280656429E-11
     0.280824522E-11
     0.281093309E-11
     0.281226218E-11
     0.281624924E-11
     0.282151862E-11
     0.281987770E-11
     0.282151857E-11
     0.282413708E-11
     0.282543116E-11
     0.282931324E-11
     0.283444176E-11
     0.283284496E-11
     0.283444172E-11
     0.283700503E-11
     0.283827107E-11
     0.284206908E-11
     0.284708421E-11
     0.284552300E-11
     0.284708417E-11
     0.284958594E-11
     0.285082089E-11
     0.285452561E-11
     0.285941544E-11
     0.285789349E-11
     0.285941540E-11
     0.286184869E-11
     0.286304920E-11
     0.286665063E-11
     0.287140221E-11
     0.286992353E-11
     0.287140217E-11
     0.287375953E-11
     0.287492202E-11
     0.287840942E-11
     0.288300891E-11
     0.288157776E-11
     0.288300887E-11
     0.288528163E-11
     0.288640196E-11
     0.288976290E-11
     0.289419427E-11
     0.289281558E-11
     0.289419423E-11
     0.289637139E-11
     0.289744428E-11
     0.290066293E-11
     0.290490578E-11
     0.290358586E-11
     0.290490575E-11
     0.290697175E-11
     0.290798973E-11
     0.291104366E-11
     0.291506906E-11
     0.291381682E-11
     0.291506902E-11
     0.291699871E-11
     0.291794966E-11
     0.292080251E-11
     0.292456332E-11
     0.292339333E-11
     0.292456329E-11
     0.292630695E-11
     0.292716679E-11
     0.292974632E-11
     0.293314861E-11
     0.293208993E-11
     0.293314858E-11
     0.293486951E-11
     0.293571768E-11
     0.293826221E-11
     0.294161696E-11
     0.294057325E-11
     0.294161694E-11
     0.294353879E-11
     0.294448357E-11
     0.294731799E-11
     0.295104754E-11
     0.294988813E-11
     0.295104750E-11
     0.295313499E-11
     0.295415856E-11
     0.295722941E-11
     0.296126199E-11
     0.296000937E-11
     0.296126193E-11
     0.296351113E-11
     0.296461078E-11
     0.296790994E-11
     0.297223258E-11
     0.297089105E-11
     0.297223248E-11
     0.297466925E-11
     0.297585626E-11
     0.297941760E-11
     0.298407067E-11
     0.298262819E-11
     0.298407051E-11
     0.298679652E-11
     0.298811714E-11
     0.299207963E-11
     0.299723517E-11
     0.299563955E-11
     0.299723489E-11
     0.300062458E-11
     0.300224807E-11
     0.300712009E-11
     0.301340447E-11
     0.301146606E-11
     0.300027745E-11
     0.300174119E-11
     0.300613353E-11
     0.301181845E-11
     0.301006259E-11
     0.301181790E-11
     0.301462555E-11
     0.301597528E-11
     0.302002565E-11
     0.302526588E-11
     0.302364756E-11
     0.301432181E-11
     0.301553070E-11
     0.301915821E-11
     0.302386660E-11
     0.302241068E-11
     0.302386615E-11
     0.302618870E-11
     0.302730972E-11
     0.303067361E-11
     0.303503947E-11
     0.303368947E-11
     0.303503896E-11
     0.303709930E-11
     0.303809525E-11
     0.304108380E-11
     0.304496736E-11
     0.304376588E-11
     0.304496687E-11
     0.304684575E-11
     0.304775476E-11
     0.305048242E-11
     0.305402965E-11
     0.305293187E-11
     0.305402915E-11
     0.305571424E-11
     0.305653082E-11
     0.305898111E-11
     0.306217187E-11
     0.306118387E-11
     0.306217139E-11
     0.306368222E-11
     0.306441571E-11
     0.306661665E-11
     0.306948696E-11
     0.306859765E-11
     0.306948651E-11
     0.307084434E-11
     0.307150486E-11
     0.307348676E-11
     0.307607543E-11
     0.307527288E-11
     0.307607502E-11
     0.307729742E-11
     0.307789328E-11
     0.307968113E-11
     0.308202007E-11
     0.308129448E-11
     0.308201970E-11
     0.308312165E-11
     0.308365992E-11
     0.308527494E-11
     0.308739122E-11
     0.308673429E-11
     0.308739090E-11
     0.308838537E-11
     0.308887216E-11
     0.309033273E-11
     0.309224971E-11
     0.309165427E-11
     0.309224943E-11
     0.309314772E-11
     0.309358836E-11
     0.309491041E-11
     0.309664834E-11
     0.309610818E-11
     0.309664810E-11
     0.309745996E-11
     0.309785901E-11
     0.309905625E-11
     0.310063254E-11
     0.310014232E-11
     0.310063234E-11
     0.310136598E-11
     0.310172728E-11
     0.310281128E-11
     0.310424055E-11
     0.310379580E-11
     0.310424038E-11
     0.310490247E-11
     0.310522914E-11
     0.310620920E-11
     0.310750322E-11
     0.310710035E-11
     0.310750309E-11
     0.310809855E-11
     0.310839286E-11
     0.310927585E-11
     0.311044319E-11
     0.311007958E-11
     0.311044309E-11
     0.311097469E-11
     0.311123787E-11
     0.311202746E-11
     0.311307259E-11
     0.311274689E-11
     0.311091994E-11
     0.311115626E-11
     0.311186525E-11
     0.311280436E-11
     0.311251162E-11
     0.311280430E-11
     0.311327393E-11
     0.311350679E-11
     0.311420537E-11
     0.311513106E-11
     0.311484246E-11
     0.311321079E-11
     0.311341256E-11
     0.311401788E-11
     0.311482063E-11
     0.311457029E-11
     0.311482060E-11
     0.311522550E-11
     0.311542654E-11
     0.311602970E-11
     0.311682979E-11
     0.311658026E-11
     0.311682976E-11
     0.311721259E-11
     0.311740282E-11
     0.311797351E-11
     0.311873092E-11
     0.311849464E-11
     0.311873089E-11
     0.311913978E-11
     0.311934293E-11
     0.311995241E-11
     0.312076130E-11
     0.312050897E-11
     0.312076126E-11
     0.312118383E-11
     0.312139383E-11
     0.312202384E-11
     0.312286013E-11
     0.312259923E-11
     0.312286009E-11
     0.312328893E-11
     0.312350212E-11
     0.312414173E-11
     0.312499104E-11
     0.312472604E-11
     0.312499099E-11
     0.312542118E-11
     0.312563516E-11
     0.312627712E-11
     0.312712992E-11
     0.312686379E-11
     0.312712988E-11
     0.312755805E-11
     0.312777116E-11
     0.312841051E-11
     0.312926024E-11
     0.312899501E-11
     0.312926019E-11
     0.312968402E-11
     0.312989510E-11
     0.313052837E-11
     0.313137045E-11
     0.313110756E-11
     0.313137041E-11
     0.313178825E-11
     0.313199649E-11
     0.313262125E-11
     0.313345247E-11
     0.313319292E-11
     0.313345244E-11
     0.313386316E-11
     0.313406800E-11
     0.313468256E-11
     0.313550065E-11
     0.313524515E-11
     0.313550062E-11
     0.313590346E-11
     0.313610451E-11
     0.313670771E-11
     0.313751112E-11
     0.313726015E-11
     0.313751110E-11
     0.313790555E-11
     0.313810255E-11
     0.313869362E-11
     0.313948129E-11
     0.313923518E-11
     0.313948127E-11
     0.313986702E-11
     0.314005982E-11
     0.314063826E-11
     0.314140950E-11
     0.314116848E-11
     0.314140949E-11
     0.314178638E-11
     0.314197487E-11
     0.314254040E-11
     0.314329481E-11
     0.314305900E-11
     0.314329480E-11
     0.314366276E-11
     0.314384691E-11
     0.314439939E-11
     0.314513676E-11
     0.314490623E-11
     0.314513676E-11
     0.314549579E-11
     0.314567558E-11
     0.314621500E-11
     0.314693527E-11
     0.314671005E-11
     0.314693527E-11
     0.314728545E-11
     0.314746090E-11
     0.314798731E-11
     0.314869052E-11
     0.314847060E-11
     0.314869053E-11
     0.314903193E-11
     0.314920309E-11
     0.314971661E-11
     0.315040288E-11
     0.315018823E-11
     0.315040290E-11
     0.315073566E-11
     0.315090257E-11
     0.315140336E-11
     0.315207287E-11
     0.315186342E-11
     0.315207288E-11
     0.315239714E-11
     0.315255987E-11
     0.315304810E-11
     0.315370107E-11
     0.315349677E-11
     0.315370109E-11
     0.315401700E-11
     0.315417561E-11
     0.315465149E-11
     0.315528815E-11
     0.315508893E-11
     0.315528818E-11
     0.315559590E-11
     0.315575046E-11
     0.315621420E-11
     0.315683482E-11
     0.315664060E-11
     0.315683485E-11
     0.315713455E-11
     0.315728514E-11
     0.315773696E-11
     0.315834182E-11
     0.315815251E-11
     0.315834185E-11
     0.315863368E-11
     0.315878037E-11
     0.315922051E-11
     0.315980989E-11
     0.315962540E-11
     0.315980992E-11
     0.316009405E-11
     0.316023692E-11
     0.316066560E-11
     0.316123978E-11
     0.316106003E-11
     0.316123981E-11
     0.316151641E-11
     0.316165554E-11
     0.316207299E-11
     0.316263225E-11
     0.316245715E-11
     0.316263228E-11
     0.316290151E-11
     0.316303697E-11
     0.316344341E-11
     0.316398806E-11
     0.316381752E-11
     0.316398810E-11
     0.316425011E-11
     0.316438198E-11
     0.316477764E-11
     0.316530795E-11
     0.316514189E-11
     0.316530799E-11
     0.316556295E-11
     0.316569130E-11
     0.316607642E-11
     0.316659268E-11
     0.316643101E-11
     0.316659272E-11
     0.316684078E-11
     0.316696569E-11
     0.316734048E-11
     0.316784298E-11
     0.316768561E-11
     0.316784303E-11
     0.316808434E-11
     0.316820588E-11
     0.316857055E-11
     0.316905959E-11
     0.316890643E-11
     0.316905963E-11
     0.316929435E-11
     0.316941259E-11
     0.316976738E-11
     0.317024322E-11
     0.317009418E-11
     0.317024327E-11
     0.317047154E-11
     0.317058655E-11
     0.317093166E-11
     0.317139460E-11
     0.317124959E-11
     0.317139464E-11
     0.317161662E-11
     0.317172848E-11
     0.317206412E-11
     0.317251442E-11
     0.317237337E-11
     0.317251447E-11
     0.317273029E-11
     0.317283906E-11
     0.317316546E-11
     0.317360340E-11
     0.317346621E-11
     0.317360345E-11
     0.317381325E-11
     0.317391901E-11
     0.317423636E-11
     0.317466222E-11
     0.317452881E-11
     0.317466227E-11
     0.317486620E-11
     0.317496901E-11
     0.317527753E-11
     0.317569157E-11
     0.317556186E-11
     0.317569162E-11
     0.317588981E-11
     0.317598975E-11
     0.317628963E-11
     0.317669212E-11
     0.317656602E-11
     0.317669217E-11
     0.317688476E-11
     0.317698189E-11
     0.317727333E-11
     0.317766455E-11
     0.317754197E-11
     0.317766459E-11
     0.317785172E-11
     0.317794610E-11
     0.317822931E-11
     0.317860950E-11
     0.317849038E-11
     0.317860955E-11
     0.317879134E-11
     0.317888304E-11
     0.317915821E-11
     0.317952764E-11
     0.317941188E-11
     0.317952769E-11
     0.317970427E-11
     0.317979336E-11
     0.318006068E-11
     0.318041961E-11
     0.318030714E-11
     0.318041965E-11
     0.318059116E-11
     0.318067770E-11
     0.318093736E-11
     0.318128603E-11
     0.318117678E-11
     0.318128608E-11
     0.318145264E-11
     0.318153669E-11
     0.318178888E-11
     0.318212755E-11
     0.318202142E-11
     0.318212759E-11
     0.318228933E-11
     0.318237095E-11
     0.318261586E-11
     0.318294477E-11
     0.318284170E-11
     0.318294481E-11
     0.318310185E-11
     0.318318110E-11
     0.318341891E-11
     0.318373831E-11
     0.318363821E-11
     0.318373835E-11
     0.318389080E-11
     0.318396774E-11
     0.318419863E-11
     0.318450875E-11
     0.318441156E-11
     0.318450879E-11
     0.318465678E-11
     0.318473148E-11
     0.318495562E-11
     0.318525670E-11
     0.318516235E-11
     0.318525675E-11
     0.318540038E-11
     0.318547289E-11
     0.318569046E-11
     0.318598274E-11
     0.318589114E-11
     0.318598278E-11
     0.318612218E-11
     0.318619256E-11
     0.318640373E-11
     0.318668743E-11
     0.318659852E-11
     0.318668747E-11
     0.318682275E-11
     0.318689105E-11
     0.318709600E-11
     0.318737134E-11
     0.318728504E-11
     0.318737138E-11
     0.318750264E-11
     0.318756892E-11
     0.318776781E-11
     0.318803502E-11
     0.318795127E-11
     0.318803505E-11
     0.318816242E-11
     0.318822673E-11
     0.318841971E-11
     0.318867900E-11
     0.318859773E-11
     0.318867904E-11
     0.318880261E-11
     0.318886500E-11
     0.318905224E-11
     0.318930383E-11
     0.318922498E-11
     0.318930387E-11
     0.318942374E-11
     0.318948428E-11
     0.318966593E-11
     0.318991003E-11
     0.318983352E-11
     0.318991007E-11
     0.319002634E-11
     0.319008507E-11
     0.319026129E-11
     0.319049810E-11
     0.319042388E-11
     0.319049814E-11
     0.319061078E-11
     0.319066768E-11
     0.319083840E-11
     0.319106783E-11
     0.319099592E-11
     0.319106787E-11
     0.319117686E-11
     0.319123190E-11
     0.319139709E-11
     0.319161909E-11
     0.319154950E-11
     0.319161912E-11
     0.319172458E-11
     0.319177785E-11
     0.319193770E-11
     0.319215253E-11
     0.319208519E-11
     0.319215256E-11
     0.319225462E-11
     0.319230618E-11
     0.319246088E-11
     0.319266880E-11
     0.319260362E-11
     0.319266883E-11
     0.319276761E-11
     0.319281751E-11
     0.319296725E-11
     0.319316850E-11
     0.319310542E-11
     0.319316853E-11
     0.319326416E-11
     0.319331246E-11
     0.319345742E-11
     0.319365224E-11
     0.319359117E-11
     0.319365227E-11
     0.319374484E-11
     0.319379161E-11
     0.319393194E-11
     0.319412056E-11
     0.319406144E-11
     0.319412059E-11
     0.319421022E-11
     0.319425550E-11
     0.319439138E-11
     0.319457402E-11
     0.319451677E-11
     0.319457405E-11
     0.319466084E-11
     0.319470468E-11
     0.319483626E-11
     0.319501312E-11
     0.319495768E-11
     0.319501315E-11
     0.319509719E-11
     0.319513966E-11
     0.319526708E-11
     0.319543837E-11
     0.319538467E-11
     0.319543839E-11
     0.319551979E-11
     0.319556092E-11
     0.319568434E-11
     0.319585024E-11
     0.319579823E-11
     0.319585027E-11
     0.319592911E-11
     0.319596895E-11
     0.319608849E-11
     0.319624920E-11
     0.319619882E-11
     0.319624922E-11
     0.319632560E-11
     0.319636419E-11
     0.319648000E-11
     0.319663568E-11
     0.319658688E-11
     0.319663571E-11
     0.319670970E-11
     0.319674709E-11
     0.319685929E-11
     0.319701012E-11
     0.319696284E-11
     0.319701015E-11
     0.319708184E-11
     0.319711806E-11
     0.319722678E-11
     0.319737293E-11
     0.319732711E-11
     0.319737295E-11
     0.319744242E-11
     0.319747752E-11
     0.319758286E-11
     0.319772449E-11
     0.319768009E-11
     0.319772451E-11
     0.319779183E-11
     0.319782585E-11
     0.319792794E-11
     0.319806519E-11
     0.319802216E-11
     0.319806521E-11
     0.319813045E-11
     0.319816343E-11
     0.319826237E-11
     0.319839540E-11
     0.319835369E-11
     0.319839542E-11
     0.319845866E-11
     0.319849062E-11
     0.319858652E-11
     0.319871547E-11
     0.319867504E-11
     0.319871549E-11
     0.319877678E-11
     0.319880776E-11
     0.319890073E-11
     0.319902574E-11
     0.319898655E-11
     0.319902576E-11
     0.319908518E-11
     0.319911521E-11
     0.319920534E-11
     0.319932653E-11
     0.319928854E-11
     0.319932655E-11
     0.319938416E-11
     0.319941328E-11
     0.319950067E-11
     0.319961817E-11
     0.319958133E-11
     0.319961819E-11
     0.319967405E-11
     0.319970229E-11
     0.319978702E-11
     0.319990096E-11
     0.319986524E-11
     0.319990098E-11
     0.319995515E-11
     0.319998253E-11
     0.320006470E-11
     0.320017519E-11
     0.320014055E-11
     0.320017521E-11
     0.320022774E-11
     0.320025430E-11
     0.320033399E-11
     0.320044115E-11
     0.320040755E-11
     0.320044117E-11
     0.320049212E-11
     0.320051788E-11
     0.320059517E-11
     0.320069912E-11
     0.320066653E-11
     0.320069914E-11
     0.320074855E-11
     0.320077354E-11
     0.320084851E-11
     0.320094935E-11
     0.320091773E-11
     0.320094936E-11
     0.320099730E-11
     0.320102154E-11
     0.320109427E-11
     0.320119210E-11
     0.320116142E-11
     0.320119211E-11
     0.320123862E-11
     0.320126213E-11
     0.320133270E-11
     0.320142761E-11
     0.320139785E-11
     0.320142763E-11
     0.320147275E-11
     0.320149557E-11
     0.320156404E-11
     0.320165613E-11
     0.320162726E-11
     0.320165615E-11
     0.320169993E-11
     0.320172208E-11
     0.320178852E-11
     0.320187789E-11
     0.320184987E-11
     0.320187791E-11
     0.320192040E-11
     0.320194188E-11
     0.320200636E-11
     0.320209310E-11
     0.320206590E-11
     0.320209312E-11
     0.320213435E-11
     0.320215521E-11
     0.320221779E-11
     0.320230198E-11
     0.320227558E-11
     0.320230200E-11
     0.320234202E-11
     0.320236226E-11
     0.320242301E-11
     0.320250474E-11
     0.320247911E-11
     0.320250475E-11
     0.320254360E-11
     0.320256326E-11
     0.320262223E-11
     0.320270156E-11
     0.320267669E-11
     0.320270158E-11
     0.320273930E-11
     0.320275838E-11
     0.320281563E-11
     0.320289266E-11
     0.320286851E-11
     0.320289267E-11
     0.320292930E-11
     0.320294782E-11
     0.320300341E-11
     0.320307821E-11
     0.320305475E-11
     0.320307822E-11
     0.320311378E-11
     0.320313177E-11
     0.320318575E-11
     0.320325839E-11
     0.320323561E-11
     0.320325840E-11
     0.320329293E-11
     0.320331040E-11
     0.320336283E-11
     0.320343337E-11
     0.320341125E-11
     0.320343338E-11
     0.320346692E-11
     0.320348389E-11
     0.320353481E-11
     0.320360333E-11
     0.320358184E-11
     0.320360334E-11
     0.320363592E-11
     0.320365240E-11
     0.320370186E-11
     0.320376841E-11
     0.320374754E-11
     0.320376843E-11
     0.320380007E-11
     0.320381608E-11
     0.320386413E-11
     0.320392879E-11
     0.320390851E-11
     0.320392880E-11
     0.320395955E-11
     0.320397510E-11
     0.320402179E-11
     0.320408461E-11
     0.320406491E-11
     0.320408462E-11
     0.320411449E-11
     0.320412961E-11
     0.320417497E-11
     0.320423601E-11
     0.320421687E-11
     0.320423602E-11
     0.320426505E-11
     0.320427974E-11
     0.320432381E-11
     0.320438314E-11
     0.320436453E-11
     0.320438315E-11
     0.320441136E-11
     0.320442563E-11
     0.320446847E-11
     0.320452613E-11
     0.320450804E-11
     0.320452614E-11
     0.320455355E-11
     0.320456743E-11
     0.320460906E-11
     0.320466511E-11
     0.320464753E-11
     0.320466512E-11
     0.320469177E-11
     0.320470525E-11
     0.320474573E-11
     0.320480021E-11
     0.320478312E-11
     0.320480022E-11
     0.320482612E-11
     0.320483923E-11
     0.320487858E-11
     0.320493155E-11
     0.320491493E-11
     0.320493156E-11
     0.320495674E-11
     0.320496949E-11
     0.320500775E-11
     0.320505925E-11
     0.320504309E-11
     0.320505926E-11
     0.320508374E-11
     0.320509614E-11
     0.320513334E-11
     0.320518342E-11
     0.320516771E-11
     0.320518343E-11
     0.320520724E-11
     0.320521930E-11
     0.320525547E-11
     0.320530418E-11
     0.320528890E-11
     0.320530419E-11
     0.320532734E-11
     0.320533907E-11
     0.320537425E-11
     0.320542162E-11
     0.320540676E-11
     0.320542163E-11
     0.320544416E-11
     0.320545556E-11
     0.320548978E-11
     0.320553586E-11
     0.320552141E-11
     0.320553587E-11
     0.320555778E-11
     0.320556887E-11
     0.320560217E-11
     0.320564699E-11
     0.320563293E-11
     0.320564700E-11
     0.320566832E-11
     0.320567911E-11
     0.320571150E-11
     0.320575511E-11
     0.320574143E-11
     0.320575512E-11
     0.320577586E-11
     0.320578636E-11
     0.320581788E-11
     0.320586032E-11
     0.320584701E-11
     0.320586033E-11
     0.320588051E-11
     0.320589073E-11
     0.320592139E-11
     0.320596269E-11
     0.320594974E-11
     0.320596270E-11
     0.320598234E-11
     0.320599228E-11
     0.320602213E-11
     0.320606232E-11
     0.320604972E-11
     0.320606233E-11
     0.320608145E-11
     0.320609113E-11
     0.320612018E-11
     0.320615930E-11
     0.320614703E-11
     0.320615931E-11
     0.320617791E-11
     0.320618733E-11
     0.320621561E-11
     0.320625370E-11
     0.320624175E-11
     0.320625370E-11
     0.320627182E-11
     0.320628099E-11
     0.320630852E-11
     0.320634560E-11
     0.320633396E-11
     0.320634560E-11
     0.320636324E-11
     0.320637217E-11
     0.320639897E-11
     0.320643507E-11
     0.320642375E-11
     0.320643508E-11
     0.320645225E-11
     0.320646095E-11
     0.320648705E-11
     0.320652220E-11
     0.320651117E-11
     0.320652221E-11
     0.320653893E-11
     0.320654739E-11
     0.320657281E-11
     0.320660705E-11
     0.320659631E-11
     0.320660706E-11
     0.320662334E-11
     0.320663159E-11
     0.320665634E-11
     0.320668969E-11
     0.320667923E-11
     0.320668970E-11
     0.320670555E-11
     0.320671359E-11
     0.320673770E-11
     0.320677018E-11
     0.320675999E-11
     0.320677019E-11
     0.320678564E-11
     0.320679346E-11
     0.320681695E-11
     0.320684860E-11
     0.320683867E-11
     0.320684860E-11
     0.320686365E-11
     0.320687128E-11
     0.320689416E-11
     0.320692499E-11
     0.320691532E-11
     0.320692500E-11
     0.320693966E-11
     0.320694709E-11
     0.320696939E-11
     0.320699943E-11
     0.320699001E-11
     0.320699944E-11
     0.320701373E-11
     0.320702097E-11
     0.320704270E-11
     0.320707197E-11
     0.320706279E-11
     0.320707198E-11
     0.320708590E-11
     0.320709296E-11
     0.320711413E-11
     0.320714267E-11
     0.320713371E-11
     0.320714267E-11
     0.320715624E-11
     0.320716312E-11
     0.320718376E-11
     0.320721157E-11
     0.320720285E-11
     0.320721158E-11
     0.320722481E-11
     0.320723151E-11
     0.320725163E-11
     0.320727874E-11
     0.320727023E-11
     0.320727875E-11
     0.320729164E-11
     0.320729818E-11
     0.320731779E-11
     0.320734422E-11
     0.320733593E-11
     0.320734423E-11
     0.320735680E-11
     0.320736317E-11
     0.320738229E-11
     0.320740806E-11
     0.320739998E-11
     0.320740807E-11
     0.320742033E-11
     0.320742654E-11
     0.320744519E-11
     0.320747032E-11
     0.320746243E-11
     0.320747032E-11
     0.320748228E-11
     0.320748833E-11
     0.320750652E-11
     0.320753103E-11
     0.320752334E-11
     0.320753103E-11
     0.320754269E-11
     0.320754860E-11
     0.320756633E-11
     0.320759024E-11
     0.320758274E-11
     0.320759024E-11
     0.320760161E-11
     0.320760738E-11
     0.320762467E-11
     0.320764799E-11
     0.320764067E-11
     0.320764800E-11
     0.320765909E-11
     0.320766471E-11
     0.320768158E-11
     0.320770433E-11
     0.320769719E-11
     0.320770434E-11
     0.320771515E-11
     0.320772064E-11
     0.320773710E-11
     0.320775930E-11
     0.320775233E-11
     0.320775930E-11
     0.320776986E-11
     0.320777521E-11
     0.320779127E-11
     0.320781293E-11
     0.320780613E-11
     0.320781293E-11
     0.320782323E-11
     0.320782845E-11
     0.320784413E-11
     0.320786526E-11
     0.320785863E-11
     0.320786526E-11
     0.320787531E-11
     0.320788041E-11
     0.320789571E-11
     0.320791633E-11
     0.320790986E-11
     0.320791633E-11
     0.320792614E-11
     0.320793112E-11
     0.320794605E-11
     0.320796618E-11
     0.320795986E-11
     0.320796618E-11
     0.320797575E-11
     0.320798061E-11
     0.320799518E-11
     0.320801483E-11
     0.320800867E-11
     0.320801484E-11
     0.320802418E-11
     0.320802892E-11
     0.320804315E-11
     0.320806233E-11
     0.320805631E-11
     0.320806234E-11
     0.320807146E-11
     0.320807609E-11
     0.320808998E-11
     0.320810870E-11
     0.320810283E-11
     0.320810871E-11
     0.320811762E-11
     0.320812213E-11
     0.320813570E-11
     0.320815398E-11
     0.320814824E-11
     0.320815399E-11
     0.320816269E-11
     0.320816710E-11
     0.320818034E-11
     0.320819820E-11
     0.320819260E-11
     0.320819820E-11
     0.320820670E-11
     0.320821101E-11
     0.320822394E-11
     0.320824138E-11
     0.320823591E-11
     0.320824139E-11
     0.320824968E-11
     0.320825389E-11
     0.320826652E-11
     0.320828356E-11
     0.320827821E-11
     0.320828356E-11
     0.320829167E-11
     0.320829578E-11
     0.320830812E-11
     0.320832476E-11
     0.320831954E-11
     0.320832476E-11
     0.320833268E-11
     0.320833669E-11
     0.320834875E-11
     0.320836501E-11
     0.320835990E-11
     0.320836501E-11
     0.320837274E-11
     0.320837667E-11
     0.320838844E-11
     0.320840433E-11
     0.320839934E-11
     0.320840433E-11
     0.320841189E-11
     0.320841572E-11
     0.320842723E-11
     0.320844275E-11
     0.320843788E-11
     0.320844276E-11
     0.320845014E-11
     0.320845389E-11
     0.320846513E-11
     0.320848030E-11
     0.320847554E-11
     0.320848030E-11
     0.320848752E-11
     0.320849118E-11
     0.320850217E-11
     0.320851699E-11
     0.320851234E-11
     0.320851700E-11
     0.320852405E-11
     0.320852763E-11
     0.320853837E-11
     0.320855286E-11
     0.320854831E-11
     0.320855286E-11
     0.320855976E-11
     0.320856325E-11
     0.320857375E-11
     0.320858792E-11
     0.320858347E-11
     0.320858792E-11
     0.320859466E-11
     0.320859808E-11
     0.320860835E-11
     0.320862219E-11
     0.320861785E-11
     0.320862220E-11
     0.320862878E-11
     0.320863213E-11
     0.320864216E-11
     0.320865570E-11
     0.320865145E-11
     0.320865571E-11
     0.320866215E-11
     0.320866542E-11
     0.320867523E-11
     0.320868847E-11
     0.320868432E-11
     0.320868847E-11
     0.320869477E-11
     0.320869797E-11
     0.320870757E-11
     0.320872051E-11
     0.320871645E-11
     0.320872052E-11
     0.320872668E-11
     0.320872980E-11
     0.320873919E-11
     0.320875185E-11
     0.320874788E-11
     0.320875186E-11
     0.320875788E-11
     0.320876094E-11
     0.320877012E-11
     0.320878250E-11
     0.320877862E-11
     0.320878251E-11
     0.320878840E-11
     0.320879139E-11
     0.320880037E-11
     0.320881249E-11
     0.320880868E-11
     0.320881249E-11
     0.320881825E-11
     0.320882118E-11
     0.320882997E-11
     0.320884182E-11
     0.320883810E-11
     0.320884182E-11
     0.320884746E-11
     0.320885033E-11
     0.320885892E-11
     0.320887052E-11
     0.320886688E-11
     0.320887052E-11
     0.320887604E-11
     0.320887884E-11
     0.320888725E-11
     0.320889860E-11
     0.320889504E-11
     0.320889861E-11
     0.320890401E-11
     0.320890675E-11
     0.320891498E-11
     0.320892609E-11
     0.320892260E-11
     0.320892609E-11
     0.320893137E-11
     0.320893406E-11
     0.320894211E-11
     0.320895298E-11
     0.320894957E-11
     0.320895299E-11
     0.320895816E-11
     0.320896078E-11
     0.320896867E-11
     0.320897931E-11
     0.320897597E-11
     0.320897931E-11
     0.320898437E-11
     0.320898695E-11
     0.320899466E-11
     0.320900508E-11
     0.320900181E-11
     0.320900508E-11
     0.320901004E-11
     0.320901256E-11
     0.320902011E-11
     0.320903031E-11
     0.320902711E-11
     0.320903032E-11
     0.320903517E-11
     0.320903763E-11
     0.320904503E-11
     0.320905502E-11
     0.320905188E-11
     0.320905502E-11
     0.320905977E-11
     0.320906218E-11
     0.320906943E-11
     0.320907921E-11
     0.320907614E-11
     0.320907921E-11
     0.320908386E-11
     0.320908623E-11
     0.320909332E-11
     0.320910290E-11
     0.320909989E-11
     0.320910290E-11
     0.320910746E-11
     0.320910977E-11
     0.320911672E-11
     0.320912610E-11
     0.320912316E-11
     0.320912610E-11
     0.320913057E-11
     0.320913283E-11
     0.320913964E-11
     0.320914883E-11
     0.320914594E-11
     0.320914883E-11
     0.320915320E-11
     0.320915542E-11
     0.320916209E-11
     0.320917110E-11
     0.320916827E-11
     0.320917110E-11
     0.320917538E-11
     0.320917756E-11
     0.320918409E-11
     0.320919291E-11
     0.320919014E-11
     0.320919291E-11
     0.320919711E-11
     0.320919924E-11
     0.320920564E-11
     0.320921429E-11
     0.320921157E-11
     0.320921429E-11
     0.320921840E-11
     0.320922049E-11
     0.320922676E-11
     0.320923523E-11
     0.320923257E-11
     0.320923523E-11
     0.320923926E-11
     0.320924131E-11
     0.320924746E-11
     0.320925576E-11
     0.320925315E-11
     0.320925576E-11
     0.320925971E-11
     0.320926172E-11
     0.320926775E-11
     0.320927588E-11
     0.320927333E-11
     0.320927589E-11
     0.320927976E-11
     0.320928173E-11
     0.320928763E-11
     0.320929561E-11
     0.320929311E-11
     0.320929561E-11
     0.320929941E-11
     0.320930134E-11
     0.320930713E-11
     0.320931495E-11
     0.320931249E-11
     0.320931495E-11
     0.320931867E-11
     0.320932057E-11
     0.320932624E-11
     0.320933391E-11
     0.320933150E-11
     0.320933392E-11
     0.320933756E-11
     0.320933942E-11
     0.320934499E-11
     0.320935251E-11
     0.320935015E-11
     0.320935251E-11
     0.320935609E-11
     0.320935791E-11
     0.320936337E-11
     0.320937075E-11
     0.320936843E-11
     0.320937075E-11
     0.320937426E-11
     0.320937604E-11
     0.320938140E-11
     0.320938864E-11
     0.320938636E-11
     0.320938864E-11
     0.320939208E-11
     0.320939383E-11
     0.320939909E-11
     0.320940618E-11
     0.320940395E-11
     0.320940619E-11
     0.320940956E-11
     0.320941128E-11
     0.320941644E-11
     0.320942340E-11
     0.320942121E-11
     0.320942340E-11
     0.320942672E-11
     0.320942840E-11
     0.320943346E-11
     0.320944030E-11
     0.320943815E-11
     0.320944030E-11
     0.320944355E-11
     0.320944520E-11
     0.320945017E-11
     0.320945688E-11
     0.320945477E-11
     0.320945688E-11
     0.320946007E-11
     0.320946169E-11
     0.320946656E-11
     0.320947315E-11
     0.320947108E-11
     0.320947315E-11
     0.320947628E-11
     0.320947787E-11
     0.320948266E-11
     0.320948912E-11
     0.320948709E-11
     0.320948912E-11
     0.320949220E-11
     0.320949376E-11
     0.320949846E-11
     0.320950480E-11
     0.320950281E-11
     0.320950480E-11
     0.320950782E-11
     0.320950936E-11
     0.320951397E-11
     0.320952020E-11
     0.320951824E-11
     0.320952020E-11
     0.320952316E-11
     0.320952467E-11
     0.320952920E-11
     0.320953532E-11
     0.320953339E-11
     0.320953532E-11
     0.320953823E-11
     0.320953971E-11
     0.320954416E-11
     0.320955017E-11
     0.320954828E-11
     0.320955017E-11
     0.320955303E-11
     0.320955448E-11
     0.320955885E-11
     0.320956475E-11
     0.320956290E-11
     0.320956475E-11
     0.320956756E-11
     0.320956899E-11
     0.320957328E-11
     0.320957908E-11
     0.320957726E-11
     0.320957908E-11
     0.320958184E-11
     0.320958325E-11
     0.320958746E-11
     0.320959316E-11
     0.320959137E-11
     0.320959316E-11
     0.320959587E-11
     0.320959725E-11
     0.320960139E-11
     0.320960700E-11
     0.320960524E-11
     0.320960700E-11
     0.320960966E-11
     0.320961102E-11
     0.320961509E-11
     0.320962059E-11
     0.320961886E-11
     0.320962060E-11
     0.320962321E-11
     0.320962455E-11
     0.320962855E-11
     0.320963396E-11
     0.320963226E-11
     0.320963396E-11
     0.320963654E-11
     0.320963785E-11
     0.320964178E-11
     0.320964710E-11
     0.320964543E-11
     0.320964710E-11
     0.320964963E-11
     0.320965092E-11
     0.320965479E-11
     0.320966002E-11
     0.320965838E-11
     0.320966002E-11
     0.320966251E-11
     0.320966378E-11
     0.320966758E-11
     0.320967273E-11
     0.320967111E-11
     0.320967273E-11
     0.320967518E-11
     0.320967643E-11
     0.320968017E-11
     0.320968523E-11
     0.320968364E-11
     0.320968523E-11
     0.320968764E-11
     0.320968886E-11
     0.320969255E-11
     0.320969753E-11
     0.320969596E-11
     0.320969753E-11
     0.320969990E-11
     0.320970110E-11
     0.320970472E-11
     0.320970962E-11
     0.320970808E-11
     0.320970963E-11
     0.320971196E-11
     0.320971314E-11
     0.320971671E-11
     0.320972153E-11
     0.320972002E-11
     0.320972153E-11
     0.320972383E-11
     0.320972499E-11
     0.320972850E-11
     0.320973325E-11
     0.320973176E-11
     0.320973325E-11
     0.320973551E-11
     0.320973666E-11
     0.320974011E-11
     0.320974479E-11
     0.320974332E-11
     0.320974479E-11
     0.320974701E-11
     0.320974814E-11
     0.320975154E-11
     0.320975615E-11
     0.320975470E-11
     0.320975615E-11
     0.320975834E-11
     0.320975945E-11
     0.320976280E-11
     0.320976733E-11
     0.320976591E-11
     0.320976734E-11
     0.320976949E-11
     0.320977059E-11
     0.320977389E-11
     0.320977835E-11
     0.320977695E-11
     0.320977835E-11
     0.320978048E-11
     0.320978156E-11
     0.320978481E-11
     0.320978921E-11
     0.320978783E-11
     0.320978921E-11
     0.320979130E-11
     0.320979237E-11
     0.320979557E-11
     0.320979991E-11
     0.320979854E-11
     0.320979991E-11
     0.320980197E-11
     0.320980302E-11
     0.320980617E-11
     0.320981045E-11
     0.320980910E-11
     0.320981045E-11
     0.320981248E-11
     0.320981352E-11
     0.320981663E-11
     0.320982084E-11
     0.320981952E-11
     0.320982084E-11
     0.320982284E-11
     0.320982387E-11
     0.320982693E-11
     0.320983109E-11
     0.320982978E-11
     0.320983109E-11
     0.320983306E-11
     0.320983407E-11
     0.320983710E-11
     0.320984119E-11
     0.320983990E-11
     0.320984119E-11
     0.320984314E-11
     0.320984414E-11
     0.320984712E-11
     0.320985116E-11
     0.320984989E-11
     0.320985116E-11
     0.320985308E-11
     0.320985406E-11
     0.320985701E-11
     0.320986099E-11
     0.320985974E-11
     0.320986100E-11
     0.320986289E-11
     0.320986386E-11
     0.320986676E-11
     0.320987070E-11
     0.320986946E-11
     0.320987070E-11
     0.320987257E-11
     0.320987352E-11
     0.320987639E-11
     0.320988028E-11
     0.320987905E-11
     0.320988028E-11
     0.320988212E-11
     0.320988307E-11
     0.320988590E-11
     0.320988973E-11
     0.320988853E-11
     0.320988973E-11
     0.320989156E-11
     0.320989249E-11
     0.320989528E-11
     0.320989907E-11
     0.320989788E-11
     0.320989907E-11
     0.320990087E-11
     0.320990179E-11
     0.320990455E-11
     0.320990829E-11
     0.320990711E-11
     0.320990829E-11
     0.320991007E-11
     0.320991098E-11
     0.320991370E-11
     0.320991740E-11
     0.320991624E-11
     0.320991740E-11
     0.320991916E-11
     0.320992006E-11
     0.320992275E-11
     0.320992641E-11
     0.320992526E-11
     0.320992641E-11
     0.320992814E-11
     0.320992903E-11
     0.320993169E-11
     0.320993530E-11
     0.320993417E-11
     0.320993530E-11
     0.320993702E-11
     0.320993789E-11
     0.320994053E-11
     0.320994410E-11
     0.320994297E-11
     0.320994410E-11
     0.320994579E-11
     0.320994666E-11
     0.320994926E-11
     0.320995279E-11
     0.320995168E-11
     0.320995280E-11
     0.320995447E-11
     0.320995533E-11
     0.320995790E-11
     0.320996140E-11
     0.320996030E-11
     0.320996140E-11
     0.320996305E-11
     0.320996390E-11
     0.320996645E-11
     0.320996990E-11
     0.320996881E-11
     0.320996990E-11
     0.320997154E-11
     0.320997238E-11
     0.320997490E-11
     0.320997832E-11
     0.320997724E-11
     0.320997832E-11
     0.320997994E-11
     0.320998077E-11
     0.320998326E-11
     0.320998665E-11
     0.320998558E-11
     0.320998665E-11
     0.320998825E-11
     0.320998907E-11
     0.320999154E-11
     0.320999489E-11
     0.320999383E-11
     0.320999489E-11
     0.320999648E-11
     0.320999729E-11
     0.320999973E-11
     0.321000305E-11
     0.321000200E-11
     0.321000305E-11
     0.321000462E-11
     0.321000542E-11
     0.321000784E-11
     0.321001112E-11
     0.321001009E-11
     0.321001113E-11
     0.321001268E-11
     0.321001347E-11
     0.321001587E-11
     0.321001912E-11
     0.321001809E-11
     0.321001912E-11
     0.321002066E-11
     0.321002145E-11
     0.321002381E-11
     0.321002704E-11
     0.321002602E-11
     0.321002704E-11
     0.321002856E-11
     0.321002934E-11
     0.321003168E-11
     0.321003487E-11
     0.321003387E-11
     0.321003487E-11
     0.321003638E-11
     0.321003715E-11
     0.321003947E-11
     0.321004263E-11
     0.321004164E-11
     0.321004263E-11
     0.321004412E-11
     0.321004489E-11
     0.321004719E-11
     0.321005032E-11
     0.321004933E-11
     0.321005032E-11
     0.321005179E-11
     0.321005255E-11
     0.321005482E-11
     0.321005792E-11
     0.321005694E-11
     0.321005792E-11
     0.321005938E-11
     0.321006013E-11
     0.321006238E-11
     0.321006545E-11
     0.321006448E-11
     0.321006545E-11
     0.321006689E-11
     0.321006763E-11
     0.321006986E-11
     0.321007290E-11
     0.321007194E-11
     0.321007290E-11
     0.321007432E-11
     0.321007506E-11
     0.321007726E-11
     0.321008026E-11
     0.321007932E-11
     0.321008027E-11
     0.321008167E-11
     0.321008240E-11
     0.321008458E-11
     0.321008755E-11
     0.321008661E-11
     0.321008755E-11
     0.321008894E-11
     0.321008966E-11
     0.321009181E-11
     0.321009475E-11
     0.321009382E-11
     0.321009475E-11
     0.321009613E-11
     0.321009683E-11
     0.321009896E-11
     0.321010187E-11
     0.321010095E-11
     0.321010187E-11
     0.321010322E-11
     0.321010392E-11
     0.321010602E-11
     0.321010889E-11
     0.321010798E-11
     0.321010889E-11
     0.321011023E-11
     0.321011092E-11
     0.321011299E-11
     0.321011582E-11
     0.321011493E-11
     0.321011582E-11
     0.321011714E-11
     0.321011782E-11
     0.321011986E-11
     0.321012266E-11
     0.321012177E-11
     0.321012266E-11
     0.321012395E-11
     0.321012462E-11
     0.321012663E-11
     0.321012939E-11
     0.321012852E-11
     0.321012939E-11
     0.321013066E-11
     0.321013132E-11
     0.321013330E-11
     0.321013601E-11
     0.321013516E-11
     0.321013602E-11
     0.321013727E-11
     0.321013791E-11
     0.321013986E-11
     0.321014253E-11
     0.321014169E-11
     0.321014253E-11
     0.321014376E-11
     0.321014440E-11
     0.321014631E-11
     0.321014893E-11
     0.321014810E-11
     0.321014364E-11
     0.321014421E-11
     0.321014592E-11
     0.321014826E-11
     0.321014752E-11
     0.321014826E-11
     0.321014946E-11
     0.321015008E-11
     0.321015196E-11
     0.321015452E-11
     0.321015371E-11
     0.321015453E-11
     0.321015571E-11
     0.321015632E-11
     0.321015816E-11
     0.321016069E-11
     0.321015989E-11
     0.321015558E-11
     0.321015612E-11
     0.321015776E-11
     0.321015999E-11
     0.321015929E-11
     0.321016000E-11
     0.321016115E-11
     0.321016174E-11
     0.321016354E-11
     0.321016602E-11
     0.321016523E-11
     0.321016102E-11
     0.321016156E-11
     0.321016315E-11
     0.321016535E-11
     0.321016465E-11
     0.321016535E-11
     0.321016647E-11
     0.321016706E-11
     0.321016882E-11
     0.321017125E-11
     0.321017048E-11
     0.321016635E-11
     0.321016687E-11
     0.321016843E-11
     0.321017056E-11
     0.321016989E-11
     0.321017057E-11
     0.321017167E-11
     0.321017224E-11
     0.321017396E-11
     0.321017634E-11
     0.321017559E-11
     0.321017149E-11
     0.321017197E-11
     0.321017342E-11
     0.321017540E-11
     0.321017477E-11
     0.321017540E-11
     0.321017644E-11
     0.321017698E-11
     0.321017860E-11
     0.321018084E-11
     0.321018013E-11
     0.321017626E-11
     0.321017670E-11
     0.321017804E-11
     0.321017987E-11
     0.321017929E-11
     0.321017987E-11
     0.321018084E-11
     0.321018134E-11
     0.321018285E-11
     0.321018493E-11
     0.321018427E-11
     0.321018068E-11
     0.321018109E-11
     0.321018234E-11
     0.321018405E-11
     0.321018351E-11
     0.321018405E-11
     0.321018495E-11
     0.321018542E-11
     0.321018682E-11
     0.321018875E-11
     0.321018814E-11
     0.321018480E-11
     0.321018519E-11
     0.321018636E-11
     0.321018796E-11
     0.321018745E-11
     0.321018796E-11
     0.321018880E-11
     0.321018923E-11
     0.321019054E-11
     0.321019234E-11
     0.321019177E-11
     0.321018866E-11
     0.321018903E-11
     0.321019012E-11
     0.321019161E-11
     0.321019114E-11
     0.321019161E-11
     0.321019240E-11
     0.321019280E-11
     0.321019402E-11
     0.321019570E-11
     0.321019517E-11
     0.321019227E-11
     0.321019261E-11
     0.321019364E-11
     0.321019503E-11
     0.321019459E-11
     0.321019503E-11
     0.321019577E-11
     0.321019615E-11
     0.321019729E-11
     0.321019886E-11
     0.321019836E-11
     0.321019565E-11
     0.321019597E-11
     0.321019693E-11
     0.321019824E-11
     0.321019783E-11
     0.321019824E-11
     0.321019892E-11
     0.321019928E-11
     0.321020035E-11
     0.321020181E-11
     0.321020135E-11
     0.321019882E-11
     0.321019912E-11
     0.321020001E-11
     0.321020124E-11
     0.321020085E-11
     0.321020124E-11
     0.321020188E-11
     0.321020222E-11
     0.321020321E-11
     0.321020458E-11
     0.321020415E-11
     0.321020179E-11
     0.321020207E-11
     0.321020291E-11
     0.321020406E-11
     0.321020369E-11
     0.321020406E-11
     0.321020466E-11
     0.321020497E-11
     0.321020590E-11
     0.321020719E-11
     0.321020678E-11
     0.321020457E-11
     0.321020483E-11
     0.321020562E-11
     0.321020670E-11
     0.321020636E-11
     0.321020670E-11
     0.321020726E-11
     0.321020755E-11
     0.321020842E-11
     0.321020963E-11
     0.321020925E-11
     0.321020718E-11
     0.321020742E-11
     0.321020816E-11
     0.321020917E-11
     0.321020885E-11
     0.321020917E-11
     0.321020970E-11
     0.321020997E-11
     0.321021079E-11
     0.321021192E-11
     0.321021156E-11
     0.321020962E-11
     0.321020985E-11
     0.321021055E-11
     0.321021149E-11
     0.321021119E-11
     0.321021149E-11
     0.321021199E-11
     0.321021224E-11
     0.321021301E-11
     0.321021406E-11
     0.321021373E-11
     0.321021191E-11
     0.321021213E-11
     0.321021278E-11
     0.321021367E-11
     0.321021339E-11
     0.321021367E-11
     0.321021413E-11
     0.321021437E-11
     0.321021509E-11
     0.321021608E-11
     0.321021577E-11
     0.321021407E-11
     0.321021427E-11
     0.321021488E-11
     0.321021571E-11
     0.321021545E-11
     0.321021571E-11
     0.321021615E-11
     0.321021637E-11
     0.321021705E-11
     0.321021797E-11
     0.321021768E-11
     0.321021609E-11
     0.321021628E-11
     0.321021685E-11
     0.321021763E-11
     0.321021738E-11
     0.321021763E-11
     0.321021804E-11
     0.321021825E-11
     0.321021888E-11
     0.321021975E-11
     0.321021947E-11
     0.321021798E-11
     0.321021816E-11
     0.321021870E-11
     0.321021943E-11
     0.321021920E-11
     0.321021943E-11
     0.321021981E-11
     0.321022001E-11
     0.321022060E-11
     0.321022141E-11
     0.321022116E-11
     0.321021976E-11
     0.321021992E-11
     0.321022043E-11
     0.321022112E-11
     0.321022090E-11
     0.321022112E-11
     0.321022147E-11
     0.321022166E-11
     0.321022221E-11
     0.321022298E-11
     0.321022274E-11
     0.321022142E-11
     0.321022158E-11
     0.321022205E-11
     0.321022270E-11
     0.321022250E-11
     0.321022270E-11
     0.321022303E-11
     0.321022321E-11
     0.321022373E-11
     0.321022444E-11
     0.321022422E-11
     0.321022299E-11
     0.321022313E-11
     0.321022358E-11
     0.321022418E-11
     0.321022399E-11
     0.321022418E-11
     0.321022450E-11
     0.321022466E-11
     0.321022515E-11
     0.321022582E-11
     0.321022561E-11
     0.321022445E-11
     0.321022459E-11
     0.321022501E-11
     0.321022558E-11
     0.321022540E-11
     0.321022558E-11
     0.321022587E-11
     0.321022603E-11
     0.321022648E-11
     0.321022711E-11
     0.321022691E-11
     0.321022583E-11
     0.321022596E-11
     0.321022635E-11
     0.321022688E-11
     0.321022672E-11
     0.321022688E-11
     0.321022716E-11
     0.321022730E-11
     0.321022773E-11
     0.321022832E-11
     0.321022814E-11
     0.321022712E-11
     0.321022724E-11
     0.321022761E-11
     0.321022811E-11
     0.321022795E-11
     0.321022811E-11
     0.321022837E-11
     0.321022850E-11
     0.321022891E-11
     0.321022946E-11
     0.321022929E-11
     0.321022833E-11
     0.321022845E-11
     0.321022879E-11
     0.321022926E-11
     0.321022911E-11
     0.321022926E-11
     0.321022951E-11
     0.321022963E-11
     0.321023001E-11
     0.321023053E-11
     0.321023036E-11
     0.321022947E-11
     0.321022958E-11
     0.321022990E-11
     0.321023034E-11
     0.321023020E-11
     0.321023034E-11
     0.321023057E-11
     0.321023069E-11
     0.321023104E-11
     0.321023153E-11
     0.321023137E-11
     0.321023054E-11
     0.321023064E-11
     0.321023094E-11
     0.321023135E-11
     0.321023122E-11
     0.321023135E-11
     0.321023157E-11
     0.321023168E-11
     0.321023201E-11
     0.321023247E-11
     0.321023232E-11
     0.321023154E-11
     0.321023163E-11
     0.321023192E-11
     0.321023230E-11
     0.321023218E-11
     0.321023230E-11
     0.321023251E-11
     0.321023261E-11
     0.321023292E-11
     0.321023335E-11
     0.321023321E-11
     0.321023248E-11
     0.321023257E-11
     0.321023283E-11
     0.321023320E-11
     0.321023308E-11
     0.321023320E-11
     0.321023338E-11
     0.321023348E-11
     0.321023377E-11
     0.321023417E-11
     0.321023405E-11
     0.321023336E-11
     0.321023344E-11
     0.321023369E-11
     0.321023403E-11
     0.321023392E-11
     0.321023403E-11
     0.321023421E-11
     0.321023430E-11
     0.321023457E-11
     0.321023495E-11
     0.321023483E-11
     0.321023418E-11
     0.321023426E-11
     0.321023450E-11
     0.321023482E-11
     0.321023472E-11
     0.321023482E-11
     0.321023498E-11
     0.321023507E-11
     0.321023532E-11
     0.321023568E-11
     0.321023557E-11
     0.321023496E-11
     0.321023503E-11
     0.321023525E-11
     0.321023555E-11
     0.321023546E-11
     0.321023555E-11
     0.321023571E-11
     0.321023579E-11
     0.321023603E-11
     0.321023636E-11
     0.321023625E-11
     0.321023569E-11
     0.321023575E-11
     0.321023596E-11
     0.321023624E-11
     0.321023615E-11
     0.321023624E-11
     0.321023639E-11
     0.321023646E-11
     0.321023669E-11
     0.321023700E-11
     0.321023690E-11
     0.321023637E-11
     0.321023643E-11
     0.321023663E-11
     0.321023689E-11
     0.321023681E-11
     0.321023689E-11
     0.321023703E-11
     0.321023710E-11
     0.321023731E-11
     0.321023760E-11
     0.321023751E-11
     0.321023701E-11
     0.321023707E-11
     0.321023725E-11
     0.321023750E-11
     0.321023742E-11
     0.321023750E-11
     0.321023762E-11
     0.321023769E-11
     0.321023789E-11
     0.321023816E-11
     0.321023808E-11
     0.321023761E-11
     0.321023766E-11
     0.321023783E-11
     0.321023807E-11
     0.321023799E-11
     0.321023807E-11
     0.321023819E-11
     0.321023825E-11
     0.321023843E-11
     0.321023869E-11
     0.321023861E-11
     0.321023817E-11
     0.321023822E-11
     0.321023838E-11
     0.321023860E-11
     0.321023853E-11
     0.321023860E-11
     0.321023871E-11
     0.321023877E-11
     0.321023895E-11
     0.321023919E-11
     0.321023911E-11
     0.321023870E-11
     0.321023875E-11
     0.321023890E-11
     0.321023910E-11
     0.321023904E-11
     0.321023910E-11
     0.321023921E-11
     0.321023926E-11
     0.321023943E-11
     0.321023965E-11
     0.321023958E-11
     0.321023919E-11
     0.321023924E-11
     0.321023938E-11
     0.321023957E-11
     0.321023951E-11
     0.321023957E-11
     0.321023967E-11
     0.321023972E-11
     0.321023988E-11
     0.321024009E-11
     0.321024002E-11
     0.321023966E-11
     0.321023970E-11
     0.321023983E-11
     0.321024001E-11
     0.321023995E-11
     0.321024001E-11
     0.321024010E-11
     0.321024015E-11
     0.321024030E-11
     0.321024049E-11
     0.321024043E-11
     0.321024009E-11
     0.321024013E-11
     0.321024026E-11
     0.321024042E-11
     0.321024037E-11
     0.321024043E-11
     0.321024051E-11
     0.321024056E-11
     0.321024069E-11
     0.321024088E-11
     0.321024082E-11
     0.321024050E-11
     0.321024054E-11
     0.321024065E-11
     0.321024081E-11
     0.321024076E-11
     0.321024081E-11
     0.321024089E-11
     0.321024094E-11
     0.321024106E-11
     0.321024124E-11
     0.321024118E-11
     0.321024088E-11
     0.321024092E-11
     0.321024103E-11
     0.321024118E-11
     0.321024113E-11
     0.321024118E-11
     0.321024125E-11
     0.321024129E-11
     0.321024141E-11
     0.321024157E-11
     0.321024152E-11
     0.321024124E-11
     0.321024128E-11
     0.321024138E-11
     0.321024152E-11
     0.321024147E-11
     0.321024152E-11
     0.321024159E-11
     0.321024163E-11
     0.321024174E-11
     0.321024189E-11
     0.321024184E-11
     0.321024158E-11
     0.321024161E-11
     0.321024171E-11
     0.321024184E-11
     0.321024180E-11
     0.321024184E-11
     0.321024190E-11
     0.321024194E-11
     0.321024204E-11
     0.321024219E-11
     0.321024214E-11
     0.321024189E-11
     0.321024192E-11
     0.321024201E-11
     0.321024214E-11
     0.321024210E-11
     0.321024214E-11
     0.321024220E-11
     0.321024223E-11
     0.321024233E-11
     0.321024246E-11
     0.321024242E-11
     0.321024219E-11
     0.321024222E-11
     0.321024230E-11
     0.321024242E-11
     0.321024238E-11
     0.321024242E-11
     0.321024248E-11
     0.321024251E-11
     0.321024260E-11
     0.321024273E-11
     0.321024269E-11
     0.321024247E-11
     0.321024250E-11
     0.321024257E-11
     0.321024268E-11
     0.321024265E-11
     0.321024268E-11
     0.321024274E-11
     0.321024277E-11
     0.321024285E-11
     0.321024297E-11
     0.321024293E-11
     0.321024273E-11
     0.321024275E-11
     0.321024283E-11
     0.321024293E-11
     0.321024290E-11
     0.321024293E-11
     0.321024298E-11
     0.321024301E-11
     0.321024309E-11
     0.321024320E-11
     0.321024316E-11
     0.321024297E-11
     0.321024300E-11
     0.321024307E-11
     0.321024316E-11
     0.321024313E-11
     0.321024316E-11
     0.321024321E-11
     0.321024323E-11
     0.321024331E-11
     0.321024341E-11
     0.321024338E-11
     0.321024320E-11
     0.321024322E-11
     0.321024329E-11
     0.321024338E-11
     0.321024335E-11
     0.321024338E-11
     0.321024342E-11
     0.321024345E-11
     0.321024352E-11
     0.321024362E-11
     0.321024359E-11
     0.321024342E-11
     0.321024344E-11
     0.321024350E-11
     0.321024358E-11
     0.321024356E-11
     0.321024358E-11
     0.321024363E-11
     0.321024365E-11
     0.321024371E-11
     0.321024381E-11
     0.321024378E-11
     0.321024362E-11
     0.321024364E-11
     0.321024370E-11
     0.321024377E-11
     0.321024375E-11
     0.321024377E-11
     0.321024381E-11
     0.321024383E-11
     0.321024390E-11
     0.321024398E-11
     0.321024396E-11
     0.321024381E-11
     0.321024383E-11
     0.321024388E-11
     0.321024395E-11
     0.321024393E-11
     0.321024395E-11
     0.321024399E-11
     0.321024401E-11
     0.321024407E-11
     0.321024415E-11
     0.321024412E-11
     0.321024399E-11
     0.321024400E-11
     0.321024405E-11
     0.321024412E-11
     0.321024410E-11
     0.321024412E-11
     0.321024416E-11
     0.321024417E-11
     0.321024423E-11
     0.321024430E-11
     0.321024428E-11
     0.321024415E-11
     0.321024417E-11
     0.321024421E-11
     0.321024428E-11
     0.321024426E-11
     0.321024428E-11
     0.321024431E-11
     0.321024433E-11
     0.321024438E-11
     0.321024445E-11
     0.321024443E-11
     0.321024431E-11
     0.321024432E-11
     0.321024437E-11
     0.321024443E-11
     0.321024441E-11
     0.321024443E-11
     0.321024446E-11
     0.321024447E-11
     0.321024452E-11
     0.321024459E-11
     0.321024457E-11
     0.321024445E-11
     0.321024447E-11
     0.321024451E-11
     0.321024456E-11
     0.321024455E-11
     0.321024456E-11
     0.321024459E-11
     0.321024461E-11
     0.321024465E-11
     0.321024472E-11
     0.321024470E-11
     0.321024459E-11
     0.321024460E-11
     0.321024464E-11
     0.321024469E-11
     0.321024468E-11
     0.321024469E-11
     0.321024472E-11
     0.321024474E-11
     0.321024478E-11
     0.321024484E-11
     0.321024482E-11
     0.321024472E-11
     0.321024473E-11
     0.321024477E-11
     0.321024482E-11
     0.321024480E-11
     0.321024482E-11
     0.321024484E-11
     0.321024486E-11
     0.321024490E-11
     0.321024495E-11
     0.321024493E-11
     0.321024484E-11
     0.321024485E-11
     0.321024488E-11
     0.321024493E-11
     0.321024492E-11
     0.321024493E-11
     0.321024495E-11
     0.321024497E-11
     0.321024500E-11
     0.321024506E-11
     0.321024504E-11
     0.321024495E-11
     0.321024496E-11
     0.321024499E-11
     0.321024504E-11
     0.321024502E-11
     0.321024504E-11
     0.321024506E-11
     0.321024507E-11
     0.321024511E-11
     0.321024516E-11
     0.321024514E-11
     0.321024506E-11
     0.321024507E-11
     0.321024510E-11
     0.321024514E-11
     0.321024513E-11
     0.321024514E-11
     0.321024516E-11
     0.321024517E-11
     0.321024520E-11
     0.321024525E-11
     0.321024523E-11
     0.321024516E-11
     0.321024517E-11
     0.321024519E-11
     0.321024523E-11
     0.321024522E-11
     0.321024523E-11
     0.321024525E-11
     0.321024526E-11
     0.321024529E-11
     0.321024534E-11
     0.321024532E-11
     0.321024525E-11
     0.321024526E-11
     0.321024528E-11
     0.321024532E-11
     0.321024531E-11
     0.321024532E-11
     0.321024534E-11
     0.321024535E-11
     0.321024538E-11
     0.321024542E-11
     0.321024541E-11
     0.321024534E-11
     0.321024535E-11
     0.321024537E-11
     0.321024540E-11
     0.321024539E-11
     0.321024540E-11
     0.321024542E-11
     0.321024543E-11
     0.321024546E-11
     0.321024549E-11
     0.321024548E-11
     0.321024542E-11
     0.321024543E-11
     0.321024545E-11
     0.321024548E-11
     0.321024547E-11
     0.321024548E-11
     0.321024550E-11
     0.321024551E-11
     0.321024553E-11
     0.321024557E-11
     0.321024556E-11
     0.321024550E-11
     0.321024550E-11
     0.321024552E-11
     0.321024555E-11
     0.321024554E-11
     0.321024555E-11
     0.321024557E-11
     0.321024558E-11
     0.321024560E-11
     0.321024563E-11
     0.321024562E-11
     0.321024557E-11
     0.321024557E-11
     0.321024559E-11
     0.321024562E-11
     0.321024561E-11
     0.321024562E-11
     0.321024564E-11
     0.321024564E-11
     0.321024567E-11
     0.321024570E-11
     0.321024569E-11
     0.321024563E-11
     0.321024564E-11
     0.321024566E-11
     0.321024569E-11
     0.321024568E-11
     0.321024569E-11
     0.321024570E-11
     0.321024571E-11
     0.321024573E-11
     0.321024576E-11
     0.321024575E-11
     0.321024570E-11
     0.321024570E-11
     0.321024572E-11
     0.321024575E-11
     0.321024574E-11
     0.321024575E-11
     0.321024576E-11
     0.321024577E-11
     0.321024579E-11
     0.321024581E-11
     0.321024580E-11
     0.321024576E-11
     0.321024576E-11
     0.321024578E-11
     0.321024580E-11
     0.321024580E-11
     0.321024580E-11
     0.321024581E-11
     0.321024582E-11
     0.321024584E-11
     0.321024586E-11
     0.321024586E-11
     0.321024581E-11
     0.321024582E-11
     0.321024583E-11
     0.321024586E-11
     0.321024585E-11
     0.321024586E-11
     0.321024587E-11
     0.321024587E-11
     0.321024589E-11
     0.321024591E-11
     0.321024591E-11
     0.321024587E-11
     0.321024587E-11
     0.321024588E-11
     0.321024591E-11
     0.321024590E-11
     0.321024591E-11
     0.321024592E-11
     0.321024592E-11
     0.321024594E-11
     0.321024596E-11
     0.321024595E-11
     0.321024591E-11
     0.321024592E-11
     0.321024593E-11
     0.321024595E-11
     0.321024595E-11
     0.321024595E-11
     0.321024596E-11
     0.321024597E-11
     0.321024598E-11
     0.321024600E-11
     0.321024600E-11
     0.321024596E-11
     0.321024596E-11
     0.321024598E-11
     0.321024599E-11
     0.321024599E-11
     0.321024599E-11
     0.321024600E-11
     0.321024601E-11
     0.321024602E-11
     0.321024604E-11
     0.321024604E-11
     0.321024600E-11
     0.321024601E-11
     0.321024602E-11
     0.321024604E-11
     0.321024603E-11
     0.321024604E-11
     0.321024604E-11
     0.321024605E-11
     0.321024606E-11
     0.321024608E-11
     0.321024607E-11
     0.321024604E-11
     0.321024605E-11
     0.321024606E-11
     0.321024607E-11
     0.321024607E-11
     0.321024607E-11
     0.321024608E-11
     0.321024609E-11
     0.321024610E-11
     0.321024612E-11
     0.321024611E-11
     0.321024608E-11
     0.321024608E-11
     0.321024610E-11
     0.321024611E-11
     0.321024611E-11
     0.321024611E-11
     0.321024612E-11
     0.321024612E-11
     0.321024613E-11
     0.321024615E-11
     0.321024614E-11
     0.321024612E-11
     0.321024612E-11
     0.321024613E-11
     0.321024614E-11
     0.321024614E-11
     0.321024614E-11
     0.321024615E-11
     0.321024615E-11
     0.321024617E-11
     0.321024618E-11
     0.321024618E-11
     0.321024615E-11
     0.321024615E-11
     0.321024616E-11
     0.321024617E-11
     0.321024617E-11
     0.321024617E-11
     0.321024618E-11
     0.321024618E-11
     0.321024620E-11
     0.321024621E-11
     0.321024620E-11
     0.321024618E-11
     0.321024618E-11
     0.321024619E-11
     0.321024620E-11
     0.321024620E-11
     0.321024620E-11
     0.321024621E-11
     0.321024621E-11
     0.321024622E-11
     0.321024624E-11
     0.321024623E-11
     0.321024621E-11
     0.321024621E-11
     0.321024622E-11
     0.321024623E-11
     0.321024623E-11
     0.321024623E-11
     0.321024624E-11
     0.321024624E-11
     0.321024625E-11
     0.321024626E-11
     0.321024626E-11
     0.321024624E-11
     0.321024624E-11
     0.321024625E-11
     0.321024626E-11
     0.321024625E-11
     0.321024626E-11
     0.321024626E-11
     0.321024627E-11
     0.321024627E-11
     0.321024629E-11
     0.321024628E-11
     0.321024626E-11
     0.321024627E-11
     0.321024627E-11
     0.321024628E-11
     0.321024628E-11
     0.321024628E-11
     0.321024629E-11
     0.321024629E-11
     0.321024630E-11
     0.321024631E-11
     0.321024631E-11
     0.321024629E-11
     0.321024629E-11
     0.321024630E-11
     0.321024631E-11
     0.321024630E-11
     0.321024631E-11
     0.321024631E-11
     0.321024631E-11
     0.321024632E-11
     0.321024633E-11
     0.321024633E-11
     0.321024631E-11
     0.321024631E-11
     0.321024632E-11
     0.321024633E-11
     0.321024632E-11
     0.321024633E-11
     0.321024633E-11
     0.321024633E-11
     0.321024634E-11
     0.321024635E-11
     0.321024635E-11
     0.321024633E-11
     0.321024633E-11
     0.321024634E-11
     0.321024635E-11
     0.321024634E-11
     0.321024635E-11
     0.321024635E-11
     0.321024635E-11
     0.321024636E-11
     0.321024637E-11
     0.321024637E-11
     0.321024635E-11
     0.321024635E-11
     0.321024636E-11
     0.321024637E-11
     0.321024636E-11
     0.321024637E-11
     0.321024637E-11
     0.321024637E-11
     0.321024638E-11
     0.321024639E-11
     0.321024638E-11
     0.321024637E-11
     0.321024637E-11
     0.321024638E-11
     0.321024638E-11
     0.321024638E-11
     0.321024638E-11
     0.321024639E-11
     0.321024639E-11
     0.321024639E-11
     0.321024640E-11
     0.321024640E-11
     0.321024639E-11
     0.321024639E-11
     0.321024639E-11
     0.321024640E-11
     0.321024640E-11
     0.321024640E-11
     0.321024640E-11
     0.321024641E-11
     0.321024641E-11
     0.321024642E-11
     0.321024642E-11
     0.321024640E-11
     0.321024640E-11
     0.321024641E-11
     0.321024642E-11
     0.321024641E-11
     0.321024642E-11
     0.321024642E-11
     0.321024642E-11
     0.321024643E-11
     0.321024643E-11
     0.321024643E-11
     0.321024642E-11
     0.321024642E-11
     0.321024642E-11
     0.321024643E-11
     0.321024643E-11
     0.321024643E-11
     0.321024643E-11
     0.321024643E-11
     0.321024644E-11
     0.321024645E-11
     0.321024644E-11
     0.321024643E-11
     0.321024643E-11
     0.321024644E-11
     0.321024644E-11
     0.321024644E-11
     0.321024644E-11
     0.321024645E-11
     0.321024645E-11
     0.321024645E-11
     0.321024646E-11
     0.321024646E-11
     0.321024645E-11
     0.321024645E-11
     0.321024645E-11
     0.321024646E-11
     0.321024645E-11
     0.321024646E-11
     0.321024646E-11
     0.321024646E-11
     0.321024646E-11
     0.321024647E-11
     0.321024647E-11
     0.321024646E-11
     0.321024646E-11
     0.321024646E-11
     0.321024647E-11
     0.321024647E-11
     0.321024647E-11
     0.321024647E-11
     0.321024647E-11
     0.321024648E-11
     0.321024648E-11
     0.321024648E-11
     0.321024647E-11
     0.321024647E-11
     0.321024647E-11
     0.321024648E-11
     0.321024648E-11
     0.321024648E-11
     0.321024648E-11
     0.321024648E-11
     0.321024649E-11
     0.321024649E-11
     0.321024649E-11
     0.321024648E-11
     0.321024648E-11
     0.321024649E-11
     0.321024649E-11
     0.321024649E-11
     0.321024649E-11
     0.321024649E-11
     0.321024649E-11
     0.321024650E-11
     0.321024650E-11
     0.321024650E-11
     0.321024649E-11
     0.321024649E-11
     0.321024650E-11
     0.321024650E-11
     0.321024650E-11
     0.321024650E-11
     0.321024650E-11
     0.321024650E-11
     0.321024651E-11
     0.321024651E-11
     0.321024651E-11
     0.321024650E-11
     0.321024650E-11
     0.321024651E-11
     0.321024651E-11
     0.321024651E-11
     0.321024651E-11
     0.321024651E-11
     0.321024651E-11
     0.321024652E-11
     0.321024652E-11
     0.321024652E-11
     0.321024651E-11
     0.321024651E-11
     0.321024651E-11
     0.321024652E-11
     0.321024652E-11
     0.321024652E-11
     0.321024652E-11
     0.321024652E-11
     0.321024652E-11
     0.321024653E-11
     0.321024653E-11
     0.321024652E-11
     0.321024652E-11
     0.321024652E-11
     0.321024653E-11
     0.321024653E-11
     0.321024653E-11
     0.321024653E-11
     0.321024653E-11
     0.321024653E-11
     0.321024653E-11
     0.321024653E-11
     0.321024653E-11
     0.321024653E-11
     0.321024653E-11
     0.321024653E-11
     0.321024653E-11
     0.321024653E-11
     0.321024654E-11
     0.321024654E-11
     0.321024654E-11
     0.321024654E-11
     0.321024654E-11
     0.321024654E-11
     0.321024654E-11
     0.321024654E-11
     0.321024654E-11
     0.321024654E-11
     0.321024654E-11
     0.321024654E-11
     0.321024654E-11
     0.321024655E-11
     0.321024655E-11
     0.321024655E-11
     0.321024654E-11
     0.321024654E-11
     0.321024654E-11
     0.321024655E-11
     0.321024655E-11
     0.321024655E-11
     0.321024655E-11
     0.321024655E-11
     0.321024655E-11
     0.321024655E-11
     0.321024655E-11
     0.321024655E-11
     0.321024655E-11
     0.321024655E-11
     0.321024655E-11
     0.321024655E-11
     0.321024655E-11
     0.321024656E-11
     0.321024656E-11
     0.321024656E-11
     0.321024656E-11
     0.321024656E-11
     0.321024656E-11
     0.321024656E-11
     0.321024656E-11
     0.321024656E-11
     0.321024656E-11
     0.321024656E-11
     0.321024656E-11
     0.321024656E-11
     0.321024656E-11
     0.321024657E-11
     0.321024657E-11
     0.321024656E-11
     0.321024656E-11
     0.321024656E-11
     0.321024657E-11
     0.321024656E-11
     0.321024657E-11
     0.321024657E-11
     0.321024657E-11
     0.321024657E-11
     0.321024657E-11
     0.321024657E-11
     0.321024657E-11
     0.321024657E-11
     0.321024657E-11
     0.321024657E-11
     0.321024657E-11
     0.321024657E-11
     0.321024657E-11
     0.321024657E-11
     0.321024657E-11
     0.321024658E-11
     0.321024658E-11
     0.321024657E-11
     0.321024657E-11
     0.321024657E-11
     0.321024658E-11
     0.321024657E-11
     0.321024658E-11
     0.321024658E-11
     0.321024658E-11
     0.321024658E-11
     0.321024658E-11
     0.321024658E-11
     0.321024658E-11
     0.321024658E-11
     0.321024658E-11
     0.321024658E-11
     0.321024658E-11
     0.321024658E-11
     0.321024658E-11
     0.321024658E-11
     0.321024658E-11
     0.321024658E-11
     0.321024658E-11
     0.321024658E-11
     0.321024658E-11
     0.321024658E-11
     0.321024658E-11
     0.321024658E-11
     0.321024658E-11
     0.321024659E-11
     0.321024659E-11
     0.321024659E-11
     0.321024659E-11
     0.321024659E-11
     0.321024658E-11
     0.321024659E-11
     0.321024659E-11
     0.321024659E-11
     0.321024659E-11
     0.321024659E-11
     0.321024659E-11
     0.321024659E-11
     0.321024659E-11
     0.321024659E-11
     0.321024659E-11
     0.321024659E-11
     0.321024659E-11
     0.321024659E-11
     0.321024659E-11
     0.321024659E-11
     0.321024659E-11
     0.321024659E-11
     0.321024659E-11
     0.321024659E-11
     0.321024660E-11
     0.321024660E-11
     0.321024659E-11
     0.321024659E-11
     0.321024659E-11
     0.321024660E-11
     0.321024660E-11
     0.321024660E-11
     0.321024660E-11
     0.321024660E-11
     0.321024660E-11
     0.321024660E-11
     0.321024660E-11
     0.321024660E-11
     0.321024660E-11
     0.321024660E-11
     0.321024660E-11
     0.321024660E-11
     0.321024660E-11
     0.321024660E-11
     0.321024660E-11
     0.321024660E-11
     0.321024660E-11
     0.321024660E-11
     0.321024660E-11
     0.321024660E-11
     0.321024660E-11
     0.321024660E-11
     0.321024660E-11
     0.321024660E-11
     0.321024660E-11
     0.321024660E-11
     0.321024660E-11
     0.321024661E-11
     0.321024660E-11
     0.321024660E-11
     0.321024660E-11
     0.321024660E-11
     0.321024660E-11
     0.321024660E-11
     0.321024660E-11
     0.321024661E-11
     0.321024661E-11
     0.321024661E-11
     0.321024661E-11
     0.321024661E-11
     0.321024661E-11
     0.321024661E-11
     0.321024661E-11
     0.321024661E-11
     0.321024661E-11
     0.321024661E-11
     0.321024661E-11
     0.321024661E-11
     0.321024661E-11
     0.321024661E-11
     0.321024661E-11
     0.321024661E-11
     0.321024661E-11
     0.321024661E-11
     0.321024661E-11
     0.321024661E-11
     0.321024661E-11
     0.321024661E-11
     0.321024661E-11
     0.321024661E-11
     0.321024661E-11
     0.321024661E-11
     0.321024661E-11
     0.321024661E-11
     0.321024661E-11
     0.321024661E-11
     0.321024661E-11
     0.321024661E-11
     0.321024661E-11
     0.321024661E-11
     0.321024661E-11
     0.321024662E-11
     0.321024661E-11
     0.321024661E-11
     0.321024661E-11
     0.321024661E-11
     0.321024661E-11
     0.321024661E-11
     0.321024661E-11
     0.321024662E-11
     0.321024662E-11
     0.321024662E-11
     0.321024662E-11
     0.321024662E-11
     0.321024662E-11
     0.321024662E-11
     0.321024662E-11
     0.321024662E-11
     0.321024662E-11
     0.321024662E-11
     0.321024662E-11
     0.321024662E-11
     0.321024662E-11
     0.321024662E-11
     0.321024662E-11
     0.321024662E-11
     0.321024662E-11
     0.321024662E-11
     0.321024662E-11
     0.321024662E-11
     0.321024662E-11
     0.321024662E-11
     0.321024662E-11
     0.321024662E-11
     0.321024662E-11
     0.321024662E-11
     0.321024662E-11
     0.321024662E-11
     0.321024662E-11
     0.321024662E-11
     0.321024662E-11
     0.321024662E-11
     0.321024662E-11
     0.321024662E-11
     0.321024662E-11
     0.321024662E-11
     0.321024662E-11
     0.321024662E-11
     0.321024662E-11
     0.321024662E-11
     0.321024662E-11
     0.321024662E-11
     0.321024662E-11
     0.321024662E-11
     0.321024662E-11
     0.321024662E-11
     0.321024662E-11
     0.321024662E-11
     0.321024662E-11
     0.321024662E-11
     0.321024662E-11
     0.321024662E-11
     0.321024662E-11
     0.321024662E-11
     0.321024662E-11
     0.321024662E-11
     0.321024663E-11
     0.321024663E-11
     0.321024663E-11
     0.321024662E-11
     0.321024662E-11
     0.321024662E-11
     0.321024663E-11
     0.321024663E-11
     0.321024663E-11
     0.321024663E-11
     0.321024663E-11
     0.321024663E-11
     0.321024663E-11
     0.321024663E-11
     0.321024663E-11
     0.321024663E-11
     0.321024663E-11
     0.321024663E-11
     0.321024663E-11
     0.321024663E-11
     0.321024663E-11
     0.321024663E-11
     0.321024663E-11
     0.321024663E-11
     0.321024663E-11
     0.321024663E-11
     0.321024663E-11
     0.321024663E-11
     0.321024663E-11
     0.321024663E-11
     0.321024663E-11
     0.321024663E-11
     0.321024663E-11
     0.321024663E-11
     0.321024663E-11
     0.321024663E-11
     0.321024663E-11
     0.321024663E-11
     0.321024663E-11
     0.321024663E-11
     0.321024663E-11
     0.321024663E-11
     0.321024663E-11
     0.321024663E-11
     0.321024663E-11
     0.321024663E-11
     0.321024663E-11
     0.321024663E-11
     0.321024663E-11
     0.321024663E-11
     0.321024663E-11
     0.321024663E-11
     0.321024663E-11
     0.321024663E-11
     0.321024663E-11
     0.321024663E-11
     0.321024663E-11
     0.321024663E-11
     0.321024663E-11
     0.321024663E-11
     0.321024663E-11
     0.321024663E-11
     0.321024663E-11
     0.321024663E-11
     0.321024663E-11
     0.321024663E-11
     0.321024663E-11
     0.321024663E-11
     0.321024663E-11
     0.321024663E-11
     0.321024663E-11
     0.321024663E-11
     0.321024663E-11
     0.321024663E-11
     0.321024663E-11
     0.321024663E-11
     0.321024663E-11
     0.321024663E-11
     0.321024663E-11
     0.321024663E-11
     0.321024663E-11
     0.321024663E-11
     0.321024663E-11
     0.321024663E-11
     0.321024663E-11
     0.321024663E-11
     0.321024663E-11
     0.321024663E-11
     0.321024663E-11
     0.321024663E-11
     0.321024663E-11
     0.321024663E-11
     0.321024663E-11
     0.321024663E-11
     0.321024663E-11
     0.321024663E-11
     0.321024663E-11
     0.321024663E-11
     0.321024664E-11
     0.321024664E-11
     0.321024664E-11
     0.321024664E-11
     0.321024663E-11
     0.321024663E-11
     0.321024664E-11
     0.321024664E-11
     0.321024664E-11
     0.321024664E-11
     0.321024664E-11
     0.321024664E-11
     0.321024664E-11
     0.321024664E-11
     0.321024664E-11
     0.321024664E-11
     0.321024664E-11
     0.321024664E-11
     0.321024664E-11
     0.321024664E-11
     0.321024664E-11
     0.321024664E-11
     0.321024664E-11
     0.321024664E-11
     0.321024664E-11
     0.321024664E-11
     0.321024664E-11
     0.321024664E-11
     0.321024664E-11
     0.321024664E-11
     0.321024664E-11
     0.321024664E-11
     0.321024664E-11
     0.321024664E-11
     0.321024664E-11
     0.321024664E-11
     0.321024664E-11
     0.321024664E-11
     0.321024664E-11
     0.321024664E-11
     0.321024664E-11
     0.321024664E-11
     0.321024664E-11
     0.321024664E-11
     0.321024664E-11
     0.321024664E-11
     0.321024664E-11
     0.321024664E-11
     0.321024664E-11
     0.321024664E-11
     0.321024664E-11
     0.321024664E-11
     0.321024664E-11
     0.321024664E-11
     0.321024664E-11
     0.321024664E-11
     0.321024664E-11
     0.321024664E-11
     0.321024664E-11
     0.321024664E-11
     0.321024664E-11
     0.321024664E-11
     0.321024664E-11
     0.321024664E-11
     0.321024664E-11
     0.321024664E-11
     0.321024664E-11
     0.321024664E-11
     0.321024664E-11
     0.321024664E-11
     0.321024664E-11
     0.321024664E-11
     0.321024664E-11
     0.321024664E-11
     0.321024664E-11
     0.321024664E-11
     0.321024664E-11
     0.321024664E-11
     0.321024664E-11
     0.321024664E-11
     0.321024664E-11
     0.321024664E-11
     0.321024664E-11
     0.321024664E-11
     0.321024664E-11
     0.321024664E-11
     0.321024664E-11
     0.321024664E-11
     0.321024664E-11
     0.321024664E-11
     0.321024664E-11
     0.321024664E-11
     0.321024664E-11
     0.321024664E-11
     0.321024664E-11
     0.321024664E-11
     0.321024664E-11
     0.321024664E-11
     0.321024664E-11
     0.321024664E-11
     0.321024664E-11
     0.321024664E-11
     0.321024664E-11
     0.321024664E-11
     0.321024664E-11
     0.321024664E-11
     0.321024664E-11
     0.321024664E-11
     0.321024664E-11
     0.321024664E-11
     0.321024664E-11
     0.321024664E-11
     0.321024664E-11
     0.321024664E-11
     0.321024664E-11
     0.321024664E-11
     0.321024664E-11
     0.321024664E-11
     0.321024664E-11
     0.321024664E-11
     0.321024664E-11
     0.321024664E-11
     0.321024664E-11
     0.321024664E-11
     0.321024664E-11
     0.321024664E-11
     0.321024664E-11
     0.321024664E-11
     0.321024664E-11
     0.321024664E-11
     0.321024664E-11
     0.321024664E-11
     0.321024664E-11
     0.321024664E-11
     0.321024664E-11
     0.321024664E-11
     0.321024664E-11
     0.321024664E-11
     0.321024664E-11
     0.321024664E-11
     0.321024664E-11
     0.321024664E-11
     0.321024664E-11
     0.321024664E-11
     0.321024664E-11
     0.321024664E-11
     0.321024664E-11
     0.321024664E-11
     0.321024664E-11
     0.321024664E-11
     0.321024664E-11
     0.321024664E-11
     0.321024664E-11
     0.321024664E-11
     0.321024664E-11
     0.321024664E-11
     0.321024664E-11
     0.321024664E-11
     0.321024664E-11
     0.321024664E-11
     0.321024664E-11
     0.321024664E-11
     0.321024664E-11
     0.321024664E-11
     0.321024664E-11
     0.321024664E-11
     0.321024664E-11
     0.321024664E-11
     0.321024664E-11
     0.321024664E-11
     0.321024664E-11
     0.321024664E-11
     0.321024664E-11
     0.321024664E-11
     0.321024664E-11
     0.321024664E-11
     0.321024664E-11
     0.321024664E-11
     0.321024664E-11
     0.321024664E-11
     0.321024664E-11
     0.321024664E-11
     0.321024664E-11
     0.321024664E-11
     0.321024664E-11
     0.321024664E-11
     0.321024664E-11
     0.321024664E-11
     0.321024664E-11
     0.321024664E-11
     0.321024664E-11
     0.321024664E-11
     0.321024664E-11
     0.321024664E-11
     0.321024664E-11
     0.321024664E-11
     0.321024664E-11
     0.321024664E-11
     0.321024664E-11
     0.321024664E-11
     0.321024664E-11
     0.321024664E-11
     0.321024664E-11
     0.321024664E-11
     0.321024664E-11
     0.321024664E-11
     0.321024664E-11
     0.321024664E-11
     0.321024664E-11
     0.321024664E-11
     0.321024664E-11
     0.321024664E-11
     0.321024664E-11
     0.321024664E-11
     0.321024664E-11
     0.321024664E-11
     0.321024664E-11
     0.321024664E-11
     0.321024664E-11
     0.321024664E-11
     0.321024664E-11
     0.321024664E-11
     0.321024664E-11
     0.321024664E-11
     0.321024664E-11
     0.321024664E-11
     0.321024664E-11
     0.321024664E-11
     0.321024664E-11
     0.321024664E-11
     0.321024664E-11
     0.321024664E-11
     0.321024665E-11
     0.321024665E-11
     0.321024665E-11
     0.321024664E-11
     0.321024664E-11
     0.321024664E-11
     0.321024665E-11
     0.321024665E-11
     0.321024665E-11
     0.321024665E-11
     0.321024665E-11
     0.321024665E-11
     0.321024665E-11
     0.321024665E-11
     0.321024665E-11
     0.321024665E-11
     0.321024665E-11
     0.321024665E-11
     0.321024665E-11
     0.321024665E-11
     0.321024665E-11
     0.321024665E-11
     0.321024665E-11
     0.321024665E-11
     0.321024665E-11
     0.321024665E-11
     0.321024665E-11
     0.321024665E-11
     0.321024665E-11
     0.321024665E-11
     0.321024665E-11
     0.321024665E-11
     0.321024665E-11
     0.321024665E-11
     0.321024665E-11
     0.321024665E-11
     0.321024665E-11
     0.321024665E-11
     0.321024665E-11
     0.321024665E-11
     0.321024665E-11
     0.321024665E-11
     0.321024665E-11
     0.321024665E-11
     0.321024665E-11
     0.321024665E-11
     0.321024665E-11
     0.321024665E-11
     0.321024665E-11
     0.321024665E-11
     0.321024665E-11
     0.321024665E-11
     0.321024665E-11
     0.321024665E-11
     0.321024665E-11
     0.321024665E-11
     0.321024665E-11
     0.321024665E-11
     0.321024665E-11
     0.321024665E-11
     0.321024665E-11
     0.321024665E-11
     0.321024665E-11
     0.321024665E-11
     0.321024665E-11
     0.321024665E-11
     0.321024665E-11
     0.321024665E-11
     0.321024665E-11
     0.321024665E-11
     0.321024665E-11
     0.321024665E-11
     0.321024665E-11
     0.321024665E-11
     0.321024665E-11
     0.321024665E-11
     0.321024665E-11
     0.321024665E-11
     0.321024665E-11
     0.321024665E-11
     0.321024665E-11
     0.321024665E-11
     0.321024665E-11
     0.321024665E-11
     0.321024665E-11
     0.321024665E-11
     0.321024665E-11
     0.321024665E-11
     0.321024665E-11
     0.321024665E-11
     0.321024665E-11
     0.321024665E-11
     0.321024665E-11
     0.321024665E-11
     0.321024665E-11
     0.321024665E-11
     0.321024665E-11
     0.321024665E-11
     0.321024665E-11
     0.321024665E-11
     0.321024665E-11
     0.321024665E-11
     0.321024665E-11
     0.321024665E-11
     0.321024665E-11
     0.321024665E-11
     0.321024665E-11
     0.321024665E-11
     0.321024665E-11
     0.321024665E-11
     0.321024665E-11
     0.321024665E-11
     0.321024665E-11
     0.321024665E-11
     0.321024665E-11
     0.321024665E-11
     0.321024665E-11
     0.321024665E-11
     0.321024665E-11
     0.321024665E-11
     0.321024665E-11
     0.321024665E-11
     0.321024665E-11
     0.321024665E-11
     0.321024665E-11
     0.321024665E-11
     0.321024665E-11
     0.321024665E-11
     0.321024665E-11
     0.321024665E-11
     0.321024665E-11
     0.321024665E-11
     0.321024665E-11
     0.321024665E-11
     0.321024665E-11
     0.321024665E-11
     0.321024665E-11
     0.321024665E-11
     0.321024665E-11
     0.321024665E-11
     0.321024665E-11
     0.321024665E-11
     0.321024665E-11
     0.321024665E-11
     0.321024665E-11
     0.321024665E-11
     0.321024665E-11
     0.321024665E-11
     0.321024665E-11
     0.321024665E-11
     0.321024665E-11
     0.321024665E-11
     0.321024665E-11
     0.321024665E-11
     0.321024665E-11
     0.321024665E-11
     0.321024665E-11
     0.321024665E-11
     0.321024665E-11
     0.321024665E-11
     0.321024665E-11
     0.321024665E-11
     0.321024665E-11
     0.321024665E-11
     0.321024665E-11
     0.321024665E-11
     0.321024665E-11
     0.321024665E-11
     0.321024665E-11
     0.321024665E-11
     0.321024665E-11
     0.321024665E-11
     0.321024665E-11
     0.321024665E-11
     0.321024665E-11
     0.321024665E-11
     0.321024665E-11
     0.321024665E-11
     0.321024665E-11
     0.321024665E-11
     0.321024665E-11
     0.321024665E-11
     0.321024665E-11
     0.321024665E-11
     0.321024665E-11
     0.321024665E-11
     0.321024665E-11
     0.321024665E-11
     0.321024665E-11
     0.321024665E-11
     0.321024665E-11
     0.321024665E-11
     0.321024665E-11
     0.321024665E-11
     0.321024665E-11
     0.321024665E-11
     0.321024665E-11
     0.321024665E-11
     0.321024665E-11
     0.321024665E-11
     0.321024665E-11
     0.321024665E-11
     0.321024665E-11
     0.321024665E-11
     0.321024665E-11
     0.321024665E-11
     0.321024665E-11
     0.321024665E-11
     0.321024665E-11
     0.321024665E-11
     0.321024665E-11
     0.321024665E-11
     0.321024665E-11
     0.321024665E-11
     0.321024665E-11
     0.321024665E-11
     0.321024665E-11
     0.321024665E-11
     0.321024665E-11
     0.321024665E-11
     0.321024665E-11
     0.321024665E-11
     0.321024665E-11
     0.321024665E-11
     0.321024665E-11
     0.321024665E-11
     0.321024665E-11
     0.321024665E-11
     0.321024665E-11
     0.321024665E-11
     0.321024665E-11
     0.321024665E-11
     0.321024665E-11
     0.321024665E-11
     0.321024665E-11
     0.321024665E-11
     0.321024665E-11
     0.321024665E-11
     0.321024665E-11
     0.321024665E-11
     0.321024665E-11
     0.321024665E-11
     0.321024665E-11
     0.321024665E-11
     0.321024665E-11
     0.321024665E-11
     0.321024665E-11
     0.321024665E-11
     0.321024665E-11
     0.321024665E-11
     0.321024665E-11
     0.321024665E-11
     0.321024665E-11
     0.321024665E-11
     0.321024665E-11
     0.321024665E-11
     0.321024665E-11
     0.321024665E-11
     0.321024665E-11
     0.321024665E-11
     0.321024665E-11
     0.321024665E-11
     0.321024665E-11
     0.321024665E-11
     0.321024665E-11
     0.321024665E-11
     0.321024665E-11
     0.321024665E-11
     0.321024665E-11
     0.321024665E-11
     0.321024665E-11
     0.321024665E-11
     0.321024665E-11
     0.321024665E-11
     0.321024665E-11
     0.321024665E-11
     0.321024665E-11
     0.321024665E-11
     0.321024665E-11
     0.321024665E-11
     0.321024665E-11
     0.321024665E-11
     0.321024665E-11
     0.321024665E-11
     0.321024665E-11
     0.321024665E-11
     0.321024665E-11
     0.321024665E-11
     0.321024665E-11
     0.321024665E-11
     0.321024665E-11
     0.321024665E-11
     0.321024665E-11
     0.321024665E-11
     0.321024665E-11
     0.321024665E-11
     0.321024665E-11
     0.321024665E-11
     0.321024665E-11
     0.321024665E-11
     0.321024665E-11
     0.321024665E-11
     0.321024665E-11
     0.321024665E-11
     0.321024665E-11
     0.321024665E-11
     0.321024665E-11
     0.321024665E-11
     0.321024665E-11
     0.321024665E-11
     0.321024665E-11
     0.321024665E-11
     0.321024665E-11
     0.321024665E-11
     0.321024665E-11
     0.321024665E-11
     0.321024665E-11
     0.321024665E-11
     0.321024665E-11
     0.321024665E-11
     0.321024665E-11
     0.321024665E-11
     0.321024665E-11
     0.321024665E-11
     0.321024665E-11
     0.321024665E-11
     0.321024665E-11
     0.321024665E-11
     0.321024665E-11
     0.321024665E-11
     0.321024665E-11
     0.321024665E-11
     0.321024665E-11
     0.321024665E-11
     0.321024665E-11
     0.321024665E-11
     0.321024665E-11
     0.321024665E-11
     0.321024665E-11
     0.321024665E-11
     0.321024665E-11
     0.321024665E-11
     0.321024665E-11
     0.321024665E-11
     0.321024665E-11
     0.321024665E-11
     0.321024665E-11
     0.321024665E-11
     0.321024665E-11
     0.321024665E-11
     0.321024665E-11
     0.321024665E-11
     0.321024665E-11
     0.321024665E-11
     0.321024665E-11
     0.321024665E-11
     0.321024665E-11
     0.321024665E-11
     0.321024665E-11
     0.321024665E-11
     0.321024665E-11
     0.321024665E-11
     0.321024665E-11
     0.321024665E-11
     0.321024665E-11
     0.321024665E-11
     0.321024665E-11
     0.321024665E-11
     0.321024665E-11
     0.321024665E-11
     0.321024665E-11
     0.321024665E-11
     0.321024665E-11
     0.321024665E-11
     0.321024665E-11
     0.321024665E-11
     0.321024665E-11
     0.321024665E-11
     0.321024665E-11
     0.321024665E-11
     0.321024665E-11
     0.321024665E-11
     0.321024665E-11
     0.321024665E-11
     0.321024665E-11
     0.321024665E-11
     0.321024665E-11
     0.321024665E-11
     0.321024665E-11
     0.321024665E-11
     0.321024665E-11
     0.321024665E-11
     0.321024665E-11
     0.321024665E-11
     0.321024665E-11
     0.321024665E-11
     0.321024665E-11
     0.321024665E-11
     0.321024665E-11
     0.321024665E-11
     0.321024665E-11
     0.321024665E-11
     0.321024665E-11
     0.321024665E-11
     0.321024665E-11
     0.321024665E-11
     0.321024665E-11
     0.321024665E-11
     0.321024665E-11
     0.321024665E-11
     0.321024665E-11
     0.321024665E-11
     0.321024665E-11
     0.321024665E-11
     0.321024665E-11
     0.321024665E-11
     0.321024665E-11
     0.321024665E-11
     0.321024665E-11
     0.321024665E-11
     0.321024665E-11
     0.321024665E-11
     0.321024665E-11
     0.321024665E-11
     0.321024665E-11
     0.321024665E-11
     0.321024665E-11
     0.321024665E-11
     0.321024665E-11
     0.321024665E-11
     0.321024665E-11
     0.321024665E-11
     0.321024665E-11
     0.321024665E-11
     0.321024665E-11
     0.321024665E-11
     0.321024665E-11
     0.321024665E-11
     0.321024665E-11
     0.321024665E-11
     0.321024665E-11
     0.321024665E-11
     0.321024665E-11
     0.321024665E-11
     0.321024665E-11
     0.321024665E-11
     0.321024665E-11
     0.321024665E-11
     0.321024665E-11
     0.321024665E-11
     0.321024665E-11
     0.321024665E-11
     0.321024665E-11
     0.321024665E-11
     0.321024665E-11
     0.321024665E-11
     0.321024665E-11
     0.321024665E-11
     0.321024665E-11
     0.321024665E-11
     0.321024665E-11
     0.321024665E-11
     0.321024665E-11
     0.321024665E-11
     0.321024665E-11
     0.321024665E-11
     0.321024665E-11
     0.321024665E-11
     0.321024665E-11
     0.321024665E-11
     0.321024665E-11
     0.321024665E-11
     0.321024665E-11
     0.321024665E-11
     0.321024665E-11
     0.321024665E-11
     0.321024665E-11
     0.321024665E-11
     0.321024665E-11
     0.321024665E-11
     0.321024665E-11
     0.321024665E-11
     0.321024665E-11
     0.321024665E-11
     0.321024665E-11
     0.321024665E-11
     0.321024665E-11
     0.321024665E-11
     0.321024665E-11
     0.321024665E-11
     0.321024665E-11
     0.321024665E-11
     0.321024665E-11
     0.321024665E-11
     0.321024665E-11
     0.321024665E-11
     0.321024665E-11
     0.321024665E-11
     0.321024665E-11
     0.321024665E-11
     0.321024665E-11
     0.321024665E-11
     0.321024665E-11
     0.321024665E-11
     0.321024665E-11
     0.321024665E-11
     0.321024665E-11
     0.321024665E-11
     0.321024665E-11
     0.321024665E-11
     0.321024665E-11
     0.321024665E-11
     0.321024665E-11
     0.321024665E-11
     0.321024665E-11
     0.321024665E-11
     0.321024665E-11
     0.321024665E-11
     0.321024665E-11
     0.321024665E-11
     0.321024665E-11
     0.321024665E-11
     0.321024665E-11
     0.321024665E-11
     0.321024665E-11
     0.321024665E-11
     0.321024665E-11
     0.321024665E-11
     0.321024665E-11
     0.321024665E-11
     0.321024665E-11
     0.321024665E-11
     0.321024665E-11
     0.321024665E-11
     0.321024665E-11
     0.321024665E-11
     0.321024665E-11
     0.321024665E-11
     0.321024665E-11
     0.321024665E-11
     0.321024665E-11
     0.321024665E-11
     0.321024665E-11
     0.321024665E-11
     0.321024665E-11
     0.321024665E-11
     0.321024665E-11
     0.321024665E-11
     0.321024665E-11
     0.321024665E-11
     0.321024665E-11
     0.321024665E-11
     0.321024665E-11
     0.321024665E-11
     0.321024665E-11
     0.321024665E-11
     0.321024665E-11
     0.321024665E-11
     0.321024665E-11
     0.321024665E-11
     0.321024665E-11
     0.321024665E-11
     0.321024665E-11
     0.321024665E-11
     0.321024665E-11
     0.321024665E-11
     0.321024665E-11
     0.321024665E-11
     0.321024665E-11
     0.321024665E-11
     0.321024665E-11
     0.321024665E-11
     0.321024665E-11
     0.321024665E-11
     0.321024665E-11
     0.321024665E-11
     0.321024665E-11
     0.321024665E-11
     0.321024665E-11
     0.321024665E-11
     0.321024665E-11
     0.321024665E-11
     0.321024665E-11
     0.321024665E-11
     0.321024665E-11
     0.321024665E-11
     0.321024665E-11
     0.321024665E-11
     0.321024665E-11
     0.321024665E-11
     0.321024665E-11
     0.321024665E-11
     0.321024665E-11
     0.321024665E-11
     0.321024665E-11
     0.321024665E-11
     0.321024665E-11
     0.321024665E-11
     0.321024665E-11
     0.321024665E-11
     0.321024665E-11
     0.321024665E-11
     0.321024665E-11
     0.321024665E-11
     0.321024665E-11
     0.321024665E-11
     0.321024665E-11
     0.321024665E-11
     0.321024665E-11
     0.321024665E-11
     0.321024665E-11
     0.321024665E-11
     0.321024665E-11
     0.321024665E-11
     0.321024665E-11
     0.321024665E-11
     0.321024665E-11
     0.321024665E-11
     0.321024665E-11
     0.321024665E-11
     0.321024665E-11
     0.321024665E-11
     0.321024665E-11
     0.321024665E-11
     0.321024665E-11
     0.321024665E-11
     0.321024665E-11
     0.321024665E-11
     0.321024665E-11
     0.321024665E-11
     0.321024665E-11
     0.321024665E-11
     0.321024665E-11
     0.321024665E-11
     0.321024665E-11
     0.321024665E-11
     0.321024665E-11
     0.321024665E-11
     0.321024665E-11
     0.321024665E-11
     0.321024665E-11
     0.321024665E-11
     0.321024665E-11
     0.321024665E-11
     0.321024665E-11
     0.321024665E-11
     0.321024665E-11
     0.321024665E-11
     0.321024665E-11
     0.321024665E-11
     0.321024665E-11
     0.321024665E-11
     0.321024665E-11
     0.321024665E-11
     0.321024665E-11
     0.321024665E-11
     0.321024665E-11
     0.321024665E-11
     0.321024665E-11
     0.321024665E-11
     0.321024665E-11
     0.321024665E-11
     0.321024665E-11
     0.321024665E-11
     0.321024665E-11
     0.321024665E-11
     0.321024665E-11
     0.321024665E-11
     0.321024665E-11
     0.321024665E-11
     0.321024665E-11
     0.321024665E-11
     0.321024665E-11
     0.321024665E-11
     0.321024665E-11
     0.321024665E-11
     0.321024665E-11
     0.321024665E-11
     0.321024665E-11
     0.321024665E-11
     0.321024665E-11
     0.321024665E-11
     0.321024665E-11
     0.321024665E-11
     0.321024665E-11
     0.321024665E-11
     0.321024665E-11
     0.321024665E-11
     0.321024665E-11
     0.321024665E-11
     0.321024665E-11
     0.321024665E-11
     0.321024665E-11
     0.321024665E-11
     0.321024665E-11
     0.321024665E-11
     0.321024665E-11
     0.321024665E-11
     0.321024665E-11
     0.321024665E-11
     0.321024665E-11
     0.321024665E-11
     0.321024665E-11
     0.321024665E-11
     0.321024665E-11
     0.321024665E-11
     0.321024665E-11
     0.321024665E-11
     0.321024665E-11
     0.321024665E-11
     0.321024665E-11
     0.321024665E-11
     0.321024665E-11
     0.321024665E-11
     0.321024665E-11
     0.321024665E-11
     0.321024665E-11
     0.321024665E-11
     0.321024665E-11
     0.321024665E-11
     0.321024665E-11
     0.321024665E-11
     0.321024665E-11
     0.321024665E-11
     0.321024665E-11
     0.321024665E-11
     0.321024665E-11
     0.321024665E-11
     0.321024665E-11
     0.321024665E-11
     0.321024665E-11
     0.321024665E-11
     0.321024665E-11
     0.321024665E-11
     0.321024665E-11
     0.321024665E-11
     0.321024665E-11
     0.321024665E-11
     0.321024665E-11
     0.321024665E-11
     0.321024665E-11
     0.321024665E-11
     0.321024665E-11
     0.321024665E-11
     0.321024665E-11
     0.321024665E-11
     0.321024665E-11
     0.321024665E-11
     0.321024665E-11
     0.321024665E-11
     0.321024665E-11
     0.321024665E-11
     0.321024665E-11
     0.321024665E-11
     0.321024665E-11
     0.321024665E-11
     0.321024665E-11
     0.321024665E-11
     0.321024665E-11
     0.321024665E-11
     0.321024665E-11
     0.321024665E-11
     0.321024665E-11
     0.321024665E-11
     0.321024665E-11
     0.321024665E-11
     0.321024665E-11
     0.321024665E-11
     0.321024665E-11
     0.321024665E-11
     0.321024665E-11
     0.321024665E-11
     0.321024665E-11
     0.321024665E-11
     0.321024665E-11
     0.321024665E-11
     0.321024665E-11
     0.321024665E-11
     0.321024665E-11
     0.321024665E-11
     0.321024665E-11
     0.321024665E-11
     0.321024665E-11
     0.321024665E-11
     0.321024665E-11
     0.321024665E-11
     0.321024665E-11
     0.321024665E-11
     0.321024665E-11
     0.321024665E-11
     0.321024665E-11
     0.321024665E-11
     0.321024665E-11
     0.321024665E-11
     0.321024665E-11
     0.321024665E-11
     0.321024665E-11
     0.321024665E-11
     0.321024665E-11
     0.321024665E-11
     0.321024665E-11
     0.321024665E-11
     0.321024665E-11
     0.321024665E-11
     0.321024665E-11
     0.321024665E-11
     0.321024665E-11
     0.321024665E-11
     0.321024665E-11
     0.321024665E-11
     0.321024665E-11
     0.321024665E-11
     0.321024665E-11
     0.321024665E-11
     0.321024665E-11
     0.321024665E-11
     0.321024665E-11
     0.321024665E-11
     0.321024665E-11
     0.321024665E-11
     0.321024665E-11
     0.321024665E-11
     0.321024665E-11
     0.321024665E-11
     0.321024665E-11
     0.321024665E-11
     0.321024665E-11
     0.321024665E-11
     0.321024665E-11
     0.321024665E-11
     0.321024665E-11
     0.321024665E-11
     0.321024665E-11
     0.321024665E-11
     0.321024665E-11
     0.321024665E-11
     0.321024665E-11
     0.321024665E-11
     0.321024665E-11
     0.321024665E-11
     0.321024665E-11
     0.321024665E-11
     0.321024665E-11
     0.321024665E-11
     0.321024665E-11
     0.321024665E-11
     0.321024665E-11
     0.321024665E-11
     0.321024665E-11
     0.321024665E-11
     0.321024665E-11
     0.321024665E-11
     0.321024665E-11
     0.321024665E-11
     0.321024665E-11
     0.321024665E-11
     0.321024665E-11
     0.321024665E-11
     0.321024665E-11
     0.321024665E-11
     0.321024665E-11
     0.321024665E-11
     0.321024665E-11
     0.321024665E-11
     0.321024665E-11
     0.321024665E-11
     0.321024665E-11
     0.321024665E-11
     0.321024665E-11
     0.321024665E-11
     0.321024665E-11
     0.321024665E-11
     0.321024665E-11
     0.321024665E-11
     0.321024665E-11
     0.321024665E-11
     0.321024665E-11
     0.321024665E-11
     0.321024665E-11
     0.321024665E-11
     0.321024665E-11
     0.321024665E-11
     0.321024665E-11
     0.321024665E-11
     0.321024665E-11
     0.321024665E-11
     0.321024665E-11
     0.321024665E-11
     0.321024665E-11
     0.321024665E-11
     0.321024665E-11
     0.321024665E-11
     0.321024665E-11
     0.321024665E-11
     0.321024665E-11
     0.321024665E-11
     0.321024665E-11
     0.321024665E-11
     0.321024665E-11
     0.321024665E-11
     0.321024665E-11
     0.321024665E-11
     0.321024665E-11
     0.321024665E-11
     0.321024665E-11
     0.321024665E-11
     0.321024665E-11
     0.321024665E-11
     0.321024665E-11
     0.321024665E-11
     0.321024665E-11
     0.321024665E-11
     0.321024665E-11
     0.321024665E-11
     0.321024665E-11
     0.321024665E-11
     0.321024665E-11
     0.321024665E-11
     0.321024665E-11
     0.321024665E-11
     0.321024665E-11
     0.321024665E-11
     0.321024665E-11
     0.321024665E-11
     0.321024665E-11
     0.321024665E-11
     0.321024665E-11
     0.321024665E-11
     0.321024665E-11
     0.321024665E-11
     0.321024665E-11
     0.321024665E-11
     0.321024665E-11
     0.321024665E-11
     0.321024665E-11
     0.321024665E-11
     0.321024665E-11
     0.321024665E-11
     0.321024665E-11
     0.321024665E-11
     0.321024665E-11
     0.321024665E-11
     0.321024665E-11
     0.321024665E-11
     0.321024665E-11
     0.321024665E-11
     0.321024665E-11
     0.321024665E-11
     0.321024665E-11
     0.321024665E-11
     0.321024665E-11
     0.321024665E-11
     0.321024665E-11
     0.321024665E-11
     0.321024665E-11
     0.321024665E-11
     0.321024665E-11
     0.321024665E-11
     0.321024665E-11
     0.321024665E-11
     0.321024665E-11
     0.321024665E-11
     0.321024665E-11
     0.321024665E-11
     0.321024665E-11
     0.321024665E-11
     0.321024665E-11
     0.321024665E-11
     0.321024665E-11
     0.321024665E-11
     0.321024665E-11
     0.321024665E-11
     0.321024665E-11
     0.321024665E-11
     0.321024665E-11
     0.321024665E-11
     0.321024665E-11
     0.321024665E-11
     0.321024665E-11
     0.321024665E-11
     0.321024665E-11
     0.321024665E-11
     0.321024665E-11
     0.321024665E-11
     0.321024665E-11
     0.321024665E-11
     0.321024665E-11
     0.321024665E-11
     0.321024665E-11
     0.321024665E-11
     0.321024665E-11
     0.321024665E-11
     0.321024665E-11
     0.321024665E-11
     0.321024665E-11
     0.321024665E-11
     0.321024665E-11
     0.321024665E-11
     0.321024665E-11
     0.321024665E-11
     0.321024665E-11
     0.321024665E-11
     0.321024665E-11
     0.321024665E-11
     0.321024665E-11
     0.321024665E-11
     0.321024665E-11
     0.321024665E-11
     0.321024665E-11
     0.321024665E-11
     0.321024665E-11
     0.321024665E-11
     0.321024665E-11
     0.321024665E-11
     0.321024665E-11
     0.321024665E-11
     0.321024665E-11
     0.321024665E-11
     0.321024665E-11
     0.321024665E-11
     0.321024665E-11
     0.321024665E-11
     0.321024665E-11
     0.321024665E-11
     0.321024665E-11
     0.321024665E-11
     0.321024665E-11
     0.321024665E-11
     0.321024665E-11
     0.321024665E-11
     0.321024665E-11
     0.321024665E-11
     0.321024665E-11
     0.321024665E-11
     0.321024665E-11
     0.321024665E-11
     0.321024665E-11
     0.321024665E-11
     0.321024665E-11
     0.321024665E-11
     0.321024665E-11
     0.321024665E-11
     0.321024665E-11
     0.321024665E-11
     0.321024665E-11
     0.321024665E-11
     0.321024665E-11
     0.321024665E-11
     0.321024665E-11
     0.321024665E-11
     0.321024665E-11
     0.321024665E-11
     0.321024665E-11
     0.321024665E-11
     0.321024665E-11
     0.321024665E-11
     0.321024665E-11
     0.321024665E-11
     0.321024665E-11
     0.321024665E-11
     0.321024665E-11
     0.321024665E-11
     0.321024665E-11
     0.321024665E-11
     0.321024665E-11
     0.321024665E-11
     0.321024665E-11
     0.321024665E-11
     0.321024665E-11
     0.321024665E-11
     0.321024665E-11
     0.321024665E-11
     0.321024665E-11
     0.321024665E-11
     0.321024665E-11
     0.321024665E-11
     0.321024665E-11
     0.321024665E-11
     0.321024665E-11
     0.321024665E-11
     0.321024665E-11
     0.321024665E-11
     0.321024665E-11
     0.321024665E-11
     0.321024665E-11
     0.321024665E-11
     0.321024665E-11
     0.321024665E-11
     0.321024665E-11
     0.321024665E-11
     0.321024665E-11
     0.321024665E-11
     0.321024665E-11
     0.321024665E-11
     0.321024665E-11
     0.321024665E-11
     0.321024665E-11
     0.321024665E-11
     0.321024665E-11
     0.321024665E-11
     0.321024665E-11
     0.321024665E-11
     0.321024665E-11
     0.321024665E-11
     0.321024665E-11
     0.321024665E-11
     0.321024665E-11
     0.321024665E-11
     0.321024665E-11
     0.321024665E-11
     0.321024665E-11
     0.321024665E-11
     0.321024665E-11
     0.321024665E-11
     0.321024665E-11
     0.321024665E-11
     0.321024665E-11
     0.321024665E-11
     0.321024665E-11
     0.321024665E-11
     0.321024665E-11
     0.321024665E-11
     0.321024665E-11
     0.321024665E-11
     0.321024665E-11
     0.321024665E-11
     0.321024665E-11
     0.321024665E-11
     0.321024665E-11
     0.321024665E-11
     0.321024665E-11
     0.321024665E-11
     0.321024665E-11
     0.321024665E-11
     0.321024665E-11
     0.321024665E-11
     0.321024665E-11
     0.321024665E-11
     0.321024665E-11
     0.321024665E-11
     0.321024665E-11
     0.321024665E-11
     0.321024665E-11
     0.321024665E-11
     0.321024665E-11
     0.321024665E-11
     0.321024665E-11
     0.321024665E-11
     0.321024665E-11
     0.321024665E-11
     0.321024665E-11
     0.321024665E-11
     0.321024665E-11
     0.321024665E-11
     0.321024665E-11
     0.321024665E-11
     0.321024665E-11
     0.321024665E-11
     0.321024665E-11
     0.321024665E-11
     0.321024665E-11
     0.321024665E-11
     0.321024665E-11
     0.321024665E-11
     0.321024665E-11
     0.321024665E-11
     0.321024665E-11
     0.321024665E-11
     0.321024665E-11
     0.321024665E-11
     0.321024665E-11
     0.321024665E-11
     0.321024665E-11
     0.321024665E-11
     0.321024665E-11
     0.321024665E-11
     0.321024665E-11
     0.321024665E-11
     0.321024665E-11
     0.321024665E-11
     0.321024665E-11
     0.321024665E-11
     0.321024665E-11
     0.321024665E-11
     0.321024665E-11
     0.321024665E-11
     0.321024665E-11
     0.321024665E-11
     0.321024665E-11
     0.321024665E-11
     0.321024665E-11
     0.321024665E-11
     0.321024665E-11
     0.321024665E-11
     0.321024665E-11
     0.321024665E-11
     0.321024665E-11
     0.321024665E-11
     0.321024665E-11
     0.321024665E-11
     0.321024665E-11
     0.321024665E-11
     0.321024665E-11
     0.321024665E-11
     0.321024665E-11
     0.321024665E-11
     0.321024665E-11
     0.321024665E-11
     0.321024665E-11
     0.321024665E-11
     0.321024665E-11
     0.321024665E-11
     0.321024665E-11
     0.321024665E-11
     0.321024665E-11
     0.321024665E-11
     0.321024665E-11
     0.321024665E-11
     0.321024665E-11
     0.321024665E-11
     0.321024665E-11
     0.321024665E-11
     0.321024665E-11
     0.321024665E-11
     0.321024665E-11
     0.321024665E-11
     0.321024665E-11
     0.321024665E-11
     0.321024665E-11
     0.321024665E-11
     0.321024665E-11
     0.321024665E-11
     0.321024665E-11
     0.321024665E-11
     0.321024665E-11
     0.321024665E-11
     0.321024665E-11
     0.321024665E-11
     0.321024665E-11
     0.321024665E-11
     0.321024665E-11
     0.321024665E-11
     0.321024665E-11
     0.321024665E-11
     0.321024665E-11
     0.321024665E-11
     0.321024665E-11
     0.321024665E-11
     0.321024665E-11
     0.321024665E-11
     0.321024665E-11
     0.321024665E-11
     0.321024665E-11
     0.321024665E-11
     0.321024665E-11
     0.321024665E-11
     0.321024665E-11
     0.321024665E-11
     0.321024665E-11
     0.321024665E-11
     0.321024665E-11
     0.321024665E-11
     0.321024665E-11
     0.321024665E-11
     0.321024665E-11
     0.321024665E-11
     0.321024665E-11
     0.321024665E-11
     0.321024665E-11
     0.321024665E-11
     0.321024665E-11
     0.321024665E-11
     0.321024665E-11
     0.321024665E-11
     0.321024665E-11
     0.321024665E-11
     0.321024665E-11
     0.321024665E-11
     0.321024665E-11
     0.321024665E-11
     0.321024665E-11
     0.321024665E-11
     0.321024665E-11
     0.321024665E-11
     0.321024665E-11
     0.321024665E-11
     0.321024665E-11
     0.321024665E-11
     0.321024665E-11
     0.321024665E-11
     0.321024665E-11
     0.321024665E-11
     0.321024665E-11
     0.321024665E-11
     0.321024665E-11
     0.321024665E-11
     0.321024665E-11
     0.321024665E-11
     0.321024665E-11
     0.321024665E-11
     0.321024665E-11
     0.321024665E-11
     0.321024665E-11
     0.321024665E-11
     0.321024665E-11
     0.321024665E-11
     0.321024665E-11
     0.321024665E-11
     0.321024665E-11
     0.321024665E-11
     0.321024665E-11
     0.321024665E-11
     0.321024665E-11
     0.321024665E-11
     0.321024665E-11
     0.321024665E-11
     0.321024665E-11
     0.321024665E-11
     0.321024665E-11
     0.321024665E-11
     0.321024665E-11
     0.321024665E-11
     0.321024665E-11
     0.321024665E-11
     0.321024665E-11
     0.321024665E-11
     0.321024665E-11
     0.321024665E-11
     0.321024665E-11
     0.321024665E-11
     0.321024665E-11
     0.321024665E-11
     0.321024665E-11
     0.321024665E-11
     0.321024665E-11
     0.321024665E-11
     0.321024665E-11
     0.321024665E-11
     0.321024665E-11
     0.321024665E-11
     0.321024665E-11
     0.321024665E-11
     0.321024665E-11
     0.321024665E-11
     0.321024665E-11
     0.321024665E-11
     0.321024665E-11
     0.321024665E-11
     0.321024665E-11
     0.321024665E-11
     0.321024665E-11
     0.321024665E-11
     0.321024665E-11
     0.321024665E-11
     0.321024665E-11
     0.321024665E-11
     0.321024665E-11
     0.321024665E-11
     0.321024665E-11
     0.321024665E-11
     0.321024665E-11
     0.321024665E-11
     0.321024665E-11
     0.321024665E-11
     0.321024665E-11
     0.321024665E-11
     0.321024665E-11
     0.321024665E-11
     0.321024665E-11
     0.321024665E-11
     0.321024665E-11
     0.321024665E-11
     0.321024665E-11
     0.321024665E-11
     0.321024665E-11
     0.321024665E-11
     0.321024665E-11
     0.321024665E-11
     0.321024665E-11
     0.321024665E-11
     0.321024665E-11
     0.321024665E-11
     0.321024665E-11
     0.321024665E-11
     0.321024665E-11
     0.321024665E-11
     0.321024665E-11
     0.321024665E-11
     0.321024665E-11
     0.321024665E-11
     0.321024665E-11
     0.321024665E-11
     0.321024665E-11
     0.321024665E-11
     0.321024665E-11
     0.321024665E-11
     0.321024665E-11
     0.321024665E-11
     0.321024665E-11
     0.321024665E-11
     0.321024665E-11
     0.321024665E-11
     0.321024665E-11
     0.321024665E-11
     0.321024665E-11
     0.321024665E-11
     0.321024665E-11
     0.321024665E-11
     0.321024665E-11
     0.321024665E-11
     0.321024665E-11
     0.321024665E-11
     0.321024665E-11
     0.321024665E-11
     0.321024665E-11
     0.321024665E-11
     0.321024665E-11
     0.321024665E-11
     0.321024665E-11
     0.321024665E-11
     0.321024665E-11
     0.321024665E-11
     0.321024665E-11
     0.321024665E-11
     0.321024665E-11
     0.321024665E-11
     0.321024665E-11
     0.321024665E-11
     0.321024665E-11
     0.321024665E-11
     0.321024665E-11
     0.321024665E-11
     0.321024665E-11
     0.321024665E-11
     0.321024665E-11
     0.321024665E-11
     0.321024665E-11
     0.321024665E-11
     0.321024665E-11
     0.321024665E-11
     0.321024665E-11
     0.321024665E-11
     0.321024665E-11
     0.321024665E-11
     0.321024665E-11
     0.321024665E-11
     0.321024665E-11
     0.321024665E-11
     0.321024665E-11
     0.321024665E-11
     0.321024665E-11
     0.321024665E-11
     0.321024665E-11
     0.321024665E-11
     0.321024665E-11
     0.321024665E-11
     0.321024665E-11
     0.321024665E-11
     0.321024665E-11
     0.321024665E-11
     0.321024665E-11
     0.321024665E-11
     0.321024665E-11
     0.321024665E-11
     0.321024665E-11
     0.321024665E-11
     0.321024665E-11
     0.321024665E-11
     0.321024665E-11
     0.321024665E-11
     0.321024665E-11
     0.321024665E-11
     0.321024665E-11
     0.321024665E-11
     0.321024665E-11
     0.321024665E-11
     0.321024665E-11
     0.321024665E-11
     0.321024665E-11
     0.321024665E-11
     0.321024665E-11
     0.321024665E-11
     0.321024665E-11
     0.321024665E-11
     0.321024665E-11
     0.321024665E-11
     0.321024665E-11
     0.321024665E-11
     0.321024665E-11
     0.321024665E-11
     0.321024665E-11
     0.321024665E-11
     0.321024665E-11
     0.321024665E-11
     0.321024665E-11
     0.321024665E-11
     0.321024665E-11
     0.321024665E-11
     0.321024665E-11
     0.321024665E-11
     0.321024665E-11
     0.321024665E-11
     0.321024665E-11
     0.321024665E-11
     0.321024665E-11
     0.321024665E-11
     0.321024665E-11
     0.321024665E-11
     0.321024665E-11
     0.321024665E-11
     0.321024665E-11
     0.321024665E-11
     0.321024665E-11
     0.321024665E-11
     0.321024665E-11
     0.321024665E-11
     0.321024665E-11
     0.321024665E-11
     0.321024665E-11
     0.321024665E-11
     0.321024665E-11
     0.321024665E-11
     0.321024665E-11
     0.321024665E-11
     0.321024665E-11
     0.321024665E-11
     0.321024665E-11
     0.321024665E-11
     0.321024665E-11
     0.321024665E-11
     0.321024665E-11
     0.321024665E-11
     0.321024665E-11
     0.321024665E-11
     0.321024665E-11
     0.321024665E-11
     0.321024665E-11
     0.321024665E-11
     0.321024665E-11
     0.321024665E-11
     0.321024665E-11
     0.321024665E-11
     0.321024665E-11
     0.321024665E-11
     0.321024665E-11
     0.321024665E-11
     0.321024665E-11
     0.321024665E-11
     0.321024665E-11
     0.321024665E-11
     0.321024665E-11
     0.321024665E-11
     0.321024665E-11
     0.321024665E-11
     0.321024665E-11
     0.321024665E-11
     0.321024665E-11
     0.321024665E-11
     0.321024665E-11
     0.321024665E-11
     0.321024665E-11
     0.321024665E-11
     0.321024665E-11
     0.321024665E-11
     0.321024665E-11
     0.321024665E-11
     0.321024665E-11
     0.321024665E-11
     0.321024665E-11
     0.321024665E-11
     0.321024665E-11
     0.321024665E-11
     0.321024665E-11
     0.321024665E-11
     0.321024665E-11
     0.321024665E-11
     0.321024665E-11
     0.321024665E-11
     0.321024665E-11
     0.321024665E-11
     0.321024665E-11
     0.321024665E-11
     0.321024665E-11
     0.321024665E-11
     0.321024665E-11
     0.321024665E-11
     0.321024665E-11
     0.321024665E-11
     0.321024665E-11
     0.321024665E-11
     0.321024665E-11
     0.321024665E-11
     0.321024665E-11
     0.321024665E-11
     0.321024665E-11
     0.321024665E-11
     0.321024665E-11
     0.321024665E-11
     0.321024665E-11
     0.321024665E-11
     0.321024665E-11
     0.321024665E-11
     0.321024665E-11
     0.321024665E-11
     0.321024665E-11
     0.321024665E-11
     0.321024665E-11
     0.321024665E-11
     0.321024665E-11
     0.321024665E-11
     0.321024665E-11
     0.321024665E-11
     0.321024665E-11
     0.321024665E-11
     0.321024665E-11
     0.321024665E-11
     0.321024665E-11
     0.321024665E-11
     0.321024665E-11
     0.321024665E-11
     0.321024665E-11
     0.321024665E-11
     0.321024665E-11
     0.321024665E-11
     0.321024665E-11
     0.321024665E-11
     0.321024665E-11
     0.321024665E-11
     0.321024665E-11
     0.321024665E-11
     0.321024665E-11
     0.321024665E-11
     0.321024665E-11
     0.321024665E-11
     0.321024665E-11
     0.321024665E-11
     0.321024665E-11
     0.321024665E-11
     0.321024665E-11
     0.321024665E-11
     0.321024665E-11
     0.321024665E-11
     0.321024665E-11
     0.321024665E-11
     0.321024665E-11
     0.321024665E-11
     0.321024665E-11
     0.321024665E-11
     0.321024665E-11
     0.321024665E-11
     0.321024665E-11
     0.321024665E-11
     0.321024665E-11
     0.321024665E-11
     0.321024665E-11
     0.321024665E-11
     0.321024665E-11
     0.321024665E-11
     0.321024665E-11
     0.321024665E-11
     0.321024665E-11
     0.321024665E-11
     0.321024665E-11
     0.321024665E-11
     0.321024665E-11
     0.321024665E-11
     0.321024665E-11
     0.321024665E-11
     0.321024665E-11
     0.321024665E-11
     0.321024665E-11
     0.321024665E-11
     0.321024665E-11
     0.321024665E-11
     0.321024665E-11
     0.321024665E-11
     0.321024665E-11
     0.321024665E-11
     0.321024665E-11
     0.321024665E-11
     0.321024665E-11
     0.321024665E-11
     0.321024665E-11
     0.321024665E-11
     0.321024665E-11
     0.321024665E-11
     0.321024665E-11
     0.321024665E-11
     0.321024665E-11
     0.321024665E-11
     0.321024665E-11
     0.321024665E-11
     0.321024665E-11
     0.321024665E-11
     0.321024665E-11
     0.321024665E-11
     0.321024665E-11
     0.321024665E-11
     0.321024665E-11
     0.321024665E-11
     0.321024665E-11
     0.321024665E-11
     0.321024665E-11
     0.321024665E-11
     0.321024665E-11
     0.321024665E-11
     0.321024665E-11
     0.321024665E-11
     0.321024665E-11
     0.321024665E-11
     0.321024665E-11
     0.321024665E-11
     0.321024665E-11
     0.321024665E-11
     0.321024665E-11
     0.321024665E-11
     0.321024665E-11
     0.321024665E-11
     0.321024665E-11
     0.321024665E-11
     0.321024665E-11
     0.321024665E-11
     0.321024665E-11
     0.321024665E-11
     0.321024665E-11
     0.321024665E-11
     0.321024665E-11
     0.321024665E-11
     0.321024665E-11
     0.321024665E-11
     0.321024665E-11
     0.321024665E-11
     0.321024665E-11
     0.321024665E-11
     0.321024665E-11
     0.321024665E-11
     0.321024665E-11
     0.321024665E-11
     0.321024665E-11
     0.321024665E-11
     0.321024665E-11
     0.321024665E-11
     0.321024665E-11
     0.321024665E-11
     0.321024665E-11
     0.321024665E-11
     0.321024665E-11
     0.321024665E-11
     0.321024665E-11
     0.321024665E-11
     0.321024665E-11
     0.321024665E-11
     0.321024665E-11
     0.321024665E-11
     0.321024665E-11
     0.321024665E-11
     0.321024665E-11
     0.321024665E-11
     0.321024665E-11
     0.321024665E-11
     0.321024665E-11
     0.321024665E-11
     0.321024665E-11
     0.321024665E-11
     0.321024665E-11
     0.321024665E-11
     0.321024665E-11
     0.321024665E-11
     0.321024665E-11
     0.321024665E-11
     0.321024665E-11
     0.321024665E-11
     0.321024665E-11
     0.321024665E-11
     0.321024665E-11
     0.321024665E-11
     0.321024665E-11
     0.321024665E-11
     0.321024665E-11
     0.321024665E-11
     0.321024665E-11
     0.321024665E-11
     0.321024665E-11
     0.321024665E-11
     0.321024665E-11
     0.321024665E-11
     0.321024665E-11
     0.321024665E-11
     0.321024665E-11
     0.321024665E-11
     0.321024665E-11
     0.321024665E-11
     0.321024665E-11
     0.321024665E-11
     0.321024665E-11
     0.321024665E-11
     0.321024665E-11
     0.321024665E-11
     0.321024665E-11
     0.321024665E-11
     0.321024665E-11
     0.321024665E-11
     0.321024665E-11
     0.321024665E-11
     0.321024665E-11
     0.321024665E-11
     0.321024665E-11
     0.321024665E-11
     0.321024665E-11
     0.321024665E-11
     0.321024665E-11
     0.321024665E-11
     0.321024665E-11
     0.321024665E-11
     0.321024665E-11
     0.321024665E-11
     0.321024665E-11
     0.321024665E-11
     0.321024665E-11
     0.321024665E-11
     0.321024665E-11
     0.321024665E-11
     0.321024665E-11
     0.321024665E-11
     0.321024665E-11
     0.321024665E-11
     0.321024665E-11
     0.321024665E-11
     0.321024665E-11
     0.321024665E-11
     0.321024665E-11
     0.321024665E-11
     0.321024665E-11
     0.321024665E-11
     0.321024665E-11
     0.321024665E-11
     0.321024665E-11
     0.321024665E-11
     0.321024665E-11
     0.321024665E-11
     0.321024665E-11
     0.321024665E-11
     0.321024665E-11
     0.321024665E-11
     0.321024665E-11
     0.321024665E-11
     0.321024665E-11
     0.321024665E-11
     0.321024665E-11
     0.321024665E-11
     0.321024665E-11
     0.321024665E-11
     0.321024665E-11
     0.321024665E-11
     0.321024665E-11
     0.321024665E-11
     0.321024665E-11
     0.321024665E-11
     0.321024665E-11
     0.321024665E-11
     0.321024665E-11
     0.321024665E-11
     0.321024665E-11
     0.321024665E-11
     0.321024665E-11
     0.321024665E-11
     0.321024665E-11
     0.321024665E-11
     0.321024665E-11
     0.321024665E-11
     0.321024665E-11
     0.321024665E-11
     0.321024665E-11
     0.321024665E-11
     0.321024665E-11
     0.321024665E-11
     0.321024665E-11
     0.321024665E-11
     0.321024665E-11
     0.321024665E-11
     0.321024665E-11
     0.321024665E-11
     0.321024665E-11
     0.321024665E-11
     0.321024665E-11
     0.321024665E-11
     0.321024665E-11
     0.321024665E-11
     0.321024665E-11
     0.321024665E-11
     0.321024665E-11
     0.321024665E-11
     0.321024665E-11
     0.321024665E-11
     0.321024665E-11
     0.321024665E-11
     0.321024665E-11
     0.321024665E-11
     0.321024665E-11
     0.321024665E-11
     0.321024665E-11
     0.321024665E-11
     0.321024665E-11
     0.321024665E-11
     0.321024665E-11
     0.321024665E-11
     0.321024665E-11
     0.321024665E-11
     0.321024665E-11
     0.321024665E-11
     0.321024665E-11
     0.321024665E-11
     0.321024665E-11
     0.321024665E-11
     0.321024665E-11
     0.321024665E-11
     0.321024665E-11
     0.321024665E-11
     0.321024665E-11
     0.321024665E-11
     0.321024665E-11
     0.321024665E-11
     0.321024665E-11
     0.321024665E-11
     0.321024665E-11
     0.321024665E-11
     0.321024665E-11
     0.321024665E-11
     0.321024665E-11
     0.321024665E-11
     0.321024665E-11
     0.321024665E-11
     0.321024665E-11
     0.321024665E-11
     0.321024665E-11
     0.321024665E-11
     0.321024665E-11
     0.321024665E-11
     0.321024665E-11
     0.321024665E-11
     0.321024665E-11
     0.321024665E-11
     0.321024665E-11
     0.321024665E-11
     0.321024665E-11
     0.321024665E-11
     0.321024665E-11
     0.321024665E-11
     0.321024665E-11
     0.321024665E-11
     0.321024665E-11
     0.321024665E-11
     0.321024665E-11
     0.321024665E-11
     0.321024665E-11
     0.321024665E-11
     0.321024665E-11
     0.321024665E-11
     0.321024665E-11
     0.321024665E-11
     0.321024665E-11
     0.321024665E-11
     0.321024665E-11
     0.321024665E-11
     0.321024665E-11
     0.321024665E-11
     0.321024665E-11
     0.321024665E-11
     0.321024665E-11
     0.321024665E-11
     0.321024665E-11
     0.321024665E-11
     0.321024665E-11
     0.321024665E-11
     0.321024665E-11
     0.321024665E-11
     0.321024665E-11
     0.321024665E-11
     0.321024665E-11
     0.321024665E-11
     0.321024665E-11
     0.321024665E-11
     0.321024665E-11
     0.321024665E-11
     0.321024665E-11
     0.321024665E-11
     0.321024665E-11
     0.321024665E-11
     0.321024665E-11
     0.321024665E-11
     0.321024665E-11
     0.321024665E-11
     0.321024665E-11
     0.321024665E-11
     0.321024665E-11
     0.321024665E-11
     0.321024665E-11
     0.321024665E-11
     0.321024665E-11
     0.321024665E-11
     0.321024665E-11
     0.321024665E-11
     0.321024665E-11
     0.321024665E-11
     0.321024665E-11
     0.321024665E-11
     0.321024665E-11
     0.321024665E-11
     0.321024665E-11
     0.321024665E-11
     0.321024665E-11
     0.321024665E-11
     0.321024665E-11
     0.321024665E-11
     0.321024665E-11
     0.321024665E-11
     0.321024665E-11
     0.321024665E-11
     0.321024665E-11
     0.321024665E-11
     0.321024665E-11
     0.321024665E-11
     0.321024665E-11
     0.321024665E-11
     0.321024665E-11
     0.321024665E-11
     0.321024665E-11
     0.321024665E-11
     0.321024665E-11
     0.321024665E-11
     0.321024665E-11
     0.321024665E-11
     0.321024665E-11
     0.321024665E-11
     0.321024665E-11
     0.321024665E-11
     0.321024665E-11
     0.321024665E-11
     0.321024665E-11
     0.321024665E-11
     0.321024665E-11
     0.321024665E-11
     0.321024665E-11
     0.321024665E-11
     0.321024665E-11
     0.321024665E-11
     0.321024665E-11
     0.321024665E-11
     0.321024665E-11
     0.321024665E-11
     0.321024665E-11
     0.321024665E-11
     0.321024665E-11
     0.321024665E-11
     0.321024665E-11
     0.321024665E-11
     0.321024665E-11
     0.321024665E-11
     0.321024665E-11
     0.321024665E-11
     0.321024665E-11
     0.321024665E-11
     0.321024665E-11
     0.321024665E-11
     0.321024665E-11
     0.321024665E-11
     0.321024665E-11
     0.321024665E-11
     0.321024665E-11
     0.321024665E-11
     0.321024665E-11
     0.321024665E-11
     0.321024665E-11
     0.321024665E-11
     0.321024665E-11
     0.321024665E-11
     0.321024665E-11
     0.321024665E-11
     0.321024665E-11
     0.321024665E-11
     0.321024665E-11
     0.321024665E-11
     0.321024665E-11
     0.321024665E-11
     0.321024665E-11
     0.321024665E-11
     0.321024665E-11
     0.321024665E-11
     0.321024665E-11
     0.321024665E-11
     0.321024665E-11
     0.321024665E-11
     0.321024665E-11
     0.321024665E-11
     0.321024665E-11
     0.321024665E-11
     0.321024665E-11
     0.321024665E-11
     0.321024665E-11
     0.321024665E-11
     0.321024665E-11
     0.321024665E-11
     0.321024665E-11
     0.321024665E-11
     0.321024665E-11
     0.321024665E-11
     0.321024665E-11
     0.321024665E-11
     0.321024665E-11
     0.321024665E-11
     0.321024665E-11
     0.321024665E-11
     0.321024665E-11
     0.321024665E-11
     0.321024665E-11
     0.321024665E-11
     0.321024665E-11
     0.321024665E-11
     0.321024665E-11
     0.321024665E-11
     0.321024665E-11
     0.321024665E-11
     0.321024665E-11
     0.321024665E-11
     0.321024665E-11
     0.321024665E-11
     0.321024665E-11
     0.321024665E-11
     0.321024665E-11
     0.321024665E-11
     0.321024665E-11
     0.321024665E-11
     0.321024665E-11
     0.321024665E-11
     0.321024665E-11
     0.321024665E-11
     0.321024665E-11
     0.321024665E-11
     0.321024665E-11
     0.321024665E-11
     0.321024665E-11
     0.321024665E-11
     0.321024665E-11
     0.321024665E-11
     0.321024665E-11
     0.321024665E-11
     0.321024665E-11
     0.321024665E-11
     0.321024665E-11
     0.321024665E-11
     0.321024665E-11
     0.321024665E-11
     0.321024665E-11
     0.321024665E-11
     0.321024665E-11
     0.321024665E-11
     0.321024665E-11
     0.321024665E-11
     0.321024665E-11
     0.321024665E-11
     0.321024665E-11
     0.321024665E-11
     0.321024665E-11
     0.321024665E-11
     0.321024665E-11
     0.321024665E-11
     0.321024665E-11
     0.321024665E-11
     0.321024665E-11
     0.321024665E-11
     0.321024665E-11
     0.321024665E-11
     0.321024665E-11
     0.321024665E-11
     0.321024665E-11
     0.321024665E-11
     0.321024665E-11
     0.321024665E-11
     0.321024665E-11
     0.321024665E-11
     0.321024665E-11
     0.321024665E-11
     0.321024665E-11
     0.321024665E-11
     0.321024665E-11
     0.321024665E-11
     0.321024665E-11
     0.321024665E-11
     0.321024665E-11
     0.321024665E-11
     0.321024665E-11
     0.321024665E-11
     0.321024665E-11
     0.321024665E-11
     0.321024665E-11
     0.321024665E-11
     0.321024665E-11
     0.321024665E-11
     0.321024665E-11
     0.321024665E-11
     0.321024665E-11
     0.321024665E-11
     0.321024665E-11
     0.321024665E-11
     0.321024665E-11
     0.321024665E-11
     0.321024665E-11
     0.321024665E-11
     0.321024665E-11
     0.321024665E-11
     0.321024665E-11
     0.321024665E-11
     0.321024665E-11
     0.321024665E-11
     0.321024665E-11
     0.321024665E-11
     0.321024665E-11
     0.321024665E-11
     0.321024665E-11
     0.321024665E-11
     0.321024665E-11
     0.321024665E-11
     0.321024665E-11
     0.321024665E-11
     0.321024665E-11
     0.321024665E-11
     0.321024665E-11
     0.321024665E-11
     0.321024665E-11
     0.321024665E-11
     0.321024665E-11
     0.321024665E-11
     0.321024665E-11
     0.321024665E-11
     0.321024665E-11
     0.321024665E-11
     0.321024665E-11
     0.321024665E-11
     0.321024665E-11
     0.321024665E-11
     0.321024665E-11
     0.321024665E-11
     0.321024665E-11
     0.321024665E-11
     0.321024665E-11
     0.321024665E-11
     0.321024665E-11
     0.321024665E-11
     0.321024665E-11
     0.321024665E-11
     0.321024665E-11
     0.321024665E-11
     0.321024665E-11
     0.321024665E-11
     0.321024665E-11
     0.321024665E-11
     0.321024665E-11
     0.321024665E-11
     0.321024665E-11
     0.321024665E-11
     0.321024665E-11
     0.321024665E-11
     0.321024665E-11
     0.321024665E-11
     0.321024665E-11
     0.321024665E-11
     0.321024665E-11
     0.321024665E-11
     0.321024665E-11
     0.321024665E-11
     0.321024665E-11
     0.321024665E-11
     0.321024665E-11
     0.321024665E-11
     0.321024665E-11
     0.321024665E-11
     0.321024665E-11
     0.321024665E-11
     0.321024665E-11
     0.321024665E-11
     0.321024665E-11
     0.321024665E-11
     0.321024665E-11
     0.321024665E-11
     0.321024665E-11
     0.321024665E-11
     0.321024665E-11
     0.321024665E-11
     0.321024665E-11
     0.321024665E-11
     0.321024665E-11
     0.321024665E-11
     0.321024665E-11
     0.321024665E-11
     0.321024665E-11
     0.321024665E-11
     0.321024665E-11
     0.321024665E-11
     0.321024665E-11
     0.321024665E-11
     0.321024665E-11
     0.321024665E-11
     0.321024665E-11
     0.321024665E-11
     0.321024665E-11
     0.321024665E-11
     0.321024665E-11
     0.321024665E-11
     0.321024665E-11
     0.321024665E-11
     0.321024665E-11
     0.321024665E-11
     0.321024665E-11
     0.321024665E-11
     0.321024665E-11
     0.321024665E-11
     0.321024665E-11
     0.321024665E-11
     0.321024665E-11
     0.321024665E-11
     0.321024665E-11
     0.321024665E-11
     0.321024665E-11
     0.321024665E-11
     0.321024665E-11
     0.321024665E-11
     0.321024665E-11
     0.321024665E-11
     0.321024665E-11
     0.321024665E-11
     0.321024665E-11
     0.321024665E-11
     0.321024665E-11
     0.321024665E-11
     0.321024665E-11
     0.321024665E-11
     0.321024665E-11
     0.321024665E-11
     0.321024665E-11
     0.321024665E-11
     0.321024665E-11
     0.321024665E-11
     0.321024665E-11
     0.321024665E-11
     0.321024665E-11
     0.321024665E-11
     0.321024665E-11
     0.321024665E-11
     0.321024665E-11
     0.321024665E-11
     0.321024665E-11
     0.321024665E-11
     0.321024665E-11
     0.321024665E-11
     0.321024665E-11
     0.321024665E-11
     0.321024665E-11
     0.321024665E-11
     0.321024665E-11
     0.321024665E-11
     0.321024665E-11
     0.321024665E-11
     0.321024665E-11
     0.321024665E-11
     0.321024665E-11
     0.321024665E-11
     0.321024665E-11
     0.321024665E-11
     0.321024665E-11
     0.321024665E-11
     0.321024665E-11
     0.321024665E-11
     0.321024665E-11
     0.321024665E-11
     0.321024665E-11
     0.321024665E-11
     0.321024665E-11
     0.321024665E-11
     0.321024665E-11
     0.321024665E-11
     0.321024665E-11
     0.321024665E-11
     0.321024665E-11
     0.321024665E-11
     0.321024665E-11
     0.321024665E-11
     0.321024665E-11
     0.321024665E-11
     0.321024665E-11
     0.321024665E-11
     0.321024665E-11
     0.321024665E-11
     0.321024665E-11
     0.321024665E-11
     0.321024665E-11
     0.321024665E-11
     0.321024665E-11
     0.321024665E-11
     0.321024665E-11
     0.321024665E-11
     0.321024665E-11
     0.321024665E-11
     0.321024665E-11
     0.321024665E-11
     0.321024665E-11
     0.321024665E-11
     0.321024665E-11
     0.321024665E-11
     0.321024665E-11
     0.321024665E-11
     0.321024665E-11
     0.321024665E-11
     0.321024665E-11
     0.321024665E-11
     0.321024665E-11
     0.321024665E-11
     0.321024665E-11
     0.321024665E-11
     0.321024665E-11
     0.321024665E-11
     0.321024665E-11
     0.321024665E-11
     0.321024665E-11
     0.321024665E-11
     0.321024665E-11
     0.321024665E-11
     0.321024665E-11
     0.321024665E-11
     0.321024665E-11
     0.321024665E-11
     0.321024665E-11
     0.321024665E-11
     0.321024665E-11
     0.321024665E-11
     0.321024665E-11
     0.321024665E-11
     0.321024665E-11
     0.321024665E-11
     0.321024665E-11
     0.321024665E-11
     0.321024665E-11
     0.321024665E-11
     0.321024665E-11
     0.321024665E-11
     0.321024665E-11
     0.321024665E-11
     0.321024665E-11
     0.321024665E-11
     0.321024665E-11
     0.321024665E-11
     0.321024665E-11
     0.321024665E-11
     0.321024665E-11
     0.321024665E-11
     0.321024665E-11
     0.321024665E-11
     0.321024665E-11
     0.321024665E-11
     0.321024665E-11
     0.321024665E-11
     0.321024665E-11
     0.321024665E-11
     0.321024665E-11
     0.321024665E-11
     0.321024665E-11
     0.321024665E-11
     0.321024665E-11
     0.321024665E-11
     0.321024665E-11
     0.321024665E-11
     0.321024665E-11
     0.321024665E-11
     0.321024665E-11
     0.321024665E-11
     0.321024665E-11
     0.321024665E-11
     0.321024665E-11
     0.321024665E-11
     0.321024665E-11
     0.321024665E-11
     0.321024665E-11
     0.321024665E-11
     0.321024665E-11
     0.321024665E-11
     0.321024665E-11
     0.321024665E-11
     0.321024665E-11
     0.321024665E-11
     0.321024665E-11
     0.321024665E-11
     0.321024665E-11
     0.321024665E-11
     0.321024665E-11
     0.321024665E-11
     0.321024665E-11
     0.321024665E-11
     0.321024665E-11
     0.321024665E-11
     0.321024665E-11
     0.321024665E-11
     0.321024665E-11
     0.321024665E-11
     0.321024665E-11
     0.321024665E-11
     0.321024665E-11
     0.321024665E-11
     0.321024665E-11
     0.321024665E-11
     0.321024665E-11
     0.321024665E-11
     0.321024665E-11
     0.321024665E-11
     0.321024665E-11
     0.321024665E-11
     0.321024665E-11
     0.321024665E-11
     0.321024665E-11
     0.321024665E-11
     0.321024665E-11
     0.321024665E-11
     0.321024665E-11
     0.321024665E-11
     0.321024665E-11
     0.321024665E-11
     0.321024665E-11
     0.321024665E-11
     0.321024665E-11
     0.321024665E-11
     0.321024665E-11
     0.321024665E-11
     0.321024665E-11
     0.321024665E-11
     0.321024665E-11
     0.321024665E-11
     0.321024665E-11
     0.321024665E-11
     0.321024665E-11
     0.321024665E-11
     0.321024665E-11
     0.321024665E-11
     0.321024665E-11
     0.321024665E-11
     0.321024665E-11
     0.321024665E-11
     0.321024665E-11
     0.321024665E-11
     0.321024665E-11
     0.321024665E-11
     0.321024665E-11
     0.321024665E-11
     0.321024665E-11
     0.321024665E-11
     0.321024665E-11
     0.321024665E-11
     0.321024665E-11
     0.321024665E-11
     0.321024665E-11
     0.321024665E-11
     0.321024665E-11
     0.321024665E-11
     0.321024665E-11
     0.321024665E-11
     0.321024665E-11
     0.321024665E-11
     0.321024665E-11
     0.321024665E-11
     0.321024665E-11
     0.321024665E-11
     0.321024665E-11
     0.321024665E-11
     0.321024665E-11
     0.321024665E-11
     0.321024665E-11
     0.321024665E-11
     0.321024665E-11
     0.321024665E-11
     0.321024665E-11
     0.321024665E-11
     0.321024665E-11
     0.321024665E-11
     0.321024665E-11
     0.321024665E-11
     0.321024665E-11
     0.321024665E-11
     0.321024665E-11
     0.321024665E-11
     0.321024665E-11
     0.321024665E-11
     0.321024665E-11
     0.321024665E-11
     0.321024665E-11
     0.321024665E-11
     0.321024665E-11
     0.321024665E-11
     0.321024665E-11
     0.321024665E-11
     0.321024665E-11
     0.321024665E-11
     0.321024665E-11
     0.321024665E-11
     0.321024665E-11
     0.321024665E-11
     0.321024665E-11
     0.321024665E-11
     0.321024665E-11
     0.321024665E-11
     0.321024665E-11
     0.321024665E-11
     0.321024665E-11
     0.321024665E-11
     0.321024665E-11
     0.321024665E-11
     0.321024665E-11
     0.321024665E-11
     0.321024665E-11
     0.321024665E-11
     0.321024665E-11
     0.321024665E-11
     0.321024665E-11
     0.321024665E-11
     0.321024665E-11
     0.321024665E-11
     0.321024665E-11
     0.321024665E-11
     0.321024665E-11
     0.321024665E-11
     0.321024665E-11
     0.321024665E-11
     0.321024665E-11
     0.321024665E-11
     0.321024665E-11
     0.321024665E-11
     0.321024665E-11
     0.321024665E-11
     0.321024665E-11
     0.321024665E-11
     0.321024665E-11
     0.321024665E-11
     0.321024665E-11
     0.321024665E-11
     0.321024665E-11
     0.321024665E-11
     0.321024665E-11
     0.321024665E-11
     0.321024665E-11
     0.321024665E-11
     0.321024665E-11
     0.321024665E-11
     0.321024665E-11
     0.321024665E-11
     0.321024665E-11
     0.321024665E-11
     0.321024665E-11
     0.321024665E-11
     0.321024665E-11
     0.321024665E-11
     0.321024665E-11
     0.321024665E-11
     0.321024665E-11
     0.321024665E-11
     0.321024665E-11
     0.321024665E-11
     0.321024665E-11
     0.321024665E-11
     0.321024665E-11
     0.321024665E-11
     0.321024665E-11
     0.321024665E-11
     0.321024665E-11
     0.321024665E-11
     0.321024665E-11
     0.321024665E-11
     0.321024665E-11
     0.321024665E-11
     0.321024665E-11
     0.321024665E-11
     0.321024665E-11
     0.321024665E-11
     0.321024665E-11
     0.321024665E-11
     0.321024665E-11
     0.321024665E-11
     0.321024665E-11
     0.321024665E-11
     0.321024665E-11
     0.321024665E-11
     0.321024665E-11
     0.321024665E-11
     0.321024665E-11
     0.321024665E-11
     0.321024665E-11
     0.321024665E-11
     0.321024665E-11
     0.321024665E-11
     0.321024665E-11
     0.321024665E-11
     0.321024665E-11
     0.321024665E-11
     0.321024665E-11
     0.321024665E-11
     0.321024665E-11
     0.321024665E-11
     0.321024665E-11
     0.321024665E-11
     0.321024665E-11
     0.321024665E-11
     0.321024665E-11
     0.321024665E-11
     0.321024665E-11
     0.321024665E-11
     0.321024665E-11
     0.321024665E-11
     0.321024665E-11
     0.321024665E-11
     0.321024665E-11
     0.321024665E-11
     0.321024665E-11
     0.321024665E-11
     0.321024665E-11
     0.321024665E-11
     0.321024665E-11
     0.321024665E-11
     0.321024665E-11
     0.321024665E-11
     0.321024665E-11
     0.321024665E-11
     0.321024665E-11
     0.321024665E-11
     0.321024665E-11
     0.321024665E-11
     0.321024665E-11
     0.321024665E-11
     0.321024665E-11
     0.321024665E-11
     0.321024665E-11
     0.321024665E-11
     0.321024665E-11
     0.321024665E-11
     0.321024665E-11
     0.321024665E-11
     0.321024665E-11
     0.321024665E-11
     0.321024665E-11
     0.321024665E-11
     0.321024665E-11
     0.321024665E-11
     0.321024665E-11
     0.321024665E-11
     0.321024665E-11
     0.321024665E-11
     0.321024665E-11
     0.321024665E-11
     0.321024665E-11
     0.321024665E-11
     0.321024665E-11
     0.321024665E-11
     0.321024665E-11
     0.321024665E-11
     0.321024665E-11
     0.321024665E-11
     0.321024665E-11
     0.321024665E-11
     0.321024665E-11
     0.321024665E-11
     0.321024665E-11
     0.321024665E-11
     0.321024665E-11
     0.321024665E-11
     0.321024665E-11
     0.321024665E-11
     0.321024665E-11
     0.321024665E-11
     0.321024665E-11
     0.321024665E-11
     0.321024665E-11
     0.321024665E-11
     0.321024665E-11
     0.321024665E-11
     0.321024665E-11
     0.321024665E-11
     0.321024665E-11
     0.321024665E-11
     0.321024665E-11
     0.321024665E-11
     0.321024665E-11
     0.321024665E-11
     0.321024665E-11
     0.321024665E-11
     0.321024665E-11
     0.321024665E-11
     0.321024665E-11
