     0.570000000E+01
     0.626533122E+01
     0.651982151E+01
     0.729068887E+01
     0.822667927E+01
     0.794679819E+01
     0.575653312E+01
     0.578451824E+01
     0.586848094E+01
     0.597955359E+01
     0.594495210E+01
     0.597956060E+01
     0.605858748E+01
     0.609753799E+01
     0.621441057E+01
     0.636848316E+01
     0.632055407E+01
     0.603506479E+01
     0.606253921E+01
     0.614496977E+01
     0.625401127E+01
     0.622004307E+01
     0.625401823E+01
     0.631139762E+01
     0.633978352E+01
     0.642494967E+01
     0.653755695E+01
     0.650248463E+01
     0.653756503E+01
     0.659541435E+01
     0.662402244E+01
     0.670985575E+01
     0.682331254E+01
     0.678797976E+01
     0.682332125E+01
     0.688242395E+01
     0.691163619E+01
     0.699928309E+01
     0.711508742E+01
     0.707902985E+01
     0.711509723E+01
     0.717461759E+01
     0.720402433E+01
     0.729225554E+01
     0.740879403E+01
     0.737251267E+01
     0.740880463E+01
     0.746815224E+01
     0.749746454E+01
     0.758541295E+01
     0.770154897E+01
     0.766539658E+01
     0.770156010E+01
     0.776030306E+01
     0.778930984E+01
     0.787634200E+01
     0.799124616E+01
     0.795548003E+01
     0.799125763E+01
     0.804907418E+01
     0.807761841E+01
     0.816326303E+01
     0.827631896E+01
     0.824113021E+01
     0.827633059E+01
     0.833297932E+01
     0.836094332E+01
     0.844484724E+01
     0.855559358E+01
     0.852112519E+01
     0.855560523E+01
     0.861090542E+01
     0.863820124E+01
     0.872010049E+01
     0.882819278E+01
     0.879455147E+01
     0.882820434E+01
     0.888202242E+01
     0.890858516E+01
     0.898828496E+01
     0.909346940E+01
     0.906073373E+01
     0.909348076E+01
     0.914572053E+01
     0.917150355E+01
     0.924886388E+01
     0.935095836E+01
     0.931918467E+01
     0.935096946E+01
     0.940156477E+01
     0.942653611E+01
     0.950146101E+01
     0.960034105E+01
     0.956956780E+01
     0.960035182E+01
     0.964926096E+01
     0.967340056E+01
     0.974582985E+01
     0.984141771E+01
     0.981166889E+01
     0.984142812E+01
     0.988862935E+01
     0.991192690E+01
     0.998182959E+01
     0.100740857E+02
     0.100453735E+02
     0.100740957E+02
     0.101195837E+02
     0.101420369E+02
     0.102094059E+02
     0.102983220E+02
     0.102706488E+02
     0.102983316E+02
     0.103421143E+02
     0.103637272E+02
     0.104285751E+02
     0.105141684E+02
     0.104875287E+02
     0.105141775E+02
     0.105562737E+02
     0.105770559E+02
     0.106394109E+02
     0.107217193E+02
     0.106961013E+02
     0.107217280E+02
     0.107621653E+02
     0.107821303E+02
     0.108420337E+02
     0.109211116E+02
     0.108964984E+02
     0.109211199E+02
     0.109599327E+02
     0.109790977E+02
     0.110366005E+02
     0.111125156E+02
     0.110888860E+02
     0.111125234E+02
     0.111497517E+02
     0.111681363E+02
     0.112232974E+02
     0.112961276E+02
     0.112734574E+02
     0.112961350E+02
     0.113318224E+02
     0.113494483E+02
     0.114023326E+02
     0.114721632E+02
     0.114504259E+02
     0.114721702E+02
     0.115063636E+02
     0.115232536E+02
     0.115739301E+02
     0.116408522E+02
     0.116200194E+02
     0.116408587E+02
     0.116736067E+02
     0.116897849E+02
     0.117383254E+02
     0.118024335E+02
     0.117824759E+02
     0.118024396E+02
     0.118337919E+02
     0.118492827E+02
     0.118957607E+02
     0.119571513E+02
     0.119380389E+02
     0.119571571E+02
     0.119871640E+02
     0.120019921E+02
     0.120464816E+02
     0.121052522E+02
     0.120869546E+02
     0.121052576E+02
     0.121339692E+02
     0.121481592E+02
     0.121907341E+02
     0.122469820E+02
     0.122294690E+02
     0.122469870E+02
     0.122744527E+02
     0.122880290E+02
     0.123287624E+02
     0.123825835E+02
     0.123658253E+02
     0.123825882E+02
     0.124088566E+02
     0.124218430E+02
     0.124608064E+02
     0.125122951E+02
     0.124962623E+02
     0.125122995E+02
     0.125374475E+02
     0.125498818E+02
     0.125871885E+02
     0.126364934E+02
     0.126211400E+02
     0.126364975E+02
     0.126605741E+02
     0.126724802E+02
     0.127082024E+02
     0.127554182E+02
     0.127407146E+02
     0.127554221E+02
     0.127784682E+02
     0.127898664E+02
     0.128240644E+02
     0.128692708E+02
     0.128551923E+02
     0.128692744E+02
     0.128913296E+02
     0.129022394E+02
     0.129349717E+02
     0.129782456E+02
     0.129647684E+02
     0.129782490E+02
     0.129993515E+02
     0.130097915E+02
     0.130411144E+02
     0.130825300E+02
     0.130696309E+02
     0.130825331E+02
     0.131027194E+02
     0.131127076E+02
     0.131426750E+02
     0.131823030E+02
     0.131699601E+02
     0.131823060E+02
     0.132016108E+02
     0.132111644E+02
     0.132398276E+02
     0.132777357E+02
     0.132659279E+02
     0.132777385E+02
     0.132961948E+02
     0.133053300E+02
     0.133327377E+02
     0.133689900E+02
     0.133576973E+02
     0.133689926E+02
     0.133866316E+02
     0.133953635E+02
     0.134215617E+02
     0.134562186E+02
     0.134454223E+02
     0.134562210E+02
     0.134730717E+02
     0.134814149E+02
     0.135064465E+02
     0.135395645E+02
     0.135292471E+02
     0.135395667E+02
     0.135556563E+02
     0.135636240E+02
     0.135875289E+02
     0.136191607E+02
     0.136093057E+02
     0.136191627E+02
     0.136345159E+02
     0.136421203E+02
     0.136649352E+02
     0.136951290E+02
     0.136857215E+02
     0.136951309E+02
     0.137097702E+02
     0.137170224E+02
     0.137387805E+02
     0.137675800E+02
     0.137586064E+02
     0.137675818E+02
     0.137815270E+02
     0.137884367E+02
     0.138091674E+02
     0.138366113E+02
     0.138280595E+02
     0.138366129E+02
     0.138498811E+02
     0.138564567E+02
     0.138761849E+02
     0.139023061E+02
     0.138941659E+02
     0.139023075E+02
     0.139149122E+02
     0.139211604E+02
     0.139399061E+02
     0.139647309E+02
     0.139569942E+02
     0.139647322E+02
     0.139766828E+02
     0.139826082E+02
     0.140003854E+02
     0.140239320E+02
     0.140165930E+02
     0.140239332E+02
     0.140352340E+02
     0.140408386E+02
     0.140576534E+02
     0.140799299E+02
     0.140729862E+02
     0.140799309E+02
     0.140905791E+02
     0.140958615E+02
     0.141117097E+02
     0.141327102E+02
     0.141261637E+02
     0.141327112E+02
     0.141426937E+02
     0.141476475E+02
     0.141625096E+02
     0.141822086E+02
     0.141760672E+02
     0.141822094E+02
     0.141914971E+02
     0.141961079E+02
     0.142099406E+02
     0.142282806E+02
     0.142225622E+02
     0.142282813E+02
     0.142368164E+02
     0.142410553E+02
     0.142537726E+02
     0.142706396E+02
     0.142653798E+02
     0.142706402E+02
     0.142783026E+02
     0.142821103E+02
     0.142935339E+02
     0.143086917E+02
     0.143039639E+02
     0.142771292E+02
     0.142803569E+02
     0.142900402E+02
     0.143028985E+02
     0.142988867E+02
     0.143028987E+02
     0.143093984E+02
     0.143126311E+02
     0.143223294E+02
     0.143352066E+02
     0.143311891E+02
     0.143352069E+02
     0.143422168E+02
     0.143457014E+02
     0.143561556E+02
     0.143700310E+02
     0.143657028E+02
     0.143700313E+02
     0.143775716E+02
     0.143813178E+02
     0.143925567E+02
     0.144074673E+02
     0.144028170E+02
     0.144074677E+02
     0.144153759E+02
     0.144193032E+02
     0.144310856E+02
     0.144467114E+02
     0.144418387E+02
     0.144467120E+02
     0.144548800E+02
     0.144589348E+02
     0.144710998E+02
     0.144872284E+02
     0.144821995E+02
     0.144872290E+02
     0.144955785E+02
     0.144997220E+02
     0.145121532E+02
     0.145286306E+02
     0.145234935E+02
     0.145286313E+02
     0.145371022E+02
     0.145413049E+02
     0.145539135E+02
     0.145706222E+02
     0.145654135E+02
     0.145706230E+02
     0.145791681E+02
     0.145834065E+02
     0.145961223E+02
     0.146129696E+02
     0.146077181E+02
     0.146129704E+02
     0.146215513E+02
     0.146258064E+02
     0.146385726E+02
     0.146554833E+02
     0.146502124E+02
     0.146554842E+02
     0.146640692E+02
     0.146683254E+02
     0.146810950E+02
     0.146980074E+02
     0.146927364E+02
     0.146980083E+02
     0.147065710E+02
     0.147108153E+02
     0.147235492E+02
     0.147404116E+02
     0.147351565E+02
     0.147404126E+02
     0.147489307E+02
     0.147531521E+02
     0.147658174E+02
     0.147825864E+02
     0.147773608E+02
     0.147825875E+02
     0.147910421E+02
     0.147952314E+02
     0.148078002E+02
     0.148244391E+02
     0.148192543E+02
     0.148244402E+02
     0.148328154E+02
     0.148369646E+02
     0.148494131E+02
     0.148658908E+02
     0.148607565E+02
     0.148658919E+02
     0.148741739E+02
     0.148782763E+02
     0.148905845E+02
     0.149068743E+02
     0.149017988E+02
     0.149068755E+02
     0.149150527E+02
     0.149191026E+02
     0.149312533E+02
     0.149473326E+02
     0.149423230E+02
     0.149473338E+02
     0.149553963E+02
     0.149593888E+02
     0.149713674E+02
     0.149872172E+02
     0.149822793E+02
     0.149872184E+02
     0.149951578E+02
     0.149990888E+02
     0.150108829E+02
     0.150264869E+02
     0.150216258E+02
     0.150264881E+02
     0.150342973E+02
     0.150381634E+02
     0.150497626E+02
     0.150651071E+02
     0.150603270E+02
     0.150651083E+02
     0.150727815E+02
     0.150765796E+02
     0.150879753E+02
     0.151030489E+02
     0.150983535E+02
     0.151030502E+02
     0.151105823E+02
     0.151143102E+02
     0.151254952E+02
     0.151402885E+02
     0.151356805E+02
     0.151402898E+02
     0.151476769E+02
     0.151513326E+02
     0.151623010E+02
     0.151768064E+02
     0.151722883E+02
     0.151768077E+02
     0.151840466E+02
     0.151876286E+02
     0.151983756E+02
     0.152125872E+02
     0.152081608E+02
     0.152125885E+02
     0.152196766E+02
     0.152231836E+02
     0.152337058E+02
     0.152476187E+02
     0.152432855E+02
     0.152476201E+02
     0.152545557E+02
     0.152579868E+02
     0.152682815E+02
     0.152818923E+02
     0.152776533E+02
     0.152818937E+02
     0.152886754E+02
     0.152920301E+02
     0.153020954E+02
     0.153154018E+02
     0.153112578E+02
     0.153154032E+02
     0.153220303E+02
     0.153253082E+02
     0.153351430E+02
     0.153481438E+02
     0.153440951E+02
     0.153481452E+02
     0.153546173E+02
     0.153578182E+02
     0.153674222E+02
     0.153801168E+02
     0.153761636E+02
     0.153801182E+02
     0.153864355E+02
     0.153895595E+02
     0.153989329E+02
     0.154113216E+02
     0.154074637E+02
     0.154113230E+02
     0.154174859E+02
     0.154205333E+02
     0.154296767E+02
     0.154417606E+02
     0.154379978E+02
     0.154417621E+02
     0.154477713E+02
     0.154507425E+02
     0.154596572E+02
     0.154714380E+02
     0.154677697E+02
     0.154714395E+02
     0.154772961E+02
     0.154801916E+02
     0.154888794E+02
     0.155003593E+02
     0.154967848E+02
     0.155003608E+02
     0.155059763E+02
     0.155087529E+02
     0.155170838E+02
     0.155280931E+02
     0.155246650E+02
     0.155280945E+02
     0.155334414E+02
     0.155360857E+02
     0.155440196E+02
     0.155545057E+02
     0.155512403E+02
     0.155545070E+02
     0.155595940E+02
     0.155621101E+02
     0.155696596E+02
     0.155796393E+02
     0.155765315E+02
     0.155796405E+02
     0.155844760E+02
     0.155868682E+02
     0.155940460E+02
     0.156035358E+02
     0.156005803E+02
     0.156035369E+02
     0.156081284E+02
     0.156104004E+02
     0.156172174E+02
     0.156262320E+02
     0.156234243E+02
     0.156262330E+02
     0.156305867E+02
     0.156327417E+02
     0.156392073E+02
     0.156477588E+02
     0.156450951E+02
     0.156477598E+02
     0.156518807E+02
     0.156539209E+02
     0.156600424E+02
     0.156681404E+02
     0.156656178E+02
     0.156681413E+02
     0.156720326E+02
     0.156739597E+02
     0.156797416E+02
     0.156873923E+02
     0.156850088E+02
     0.156873932E+02
     0.156910557E+02
     0.156928702E+02
     0.156983140E+02
     0.157055192E+02
     0.157032743E+02
     0.157055200E+02
     0.157089516E+02
     0.157106523E+02
     0.157157548E+02
     0.157225101E+02
     0.157204050E+02
     0.157225107E+02
     0.157257045E+02
     0.157272879E+02
     0.157320385E+02
     0.157383301E+02
     0.157363693E+02
     0.157383307E+02
     0.157412712E+02
     0.157427298E+02
     0.157471059E+02
     0.157529037E+02
     0.157510965E+02
     0.157529042E+02
     0.157555594E+02
     0.157568772E+02
     0.157608310E+02
     0.157660721E+02
     0.157644381E+02
     0.157552190E+02
     0.157563690E+02
     0.157598191E+02
     0.157643960E+02
     0.157629686E+02
     0.157643963E+02
     0.157666948E+02
     0.157678366E+02
     0.157712623E+02
     0.157758064E+02
     0.157743893E+02
     0.157758067E+02
     0.157781072E+02
     0.157792499E+02
     0.157826782E+02
     0.157872254E+02
     0.157858073E+02
     0.157872256E+02
     0.157897146E+02
     0.157909501E+02
     0.157946568E+02
     0.157995706E+02
     0.157980386E+02
     0.157995710E+02
     0.158021879E+02
     0.158034861E+02
     0.158073813E+02
     0.158125427E+02
     0.158109338E+02
     0.158125431E+02
     0.158152487E+02
     0.158165904E+02
     0.158206159E+02
     0.158259481E+02
     0.158242862E+02
     0.158259486E+02
     0.158287150E+02
     0.158300863E+02
     0.158342006E+02
     0.158396489E+02
     0.158379511E+02
     0.158396495E+02
     0.158424555E+02
     0.158438460E+02
     0.158480181E+02
     0.158535413E+02
     0.158518202E+02
     0.158535419E+02
     0.158563710E+02
     0.158577726E+02
     0.158619780E+02
     0.158675439E+02
     0.158658098E+02
     0.158675447E+02
     0.158703837E+02
     0.158717899E+02
     0.158760090E+02
     0.158815921E+02
     0.158798527E+02
     0.158815928E+02
     0.158844311E+02
     0.158858365E+02
     0.158900536E+02
     0.158956329E+02
     0.158938948E+02
     0.158956337E+02
     0.158984623E+02
     0.158998627E+02
     0.159040646E+02
     0.159096230E+02
     0.159078916E+02
     0.159096239E+02
     0.159124355E+02
     0.159138273E+02
     0.159180034E+02
     0.159235267E+02
     0.159218063E+02
     0.159235277E+02
     0.159263162E+02
     0.159276964E+02
     0.159318377E+02
     0.159373143E+02
     0.159356086E+02
     0.159373153E+02
     0.159400758E+02
     0.159414419E+02
     0.159455411E+02
     0.159509614E+02
     0.159492733E+02
     0.159509625E+02
     0.159536907E+02
     0.159550407E+02
     0.159590917E+02
     0.159644478E+02
     0.159627798E+02
     0.159644489E+02
     0.159671416E+02
     0.159684739E+02
     0.159724718E+02
     0.159777572E+02
     0.159761113E+02
     0.159777584E+02
     0.159804128E+02
     0.159817261E+02
     0.159856669E+02
     0.159908766E+02
     0.159892543E+02
     0.159908778E+02
     0.159934918E+02
     0.159947850E+02
     0.159986657E+02
     0.160037957E+02
     0.160021983E+02
     0.160037970E+02
     0.160063689E+02
     0.160076413E+02
     0.160114596E+02
     0.160165069E+02
     0.160149352E+02
     0.160165082E+02
     0.160190369E+02
     0.160202879E+02
     0.160240421E+02
     0.160290047E+02
     0.160274594E+02
     0.160290061E+02
     0.160314908E+02
     0.160327201E+02
     0.160364092E+02
     0.160412858E+02
     0.160397673E+02
     0.160412872E+02
     0.160437276E+02
     0.160449350E+02
     0.160485586E+02
     0.160533486E+02
     0.160518571E+02
     0.160533501E+02
     0.160557461E+02
     0.160569316E+02
     0.160604897E+02
     0.160651933E+02
     0.160637287E+02
     0.160651949E+02
     0.160675467E+02
     0.160687106E+02
     0.160722035E+02
     0.160768216E+02
     0.160753836E+02
     0.160768232E+02
     0.160791314E+02
     0.160802739E+02
     0.160837027E+02
     0.160882365E+02
     0.160868246E+02
     0.160882381E+02
     0.160905036E+02
     0.160916251E+02
     0.160949911E+02
     0.160994423E+02
     0.160980561E+02
     0.160994440E+02
     0.161016677E+02
     0.161027689E+02
     0.161060737E+02
     0.161104447E+02
     0.161090835E+02
     0.161104465E+02
     0.161126298E+02
     0.161137112E+02
     0.161169569E+02
     0.161212504E+02
     0.161199132E+02
     0.161212522E+02
     0.161233854E+02
     0.161244423E+02
     0.161276145E+02
     0.161318119E+02
     0.161305045E+02
     0.161318138E+02
     0.161338961E+02
     0.161349282E+02
     0.161380262E+02
     0.161421266E+02
     0.161408492E+02
     0.161421284E+02
     0.161441630E+02
     0.161451720E+02
     0.161482003E+02
     0.161522099E+02
     0.161509607E+02
     0.161522118E+02
     0.161542018E+02
     0.161551891E+02
     0.161581525E+02
     0.161620775E+02
     0.161608545E+02
     0.161620794E+02
     0.161640279E+02
     0.161649951E+02
     0.161678982E+02
     0.161717449E+02
     0.161705461E+02
     0.161717468E+02
     0.161736570E+02
     0.161746057E+02
     0.161774532E+02
     0.161812278E+02
     0.161800513E+02
     0.161732676E+02
     0.161740240E+02
     0.161762938E+02
     0.161793065E+02
     0.161783669E+02
     0.161793074E+02
     0.161811924E+02
     0.161821289E+02
     0.161849401E+02
     0.161886676E+02
     0.161875057E+02
     0.161795677E+02
     0.161796978E+02
     0.161800879E+02
     0.161806077E+02
     0.161804453E+02
     0.161806077E+02
     0.161816094E+02
     0.161821086E+02
     0.161836064E+02
     0.161855980E+02
     0.161849764E+02
     0.161807079E+02
     0.161807579E+02
     0.161809081E+02
     0.161811084E+02
     0.161810458E+02
     0.161811084E+02
     0.161816088E+02
     0.161818587E+02
     0.161826082E+02
     0.161836062E+02
     0.161832945E+02
     0.161815529E+02
     0.161817749E+02
     0.161824407E+02
     0.161833275E+02
     0.161830505E+02
     0.161833276E+02
     0.161838087E+02
     0.161840488E+02
     0.161847694E+02
     0.161857289E+02
     0.161854292E+02
     0.161833757E+02
     0.161833997E+02
     0.161834719E+02
     0.161835681E+02
     0.161835380E+02
     0.161835681E+02
     0.161838085E+02
     0.161839287E+02
     0.161842891E+02
     0.161847694E+02
     0.161846193E+02
     0.161837265E+02
     0.161838057E+02
     0.161840433E+02
     0.161843600E+02
     0.161842610E+02
     0.161843600E+02
     0.161845685E+02
     0.161846727E+02
     0.161849852E+02
     0.161854017E+02
     0.161852716E+02
     0.161844199E+02
     0.161844499E+02
     0.161845398E+02
     0.161846596E+02
     0.161846222E+02
     0.161846596E+02
     0.161847971E+02
     0.161848659E+02
     0.161850721E+02
     0.161853469E+02
     0.161852610E+02
     0.161847196E+02
     0.161847496E+02
     0.161848396E+02
     0.161849595E+02
     0.161849220E+02
     0.161849595E+02
     0.161850583E+02
     0.161851077E+02
     0.161852558E+02
     0.161854533E+02
     0.161853916E+02
     0.161850034E+02
     0.161850254E+02
     0.161850913E+02
     0.161851792E+02
     0.161851518E+02
     0.161851792E+02
     0.161852485E+02
     0.161852832E+02
     0.161853871E+02
     0.161855256E+02
     0.161854823E+02
     0.161852132E+02
     0.161852301E+02
     0.161852810E+02
     0.161853488E+02
     0.161853276E+02
     0.161853488E+02
     0.161853980E+02
     0.161854226E+02
     0.161854963E+02
     0.161855947E+02
     0.161855639E+02
     0.161853746E+02
     0.161853875E+02
     0.161854262E+02
     0.161854777E+02
     0.161854616E+02
     0.161854777E+02
     0.161855129E+02
     0.161855305E+02
     0.161855833E+02
     0.161856536E+02
     0.161856317E+02
     0.161854973E+02
     0.161855071E+02
     0.161855366E+02
     0.161855759E+02
     0.161855636E+02
     0.161855759E+02
     0.161856014E+02
     0.161856141E+02
     0.161856524E+02
     0.161857034E+02
     0.161856875E+02
     0.161855909E+02
     0.161855984E+02
     0.161856210E+02
     0.161856510E+02
     0.161856416E+02
     0.161856510E+02
     0.161856698E+02
     0.161856792E+02
     0.161857073E+02
     0.161857448E+02
     0.161857331E+02
     0.161856626E+02
     0.161856684E+02
     0.161856858E+02
     0.161857090E+02
     0.161857017E+02
     0.161857090E+02
     0.161857229E+02
     0.161857299E+02
     0.161857509E+02
     0.161857789E+02
     0.161857702E+02
     0.161857180E+02
     0.161857225E+02
     0.161857360E+02
     0.161857540E+02
     0.161857484E+02
     0.161857540E+02
     0.161857646E+02
     0.161857699E+02
     0.161857858E+02
     0.161858070E+02
     0.161858003E+02
     0.161857611E+02
     0.161857646E+02
     0.161857752E+02
     0.161857894E+02
     0.161857850E+02
     0.161857894E+02
     0.161857975E+02
     0.161858016E+02
     0.161858138E+02
     0.161858300E+02
     0.161858250E+02
     0.161857950E+02
     0.161857978E+02
     0.161858062E+02
     0.161858174E+02
     0.161858139E+02
     0.161858174E+02
     0.161858237E+02
     0.161858269E+02
     0.161858364E+02
     0.161858491E+02
     0.161858451E+02
     0.161858219E+02
     0.161858241E+02
     0.161858309E+02
     0.161858399E+02
     0.161858371E+02
     0.161858399E+02
     0.161858449E+02
     0.161858473E+02
     0.161858548E+02
     0.161858648E+02
     0.161858617E+02
     0.161858435E+02
     0.161858453E+02
     0.161858507E+02
     0.161858580E+02
     0.161858557E+02
     0.161858580E+02
     0.161858620E+02
     0.161858640E+02
     0.161858699E+02
     0.161858779E+02
     0.161858754E+02
     0.161858610E+02
     0.161858624E+02
     0.161858669E+02
     0.161858728E+02
     0.161858710E+02
     0.161858728E+02
     0.161858760E+02
     0.161858776E+02
     0.161858824E+02
     0.161858889E+02
     0.161858869E+02
     0.161858752E+02
     0.161858765E+02
     0.161858801E+02
     0.161858850E+02
     0.161858835E+02
     0.161858850E+02
     0.161858876E+02
     0.161858889E+02
     0.161858928E+02
     0.161858981E+02
     0.161858964E+02
     0.161858870E+02
     0.161858880E+02
     0.161858910E+02
     0.161858951E+02
     0.161858938E+02
     0.161858951E+02
     0.161858972E+02
     0.161858983E+02
     0.161859015E+02
     0.161859059E+02
     0.161859045E+02
     0.161858968E+02
     0.161858976E+02
     0.161859002E+02
     0.161859035E+02
     0.161859025E+02
     0.161859035E+02
     0.161859053E+02
     0.161859062E+02
     0.161859089E+02
     0.161859125E+02
     0.161859114E+02
     0.161859050E+02
     0.161859057E+02
     0.161859078E+02
     0.161859106E+02
     0.161859098E+02
     0.161859106E+02
     0.161859121E+02
     0.161859129E+02
     0.161859151E+02
     0.161859181E+02
     0.161859172E+02
     0.161859119E+02
     0.161859125E+02
     0.161859143E+02
     0.161859167E+02
     0.161859159E+02
     0.161859167E+02
     0.161859179E+02
     0.161859186E+02
     0.161859205E+02
     0.161859230E+02
     0.161859222E+02
     0.161859177E+02
     0.161859182E+02
     0.161859198E+02
     0.161859218E+02
     0.161859212E+02
     0.161859218E+02
     0.161859229E+02
     0.161859234E+02
     0.161859250E+02
     0.161859272E+02
     0.161859265E+02
     0.161859227E+02
     0.161859232E+02
     0.161859245E+02
     0.161859263E+02
     0.161859257E+02
     0.161859263E+02
     0.161859272E+02
     0.161859276E+02
     0.161859290E+02
     0.161859308E+02
     0.161859303E+02
     0.161859270E+02
     0.161859274E+02
     0.161859285E+02
     0.161859301E+02
     0.161859296E+02
     0.161859301E+02
     0.161859309E+02
     0.161859313E+02
     0.161859324E+02
     0.161859340E+02
     0.161859335E+02
     0.161859307E+02
     0.161859311E+02
     0.161859321E+02
     0.161859334E+02
     0.161859330E+02
     0.161859334E+02
     0.161859341E+02
     0.161859344E+02
     0.161859354E+02
     0.161859368E+02
     0.161859364E+02
     0.161859340E+02
     0.161859343E+02
     0.161859351E+02
     0.161859363E+02
     0.161859359E+02
     0.161859363E+02
     0.161859369E+02
     0.161859372E+02
     0.161859381E+02
     0.161859392E+02
     0.161859389E+02
     0.161859368E+02
     0.161859370E+02
     0.161859378E+02
     0.161859388E+02
     0.161859385E+02
     0.161859388E+02
     0.161859393E+02
     0.161859396E+02
     0.161859404E+02
     0.161859414E+02
     0.161859411E+02
     0.161859393E+02
     0.161859395E+02
     0.161859401E+02
     0.161859410E+02
     0.161859408E+02
     0.161859410E+02
     0.161859415E+02
     0.161859417E+02
     0.161859424E+02
     0.161859433E+02
     0.161859430E+02
     0.161859414E+02
     0.161859416E+02
     0.161859422E+02
     0.161859430E+02
     0.161859428E+02
     0.161859430E+02
     0.161859434E+02
     0.161859436E+02
     0.161859442E+02
     0.161859450E+02
     0.161859448E+02
     0.161859434E+02
     0.161859435E+02
     0.161859441E+02
     0.161859448E+02
     0.161859445E+02
     0.161859448E+02
     0.161859451E+02
     0.161859453E+02
     0.161859458E+02
     0.161859465E+02
     0.161859463E+02
     0.161859451E+02
     0.161859452E+02
     0.161859457E+02
     0.161859463E+02
     0.161859461E+02
     0.161859463E+02
     0.161859466E+02
     0.161859468E+02
     0.161859473E+02
     0.161859479E+02
     0.161859477E+02
     0.161859466E+02
     0.161859467E+02
     0.161859472E+02
     0.161859477E+02
     0.161859475E+02
     0.161859477E+02
     0.161859480E+02
     0.161859481E+02
     0.161859486E+02
     0.161859491E+02
     0.161859490E+02
     0.161859480E+02
     0.161859481E+02
     0.161859485E+02
     0.161859490E+02
     0.161859488E+02
     0.161859490E+02
     0.161859492E+02
     0.161859493E+02
     0.161859497E+02
     0.161859502E+02
     0.161859501E+02
     0.161859492E+02
     0.161859493E+02
     0.161859496E+02
     0.161859501E+02
     0.161859499E+02
     0.161859501E+02
     0.161859503E+02
     0.161859504E+02
     0.161859508E+02
     0.161859512E+02
     0.161859511E+02
     0.161859503E+02
     0.161859504E+02
     0.161859507E+02
     0.161859511E+02
     0.161859510E+02
     0.161859511E+02
     0.161859513E+02
     0.161859514E+02
     0.161859517E+02
     0.161859521E+02
     0.161859520E+02
     0.161859513E+02
     0.161859514E+02
     0.161859517E+02
     0.161859520E+02
     0.161859519E+02
     0.161859520E+02
     0.161859522E+02
     0.161859523E+02
     0.161859526E+02
     0.161859529E+02
     0.161859528E+02
     0.161859529E+02
     0.161859531E+02
     0.161859532E+02
     0.161859534E+02
     0.161859538E+02
     0.161859537E+02
     0.161859531E+02
     0.161859532E+02
     0.161859534E+02
     0.161859537E+02
     0.161859536E+02
     0.161859537E+02
     0.161859538E+02
     0.161859539E+02
     0.161859541E+02
     0.161859544E+02
     0.161859543E+02
     0.161859544E+02
     0.161859546E+02
     0.161859546E+02
     0.161859549E+02
     0.161859551E+02
     0.161859550E+02
     0.161859551E+02
     0.161859552E+02
     0.161859553E+02
     0.161859555E+02
     0.161859557E+02
     0.161859557E+02
     0.161859557E+02
     0.161859559E+02
     0.161859559E+02
     0.161859561E+02
     0.161859563E+02
     0.161859562E+02
     0.161859563E+02
     0.161859564E+02
     0.161859565E+02
     0.161859566E+02
     0.161859568E+02
     0.161859567E+02
     0.161859568E+02
     0.161859569E+02
     0.161859569E+02
     0.161859571E+02
     0.161859573E+02
     0.161859572E+02
     0.161859573E+02
     0.161859574E+02
     0.161859574E+02
     0.161859575E+02
     0.161859577E+02
     0.161859576E+02
     0.161859577E+02
     0.161859578E+02
     0.161859578E+02
     0.161859579E+02
     0.161859581E+02
     0.161859580E+02
     0.161859581E+02
     0.161859582E+02
     0.161859582E+02
     0.161859583E+02
     0.161859584E+02
     0.161859584E+02
     0.161859584E+02
     0.161859585E+02
     0.161859585E+02
     0.161859586E+02
     0.161859588E+02
     0.161859587E+02
     0.161859588E+02
     0.161859588E+02
     0.161859589E+02
     0.161859590E+02
     0.161859591E+02
     0.161859590E+02
     0.161859591E+02
     0.161859591E+02
     0.161859592E+02
     0.161859592E+02
     0.161859594E+02
     0.161859593E+02
     0.161859594E+02
     0.161859594E+02
     0.161859594E+02
     0.161859595E+02
     0.161859596E+02
     0.161859596E+02
     0.161859596E+02
     0.161859597E+02
     0.161859597E+02
     0.161859598E+02
     0.161859599E+02
     0.161859598E+02
     0.161859599E+02
     0.161859599E+02
     0.161859599E+02
     0.161859600E+02
     0.161859601E+02
     0.161859601E+02
     0.161859601E+02
     0.161859601E+02
     0.161859601E+02
     0.161859602E+02
     0.161859603E+02
     0.161859603E+02
     0.161859603E+02
     0.161859603E+02
     0.161859604E+02
     0.161859604E+02
     0.161859605E+02
     0.161859605E+02
     0.161859605E+02
     0.161859605E+02
     0.161859605E+02
     0.161859606E+02
     0.161859607E+02
     0.161859606E+02
     0.161859607E+02
     0.161859607E+02
     0.161859607E+02
     0.161859608E+02
     0.161859608E+02
     0.161859608E+02
     0.161859608E+02
     0.161859609E+02
     0.161859609E+02
     0.161859609E+02
     0.161859610E+02
     0.161859610E+02
     0.161859610E+02
     0.161859610E+02
     0.161859610E+02
     0.161859611E+02
     0.161859612E+02
     0.161859611E+02
     0.161859612E+02
     0.161859612E+02
     0.161859612E+02
     0.161859612E+02
     0.161859613E+02
     0.161859613E+02
     0.161859613E+02
     0.161859613E+02
     0.161859613E+02
     0.161859614E+02
     0.161859614E+02
     0.161859614E+02
     0.161859614E+02
     0.161859615E+02
     0.161859615E+02
     0.161859615E+02
     0.161859616E+02
     0.161859615E+02
     0.161859616E+02
     0.161859616E+02
     0.161859616E+02
     0.161859616E+02
     0.161859617E+02
     0.161859617E+02
     0.161859617E+02
     0.161859617E+02
     0.161859617E+02
     0.161859617E+02
     0.161859618E+02
     0.161859618E+02
     0.161859618E+02
     0.161859618E+02
     0.161859618E+02
     0.161859618E+02
     0.161859619E+02
     0.161859619E+02
     0.161859619E+02
     0.161859619E+02
     0.161859619E+02
     0.161859620E+02
     0.161859620E+02
     0.161859620E+02
     0.161859620E+02
     0.161859620E+02
     0.161859620E+02
     0.161859620E+02
     0.161859621E+02
     0.161859621E+02
     0.161859621E+02
     0.161859621E+02
     0.161859621E+02
     0.161859621E+02
     0.161859622E+02
     0.161859622E+02
     0.161859622E+02
     0.161859622E+02
     0.161859622E+02
     0.161859622E+02
     0.161859623E+02
     0.161859622E+02
     0.161859623E+02
     0.161859623E+02
     0.161859623E+02
     0.161859623E+02
     0.161859623E+02
     0.161859623E+02
     0.161859623E+02
     0.161859624E+02
     0.161859624E+02
     0.161859624E+02
     0.161859624E+02
     0.161859624E+02
     0.161859624E+02
     0.161859624E+02
     0.161859624E+02
     0.161859625E+02
     0.161859625E+02
     0.161859625E+02
     0.161859625E+02
     0.161859625E+02
     0.161859625E+02
     0.161859625E+02
     0.161859626E+02
     0.161859626E+02
     0.161859626E+02
     0.161859626E+02
     0.161859626E+02
     0.161859626E+02
     0.161859626E+02
     0.161859626E+02
     0.161859626E+02
     0.161859626E+02
     0.161859626E+02
     0.161859627E+02
     0.161859627E+02
     0.161859627E+02
     0.161859627E+02
     0.161859627E+02
     0.161859627E+02
     0.161859627E+02
     0.161859628E+02
     0.161859627E+02
     0.161859628E+02
     0.161859628E+02
     0.161859628E+02
     0.161859628E+02
     0.161859628E+02
     0.161859628E+02
     0.161859628E+02
     0.161859628E+02
     0.161859628E+02
     0.161859628E+02
     0.161859629E+02
     0.161859629E+02
     0.161859629E+02
     0.161859629E+02
     0.161859629E+02
     0.161859629E+02
     0.161859629E+02
     0.161859629E+02
     0.161859629E+02
     0.161859629E+02
     0.161859629E+02
     0.161859629E+02
     0.161859630E+02
     0.161859630E+02
     0.161859630E+02
     0.161859630E+02
     0.161859630E+02
     0.161859630E+02
     0.161859630E+02
     0.161859630E+02
     0.161859630E+02
     0.161859630E+02
     0.161859630E+02
     0.161859630E+02
     0.161859631E+02
     0.161859631E+02
     0.161859631E+02
     0.161859631E+02
     0.161859631E+02
     0.161859631E+02
     0.161859631E+02
     0.161859631E+02
     0.161859631E+02
     0.161859631E+02
     0.161859631E+02
     0.161859631E+02
     0.161859632E+02
     0.161859631E+02
     0.161859632E+02
     0.161859632E+02
     0.161859632E+02
     0.161859632E+02
     0.161859632E+02
     0.161859632E+02
     0.161859632E+02
     0.161859632E+02
     0.161859632E+02
     0.161859632E+02
     0.161859632E+02
     0.161859632E+02
     0.161859632E+02
     0.161859632E+02
     0.161859632E+02
     0.161859633E+02
     0.161859633E+02
     0.161859633E+02
     0.161859633E+02
     0.161859633E+02
     0.161859633E+02
     0.161859633E+02
     0.161859633E+02
     0.161859633E+02
     0.161859633E+02
     0.161859633E+02
     0.161859633E+02
     0.161859633E+02
     0.161859633E+02
     0.161859633E+02
     0.161859633E+02
     0.161859633E+02
     0.161859633E+02
     0.161859634E+02
     0.161859634E+02
     0.161859634E+02
     0.161859634E+02
     0.161859634E+02
     0.161859634E+02
     0.161859634E+02
     0.161859634E+02
     0.161859634E+02
     0.161859634E+02
     0.161859634E+02
     0.161859634E+02
     0.161859634E+02
     0.161859634E+02
     0.161859634E+02
     0.161859634E+02
     0.161859634E+02
     0.161859634E+02
     0.161859635E+02
     0.161859635E+02
     0.161859635E+02
     0.161859635E+02
     0.161859635E+02
     0.161859635E+02
     0.161859635E+02
     0.161859635E+02
     0.161859635E+02
     0.161859635E+02
     0.161859635E+02
     0.161859635E+02
     0.161859635E+02
     0.161859635E+02
     0.161859635E+02
     0.161859635E+02
     0.161859635E+02
     0.161859635E+02
     0.161859635E+02
     0.161859635E+02
     0.161859635E+02
     0.161859635E+02
     0.161859636E+02
     0.161859636E+02
     0.161859636E+02
     0.161859636E+02
     0.161859636E+02
     0.161859636E+02
     0.161859636E+02
     0.161859636E+02
     0.161859636E+02
     0.161859636E+02
     0.161859636E+02
     0.161859636E+02
     0.161859636E+02
     0.161859636E+02
     0.161859636E+02
     0.161859636E+02
     0.161859636E+02
     0.161859636E+02
     0.161859636E+02
     0.161859636E+02
     0.161859636E+02
     0.161859636E+02
     0.161859636E+02
     0.161859636E+02
     0.161859637E+02
     0.161859637E+02
     0.161859637E+02
     0.161859637E+02
     0.161859637E+02
     0.161859637E+02
     0.161859637E+02
     0.161859637E+02
     0.161859637E+02
     0.161859637E+02
     0.161859637E+02
     0.161859637E+02
     0.161859637E+02
     0.161859637E+02
     0.161859637E+02
     0.161859637E+02
     0.161859637E+02
     0.161859637E+02
     0.161859637E+02
     0.161859637E+02
     0.161859637E+02
     0.161859637E+02
     0.161859637E+02
     0.161859637E+02
     0.161859637E+02
     0.161859637E+02
     0.161859637E+02
     0.161859638E+02
     0.161859637E+02
     0.161859638E+02
     0.161859638E+02
     0.161859638E+02
     0.161859638E+02
     0.161859638E+02
     0.161859638E+02
     0.161859638E+02
     0.161859638E+02
     0.161859638E+02
     0.161859638E+02
     0.161859638E+02
     0.161859638E+02
     0.161859638E+02
     0.161859638E+02
     0.161859638E+02
     0.161859638E+02
     0.161859638E+02
     0.161859638E+02
     0.161859638E+02
     0.161859638E+02
     0.161859638E+02
     0.161859638E+02
     0.161859638E+02
     0.161859638E+02
     0.161859638E+02
     0.161859638E+02
     0.161859638E+02
     0.161859638E+02
     0.161859638E+02
     0.161859638E+02
     0.161859638E+02
     0.161859638E+02
     0.161859638E+02
     0.161859638E+02
     0.161859639E+02
     0.161859639E+02
     0.161859639E+02
     0.161859639E+02
     0.161859639E+02
     0.161859639E+02
     0.161859639E+02
     0.161859639E+02
     0.161859639E+02
     0.161859639E+02
     0.161859639E+02
     0.161859639E+02
     0.161859639E+02
     0.161859639E+02
     0.161859639E+02
     0.161859639E+02
     0.161859639E+02
     0.161859639E+02
     0.161859639E+02
     0.161859639E+02
     0.161859639E+02
     0.161859639E+02
     0.161859639E+02
     0.161859639E+02
     0.161859639E+02
     0.161859639E+02
     0.161859639E+02
     0.161859639E+02
     0.161859639E+02
     0.161859639E+02
     0.161859639E+02
     0.161859639E+02
     0.161859639E+02
     0.161859639E+02
     0.161859639E+02
     0.161859639E+02
     0.161859639E+02
     0.161859639E+02
     0.161859639E+02
     0.161859639E+02
     0.161859639E+02
     0.161859639E+02
     0.161859640E+02
     0.161859639E+02
     0.161859640E+02
     0.161859640E+02
     0.161859640E+02
     0.161859640E+02
     0.161859640E+02
     0.161859640E+02
     0.161859640E+02
     0.161859640E+02
     0.161859640E+02
     0.161859640E+02
     0.161859640E+02
     0.161859640E+02
     0.161859640E+02
     0.161859640E+02
     0.161859640E+02
     0.161859640E+02
     0.161859640E+02
     0.161859640E+02
     0.161859640E+02
     0.161859640E+02
     0.161859640E+02
     0.161859640E+02
     0.161859640E+02
     0.161859640E+02
     0.161859640E+02
     0.161859640E+02
     0.161859640E+02
     0.161859640E+02
     0.161859640E+02
     0.161859640E+02
     0.161859640E+02
     0.161859640E+02
     0.161859640E+02
     0.161859640E+02
     0.161859640E+02
     0.161859640E+02
     0.161859640E+02
     0.161859640E+02
     0.161859640E+02
     0.161859640E+02
     0.161859640E+02
     0.161859640E+02
     0.161859640E+02
     0.161859640E+02
     0.161859640E+02
     0.161859640E+02
     0.161859640E+02
     0.161859640E+02
     0.161859640E+02
     0.161859640E+02
     0.161859640E+02
     0.161859640E+02
     0.161859640E+02
     0.161859640E+02
     0.161859640E+02
     0.161859640E+02
     0.161859640E+02
     0.161859641E+02
     0.161859641E+02
     0.161859641E+02
     0.161859641E+02
     0.161859641E+02
     0.161859641E+02
     0.161859641E+02
     0.161859641E+02
     0.161859641E+02
     0.161859641E+02
     0.161859641E+02
     0.161859641E+02
     0.161859641E+02
     0.161859641E+02
     0.161859641E+02
     0.161859641E+02
     0.161859641E+02
     0.161859641E+02
     0.161859641E+02
     0.161859641E+02
     0.161859641E+02
     0.161859641E+02
     0.161859641E+02
     0.161859641E+02
     0.161859641E+02
     0.161859641E+02
     0.161859641E+02
     0.161859641E+02
     0.161859641E+02
     0.161859641E+02
     0.161859641E+02
     0.161859641E+02
     0.161859641E+02
     0.161859641E+02
     0.161859641E+02
     0.161859641E+02
     0.161859641E+02
     0.161859641E+02
     0.161859641E+02
     0.161859641E+02
     0.161859641E+02
     0.161859641E+02
     0.161859641E+02
     0.161859641E+02
     0.161859641E+02
     0.161859641E+02
     0.161859641E+02
     0.161859641E+02
     0.161859641E+02
     0.161859641E+02
     0.161859641E+02
     0.161859641E+02
     0.161859641E+02
     0.161859641E+02
     0.161859641E+02
     0.161859641E+02
     0.161859641E+02
     0.161859641E+02
     0.161859641E+02
     0.161859641E+02
     0.161859641E+02
     0.161859641E+02
     0.161859641E+02
     0.161859641E+02
     0.161859641E+02
     0.161859641E+02
     0.161859641E+02
     0.161859641E+02
     0.161859641E+02
     0.161859641E+02
     0.161859641E+02
     0.161859641E+02
     0.161859641E+02
     0.161859641E+02
     0.161859641E+02
     0.161859641E+02
     0.161859641E+02
     0.161859641E+02
     0.161859641E+02
     0.161859641E+02
     0.161859641E+02
     0.161859641E+02
     0.161859641E+02
     0.161859641E+02
     0.161859642E+02
     0.161859642E+02
     0.161859642E+02
     0.161859642E+02
     0.161859642E+02
     0.161859642E+02
     0.161859642E+02
     0.161859642E+02
     0.161859642E+02
     0.161859642E+02
     0.161859642E+02
     0.161859642E+02
     0.161859642E+02
     0.161859642E+02
     0.161859642E+02
     0.161859642E+02
     0.161859642E+02
     0.161859642E+02
     0.161859642E+02
     0.161859642E+02
     0.161859642E+02
     0.161859642E+02
     0.161859642E+02
     0.161859642E+02
     0.161859642E+02
     0.161859642E+02
     0.161859642E+02
     0.161859642E+02
     0.161859642E+02
     0.161859642E+02
     0.161859642E+02
     0.161859642E+02
     0.161859642E+02
     0.161859642E+02
     0.161859642E+02
     0.161859642E+02
     0.161859642E+02
     0.161859642E+02
     0.161859642E+02
     0.161859642E+02
     0.161859642E+02
     0.161859642E+02
     0.161859642E+02
     0.161859642E+02
     0.161859642E+02
     0.161859642E+02
     0.161859642E+02
     0.161859642E+02
     0.161859642E+02
     0.161859642E+02
     0.161859642E+02
     0.161859642E+02
     0.161859642E+02
     0.161859642E+02
     0.161859642E+02
     0.161859642E+02
     0.161859642E+02
     0.161859642E+02
     0.161859642E+02
     0.161859642E+02
     0.161859642E+02
     0.161859642E+02
     0.161859642E+02
     0.161859642E+02
     0.161859642E+02
     0.161859642E+02
     0.161859642E+02
     0.161859642E+02
     0.161859642E+02
     0.161859642E+02
     0.161859642E+02
     0.161859642E+02
     0.161859642E+02
     0.161859642E+02
     0.161859642E+02
     0.161859642E+02
     0.161859642E+02
     0.161859642E+02
     0.161859642E+02
     0.161859642E+02
     0.161859642E+02
     0.161859642E+02
     0.161859642E+02
     0.161859642E+02
     0.161859642E+02
     0.161859642E+02
     0.161859642E+02
     0.161859642E+02
     0.161859642E+02
     0.161859642E+02
     0.161859642E+02
     0.161859642E+02
     0.161859642E+02
     0.161859642E+02
     0.161859642E+02
     0.161859642E+02
     0.161859642E+02
     0.161859642E+02
     0.161859642E+02
     0.161859642E+02
     0.161859642E+02
     0.161859642E+02
     0.161859642E+02
     0.161859642E+02
     0.161859642E+02
     0.161859642E+02
     0.161859642E+02
     0.161859642E+02
     0.161859642E+02
     0.161859642E+02
     0.161859642E+02
     0.161859642E+02
     0.161859642E+02
     0.161859642E+02
     0.161859642E+02
     0.161859642E+02
     0.161859642E+02
     0.161859642E+02
     0.161859642E+02
     0.161859642E+02
     0.161859642E+02
     0.161859642E+02
     0.161859642E+02
     0.161859642E+02
     0.161859642E+02
     0.161859642E+02
     0.161859642E+02
     0.161859642E+02
     0.161859642E+02
     0.161859642E+02
     0.161859642E+02
     0.161859642E+02
     0.161859642E+02
     0.161859642E+02
     0.161859642E+02
     0.161859642E+02
     0.161859642E+02
     0.161859642E+02
     0.161859642E+02
     0.161859642E+02
     0.161859642E+02
     0.161859642E+02
     0.161859642E+02
     0.161859642E+02
     0.161859642E+02
     0.161859642E+02
     0.161859642E+02
     0.161859642E+02
     0.161859642E+02
     0.161859642E+02
     0.161859642E+02
     0.161859642E+02
     0.161859642E+02
     0.161859642E+02
     0.161859642E+02
     0.161859642E+02
     0.161859642E+02
     0.161859643E+02
     0.161859642E+02
     0.161859643E+02
     0.161859643E+02
     0.161859643E+02
     0.161859643E+02
     0.161859643E+02
     0.161859643E+02
     0.161859643E+02
     0.161859643E+02
     0.161859643E+02
     0.161859643E+02
     0.161859643E+02
     0.161859643E+02
     0.161859643E+02
     0.161859643E+02
     0.161859643E+02
     0.161859643E+02
     0.161859643E+02
     0.161859643E+02
     0.161859643E+02
     0.161859643E+02
     0.161859643E+02
     0.161859643E+02
     0.161859643E+02
     0.161859643E+02
     0.161859643E+02
     0.161859643E+02
     0.161859643E+02
     0.161859643E+02
     0.161859643E+02
     0.161859643E+02
     0.161859643E+02
     0.161859643E+02
     0.161859643E+02
     0.161859643E+02
     0.161859643E+02
     0.161859643E+02
     0.161859643E+02
     0.161859643E+02
     0.161859643E+02
     0.161859643E+02
     0.161859643E+02
     0.161859643E+02
     0.161859643E+02
     0.161859643E+02
     0.161859643E+02
     0.161859643E+02
     0.161859643E+02
     0.161859643E+02
     0.161859643E+02
     0.161859643E+02
     0.161859643E+02
     0.161859643E+02
     0.161859643E+02
     0.161859643E+02
     0.161859643E+02
     0.161859643E+02
     0.161859643E+02
     0.161859643E+02
     0.161859643E+02
     0.161859643E+02
     0.161859643E+02
     0.161859643E+02
     0.161859643E+02
     0.161859643E+02
     0.161859643E+02
     0.161859643E+02
     0.161859643E+02
     0.161859643E+02
     0.161859643E+02
     0.161859643E+02
     0.161859643E+02
     0.161859643E+02
     0.161859643E+02
     0.161859643E+02
     0.161859643E+02
     0.161859643E+02
     0.161859643E+02
     0.161859643E+02
     0.161859643E+02
     0.161859643E+02
     0.161859643E+02
     0.161859643E+02
     0.161859643E+02
     0.161859643E+02
     0.161859643E+02
     0.161859643E+02
     0.161859643E+02
     0.161859643E+02
     0.161859643E+02
     0.161859643E+02
     0.161859643E+02
     0.161859643E+02
     0.161859643E+02
     0.161859643E+02
     0.161859643E+02
     0.161859643E+02
     0.161859643E+02
     0.161859643E+02
     0.161859643E+02
     0.161859643E+02
     0.161859643E+02
     0.161859643E+02
     0.161859643E+02
     0.161859643E+02
     0.161859643E+02
     0.161859643E+02
     0.161859643E+02
     0.161859643E+02
     0.161859643E+02
     0.161859643E+02
     0.161859643E+02
     0.161859643E+02
     0.161859643E+02
     0.161859643E+02
     0.161859643E+02
     0.161859643E+02
     0.161859643E+02
     0.161859643E+02
     0.161859643E+02
     0.161859643E+02
     0.161859643E+02
     0.161859643E+02
     0.161859643E+02
     0.161859643E+02
     0.161859643E+02
     0.161859643E+02
     0.161859643E+02
     0.161859643E+02
     0.161859643E+02
     0.161859643E+02
     0.161859643E+02
     0.161859643E+02
     0.161859643E+02
     0.161859643E+02
     0.161859643E+02
     0.161859643E+02
     0.161859643E+02
     0.161859643E+02
     0.161859643E+02
     0.161859643E+02
     0.161859643E+02
     0.161859643E+02
     0.161859643E+02
     0.161859643E+02
     0.161859643E+02
     0.161859643E+02
     0.161859643E+02
     0.161859643E+02
     0.161859643E+02
     0.161859643E+02
     0.161859643E+02
     0.161859643E+02
     0.161859643E+02
     0.161859643E+02
     0.161859643E+02
     0.161859643E+02
     0.161859643E+02
     0.161859643E+02
     0.161859643E+02
     0.161859643E+02
     0.161859643E+02
     0.161859643E+02
     0.161859643E+02
     0.161859643E+02
     0.161859643E+02
     0.161859643E+02
     0.161859643E+02
     0.161859643E+02
     0.161859643E+02
     0.161859643E+02
     0.161859643E+02
     0.161859643E+02
     0.161859643E+02
     0.161859643E+02
     0.161859643E+02
     0.161859643E+02
     0.161859643E+02
     0.161859643E+02
     0.161859643E+02
     0.161859643E+02
     0.161859643E+02
     0.161859643E+02
     0.161859643E+02
     0.161859643E+02
     0.161859643E+02
     0.161859643E+02
     0.161859643E+02
     0.161859643E+02
     0.161859643E+02
     0.161859643E+02
     0.161859643E+02
     0.161859643E+02
     0.161859643E+02
     0.161859643E+02
     0.161859643E+02
     0.161859643E+02
     0.161859643E+02
     0.161859643E+02
     0.161859643E+02
     0.161859643E+02
     0.161859643E+02
     0.161859643E+02
     0.161859643E+02
     0.161859643E+02
     0.161859643E+02
     0.161859643E+02
     0.161859643E+02
     0.161859643E+02
     0.161859643E+02
     0.161859643E+02
     0.161859643E+02
     0.161859643E+02
     0.161859643E+02
     0.161859643E+02
     0.161859643E+02
     0.161859643E+02
     0.161859643E+02
     0.161859643E+02
     0.161859643E+02
     0.161859643E+02
     0.161859643E+02
     0.161859643E+02
     0.161859643E+02
     0.161859643E+02
     0.161859643E+02
     0.161859643E+02
     0.161859643E+02
     0.161859643E+02
     0.161859643E+02
     0.161859643E+02
     0.161859643E+02
     0.161859643E+02
     0.161859643E+02
     0.161859643E+02
     0.161859643E+02
     0.161859643E+02
     0.161859643E+02
     0.161859643E+02
     0.161859643E+02
     0.161859643E+02
     0.161859643E+02
     0.161859643E+02
     0.161859643E+02
     0.161859643E+02
     0.161859643E+02
     0.161859643E+02
     0.161859643E+02
     0.161859643E+02
     0.161859643E+02
     0.161859643E+02
     0.161859643E+02
     0.161859643E+02
     0.161859643E+02
     0.161859643E+02
     0.161859643E+02
     0.161859643E+02
     0.161859643E+02
     0.161859643E+02
     0.161859643E+02
     0.161859643E+02
     0.161859643E+02
     0.161859643E+02
     0.161859643E+02
     0.161859643E+02
     0.161859643E+02
     0.161859643E+02
     0.161859643E+02
     0.161859643E+02
     0.161859643E+02
     0.161859643E+02
     0.161859643E+02
     0.161859643E+02
     0.161859643E+02
     0.161859643E+02
     0.161859643E+02
     0.161859643E+02
     0.161859643E+02
     0.161859643E+02
     0.161859643E+02
     0.161859643E+02
     0.161859643E+02
     0.161859643E+02
     0.161859643E+02
     0.161859643E+02
     0.161859643E+02
     0.161859643E+02
     0.161859643E+02
     0.161859643E+02
     0.161859643E+02
     0.161859643E+02
     0.161859643E+02
     0.161859643E+02
     0.161859643E+02
     0.161859643E+02
     0.161859643E+02
     0.161859643E+02
     0.161859643E+02
     0.161859643E+02
     0.161859643E+02
     0.161859643E+02
     0.161859643E+02
     0.161859643E+02
     0.161859643E+02
     0.161859643E+02
     0.161859643E+02
     0.161859643E+02
     0.161859643E+02
     0.161859643E+02
     0.161859643E+02
     0.161859643E+02
     0.161859643E+02
     0.161859643E+02
     0.161859643E+02
     0.161859643E+02
     0.161859643E+02
     0.161859643E+02
     0.161859643E+02
     0.161859643E+02
     0.161859643E+02
     0.161859643E+02
     0.161859643E+02
     0.161859643E+02
     0.161859643E+02
     0.161859643E+02
     0.161859643E+02
     0.161859643E+02
     0.161859643E+02
     0.161859643E+02
     0.161859643E+02
     0.161859643E+02
     0.161859643E+02
     0.161859643E+02
     0.161859643E+02
     0.161859643E+02
     0.161859643E+02
     0.161859643E+02
     0.161859643E+02
     0.161859643E+02
     0.161859643E+02
     0.161859643E+02
     0.161859643E+02
     0.161859643E+02
     0.161859643E+02
     0.161859643E+02
     0.161859643E+02
     0.161859643E+02
     0.161859643E+02
     0.161859643E+02
     0.161859643E+02
     0.161859643E+02
     0.161859643E+02
     0.161859643E+02
     0.161859643E+02
     0.161859643E+02
     0.161859643E+02
     0.161859643E+02
     0.161859643E+02
     0.161859643E+02
     0.161859643E+02
     0.161859643E+02
     0.161859643E+02
     0.161859643E+02
     0.161859643E+02
     0.161859643E+02
     0.161859643E+02
     0.161859643E+02
     0.161859643E+02
     0.161859643E+02
     0.161859643E+02
     0.161859643E+02
     0.161859643E+02
     0.161859643E+02
     0.161859643E+02
     0.161859643E+02
     0.161859643E+02
     0.161859643E+02
     0.161859643E+02
     0.161859643E+02
     0.161859643E+02
     0.161859643E+02
     0.161859643E+02
     0.161859643E+02
     0.161859643E+02
     0.161859643E+02
     0.161859643E+02
     0.161859643E+02
     0.161859643E+02
     0.161859643E+02
     0.161859643E+02
     0.161859643E+02
     0.161859643E+02
     0.161859643E+02
     0.161859643E+02
     0.161859643E+02
     0.161859643E+02
     0.161859643E+02
     0.161859643E+02
     0.161859643E+02
     0.161859643E+02
     0.161859643E+02
     0.161859643E+02
     0.161859643E+02
     0.161859643E+02
     0.161859643E+02
     0.161859643E+02
     0.161859643E+02
     0.161859643E+02
     0.161859643E+02
     0.161859643E+02
     0.161859643E+02
     0.161859643E+02
     0.161859643E+02
     0.161859643E+02
     0.161859643E+02
     0.161859643E+02
     0.161859643E+02
     0.161859643E+02
     0.161859643E+02
     0.161859643E+02
     0.161859643E+02
     0.161859643E+02
     0.161859643E+02
     0.161859643E+02
     0.161859643E+02
     0.161859643E+02
     0.161859643E+02
     0.161859643E+02
     0.161859643E+02
     0.161859643E+02
     0.161859643E+02
     0.161859643E+02
     0.161859643E+02
     0.161859643E+02
     0.161859643E+02
     0.161859643E+02
     0.161859643E+02
     0.161859643E+02
     0.161859643E+02
     0.161859643E+02
     0.161859643E+02
     0.161859643E+02
     0.161859643E+02
     0.161859643E+02
     0.161859643E+02
     0.161859643E+02
     0.161859643E+02
     0.161859643E+02
     0.161859643E+02
     0.161859643E+02
     0.161859643E+02
     0.161859643E+02
     0.161859643E+02
     0.161859643E+02
     0.161859643E+02
     0.161859643E+02
     0.161859643E+02
     0.161859643E+02
     0.161859643E+02
     0.161859643E+02
     0.161859643E+02
     0.161859643E+02
     0.161859643E+02
     0.161859643E+02
     0.161859643E+02
     0.161859643E+02
     0.161859643E+02
     0.161859643E+02
     0.161859643E+02
     0.161859643E+02
     0.161859642E+02
     0.161859642E+02
     0.161859642E+02
     0.161859643E+02
     0.161859643E+02
     0.161859643E+02
     0.161859642E+02
     0.161859642E+02
     0.161859642E+02
     0.161859642E+02
     0.161859642E+02
     0.161859642E+02
     0.161859642E+02
     0.161859642E+02
     0.161859642E+02
     0.161859642E+02
     0.161859642E+02
     0.161859642E+02
     0.161859642E+02
     0.161859642E+02
     0.161859642E+02
     0.161859642E+02
     0.161859642E+02
     0.161859642E+02
     0.161859642E+02
     0.161859642E+02
     0.161859642E+02
     0.161859642E+02
     0.161859642E+02
     0.161859642E+02
     0.161859642E+02
     0.161859642E+02
     0.161859642E+02
     0.161859642E+02
     0.161859642E+02
     0.161859642E+02
     0.161859642E+02
     0.161859642E+02
     0.161859642E+02
     0.161859642E+02
     0.161859642E+02
     0.161859642E+02
     0.161859642E+02
     0.161859642E+02
     0.161859642E+02
     0.161859642E+02
     0.161859642E+02
     0.161859642E+02
     0.161859642E+02
     0.161859642E+02
     0.161859642E+02
     0.161859642E+02
     0.161859642E+02
     0.161859642E+02
     0.161859642E+02
     0.161859642E+02
     0.161859642E+02
     0.161859642E+02
     0.161859642E+02
     0.161859642E+02
     0.161859642E+02
     0.161859642E+02
     0.161859642E+02
     0.161859642E+02
     0.161859642E+02
     0.161859642E+02
     0.161859642E+02
     0.161859642E+02
     0.161859642E+02
     0.161859641E+02
     0.161859641E+02
     0.161859641E+02
     0.161859641E+02
     0.161859641E+02
     0.161859641E+02
     0.161859641E+02
     0.161859641E+02
     0.161859641E+02
     0.161859641E+02
     0.161859641E+02
     0.161859641E+02
     0.161859641E+02
     0.161859641E+02
     0.161859641E+02
     0.161859641E+02
     0.161859641E+02
     0.161859641E+02
     0.161859641E+02
     0.161859641E+02
     0.161859641E+02
     0.161859641E+02
     0.161859641E+02
     0.161859641E+02
     0.161859641E+02
     0.161859641E+02
     0.161859641E+02
     0.161859641E+02
     0.161859641E+02
     0.161859641E+02
     0.161859641E+02
     0.161859641E+02
     0.161859641E+02
     0.161859641E+02
     0.161859641E+02
     0.161859641E+02
     0.161859640E+02
     0.161859640E+02
     0.161859640E+02
     0.161859640E+02
     0.161859640E+02
     0.161859640E+02
     0.161859640E+02
     0.161859640E+02
     0.161859640E+02
     0.161859640E+02
     0.161859640E+02
     0.161859640E+02
     0.161859640E+02
     0.161859640E+02
     0.161859640E+02
     0.161859640E+02
     0.161859640E+02
     0.161859640E+02
     0.161859640E+02
     0.161859640E+02
     0.161859640E+02
     0.161859640E+02
     0.161859640E+02
     0.161859640E+02
     0.161859640E+02
     0.161859640E+02
     0.161859639E+02
     0.161859639E+02
     0.161859639E+02
     0.161859639E+02
     0.161859639E+02
     0.161859639E+02
     0.161859639E+02
     0.161859639E+02
     0.161859639E+02
     0.161859639E+02
     0.161859639E+02
     0.161859639E+02
     0.161859639E+02
     0.161859639E+02
     0.161859639E+02
     0.161859639E+02
     0.161859639E+02
     0.161859639E+02
     0.161859639E+02
     0.161859638E+02
     0.161859638E+02
     0.161859638E+02
     0.161859638E+02
     0.161859638E+02
     0.161859638E+02
     0.161859638E+02
     0.161859638E+02
     0.161859638E+02
     0.161859638E+02
     0.161859638E+02
     0.161859638E+02
     0.161859638E+02
     0.161859638E+02
     0.161859638E+02
     0.161859638E+02
     0.161859637E+02
     0.161859637E+02
     0.161859637E+02
     0.161859637E+02
     0.161859637E+02
     0.161859637E+02
     0.161859637E+02
     0.161859637E+02
     0.161859637E+02
     0.161859637E+02
     0.161859637E+02
     0.161859637E+02
     0.161859637E+02
     0.161859636E+02
     0.161859636E+02
     0.161859636E+02
     0.161859636E+02
     0.161859636E+02
     0.161859636E+02
     0.161859636E+02
     0.161859636E+02
     0.161859636E+02
     0.161859636E+02
     0.161859636E+02
     0.161859636E+02
     0.161859635E+02
     0.161859635E+02
     0.161859635E+02
     0.161859635E+02
     0.161859635E+02
     0.161859635E+02
     0.161859635E+02
     0.161859635E+02
     0.161859635E+02
     0.161859635E+02
     0.161859634E+02
     0.161859634E+02
     0.161859634E+02
     0.161859634E+02
     0.161859634E+02
     0.161859634E+02
     0.161859634E+02
     0.161859634E+02
     0.161859633E+02
     0.161859633E+02
     0.161859633E+02
     0.161859633E+02
     0.161859633E+02
     0.161859633E+02
     0.161859633E+02
     0.161859632E+02
     0.161859633E+02
     0.161859632E+02
     0.161859632E+02
     0.161859632E+02
     0.161859632E+02
     0.161859632E+02
     0.161859632E+02
     0.161859632E+02
     0.161859631E+02
     0.161859631E+02
     0.161859631E+02
     0.161859631E+02
     0.161859631E+02
     0.161859631E+02
     0.161859631E+02
     0.161859630E+02
     0.161859630E+02
     0.161859630E+02
     0.161859630E+02
     0.161859630E+02
     0.161859630E+02
     0.161859630E+02
     0.161859629E+02
     0.161859629E+02
     0.161859629E+02
     0.161859629E+02
     0.161859629E+02
     0.161859629E+02
     0.161859628E+02
     0.161859628E+02
     0.161859628E+02
     0.161859628E+02
     0.161859628E+02
     0.161859627E+02
     0.161859627E+02
     0.161859627E+02
     0.161859627E+02
     0.161859627E+02
     0.161859626E+02
     0.161859626E+02
     0.161859626E+02
     0.161859625E+02
     0.161859625E+02
     0.161859625E+02
     0.161859625E+02
     0.161859625E+02
     0.161859625E+02
     0.161859624E+02
     0.161859624E+02
     0.161859624E+02
     0.161859624E+02
     0.161859624E+02
     0.161859623E+02
     0.161859623E+02
     0.161859623E+02
     0.161859623E+02
     0.161859622E+02
     0.161859622E+02
     0.161859622E+02
     0.161859621E+02
     0.161859621E+02
     0.161859621E+02
     0.161859621E+02
     0.161859621E+02
     0.161859620E+02
     0.161859619E+02
     0.161859620E+02
     0.161859619E+02
     0.161859619E+02
     0.161859619E+02
     0.161859618E+02
     0.161859618E+02
     0.161859618E+02
     0.161859618E+02
     0.161859617E+02
     0.161859617E+02
     0.161859616E+02
     0.161859616E+02
     0.161859616E+02
     0.161859616E+02
     0.161859615E+02
     0.161859615E+02
     0.161859614E+02
     0.161859614E+02
     0.161859614E+02
     0.161859614E+02
     0.161859613E+02
     0.161859613E+02
     0.161859612E+02
     0.161859611E+02
     0.161859612E+02
     0.161859611E+02
     0.161859611E+02
     0.161859611E+02
     0.161859610E+02
     0.161859609E+02
     0.161859609E+02
     0.161859609E+02
     0.161859608E+02
     0.161859608E+02
     0.161859607E+02
     0.161859606E+02
     0.161859607E+02
     0.161859606E+02
     0.161859606E+02
     0.161859606E+02
     0.161859605E+02
     0.161859604E+02
     0.161859604E+02
     0.161859604E+02
     0.161859603E+02
     0.161859603E+02
     0.161859602E+02
     0.161859601E+02
     0.161859601E+02
     0.161859601E+02
     0.161859600E+02
     0.161859600E+02
     0.161859599E+02
     0.161859597E+02
     0.161859598E+02
     0.161859597E+02
     0.161859597E+02
     0.161859596E+02
     0.161859595E+02
     0.161859594E+02
     0.161859594E+02
     0.161859594E+02
     0.161859593E+02
     0.161859593E+02
     0.161859592E+02
     0.161859590E+02
     0.161859591E+02
     0.161859590E+02
     0.161859590E+02
     0.161859589E+02
     0.161859588E+02
     0.161859586E+02
     0.161859587E+02
     0.161859586E+02
     0.161859586E+02
     0.161859585E+02
     0.161859584E+02
     0.161859582E+02
     0.161859583E+02
     0.161859582E+02
     0.161859581E+02
     0.161859581E+02
     0.161859579E+02
     0.161859578E+02
     0.161859578E+02
     0.161859578E+02
     0.161859577E+02
     0.161859576E+02
     0.161859575E+02
     0.161859573E+02
     0.161859573E+02
     0.161859573E+02
     0.161859572E+02
     0.161859571E+02
     0.161859569E+02
     0.161859567E+02
     0.161859568E+02
     0.161859567E+02
     0.161859566E+02
     0.161859566E+02
     0.161859564E+02
     0.161859562E+02
     0.161859562E+02
     0.161859562E+02
     0.161859560E+02
     0.161859560E+02
     0.161859558E+02
     0.161859556E+02
     0.161859556E+02
     0.161859556E+02
     0.161859554E+02
     0.161859554E+02
     0.161859552E+02
     0.161859549E+02
     0.161859550E+02
     0.161859549E+02
     0.161859548E+02
     0.161859547E+02
     0.161859545E+02
     0.161859542E+02
     0.161859543E+02
     0.161859542E+02
     0.161859540E+02
     0.161859540E+02
     0.161859537E+02
     0.161859534E+02
     0.161859535E+02
     0.161859534E+02
     0.161859533E+02
     0.161859532E+02
     0.161859529E+02
     0.161859526E+02
     0.161859527E+02
     0.161859526E+02
     0.161859524E+02
     0.161859524E+02
     0.161859521E+02
     0.161859517E+02
     0.161859518E+02
     0.161859517E+02
     0.161859515E+02
     0.161859515E+02
     0.161859512E+02
     0.161859508E+02
     0.161859509E+02
     0.161859508E+02
     0.161859506E+02
     0.161859505E+02
     0.161859502E+02
     0.161859498E+02
     0.161859499E+02
     0.161859498E+02
     0.161859496E+02
     0.161859495E+02
     0.161859491E+02
     0.161859487E+02
     0.161859488E+02
     0.161859487E+02
     0.161859485E+02
     0.161859483E+02
     0.161859480E+02
     0.161859475E+02
     0.161859477E+02
     0.161859475E+02
     0.161859473E+02
     0.161859471E+02
     0.161859468E+02
     0.161859463E+02
     0.161859464E+02
     0.161859463E+02
     0.161859460E+02
     0.161859459E+02
     0.161859455E+02
     0.161859449E+02
     0.161859451E+02
     0.161859449E+02
     0.161859446E+02
     0.161859445E+02
     0.161859440E+02
     0.161859435E+02
     0.161859436E+02
     0.161859435E+02
     0.161859431E+02
     0.161859430E+02
     0.161859425E+02
     0.161859419E+02
     0.161859421E+02
     0.161859419E+02
     0.161859416E+02
     0.161859414E+02
     0.161859409E+02
     0.161859402E+02
     0.161859404E+02
     0.161859402E+02
     0.161859399E+02
     0.161859397E+02
     0.161859391E+02
     0.161859384E+02
     0.161859386E+02
     0.161859384E+02
     0.161859380E+02
     0.161859378E+02
     0.161859372E+02
     0.161859365E+02
     0.161859367E+02
     0.161859365E+02
     0.161859361E+02
     0.161859358E+02
     0.161859352E+02
     0.161859344E+02
     0.161859346E+02
     0.161859344E+02
     0.161859339E+02
     0.161859337E+02
     0.161859330E+02
     0.161859321E+02
     0.161859324E+02
     0.161859321E+02
     0.161859317E+02
     0.161859314E+02
     0.161859307E+02
     0.161859297E+02
     0.161859300E+02
     0.161859297E+02
     0.161859292E+02
     0.161859290E+02
     0.161859282E+02
     0.161859271E+02
     0.161859275E+02
     0.161859271E+02
     0.161859266E+02
     0.161859263E+02
     0.161859255E+02
     0.161859244E+02
     0.161859247E+02
     0.161859244E+02
     0.161859238E+02
     0.161859235E+02
     0.161859226E+02
     0.161859214E+02
     0.161859217E+02
     0.161859214E+02
     0.161859207E+02
     0.161859204E+02
     0.161859194E+02
     0.161859182E+02
     0.161859186E+02
     0.161859182E+02
     0.161859175E+02
     0.161859171E+02
     0.161859161E+02
     0.161859147E+02
     0.161859151E+02
     0.161859147E+02
     0.161859140E+02
     0.161859136E+02
     0.161859125E+02
     0.161859110E+02
     0.161859114E+02
     0.161859110E+02
     0.161859102E+02
     0.161859098E+02
     0.161859086E+02
     0.161859070E+02
     0.161859075E+02
     0.161859070E+02
     0.161859061E+02
     0.161859057E+02
     0.161859044E+02
     0.161859027E+02
     0.161859032E+02
     0.161859027E+02
     0.161859018E+02
     0.161859013E+02
     0.161858999E+02
     0.161858981E+02
     0.161858987E+02
     0.161858981E+02
     0.161858971E+02
     0.161858966E+02
     0.161858951E+02
     0.161858931E+02
     0.161858937E+02
     0.161858931E+02
     0.161858921E+02
     0.161858915E+02
     0.161858899E+02
     0.161858878E+02
     0.161858885E+02
     0.161858878E+02
     0.161858866E+02
     0.161858861E+02
     0.161858844E+02
     0.161858821E+02
     0.161858828E+02
     0.161858821E+02
     0.161858808E+02
     0.161858802E+02
     0.161858784E+02
     0.161858759E+02
     0.161858767E+02
     0.161858759E+02
     0.161858746E+02
     0.161858739E+02
     0.161858719E+02
     0.161858693E+02
     0.161858701E+02
     0.161858693E+02
     0.161858679E+02
     0.161858671E+02
     0.161858650E+02
     0.161858622E+02
     0.161858631E+02
     0.161858622E+02
     0.161858606E+02
     0.161858599E+02
     0.161858576E+02
     0.161858545E+02
     0.161858555E+02
     0.161858545E+02
     0.161858529E+02
     0.161858521E+02
     0.161858496E+02
     0.161858463E+02
     0.161858473E+02
     0.161858463E+02
     0.161858445E+02
     0.161858436E+02
     0.161858410E+02
     0.161858375E+02
     0.161858386E+02
     0.161858375E+02
     0.161858356E+02
     0.161858346E+02
     0.161858318E+02
     0.161858280E+02
     0.161858291E+02
     0.161858280E+02
     0.161858259E+02
     0.161858249E+02
     0.161858218E+02
     0.161858178E+02
     0.161858190E+02
     0.161858178E+02
     0.161858156E+02
     0.161858145E+02
     0.161858112E+02
     0.161858068E+02
     0.161858082E+02
     0.161858068E+02
     0.161858044E+02
     0.161858032E+02
     0.161857997E+02
     0.161857950E+02
     0.161857965E+02
     0.161857950E+02
     0.161857924E+02
     0.161857912E+02
     0.161857874E+02
     0.161857823E+02
     0.161857839E+02
     0.161857823E+02
     0.161857796E+02
     0.161857782E+02
     0.161857741E+02
     0.161857687E+02
     0.161857704E+02
     0.161857687E+02
     0.161857658E+02
     0.161857643E+02
     0.161857599E+02
     0.161857540E+02
     0.161857559E+02
     0.161857540E+02
     0.161857509E+02
     0.161857493E+02
     0.161857446E+02
     0.161857383E+02
     0.161857403E+02
     0.161857383E+02
     0.161857349E+02
     0.161857332E+02
     0.161857281E+02
     0.161857214E+02
     0.161857235E+02
     0.161857214E+02
     0.161857177E+02
     0.161857159E+02
     0.161857105E+02
     0.161857032E+02
     0.161857055E+02
     0.161857032E+02
     0.161856993E+02
     0.161856973E+02
     0.161856915E+02
     0.161856836E+02
     0.161856861E+02
     0.161856836E+02
     0.161856794E+02
     0.161856773E+02
     0.161856710E+02
     0.161856626E+02
     0.161856652E+02
     0.161856626E+02
     0.161856581E+02
     0.161856558E+02
     0.161856491E+02
     0.161856400E+02
     0.161856429E+02
     0.161856400E+02
     0.161856352E+02
     0.161856328E+02
     0.161856255E+02
     0.161856158E+02
     0.161856188E+02
     0.161856158E+02
     0.161856105E+02
     0.161856079E+02
     0.161856001E+02
     0.161855897E+02
     0.161855929E+02
     0.161855897E+02
     0.161855841E+02
     0.161855813E+02
     0.161855728E+02
     0.161855616E+02
     0.161855651E+02
     0.161855616E+02
     0.161855556E+02
     0.161855526E+02
     0.161855435E+02
     0.161855315E+02
     0.161855352E+02
     0.161855315E+02
     0.161855250E+02
     0.161855218E+02
     0.161855120E+02
     0.161854991E+02
     0.161855031E+02
     0.161854991E+02
     0.161854921E+02
     0.161854886E+02
     0.161854782E+02
     0.161854643E+02
     0.161854686E+02
     0.161854643E+02
     0.161854568E+02
     0.161854530E+02
     0.161854418E+02
     0.161854268E+02
     0.161854315E+02
     0.161854268E+02
     0.161854188E+02
     0.161854148E+02
     0.161854027E+02
     0.161853866E+02
     0.161853916E+02
     0.161853866E+02
     0.161853779E+02
     0.161853736E+02
     0.161853606E+02
     0.161853434E+02
     0.161853488E+02
     0.161853434E+02
     0.161853341E+02
     0.161853294E+02
     0.161853155E+02
     0.161852969E+02
     0.161853027E+02
     0.161852969E+02
     0.161852869E+02
     0.161852819E+02
     0.161852669E+02
     0.161852469E+02
     0.161852532E+02
     0.161852469E+02
     0.161852362E+02
     0.161852308E+02
     0.161852147E+02
     0.161851932E+02
     0.161851999E+02
     0.161851932E+02
     0.161851817E+02
     0.161851759E+02
     0.161851586E+02
     0.161851355E+02
     0.161851427E+02
     0.161851355E+02
     0.161851231E+02
     0.161851169E+02
     0.161850983E+02
     0.161850735E+02
     0.161850813E+02
     0.161850735E+02
     0.161850602E+02
     0.161850535E+02
     0.161850335E+02
     0.161850068E+02
     0.161850152E+02
     0.161850068E+02
     0.161849925E+02
     0.161849853E+02
     0.161849638E+02
     0.161849352E+02
     0.161849441E+02
     0.161849352E+02
     0.161849198E+02
     0.161849121E+02
     0.161848890E+02
     0.161848582E+02
     0.161848678E+02
     0.161848582E+02
     0.161848416E+02
     0.161848334E+02
     0.161848085E+02
     0.161847754E+02
     0.161847858E+02
     0.161847754E+02
     0.161847576E+02
     0.161847487E+02
     0.161847220E+02
     0.161846865E+02
     0.161846976E+02
     0.161846865E+02
     0.161846673E+02
     0.161846578E+02
     0.161846291E+02
     0.161845909E+02
     0.161846028E+02
     0.161845909E+02
     0.161845703E+02
     0.161845600E+02
     0.161845292E+02
     0.161844881E+02
     0.161845010E+02
     0.161844881E+02
     0.161844660E+02
     0.161844550E+02
     0.161844219E+02
     0.161843777E+02
     0.161843915E+02
     0.161843777E+02
     0.161843539E+02
     0.161843421E+02
     0.161843065E+02
     0.161842590E+02
     0.161842738E+02
     0.161842590E+02
     0.161842335E+02
     0.161842207E+02
     0.161841825E+02
     0.161841314E+02
     0.161841474E+02
     0.161841314E+02
     0.161841040E+02
     0.161840903E+02
     0.161840492E+02
     0.161839944E+02
     0.161840115E+02
     0.161839944E+02
     0.161839649E+02
     0.161839502E+02
     0.161839060E+02
     0.161838470E+02
     0.161838655E+02
     0.161838470E+02
     0.161838154E+02
     0.161837995E+02
     0.161837521E+02
     0.161836887E+02
     0.161837085E+02
     0.161836887E+02
     0.161836547E+02
     0.161836377E+02
     0.161835866E+02
     0.161835186E+02
     0.161835398E+02
     0.161835186E+02
     0.161834820E+02
     0.161834637E+02
     0.161834089E+02
     0.161833357E+02
     0.161833586E+02
     0.161833357E+02
     0.161832964E+02
     0.161832768E+02
     0.161832178E+02
     0.161831392E+02
     0.161831638E+02
     0.161831392E+02
     0.161830970E+02
     0.161830759E+02
     0.161830125E+02
     0.161829281E+02
     0.161829545E+02
     0.161829281E+02
     0.161828827E+02
     0.161828600E+02
     0.161827919E+02
     0.161827012E+02
     0.161827295E+02
     0.161827012E+02
     0.161826524E+02
     0.161826280E+02
     0.161825548E+02
     0.161824573E+02
     0.161824878E+02
     0.161824573E+02
     0.161824049E+02
     0.161823787E+02
     0.161823001E+02
     0.161821953E+02
     0.161822280E+02
     0.161821953E+02
     0.161821390E+02
     0.161821108E+02
     0.161820263E+02
     0.161819137E+02
     0.161819489E+02
     0.161819137E+02
     0.161818532E+02
     0.161818230E+02
     0.161817322E+02
     0.161816112E+02
     0.161816490E+02
     0.161816112E+02
     0.161815462E+02
     0.161815137E+02
     0.161814161E+02
     0.161812861E+02
     0.161813267E+02
     0.161812861E+02
     0.161812163E+02
     0.161811813E+02
     0.161810765E+02
     0.161809368E+02
     0.161809805E+02
     0.161809368E+02
     0.161808618E+02
     0.161808242E+02
     0.161807117E+02
     0.161805616E+02
     0.161806085E+02
     0.161805616E+02
     0.161804809E+02
     0.161804406E+02
     0.161803196E+02
     0.161801584E+02
     0.161802088E+02
     0.161801584E+02
     0.161800717E+02
     0.161800284E+02
     0.161798984E+02
     0.161797252E+02
     0.161797793E+02
     0.161797252E+02
     0.161796321E+02
     0.161795855E+02
     0.161794459E+02
     0.161792598E+02
     0.161793180E+02
     0.161792598E+02
     0.161791598E+02
     0.161791098E+02
     0.161789598E+02
     0.161787599E+02
     0.161788223E+02
     0.161787599E+02
     0.161786524E+02
     0.161785987E+02
     0.161784376E+02
     0.161782228E+02
     0.161782899E+02
     0.161782228E+02
     0.161781074E+02
     0.161780497E+02
     0.161778766E+02
     0.161776459E+02
     0.161777180E+02
     0.161776459E+02
     0.161775219E+02
     0.161774599E+02
     0.161772740E+02
     0.161770262E+02
     0.161771036E+02
     0.161770262E+02
     0.161768930E+02
     0.161768265E+02
     0.161766268E+02
     0.161763606E+02
     0.161764438E+02
     0.161763606E+02
     0.161762176E+02
     0.161761461E+02
     0.161759316E+02
     0.161756457E+02
     0.161757351E+02
     0.161756457E+02
     0.161754921E+02
     0.161754154E+02
     0.161751850E+02
     0.161748780E+02
     0.161749739E+02
     0.161748780E+02
     0.161747130E+02
     0.161746306E+02
     0.161743832E+02
     0.161740535E+02
     0.161741565E+02
     0.161740535E+02
     0.161738764E+02
     0.161737878E+02
     0.161735222E+02
     0.161731682E+02
     0.161732788E+02
     0.161731682E+02
     0.161729780E+02
     0.161728829E+02
     0.161725977E+02
     0.161722176E+02
     0.161723364E+02
     0.161722176E+02
     0.161720134E+02
     0.161719113E+02
     0.161716051E+02
     0.161711969E+02
     0.161713245E+02
     0.161711969E+02
     0.161709777E+02
     0.161708681E+02
     0.161705394E+02
     0.161701012E+02
     0.161702381E+02
     0.161701012E+02
     0.161698659E+02
     0.161697482E+02
     0.161693954E+02
     0.161689250E+02
     0.161690720E+02
     0.161689250E+02
     0.161686724E+02
     0.161685461E+02
     0.161681674E+02
     0.161676626E+02
     0.161678203E+02
     0.161676626E+02
     0.161673914E+02
     0.161672559E+02
     0.161668494E+02
     0.161663076E+02
     0.161664769E+02
     0.161663076E+02
     0.161660166E+02
     0.161658712E+02
     0.161654350E+02
     0.161648536E+02
     0.161650353E+02
     0.161648536E+02
     0.161645414E+02
     0.161643853E+02
     0.161639173E+02
     0.161632935E+02
     0.161634884E+02
     0.161632935E+02
     0.161629585E+02
     0.161627911E+02
     0.161622889E+02
     0.161616198E+02
     0.161618288E+02
     0.161616198E+02
     0.161612604E+02
     0.161610808E+02
     0.161605422E+02
     0.161598244E+02
     0.161600486E+02
     0.161598244E+02
     0.161594389E+02
     0.161592463E+02
     0.161586686E+02
     0.161578989E+02
     0.161581393E+02
     0.161578989E+02
     0.161574855E+02
     0.161572790E+02
     0.161566595E+02
     0.161558340E+02
     0.161560919E+02
     0.161558340E+02
     0.161553908E+02
     0.161551694E+02
     0.161545052E+02
     0.161536203E+02
     0.161538968E+02
     0.161536203E+02
     0.161531452E+02
     0.161529078E+02
     0.161521959E+02
     0.161512474E+02
     0.161515437E+02
     0.161512474E+02
     0.161507381E+02
     0.161504838E+02
     0.161497208E+02
     0.161487044E+02
     0.161490219E+02
     0.161487044E+02
     0.161481587E+02
     0.161478862E+02
     0.161470686E+02
     0.161459797E+02
     0.161463199E+02
     0.161459797E+02
     0.161453951E+02
     0.161451032E+02
     0.161442275E+02
     0.161430611E+02
     0.161434255E+02
     0.161430611E+02
     0.161424350E+02
     0.161421224E+02
     0.161411846E+02
     0.161399357E+02
     0.161403258E+02
     0.161399357E+02
     0.161392653E+02
     0.161389307E+02
     0.161379267E+02
     0.161365898E+02
     0.161370074E+02
     0.161365898E+02
     0.161358722E+02
     0.161355141E+02
     0.161344396E+02
     0.161330089E+02
     0.161334557E+02
     0.161330089E+02
     0.161322411E+02
     0.161318579E+02
     0.161307084E+02
     0.161291779E+02
     0.161296559E+02
     0.161291779E+02
     0.161283567E+02
     0.161279469E+02
     0.161267175E+02
     0.161250809E+02
     0.161255920E+02
     0.161250809E+02
     0.161242029E+02
     0.161237648E+02
     0.161224505E+02
     0.161207012E+02
     0.161212475E+02
     0.161207012E+02
     0.161197628E+02
     0.161192947E+02
     0.161178904E+02
     0.161160214E+02
     0.161166050E+02
     0.161160214E+02
     0.161150189E+02
     0.161145189E+02
     0.161130191E+02
     0.161110232E+02
     0.161116464E+02
     0.161110232E+02
     0.161099529E+02
     0.161094192E+02
     0.161078181E+02
     0.161056879E+02
     0.161063530E+02
     0.161056880E+02
     0.161045457E+02
     0.161039764E+02
     0.161022682E+02
     0.160999960E+02
     0.161007054E+02
     0.160999961E+02
     0.160987779E+02
     0.160981708E+02
     0.160963496E+02
     0.160939275E+02
     0.160946837E+02
     0.160939275E+02
     0.160926292E+02
     0.160919824E+02
     0.160900419E+02
     0.160874618E+02
     0.160882672E+02
     0.160874618E+02
     0.160860792E+02
     0.160853905E+02
     0.160833245E+02
     0.160805782E+02
     0.160814354E+02
     0.160805782E+02
     0.160791068E+02
     0.160783741E+02
     0.160761763E+02
     0.160732555E+02
     0.160741671E+02
     0.160732556E+02
     0.160716911E+02
     0.160709124E+02
     0.160685764E+02
     0.160654729E+02
     0.160664414E+02
     0.160654730E+02
     0.160638111E+02
     0.160629843E+02
     0.160605040E+02
     0.160572097E+02
     0.160582376E+02
     0.160572098E+02
     0.160554463E+02
     0.160545693E+02
     0.160519386E+02
     0.160484458E+02
     0.160495355E+02
     0.160484459E+02
     0.160465767E+02
     0.160456477E+02
     0.160428607E+02
     0.160391621E+02
     0.160403158E+02
     0.160391622E+02
     0.160371835E+02
     0.160362007E+02
     0.160332522E+02
     0.160293409E+02
     0.160305607E+02
     0.160293410E+02
     0.160272494E+02
     0.160262111E+02
     0.160230963E+02
     0.160189665E+02
     0.160202542E+02
     0.160189666E+02
     0.160167591E+02
     0.160156640E+02
     0.160123790E+02
     0.160080258E+02
     0.160093829E+02
     0.160080260E+02
     0.160057002E+02
     0.160045474E+02
     0.160010892E+02
     0.159965094E+02
     0.159979368E+02
     0.159965096E+02
     0.159940640E+02
     0.159928529E+02
     0.159892198E+02
     0.159844120E+02
     0.159859100E+02
     0.159844122E+02
     0.159818463E+02
     0.159805769E+02
     0.159767690E+02
     0.159717338E+02
     0.159733022E+02
     0.159717341E+02
     0.159690486E+02
     0.159677216E+02
     0.159637409E+02
     0.159584820E+02
     0.159601195E+02
     0.159584823E+02
     0.159556795E+02
     0.159542964E+02
     0.159501475E+02
     0.159446720E+02
     0.159463762E+02
     0.159446724E+02
     0.159417565E+02
     0.159403198E+02
     0.159360101E+02
     0.159303293E+02
     0.159320966E+02
     0.159303298E+02
     0.159273074E+02
     0.159258208E+02
     0.159213615E+02
     0.159154918E+02
     0.159173169E+02
     0.159154924E+02
     0.159123727E+02
     0.159108414E+02
     0.159062482E+02
     0.159002119E+02
     0.159020875E+02
     0.159002127E+02
     0.158970082E+02
     0.158954391E+02
     0.158907327E+02
     0.158845595E+02
     0.158864763E+02
     0.158845605E+02
     0.158812878E+02
     0.158796899E+02
     0.158748972E+02
     0.158686252E+02
     0.158705709E+02
     0.158686264E+02
     0.158653067E+02
     0.158636914E+02
     0.158588467E+02
     0.158525240E+02
     0.158544833E+02
     0.158525254E+02
     0.158491853E+02
     0.158475669E+02
     0.158427129E+02
     0.158363994E+02
     0.158383532E+02
     0.158364011E+02
     0.158330736E+02
     0.158314695E+02
     0.158266591E+02
     0.158204284E+02
     0.158223533E+02
     0.158204304E+02
     0.158171558E+02
     0.158155876E+02
     0.158108849E+02
     0.158048264E+02
     0.158066941E+02
     0.158048288E+02
     0.158016561E+02
     0.158001495E+02
     0.157956322E+02
     0.157898536E+02
     0.157916299E+02
     0.157898565E+02
     0.157868445E+02
     0.157854306E+02
     0.157811916E+02
     0.157758215E+02
     0.157774657E+02
     0.157758249E+02
     0.157730438E+02
     0.157717594E+02
     0.157679092E+02
     0.157631000E+02
     0.157645638E+02
     0.157631040E+02
     0.157606369E+02
     0.157595254E+02
     0.157561944E+02
     0.157521255E+02
     0.157533522E+02
     0.157521302E+02
     0.157500748E+02
     0.157491871E+02
     0.157465281E+02
     0.157434097E+02
     0.157443328E+02
     0.157434152E+02
     0.157420111E+02
     0.157414442E+02
     0.157397471E+02
     0.157378963E+02
     0.157384250E+02
     0.157379012E+02
     0.157371442E+02
     0.157368861E+02
     0.157361146E+02
     0.157354533E+02
     0.157356156E+02
     0.157372285E+02
     0.157369873E+02
     0.157362655E+02
     0.157355940E+02
     0.157357687E+02
     0.157355968E+02
     0.157353469E+02
     0.157353172E+02
     0.157352300E+02
     0.157354052E+02
     0.157353152E+02
     0.157354078E+02
     0.157355977E+02
     0.157358057E+02
     0.157364318E+02
     0.157376117E+02
     0.157372013E+02
     0.157376149E+02
     0.157383879E+02
     0.157389143E+02
     0.157404960E+02
     0.157430309E+02
     0.157421874E+02
     0.157430351E+02
     0.157445571E+02
     0.157454832E+02
     0.157482643E+02
     0.157524738E+02
     0.157510979E+02
     0.157524788E+02
     0.157549100E+02
     0.157563150E+02
     0.157605329E+02
     0.157667309E+02
     0.157647249E+02
     0.157667367E+02
     0.157702375E+02
     0.157722011E+02
     0.157780948E+02
     0.157865978E+02
     0.157838631E+02
     0.157866042E+02
     0.157913389E+02
     0.157939430E+02
     0.158017575E+02
     0.158128907E+02
     0.158093258E+02
     0.158128976E+02
     0.158190374E+02
     0.158223671E+02
     0.158323578E+02
     0.158464601E+02
     0.158419593E+02
     0.158464674E+02
     0.158541936E+02
     0.158583391E+02
     0.158707766E+02
     0.158882072E+02
     0.158826584E+02
     0.158882147E+02
     0.158977232E+02
     0.159027822E+02
     0.159179590E+02
     0.159391060E+02
     0.159323883E+02
     0.159391136E+02
     0.159498980E+02
     0.159555773E+02
     0.159726138E+02
     0.159961870E+02
     0.159887174E+02
     0.159961932E+02
     0.160078605E+02
     0.160139497E+02
     0.160322151E+02
     0.160573329E+02
     0.160493918E+02
     0.160573375E+02
     0.160691854E+02
     0.160753169E+02
     0.160937089E+02
     0.161188530E+02
     0.161109206E+02
     0.161188559E+02
     0.161323592E+02
     0.161393305E+02
     0.161602407E+02
     0.161887764E+02
     0.161797801E+02
     0.161887792E+02
     0.162052537E+02
     0.162137578E+02
     0.162392640E+02
     0.162740627E+02
     0.162630933E+02
     0.162740660E+02
     0.162936728E+02
     0.163037805E+02
     0.163340948E+02
     0.163754085E+02
     0.163623909E+02
     0.163754118E+02
     0.163983586E+02
     0.164101645E+02
     0.164455695E+02
     0.164937451E+02
     0.164785746E+02
     0.164937482E+02
     0.165202171E+02
     0.165338010E+02
     0.165745365E+02
     0.166298593E+02
     0.166124510E+02
     0.166298620E+02
     0.166599816E+02
     0.166753956E+02
     0.167216174E+02
     0.167842573E+02
     0.167645627E+02
     0.167842594E+02
     0.168181015E+02
     0.168353685E+02
     0.168871457E+02
     0.169571556E+02
     0.169351630E+02
     0.169571574E+02
     0.169947582E+02
     0.170138838E+02
     0.170712345E+02
     0.171486012E+02
     0.171243192E+02
     0.171486030E+02
     0.171900025E+02
     0.172109960E+02
     0.172739485E+02
     0.173586773E+02
     0.173321084E+02
     0.173586799E+02
     0.174039684E+02
     0.174268658E+02
     0.174955297E+02
     0.175877384E+02
     0.175588494E+02
     0.175877428E+02
     0.176348256E+02
     0.176585534E+02
     0.177297132E+02
     0.178250510E+02
     0.177952083E+02
     0.178250575E+02
     0.178727064E+02
     0.178966511E+02
     0.179684676E+02
     0.180644898E+02
     0.180344563E+02
     0.180644984E+02
     0.181127962E+02
     0.181370111E+02
     0.182096437E+02
     0.183065959E+02
     0.182762909E+02
     0.183066067E+02
     0.183554712E+02
     0.183799236E+02
     0.184532729E+02
     0.185510460E+02
     0.185205009E+02
     0.185510591E+02
     0.186003284E+02
     0.186249438E+02
     0.186987865E+02
     0.187971018E+02
     0.187664013E+02
     0.187971171E+02
     0.188465878E+02
     0.188712704E+02
     0.189453187E+02
     0.190438102E+02
     0.190130666E+02
     0.190438275E+02
     0.190932783E+02
     0.191179230E+02
     0.191918611E+02
     0.192901242E+02
     0.192594620E+02
     0.192901433E+02
     0.193393509E+02
     0.193638513E+02
     0.194373592E+02
     0.195349830E+02
     0.195045286E+02
     0.195350034E+02
     0.195838400E+02
     0.196081364E+02
     0.196810346E+02
     0.197777922E+02
     0.197476149E+02
     0.197778136E+02
     0.198260984E+02
     0.198501044E+02
     0.199221333E+02
     0.200176903E+02
     0.199878931E+02
     0.200177124E+02
     0.200652654E+02
     0.200888945E+02
     0.201597941E+02
     0.202538147E+02
     0.202245013E+02
     0.202538371E+02
     0.203004994E+02
     0.203236753E+02
     0.203932157E+02
     0.204854025E+02
     0.204566646E+02
     0.204854248E+02
     0.205310588E+02
     0.205537152E+02
     0.206216973E+02
     0.207117920E+02
     0.206837095E+02
     0.207118139E+02
     0.207563032E+02
     0.207783837E+02
     0.208446380E+02
     0.209324207E+02
     0.209050615E+02
     0.209324418E+02
     0.209756891E+02
     0.209971465E+02
     0.210615311E+02
     0.211468167E+02
     0.211202382E+02
     0.211468369E+02
     0.211887616E+02
     0.212095567E+02
     0.212719538E+02
     0.213545884E+02
     0.213288382E+02
     0.213546075E+02
     0.213951428E+02
     0.214152431E+02
     0.214755545E+02
     0.215554095E+02
     0.215305275E+02
     0.215554272E+02
     0.215945169E+02
     0.216138945E+02
     0.216720371E+02
     0.217490028E+02
     0.217250231E+02
     0.217490192E+02
     0.217866132E+02
     0.218052436E+02
     0.218611434E+02
     0.219351223E+02
     0.219120753E+02
     0.219351373E+02
     0.219711879E+02
     0.219890476E+02
     0.220426338E+02
     0.221135324E+02
     0.220914472E+02
     0.221135460E+02
     0.221480029E+02
     0.221650670E+02
     0.222162652E+02
     0.222839853E+02
     0.222628924E+02
     0.222839974E+02
     0.223168016E+02
     0.223330410E+02
     0.223817641E+02
     0.224461915E+02
     0.224261264E+02
     0.224462021E+02
     0.224772772E+02
     0.224926547E+02
     0.225387909E+02
     0.225997792E+02
     0.225807873E+02
     0.225997884E+02
     0.226290272E+02
     0.226434906E+02
     0.226868835E+02
     0.227442290E+02
     0.227263734E+02
     0.227442367E+02
     0.227714757E+02
     0.227849457E+02
     0.228253572E+02
     0.228787503E+02
     0.228621267E+02
     0.228787566E+02
     0.229037184E+02
     0.229160602E+02
     0.229530866E+02
     0.230020023E+02
     0.229867732E+02
     0.230020072E+02
     0.230241303E+02
     0.230350709E+02
     0.230678929E+02
     0.231112638E+02
     0.230977596E+02
     0.231112673E+02
     0.231321213E+02
     0.231424298E+02
     0.231733550E+02
     0.232142051E+02
     0.232014875E+02
     0.232142080E+02
     0.232370340E+02
     0.232482897E+02
     0.232820560E+02
     0.233265670E+02
     0.233127214E+02
     0.233265707E+02
     0.233507514E+02
     0.233626425E+02
     0.233983138E+02
     0.234452266E+02
     0.234306478E+02
     0.234452310E+02
     0.234703894E+02
     0.234827201E+02
     0.235197086E+02
     0.235682155E+02
     0.235531589E+02
     0.235682202E+02
     0.235940986E+02
     0.236067278E+02
     0.236446095E+02
     0.236941045E+02
     0.236787645E+02
     0.236941093E+02
     0.237205460E+02
     0.237333724E+02
     0.237718412E+02
     0.238218473E+02
     0.238063815E+02
     0.238218517E+02
     0.238488221E+02
     0.238617943E+02
     0.239006939E+02
     0.239508730E+02
     0.239354033E+02
     0.239508765E+02
     0.239787363E+02
     0.239919409E+02
     0.240315243E+02
     0.240819068E+02
     0.240664622E+02
     0.240819080E+02
     0.241062259E+02
     0.241175876E+02
     0.241516362E+02
     0.241944102E+02
     0.241813711E+02
     0.241944074E+02
     0.242133345E+02
     0.242220505E+02
     0.242481656E+02
     0.242805435E+02
     0.242707295E+02
     0.242805384E+02
     0.242950306E+02
     0.243015544E+02
     0.243210953E+02
     0.243448034E+02
     0.243376861E+02
     0.243447971E+02
     0.243554004E+02
     0.243599905E+02
     0.243737322E+02
     0.243897535E+02
     0.243850322E+02
     0.243897465E+02
     0.243967914E+02
     0.243996019E+02
     0.244080064E+02
     0.244169186E+02
     0.244144177E+02
     0.244169113E+02
     0.244205707E+02
     0.244216819E+02
     0.244249902E+02
     0.244270942E+02
     0.244267221E+02
     0.244270868E+02
     0.244274501E+02
     0.244269032E+02
     0.244252386E+02
     0.244206867E+02
     0.244223975E+02
     0.244206795E+02
     0.244177837E+02
     0.244155942E+02
     0.244090034E+02
     0.243978477E+02
     0.244016264E+02
     0.243978409E+02
     0.243916791E+02
     0.243878407E+02
     0.243763046E+02
     0.243585103E+02
     0.243643690E+02
     0.243585040E+02
     0.243490259E+02
     0.243435099E+02
     0.243269431E+02
     0.243023857E+02
     0.243103646E+02
     0.243023801E+02
     0.242894838E+02
     0.242822352E+02
     0.242604722E+02
     0.242289172E+02
     0.242390913E+02
     0.242289125E+02
     0.242124245E+02
     0.242033499E+02
     0.241761112E+02
     0.241371653E+02
     0.241496601E+02
     0.241371617E+02
     0.241167898E+02
     0.241057321E+02
     0.240725465E+02
     0.240255477E+02
     0.240405742E+02
     0.240255454E+02
     0.240007626E+02
     0.239874375E+02
     0.239474519E+02
     0.238911969E+02
     0.239091394E+02
     0.238911963E+02
     0.238608855E+02
     0.238446845E+02
     0.237960745E+02
     0.237279749E+02
     0.237496614E+02
     0.237279768E+02
     0.236913702E+02
     0.236719038E+02
     0.236135027E+02
     0.235319886E+02
     0.235579117E+02
     0.235319942E+02
     0.234914905E+02
     0.234701374E+02
     0.234060833E+02
     0.233172379E+02
     0.233454265E+02
     0.233172467E+02
     0.232757621E+02
     0.232541017E+02
     0.231891294E+02
     0.230996406E+02
     0.231279585E+02
     0.232835377E+02
     0.232660769E+02
     0.232136996E+02
     0.231419752E+02
     0.231646217E+02
     0.231419803E+02
     0.231044866E+02
     0.230851011E+02
     0.230269523E+02
     0.229474354E+02
     0.229725291E+02
     0.231097253E+02
     0.230931251E+02
     0.230433295E+02
     0.229754657E+02
     0.229968542E+02
     0.229754701E+02
     0.229406622E+02
     0.229227781E+02
     0.228691324E+02
     0.227961143E+02
     0.228191160E+02
     0.229455472E+02
     0.229302310E+02
     0.228842863E+02
     0.228219248E+02
     0.228415484E+02
     0.228219282E+02
     0.227900502E+02
     0.227737525E+02
     0.227248644E+02
     0.226585675E+02
     0.226794223E+02
     0.227959207E+02
     0.227826782E+02
     0.227429533E+02
     0.226892456E+02
     0.227061205E+02
     0.226892478E+02
     0.226615678E+02
     0.226474813E+02
     0.226052255E+02
     0.225481202E+02
     0.225660596E+02
     0.225481227E+02
     0.225177231E+02
     0.225022527E+02
     0.224558460E+02
     0.223931323E+02
     0.224128335E+02
     0.223931355E+02
     0.223595275E+02
     0.223424235E+02
     0.222911175E+02
     0.222217819E+02
     0.222435635E+02
     0.222217861E+02
     0.221854601E+02
     0.221669808E+02
     0.221115504E+02
     0.220366666E+02
     0.220601881E+02
     0.220366717E+02
     0.219979498E+02
     0.219782655E+02
     0.219192215E+02
     0.218394993E+02
     0.218645352E+02
     0.218395052E+02
     0.217986189E+02
     0.217778523E+02
     0.217155621E+02
     0.216315125E+02
     0.216579007E+02
     0.216315192E+02
     0.215886541E+02
     0.215669028E+02
     0.215016600E+02
     0.214136902E+02
     0.214413014E+02
     0.214136974E+02
     0.213690156E+02
     0.213463649E+02
     0.212784247E+02
     0.211868876E+02
     0.212156100E+02
     0.211868955E+02
     0.211405492E+02
     0.211170785E+02
     0.210466792E+02
     0.209519026E+02
     0.209816325E+02
     0.209519109E+02
     0.209040515E+02
     0.208798390E+02
     0.208072154E+02
     0.207095205E+02
     0.207401566E+02
     0.207095293E+02
     0.206603132E+02
     0.206354397E+02
     0.205608334E+02
     0.204605492E+02
     0.204919878E+02
     0.204605583E+02
     0.204101537E+02
     0.203847050E+02
     0.203083735E+02
     0.202058491E+02
     0.202379803E+02
     0.202058584E+02
     0.201544510E+02
     0.201285215E+02
     0.200507478E+02
     0.199463652E+02
     0.199790692E+02
     0.199463746E+02
     0.198937414E+02
     0.198672174E+02
     0.197876608E+02
     0.196809590E+02
     0.197143806E+02
     0.196809686E+02
     0.196272776E+02
     0.196002445E+02
     0.195191610E+02
     0.194104856E+02
     0.194445163E+02
     0.194104954E+02
     0.193559526E+02
     0.193285149E+02
     0.192462172E+02
     0.191359889E+02
     0.191704967E+02
     0.191359986E+02
     0.190808517E+02
     0.190531339E+02
     0.189699961E+02
     0.188587160E+02
     0.188935441E+02
     0.188587256E+02
     0.188032847E+02
     0.187754426E+02
     0.186919313E+02
     0.185802234E+02
     0.186151765E+02
     0.185802327E+02
     0.185249074E+02
     0.184971460E+02
     0.184138764E+02
     0.183025611E+02
     0.183373829E+02
     0.183025700E+02
     0.182479418E+02
     0.182205518E+02
     0.181383951E+02
     0.180286335E+02
     0.180629612E+02
     0.180286416E+02
     0.179756267E+02
     0.179490654E+02
     0.178693934E+02
     0.177630113E+02
     0.177962746E+02
     0.177630184E+02
     0.177133412E+02
     0.176884696E+02
     0.176138640E+02
     0.175142987E+02
     0.175454242E+02
     0.175143043E+02
     0.174636099E+02
     0.174382416E+02
     0.173621461E+02
     0.172606314E+02
     0.172923615E+02
     0.172606371E+02
     0.172020969E+02
     0.171728159E+02
     0.170849868E+02
     0.169678650E+02
     0.170044678E+02
     0.169678735E+02
     0.169018267E+02
     0.168688137E+02
     0.167697939E+02
     0.166378236E+02
     0.166790578E+02
     0.166378352E+02
     0.165636174E+02
     0.165265547E+02
     0.164153920E+02
     0.162673500E+02
     0.163135921E+02
     0.162673657E+02
     0.161831497E+02
     0.161411466E+02
     0.160151722E+02
     0.158475747E+02
     0.158999044E+02
     0.158475963E+02
     0.157484153E+02
     0.156990385E+02
     0.155509609E+02
     0.153542509E+02
     0.154156345E+02
     0.153542836E+02
     0.152234465E+02
     0.151585338E+02
     0.149639057E+02
     0.147060971E+02
     0.147864563E+02
     0.152368452E+02
     0.151785328E+02
     0.150036753E+02
     0.147718869E+02
     0.148441560E+02
     0.147719366E+02
     0.146559311E+02
     0.145984421E+02
     0.144260431E+02
     0.141978485E+02
     0.142689556E+02
     0.146684809E+02
     0.146171612E+02
     0.144632504E+02
     0.142593581E+02
     0.143229131E+02
     0.142593884E+02
     0.141576532E+02
     0.141072565E+02
     0.139561068E+02
     0.137560804E+02
     0.138184047E+02
     0.137561062E+02
     0.136606652E+02
     0.136134231E+02
     0.134717257E+02
     0.132843112E+02
     0.133426930E+02
     0.132843300E+02
     0.131927405E+02
     0.131474403E+02
     0.130115610E+02
     0.128319448E+02
     0.128878846E+02
     0.128319592E+02
     0.127458286E+02
     0.127032454E+02
     0.125755100E+02
     0.124067050E+02
     0.124592719E+02
     0.124067150E+02
     0.123261003E+02
     0.122862511E+02
     0.121667123E+02
     0.120087558E+02
     0.120579423E+02
     0.120087624E+02
     0.119334628E+02
     0.118962412E+02
     0.117845812E+02
     0.116370324E+02
     0.116829784E+02
     0.116370364E+02
     0.115668826E+02
     0.115321996E+02
     0.114281524E+02
     0.112906446E+02
     0.113334662E+02
     0.112906467E+02
     0.112254696E+02
     0.111932382E+02
     0.110965437E+02
     0.109687230E+02
     0.110085315E+02
     0.109687237E+02
     0.109083414E+02
     0.108784695E+02
     0.107888522E+02
     0.106703493E+02
     0.107072605E+02
     0.106703491E+02
     0.106145665E+02
     0.105869569E+02
     0.105041259E+02
     0.103945545E+02
     0.104286889E+02
     0.103945536E+02
     0.103431713E+02
     0.103177258E+02
     0.102413862E+02
     0.101403578E+02
     0.101718363E+02
     0.101403565E+02
     0.100931843E+02
     0.100698096E+02
     0.999968242E+01
     0.990683123E+01
     0.993576727E+01
     0.990682971E+01
     0.986370453E+01
     0.984232132E+01
     0.977816870E+01
     0.969318484E+01
     0.971967444E+01
     0.969318327E+01
     0.965399373E+01
     0.963454862E+01
     0.957621055E+01
     0.949888777E+01
     0.952299451E+01
     0.949888627E+01
     0.946361524E+01
     0.944610165E+01
     0.939355851E+01
     0.932387684E+01
     0.934560620E+01
     0.946724748E+01
     0.945152621E+01
     0.940436069E+01
     0.934177612E+01
     0.936129661E+01
     0.934177514E+01
     0.931044204E+01
     0.929487187E+01
     0.924815948E+01
     0.918617353E+01
     0.920550763E+01
     0.931465505E+01
     0.930116722E+01
     0.926070252E+01
     0.920697259E+01
     0.922373580E+01
     0.920697187E+01
     0.917984842E+01
     0.916635886E+01
     0.912588879E+01
     0.907215140E+01
     0.908891698E+01
     0.907215058E+01
     0.904641973E+01
     0.903361902E+01
     0.899521557E+01
     0.894421063E+01
     0.896012514E+01
     0.894420983E+01
     0.891666027E+01
     0.890295920E+01
     0.886185422E+01
     0.880727475E+01
     0.882430291E+01
     0.880727364E+01
     0.877874903E+01
     0.876456495E+01
     0.872201052E+01
     0.866551212E+01
     0.868313825E+01
     0.866551073E+01
     0.863653213E+01
     0.862212239E+01
     0.857889061E+01
     0.852149295E+01
     0.853939960E+01
     0.852149128E+01
     0.849241631E+01
     0.847795733E+01
     0.843457747E+01
     0.837697886E+01
     0.839494872E+01
     0.837697694E+01
     0.834806067E+01
     0.833367818E+01
     0.829052745E+01
     0.823322526E+01
     0.825110358E+01
     0.823322309E+01
     0.820465080E+01
     0.819043605E+01
     0.814778826E+01
     0.809114337E+01
     0.810881789E+01
     0.809114097E+01
     0.806304773E+01
     0.804906724E+01
     0.800712202E+01
     0.795139749E+01
     0.796878639E+01
     0.795139488E+01
     0.792387842E+01
     0.791018036E+01
     0.786908216E+01
     0.781446844E+01
     0.783151246E+01
     0.781446563E+01
     0.778759525E+01
     0.777421377E+01
     0.773406514E+01
     0.768069748E+01
     0.769735454E+01
     0.768069448E+01
     0.765451752E+01
     0.764147602E+01
     0.760234712E+01
     0.755031823E+01
     0.756655947E+01
     0.755031505E+01
     0.752486176E+01
     0.751217523E+01
     0.747411106E+01
     0.742348053E+01
     0.743928737E+01
     0.742347719E+01
     0.739876445E+01
     0.738644131E+01
     0.734946719E+01
     0.730026876E+01
     0.731563066E+01
     0.730026527E+01
     0.727629950E+01
     0.726434307E+01
     0.722846893E+01
     0.718071615E+01
     0.719562884E+01
     0.718071252E+01
     0.715749201E+01
     0.714590159E+01
     0.711112538E+01
     0.706481603E+01
     0.707928014E+01
     0.706481226E+01
     0.704232899E+01
     0.703110081E+01
     0.699741118E+01
     0.695253084E+01
     0.696655079E+01
     0.695252695E+01
     0.693076806E+01
     0.691989596E+01
     0.688727445E+01
     0.684379932E+01
     0.685738245E+01
     0.684379531E+01
     0.682274432E+01
     0.681222034E+01
     0.678064310E+01
     0.673854231E+01
     0.675169815E+01
     0.673853819E+01
     0.671817589E+01
     0.670799076E+01
     0.667742995E+01
     0.663666735E+01
     0.664940709E+01
     0.663666313E+01
     0.661696843E+01
     0.660711190E+01
     0.657753684E+01
     0.653807251E+01
     0.655040850E+01
     0.653806820E+01
     0.651901865E+01
     0.650947986E+01
     0.648085790E+01
     0.644264932E+01
     0.645459472E+01
     0.644264492E+01
     0.642421731E+01
     0.641498495E+01
     0.638728222E+01
     0.635028525E+01
     0.636185373E+01
     0.635028077E+01
     0.633245144E+01
     0.632351401E+01
     0.629669599E+01
     0.626086559E+01
     0.627207111E+01
     0.626086103E+01
     0.624360622E+01
     0.623495216E+01
     0.620898416E+01
     0.617427501E+01
     0.618513162E+01
     0.617427038E+01
     0.615756649E+01
     0.614918428E+01
     0.612403177E+01
     0.609039878E+01
     0.610092045E+01
     0.609039408E+01
     0.607421782E+01
     0.606609611E+01
     0.604172505E+01
     0.600912367E+01
     0.601932422E+01
     0.600911891E+01
     0.599344749E+01
     0.598557516E+01
     0.596195215E+01
     0.593033872E+01
     0.594023169E+01
     0.593033391E+01
     0.591514513E+01
     0.590751132E+01
     0.588460384E+01
     0.585393577E+01
     0.586353437E+01
     0.585393091E+01
     0.583920324E+01
     0.583179744E+01
     0.580957392E+01
     0.577980987E+01
     0.578912693E+01
     0.577980495E+01
     0.576551760E+01
     0.575832963E+01
     0.573675956E+01
     0.570785954E+01
     0.571690748E+01
     0.570785458E+01
     0.569398752E+01
     0.568700758E+01
     0.566606156E+01
     0.563798701E+01
     0.564677779E+01
     0.563798201E+01
     0.562451601E+01
     0.561773468E+01
     0.559738445E+01
     0.557009830E+01
     0.557864343E+01
     0.557009327E+01
     0.555700989E+01
     0.555041814E+01
     0.553063660E+01
     0.550410329E+01
     0.551241382E+01
     0.550409823E+01
     0.549137985E+01
     0.548496903E+01
     0.546573024E+01
     0.543991572E+01
     0.544800223E+01
     0.543991062E+01
     0.542754041E+01
     0.542130226E+01
     0.540258145E+01
     0.537745315E+01
     0.538532575E+01
     0.537744802E+01
     0.536540992E+01
     0.535933655E+01
     0.534111007E+01
     0.531663691E+01
     0.532430527E+01
     0.531663176E+01
     0.530491047E+01
     0.529899437E+01
     0.528123967E+01
     0.525739201E+01
     0.526486533E+01
     0.525738684E+01
     0.524596780E+01
     0.524020183E+01
     0.522289744E+01
     0.519964703E+01
     0.520693410E+01
     0.519964184E+01
     0.518851122E+01
     0.518288855E+01
     0.516601406E+01
     0.514333402E+01
     0.515044319E+01
     0.514332881E+01
     0.513247345E+01
     0.512698761E+01
     0.511052360E+01
     0.508838835E+01
     0.509532758E+01
     0.508838312E+01
     0.507779053E+01
     0.507243537E+01
     0.505636338E+01
     0.503474860E+01
     0.504152546E+01
     0.503474336E+01
     0.502440168E+01
     0.501917135E+01
     0.500347383E+01
     0.498235643E+01
     0.498897809E+01
     0.498235118E+01
     0.497224914E+01
     0.496713809E+01
     0.495179841E+01
     0.493115642E+01
     0.493762973E+01
     0.493115116E+01
     0.492127808E+01
     0.491628105E+01
     0.490128340E+01
     0.488109597E+01
     0.488742741E+01
     0.488109070E+01
     0.487143646E+01
     0.486654844E+01
     0.485187781E+01
     0.483212515E+01
     0.483832087E+01
     0.483211987E+01
     0.482267484E+01
     0.481789108E+01
     0.480353324E+01
     0.478419655E+01
     0.479026241E+01
     0.478419126E+01
     0.477494633E+01
     0.477026233E+01
     0.475620376E+01
     0.473726520E+01
     0.474320676E+01
     0.473725990E+01
     0.472820641E+01
     0.472361791E+01
     0.470984579E+01
     0.469128840E+01
     0.469711094E+01
     0.469128311E+01
     0.468241286E+01
     0.467791578E+01
     0.466441794E+01
     0.464622566E+01
     0.465193417E+01
     0.464622036E+01
     0.463752557E+01
     0.463311607E+01
     0.461988096E+01
     0.460203850E+01
     0.460763776E+01
     0.460203320E+01
     0.459350649E+01
     0.458918092E+01
     0.457619758E+01
     0.455869045E+01
     0.456418496E+01
     0.455868515E+01
     0.455031950E+01
     0.454607438E+01
     0.453333241E+01
     0.451614684E+01
     0.452154090E+01
     0.451614154E+01
     0.450793032E+01
     0.450376236E+01
     0.449125187E+01
     0.447437478E+01
     0.447967246E+01
     0.447436948E+01
     0.446630636E+01
     0.446221244E+01
     0.444992405E+01
     0.443334302E+01
     0.443854819E+01
     0.443333772E+01
     0.442541672E+01
     0.442139386E+01
     0.440931866E+01
     0.439302189E+01
     0.439813822E+01
     0.439301659E+01
     0.438524173E+01
     0.438129212E+01
     0.436943671E+01
     0.435343357E+01
     0.435845808E+01
     0.435342829E+01
     0.434580315E+01
     0.434192877E+01
     0.433029906E+01
     0.431459799E+01
     0.431952797E+01
     0.431459276E+01
     0.430711043E+01
     0.430330781E+01
     0.429189345E+01
     0.427648064E+01
     0.428132040E+01
     0.427647544E+01
     0.426912943E+01
     0.426539532E+01
     0.425418656E+01
     0.423904903E+01
     0.424380263E+01
     0.423904387E+01
     0.423182808E+01
     0.422815944E+01
     0.421714715E+01
     0.420227270E+01
     0.420694395E+01
     0.420226758E+01
     0.419517629E+01
     0.419157026E+01
     0.418074585E+01
     0.416612304E+01
     0.417071552E+01
     0.416611796E+01
     0.415914578E+01
     0.415559968E+01
     0.414495506E+01
     0.413057313E+01
     0.413509020E+01
     0.413056808E+01
     0.412370996E+01
     0.412022125E+01
     0.410974884E+01
     0.409559764E+01
     0.410004247E+01
     0.409559263E+01
     0.408884380E+01
     0.408541009E+01
     0.407510273E+01
     0.406117272E+01
     0.406554829E+01
     0.406116774E+01
     0.405452371E+01
     0.405114275E+01
     0.404099369E+01
     0.402727585E+01
     0.403158498E+01
     0.402727090E+01
     0.402072743E+01
     0.401739710E+01
     0.400739997E+01
     0.399388580E+01
     0.399813115E+01
     0.399388088E+01
     0.398743397E+01
     0.398415226E+01
     0.397430103E+01
     0.396098250E+01
     0.396516659E+01
     0.396097761E+01
     0.395462347E+01
     0.395138849E+01
     0.394167748E+01
     0.392854698E+01
     0.393267218E+01
     0.392854212E+01
     0.392227717E+01
     0.391908713E+01
     0.390951095E+01
     0.389656130E+01
     0.390062986E+01
     0.389655647E+01
     0.389037731E+01
     0.388723050E+01
     0.387778407E+01
     0.386500845E+01
     0.386902250E+01
     0.386500364E+01
     0.385890708E+01
     0.385580189E+01
     0.384648036E+01
     0.383387232E+01
     0.383783387E+01
     0.383386754E+01
     0.382785052E+01
     0.382478543E+01
     0.381558422E+01
     0.380313764E+01
     0.380704861E+01
     0.380313288E+01
     0.379719252E+01
     0.379416607E+01
     0.378508084E+01
     0.377278989E+01
     0.377665211E+01
     0.377278516E+01
     0.376691870E+01
     0.376392953E+01
     0.375495614E+01
     0.374281531E+01
     0.374663050E+01
     0.374281061E+01
     0.373701545E+01
     0.373406224E+01
     0.372519676E+01
     0.371320080E+01
     0.371697060E+01
     0.371319612E+01
     0.370746979E+01
     0.370455130E+01
     0.369579000E+01
     0.368393391E+01
     0.368765988E+01
     0.368392926E+01
     0.367826938E+01
     0.367538443E+01
     0.366672376E+01
     0.365500279E+01
     0.365868642E+01
     0.365499816E+01
     0.364940250E+01
     0.364654995E+01
     0.363798652E+01
     0.362639615E+01
     0.363003885E+01
     0.362639153E+01
     0.362085795E+01
     0.361803673E+01
     0.360956733E+01
     0.359810322E+01
     0.360170636E+01
     0.359809863E+01
     0.359262509E+01
     0.358983417E+01
     0.358145571E+01
     0.357011377E+01
     0.357367862E+01
     0.357010920E+01
     0.356469374E+01
     0.356193215E+01
     0.355364170E+01
     0.354241799E+01
     0.354594579E+01
     0.354241344E+01
     0.353705422E+01
     0.353432102E+01
     0.352611577E+01
     0.351500654E+01
     0.351849846E+01
     0.351500202E+01
     0.350969725E+01
     0.350699156E+01
     0.349886884E+01
     0.348787051E+01
     0.349132767E+01
     0.348786600E+01
     0.348261400E+01
     0.347993495E+01
     0.347189221E+01
     0.346100136E+01
     0.346442483E+01
     0.346099687E+01
     0.345579600E+01
     0.345314279E+01
     0.344517758E+01
     0.343439092E+01
     0.343778173E+01
     0.343438646E+01
     0.342923518E+01
     0.342660702E+01
     0.341871699E+01
     0.340803141E+01
     0.341139053E+01
     0.340802696E+01
     0.340292379E+01
     0.340031994E+01
     0.339250286E+01
     0.338191534E+01
     0.338524372E+01
     0.338191091E+01
     0.337685442E+01
     0.337427416E+01
     0.336652788E+01
     0.335603555E+01
     0.335933409E+01
     0.335603114E+01
     0.335101997E+01
     0.334846262E+01
     0.334078509E+01
     0.333038519E+01
     0.333365475E+01
     0.333038080E+01
     0.332541365E+01
     0.332287855E+01
     0.331526779E+01
     0.330495769E+01
     0.330819910E+01
     0.330495331E+01
     0.330002892E+01
     0.329751545E+01
     0.328996957E+01
     0.327974673E+01
     0.328296078E+01
     0.327974237E+01
     0.327485954E+01
     0.327236708E+01
     0.326488427E+01
     0.325474626E+01
     0.325793371E+01
     0.325474191E+01
     0.324989949E+01
     0.324742747E+01
     0.324000598E+01
     0.322995046E+01
     0.323311205E+01
     0.322994613E+01
     0.322514302E+01
     0.322269087E+01
     0.321532903E+01
     0.320535376E+01
     0.320849018E+01
     0.320534945E+01
     0.320058457E+01
     0.319815176E+01
     0.319084797E+01
     0.318095079E+01
     0.318406272E+01
     0.318094649E+01
     0.317621883E+01
     0.317380485E+01
     0.316655755E+01
     0.315673638E+01
     0.315982448E+01
     0.315673210E+01
     0.315204067E+01
     0.314964502E+01
     0.314245273E+01
     0.313270558E+01
     0.313577047E+01
     0.313270132E+01
     0.312804516E+01
     0.312566737E+01
     0.311852866E+01
     0.310885362E+01
     0.311189589E+01
     0.310884937E+01
     0.310422758E+01
     0.310186718E+01
     0.309478067E+01
     0.308517588E+01
     0.308819612E+01
     0.308517164E+01
     0.308058335E+01
     0.307823990E+01
     0.307120426E+01
     0.306166795E+01
     0.306466671E+01
     0.306166373E+01
     0.305710808E+01
     0.305478116E+01
     0.304779511E+01
     0.303832555E+01
     0.304130338E+01
     0.303832135E+01
     0.303379754E+01
     0.303148673E+01
     0.302454905E+01
     0.301514459E+01
     0.301810200E+01
     0.301514040E+01
     0.301064764E+01
     0.300835254E+01
     0.300146203E+01
     0.299212108E+01
     0.299505857E+01
     0.299211691E+01
     0.298765444E+01
     0.298537468E+01
     0.297853020E+01
     0.296925122E+01
     0.297216927E+01
     0.296924705E+01
     0.296481414E+01
     0.296254935E+01
     0.295574979E+01
     0.294653130E+01
     0.294943037E+01
     0.294652714E+01
     0.294212309E+01
     0.293987291E+01
     0.293311720E+01
     0.292395776E+01
     0.292683831E+01
     0.292395362E+01
     0.291957773E+01
     0.291734183E+01
     0.291062894E+01
     0.290152716E+01
     0.290438962E+01
     0.290152303E+01
     0.289717466E+01
     0.289495269E+01
     0.288828163E+01
     0.287923618E+01
     0.288208097E+01
     0.287923207E+01
     0.287491057E+01
     0.287270222E+01
     0.286607202E+01
     0.285708160E+01
     0.285990913E+01
     0.285707750E+01
     0.285278227E+01
     0.285058722E+01
     0.284399695E+01
     0.283506032E+01
     0.283787098E+01
     0.283505624E+01
     0.283078668E+01
     0.282860463E+01
     0.282205339E+01
     0.281316934E+01
     0.281596350E+01
     0.281316526E+01
     0.280892080E+01
     0.280675147E+01
     0.280023839E+01
     0.279140574E+01
     0.279418377E+01
     0.279140167E+01
     0.278718175E+01
     0.278502485E+01
     0.277854909E+01
     0.276976671E+01
     0.277252897E+01
     0.276976266E+01
     0.276556673E+01
     0.276342200E+01
     0.275698273E+01
     0.274824953E+01
     0.275099637E+01
     0.274824550E+01
     0.274407304E+01
     0.274194021E+01
     0.273553665E+01
     0.272685157E+01
     0.272958331E+01
     0.272684754E+01
     0.272269806E+01
     0.272057687E+01
     0.271420826E+01
     0.270557026E+01
     0.270828722E+01
     0.270556625E+01
     0.270143925E+01
     0.269932945E+01
     0.269299505E+01
     0.268440313E+01
     0.268710564E+01
     0.268439913E+01
     0.268029414E+01
     0.267819550E+01
     0.267189458E+01
     0.266334778E+01
     0.266603613E+01
     0.266334379E+01
     0.265926035E+01
     0.265717263E+01
     0.265090449E+01
     0.264240188E+01
     0.264507636E+01
     0.264239790E+01
     0.263833556E+01
     0.263625854E+01
     0.263002251E+01
     0.262156317E+01
     0.262422407E+01
     0.262155920E+01
     0.261751753E+01
     0.261545099E+01
     0.260924641E+01
     0.260082945E+01
     0.260347706E+01
     0.260082550E+01
     0.259680407E+01
     0.259474780E+01
     0.258857403E+01
     0.258019861E+01
     0.258283318E+01
     0.258019466E+01
     0.257619308E+01
     0.257414687E+01
     0.256800329E+01
     0.255966857E+01
     0.256229037E+01
     0.255966463E+01
     0.255568249E+01
     0.255364614E+01
     0.254753216E+01
     0.253923732E+01
     0.254184661E+01
     0.253923340E+01
     0.253527031E+01
     0.253324363E+01
     0.252715865E+01
     0.251890292E+01
     0.252149993E+01
     0.251889900E+01
     0.251495460E+01
     0.251293739E+01
     0.250688086E+01
     0.249866346E+01
     0.250124845E+01
     0.249865955E+01
     0.249473348E+01
     0.249272556E+01
     0.248669691E+01
     0.247851710E+01
     0.248109029E+01
     0.247851321E+01
     0.247460510E+01
     0.247260629E+01
     0.246660499E+01
     0.245846206E+01
     0.246102367E+01
     0.245845817E+01
     0.245456768E+01
     0.245257781E+01
     0.244660334E+01
     0.243849657E+01
     0.244104684E+01
     0.243849270E+01
     0.243461949E+01
     0.243263839E+01
     0.242669024E+01
     0.241861895E+01
     0.242115808E+01
     0.241861508E+01
     0.241475884E+01
     0.241278634E+01
     0.240686401E+01
     0.239882754E+01
     0.240135574E+01
     0.239882368E+01
     0.239498408E+01
     0.239302002E+01
     0.238712303E+01
     0.237912072E+01
     0.238163821E+01
     0.237911687E+01
     0.237529360E+01
     0.237333784E+01
     0.236746571E+01
     0.235949693E+01
     0.236200389E+01
     0.235949310E+01
     0.235568586E+01
     0.235373822E+01
     0.234789050E+01
     0.233995464E+01
     0.234245127E+01
     0.233995081E+01
     0.233615931E+01
     0.233421966E+01
     0.232839591E+01
     0.232049235E+01
     0.232297885E+01
     0.232048853E+01
     0.231671248E+01
     0.231478067E+01
     0.230898044E+01
     0.230110861E+01
     0.230358515E+01
     0.230110481E+01
     0.229734392E+01
     0.229541981E+01
     0.228964268E+01
     0.228180200E+01
     0.228426877E+01
     0.228179820E+01
     0.227805222E+01
     0.227613566E+01
     0.227038123E+01
     0.226257114E+01
     0.226502830E+01
     0.226256735E+01
     0.225883599E+01
     0.225692686E+01
     0.225119471E+01
     0.224341466E+01
     0.224586239E+01
     0.224341088E+01
     0.223969390E+01
     0.223779206E+01
     0.223208179E+01
     0.222433125E+01
     0.222676972E+01
     0.222432748E+01
     0.222062462E+01
     0.221872994E+01
     0.221304116E+01
     0.220531962E+01
     0.220774899E+01
     0.220531586E+01
     0.220162686E+01
     0.219973922E+01
     0.219407157E+01
     0.218637850E+01
     0.218879894E+01
     0.218637475E+01
     0.218269938E+01
     0.218081865E+01
     0.217517175E+01
     0.216750666E+01
     0.216991832E+01
     0.216750292E+01
     0.216384093E+01
     0.216196700E+01
     0.215634049E+01
     0.214870290E+01
     0.215110592E+01
     0.214869916E+01
     0.214505033E+01
     0.214318307E+01
     0.213757660E+01
     0.212996602E+01
     0.213236057E+01
     0.212996229E+01
     0.212632639E+01
     0.212446569E+01
     0.211887891E+01
     0.211129488E+01
     0.211368109E+01
     0.211129115E+01
     0.210766796E+01
     0.210581371E+01
     0.210024627E+01
     0.209268834E+01
     0.209506636E+01
     0.209268462E+01
     0.208907392E+01
     0.208722600E+01
     0.208167758E+01
     0.207414528E+01
     0.207651526E+01
     0.207414158E+01
     0.207054315E+01
     0.206870146E+01
     0.206317173E+01
     0.205566463E+01
     0.205802671E+01
     0.205566093E+01
     0.205207457E+01
     0.205023900E+01
     0.204472765E+01
     0.203724532E+01
     0.203959962E+01
     0.203724163E+01
     0.203366712E+01
     0.203183757E+01
     0.202634427E+01
     0.201888630E+01
     0.202123295E+01
     0.201888261E+01
     0.201531977E+01
     0.201349613E+01
     0.200802058E+01
     0.200058653E+01
     0.200292568E+01
     0.200058286E+01
     0.199703147E+01
     0.199521365E+01
     0.198975555E+01
     0.198234503E+01
     0.198467679E+01
     0.198234136E+01
     0.197880124E+01
     0.197698913E+01
     0.197154818E+01
     0.196416078E+01
     0.196648529E+01
     0.196415712E+01
     0.196062807E+01
     0.195882158E+01
     0.195339750E+01
     0.194603282E+01
     0.194835020E+01
     0.194602917E+01
     0.194251101E+01
     0.194071005E+01
     0.193530253E+01
     0.192796020E+01
     0.193027057E+01
     0.192795655E+01
     0.192444910E+01
     0.192265356E+01
     0.191726234E+01
     0.190994197E+01
     0.191224545E+01
     0.190993833E+01
     0.190644140E+01
     0.190465119E+01
     0.189927599E+01
     0.189197720E+01
     0.189427391E+01
     0.189197357E+01
     0.188848698E+01
     0.188670202E+01
     0.188134256E+01
     0.187406499E+01
     0.187635504E+01
     0.187406136E+01
     0.187058494E+01
     0.186880514E+01
     0.186346115E+01
     0.185620443E+01
     0.185848793E+01
     0.185620080E+01
     0.185273438E+01
     0.185095965E+01
     0.184563087E+01
     0.183839463E+01
     0.184067171E+01
     0.183839102E+01
     0.183493442E+01
     0.183316466E+01
     0.182785083E+01
     0.182063473E+01
     0.182290550E+01
     0.182063112E+01
     0.181718418E+01
     0.181541932E+01
     0.181012018E+01
     0.180292387E+01
     0.180518842E+01
     0.180292027E+01
     0.179948282E+01
     0.179772277E+01
     0.179243806E+01
     0.178526119E+01
     0.178751964E+01
     0.178525759E+01
     0.178182947E+01
     0.178007414E+01
     0.177480362E+01
     0.176764585E+01
     0.176989831E+01
     0.176764226E+01
     0.176422330E+01
     0.176247262E+01
     0.175721603E+01
     0.175007703E+01
     0.175232360E+01
     0.175007344E+01
     0.174666348E+01
     0.174491736E+01
     0.173967446E+01
     0.173255389E+01
     0.173479469E+01
     0.173255031E+01
     0.172914920E+01
     0.172740756E+01
     0.172217811E+01
     0.171507564E+01
     0.171731076E+01
     0.171507206E+01
     0.171167965E+01
     0.170994241E+01
     0.170472616E+01
     0.169764146E+01
     0.169987101E+01
     0.169763789E+01
     0.169425401E+01
     0.169252109E+01
     0.168731781E+01
     0.168025057E+01
     0.168247464E+01
     0.168024700E+01
     0.167687150E+01
     0.167514282E+01
     0.166995228E+01
     0.166290216E+01
     0.166512086E+01
     0.166289860E+01
     0.165953133E+01
     0.165780682E+01
     0.165262877E+01
     0.164559547E+01
     0.164780890E+01
     0.164559191E+01
     0.164223272E+01
     0.164051229E+01
     0.163534651E+01
     0.162832971E+01
     0.163053796E+01
     0.162832616E+01
     0.162497489E+01
     0.162325848E+01
     0.161810473E+01
     0.161110411E+01
     0.161330729E+01
     0.161110056E+01
     0.160775708E+01
     0.160604460E+01
     0.160090266E+01
     0.159391790E+01
     0.159611612E+01
     0.159391436E+01
     0.159057851E+01
     0.158886989E+01
     0.158373953E+01
     0.157677034E+01
     0.157896367E+01
     0.157676680E+01
     0.157343844E+01
     0.157173360E+01
     0.156661459E+01
     0.155966065E+01
     0.156184921E+01
     0.155965712E+01
     0.155633610E+01
     0.155463497E+01
     0.154952709E+01
     0.154258810E+01
     0.154477197E+01
     0.154258457E+01
     0.153927074E+01
     0.153757325E+01
     0.153247627E+01
     0.152555191E+01
     0.152773120E+01
     0.152554839E+01
     0.152224162E+01
     0.152054768E+01
     0.151546138E+01
     0.150855136E+01
     0.151072616E+01
     0.150854784E+01
     0.150524798E+01
     0.150355752E+01
     0.149848168E+01
     0.149158570E+01
     0.149375609E+01
     0.149158218E+01
     0.148828908E+01
     0.148660204E+01
     0.148153643E+01
     0.147465417E+01
     0.147682027E+01
     0.147465066E+01
     0.147136418E+01
     0.146968047E+01
     0.146462488E+01
     0.145775604E+01
     0.145991794E+01
     0.145775254E+01
     0.145447253E+01
     0.145279209E+01
     0.144774629E+01
     0.144089058E+01
     0.144304836E+01
     0.144088707E+01
     0.143761340E+01
     0.143593615E+01
     0.143089992E+01
     0.142405703E+01
     0.142621080E+01
     0.142405352E+01
     0.142078605E+01
     0.141911191E+01
     0.141408503E+01
     0.140725465E+01
     0.140940451E+01
     0.140725115E+01
     0.140398972E+01
     0.140231863E+01
     0.139730088E+01
     0.139048271E+01
     0.139262875E+01
     0.139047921E+01
     0.138722369E+01
     0.138555557E+01
     0.138054672E+01
     0.137374046E+01
     0.137588278E+01
     0.137373697E+01
     0.137048721E+01
     0.136882199E+01
     0.136382182E+01
     0.135702716E+01
     0.135916585E+01
     0.135702367E+01
     0.135377954E+01
     0.135211713E+01
     0.134712543E+01
     0.134034207E+01
     0.134247722E+01
     0.134033858E+01
     0.133709992E+01
     0.133544026E+01
     0.133045680E+01
     0.132368443E+01
     0.132581615E+01
     0.132368094E+01
     0.132044762E+01
     0.131879063E+01
     0.131381518E+01
     0.130705349E+01
     0.130918187E+01
     0.130705000E+01
     0.130382188E+01
     0.130216748E+01
     0.129719982E+01
     0.129044850E+01
     0.129257365E+01
     0.129044502E+01
     0.128722194E+01
     0.128557007E+01
     0.128060996E+01
     0.127386871E+01
     0.127599071E+01
     0.127386523E+01
     0.127064705E+01
     0.126899762E+01
     0.126404486E+01
     0.125731335E+01
     0.125943231E+01
     0.125730987E+01
     0.125409645E+01
     0.125244939E+01
     0.124750373E+01
     0.124078166E+01
     0.124289768E+01
     0.124077818E+01
     0.123756937E+01
     0.123592461E+01
     0.123098583E+01
     0.122427287E+01
     0.122638605E+01
     0.122426939E+01
     0.122106504E+01
     0.121942250E+01
     0.121449036E+01
     0.120778621E+01
     0.120989664E+01
     0.120778273E+01
     0.120458269E+01
     0.120294229E+01
     0.119801657E+01
     0.119132089E+01
     0.119342869E+01
     0.119131741E+01
     0.118812154E+01
     0.118648320E+01
     0.118156366E+01
     0.117487613E+01
     0.117698139E+01
     0.117487265E+01
     0.117168080E+01
     0.117004444E+01
     0.116513084E+01
     0.115845115E+01
     0.116055397E+01
     0.115844767E+01
     0.115525968E+01
     0.115362523E+01
     0.114871734E+01
     0.114204514E+01
     0.114414564E+01
     0.114204166E+01
     0.113885739E+01
     0.113722476E+01
     0.113232234E+01
     0.112565731E+01
     0.112775558E+01
     0.112565382E+01
     0.112247312E+01
     0.112084223E+01
     0.111594504E+01
     0.110928684E+01
     0.111138300E+01
     0.110928336E+01
     0.110610607E+01
     0.110447684E+01
     0.109958464E+01
     0.109293294E+01
     0.109502708E+01
     0.109292945E+01
     0.108975541E+01
     0.108812777E+01
     0.108324031E+01
     0.107659477E+01
     0.107868701E+01
     0.107659128E+01
     0.107342034E+01
     0.107179420E+01
     0.106691124E+01
     0.106027151E+01
     0.106236195E+01
     0.106026802E+01
     0.105710003E+01
     0.105547531E+01
     0.105059659E+01
     0.104396233E+01
     0.104605109E+01
     0.104395884E+01
     0.104079364E+01
     0.103917026E+01
     0.103429554E+01
     0.102766641E+01
     0.102975359E+01
     0.102766291E+01
     0.102450035E+01
     0.102287822E+01
     0.101800725E+01
     0.101138289E+01
     0.101346861E+01
     0.101137939E+01
     0.100821931E+01
     0.100659835E+01
     0.100173088E+01
     0.995110940E+00
     0.997195314E+00
     0.995107434E+00
     0.991949674E+00
     0.990329801E+00
     0.985465586E+00
     0.978849712E+00
     0.980932848E+00
     0.978846202E+00
     0.975690607E+00
     0.974071737E+00
     0.969210519E+00
     0.962598359E+00
     0.964680369E+00
     0.962594845E+00
     0.959441258E+00
     0.957823307E+00
     0.952964834E+00
     0.946356034E+00
     0.948437032E+00
     0.946352514E+00
     0.943200780E+00
     0.941583665E+00
     0.936727685E+00
     0.930121890E+00
     0.932201988E+00
     0.930118364E+00
     0.926968328E+00
     0.925351966E+00
     0.920498229E+00
     0.913895083E+00
     0.915974396E+00
     0.913891552E+00
     0.910743062E+00
     0.909127369E+00
     0.904275626E+00
     0.897674778E+00
     0.899753418E+00
     0.897671240E+00
     0.894524145E+00
     0.892909041E+00
     0.888059046E+00
     0.881460145E+00
     0.883538224E+00
     0.881456599E+00
     0.878310751E+00
     0.876696155E+00
     0.871847666E+00
     0.865250366E+00
     0.867327995E+00
     0.865246812E+00
     0.862102068E+00
     0.860487901E+00
     0.855640679E+00
     0.849044639E+00
     0.851121928E+00
     0.849041077E+00
     0.845897297E+00
     0.844283482E+00
     0.839437297E+00
     0.832842184E+00
     0.834919240E+00
     0.832838613E+00
     0.829695663E+00
     0.828082127E+00
     0.823236753E+00
     0.816642244E+00
     0.818719171E+00
     0.816638663E+00
     0.813496417E+00
     0.811883087E+00
     0.807038313E+00
     0.800444095E+00
     0.802520993E+00
     0.800440504E+00
     0.797298842E+00
     0.795685653E+00
     0.790841274E+00
     0.784247051E+00
     0.786324017E+00
     0.784243449E+00
     0.781102264E+00
     0.779489153E+00
     0.774644982E+00
     0.768050474E+00
     0.770127599E+00
     0.768046860E+00
     0.764906056E+00
     0.763292966E+00
     0.758448833E+00
     0.751853785E+00
     0.753931152E+00
     0.751850158E+00
     0.748709652E+00
     0.747096535E+00
     0.742252289E+00
     0.735656470E+00
     0.737734155E+00
     0.735652830E+00
     0.732512557E+00
     0.730899371E+00
     0.726054888E+00
     0.719458100E+00
     0.721536168E+00
     0.719454447E+00
     0.716314362E+00
     0.714701075E+00
     0.709856258E+00
     0.703258342E+00
     0.705336847E+00
     0.703254674E+00
     0.700114755E+00
     0.698501348E+00
     0.693656136E+00
     0.687056977E+00
     0.689135959E+00
     0.687053292E+00
     0.683913545E+00
     0.682300011E+00
     0.677454383E+00
     0.670853920E+00
     0.672933402E+00
     0.670850219E+00
     0.667710680E+00
     0.666097029E+00
     0.661251010E+00
     0.654649244E+00
     0.656729231E+00
     0.654645526E+00
     0.651506269E+00
     0.649892528E+00
     0.645046201E+00
     0.638443206E+00
     0.640523678E+00
     0.638439469E+00
     0.635300611E+00
     0.633686831E+00
     0.628840340E+00
     0.622236275E+00
     0.624317187E+00
     0.622232519E+00
     0.619094226E+00
     0.617480479E+00
     0.612634044E+00
     0.606029168E+00
     0.608110443E+00
     0.606025392E+00
     0.602887886E+00
     0.601274275E+00
     0.596428201E+00
     0.589822887E+00
     0.591904413E+00
     0.589819089E+00
     0.586682659E+00
     0.585069319E+00
     0.580224010E+00
     0.573618762E+00
     0.575700386E+00
     0.573614942E+00
     0.570479948E+00
     0.568867053E+00
     0.564023025E+00
     0.557418499E+00
     0.559500020E+00
     0.557414655E+00
     0.554281545E+00
     0.552669310E+00
     0.547827208E+00
     0.541224232E+00
     0.543305394E+00
     0.541220363E+00
     0.538089678E+00
     0.536478369E+00
     0.531638984E+00
     0.525038582E+00
     0.527119070E+00
     0.525034688E+00
     0.521907079E+00
     0.520297014E+00
     0.515461302E+00
     0.508864722E+00
     0.510944149E+00
     0.508860801E+00
     0.505737040E+00
     0.504128601E+00
     0.499297702E+00
     0.492706441E+00
     0.494784343E+00
     0.492702492E+00
     0.489583485E+00
     0.487977122E+00
     0.483152384E+00
     0.476568218E+00
     0.478644043E+00
     0.476564241E+00
     0.473451043E+00
     0.471847284E+00
     0.467030283E+00
     0.460455297E+00
     0.462528394E+00
     0.460451289E+00
     0.457345122E+00
     0.455744575E+00
     0.450937139E+00
     0.444373759E+00
     0.446443373E+00
     0.444369721E+00
     0.441271980E+00
     0.439675348E+00
     0.434879578E+00
     0.428330599E+00
     0.430395856E+00
     0.428326528E+00
     0.425238804E+00
     0.423646886E+00
     0.418865174E+00
     0.412333789E+00
     0.414393693E+00
     0.412329685E+00
     0.409253770E+00
     0.407667468E+00
     0.402902522E+00
     0.396392346E+00
     0.398445765E+00
     0.396388206E+00
     0.393326103E+00
     0.391746431E+00
     0.387001281E+00
     0.380516368E+00
     0.382562035E+00
     0.380512192E+00
     0.377466124E+00
     0.375894204E+00
     0.371172215E+00
     0.364717074E+00
     0.366753577E+00
     0.364712860E+00
     0.361685269E+00
     0.360122336E+00
     0.355427209E+00
     0.349006801E+00
     0.351032586E+00
     0.349002548E+00
     0.345996091E+00
     0.344443490E+00
     0.339779257E+00
     0.333398989E+00
     0.335412363E+00
     0.333394694E+00
     0.330412235E+00
     0.328871418E+00
     0.324242423E+00
     0.317908123E+00
     0.319907260E+00
     0.317903783E+00
     0.314948379E+00
     0.313420892E+00
     0.308831768E+00
     0.302549650E+00
     0.304532605E+00
     0.302545262E+00
     0.299620138E+00
     0.298107613E+00
     0.293563247E+00
     0.287339862E+00
     0.289304582E+00
     0.287335421E+00
     0.284443944E+00
     0.282948082E+00
     0.278453569E+00
     0.272295737E+00
     0.274240088E+00
     0.272291239E+00
     0.269436886E+00
     0.267959441E+00
     0.263520032E+00
     0.257434773E+00
     0.259356558E+00
     0.257430210E+00
     0.254616532E+00
     0.253159293E+00
     0.248780336E+00
     0.242774785E+00
     0.244671774E+00
     0.242770149E+00
     0.240000735E+00
     0.238565503E+00
     0.234252386E+00
     0.228333706E+00
     0.230203662E+00
     0.228328986E+00
     0.225607428E+00
     0.224195998E+00
     0.219954087E+00
     0.214129385E+00
     0.215970092E+00
     0.225881871E+00
     0.224617413E+00
     0.220818519E+00
     0.215618095E+00
     0.217259664E+00
     0.215614615E+00
     0.212951430E+00
     0.211569547E+00
     0.207416183E+00
     0.201710282E+00
     0.203513777E+00
     0.201705435E+00
     0.199084648E+00
     0.197723365E+00
     0.193631441E+00
     0.188004742E+00
     0.189783814E+00
     0.199370086E+00
     0.198162061E+00
     0.194532300E+00
     0.189558480E+00
     0.191129106E+00
     0.189554940E+00
     0.186999138E+00
     0.185670746E+00
     0.181677372E+00
     0.176182864E+00
     0.177920531E+00
     0.187272337E+00
     0.186090820E+00
     0.182540460E+00
     0.177672558E+00
     0.179210080E+00
     0.177668960E+00
     0.175167622E+00
     0.173866327E+00
     0.169953971E+00
     0.164566354E+00
     0.166270752E+00
     0.175445460E+00
     0.174293768E+00
     0.170832776E+00
     0.166084539E+00
     0.167584605E+00
     0.166080894E+00
     0.163636420E+00
     0.162363395E+00
     0.158535542E+00
     0.153259298E+00
     0.154929044E+00
     0.164020737E+00
     0.162954669E+00
     0.159751250E+00
     0.155359758E+00
     0.156746732E+00
     0.155356567E+00
     0.153054406E+00
     0.151855987E+00
     0.148252588E+00
     0.143287238E+00
     0.144858429E+00
     0.153448335E+00
     0.152461777E+00
     0.149497508E+00
     0.145436835E+00
     0.146718982E+00
     0.145434038E+00
     0.143296864E+00
     0.142185381E+00
     0.138843695E+00
     0.134242529E+00
     0.135698075E+00
     0.143652576E+00
     0.142732113E+00
     0.139966568E+00
     0.136179934E+00
     0.137375345E+00
     0.136177418E+00
     0.134189229E+00
     0.133156057E+00
     0.130050055E+00
     0.125776195E+00
     0.127127881E+00
     0.134513061E+00
     0.133653564E+00
     0.131071298E+00
     0.127537112E+00
     0.128652654E+00
     0.127534838E+00
     0.125682654E+00
     0.124720829E+00
     0.121829501E+00
     0.117853284E+00
     0.119110578E+00
     0.125978850E+00
     0.125175696E+00
     0.122762793E+00
     0.119461643E+00
     0.120503485E+00
     0.119459579E+00
     0.117732207E+00
     0.116835742E+00
     0.114141043E+00
     0.110437065E+00
     0.111608066E+00
     0.118004145E+00
     0.117253210E+00
     0.114997259E+00
     0.111911867E+00
     0.112885496E+00
     0.111909986E+00
     0.110297624E+00
     0.109461294E+00
     0.106947478E+00
     0.103493631E+00
     0.104585381E+00
     0.110548049E+00
     0.109845617E+00
     0.107735438E+00
     0.104850272E+00
     0.105760618E+00
     0.104848554E+00
     0.103342504E+00
     0.102561689E+00
     0.100214836E+00
     0.969916250E-01
     0.980103295E-01
     0.103573690E+00
     0.102916390E+00
     0.100941835E+00
     0.982428233E-01
     0.990943496E-01
     0.982412487E-01
     0.968337187E-01
     0.961042899E-01
     0.939119640E-01
     0.909020111E-01
     0.918531967E-01
     0.970475820E-01
     0.964323317E-01
     0.945841357E-01
     0.920584488E-01
     0.928552217E-01
     0.920570025E-01
     0.907409522E-01
     0.900591883E-01
     0.880101864E-01
     0.851978658E-01
     0.860864983E-01
     0.909391280E-01
     0.903631002E-01
     0.886327601E-01
     0.862686411E-01
     0.870143852E-01
     0.862673099E-01
     0.850363372E-01
     0.843988620E-01
     0.824830212E-01
     0.798541844E-01
     0.806847575E-01
     0.852202392E-01
     0.846808284E-01
     0.830605101E-01
     0.808471418E-01
     0.815452826E-01
     0.808459143E-01
     0.796941664E-01
     0.790978996E-01
     0.773059499E-01
     0.748477123E-01
     0.756243157E-01
     0.798650292E-01
     0.793598272E-01
     0.778422900E-01
     0.757696863E-01
     0.764233846E-01
     0.757685526E-01
     0.746906558E-01
     0.741327746E-01
     0.724562218E-01
     0.701567947E-01
     0.708831684E-01
     0.748495676E-01
     0.743763424E-01
     0.729548769E-01
     0.710137945E-01
     0.716259750E-01
     0.710127460E-01
     0.700037493E-01
     0.694816572E-01
     0.679126897E-01
     0.657612456E-01
     0.664408231E-01
     0.701516764E-01
     0.697083554E-01
     0.683767319E-01
     0.665585962E-01
     0.671319710E-01
     0.665576254E-01
     0.656129544E-01
     0.651242559E-01
     0.636556678E-01
     0.616422309E-01
     0.622781741E-01
     0.657507607E-01
     0.653354161E-01
     0.640878403E-01
     0.623846834E-01
     0.629217719E-01
     0.623837834E-01
     0.614992019E-01
     0.610416816E-01
     0.596668094E-01
     0.577821645E-01
     0.583773933E-01
     0.616276643E-01
     0.612385006E-01
     0.600695762E-01
     0.584739831E-01
     0.589771291E-01
     0.584731478E-01
     0.576447252E-01
     0.572163301E-01
     0.559289992E-01
     0.541646154E-01
     0.547218317E-01
     0.577645458E-01
     0.573998888E-01
     0.563045845E-01
     0.548096467E-01
     0.552810336E-01
     0.548088710E-01
     0.540329546E-01
     0.536317788E-01
     0.524262580E-01
     0.507742239E-01
     0.512959329E-01
     0.541447707E-01
     0.538030579E-01
     0.527766787E-01
     0.513759537E-01
     0.518176170E-01
     0.513752326E-01
     0.506484238E-01
     0.502726957E-01
     0.491436579E-01
     0.475966255E-01
     0.480851532E-01
     0.507528160E-01
     0.504325884E-01
     0.494707499E-01
     0.481582247E-01
     0.485720637E-01
     0.481575539E-01
     0.474766870E-01
     0.471247578E-01
     0.460672457E-01
     0.446183821E-01
     0.450758908E-01
     0.475741859E-01
     0.472740800E-01
     0.463726854E-01
     0.451427446E-01
     0.455305328E-01
     0.451421203E-01
     0.445042437E-01
     0.441745776E-01
     0.431839736E-01
     0.418269179E-01
     0.422554202E-01
     0.445953358E-01
     0.443140770E-01
     0.434692966E-01
     0.423166931E-01
     0.426800872E-01
     0.423161115E-01
     0.417184718E-01
     0.414096368E-01
     0.404816362E-01
     0.392104618E-01
     0.396118325E-01
     0.418036041E-01
     0.415400003E-01
     0.407482523E-01
     0.396680810E-01
     0.400086298E-01
     0.396675391E-01
     0.391075656E-01
     0.388182258E-01
     0.379488126E-01
     0.367579937E-01
     0.371339804E-01
     0.391871497E-01
     0.389400856E-01
     0.381980193E-01
     0.371856933E-01
     0.375048447E-01
     0.371851881E-01
     0.366604797E-01
     0.363893882E-01
     0.355748137E-01
     0.344591946E-01
     0.348114277E-01
     0.367348954E-01
     0.365033274E-01
     0.358078073E-01
     0.348590357E-01
     0.351581440E-01
     0.348585645E-01
     0.343668777E-01
     0.341128697E-01
     0.333496331E-01
     0.323044009E-01
     0.326344020E-01
     0.344364759E-01
     0.342194269E-01
     0.335675183E-01
     0.326782863E-01
     0.329586186E-01
     0.326778466E-01
     0.322170840E-01
     0.319790714E-01
     0.312639018E-01
     0.302845616E-01
     0.305937517E-01
     0.322821894E-01
     0.320787451E-01
     0.314677005E-01
     0.306342506E-01
     0.308969926E-01
     0.306338401E-01
     0.302020406E-01
     0.299790063E-01
     0.293088466E-01
     0.283911987E-01
     0.286809052E-01
     0.302629542E-01
     0.300722581E-01
     0.294995051E-01
     0.287183201E-01
     0.289645815E-01
     0.287179369E-01
     0.283132660E-01
     0.281042589E-01
     0.274762510E-01
     0.266163702E-01
     0.268878336E-01
     0.283702668E-01
     0.281915172E-01
     0.276546468E-01
     0.269224339E-01
     0.271532537E-01
     0.269220759E-01
     0.265428176E-01
     0.263469484E-01
     0.257584193E-01
     0.249526358E-01
     0.252070158E-01
     0.265961648E-01
     0.264286105E-01
     0.259253668E-01
     0.252390427E-01
     0.254553935E-01
     0.252387083E-01
     0.248832565E-01
     0.246996933E-01
     0.241481426E-01
     0.233930246E-01
     0.236314057E-01
     0.249331911E-01
     0.247761287E-01
     0.243043985E-01
     0.236610759E-01
     0.238638685E-01
     0.236607634E-01
     0.233276151E-01
     0.231555796E-01
     0.226386679E-01
     0.219310052E-01
     0.221544016E-01
     0.233743611E-01
     0.232271317E-01
     0.227849355E-01
     0.221819104E-01
     0.223719979E-01
     0.221816183E-01
     0.218693667E-01
     0.217081303E-01
     0.212236686E-01
     0.205604579E-01
     0.207698184E-01
     0.219131325E-01
     0.217751188E-01
     0.213606025E-01
     0.207953421E-01
     0.209735232E-01
     0.207950690E-01
     0.205023969E-01
     0.203512779E-01
     0.198972171E-01
     0.192756482E-01
     0.194718605E-01
     0.205433768E-01
     0.204140004E-01
     0.200254267E-01
     0.194955587E-01
     0.196625816E-01
     0.194953033E-01
     0.192209774E-01
     0.190793375E-01
     0.186537598E-01
     0.180712023E-01
     0.182550974E-01
     0.192593523E-01
     0.191380714E-01
     0.187738128E-01
     0.182771146E-01
     0.184336803E-01
     0.182768757E-01
     0.180197412E-01
     0.178869830E-01
     0.174880928E-01
     0.169420847E-01
     0.171144403E-01
     0.180556798E-01
     0.179419867E-01
     0.176005182E-01
     0.171349078E-01
     0.172816729E-01
     0.171346844E-01
     0.168936598E-01
     0.167692238E-01
     0.163953398E-01
     0.158835764E-01
     0.160451203E-01
     0.169273194E-01
     0.168207384E-01
     0.165006311E-01
     0.160641579E-01
     0.162017375E-01
     0.160639488E-01
     0.158380211E-01
     0.157213834E-01
     0.153709315E-01
     0.148912548E-01
     0.150426686E-01
     0.158695487E-01
     0.157696340E-01
     0.154695489E-01
     0.150603852E-01
     0.151893556E-01
     0.150601896E-01
     0.148484100E-01
     0.147390800E-01
     0.144105858E-01
     0.139609752E-01
     0.141028970E-01
     0.148779426E-01
     0.147842765E-01
     0.145029590E-01
     0.141193923E-01
     0.142402935E-01
     0.141192092E-01
     0.139206891E-01
     0.138182073E-01
     0.135102899E-01
     0.130888532E-01
     0.132218806E-01
     0.139483545E-01
     0.138605456E-01
     0.135968199E-01
     0.132372456E-01
     0.133505835E-01
     0.132370742E-01
     0.130509809E-01
     0.129549169E-01
     0.126662831E-01
     0.122712482E-01
     0.123959407E-01
     0.130768989E-01
     0.129945802E-01
     0.127473444E-01
     0.124102589E-01
     0.125165077E-01
     0.124100985E-01
     0.122356521E-01
     0.121456027E-01
     0.118750409E-01
     0.115047479E-01
     0.116216298E-01
     0.122599342E-01
     0.121827620E-01
     0.119509835E-01
     0.116349777E-01
     0.117345816E-01
     0.116348276E-01
     0.114712972E-01
     0.113868847E-01
     0.111332601E-01
     0.107861544E-01
     0.108957165E-01
     0.114940478E-01
     0.114216999E-01
     0.112044109E-01
     0.109081644E-01
     0.110015398E-01
     0.109080238E-01
     0.107547249E-01
     0.106755955E-01
     0.104378450E-01
     0.101124700E-01
     0.102151722E-01
     0.107760416E-01
     0.107082160E-01
     0.105045095E-01
     0.102267848E-01
     0.103143217E-01
     0.102266532E-01
     0.100829440E-01
     0.100087663E-01
     0.978589368E-02
     0.948088518E-02
     0.957715824E-02
     0.101029182E-01
     0.100393318E-01
     0.984835761E-02
     0.958799506E-02
     0.967005916E-02
     0.958787177E-02
     0.945315136E-02
     0.938361467E-02
     0.917468669E-02
     0.888876646E-02
     0.897901396E-02
     0.947186816E-02
     0.941225581E-02
     0.923321718E-02
     0.898912981E-02
     0.906606376E-02
     0.898901435E-02
     0.886271934E-02
     0.879753267E-02
     0.860167491E-02
     0.833364538E-02
     0.841824542E-02
     0.888025861E-02
     0.882437161E-02
     0.865652177E-02
     0.842769090E-02
     0.849981585E-02
     0.842758275E-02
     0.830918529E-02
     0.824807594E-02
     0.806446903E-02
     0.781320815E-02
     0.789251499E-02
     0.832562167E-02
     0.827322697E-02
     0.811586596E-02
     0.790133681E-02
     0.796895376E-02
     0.790123552E-02
     0.779024092E-02
     0.773295337E-02
     0.756082953E-02
     0.732528593E-02
     0.739963148E-02
     0.780564426E-02
     0.775652341E-02
     0.760899514E-02
     0.740787285E-02
     0.747126389E-02
     0.740777796E-02
     0.730372262E-02
     0.725001743E-02
     0.708865717E-02
     0.686784570E-02
     0.693754098E-02
     0.731815828E-02
     0.727210654E-02
     0.713379603E-02
     0.694524184E-02
     0.700467138E-02
     0.694515295E-02
     0.684760240E-02
     0.679725517E-02
     0.664598425E-02
     0.643898173E-02
     0.650431819E-02
     0.686113155E-02
     0.681795698E-02
     0.668828779E-02
     0.651151552E-02
     0.656723140E-02
     0.651143226E-02
     0.641997930E-02
     0.637277974E-02
     0.623096629E-02
     0.603690763E-02
     0.609815836E-02
     0.643265919E-02
     0.639218189E-02
     0.627061369E-02
     0.610488645E-02
     0.615712095E-02
     0.610480843E-02
     0.601907144E-02
     0.597482246E-02
     0.584187433E-02
     0.565994880E-02
     0.571736975E-02
     0.603095567E-02
     0.599300701E-02
     0.587903329E-02
     0.572366035E-02
     0.577263121E-02
     0.572358726E-02
     0.564320854E-02
     0.560172544E-02
     0.547708763E-02
     0.530653546E-02
     0.536036647E-02
     0.565434729E-02
     0.561876918E-02
     0.551191517E-02
     0.536624906E-02
     0.541216039E-02
     0.536618058E-02
     0.529082488E-02
     0.525193455E-02
     0.513508692E-02
     0.497519607E-02
     0.502566191E-02
     0.530126514E-02
     0.526790940E-02
     0.516773004E-02
     0.503116386E-02
     0.507420695E-02
     0.503109969E-02
     0.496045278E-02
     0.492399297E-02
     0.481444801E-02
     0.466455112E-02
     0.471186246E-02
     0.497023854E-02
     0.493896627E-02
     0.484504435E-02
     0.471700920E-02
     0.475736338E-02
     0.471694907E-02
     0.465071641E-02
     0.461653505E-02
     0.451383585E-02
     0.437330746E-02
     0.441766173E-02
     0.465988887E-02
     0.463056985E-02
     0.454251429E-02
     0.442247687E-02
     0.446031024E-02
     0.442242053E-02
     0.436032605E-02
     0.432828059E-02
     0.423199888E-02
     0.410025276E-02
     0.414183503E-02
     0.436892379E-02
     0.434143595E-02
     0.425888013E-02
     0.414634055E-02
     0.418181068E-02
     0.414628774E-02
     0.408807267E-02
     0.405802952E-02
     0.396776387E-02
     0.384425057E-02
     0.388323427E-02
     0.409613183E-02
     0.407036075E-02
     0.399296097E-02
     0.388745060E-02
     0.392070521E-02
     0.388740112E-02
     0.383282288E-02
     0.380465681E-02
     0.372003096E-02
     0.360423548E-02
     0.364078317E-02
     0.384037732E-02
     0.381621571E-02
     0.374364980E-02
     0.364472935E-02
     0.367590691E-02
     0.364468298E-02
     0.359351420E-02
     0.356710783E-02
     0.348776908E-02
     0.337920870E-02
     0.341347275E-02
     0.360059562E-02
     0.357794292E-02
     0.350990885E-02
     0.341716650E-02
     0.344639681E-02
     0.341712304E-02
     0.336915058E-02
     0.334439388E-02
     0.327001165E-02
     0.316823389E-02
     0.320035714E-02
     0.337578869E-02
     0.335455064E-02
     0.329076525E-02
     0.320381496E-02
     0.323121970E-02
     0.320377422E-02
     0.315879829E-02
     0.313558812E-02
     0.306585252E-02
     0.297043325E-02
     0.300054956E-02
     0.316502091E-02
     0.314510912E-02
     0.308530698E-02
     0.300378684E-02
     0.302948008E-02
     0.300374866E-02
     0.296158196E-02
     0.293982164E-02
     0.287444218E-02
     0.278498385E-02
     0.281321872E-02
     0.296741517E-02
     0.294874679E-02
     0.289267905E-02
     0.281624979E-02
     0.284033848E-02
     0.281621401E-02
     0.277668097E-02
     0.275627987E-02
     0.269498426E-02
     0.261111419E-02
     0.263758525E-02
     0.278214920E-02
     0.276464655E-02
     0.271207993E-02
     0.264042350E-02
     0.266300788E-02
     0.264038996E-02
     0.260332599E-02
     0.258419916E-02
     0.252673214E-02
     0.244810101E-02
     0.247291852E-02
     0.260845213E-02
     0.259204239E-02
     0.254275820E-02
     0.247557642E-02
     0.249675047E-02
     0.247554499E-02
     0.244079581E-02
     0.242286360E-02
     0.236898589E-02
     0.229526623E-02
     0.231853355E-02
     0.244560129E-02
     0.243021620E-02
     0.238400940E-02
     0.232102275E-02
     0.234087458E-02
     0.232099329E-02
     0.228841425E-02
     0.227160202E-02
     0.222108931E-02
     0.215197415E-02
     0.217378818E-02
     0.229291919E-02
     0.227849475E-02
     0.223517312E-02
     0.217611955E-02
     0.219473175E-02
     0.217609193E-02
     0.214554745E-02
     0.212978521E-02
     0.208242722E-02
     0.201762880E-02
     0.203808036E-02
     0.214977067E-02
     0.213624688E-02
     0.209563022E-02
     0.204026405E-02
     0.205771406E-02
     0.204023816E-02
     0.201160113E-02
     0.199682326E-02
     0.195242288E-02
     0.189167144E-02
     0.191084567E-02
     0.201556027E-02
     0.200288088E-02
     0.196480025E-02
     0.191289116E-02
     0.192925157E-02
     0.191286690E-02
     0.188601815E-02
     0.187216315E-02
     0.183053558E-02
     0.177357823E-02
     0.179155496E-02
     0.188972976E-02
     0.187784203E-02
     0.184213905E-02
     0.179347112E-02
     0.180880998E-02
     0.179344837E-02
     0.176827618E-02
     0.175528641E-02
     0.171625840E-02
     0.166285809E-02
     0.167971214E-02
     0.177175576E-02
     0.176061026E-02
     0.172713643E-02
     0.168150723E-02
     0.169588836E-02
     0.168148591E-02
     0.165788556E-02
     0.164570695E-02
     0.160911611E-02
     0.155905059E-02
     0.157485211E-02
     0.166114763E-02
     0.165069799E-02
     0.161931411E-02
     0.157653387E-02
     0.159001707E-02
     0.157651388E-02
     0.155438718E-02
     0.154296906E-02
     0.150866313E-02
     0.146172407E-02
     0.147653882E-02
     0.155744536E-02
     0.154764814E-02
     0.151822369E-02
     0.147811447E-02
     0.149075583E-02
     0.147809574E-02
     0.145735065E-02
     0.144664551E-02
     0.141448176E-02
     0.137047384E-02
     0.138436346E-02
     0.146021769E-02
     0.145103214E-02
     0.142344477E-02
     0.138583977E-02
     0.139769186E-02
     0.138582221E-02
     0.136637243E-02
     0.135633574E-02
     0.132618037E-02
     0.128492048E-02
     0.129794276E-02
     0.136906031E-02
     0.136044823E-02
     0.133458321E-02
     0.129932606E-02
     0.131043816E-02
     0.129930960E-02
     0.128107423E-02
     0.127166424E-02
     0.124339179E-02
     0.120470828E-02
     0.121691741E-02
     0.128359414E-02
     0.127551974E-02
     0.125126952E-02
     0.121821359E-02
     0.122863192E-02
     0.121819816E-02
     0.120110136E-02
     0.119227892E-02
     0.116577179E-02
     0.112950373E-02
     0.114095050E-02
     0.120346381E-02
     0.119589350E-02
     0.117315726E-02
     0.114216511E-02
     0.115193298E-02
     0.114215064E-02
     0.112612129E-02
     0.111784972E-02
     0.109299765E-02
     0.105899417E-02
     0.106972619E-02
     0.112833614E-02
     0.112123845E-02
     0.109992165E-02
     0.107086440E-02
     0.108002244E-02
     0.107085083E-02
     0.105582229E-02
     0.104806716E-02
     0.102476679E-02
     0.992886454E-03
     0.100294837E-02
     0.105789876E-02
     0.105124418E-02
     0.103125819E-02
     0.100401501E-02
     0.101260131E-02
     0.100400230E-02
     0.989912051E-03
     0.982641127E-03
     0.960795548E-03
     0.930905745E-03
     0.940339415E-03
     0.991858796E-03
     0.985619658E-03
     0.966881386E-03
     0.941339021E-03
     0.949389263E-03
     0.941327100E-03
     0.928116559E-03
     0.921299597E-03
     0.900817956E-03
     0.872794374E-03
     0.881639032E-03
     0.929941690E-03
     0.924092056E-03
     0.906523596E-03
     0.882575843E-03
     0.890123505E-03
     0.882564667E-03
     0.870178897E-03
     0.863787549E-03
     0.844584669E-03
     0.818310761E-03
     0.826603192E-03
     0.871890018E-03
     0.866405567E-03
     0.849933881E-03
     0.827481176E-03
     0.834557638E-03
     0.827470699E-03
     0.815858198E-03
     0.809865884E-03
     0.791861911E-03
     0.767228411E-03
     0.775003101E-03
     0.817462435E-03
     0.812320368E-03
     0.796876978E-03
     0.775825973E-03
     0.782460656E-03
     0.775816150E-03
     0.764928635E-03
     0.759310438E-03
     0.742430505E-03
     0.719334972E-03
     0.726624255E-03
     0.766432668E-03
     0.761611608E-03
     0.747132314E-03
     0.727395491E-03
     0.733615979E-03
     0.727386283E-03
     0.717178484E-03
     0.711911042E-03
     0.696084960E-03
     0.674431356E-03
     0.681265542E-03
     0.718588576E-03
     0.714068482E-03
     0.700493090E-03
     0.681988400E-03
     0.687820553E-03
     0.681979767E-03
     0.672409243E-03
     0.667470655E-03
     0.652632618E-03
     0.632330902E-03
     0.638738410E-03
     0.673731265E-03
     0.669493346E-03
     0.656765424E-03
     0.639415938E-03
     0.644884002E-03
     0.639407844E-03
     0.630434804E-03
     0.625804536E-03
     0.611892851E-03
     0.592858606E-03
     0.598866081E-03
     0.631674261E-03
     0.627700900E-03
     0.615767538E-03
     0.599501132E-03
     0.604627839E-03
     0.599493545E-03
     0.591080684E-03
     0.586739484E-03
     0.573696308E-03
     0.555850392E-03
     0.561482812E-03
     0.592242733E-03
     0.588517414E-03
     0.577329007E-03
     0.562078062E-03
     0.566884723E-03
     0.562070948E-03
     0.554183290E-03
     0.550113110E-03
     0.537884215E-03
     0.521152428E-03
     0.526433211E-03
     0.555272769E-03
     0.551780006E-03
     0.541290046E-03
     0.526991164E-03
     0.531497761E-03
     0.526984495E-03
     0.519589249E-03
     0.515773166E-03
     0.504307711E-03
     0.488620487E-03
     0.493571590E-03
     0.520610691E-03
     0.517335965E-03
     0.507500847E-03
     0.494094590E-03
     0.498319856E-03
     0.494088338E-03
     0.487154760E-03
     0.483576910E-03
     0.472827228E-03
     0.458119347E-03
     0.462761355E-03
     0.488112416E-03
     0.485042117E-03
     0.475820959E-03
     0.463251599E-03
     0.467213098E-03
     0.463245737E-03
     0.456745004E-03
     0.453390512E-03
     0.443311913E-03
     0.429522229E-03
     0.433874440E-03
     0.457642859E-03
     0.454764223E-03
     0.446118697E-03
     0.434333987E-03
     0.438048186E-03
     0.434328491E-03
     0.428233579E-03
     0.425088500E-03
     0.415639085E-03
     0.402710268E-03
     0.406790777E-03
     0.429075368E-03
     0.426376430E-03
     0.418270600E-03
     0.407221554E-03
     0.410703893E-03
     0.407216401E-03
     0.401501974E-03
     0.398553234E-03
     0.389693721E-03
     0.377572023E-03
     0.381397793E-03
     0.402291200E-03
     0.399760742E-03
     0.392160915E-03
     0.381801606E-03
     0.385066559E-03
     0.381796775E-03
     0.376439078E-03
     0.373674419E-03
     0.365367978E-03
     0.354003007E-03
     0.357589944E-03
     0.377179024E-03
     0.374806528E-03
     0.367681116E-03
     0.357968485E-03
     0.361029623E-03
     0.357963956E-03
     0.352940717E-03
     0.350348646E-03
     0.342560749E-03
     0.331905260E-03
     0.335268274E-03
     0.353634461E-03
     0.351410067E-03
     0.344729453E-03
     0.335623128E-03
     0.338493176E-03
     0.335618883E-03
     0.330909223E-03
     0.328478965E-03
     0.321177237E-03
     0.311186935E-03
     0.314340007E-03
     0.331559650E-03
     0.329474112E-03
     0.323210528E-03
     0.314672660E-03
     0.317363547E-03
     0.314668680E-03
     0.310253022E-03
     0.307974475E-03
     0.301128564E-03
     0.291761921E-03
     0.294718157E-03
     0.310862839E-03
     0.308907487E-03
     0.303034900E-03
     0.295030002E-03
     0.297552912E-03
     0.295026270E-03
     0.290886260E-03
     0.288749953E-03
     0.282331402E-03
     0.273549482E-03
     0.276321172E-03
     0.291458002E-03
     0.289624710E-03
     0.284118712E-03
     0.276613512E-03
     0.278978931E-03
     0.276610013E-03
     0.272728443E-03
     0.270725495E-03
     0.264707625E-03
     0.256473923E-03
     0.259072587E-03
     0.273264487E-03
     0.271545636E-03
     0.266383342E-03
     0.259346644E-03
     0.261564405E-03
     0.259343364E-03
     0.255704099E-03
     0.253826186E-03
     0.248183982E-03
     0.240464273E-03
     0.242900713E-03
     0.256206676E-03
     0.254595122E-03
     0.249755075E-03
     0.243157634E-03
     0.245236954E-03
     0.243154558E-03
     0.239742473E-03
     0.237981788E-03
     0.232691798E-03
     0.225453993E-03
     0.227738338E-03
     0.240213672E-03
     0.238702716E-03
     0.234164800E-03
     0.227979195E-03
     0.229928716E-03
     0.227976311E-03
     0.224777222E-03
     0.223126447E-03
     0.218166683E-03
     0.211380698E-03
     0.213522443E-03
     0.225219003E-03
     0.223802365E-03
     0.219547721E-03
     0.213748242E-03
     0.215576067E-03
     0.213745538E-03
     0.210746149E-03
     0.209198423E-03
     0.204548269E-03
     0.198185897E-03
     0.200193944E-03
     0.211160348E-03
     0.209832141E-03
     0.205843085E-03
     0.200405628E-03
     0.202119354E-03
     0.200403093E-03
     0.197590937E-03
     0.196139827E-03
     0.191779955E-03
     0.185814751E-03
     0.187697446E-03
     0.197979277E-03
     0.196733981E-03
     0.192993933E-03
     0.187895899E-03
     0.189502649E-03
     0.187893522E-03
     0.185256912E-03
     0.183896385E-03
     0.179808674E-03
     0.174215844E-03
     0.175981013E-03
     0.185621007E-03
     0.184453446E-03
     0.180946862E-03
     0.176167062E-03
     0.177673514E-03
     0.176164834E-03
     0.173692810E-03
     0.172417213E-03
     0.168584672E-03
     0.163340969E-03
     0.164995949E-03
     0.174034175E-03
     0.172939496E-03
     0.169651802E-03
     0.165170371E-03
     0.166582786E-03
     0.165168282E-03
     0.162850570E-03
     0.161654600E-03
     0.158061301E-03
     0.153144931E-03
     0.154696600E-03
     0.163170624E-03
     0.162144277E-03
     0.159061810E-03
     0.154860122E-03
     0.156184370E-03
     0.154858164E-03
     0.152685131E-03
     0.151563818E-03
     0.148194825E-03
     0.143585353E-03
     0.145040161E-03
     0.152985204E-03
     0.152022925E-03
     0.149132873E-03
     0.145193465E-03
     0.146435050E-03
     0.145191629E-03
     0.143154244E-03
     0.142102927E-03
     0.138944238E-03
     0.134622506E-03
     0.135986500E-03
     0.143435584E-03
     0.142533372E-03
     0.139823724E-03
     0.136130225E-03
     0.137294307E-03
     0.136128503E-03
     0.134218298E-03
     0.133232607E-03
     0.130271094E-03
     0.126219139E-03
     0.127497988E-03
     0.134482074E-03
     0.133636180E-03
     0.131095675E-03
     0.127632733E-03
     0.128724150E-03
     0.127631119E-03
     0.125840154E-03
     0.124915994E-03
     0.122139347E-03
     0.118340329E-03
     0.119539347E-03
     0.126087463E-03
     0.125294372E-03
     0.122912451E-03
     0.119665674E-03
     0.120688962E-03
     0.119664161E-03
     0.117984993E-03
     0.117118521E-03
     0.114515202E-03
     0.110953330E-03
     0.112077502E-03
     0.118216863E-03
     0.117473279E-03
     0.115240043E-03
     0.112195937E-03
     0.113155349E-03
     0.112194518E-03
     0.110620169E-03
     0.109807785E-03
     0.107366972E-03
     0.104027443E-03
     0.105081441E-03
     0.110837564E-03
     0.110140396E-03
     0.108046563E-03
     0.105192477E-03
     0.106092000E-03
     0.105191147E-03
     0.103715072E-03
     0.102953399E-03
     0.100664949E-03
     0.975338834E-04
     0.985220872E-04
     0.103918896E-03
     0.103265247E-03
     0.101302115E-03
     0.986261880E-04
     0.994695608E-04
     0.986249408E-04
     0.972410062E-04
     0.965268791E-04
     0.943812798E-04
     0.914456642E-04
     0.923721815E-04
     0.974321063E-04
     0.968192588E-04
     0.949786698E-04
     0.924697798E-04
     0.932605076E-04
     0.924686105E-04
     0.911710645E-04
     0.905015150E-04
     0.884898496E-04
     0.857374832E-04
     0.866061647E-04
     0.913502349E-04
     0.907756426E-04
     0.890499468E-04
     0.866976670E-04
     0.874390358E-04
     0.866965707E-04
     0.854800205E-04
     0.848522660E-04
     0.829661738E-04
     0.803856173E-04
     0.812000734E-04
     0.856480061E-04
     0.851092810E-04
     0.834913064E-04
     0.812858606E-04
     0.819809517E-04
     0.812848328E-04
     0.801442224E-04
     0.795556539E-04
     0.777872961E-04
     0.753678245E-04
     0.761314401E-04
     0.803017215E-04
     0.797966245E-04
     0.782796470E-04
     0.762118695E-04
     0.768635716E-04
     0.762109058E-04
     0.751414949E-04
     0.745896662E-04
     0.729316934E-04
     0.706632512E-04
     0.713792000E-04
     0.752891620E-04
     0.748155942E-04
     0.733933092E-04
     0.714546063E-04
     0.720656279E-04
     0.714537028E-04
     0.704510468E-04
     0.699336645E-04
     0.683791862E-04
     0.662523455E-04
     0.669236031E-04
     0.705894958E-04
     0.701454889E-04
     0.688119855E-04
     0.669943001E-04
     0.675671805E-04
     0.669934530E-04
     0.660533849E-04
     0.655682987E-04
     0.641108544E-04
     0.621167760E-04
     0.627461321E-04
     0.661831912E-04
     0.657669000E-04
     0.645166363E-04
     0.628124141E-04
     0.633495343E-04
     0.628116199E-04
     0.619302327E-04
     0.614754267E-04
     0.601089592E-04
     0.582393556E-04
     0.588294259E-04
     0.620519360E-04
     0.616616304E-04
     0.604894103E-04
     0.588915688E-04
     0.593951609E-04
     0.588908241E-04
     0.580644549E-04
     0.576380388E-04
     0.563568690E-04
     0.546039702E-04
     0.551572070E-04
     0.581785609E-04
     0.578126189E-04
     0.567135707E-04
     0.552154693E-04
     0.556876263E-04
     0.552147711E-04
     0.544399854E-04
     0.540401870E-04
     0.528389905E-04
     0.511955114E-04
     0.517142139E-04
     0.545469685E-04
     0.542038691E-04
     0.531734254E-04
     0.517688380E-04
     0.522115222E-04
     0.517681834E-04
     0.510417613E-04
     0.506669192E-04
     0.495407037E-04
     0.479998139E-04
     0.484861380E-04
     0.511420661E-04
     0.508203836E-04
     0.498542618E-04
     0.485373512E-04
     0.489524022E-04
     0.485367374E-04
     0.478556600E-04
     0.475042162E-04
     0.464483013E-04
     0.450035969E-04
     0.454595636E-04
     0.479497034E-04
     0.476481008E-04
     0.467422859E-04
     0.455075790E-04
     0.458967218E-04
     0.455070036E-04
     0.448684402E-04
     0.445389342E-04
     0.435489314E-04
     0.421944083E-04
     0.426219127E-04
     0.449566130E-04
     0.446738369E-04
     0.438245644E-04
     0.426669300E-04
     0.430317819E-04
     0.426663905E-04
     0.420676873E-04
     0.417587497E-04
     0.408305448E-04
     0.395605736E-04
     0.399613923E-04
     0.421503561E-04
     0.418852314E-04
     0.410889718E-04
     0.400035987E-04
     0.403456760E-04
     0.400030929E-04
     0.394417618E-04
     0.391521087E-04
     0.382818440E-04
     0.370911467E-04
     0.374669456E-04
     0.395192702E-04
     0.392706949E-04
     0.385241391E-04
     0.375065167E-04
     0.378272410E-04
     0.375060425E-04
     0.369797507E-04
     0.367081781E-04
     0.358922369E-04
     0.347758652E-04
     0.351282060E-04
     0.370524207E-04
     0.368193619E-04
     0.361194072E-04
     0.351653064E-04
     0.354660106E-04
     0.351648617E-04
     0.346714219E-04
     0.344168014E-04
     0.336517927E-04
     0.326051068E-04
     0.329354539E-04
     0.347395557E-04
     0.345210448E-04
     0.338647823E-04
     0.329702379E-04
     0.332521717E-04
     0.329698210E-04
     0.325071826E-04
     0.322684559E-04
     0.315512003E-04
     0.305698504E-04
     0.308795766E-04
     0.325710632E-04
     0.323661920E-04
     0.317508944E-04
     0.309121889E-04
     0.311765239E-04
     0.309117980E-04
     0.304780382E-04
     0.302542132E-04
     0.295817299E-04
     0.286616376E-04
     0.289520301E-04
     0.305379312E-04
     0.303458484E-04
     0.297689586E-04
     0.289826063E-04
     0.292304411E-04
     0.289822398E-04
     0.285755559E-04
     0.283657025E-04
     0.277351967E-04
     0.268725381E-04
     0.271448039E-04
     0.286317103E-04
     0.284516176E-04
     0.279107381E-04
     0.271734710E-04
     0.274058356E-04
     0.271731274E-04
     0.267918294E-04
     0.265950754E-04
     0.260039268E-04
     0.251951167E-04
     0.254503872E-04
     0.268444785E-04
     0.266756274E-04
     0.261685103E-04
     0.254772646E-04
     0.256951246E-04
     0.254769424E-04
     0.251194456E-04
     0.249349733E-04
     0.243807251E-04
     0.236224023E-04
     0.238617384E-04
     0.251688082E-04
     0.250104970E-04
     0.245350349E-04
     0.238869378E-04
     0.240911987E-04
     0.238866357E-04
     0.235514544E-04
     0.233784971E-04
     0.228588460E-04
     0.221478589E-04
     0.223722552E-04
     0.235977356E-04
     0.234493065E-04
     0.230035234E-04
     0.223958814E-04
     0.225873920E-04
     0.223955982E-04
     0.220813394E-04
     0.219191784E-04
     0.214319646E-04
     0.207653585E-04
     0.209757476E-04
     0.221247316E-04
     0.219855676E-04
     0.215676110E-04
     0.209978988E-04
     0.211774551E-04
     0.209976333E-04
     0.207029910E-04
     0.205509523E-04
     0.200941512E-04
     0.194691556E-04
     0.196664120E-04
     0.207436746E-04
     0.206131974E-04
     0.202213301E-04
     0.196871802E-04
     0.198555284E-04
     0.196869313E-04
     0.194106810E-04
     0.192681328E-04
     0.188398459E-04
     0.182538635E-04
     0.184388068E-04
     0.194488250E-04
     0.193264924E-04
     0.189590860E-04
     0.184582785E-04
     0.186161181E-04
     0.184580451E-04
     0.181990388E-04
     0.180653886E-04
     0.176638360E-04
     0.171144315E-04
     0.172878304E-04
     0.182348018E-04
     0.181201053E-04
     0.177756329E-04
     0.173060865E-04
     0.174540735E-04
     0.173058677E-04
     0.170630289E-04
     0.169377214E-04
     0.165612343E-04
     0.160461244E-04
     0.162086995E-04
     0.170965595E-04
     0.169890225E-04
     0.166660526E-04
     0.162258159E-04
     0.163645654E-04
     0.162256107E-04
     0.159979302E-04
     0.158804446E-04
     0.155274584E-04
     0.150445025E-04
     0.151969293E-04
     0.160293678E-04
     0.159285434E-04
     0.156257337E-04
     0.152129772E-04
     0.153430657E-04
     0.152127848E-04
     0.149993165E-04
     0.148891645E-04
     0.145582122E-04
     0.141054031E-04
     0.142483152E-04
     0.150287916E-04
     0.149342609E-04
     0.146503530E-04
     0.142633612E-04
     0.143853295E-04
     0.142631809E-04
     0.140630375E-04
     0.139597614E-04
     0.136494676E-04
     0.132249235E-04
     0.133589149E-04
     0.140906728E-04
     0.140020428E-04
     0.137358568E-04
     0.133730216E-04
     0.134873764E-04
     0.133728525E-04
     0.131852024E-04
     0.130883728E-04
     0.127974480E-04
     0.123994046E-04
     0.125250320E-04
     0.132111126E-04
     0.131280150E-04
     0.128784446E-04
     0.125382581E-04
     0.126454747E-04
     0.125380995E-04
     0.123621628E-04
     0.122713775E-04
     0.119986126E-04
     0.116254156E-04
     0.117432012E-04
     0.123864557E-04
     0.123085451E-04
     0.120745533E-04
     0.117556016E-04
     0.118561257E-04
     0.117554530E-04
     0.115904985E-04
     0.115053801E-04
     0.112496416E-04
     0.108997400E-04
     0.110101733E-04
     0.116132749E-04
     0.115402276E-04
     0.113208419E-04
     0.110217996E-04
     0.111160488E-04
     0.110216602E-04
     0.108670024E-04
     0.107871973E-04
     0.105474223E-04
     0.102193621E-04
     0.103229019E-04
     0.108883571E-04
     0.108198695E-04
     0.106141781E-04
     0.103338024E-04
     0.104221685E-04
     0.103336718E-04
     0.101886679E-04
     0.101138443E-04
     0.988903640E-05
     0.958145417E-05
     0.967853092E-05
     0.102086896E-04
     0.101444771E-04
     0.995162520E-05
     0.968875096E-05
     0.977160108E-05
     0.968862846E-05
     0.955267590E-05
     0.948252290E-05
     0.927174781E-05
     0.898336528E-05
     0.907438238E-05
     0.957144781E-05
     0.951124354E-05
     0.933042971E-05
     0.908396442E-05
     0.916164293E-05
     0.908384956E-05
     0.895638334E-05
     0.889060939E-05
     0.869299117E-05
     0.842260987E-05
     0.850794555E-05
     0.897398348E-05
     0.891753724E-05
     0.874801004E-05
     0.851692943E-05
     0.858975914E-05
     0.851682174E-05
     0.839731213E-05
     0.833564387E-05
     0.815036125E-05
     0.789685751E-05
     0.797686642E-05
     0.841381364E-05
     0.836089084E-05
     0.820194575E-05
     0.798528948E-05
     0.805357307E-05
     0.798518852E-05
     0.787313886E-05
     0.781532001E-05
     0.764160297E-05
     0.740392328E-05
     0.747893793E-05
     0.788861031E-05
     0.783899102E-05
     0.768996748E-05
     0.748683518E-05
     0.755085642E-05
     0.748674052E-05
     0.738168514E-05
     0.732747543E-05
     0.716460203E-05
     0.694175863E-05
     0.701209076E-05
     0.739619084E-05
     0.734966885E-05
     0.720994755E-05
     0.701949502E-05
     0.707951998E-05
     0.701940627E-05
     0.692090859E-05
     0.687008271E-05
     0.671737609E-05
     0.650844287E-05
     0.657438478E-05
     0.693450882E-05
     0.689089079E-05
     0.675989107E-05
     0.658132683E-05
     0.663760495E-05
     0.658124362E-05
     0.648889429E-05
     0.644124103E-05
     0.629806656E-05
     0.610217522E-05
     0.616400095E-05
     0.650164557E-05
     0.646075023E-05
     0.633792768E-05
     0.617050965E-05
     0.622327481E-05
     0.617043163E-05
     0.608384686E-05
     0.603916818E-05
     0.590493085E-05
     0.572126730E-05
     0.577923379E-05
     0.609580219E-05
     0.605745959E-05
     0.594230377E-05
     0.578533619E-05
     0.583480769E-05
     0.578526304E-05
     0.570408300E-05
     0.566219323E-05
     0.553633516E-05
     0.536413614E-05
     0.541848427E-05
     0.571529206E-05
     0.567934286E-05
     0.557137521E-05
     0.542420574E-05
     0.547058916E-05
     0.542413715E-05
     0.534802448E-05
     0.530874952E-05
     0.519074767E-05
     0.502929754E-05
     0.508025319E-05
     0.535853385E-05
     0.532482864E-05
     0.522360047E-05
     0.508561750E-05
     0.512910561E-05
     0.508555320E-05
     0.501419157E-05
     0.497736821E-05
     0.486673219E-05
     0.471535998E-05
     0.476313492E-05
     0.502404493E-05
     0.499244364E-05
     0.489753426E-05
     0.476816436E-05
     0.480893789E-05
     0.476810407E-05
     0.470119693E-05
     0.466667213E-05
     0.456294215E-05
     0.442101879E-05
     0.446581156E-05
     0.471043523E-05
     0.468080653E-05
     0.459182151E-05
     0.447052704E-05
     0.450875544E-05
     0.447047052E-05
     0.440773981E-05
     0.437537008E-05
     0.427811507E-05
     0.414505074E-05
     0.418704749E-05
     0.441640143E-05
     0.438862220E-05
     0.430519173E-05
     0.419146861E-05
     0.422731074E-05
     0.419141562E-05
     0.413260064E-05
     0.410225147E-05
     0.401106724E-05
     0.388630896E-05
     0.392568421E-05
     0.414072159E-05
     0.411467637E-05
     0.403645373E-05
     0.392982936E-05
     0.396343418E-05
     0.392977967E-05
     0.387463599E-05
     0.384618126E-05
     0.376068886E-05
     0.364371816E-05
     0.368063556E-05
     0.388225003E-05
     0.385783058E-05
     0.378449070E-05
     0.368452195E-05
     0.371602911E-05
     0.368447536E-05
     0.363277382E-05
     0.360609527E-05
     0.352593942E-05
     0.341627018E-05
     0.345088314E-05
     0.363991258E-05
     0.361701742E-05
     0.354825550E-05
     0.345452693E-05
     0.348406738E-05
     0.345448325E-05
     0.340600898E-05
     0.338099574E-05
     0.330584332E-05
     0.320301977E-05
     0.323547215E-05
     0.341270213E-05
     0.339123612E-05
     0.332676640E-05
     0.323888848E-05
     0.326658498E-05
     0.323884753E-05
     0.319339909E-05
     0.316994720E-05
     0.309948589E-05
     0.300308072E-05
     0.303350738E-05
     0.319967443E-05
     0.317954836E-05
     0.311910292E-05
     0.303671045E-05
     0.306267810E-05
     0.303667205E-05
     0.299406056E-05
     0.297207257E-05
     0.290600955E-05
     0.281562211E-05
     0.284414950E-05
     0.299994419E-05
     0.298107441E-05
     0.292440205E-05
     0.284715262E-05
     0.287149933E-05
     0.284711662E-05
     0.280716499E-05
     0.278654952E-05
     0.272461023E-05
     0.263986489E-05
     0.266661157E-05
     0.281268136E-05
     0.279498945E-05
     0.274185465E-05
     0.266942722E-05
     0.269225418E-05
     0.266939347E-05
     0.263193567E-05
     0.261260704E-05
     0.255453408E-05
     0.247507866E-05
     0.250015577E-05
     0.263710770E-05
     0.262052014E-05
     0.257070208E-05
     0.250279566E-05
     0.252419773E-05
     0.250276401E-05
     0.246764438E-05
     0.244952227E-05
     0.239507430E-05
     0.232057858E-05
     0.234409035E-05
     0.247249356E-05
     0.245694142E-05
     0.241023306E-05
     0.234656544E-05
     0.236663158E-05
     0.234653577E-05
     0.231360835E-05
     0.229661745E-05
     0.224556818E-05
     0.217572258E-05
     0.219776672E-05
     0.231815484E-05
     0.230357348E-05
     0.225978072E-05
     0.220008731E-05
     0.221890089E-05
     0.220005949E-05
     0.216918744E-05
     0.215325713E-05
     0.210539442E-05
     0.203990868E-05
     0.206057679E-05
     0.217345013E-05
     0.215977896E-05
     0.211871979E-05
     0.206275252E-05
     0.208039173E-05
     0.206272644E-05
     0.203378146E-05
     0.201884554E-05
     0.197397048E-05
     0.191257244E-05
     0.193195042E-05
     0.203777806E-05
     0.202496026E-05
     0.198646406E-05
     0.193399033E-05
     0.195052848E-05
     0.193396588E-05
     0.190682768E-05
     0.189282408E-05
     0.185075018E-05
     0.179318468E-05
     0.181135306E-05
     0.191057481E-05
     0.189855711E-05
     0.186246389E-05
     0.181326564E-05
     0.182877146E-05
     0.181324271E-05
     0.178779851E-05
     0.177466904E-05
     0.173522144E-05
     0.168124925E-05
     0.169828354E-05
     0.179131174E-05
     0.178004421E-05
     0.174620397E-05
     0.170007673E-05
     0.171461466E-05
     0.170005523E-05
     0.167619929E-05
     0.166388937E-05
     0.162690415E-05
     0.157630097E-05
     0.159227196E-05
     0.167949322E-05
     0.166892902E-05
     0.163720113E-05
     0.159395321E-05
     0.160758366E-05
     0.159393305E-05
     0.157156623E-05
     0.156002471E-05
     0.152534815E-05
     0.147790369E-05
     0.149287775E-05
     0.157465455E-05
     0.156474977E-05
     0.153500238E-05
     0.149445404E-05
     0.150723367E-05
     0.149443515E-05
     0.147346449E-05
     0.146264341E-05
     0.143013140E-05
     0.138564849E-05
     0.139968784E-05
     0.147636003E-05
     0.146707352E-05
     0.143918300E-05
     0.140116574E-05
     0.141314764E-05
     0.140114802E-05
     0.138148638E-05
     0.137134076E-05
     0.134085820E-05
     0.129915196E-05
     0.131231497E-05
     0.138420118E-05
     0.137549435E-05
     0.134934478E-05
     0.131370061E-05
     0.132493458E-05
     0.131368400E-05
     0.129524966E-05
     0.128573734E-05
     0.125715754E-05
     0.121805466E-05
     0.123039601E-05
     0.129779499E-05
     0.128963165E-05
     0.126511437E-05
     0.123169515E-05
     0.124222789E-05
     0.123167958E-05
     0.121439593E-05
     0.120547739E-05
     0.117868157E-05
     0.114201954E-05
     0.115359053E-05
     0.121678238E-05
     0.120912861E-05
     0.118614173E-05
     0.115480858E-05
     0.116468385E-05
     0.115479397E-05
     0.113858920E-05
     0.113022736E-05
     0.110510417E-05
     0.107073063E-05
     0.108157935E-05
     0.114082668E-05
     0.113365066E-05
     0.111209865E-05
     0.108272135E-05
     0.109198020E-05
     0.108270766E-05
     0.106751441E-05
     0.105967453E-05
     0.103611956E-05
     0.100389166E-05
     0.101406319E-05
     0.106961223E-05
     0.106288414E-05
     0.104267743E-05
     0.101513390E-05
     0.102381480E-05
     0.101512107E-05
     0.100087620E-05
     0.993525689E-06
     0.971441054E-06
     0.941224864E-06
     0.950761466E-06
     0.100284306E-05
     0.996534956E-06
     0.977589573E-06
     0.951765344E-06
     0.959904369E-06
     0.951753310E-06
     0.938397619E-06
     0.931505941E-06
     0.910799858E-06
     0.882469800E-06
     0.891411115E-06
     0.940241711E-06
     0.934327364E-06
     0.916564575E-06
     0.892352326E-06
     0.899983303E-06
     0.892341043E-06
     0.879819032E-06
     0.873357541E-06
     0.853943958E-06
     0.827382299E-06
     0.835765486E-06
     0.881548012E-06
     0.876002846E-06
     0.859348832E-06
     0.836647940E-06
     0.843802583E-06
     0.836637362E-06
     0.824896990E-06
     0.818838834E-06
     0.800637071E-06
     0.775733427E-06
     0.783593323E-06
     0.826518045E-06
     0.821319015E-06
     0.805704564E-06
     0.784420690E-06
     0.791128731E-06
     0.784410772E-06
     0.773403249E-06
     0.767723251E-06
     0.750657666E-06
     0.727308539E-06
     0.734677811E-06
     0.774923115E-06
     0.770048614E-06
     0.755408836E-06
     0.735453528E-06
     0.741742845E-06
     0.735444229E-06
     0.725123809E-06
     0.719798364E-06
     0.703798035E-06
     0.681906391E-06
     0.688815663E-06
     0.726548803E-06
     0.721978574E-06
     0.708252629E-06
     0.689542955E-06
     0.695439685E-06
     0.689534236E-06
     0.679858031E-06
     0.674865006E-06
     0.659863438E-06
     0.639338300E-06
     0.645816286E-06
     0.681194073E-06
     0.676909124E-06
     0.664039969E-06
     0.646498176E-06
     0.652026824E-06
     0.646490001E-06
     0.637417797E-06
     0.632736443E-06
     0.618671293E-06
     0.599427360E-06
     0.605500982E-06
     0.638670441E-06
     0.634652963E-06
     0.622587116E-06
     0.606140303E-06
     0.611323847E-06
     0.606132639E-06
     0.597626733E-06
     0.593237596E-06
     0.580050410E-06
     0.562007710E-06
     0.567702208E-06
     0.598801185E-06
     0.595034483E-06
     0.583721800E-06
     0.568301618E-06
     0.573161598E-06
     0.568294432E-06
     0.560319476E-06
     0.556204314E-06
     0.543840290E-06
     0.526923839E-06
     0.532262879E-06
     0.561420616E-06
     0.557889036E-06
     0.547282505E-06
     0.532824869E-06
     0.537381484E-06
     0.532818132E-06
     0.525340982E-06
     0.521482695E-06
     0.509890449E-06
     0.494029946E-06
     0.499035715E-06
     0.526373387E-06
     0.523062253E-06
     0.513117794E-06
     0.499562621E-06
     0.503834807E-06
     0.499556305E-06
     0.492545888E-06
     0.488928440E-06
     0.478059798E-06
     0.463189329E-06
     0.467882632E-06
     0.493513849E-06
     0.490409399E-06
     0.481085686E-06
     0.468376643E-06
     0.472382154E-06
     0.468370721E-06
     0.461797904E-06
     0.458406262E-06
     0.448216055E-06
     0.434273821E-06
     0.438674161E-06
     0.462705442E-06
     0.459794776E-06
     0.451053060E-06
     0.439137332E-06
     0.442892813E-06
     0.439131779E-06
     0.432969246E-06
     0.429789314E-06
     0.420235194E-06
     0.407163253E-06
     0.411288918E-06
     0.433820134E-06
     0.431091155E-06
     0.422895107E-06
     0.411723173E-06
     0.415244233E-06
     0.411717967E-06
     0.405940107E-06
     0.402958671E-06
     0.394000932E-06
     0.381744960E-06
     0.385613095E-06
     0.406737881E-06
     0.404179248E-06
     0.396494808E-06
     0.386020240E-06
     0.389321510E-06
     0.386015359E-06
     0.380598160E-06
     0.377802830E-06
     0.369404244E-06
     0.357913307E-06
     0.361539988E-06
     0.381346135E-06
     0.378947215E-06
     0.371742447E-06
     0.361921714E-06
     0.365016915E-06
     0.361917138E-06
     0.356838088E-06
     0.354217246E-06
     0.346342911E-06
     0.335569255E-06
     0.338969553E-06
     0.357539372E-06
     0.355290196E-06
     0.348535158E-06
     0.339327447E-06
     0.342229442E-06
     0.339323157E-06
     0.334561148E-06
     0.332103902E-06
     0.324721095E-06
     0.314619945E-06
     0.317807992E-06
     0.335218657E-06
     0.333109877E-06
     0.326776496E-06
     0.318143542E-06
     0.320864391E-06
     0.318139519E-06
     0.313674761E-06
     0.311370900E-06
     0.304448938E-06
     0.294978316E-06
     0.297967360E-06
     0.314291227E-06
     0.312314079E-06
     0.306376036E-06
     0.298281962E-06
     0.300832972E-06
     0.298278190E-06
     0.294092128E-06
     0.291932077E-06
     0.285442193E-06
     0.276562742E-06
     0.279365205E-06
     0.294670112E-06
     0.292816381E-06
     0.287248997E-06
     0.279660165E-06
     0.282051938E-06
     0.279656629E-06
     0.275731866E-06
     0.273706649E-06
     0.267621873E-06
     0.259296690E-06
     0.261924219E-06
     0.276273771E-06
     0.274535752E-06
     0.269315891E-06
     0.262200763E-06
     0.264443238E-06
     0.262197448E-06
     0.258517674E-06
     0.256618874E-06
     0.250913918E-06
     0.243108405E-06
     0.245571921E-06
     0.259025752E-06
     0.257396222E-06
     0.252502191E-06
     0.245831198E-06
     0.247933696E-06
     0.245828090E-06
     0.242378013E-06
     0.240597738E-06
     0.235248894E-06
     0.227930613E-06
     0.230240352E-06
     0.242854375E-06
     0.241326562E-06
     0.236738022E-06
     0.230483442E-06
     0.232454698E-06
     0.230480527E-06
     0.227245809E-06
     0.225576661E-06
     0.220561700E-06
     0.213700237E-06
     0.215865798E-06
     0.227692435E-06
     0.226259990E-06
     0.221957872E-06
     0.216093710E-06
     0.217941918E-06
     0.216090978E-06
     0.213058175E-06
     0.211493218E-06
     0.206791298E-06
     0.200358138E-06
     0.202388522E-06
     0.213476921E-06
     0.212133891E-06
     0.208100317E-06
     0.202602203E-06
     0.204335044E-06
     0.202599641E-06
     0.199756150E-06
     0.198288880E-06
     0.193880461E-06
     0.187848869E-06
     0.189752513E-06
     0.200148757E-06
     0.198889561E-06
     0.195107767E-06
     0.189952852E-06
     0.191577527E-06
     0.189950450E-06
     0.187284454E-06
     0.185908773E-06
     0.181775534E-06
     0.176120444E-06
     0.177905259E-06
     0.187652553E-06
     0.186471957E-06
     0.182926227E-06
     0.178093089E-06
     0.179616349E-06
     0.178090837E-06
     0.175591256E-06
     0.174301447E-06
     0.170426211E-06
     0.165124121E-06
     0.166797525E-06
     0.175936377E-06
     0.174829475E-06
     0.171505074E-06
     0.166973626E-06
     0.168401803E-06
     0.166971515E-06
     0.164627961E-06
     0.163418664E-06
     0.159785326E-06
     0.154814201E-06
     0.156383149E-06
     0.164951539E-06
     0.163913731E-06
     0.160796843E-06
     0.156548254E-06
     0.157887282E-06
     0.156546274E-06
     0.154349008E-06
     0.153215198E-06
     0.149808659E-06
     0.145147839E-06
     0.146618851E-06
     0.154652387E-06
     0.153679361E-06
     0.150757033E-06
     0.146773646E-06
     0.148029090E-06
     0.146771790E-06
     0.144711681E-06
     0.143648644E-06
     0.140454747E-06
     0.136084864E-06
     0.137464052E-06
     0.144996121E-06
     0.144083832E-06
     0.141343919E-06
     0.137609180E-06
     0.138786258E-06
     0.137607440E-06
     0.135675926E-06
     0.134679246E-06
     0.131684717E-06
     0.127587610E-06
     0.128880706E-06
     0.135942611E-06
     0.135087268E-06
     0.132518384E-06
     0.129016772E-06
     0.130120375E-06
     0.129015141E-06
     0.127204194E-06
     0.126269729E-06
     0.123462123E-06
     0.119620764E-06
     0.120833144E-06
     0.127454232E-06
     0.126652280E-06
     0.124243749E-06
     0.120960712E-06
     0.121995427E-06
     0.120959183E-06
     0.119261278E-06
     0.118385144E-06
     0.115752793E-06
     0.112151219E-06
     0.113287920E-06
     0.119495707E-06
     0.118743815E-06
     0.116485626E-06
     0.113407521E-06
     0.114377648E-06
     0.113406087E-06
     0.111814169E-06
     0.110992724E-06
     0.108524689E-06
     0.105147932E-06
     0.106213678E-06
     0.112033963E-06
     0.111329005E-06
     0.109211776E-06
     0.106325810E-06
     0.107235379E-06
     0.106324465E-06
     0.104831917E-06
     0.104061748E-06
     0.101747772E-06
     0.985817987E-07
     0.995810181E-07
     0.105037991E-06
     0.104377036E-06
     0.102391967E-06
     0.996861470E-07
     0.100538940E-06
     0.996848863E-07
     0.982855052E-07
     0.975634117E-07
     0.953938785E-07
     0.924255311E-07
     0.933623773E-07
     0.984787151E-07
     0.978590183E-07
     0.959978593E-07
     0.934609400E-07
     0.942605006E-07
     0.934597580E-07
     0.921477286E-07
     0.914707095E-07
     0.894366025E-07
     0.866535452E-07
     0.875319115E-07
     0.923288772E-07
     0.917478627E-07
     0.900028794E-07
     0.876243180E-07
     0.883739689E-07
     0.876232098E-07
     0.863930793E-07
     0.857583210E-07
     0.838511867E-07
     0.812418536E-07
     0.820653904E-07
     0.865629197E-07
     0.860181728E-07
     0.843821134E-07
     0.821520249E-07
     0.828548816E-07
     0.821509859E-07
     0.809976422E-07
     0.804025067E-07
     0.786144194E-07
     0.761679663E-07
     0.769400961E-07
     0.811568802E-07
     0.806461370E-07
     0.791122024E-07
     0.770213190E-07
     0.776803024E-07
     0.770203448E-07
     0.759389948E-07
     0.753810088E-07
     0.737045374E-07
     0.714107971E-07
     0.721347289E-07
     0.760882921E-07
     0.756094301E-07
     0.741712455E-07
     0.722108778E-07
     0.728287266E-07
     0.722099645E-07
     0.711961142E-07
     0.706729588E-07
     0.691011361E-07
     0.669505762E-07
     0.676293185E-07
     0.713360915E-07
     0.708871206E-07
     0.695387092E-07
     0.677007103E-07
     0.682799920E-07
     0.676998540E-07
     0.667492900E-07
     0.662587910E-07
     0.647850846E-07
     0.627687676E-07
     0.634051412E-07
     0.668805289E-07
     0.664595833E-07
     0.651953413E-07
     0.634720728E-07
     0.640151949E-07
     0.634712699E-07
     0.625800419E-07
     0.621201608E-07
     0.607384463E-07
     0.588479925E-07
     0.594446422E-07
     0.627030879E-07
     0.623084182E-07
     0.611230917E-07
     0.595073919E-07
     0.600166116E-07
     0.595066392E-07
     0.586710432E-07
     0.582398689E-07
     0.569444041E-07
     0.551719570E-07
     0.557313622E-07
     0.587864078E-07
     0.584163739E-07
     0.573050368E-07
     0.557901912E-07
     0.562676247E-07
     0.557894855E-07
     0.550060490E-07
     0.546017896E-07
     0.533871905E-07
     0.517253840E-07
     0.522498697E-07
     0.551142116E-07
     0.547672756E-07
     0.537253095E-07
     0.523050227E-07
     0.527526541E-07
     0.523043610E-07
     0.515698281E-07
     0.511908035E-07
     0.500520225E-07
     0.484939503E-07
     0.489856962E-07
     0.516712383E-07
     0.513459584E-07
     0.503690331E-07
     0.490374025E-07
     0.494570921E-07
     0.490367822E-07
     0.483481003E-07
     0.479927353E-07
     0.469250397E-07
     0.454642265E-07
     0.459252763E-07
     0.484431796E-07
     0.481382040E-07
     0.472222595E-07
     0.459737512E-07
     0.463672431E-07
     0.459731696E-07
     0.453274766E-07
     0.449942943E-07
     0.439932469E-07
     0.426236218E-07
     0.430558915E-07
     0.454166201E-07
     0.451306815E-07
     0.442719113E-07
     0.431013367E-07
     0.434702662E-07
     0.431007914E-07
     0.424954039E-07
     0.421830197E-07
     0.412444602E-07
     0.399603311E-07
     0.403656171E-07
     0.425789822E-07
     0.423108922E-07
     0.415057274E-07
     0.404082218E-07
     0.407541222E-07
     0.404077105E-07
     0.398401126E-07
     0.395472282E-07
     0.386672561E-07
     0.374632861E-07
     0.378432730E-07
     0.399184730E-07
     0.396671175E-07
     0.389122121E-07
     0.378832143E-07
     0.382075231E-07
     0.378827350E-07
     0.373505678E-07
     0.370759660E-07
     0.362509241E-07
     0.351221098E-07
     0.354783766E-07
     0.374240361E-07
     0.371883705E-07
     0.364805871E-07
     0.355158209E-07
     0.358198858E-07
     0.355153715E-07
     0.350164234E-07
     0.347589630E-07
     0.339854226E-07
     0.329270725E-07
     0.332610999E-07
     0.350853049E-07
     0.348643498E-07
     0.342007471E-07
     0.332962030E-07
     0.335812877E-07
     0.332957817E-07
     0.328279791E-07
     0.325865901E-07
     0.318613363E-07
     0.308690521E-07
     0.311822283E-07
     0.328925602E-07
     0.326853973E-07
     0.320632174E-07
     0.312151364E-07
     0.314824256E-07
     0.312147414E-07
     0.307761401E-07
     0.305498194E-07
     0.298698382E-07
     0.289394958E-07
     0.292331224E-07
     0.308366892E-07
     0.306424577E-07
     0.300591150E-07
     0.292639725E-07
     0.295145770E-07
     0.292636021E-07
     0.288523795E-07
     0.286401864E-07
     0.280026517E-07
     0.271303848E-07
     0.274056820E-07
     0.289091482E-07
     0.287270408E-07
     0.281801111E-07
     0.274346026E-07
     0.276695640E-07
     0.274342554E-07
     0.270487023E-07
     0.268497550E-07
     0.262520173E-07
     0.254342007E-07
     0.256923127E-07
     0.271019267E-07
     0.269311866E-07
     0.264183968E-07
     0.257194242E-07
     0.259397189E-07
     0.257190987E-07
     0.253576128E-07
     0.251710845E-07
     0.246106597E-07
     0.238438944E-07
     0.240858940E-07
     0.254075141E-07
     0.252474318E-07
     0.247666510E-07
     0.241113093E-07
     0.243178528E-07
     0.241110041E-07
     0.237720832E-07
     0.235971986E-07
     0.230717575E-07
     0.223528570E-07
     0.225797500E-07
     0.238188688E-07
     0.236687791E-07
     0.232180091E-07
     0.226035749E-07
     0.227972256E-07
     0.226032888E-07
     0.222855243E-07
     0.221215566E-07
     0.216289156E-07
     0.209548920E-07
     0.211676212E-07
     0.223293887E-07
     0.221886677E-07
     0.217660353E-07
     0.211899551E-07
     0.213715178E-07
     0.211896869E-07
     0.208917582E-07
     0.207380261E-07
     0.202761376E-07
     0.196441897E-07
     0.198436393E-07
     0.209328838E-07
     0.208009467E-07
     0.204046955E-07
     0.198645752E-07
     0.200348044E-07
     0.198643238E-07
     0.195849927E-07
     0.194408571E-07
     0.190078016E-07
     0.184153031E-07
     0.186023020E-07
     0.196235504E-07
     0.194998490E-07
     0.191283322E-07
     0.186219272E-07
     0.187815303E-07
     0.186216914E-07
     0.183597971E-07
     0.182246591E-07
     0.178186368E-07
     0.172631250E-07
     0.174384504E-07
     0.183959472E-07
     0.182799674E-07
     0.179316411E-07
     0.174568468E-07
     0.176064872E-07
     0.174566258E-07
     0.172110798E-07
     0.170843777E-07
     0.167037011E-07
     0.161828674E-07
     0.163472480E-07
     0.172449725E-07
     0.171362323E-07
     0.168096489E-07
     0.163644921E-07
     0.165047917E-07
     0.163642849E-07
     0.161340668E-07
     0.160152740E-07
     0.156583610E-07
     0.151700407E-07
     0.153241597E-07
     0.161658431E-07
     0.160638906E-07
     0.157576929E-07
     0.153403236E-07
     0.154718653E-07
     0.153401293E-07
     0.151242823E-07
     0.150129051E-07
     0.146782724E-07
     0.142204360E-07
     0.143649339E-07
     0.151540743E-07
     0.150584858E-07
     0.147714013E-07
     0.143800850E-07
     0.145034156E-07
     0.143799028E-07
     0.141775298E-07
     0.140731054E-07
     0.137593622E-07
     0.133301068E-07
     0.134655842E-07
     0.142054614E-07
     0.141158396E-07
     0.138466752E-07
     0.134797857E-07
     0.135954177E-07
     0.134796149E-07
     0.132898748E-07
     0.131919691E-07
     0.128978115E-07
     0.124953531E-07
     0.126223730E-07
     0.133160621E-07
     0.132320345E-07
     0.129796717E-07
     0.126356841E-07
     0.127440981E-07
     0.126355241E-07
     0.124576283E-07
     0.123658344E-07
     0.120900399E-07
     0.117127057E-07
     0.118317961E-07
     0.124821802E-07
     0.124033977E-07
     0.121667877E-07
     0.118442725E-07
     0.119459191E-07
     0.118441224E-07
     0.116773317E-07
     0.115912682E-07
     0.113326904E-07
     0.109789123E-07
     0.110905681E-07
     0.117003503E-07
     0.116264855E-07
     0.114046449E-07
     0.111022618E-07
     0.111975633E-07
     0.111021211E-07
     0.109457423E-07
     0.108650513E-07
     0.106226156E-07
     0.102909231E-07
     0.103956084E-07
     0.109673232E-07
     0.108980691E-07
     0.106900761E-07
     0.104065684E-07
     0.104959209E-07
     0.104064365E-07
     0.102598196E-07
     0.101841659E-07
     0.995686468E-08
     0.964587914E-08
     0.974402907E-08
     0.102800526E-07
     0.102151214E-07
     0.100201115E-07
     0.975430106E-08
     0.983807597E-08
     0.975417741E-08
     0.961671307E-08
     0.954578222E-08
     0.933267077E-08
     0.904109967E-08
     0.913312217E-08
     0.963568231E-08
     0.957480424E-08
     0.939196709E-08
     0.914274912E-08
     0.922129456E-08
     0.914263319E-08
     0.901375012E-08
     0.894724730E-08
     0.874743987E-08
     0.847407135E-08
     0.856034889E-08
     0.903153450E-08
     0.897445649E-08
     0.880303224E-08
     0.856937106E-08
     0.864301347E-08
     0.856926239E-08
     0.844842492E-08
     0.838607373E-08
     0.819873988E-08
     0.794243770E-08
     0.802332889E-08
     0.846509840E-08
     0.841158326E-08
     0.825085950E-08
     0.803178404E-08
     0.810082946E-08
     0.803168216E-08
     0.791838810E-08
     0.785992938E-08
     0.768429049E-08
     0.744398936E-08
     0.751983042E-08
     0.793402001E-08
     0.788384533E-08
     0.773315414E-08
     0.752775394E-08
     0.759248933E-08
     0.752765844E-08
     0.742143691E-08
     0.736662769E-08
     0.720195375E-08
     0.697665487E-08
     0.704776104E-08
     0.743609227E-08
     0.738904955E-08
     0.724776466E-08
     0.705518611E-08
     0.711588050E-08
     0.705509658E-08
     0.695550610E-08
     0.690411859E-08
     0.674972515E-08
     0.653849206E-08
     0.660515889E-08
     0.696924588E-08
     0.692513961E-08
     0.679267389E-08
     0.661211663E-08
     0.666902227E-08
     0.661203271E-08
     0.651865937E-08
     0.647047997E-08
     0.632572532E-08
     0.612768002E-08
     0.619018462E-08
     0.653154071E-08
     0.649018759E-08
     0.636599054E-08
     0.619670420E-08
     0.625005758E-08
     0.619662553E-08
     0.610908125E-08
     0.606390970E-08
     0.592819219E-08
     0.574251148E-08
     0.580111366E-08
     0.612115774E-08
     0.608238592E-08
     0.596594139E-08
     0.580722244E-08
     0.585724529E-08
     0.580714869E-08
     0.572506962E-08
     0.568271817E-08
     0.555547368E-08
     0.538138576E-08
     0.543632911E-08
     0.573639149E-08
     0.570003985E-08
     0.559086392E-08
     0.544205272E-08
     0.548895295E-08
     0.544198359E-08
     0.536502858E-08
     0.532532121E-08
     0.520602084E-08
     0.504280208E-08
     0.509431499E-08
     0.537564294E-08
     0.534156041E-08
     0.523919938E-08
     0.509967748E-08
     0.514364999E-08
     0.509961267E-08
     0.502746188E-08
     0.499023353E-08
     0.487838141E-08
     0.472535335E-08
     0.477364995E-08
     0.503741289E-08
     0.500545783E-08
     0.490948630E-08
     0.477867386E-08
     0.481990141E-08
     0.477861311E-08
     0.471096665E-08
     0.467606259E-08
     0.457119379E-08
     0.442772031E-08
     0.447300137E-08
     0.472029572E-08
     0.469033532E-08
     0.460035446E-08
     0.447770783E-08
     0.451636176E-08
     0.447765089E-08
     0.441422759E-08
     0.438150273E-08
     0.428318135E-08
     0.414866605E-08
     0.419111979E-08
     0.442297355E-08
     0.439488331E-08
     0.431051917E-08
     0.419552863E-08
     0.423176959E-08
     0.419547526E-08
     0.413601151E-08
     0.410532983E-08
     0.401314717E-08
     0.388703087E-08
     0.392683379E-08
     0.414421075E-08
     0.411787394E-08
     0.403877592E-08
     0.393096357E-08
     0.396494218E-08
     0.393091355E-08
     0.387516220E-08
     0.384639615E-08
     0.375996904E-08
     0.364172747E-08
     0.367904503E-08
     0.388284885E-08
     0.385815601E-08
     0.378399540E-08
     0.368291318E-08
     0.371477066E-08
     0.368286629E-08
     0.363059561E-08
     0.360362562E-08
     0.352259479E-08
     0.341173641E-08
     0.344672374E-08
     0.363780166E-08
     0.361465018E-08
     0.354511879E-08
     0.345034660E-08
     0.348021534E-08
     0.345030265E-08
     0.340129537E-08
     0.337600933E-08
     0.330003794E-08
     0.319610189E-08
     0.322890445E-08
     0.340805082E-08
     0.338634448E-08
     0.332115335E-08
     0.323229732E-08
     0.326030146E-08
     0.323225613E-08
     0.318630855E-08
     0.316260135E-08
     0.309137359E-08
     0.299392777E-08
     0.302468193E-08
     0.319264153E-08
     0.317229013E-08
     0.311116834E-08
     0.302785917E-08
     0.305411511E-08
     0.302782057E-08
     0.298474170E-08
     0.296251479E-08
     0.289573456E-08
     0.280437386E-08
     0.283320748E-08
     0.299067859E-08
     0.297159755E-08
     0.291429108E-08
     0.283618255E-08
     0.286079941E-08
     0.283614637E-08
     0.279575715E-08
     0.277491813E-08
     0.271230781E-08
     0.262665239E-08
     0.265368536E-08
     0.280132266E-08
     0.278343269E-08
     0.272970340E-08
     0.265647088E-08
     0.267955096E-08
     0.265643697E-08
     0.261856952E-08
     0.259903175E-08
     0.254033106E-08
     0.246002480E-08
     0.248536951E-08
     0.262378684E-08
     0.260701358E-08
     0.255663819E-08
     0.248797732E-08
     0.250961655E-08
     0.248794554E-08
     0.245244244E-08
     0.243412470E-08
     0.237908961E-08
     0.230379861E-08
     0.232756044E-08
     0.245733330E-08
     0.244160706E-08
     0.239437621E-08
     0.233000163E-08
     0.235028995E-08
     0.232997185E-08
     0.229668552E-08
     0.227951166E-08
     0.222791336E-08
     0.215732458E-08
     0.217960232E-08
     0.230127030E-08
     0.228652572E-08
     0.224224313E-08
     0.218188730E-08
     0.220090903E-08
     0.218185939E-08
     0.215065146E-08
     0.213455008E-08
     0.208617405E-08
     0.201999398E-08
     0.204088028E-08
     0.215494926E-08
     0.214112507E-08
     0.209960672E-08
     0.204301879E-08
     0.206085299E-08
     0.204299264E-08
     0.201373338E-08
     0.199863754E-08
     0.195328264E-08
     0.189123609E-08
     0.191081780E-08
     0.201776212E-08
     0.200480087E-08
     0.196587421E-08
     0.191281899E-08
     0.192953979E-08
     0.191279448E-08
     0.188536226E-08
     0.187120919E-08
     0.182868686E-08
     0.177051582E-08
     0.178887438E-08
     0.188913874E-08
     0.187698656E-08
     0.184048983E-08
     0.179074682E-08
     0.180642370E-08
     0.179072385E-08
     0.176500463E-08
     0.175173548E-08
     0.171186891E-08
     0.165733149E-08
     0.167454322E-08
     0.176854458E-08
     0.175715098E-08
     0.172293250E-08
     0.167629496E-08
     0.169099310E-08
     0.167627344E-08
     0.165216029E-08
     0.163971990E-08
     0.160234332E-08
     0.155121271E-08
     0.156734921E-08
     0.165547849E-08
     0.164479611E-08
     0.161271369E-08
     0.156898777E-08
     0.158276825E-08
     0.156896761E-08
     0.154636029E-08
     0.153469693E-08
     0.149965492E-08
     0.145171847E-08
     0.146684686E-08
     0.154947057E-08
     0.153945503E-08
     0.150937533E-08
     0.146837932E-08
     0.148129941E-08
     0.146836043E-08
     0.144716495E-08
     0.143623010E-08
     0.140337695E-08
     0.135843531E-08
     0.137261850E-08
     0.145008029E-08
     0.144068996E-08
     0.141248799E-08
     0.137405148E-08
     0.138616489E-08
     0.137403378E-08
     0.135416202E-08
     0.134391023E-08
     0.131310931E-08
     0.127097555E-08
     0.128427254E-08
     0.135689459E-08
     0.134809045E-08
     0.132164900E-08
     0.128561224E-08
     0.129696933E-08
     0.128559567E-08
     0.126696500E-08
     0.125735363E-08
     0.122847687E-08
     0.118897572E-08
     0.120144182E-08
     0.126952621E-08
     0.126127167E-08
     0.123648087E-08
     0.120269409E-08
     0.121334204E-08
     0.120267856E-08
     0.118521153E-08
     0.117620061E-08
     0.114912789E-08
     0.111209505E-08
     0.112378213E-08
     0.118761207E-08
     0.117987283E-08
     0.115662964E-08
     0.112495241E-08
     0.113493550E-08
     0.112493786E-08
     0.110856184E-08
     0.110011389E-08
     0.107473263E-08
     0.104001405E-08
     0.105097071E-08
     0.111081175E-08
     0.110355565E-08
     0.108176349E-08
     0.105206413E-08
     0.106142385E-08
     0.105205051E-08
     0.103669740E-08
     0.102877729E-08
     0.100498192E-08
     0.972433148E-09
     0.982704995E-09
     0.103880607E-08
     0.103200296E-08
     0.101157126E-08
     0.983726351E-09
     0.992501609E-09
     0.983713591E-09
     0.969319559E-09
     0.961894341E-09
     0.939585881E-09
     0.909071504E-09
     0.918701270E-09
     0.971295812E-09
     0.964917409E-09
     0.945761276E-09
     0.919655067E-09
     0.927882336E-09
     0.919643117E-09
     0.906148303E-09
     0.899187092E-09
     0.878272745E-09
     0.849665798E-09
     0.858693555E-09
     0.908000401E-09
     0.902020206E-09
     0.884060027E-09
     0.859584013E-09
     0.867297493E-09
     0.859572824E-09
     0.846921108E-09
     0.840394947E-09
     0.820787708E-09
     0.793969152E-09
     0.802432470E-09
     0.848656801E-09
     0.843049963E-09
     0.826211102E-09
     0.803263548E-09
     0.810495303E-09
     0.803253071E-09
     0.791391839E-09
     0.785273578E-09
     0.766891877E-09
     0.741750106E-09
     0.749684209E-09
     0.793018393E-09
     0.787761613E-09
     0.771974094E-09
     0.750459618E-09
     0.757239708E-09
     0.750449808E-09
     0.739329731E-09
     0.733593915E-09
     0.716361272E-09
     0.692791648E-09
     0.700229563E-09
     0.740853956E-09
     0.735925390E-09
     0.721123607E-09
     0.700952781E-09
     0.707309393E-09
     0.700943598E-09
     0.690518425E-09
     0.685141189E-09
     0.668985903E-09
     0.646890322E-09
     0.653863009E-09
     0.691946709E-09
     0.687325875E-09
     0.673448319E-09
     0.654537301E-09
     0.660496858E-09
     0.654528705E-09
     0.644755076E-09
     0.639714045E-09
     0.624568888E-09
     0.603855374E-09
     0.610391863E-09
     0.646093407E-09
     0.641761104E-09
     0.628750106E-09
     0.611020288E-09
     0.616607565E-09
     0.611012243E-09
     0.601849503E-09
     0.597123699E-09
     0.582925646E-09
     0.563507963E-09
     0.569635471E-09
     0.603103494E-09
     0.599041721E-09
     0.586843213E-09
     0.570220899E-09
     0.575459123E-09
     0.570213369E-09
     0.561623404E-09
     0.557193160E-09
     0.543883118E-09
     0.525680420E-09
     0.531424463E-09
     0.562798319E-09
     0.558990197E-09
     0.547553490E-09
     0.531969583E-09
     0.536880532E-09
     0.531962538E-09
     0.523909613E-09
     0.519756490E-09
     0.507279059E-09
     0.490215546E-09
     0.495600047E-09
     0.525010388E-09
     0.521440092E-09
     0.510717662E-09
     0.496107384E-09
     0.500711473E-09
     0.496100793E-09
     0.488551405E-09
     0.484658115E-09
     0.472961355E-09
     0.456965963E-09
     0.462013351E-09
     0.489582666E-09
     0.486235363E-09
     0.476182653E-09
     0.462485271E-09
     0.466801642E-09
     0.462479106E-09
     0.455401846E-09
     0.451752182E-09
     0.440787397E-09
     0.425793501E-09
     0.430524804E-09
     0.456367931E-09
     0.453229711E-09
     0.443804950E-09
     0.430963527E-09
     0.435010124E-09
     0.430957760E-09
     0.424323182E-09
     0.420901948E-09
     0.410623485E-09
     0.396568624E-09
     0.401003555E-09
     0.425228158E-09
     0.422285982E-09
     0.413450008E-09
     0.401411163E-09
     0.405204810E-09
     0.401405770E-09
     0.395186265E-09
     0.391979217E-09
     0.382344275E-09
     0.369169889E-09
     0.373326930E-09
     0.396033946E-09
     0.393275589E-09
     0.384991688E-09
     0.373705376E-09
     0.377261846E-09
     0.373700334E-09
     0.367870021E-09
     0.364863803E-09
     0.355832257E-09
     0.343483446E-09
     0.347379924E-09
     0.368663981E-09
     0.366077984E-09
     0.358311736E-09
     0.347731040E-09
     0.351065120E-09
     0.347726327E-09
     0.342260941E-09
     0.339443033E-09
     0.330977265E-09
     0.319402563E-09
     0.323054721E-09
     0.343004533E-09
     0.340580151E-09
     0.333299288E-09
     0.323380226E-09
     0.326505777E-09
     0.323375822E-09
     0.318252616E-09
     0.315611280E-09
     0.307676025E-09
     0.296827181E-09
     0.300250248E-09
     0.318948982E-09
     0.316676143E-09
     0.309850415E-09
     0.300551754E-09
     0.303481772E-09
     0.300547640E-09
     0.295745289E-09
     0.293269522E-09
     0.285831719E-09
     0.275663501E-09
     0.278871753E-09
     0.296397375E-09
     0.294266637E-09
     0.287867688E-09
     0.279150775E-09
     0.281897442E-09
     0.279146931E-09
     0.274645446E-09
     0.272324932E-09
     0.265353589E-09
     0.255823595E-09
     0.258830414E-09
     0.275256015E-09
     0.273258526E-09
     0.267259772E-09
     0.259088372E-09
     0.261663108E-09
     0.259084784E-09
     0.254865423E-09
     0.252690493E-09
     0.246156558E-09
     0.237225039E-09
     0.240042970E-09
     0.255437065E-09
     0.253564529E-09
     0.247941051E-09
     0.240281200E-09
     0.242694709E-09
     0.240277850E-09
     0.236323047E-09
     0.234284637E-09
     0.228160876E-09
     0.219790573E-09
     0.222431376E-09
     0.236858191E-09
     0.235102830E-09
     0.229831270E-09
     0.222651130E-09
     0.224913447E-09
     0.222648004E-09
     0.218941293E-09
     0.217030906E-09
     0.211291792E-09
     0.203447778E-09
     0.205922476E-09
     0.219442215E-09
     0.217796740E-09
     0.212855203E-09
     0.206124931E-09
     0.208245462E-09
     0.206122015E-09
     0.202647963E-09
     0.200857635E-09
     0.195479240E-09
     0.188128780E-09
     0.190447704E-09
     0.203116797E-09
     0.201574375E-09
     0.196942342E-09
     0.190633968E-09
     0.192621527E-09
     0.190631249E-09
     0.187375388E-09
     0.185697656E-09
     0.180657554E-09
     0.173769964E-09
     0.175942798E-09
     0.187814136E-09
     0.186368364E-09
     0.182026603E-09
     0.176113913E-09
     0.177976761E-09
     0.176111379E-09
     0.173060151E-09
     0.171488018E-09
     0.166765191E-09
     0.160311716E-09
     0.162347536E-09
     0.173470690E-09
     0.172115566E-09
     0.168046052E-09
     0.162504480E-09
     0.164250361E-09
     0.162502119E-09
     0.159642820E-09
     0.158169730E-09
     0.153744481E-09
     0.147698172E-09
     0.149605483E-09
     0.160026909E-09
     0.158756809E-09
     0.154942654E-09
     0.149749180E-09
     0.151385348E-09
     0.149746982E-09
     0.147067704E-09
     0.145687515E-09
     0.141541385E-09
     0.135876990E-09
     0.137663762E-09
     0.147426993E-09
     0.146236649E-09
     0.142662028E-09
     0.137795083E-09
     0.139328336E-09
     0.137793037E-09
     0.135282626E-09
     0.133989580E-09
     0.130105277E-09
     0.124799136E-09
     0.126472834E-09
     0.135618661E-09
     0.134503136E-09
     0.131153224E-09
     0.126592602E-09
     0.128029309E-09
     0.126590700E-09
     0.124238702E-09
     0.123027408E-09
     0.119388729E-09
     0.114418677E-09
     0.115986299E-09
     0.124552935E-09
     0.123507606E-09
     0.120368517E-09
     0.116095291E-09
     0.117441416E-09
     0.116093523E-09
     0.113890150E-09
     0.112755557E-09
     0.109347326E-09
     0.104692601E-09
     0.106160698E-09
     0.114183941E-09
     0.113204478E-09
     0.110263207E-09
     0.106259652E-09
     0.107520781E-09
     0.106258011E-09
     0.104194094E-09
     0.103131471E-09
     0.999394765E-10
     0.955806349E-10
     0.969553444E-10
     0.104468720E-09
     0.103551068E-09
     0.100795439E-09
     0.970449622E-10
     0.982263249E-10
     0.970434399E-10
     0.951103947E-10
     0.941153132E-10
     0.911262480E-10
     0.870450866E-10
     0.883321530E-10
     0.953670522E-10
     0.945074171E-10
     0.919260348E-10
     0.884131044E-10
     0.895195955E-10
     0.884116935E-10
     0.866014853E-10
     0.856697999E-10
     0.828712099E-10
     0.790506908E-10
     0.802554911E-10
     0.868412981E-10
     0.860361301E-10
     0.836183324E-10
     0.803284182E-10
     0.813646169E-10
     0.803271120E-10
     0.786322230E-10
     0.777600554E-10
     0.751402880E-10
     0.715644709E-10
     0.726920358E-10
     0.788562459E-10
     0.781022254E-10
     0.758380424E-10
     0.727575575E-10
     0.737277457E-10
     0.727563499E-10
     0.711697496E-10
     0.703534730E-10
     0.679016314E-10
     0.645556101E-10
     0.656106438E-10
     0.713789731E-10
     0.706729979E-10
     0.685531130E-10
     0.656693615E-10
     0.665775402E-10
     0.656682464E-10
     0.641833644E-10
     0.634195893E-10
     0.611254899E-10
     0.579953344E-10
     0.589822330E-10
     0.643787195E-10
     0.637178932E-10
     0.617336078E-10
     0.590347360E-10
     0.598846407E-10
     0.590337081E-10
     0.576444087E-10
     0.569299702E-10
     0.547841039E-10
     0.518568069E-10
     0.527796753E-10
     0.578267711E-10
     0.572083926E-10
     0.553515943E-10
     0.528265482E-10
     0.536216622E-10
     0.528256024E-10
     0.515261621E-10
     0.508581079E-10
     0.488516049E-10
     0.461150347E-10
     0.469777013E-10
     0.516963568E-10
     0.511179107E-10
     0.493810453E-10
     0.470195323E-10
     0.477630990E-10
     0.470186638E-10
     0.458037513E-10
     0.451793318E-10
     0.433039307E-10
     0.407467879E-10
     0.415528185E-10
     0.459625571E-10
     0.454217062E-10
     0.437977537E-10
     0.415902097E-10
     0.422852430E-10
     0.415894142E-10
     0.404540730E-10
     0.398707321E-10
     0.381187532E-10
     0.357305345E-10
     0.364832435E-10
     0.406022276E-10
     0.400968058E-10
     0.385792615E-10
     0.365168254E-10
     0.371661173E-10
     0.365160987E-10
     0.354557333E-10
     0.349111011E-10
     0.332754241E-10
     0.310463924E-10
     0.317488525E-10
     0.355939379E-10
     0.351219464E-10
     0.337048072E-10
     0.317793019E-10
     0.323854289E-10
     0.317786404E-10
     0.307890055E-10
     0.302808932E-10
     0.287549417E-10
     0.266761042E-10
     0.273311529E-10
     0.309179318E-10
     0.304775366E-10
     0.291552947E-10
     0.273592192E-10
     0.279245446E-10
     0.273586194E-10
     0.264358145E-10
     0.259622113E-10
     0.245399440E-10
     0.226030400E-10
     0.232132839E-10
     0.265561121E-10
     0.261456455E-10
     0.249132918E-10
     0.232398258E-10
     0.237664983E-10
     0.232392846E-10
     0.223797548E-10
     0.219388284E-10
     0.206147396E-10
     0.188122427E-10
     0.193800564E-10
     0.224920618E-10
     0.221100278E-10
     0.209630698E-10
     0.194060976E-10
     0.198960436E-10
     0.194056122E-10
     0.186061575E-10
     0.181962588E-10
     0.169653942E-10
     0.152905316E-10
     0.158180521E-10
     0.187111161E-10
     0.183562036E-10
     0.172907037E-10
     0.158448670E-10
     0.162997743E-10
     0.158444350E-10
     0.151022335E-10
     0.147219089E-10
     0.135799004E-10
     0.120267023E-10
     0.125158128E-10
     0.152005143E-10
     0.148716214E-10
     0.138842701E-10
     0.125450680E-10
     0.129663538E-10
     0.125446872E-10
     0.118573397E-10
     0.115053538E-10
     0.104484889E-10
     0.901188206E-11
     0.946418301E-11
     0.119496833E-10
     0.116459616E-10
     0.107342109E-10
     0.949818079E-11
     0.988693517E-11
     0.949784946E-11
     0.886346129E-11
     0.853883874E-11
     0.756418649E-11
     0.624016637E-11
     0.665692092E-11
     0.895075655E-11
     0.867169328E-11
     0.783400267E-11
     0.669905611E-11
     0.705593592E-11
     0.669877302E-11
     0.611610489E-11
     0.581820843E-11
     0.492385275E-11
     0.370980131E-11
     0.409183527E-11
     0.619955295E-11
     0.594513251E-11
     0.518145417E-11
     0.414753579E-11
     0.447255723E-11
     0.414730031E-11
     0.361606436E-11
     0.334474655E-11
     0.253024217E-11
     0.142554867E-11
     0.177305490E-11
     0.369757521E-11
     0.346863372E-11
     0.278147666E-11
     0.185201027E-11
     0.214409375E-11
     0.185182272E-11
     0.137332613E-11
     0.112925953E-11
     0.396623014E-12
    -0.595967870E-12
    -0.283854041E-12
     0.145671439E-11
     0.125588010E-11
     0.653132642E-12
    -0.161149226E-12
     0.946159602E-13
    -0.161286902E-12
    -0.582454557E-12
    -0.796913033E-12
    -0.144060898E-11
    -0.231147178E-11
    -0.203778235E-11
    -0.498785006E-12
    -0.670018106E-12
    -0.118388142E-11
    -0.187703552E-11
    -0.165944323E-11
    -0.187712766E-11
    -0.223756763E-11
    -0.242071969E-11
    -0.297039003E-11
    -0.371276753E-11
    -0.347961156E-11
    -0.371288805E-11
    -0.409940319E-11
    -0.429616323E-11
    -0.488672865E-11
    -0.568553211E-11
    -0.543451055E-11
    -0.568569300E-11
    -0.609435148E-11
    -0.630276581E-11
    -0.692837636E-11
    -0.777586531E-11
    -0.750938998E-11
    -0.777607304E-11
    -0.819693236E-11
    -0.841190224E-11
    -0.905725321E-11
    -0.993261155E-11
    -0.965723783E-11
    -0.993286148E-11
    -0.103588755E-10
    -0.105767757E-10
    -0.112309830E-10
    -0.121193676E-10
    -0.118397746E-10
    -0.121196552E-10
    -0.125456506E-10
    -0.127638116E-10
    -0.134188595E-10
    -0.143093128E-10
    -0.140289579E-10
    -0.143096339E-10
    -0.147316755E-10
    -0.149480609E-10
    -0.155978327E-10
    -0.164819733E-10
    -0.162035034E-10
    -0.164823240E-10
    -0.168973571E-10
    -0.171103807E-10
    -0.177501122E-10
    -0.186213944E-10
    -0.183468787E-10
    -0.186217711E-10
    -0.190274015E-10
    -0.192358161E-10
    -0.198617588E-10
    -0.207150182E-10
    -0.204460911E-10
    -0.207154177E-10
    -0.211097666E-10
    -0.213125892E-10
    -0.219217888E-10
    -0.227529412E-10
    -0.224908967E-10
    -0.227533602E-10
    -0.231349628E-10
    -0.233314230E-10
    -0.239215633E-10
    -0.247273935E-10
    -0.244732519E-10
    -0.230962207E-10
    -0.232722130E-10
    -0.238007385E-10
    -0.245206073E-10
    -0.242937924E-10
    -0.245209203E-10
    -0.248886370E-10
    -0.250780887E-10
    -0.256472145E-10
    -0.264248464E-10
    -0.261795393E-10
    -0.248508011E-10
    -0.250202367E-10
    -0.255290974E-10
    -0.262225513E-10
    -0.260040153E-10
    -0.262228675E-10
    -0.265774394E-10
    -0.267602702E-10
    -0.273095486E-10
    -0.280606003E-10
    -0.278236145E-10
    -0.265391127E-10
    -0.267016395E-10
    -0.271897749E-10
    -0.278553167E-10
    -0.276455376E-10
    -0.278556338E-10
    -0.281966651E-10
    -0.283726578E-10
    -0.289014338E-10
    -0.296249656E-10
    -0.293966029E-10
    -0.281581179E-10
    -0.283136619E-10
    -0.287808476E-10
    -0.294181389E-10
    -0.292172273E-10
    -0.294184557E-10
    -0.297456943E-10
    -0.299147063E-10
    -0.304225488E-10
    -0.311179287E-10
    -0.308983936E-10
    -0.297071617E-10
    -0.298557050E-10
    -0.303018854E-10
    -0.309108194E-10
    -0.307188126E-10
    -0.309111347E-10
    -0.312244529E-10
    -0.313864062E-10
    -0.318730781E-10
    -0.325399404E-10
    -0.323293532E-10
    -0.311861351E-10
    -0.313277063E-10
    -0.317529654E-10
    -0.323336272E-10
    -0.321505018E-10
    -0.323339400E-10
    -0.326333145E-10
    -0.327881852E-10
    -0.332536127E-10
    -0.338918167E-10
    -0.336902266E-10
    -0.325953821E-10
    -0.327300486E-10
    -0.331345874E-10
    -0.336872230E-10
    -0.335129050E-10
    -0.336875325E-10
    -0.339730278E-10
    -0.341208381E-10
    -0.345650851E-10
    -0.351746799E-10
    -0.349820759E-10
    -0.339356259E-10
    -0.340634878E-10
    -0.344476051E-10
    -0.349725958E-10
    -0.348069680E-10
    -0.349729012E-10
    -0.352446557E-10
    -0.353854663E-10
    -0.358087129E-10
    -0.363899086E-10
    -0.362062287E-10
    -0.352079074E-10
    -0.353290919E-10
    -0.356931682E-10
    -0.361910076E-10
    -0.360339175E-10
    -0.361913082E-10
    -0.364495224E-10
    -0.365834268E-10
    -0.369859510E-10
    -0.375390931E-10
    -0.373642324E-10
    -0.364135318E-10
    -0.365281885E-10
    -0.368726717E-10
    -0.373439473E-10
    -0.371952123E-10
    -0.373442425E-10
    -0.375891689E-10
    -0.377162876E-10
    -0.380984496E-10
    -0.386239975E-10
    -0.384578150E-10
    -0.375540226E-10
    -0.376623198E-10
    -0.379877132E-10
    -0.384330894E-10
    -0.382925029E-10
    -0.384333787E-10
    -0.386653127E-10
    -0.387857893E-10
    -0.391480177E-10
    -0.396465265E-10
    -0.394888507E-10
    -0.386310830E-10
    -0.387332036E-10
    -0.390400555E-10
    -0.394602595E-10
    -0.393275945E-10
    -0.394605423E-10
    -0.396798151E-10
    -0.397938117E-10
    -0.401365918E-10
    -0.406086956E-10
    -0.404593299E-10
    -0.396465607E-10
    -0.397426995E-10
    -0.400315940E-10
    -0.404274029E-10
    -0.403024169E-10
    -0.404276789E-10
    -0.406346502E-10
    -0.407423446E-10
    -0.410662080E-10
    -0.415126060E-10
    -0.413713331E-10
    -0.406024184E-10
    -0.406927796E-10
    -0.409643283E-10
    -0.413365586E-10
    -0.412189962E-10
    -0.413368275E-10
    -0.415318802E-10
    -0.416334623E-10
    -0.419389779E-10
    -0.423604219E-10
    -0.422270077E-10
    -0.415007076E-10
    -0.415855021E-10
    -0.418403376E-10
    -0.421898352E-10
    -0.420794319E-10
    -0.421900967E-10
    -0.423736316E-10
    -0.424693012E-10
    -0.427570673E-10
    -0.431543510E-10
    -0.430285479E-10
    -0.423435458E-10
    -0.424229896E-10
    -0.426617589E-10
    -0.429893911E-10
    -0.428858751E-10
    -0.429896449E-10
    -0.431620762E-10
    -0.432520404E-10
    -0.435226776E-10
    -0.438966268E-10
    -0.437781769E-10
    -0.431330966E-10
    -0.432074085E-10
    -0.434307681E-10
    -0.437374157E-10
    -0.436405111E-10
    -0.437376617E-10
    -0.438994131E-10
    -0.439838846E-10
    -0.442380298E-10
    -0.445894941E-10
    -0.444781318E-10
    -0.438715518E-10
    -0.439409522E-10
    -0.441495630E-10
    -0.444361147E-10
    -0.443455430E-10
    -0.444363526E-10
    -0.445878541E-10
    -0.446670490E-10
    -0.449053498E-10
    -0.452351954E-10
    -0.451306498E-10
    -0.445611167E-10
    -0.446258262E-10
    -0.448203497E-10
    -0.450876956E-10
    -0.450031775E-10
    -0.450879254E-10
    -0.452296099E-10
    -0.453037464E-10
    -0.455268569E-10
    -0.458359596E-10
    -0.457379564E-10
    -0.452039964E-10
    -0.452642344E-10
    -0.454453291E-10
    -0.456943564E-10
    -0.456156135E-10
    -0.456945780E-10
    -0.458268789E-10
    -0.458961758E-10
    -0.461047518E-10
    -0.463939918E-10
    -0.463022554E-10
    -0.458023841E-10
    -0.458583682E-10
    -0.460266863E-10
    -0.462582748E-10
    -0.461850310E-10
    -0.462584882E-10
    -0.463818370E-10
    -0.464465126E-10
    -0.466412086E-10
    -0.469114653E-10
    -0.468257199E-10
    -0.463584514E-10
    -0.464103960E-10
    -0.465665811E-10
    -0.467815995E-10
    -0.467135820E-10
    -0.467818047E-10
    -0.468966291E-10
    -0.469569001E-10
    -0.471383658E-10
    -0.473905134E-10
    -0.473104848E-10
    -0.468743393E-10
    -0.469224553E-10
    -0.470671398E-10
    -0.472664426E-10
    -0.472033829E-10
    -0.472666396E-10
    -0.473733618E-10
    -0.474294423E-10
    -0.475983199E-10
    -0.478332236E-10
    -0.477586404E-10
    -0.473521509E-10
    -0.473966446E-10
    -0.475304478E-10
    -0.477148728E-10
    -0.476565076E-10
    -0.477150616E-10
    -0.478140966E-10
    -0.478661975E-10
    -0.480231194E-10
    -0.482416322E-10
    -0.481722267E-10
    -0.477939448E-10
    -0.478350177E-10
    -0.479585443E-10
    -0.481289098E-10
    -0.480749820E-10
    -0.481290905E-10
    -0.482208451E-10
    -0.482691733E-10
    -0.484147600E-10
    -0.486177198E-10
    -0.485532287E-10
    -0.482017300E-10
    -0.482395783E-10
    -0.483534168E-10
    -0.485105200E-10
    -0.484607789E-10
    -0.485106926E-10
    -0.485955641E-10
    -0.486403220E-10
    -0.487751804E-10
    -0.489634077E-10
    -0.489035733E-10
    -0.485774612E-10
    -0.486122752E-10
    -0.487169970E-10
    -0.488616123E-10
    -0.488158142E-10
    -0.488617770E-10
    -0.489401522E-10
    -0.489815370E-10
    -0.491062590E-10
    -0.492805546E-10
    -0.492251252E-10
    -0.489230350E-10
    -0.489549991E-10
    -0.490511572E-10
    -0.491840349E-10
    -0.491419439E-10
    -0.491841918E-10
    -0.492564465E-10
    -0.492946503E-10
    -0.494098113E-10
    -0.495709549E-10
    -0.495196854E-10
    -0.492402872E-10
    -0.492695793E-10
    -0.493577079E-10
    -0.494795732E-10
    -0.494409610E-10
    -0.494797223E-10
    -0.495462208E-10
    -0.495814294E-10
    -0.496875880E-10
    -0.498363363E-10
    -0.497889886E-10
    -0.495309901E-10
    -0.495577817E-10
    -0.496383954E-10
    -0.497499474E-10
    -0.497145940E-10
    -0.497500890E-10
    -0.498111831E-10
    -0.498435766E-10
    -0.499412728E-10
    -0.500783589E-10
    -0.500347024E-10
    -0.497968507E-10
    -0.498213065E-10
    -0.498949002E-10
    -0.499968115E-10
    -0.499645052E-10
    -0.499969457E-10
    -0.500529746E-10
    -0.500827269E-10
    -0.501724821E-10
    -0.502986141E-10
    -0.502584261E-10
    -0.500395095E-10
    -0.500617878E-10
    -0.501288359E-10
    -0.502217520E-10
    -0.501922894E-10
    -0.502218791E-10
    -0.502731693E-10
    -0.503004476E-10
    -0.503827641E-10
    -0.504986247E-10
    -0.504616900E-10
    -0.502605398E-10
    -0.502807917E-10
    -0.503417485E-10
    -0.504262878E-10
    -0.503994741E-10
    -0.504264078E-10
    -0.504732726E-10
    -0.504982379E-10
    -0.505735983E-10
    -0.506798441E-10
    -0.506459561E-10
    -0.504614466E-10
    -0.504798167E-10
    -0.505351161E-10
    -0.506118695E-10
    -0.505875185E-10
    -0.506119826E-10
    -0.506547222E-10
    -0.506775286E-10
    -0.507463958E-10
    -0.508436571E-10
    -0.508126172E-10
    -0.506436675E-10
    -0.506602934E-10
    -0.507103488E-10
    -0.507798800E-10
    -0.507578140E-10
    -0.507799865E-10
    -0.508188878E-10
    -0.508396829E-10
    -0.509024998E-10
    -0.509913804E-10
    -0.509629983E-10
    -0.508085718E-10
    -0.508235846E-10
    -0.508687893E-10
    -0.509316348E-10
    -0.509116847E-10
    -0.509317348E-10
    -0.509670715E-10
    -0.509859963E-10
    -0.510431860E-10
    -0.511242631E-10
    -0.510983568E-10
    -0.509574620E-10
    -0.509709859E-10
    -0.510117132E-10
    -0.510683825E-10
    -0.510503876E-10
    -0.510684762E-10
    -0.511005091E-10
    -0.511176979E-10
    -0.511696636E-10
    -0.512434878E-10
    -0.512198837E-10
    -0.510915737E-10
    -0.511037265E-10
    -0.511403300E-10
    -0.511913062E-10
    -0.511751141E-10
    -0.511913939E-10
    -0.512203705E-10
    -0.512359510E-10
    -0.512830765E-10
    -0.513501721E-10
    -0.513287048E-10
    -0.512120773E-10
    -0.512229703E-10
    -0.512557841E-10
    -0.513015242E-10
    -0.512869907E-10
    -0.513016060E-10
    -0.513277611E-10
    -0.513418547E-10
    -0.513845042E-10
    -0.514453694E-10
    -0.514258817E-10
    -0.513200786E-10
    -0.513298166E-10
    -0.513591561E-10
    -0.514000914E-10
    -0.513870804E-10
    -0.514001676E-10
    -0.514237234E-10
    -0.514364450E-10
    -0.514749635E-10
    -0.515300709E-10
    -0.515124137E-10
    -0.514166204E-10
    -0.514253023E-10
    -0.514514641E-10
    -0.514880009E-10
    -0.514763840E-10
    -0.514880716E-10
    -0.515092380E-10
    -0.515206963E-10
    -0.515554101E-10
    -0.516052070E-10
    -0.515892390E-10
    -0.515026839E-10
    -0.515104024E-10
    -0.515336651E-10
    -0.515661853E-10
    -0.515558420E-10
    -0.515662508E-10
    -0.515852255E-10
    -0.515955230E-10
    -0.516267402E-10
    -0.516716490E-10
    -0.516572368E-10
    -0.515791903E-10
    -0.515860323E-10
    -0.516066570E-10
    -0.516355186E-10
    -0.516263358E-10
    -0.516355793E-10
    -0.516525483E-10
    -0.516617815E-10
    -0.516897920E-10
    -0.517302112E-10
    -0.517172289E-10
    -0.516470026E-10
    -0.516530493E-10
    -0.516712800E-10
    -0.516968182E-10
    -0.516886899E-10
    -0.516968741E-10
    -0.517120119E-10
    -0.517202717E-10
    -0.517453480E-10
    -0.517816523E-10
    -0.517699815E-10
    -0.517069271E-10
    -0.517122543E-10
    -0.517283186E-10
    -0.517508461E-10
    -0.517436734E-10
    -0.517508974E-10
    -0.517643675E-10
    -0.517717389E-10
    -0.517941366E-10
    -0.518266779E-10
    -0.518162073E-10
    -0.517597158E-10
    -0.517643938E-10
    -0.517785034E-10
    -0.517983114E-10
    -0.517920023E-10
    -0.517983584E-10
    -0.518103134E-10
    -0.518168759E-10
    -0.518368342E-10
    -0.518659421E-10
    -0.518565675E-10
    -0.518060676E-10
    -0.518101618E-10
    -0.518225131E-10
    -0.518398721E-10
    -0.518343410E-10
    -0.518399150E-10
    -0.518504972E-10
    -0.518563251E-10
    -0.518740671E-10
    -0.519000498E-10
    -0.518916736E-10
    -0.518466312E-10
    -0.518502020E-10
    -0.518609767E-10
    -0.518761372E-10
    -0.518713048E-10
    -0.518761762E-10
    -0.518855179E-10
    -0.518906804E-10
    -0.519064139E-10
    -0.519295586E-10
    -0.519220901E-10
    -0.518820062E-10
    -0.518851094E-10
    -0.518944752E-10
    -0.519076685E-10
    -0.519034615E-10
    -0.519077039E-10
    -0.519159276E-10
    -0.519204889E-10
    -0.519344072E-10
    -0.519549813E-10
    -0.519483357E-10
    -0.519127459E-10
    -0.519154327E-10
    -0.519235438E-10
    -0.519349831E-10
    -0.519313340E-10
    -0.519350151E-10
    -0.519422342E-10
    -0.519462539E-10
    -0.519585359E-10
    -0.519767874E-10
    -0.519708862E-10
    -0.519393589E-10
    -0.519416764E-10
    -0.519486742E-10
    -0.519585552E-10
    -0.519554020E-10
    -0.519585839E-10
    -0.519649031E-10
    -0.519684362E-10
    -0.519792472E-10
    -0.519954059E-10
    -0.519901764E-10
    -0.519623117E-10
    -0.519643028E-10
    -0.519703165E-10
    -0.519788182E-10
    -0.519761040E-10
    -0.519788439E-10
    -0.519843593E-10
    -0.519874565E-10
    -0.519969490E-10
    -0.520112269E-10
    -0.520066019E-10
    -0.519820301E-10
    -0.519837340E-10
    -0.519888813E-10
    -0.519961670E-10
    -0.519938402E-10
    -0.519961899E-10
    -0.520009898E-10
    -0.520036976E-10
    -0.520120116E-10
    -0.520246040E-10
    -0.520205218E-10
    -0.519989022E-10
    -0.520003543E-10
    -0.520047421E-10
    -0.520109602E-10
    -0.520089736E-10
    -0.520109805E-10
    -0.520151454E-10
    -0.520175065E-10
    -0.520247703E-10
    -0.520358564E-10
    -0.520322603E-10
    -0.520132798E-10
    -0.520145122E-10
    -0.520182369E-10
    -0.520235218E-10
    -0.520218327E-10
    -0.520235398E-10
    -0.520271431E-10
    -0.520291964E-10
    -0.520355273E-10
    -0.520452711E-10
    -0.520421092E-10
    -0.520254808E-10
    -0.520265223E-10
    -0.520296710E-10
    -0.520341439E-10
    -0.520327138E-10
    -0.520341596E-10
    -0.520372679E-10
    -0.520390489E-10
    -0.520445535E-10
    -0.520531049E-10
    -0.520503299E-10
    -0.520357914E-10
    -0.520366679E-10
    -0.520393184E-10
    -0.520430882E-10
    -0.520418824E-10
    -0.520431019E-10
    -0.520457754E-10
    -0.520473162E-10
    -0.520520913E-10
    -0.520595864E-10
    -0.520571555E-10
    -0.520444680E-10
    -0.520452026E-10
    -0.520474246E-10
    -0.520505885E-10
    -0.520495762E-10
    -0.520506004E-10
    -0.520528933E-10
    -0.520542229E-10
    -0.520583560E-10
    -0.520649184E-10
    -0.520627928E-10
