     0.000000000E+00
    -0.328620593E+01
    -0.476663762E+01
    -0.927232753E+01
    -0.147254574E+02
    -0.131032858E+02
    -0.328620593E+00
    -0.491308406E+00
    -0.979435385E+00
    -0.162520303E+01
    -0.142403156E+01
    -0.162526453E+01
    -0.208477543E+01
    -0.231131751E+01
    -0.299112442E+01
    -0.388747204E+01
    -0.360862413E+01
    -0.194800004E+01
    -0.210778287E+01
    -0.258719389E+01
    -0.322145662E+01
    -0.302386608E+01
    -0.322151734E+01
    -0.355533171E+01
    -0.372052204E+01
    -0.421616492E+01
    -0.487165536E+01
    -0.466748348E+01
    -0.487172548E+01
    -0.520854498E+01
    -0.537518428E+01
    -0.587517909E+01
    -0.653630235E+01
    -0.633039185E+01
    -0.653637764E+01
    -0.688087523E+01
    -0.705124796E+01
    -0.756245188E+01
    -0.823818711E+01
    -0.802775270E+01
    -0.823827145E+01
    -0.858570973E+01
    -0.875749551E+01
    -0.927294461E+01
    -0.995415746E+01
    -0.974203473E+01
    -0.995424821E+01
    -0.103013140E+02
    -0.104728921E+02
    -0.109877221E+02
    -0.116680392E+02
    -0.114562058E+02
    -0.116681342E+02
    -0.120124293E+02
    -0.121826279E+02
    -0.126933211E+02
    -0.133681369E+02
    -0.131580213E+02
    -0.133682344E+02
    -0.137079913E+02
    -0.138759470E+02
    -0.143799119E+02
    -0.150458355E+02
    -0.148384893E+02
    -0.150459341E+02
    -0.153798397E+02
    -0.155449114E+02
    -0.160402236E+02
    -0.166947371E+02
    -0.164909412E+02
    -0.166948357E+02
    -0.170219157E+02
    -0.171836277E+02
    -0.176688590E+02
    -0.183100939E+02
    -0.181104275E+02
    -0.183101915E+02
    -0.186297303E+02
    -0.187877329E+02
    -0.192618338E+02
    -0.198884164E+02
    -0.196933057E+02
    -0.198885124E+02
    -0.201999959E+02
    -0.203540376E+02
    -0.208162530E+02
    -0.214271942E+02
    -0.212369459E+02
    -0.214272879E+02
    -0.217303607E+02
    -0.218802675E+02
    -0.223300745E+02
    -0.229246881E+02
    -0.227395153E+02
    -0.229247793E+02
    -0.232192126E+02
    -0.233648717E+02
    -0.238019323E+02
    -0.243797737E+02
    -0.241998145E+02
    -0.243798619E+02
    -0.246655283E+02
    -0.248068765E+02
    -0.252310008E+02
    -0.257918183E+02
    -0.256171512E+02
    -0.257919035E+02
    -0.260687567E+02
    -0.262057704E+02
    -0.266168872E+02
    -0.271605845E+02
    -0.269912397E+02
    -0.271606664E+02
    -0.274287254E+02
    -0.275614127E+02
    -0.279595462E+02
    -0.284861510E+02
    -0.283221205E+02
    -0.284862298E+02
    -0.287455653E+02
    -0.288739593E+02
    -0.292592096E+02
    -0.297688492E+02
    -0.296100938E+02
    -0.297689246E+02
    -0.300196482E+02
    -0.301438024E+02
    -0.305163291E+02
    -0.310092089E+02
    -0.308556654E+02
    -0.310092812E+02
    -0.312515360E+02
    -0.313715190E+02
    -0.317315286E+02
    -0.322079148E+02
    -0.320595012E+02
    -0.322079840E+02
    -0.324419371E+02
    -0.325578294E+02
    -0.329055635E+02
    -0.333657691E+02
    -0.332223886E+02
    -0.333658352E+02
    -0.335916713E+02
    -0.337035620E+02
    -0.340392881E+02
    -0.344836599E+02
    -0.343452054E+02
    -0.344837232E+02
    -0.347016389E+02
    -0.348096233E+02
    -0.351336270E+02
    -0.355625361E+02
    -0.354288928E+02
    -0.355625965E+02
    -0.357727964E+02
    -0.358769733E+02
    -0.361895520E+02
    -0.366033848E+02
    -0.364744332E+02
    -0.366034425E+02
    -0.368061349E+02
    -0.369066056E+02
    -0.372080626E+02
    -0.376072142E+02
    -0.374828320E+02
    -0.376072693E+02
    -0.378026638E+02
    -0.378995299E+02
    -0.381901704E+02
    -0.385750385E+02
    -0.384551026E+02
    -0.385750912E+02
    -0.387633956E+02
    -0.388567582E+02
    -0.391368858E+02
    -0.395078664E+02
    -0.393922541E+02
    -0.395079167E+02
    -0.396893356E+02
    -0.397792943E+02
    -0.400492078E+02
    -0.404066908E+02
    -0.402952813E+02
    -0.404067389E+02
    -0.405814719E+02
    -0.406681239E+02
    -0.409281152E+02
    -0.412724821E+02
    -0.411651571E+02
    -0.412725280E+02
    -0.414409669E+02
    -0.415245043E+02
    -0.417751494E+02
    -0.421071558E+02
    -0.420036808E+02
    -0.421071999E+02
    -0.422695553E+02
    -0.423500809E+02
    -0.425916889E+02
    -0.429117395E+02
    -0.428119889E+02
    -0.429117818E+02
    -0.430682148E+02
    -0.431458073E+02
    -0.433786142E+02
    -0.436870181E+02
    -0.435908961E+02
    -0.436870587E+02
    -0.438377241E+02
    -0.439124592E+02
    -0.441366922E+02
    -0.444337472E+02
    -0.443411613E+02
    -0.444337861E+02
    -0.445788322E+02
    -0.446507824E+02
    -0.448666593E+02
    -0.451526511E+02
    -0.450635126E+02
    -0.451526884E+02
    -0.452922562E+02
    -0.453614907E+02
    -0.455692192E+02
    -0.458444204E+02
    -0.457586446E+02
    -0.458444561E+02
    -0.459786793E+02
    -0.460452637E+02
    -0.462450405E+02
    -0.465097099E+02
    -0.464272164E+02
    -0.465097441E+02
    -0.466387484E+02
    -0.467027445E+02
    -0.468947551E+02
    -0.471491367E+02
    -0.470698497E+02
    -0.471491694E+02
    -0.472730722E+02
    -0.473345379E+02
    -0.475189557E+02
    -0.477632783E+02
    -0.476871265E+02
    -0.477633094E+02
    -0.478822194E+02
    -0.479412082E+02
    -0.481181941E+02
    -0.483526698E+02
    -0.482795872E+02
    -0.483526994E+02
    -0.484667159E+02
    -0.485232769E+02
    -0.486929782E+02
    -0.489178017E+02
    -0.488477277E+02
    -0.489178299E+02
    -0.490270421E+02
    -0.490812195E+02
    -0.492437688E+02
    -0.494591156E+02
    -0.493919955E+02
    -0.494591423E+02
    -0.495636283E+02
    -0.496154608E+02
    -0.497709743E+02
    -0.499769989E+02
    -0.499127845E+02
    -0.499770241E+02
    -0.500768492E+02
    -0.501263693E+02
    -0.502749446E+02
    -0.504717770E+02
    -0.504104277E+02
    -0.504718007E+02
    -0.505670151E+02
    -0.506142482E+02
    -0.507559611E+02
    -0.509437027E+02
    -0.508851867E+02
    -0.509437249E+02
    -0.510343606E+02
    -0.510793228E+02
    -0.512142222E+02
    -0.513929393E+02
    -0.513372357E+02
    -0.513929600E+02
    -0.514790257E+02
    -0.515217220E+02
    -0.516498225E+02
    -0.518195365E+02
    -0.517666384E+02
    -0.518195556E+02
    -0.519010288E+02
    -0.519414488E+02
    -0.520627192E+02
    -0.522233914E+02
    -0.521733106E+02
    -0.522234088E+02
    -0.523002233E+02
    -0.523383350E+02
    -0.524526793E+02
    -0.526041855E+02
    -0.525569603E+02
    -0.526042012E+02
    -0.526762244E+02
    -0.527119632E+02
    -0.528191877E+02
    -0.529612749E+02
    -0.529169836E+02
    -0.529612889E+02
    -0.530282800E+02
    -0.530615278E+02
    -0.531612783E+02
    -0.532934823E+02
    -0.532522691E+02
    -0.532934944E+02
    -0.533550137E+02
    -0.533855544E+02
    -0.534771823E+02
    -0.535986495E+02
    -0.535607796E+02
    -0.535986596E+02
    -0.536538312E+02
    -0.536812327E+02
    -0.537634417E+02
    -0.538724632E+02
    -0.538384682E+02
    -0.536453826E+02
    -0.536686119E+02
    -0.537383028E+02
    -0.538308027E+02
    -0.538019493E+02
    -0.538308074E+02
    -0.538775559E+02
    -0.539007930E+02
    -0.539705070E+02
    -0.540630215E+02
    -0.540341656E+02
    -0.540630264E+02
    -0.541133749E+02
    -0.541383837E+02
    -0.542134142E+02
    -0.543129260E+02
    -0.542818949E+02
    -0.543129325E+02
    -0.543669915E+02
    -0.543938221E+02
    -0.544743187E+02
    -0.545810094E+02
    -0.545477488E+02
    -0.545810180E+02
    -0.546375793E+02
    -0.546656314E+02
    -0.547497938E+02
    -0.548612757E+02
    -0.548265302E+02
    -0.548612863E+02
    -0.549195274E+02
    -0.549483927E+02
    -0.550349954E+02
    -0.551496430E+02
    -0.551139195E+02
    -0.551496555E+02
    -0.552089639E+02
    -0.552383378E+02
    -0.553264674E+02
    -0.554430689E+02
    -0.554067453E+02
    -0.554430832E+02
    -0.555029752E+02
    -0.555326172E+02
    -0.556215522E+02
    -0.557391497E+02
    -0.557025248E+02
    -0.557391658E+02
    -0.557992433E+02
    -0.558289555E+02
    -0.559181018E+02
    -0.560359065E+02
    -0.559992264E+02
    -0.560359244E+02
    -0.560958498E+02
    -0.561254640E+02
    -0.562143175E+02
    -0.563316594E+02
    -0.562951332E+02
    -0.563316790E+02
    -0.563911592E+02
    -0.564205294E+02
    -0.565086517E+02
    -0.566249480E+02
    -0.565887576E+02
    -0.566249692E+02
    -0.566837446E+02
    -0.567127413E+02
    -0.567997441E+02
    -0.569144781E+02
    -0.568787849E+02
    -0.569145011E+02
    -0.569723382E+02
    -0.570008450E+02
    -0.570863789E+02
    -0.571990853E+02
    -0.571640346E+02
    -0.571991099E+02
    -0.572557961E+02
    -0.572837068E+02
    -0.573674531E+02
    -0.574777074E+02
    -0.574434318E+02
    -0.574777336E+02
    -0.575330731E+02
    -0.575602897E+02
    -0.576419545E+02
    -0.577493648E+02
    -0.577159868E+02
    -0.577493927E+02
    -0.578032031E+02
    -0.578296344E+02
    -0.579089440E+02
    -0.580131453E+02
    -0.579807790E+02
    -0.580131749E+02
    -0.580652850E+02
    -0.580908453E+02
    -0.581675427E+02
    -0.582681917E+02
    -0.582369443E+02
    -0.582682229E+02
    -0.583184710E+02
    -0.583430791E+02
    -0.584169209E+02
    -0.585136924E+02
    -0.584836658E+02
    -0.585137253E+02
    -0.585619572E+02
    -0.585855359E+02
    -0.586562900E+02
    -0.587488739E+02
    -0.587201651E+02
    -0.587489085E+02
    -0.587949764E+02
    -0.588174515E+02
    -0.588848956E+02
    -0.589729943E+02
    -0.589456962E+02
    -0.589730305E+02
    -0.590167921E+02
    -0.590380920E+02
    -0.591020114E+02
    -0.591853376E+02
    -0.591595403E+02
    -0.591853755E+02
    -0.592266928E+02
    -0.592467482E+02
    -0.593069348E+02
    -0.593852101E+02
    -0.593610007E+02
    -0.593852496E+02
    -0.594239884E+02
    -0.594427317E+02
    -0.594989830E+02
    -0.595719358E+02
    -0.595493994E+02
    -0.595719770E+02
    -0.596080060E+02
    -0.596253713E+02
    -0.596774891E+02
    -0.597448539E+02
    -0.597240735E+02
    -0.597448968E+02
    -0.597780872E+02
    -0.597940096E+02
    -0.598417994E+02
    -0.599033154E+02
    -0.598843728E+02
    -0.599033600E+02
    -0.599335852E+02
    -0.599480008E+02
    -0.599912711E+02
    -0.600466813E+02
    -0.600296570E+02
    -0.600467276E+02
    -0.600738624E+02
    -0.600867081E+02
    -0.601252696E+02
    -0.601743202E+02
    -0.601592937E+02
    -0.601743682E+02
    -0.601982886E+02
    -0.602095020E+02
    -0.602431672E+02
    -0.602856066E+02
    -0.602726567E+02
    -0.602856563E+02
    -0.603062392E+02
    -0.603157582E+02
    -0.603443410E+02
    -0.603799191E+02
    -0.603691242E+02
    -0.603799706E+02
    -0.603970936E+02
    -0.604048564E+02
    -0.604281715E+02
    -0.604566396E+02
    -0.604480776E+02
    -0.604566929E+02
    -0.604702339E+02
    -0.604761789E+02
    -0.604940414E+02
    -0.605151515E+02
    -0.605089001E+02
    -0.605152065E+02
    -0.605250436E+02
    -0.605291094E+02
    -0.605413348E+02
    -0.605548389E+02
    -0.605509758E+02
    -0.605548957E+02
    -0.605609069E+02
    -0.605630318E+02
    -0.605694354E+02
    -0.605750855E+02
    -0.605736885E+02
    -0.605751441E+02
    -0.605771748E+02
    -0.605773095E+02
    -0.605777419E+02
    -0.605754329E+02
    -0.605765226E+02
    -0.605754905E+02
    -0.605736220E+02
    -0.605718201E+02
    -0.605664418E+02
    -0.605564312E+02
    -0.605599214E+02
    -0.605564864E+02
    -0.605508768E+02
    -0.605472199E+02
    -0.605362752E+02
    -0.605188969E+02
    -0.605246823E+02
    -0.605189498E+02
    -0.605097734E+02
    -0.605043512E+02
    -0.604881091E+02
    -0.604637300E+02
    -0.604716949E+02
    -0.604637803E+02
    -0.604512300E+02
    -0.604441414E+02
    -0.604228993E+02
    -0.603919246E+02
    -0.604019413E+02
    -0.603919723E+02
    -0.603762626E+02
    -0.603676183E+02
    -0.603417074E+02
    -0.603045889E+02
    -0.603165148E+02
    -0.603046337E+02
    -0.602860065E+02
    -0.602759308E+02
    -0.602457241E+02
    -0.602029705E+02
    -0.602166453E+02
    -0.602030123E+02
    -0.601817432E+02
    -0.601703780E+02
    -0.601363011E+02
    -0.600884931E+02
    -0.601037336E+02
    -0.600885317E+02
    -0.600649407E+02
    -0.600524507E+02
    -0.600149979E+02
    -0.599628099E+02
    -0.599794035E+02
    -0.599628451E+02
    -0.599373128E+02
    -0.599238941E+02
    -0.598836537E+02
    -0.598278887E+02
    -0.598455820E+02
    -0.598279203E+02
    -0.598009160E+02
    -0.597868107E+02
    -0.597445083E+02
    -0.596861577E+02
    -0.597046380E+02
    -0.596861853E+02
    -0.596583211E+02
    -0.596438450E+02
    -0.596004283E+02
    -0.595407871E+02
    -0.595596457E+02
    -0.595408104E+02
    -0.595129668E+02
    -0.594985750E+02
    -0.594554086E+02
    -0.593963434E+02
    -0.594149911E+02
    -0.595165364E+02
    -0.595040423E+02
    -0.594665663E+02
    -0.594154561E+02
    -0.594315712E+02
    -0.594154683E+02
    -0.593894146E+02
    -0.593760187E+02
    -0.593358375E+02
    -0.592810819E+02
    -0.592983410E+02
    -0.592810946E+02
    -0.592529680E+02
    -0.592385170E+02
    -0.591951708E+02
    -0.591361350E+02
    -0.591547393E+02
    -0.591361485E+02
    -0.591033688E+02
    -0.590865025E+02
    -0.590359126E+02
    -0.589669298E+02
    -0.589886791E+02
    -0.589669481E+02
    -0.589296504E+02
    -0.589104459E+02
    -0.588528435E+02
    -0.587742528E+02
    -0.587990373E+02
    -0.587742756E+02
    -0.587324301E+02
    -0.587108785E+02
    -0.586462367E+02
    -0.585580210E+02
    -0.585858438E+02
    -0.585580482E+02
    -0.585115494E+02
    -0.584876017E+02
    -0.584157740E+02
    -0.583177502E+02
    -0.583486669E+02
    -0.583177816E+02
    -0.582664828E+02
    -0.582400683E+02
    -0.581608423E+02
    -0.580527357E+02
    -0.580868311E+02
    -0.580527712E+02
    -0.579965007E+02
    -0.579675355E+02
    -0.578806592E+02
    -0.577621398E+02
    -0.577995162E+02
    -0.577621794E+02
    -0.577007496E+02
    -0.576691410E+02
    -0.575743367E+02
    -0.574450380E+02
    -0.574858096E+02
    -0.574450817E+02
    -0.573782939E+02
    -0.573439434E+02
    -0.572409153E+02
    -0.571004457E+02
    -0.571447345E+02
    -0.571004934E+02
    -0.570281406E+02
    -0.569909453E+02
    -0.568793844E+02
    -0.567273332E+02
    -0.567752672E+02
    -0.567273849E+02
    -0.566492536E+02
    -0.566091068E+02
    -0.564886935E+02
    -0.563246352E+02
    -0.563763475E+02
    -0.563246909E+02
    -0.562405622E+02
    -0.561973546E+02
    -0.560677604E+02
    -0.558912571E+02
    -0.559468844E+02
    -0.558913167E+02
    -0.558009670E+02
    -0.557545863E+02
    -0.556154751E+02
    -0.554260779E+02
    -0.554857607E+02
    -0.554261415E+02
    -0.553293425E+02
    -0.552796744E+02
    -0.551307028E+02
    -0.549279529E+02
    -0.549918346E+02
    -0.549280205E+02
    -0.548245396E+02
    -0.547714674E+02
    -0.546122852E+02
    -0.543957142E+02
    -0.544639414E+02
    -0.543957858E+02
    -0.542853863E+02
    -0.542287909E+02
    -0.540590413E+02
    -0.538281716E+02
    -0.539008937E+02
    -0.538282472E+02
    -0.537106880E+02
    -0.536504483E+02
    -0.534697677E+02
    -0.532241124E+02
    -0.533014819E+02
    -0.532241919E+02
    -0.530992277E+02
    -0.530352202E+02
    -0.528432380E+02
    -0.525823008E+02
    -0.526644730E+02
    -0.525823843E+02
    -0.524497649E+02
    -0.523818637E+02
    -0.521782025E+02
    -0.519014773E+02
    -0.519886107E+02
    -0.519015649E+02
    -0.517610354E+02
    -0.516891123E+02
    -0.514733871E+02
    -0.511803579E+02
    -0.512726142E+02
    -0.511804495E+02
    -0.510317502E+02
    -0.509556742E+02
    -0.507274924E+02
    -0.504176325E+02
    -0.505151766E+02
    -0.504177282E+02
    -0.502605939E+02
    -0.501802314E+02
    -0.499391922E+02
    -0.496119640E+02
    -0.497149644E+02
    -0.496120639E+02
    -0.494462237E+02
    -0.493614383E+02
    -0.491071321E+02
    -0.487619863E+02
    -0.488706149E+02
    -0.487620902E+02
    -0.485872675E+02
    -0.484979195E+02
    -0.482299278E+02
    -0.478663024E+02
    -0.479807355E+02
    -0.478664106E+02
    -0.476823221E+02
    -0.475882687E+02
    -0.473061631E+02
    -0.469234830E+02
    -0.470439006E+02
    -0.469235953E+02
    -0.467299510E+02
    -0.466310460E+02
    -0.463343875E+02
    -0.459320635E+02
    -0.460586503E+02
    -0.459321800E+02
    -0.457286824E+02
    -0.456247757E+02
    -0.453131140E+02
    -0.448905416E+02
    -0.450234871E+02
    -0.448906624E+02
    -0.446781306E+02
    -0.445696539E+02
    -0.442442834E+02
    -0.438032622E+02
    -0.439419944E+02
    -0.438033853E+02
    -0.435819779E+02
    -0.434690172E+02
    -0.431301957E+02
    -0.426710917E+02
    -0.428154933E+02
    -0.426712165E+02
    -0.424407672E+02
    -0.423232388E+02
    -0.419707153E+02
    -0.414931931E+02
    -0.416433692E+02
    -0.414933196E+02
    -0.412536596E+02
    -0.411314790E+02
    -0.407649995E+02
    -0.402687192E+02
    -0.404247759E+02
    -0.402688474E+02
    -0.400198054E+02
    -0.398928865E+02
    -0.395121930E+02
    -0.389968093E+02
    -0.391588548E+02
    -0.389969392E+02
    -0.387383411E+02
    -0.386065964E+02
    -0.382114263E+02
    -0.376765881E+02
    -0.378447323E+02
    -0.387910546E+02
    -0.386865645E+02
    -0.383731264E+02
    -0.379502246E+02
    -0.380830092E+02
    -0.379502905E+02
    -0.376835349E+02
    -0.375476651E+02
    -0.371401210E+02
    -0.365886356E+02
    -0.367620007E+02
    -0.379134524E+02
    -0.378949862E+02
    -0.378395876E+02
    -0.377655750E+02
    -0.377887222E+02
    -0.377655754E+02
    -0.376227409E+02
    -0.375506169E+02
    -0.373342550E+02
    -0.370435228E+02
    -0.371346575E+02
    -0.377512919E+02
    -0.377441431E+02
    -0.377226969E+02
    -0.376940798E+02
    -0.377030254E+02
    -0.376940799E+02
    -0.376225061E+02
    -0.375865426E+02
    -0.374786534E+02
    -0.373342454E+02
    -0.373794417E+02
    -0.376305046E+02
    -0.375985777E+02
    -0.375027979E+02
    -0.373746536E+02
    -0.374147528E+02
    -0.373746553E+02
    -0.373049640E+02
    -0.372699531E+02
    -0.371649214E+02
    -0.370243592E+02
    -0.370683492E+02
    -0.373676862E+02
    -0.373642000E+02
    -0.373537413E+02
    -0.373397913E+02
    -0.373441513E+02
    -0.373397913E+02
    -0.373049090E+02
    -0.372874266E+02
    -0.372349793E+02
    -0.371649203E+02
    -0.371868297E+02
    -0.373168028E+02
    -0.373052906E+02
    -0.372707539E+02
    -0.372246491E+02
    -0.372390637E+02
    -0.372246491E+02
    -0.371942640E+02
    -0.371790403E+02
    -0.371333691E+02
    -0.370723767E+02
    -0.370914488E+02
    -0.372159143E+02
    -0.372115443E+02
    -0.371984343E+02
    -0.371809462E+02
    -0.371864122E+02
    -0.371809462E+02
    -0.371608702E+02
    -0.371508185E+02
    -0.371206636E+02
    -0.370804147E+02
    -0.370929977E+02
    -0.371721896E+02
    -0.371678086E+02
    -0.371546658E+02
    -0.371371340E+02
    -0.371426137E+02
    -0.371371340E+02
    -0.371226851E+02
    -0.371154535E+02
    -0.370937590E+02
    -0.370648110E+02
    -0.370738599E+02
    -0.371307064E+02
    -0.371274911E+02
    -0.371178454E+02
    -0.371049802E+02
    -0.371090011E+02
    -0.371049802E+02
    -0.370948346E+02
    -0.370897583E+02
    -0.370745296E+02
    -0.370542138E+02
    -0.370605638E+02
    -0.371000122E+02
    -0.370975274E+02
    -0.370900731E+02
    -0.370801313E+02
    -0.370832384E+02
    -0.370801313E+02
    -0.370729247E+02
    -0.370693196E+02
    -0.370585044E+02
    -0.370440787E+02
    -0.370485874E+02
    -0.370763544E+02
    -0.370744655E+02
    -0.370687987E+02
    -0.370612415E+02
    -0.370636033E+02
    -0.370612415E+02
    -0.370560793E+02
    -0.370534974E+02
    -0.370457514E+02
    -0.370354206E+02
    -0.370386493E+02
    -0.370583613E+02
    -0.370569209E+02
    -0.370525997E+02
    -0.370468373E+02
    -0.370486381E+02
    -0.370468373E+02
    -0.370430928E+02
    -0.370412201E+02
    -0.370356021E+02
    -0.370281098E+02
    -0.370304513E+02
    -0.370446315E+02
    -0.370435284E+02
    -0.370402193E+02
    -0.370358066E+02
    -0.370371856E+02
    -0.370358066E+02
    -0.370330527E+02
    -0.370316755E+02
    -0.370275438E+02
    -0.370220341E+02
    -0.370237560E+02
    -0.370341054E+02
    -0.370332547E+02
    -0.370307025E+02
    -0.370272993E+02
    -0.370283629E+02
    -0.370272993E+02
    -0.370252442E+02
    -0.370242165E+02
    -0.370211334E+02
    -0.370170222E+02
    -0.370183070E+02
    -0.370259759E+02
    -0.370253142E+02
    -0.370233289E+02
    -0.370206817E+02
    -0.370215090E+02
    -0.370206817E+02
    -0.370191256E+02
    -0.370183475E+02
    -0.370160130E+02
    -0.370129002E+02
    -0.370138730E+02
    -0.370196425E+02
    -0.370191229E+02
    -0.370175640E+02
    -0.370154853E+02
    -0.370161349E+02
    -0.370154853E+02
    -0.370142902E+02
    -0.370136926E+02
    -0.370118998E+02
    -0.370095093E+02
    -0.370102564E+02
    -0.370146613E+02
    -0.370142492E+02
    -0.370130132E+02
    -0.370113650E+02
    -0.370118800E+02
    -0.370113650E+02
    -0.370104346E+02
    -0.370099694E+02
    -0.370085738E+02
    -0.370067130E+02
    -0.370072945E+02
    -0.370107052E+02
    -0.370103753E+02
    -0.370093855E+02
    -0.370080659E+02
    -0.370084783E+02
    -0.370080659E+02
    -0.370073323E+02
    -0.370069656E+02
    -0.370058652E+02
    -0.370043980E+02
    -0.370048565E+02
    -0.370075325E+02
    -0.370072659E+02
    -0.370064658E+02
    -0.370053991E+02
    -0.370057325E+02
    -0.370053991E+02
    -0.370048138E+02
    -0.370045211E+02
    -0.370036432E+02
    -0.370024725E+02
    -0.370028383E+02
    -0.370049640E+02
    -0.370047465E+02
    -0.370040939E+02
    -0.370032237E+02
    -0.370034956E+02
    -0.370032237E+02
    -0.370027514E+02
    -0.370025153E+02
    -0.370018069E+02
    -0.370008624E+02
    -0.370011575E+02
    -0.370028656E+02
    -0.370026866E+02
    -0.370021496E+02
    -0.370014335E+02
    -0.370016573E+02
    -0.370014335E+02
    -0.370010485E+02
    -0.370008560E+02
    -0.370002786E+02
    -0.369995086E+02
    -0.369997492E+02
    -0.370011364E+02
    -0.370009879E+02
    -0.370005423E+02
    -0.369999482E+02
    -0.370001338E+02
    -0.369999482E+02
    -0.369996313E+02
    -0.369994729E+02
    -0.369989977E+02
    -0.369983640E+02
    -0.369985620E+02
    -0.369996998E+02
    -0.369995756E+02
    -0.369992030E+02
    -0.369987062E+02
    -0.369988614E+02
    -0.369987062E+02
    -0.369984431E+02
    -0.369983116E+02
    -0.369979169E+02
    -0.369973908E+02
    -0.369975552E+02
    -0.369984970E+02
    -0.369983923E+02
    -0.369980785E+02
    -0.369976600E+02
    -0.369977908E+02
    -0.369976600E+02
    -0.369974398E+02
    -0.369973297E+02
    -0.369969993E+02
    -0.369965589E+02
    -0.369966965E+02
    -0.369974826E+02
    -0.369973939E+02
    -0.369971277E+02
    -0.369967728E+02
    -0.369968837E+02
    -0.369967728E+02
    -0.369965871E+02
    -0.369964942E+02
    -0.369962155E+02
    -0.369958440E+02
    -0.369959601E+02
    -0.369966214E+02
    -0.369965457E+02
    -0.369963185E+02
    -0.369960156E+02
    -0.369961102E+02
    -0.369960156E+02
    -0.369958578E+02
    -0.369957789E+02
    -0.369955421E+02
    -0.369952265E+02
    -0.369953252E+02
    -0.369958855E+02
    -0.369958205E+02
    -0.369956254E+02
    -0.369953653E+02
    -0.369954466E+02
    -0.369953653E+02
    -0.369952304E+02
    -0.369951629E+02
    -0.369949605E+02
    -0.369946907E+02
    -0.369947750E+02
    -0.369952530E+02
    -0.369951969E+02
    -0.369950284E+02
    -0.369948038E+02
    -0.369948740E+02
    -0.369948038E+02
    -0.369946877E+02
    -0.369946297E+02
    -0.369944556E+02
    -0.369942234E+02
    -0.369942960E+02
    -0.369947063E+02
    -0.369946576E+02
    -0.369945113E+02
    -0.369943164E+02
    -0.369943773E+02
    -0.369943164E+02
    -0.369942159E+02
    -0.369941657E+02
    -0.369940151E+02
    -0.369938142E+02
    -0.369938770E+02
    -0.369942313E+02
    -0.369941888E+02
    -0.369940612E+02
    -0.369938911E+02
    -0.369939443E+02
    -0.369938911E+02
    -0.369938038E+02
    -0.369937601E+02
    -0.369936291E+02
    -0.369934544E+02
    -0.369935090E+02
    -0.369938166E+02
    -0.369937793E+02
    -0.369936675E+02
    -0.369935184E+02
    -0.369935650E+02
    -0.369935184E+02
    -0.369934420E+02
    -0.369934039E+02
    -0.369932893E+02
    -0.369931367E+02
    -0.369931844E+02
    -0.369934528E+02
    -0.369934199E+02
    -0.369933215E+02
    -0.369931903E+02
    -0.369932313E+02
    -0.369931903E+02
    -0.369931232E+02
    -0.369930897E+02
    -0.369929891E+02
    -0.369928551E+02
    -0.369928970E+02
    -0.369931322E+02
    -0.369931032E+02
    -0.369930162E+02
    -0.369929002E+02
    -0.369929365E+02
    -0.369929002E+02
    -0.369928411E+02
    -0.369928115E+02
    -0.369927228E+02
    -0.369926046E+02
    -0.369926415E+02
    -0.369928487E+02
    -0.369928230E+02
    -0.369927458E+02
    -0.369926428E+02
    -0.369926750E+02
    -0.369926428E+02
    -0.369925905E+02
    -0.369925643E+02
    -0.369924857E+02
    -0.369923810E+02
    -0.369924138E+02
    -0.369925970E+02
    -0.369925740E+02
    -0.369925053E+02
    -0.369924136E+02
    -0.369924422E+02
    -0.369924136E+02
    -0.369923670E+02
    -0.369923437E+02
    -0.369922739E+02
    -0.369921809E+02
    -0.369922099E+02
    -0.369923726E+02
    -0.369923521E+02
    -0.369922906E+02
    -0.369922087E+02
    -0.369922343E+02
    -0.369922087E+02
    -0.369921671E+02
    -0.369921464E+02
    -0.369920841E+02
    -0.369920010E+02
    -0.369920270E+02
    -0.369921719E+02
    -0.369921535E+02
    -0.369920984E+02
    -0.369920249E+02
    -0.369920479E+02
    -0.369920249E+02
    -0.369919878E+02
    -0.369919692E+02
    -0.369919134E+02
    -0.369918391E+02
    -0.369918623E+02
    -0.369919919E+02
    -0.369919753E+02
    -0.369919258E+02
    -0.369918597E+02
    -0.369918803E+02
    -0.369918597E+02
    -0.369918263E+02
    -0.369918096E+02
    -0.369917595E+02
    -0.369916927E+02
    -0.369917136E+02
    -0.369918298E+02
    -0.369918149E+02
    -0.369917702E+02
    -0.369917106E+02
    -0.369917292E+02
    -0.369917106E+02
    -0.369916805E+02
    -0.369916654E+02
    -0.369916203E+02
    -0.369915602E+02
    -0.369915790E+02
    -0.369916836E+02
    -0.369916701E+02
    -0.369916296E+02
    -0.369915757E+02
    -0.369915925E+02
    -0.369915757E+02
    -0.369915485E+02
    -0.369915349E+02
    -0.369914942E+02
    -0.369914398E+02
    -0.369914568E+02
    -0.369914398E+02
    -0.369914153E+02
    -0.369914031E+02
    -0.369913664E+02
    -0.369913175E+02
    -0.369913328E+02
    -0.369914178E+02
    -0.369914068E+02
    -0.369913739E+02
    -0.369913299E+02
    -0.369913437E+02
    -0.369913299E+02
    -0.369913078E+02
    -0.369912967E+02
    -0.369912636E+02
    -0.369912193E+02
    -0.369912332E+02
    -0.369912193E+02
    -0.369911993E+02
    -0.369911893E+02
    -0.369911592E+02
    -0.369911191E+02
    -0.369911316E+02
    -0.369911191E+02
    -0.369911010E+02
    -0.369910919E+02
    -0.369910647E+02
    -0.369910285E+02
    -0.369910398E+02
    -0.369910285E+02
    -0.369910121E+02
    -0.369910038E+02
    -0.369909792E+02
    -0.369909463E+02
    -0.369909566E+02
    -0.369909463E+02
    -0.369909313E+02
    -0.369909239E+02
    -0.369909014E+02
    -0.369908715E+02
    -0.369908809E+02
    -0.369908715E+02
    -0.369908579E+02
    -0.369908510E+02
    -0.369908306E+02
    -0.369908033E+02
    -0.369908118E+02
    -0.369908033E+02
    -0.369907908E+02
    -0.369907846E+02
    -0.369907659E+02
    -0.369907409E+02
    -0.369907487E+02
    -0.369907409E+02
    -0.369907295E+02
    -0.369907237E+02
    -0.369907066E+02
    -0.369906837E+02
    -0.369906908E+02
    -0.369906837E+02
    -0.369906732E+02
    -0.369906679E+02
    -0.369906521E+02
    -0.369906311E+02
    -0.369906377E+02
    -0.369906311E+02
    -0.369906214E+02
    -0.369906166E+02
    -0.369906020E+02
    -0.369905827E+02
    -0.369905887E+02
    -0.369905827E+02
    -0.369905737E+02
    -0.369905692E+02
    -0.369905558E+02
    -0.369905379E+02
    -0.369905435E+02
    -0.369905379E+02
    -0.369905297E+02
    -0.369905255E+02
    -0.369905131E+02
    -0.369904966E+02
    -0.369905017E+02
    -0.369904966E+02
    -0.369904889E+02
    -0.369904851E+02
    -0.369904736E+02
    -0.369904582E+02
    -0.369904630E+02
    -0.369904582E+02
    -0.369904511E+02
    -0.369904476E+02
    -0.369904369E+02
    -0.369904227E+02
    -0.369904271E+02
    -0.369904227E+02
    -0.369904160E+02
    -0.369904127E+02
    -0.369904028E+02
    -0.369903895E+02
    -0.369903937E+02
    -0.369903895E+02
    -0.369903834E+02
    -0.369903803E+02
    -0.369903710E+02
    -0.369903587E+02
    -0.369903626E+02
    -0.369903587E+02
    -0.369903530E+02
    -0.369903501E+02
    -0.369903414E+02
    -0.369903299E+02
    -0.369903335E+02
    -0.369903299E+02
    -0.369903246E+02
    -0.369903219E+02
    -0.369903138E+02
    -0.369903030E+02
    -0.369903064E+02
    -0.369903030E+02
    -0.369902980E+02
    -0.369902955E+02
    -0.369902879E+02
    -0.369902779E+02
    -0.369902810E+02
    -0.369902779E+02
    -0.369902731E+02
    -0.369902708E+02
    -0.369902637E+02
    -0.369902543E+02
    -0.369902572E+02
    -0.369902543E+02
    -0.369902498E+02
    -0.369902476E+02
    -0.369902410E+02
    -0.369902321E+02
    -0.369902349E+02
    -0.369902321E+02
    -0.369902280E+02
    -0.369902259E+02
    -0.369902196E+02
    -0.369902113E+02
    -0.369902139E+02
    -0.369902113E+02
    -0.369902074E+02
    -0.369902054E+02
    -0.369901996E+02
    -0.369901917E+02
    -0.369901942E+02
    -0.369901917E+02
    -0.369901880E+02
    -0.369901862E+02
    -0.369901807E+02
    -0.369901733E+02
    -0.369901756E+02
    -0.369901733E+02
    -0.369901698E+02
    -0.369901681E+02
    -0.369901628E+02
    -0.369901559E+02
    -0.369901580E+02
    -0.369901559E+02
    -0.369901526E+02
    -0.369901509E+02
    -0.369901460E+02
    -0.369901394E+02
    -0.369901415E+02
    -0.369901394E+02
    -0.369901363E+02
    -0.369901348E+02
    -0.369901301E+02
    -0.369901239E+02
    -0.369901258E+02
    -0.369901239E+02
    -0.369901210E+02
    -0.369901195E+02
    -0.369901151E+02
    -0.369901092E+02
    -0.369901110E+02
    -0.369901092E+02
    -0.369901064E+02
    -0.369901050E+02
    -0.369901008E+02
    -0.369900953E+02
    -0.369900970E+02
    -0.369900953E+02
    -0.369900926E+02
    -0.369900913E+02
    -0.369900873E+02
    -0.369900821E+02
    -0.369900837E+02
    -0.369900821E+02
    -0.369900796E+02
    -0.369900783E+02
    -0.369900745E+02
    -0.369900695E+02
    -0.369900711E+02
    -0.369900695E+02
    -0.369900671E+02
    -0.369900660E+02
    -0.369900624E+02
    -0.369900576E+02
    -0.369900591E+02
    -0.369900576E+02
    -0.369900554E+02
    -0.369900542E+02
    -0.369900508E+02
    -0.369900463E+02
    -0.369900477E+02
    -0.369900463E+02
    -0.369900441E+02
    -0.369900431E+02
    -0.369900398E+02
    -0.369900355E+02
    -0.369900369E+02
    -0.369900355E+02
    -0.369900335E+02
    -0.369900325E+02
    -0.369900294E+02
    -0.369900253E+02
    -0.369900266E+02
    -0.369900253E+02
    -0.369900233E+02
    -0.369900223E+02
    -0.369900194E+02
    -0.369900155E+02
    -0.369900167E+02
    -0.369900155E+02
    -0.369900136E+02
    -0.369900127E+02
    -0.369900099E+02
    -0.369900062E+02
    -0.369900073E+02
    -0.369900062E+02
    -0.369900044E+02
    -0.369900035E+02
    -0.369900008E+02
    -0.369899973E+02
    -0.369899984E+02
    -0.369899973E+02
    -0.369899956E+02
    -0.369899947E+02
    -0.369899922E+02
    -0.369899888E+02
    -0.369899898E+02
    -0.369899888E+02
    -0.369899871E+02
    -0.369899863E+02
    -0.369899839E+02
    -0.369899806E+02
    -0.369899817E+02
    -0.369899806E+02
    -0.369899791E+02
    -0.369899783E+02
    -0.369899760E+02
    -0.369899729E+02
    -0.369899738E+02
    -0.369899729E+02
    -0.369899714E+02
    -0.369899706E+02
    -0.369899684E+02
    -0.369899654E+02
    -0.369899664E+02
    -0.369899654E+02
    -0.369899640E+02
    -0.369899633E+02
    -0.369899611E+02
    -0.369899583E+02
    -0.369899592E+02
    -0.369899583E+02
    -0.369899569E+02
    -0.369899563E+02
    -0.369899542E+02
    -0.369899515E+02
    -0.369899523E+02
    -0.369899515E+02
    -0.369899502E+02
    -0.369899495E+02
    -0.369899475E+02
    -0.369899449E+02
    -0.369899457E+02
    -0.369899449E+02
    -0.369899437E+02
    -0.369899430E+02
    -0.369899412E+02
    -0.369899387E+02
    -0.369899394E+02
    -0.369899387E+02
    -0.369899375E+02
    -0.369899368E+02
    -0.369899350E+02
    -0.369899326E+02
    -0.369899334E+02
    -0.369899326E+02
    -0.369899315E+02
    -0.369899309E+02
    -0.369899292E+02
    -0.369899269E+02
    -0.369899276E+02
    -0.369899269E+02
    -0.369899257E+02
    -0.369899252E+02
    -0.369899235E+02
    -0.369899213E+02
    -0.369899220E+02
    -0.369899213E+02
    -0.369899202E+02
    -0.369899197E+02
    -0.369899181E+02
    -0.369899160E+02
    -0.369899166E+02
    -0.369899160E+02
    -0.369899149E+02
    -0.369899144E+02
    -0.369899129E+02
    -0.369899108E+02
    -0.369899115E+02
    -0.369899108E+02
    -0.369899098E+02
    -0.369899094E+02
    -0.369899079E+02
    -0.369899059E+02
    -0.369899065E+02
    -0.369899059E+02
    -0.369899050E+02
    -0.369899045E+02
    -0.369899031E+02
    -0.369899012E+02
    -0.369899017E+02
    -0.369899012E+02
    -0.369899002E+02
    -0.369898998E+02
    -0.369898984E+02
    -0.369898966E+02
    -0.369898972E+02
    -0.369898966E+02
    -0.369898957E+02
    -0.369898953E+02
    -0.369898939E+02
    -0.369898922E+02
    -0.369898927E+02
    -0.369898922E+02
    -0.369898913E+02
    -0.369898909E+02
    -0.369898896E+02
    -0.369898880E+02
    -0.369898885E+02
    -0.369898880E+02
    -0.369898871E+02
    -0.369898867E+02
    -0.369898855E+02
    -0.369898839E+02
    -0.369898844E+02
    -0.369898839E+02
    -0.369898831E+02
    -0.369898827E+02
    -0.369898815E+02
    -0.369898799E+02
    -0.369898804E+02
    -0.369898799E+02
    -0.369898792E+02
    -0.369898788E+02
    -0.369898777E+02
    -0.369898762E+02
    -0.369898766E+02
    -0.369898762E+02
    -0.369898754E+02
    -0.369898751E+02
    -0.369898740E+02
    -0.369898725E+02
    -0.369898730E+02
    -0.369898725E+02
    -0.369898718E+02
    -0.369898714E+02
    -0.369898704E+02
    -0.369898690E+02
    -0.369898694E+02
    -0.369898690E+02
    -0.369898683E+02
    -0.369898680E+02
    -0.369898669E+02
    -0.369898656E+02
    -0.369898660E+02
    -0.369898656E+02
    -0.369898649E+02
    -0.369898646E+02
    -0.369898636E+02
    -0.369898623E+02
    -0.369898627E+02
    -0.369898623E+02
    -0.369898617E+02
    -0.369898614E+02
    -0.369898604E+02
    -0.369898591E+02
    -0.369898595E+02
    -0.369898591E+02
    -0.369898585E+02
    -0.369898582E+02
    -0.369898573E+02
    -0.369898561E+02
    -0.369898565E+02
    -0.369898561E+02
    -0.369898555E+02
    -0.369898552E+02
    -0.369898543E+02
    -0.369898531E+02
    -0.369898535E+02
    -0.369898531E+02
    -0.369898526E+02
    -0.369898523E+02
    -0.369898514E+02
    -0.369898503E+02
    -0.369898507E+02
    -0.369898503E+02
    -0.369898497E+02
    -0.369898495E+02
    -0.369898486E+02
    -0.369898475E+02
    -0.369898479E+02
    -0.369898475E+02
    -0.369898470E+02
    -0.369898468E+02
    -0.369898460E+02
    -0.369898449E+02
    -0.369898452E+02
    -0.369898449E+02
    -0.369898444E+02
    -0.369898441E+02
    -0.369898434E+02
    -0.369898423E+02
    -0.369898426E+02
    -0.369898423E+02
    -0.369898418E+02
    -0.369898416E+02
    -0.369898408E+02
    -0.369898399E+02
    -0.369898402E+02
    -0.369898399E+02
    -0.369898394E+02
    -0.369898391E+02
    -0.369898384E+02
    -0.369898375E+02
    -0.369898378E+02
    -0.369898375E+02
    -0.369898370E+02
    -0.369898368E+02
    -0.369898361E+02
    -0.369898351E+02
    -0.369898354E+02
    -0.369898351E+02
    -0.369898347E+02
    -0.369898345E+02
    -0.369898338E+02
    -0.369898329E+02
    -0.369898332E+02
    -0.369898329E+02
    -0.369898325E+02
    -0.369898323E+02
    -0.369898316E+02
    -0.369898307E+02
    -0.369898310E+02
    -0.369898307E+02
    -0.369898303E+02
    -0.369898301E+02
    -0.369898295E+02
    -0.369898287E+02
    -0.369898289E+02
    -0.369898287E+02
    -0.369898283E+02
    -0.369898281E+02
    -0.369898274E+02
    -0.369898266E+02
    -0.369898269E+02
    -0.369898266E+02
    -0.369898262E+02
    -0.369898261E+02
    -0.369898255E+02
    -0.369898247E+02
    -0.369898249E+02
    -0.369898247E+02
    -0.369898243E+02
    -0.369898241E+02
    -0.369898236E+02
    -0.369898228E+02
    -0.369898230E+02
    -0.369898228E+02
    -0.369898224E+02
    -0.369898222E+02
    -0.369898217E+02
    -0.369898210E+02
    -0.369898212E+02
    -0.369898210E+02
    -0.369898206E+02
    -0.369898204E+02
    -0.369898199E+02
    -0.369898192E+02
    -0.369898194E+02
    -0.369898192E+02
    -0.369898189E+02
    -0.369898187E+02
    -0.369898182E+02
    -0.369898175E+02
    -0.369898177E+02
    -0.369898175E+02
    -0.369898172E+02
    -0.369898170E+02
    -0.369898165E+02
    -0.369898158E+02
    -0.369898160E+02
    -0.369898158E+02
    -0.369898155E+02
    -0.369898154E+02
    -0.369898149E+02
    -0.369898142E+02
    -0.369898144E+02
    -0.369898142E+02
    -0.369898139E+02
    -0.369898138E+02
    -0.369898133E+02
    -0.369898127E+02
    -0.369898129E+02
    -0.369898127E+02
    -0.369898124E+02
    -0.369898122E+02
    -0.369898118E+02
    -0.369898112E+02
    -0.369898114E+02
    -0.369898112E+02
    -0.369898109E+02
    -0.369898108E+02
    -0.369898103E+02
    -0.369898098E+02
    -0.369898099E+02
    -0.369898098E+02
    -0.369898095E+02
    -0.369898093E+02
    -0.369898089E+02
    -0.369898084E+02
    -0.369898085E+02
    -0.369898084E+02
    -0.369898081E+02
    -0.369898079E+02
    -0.369898075E+02
    -0.369898070E+02
    -0.369898072E+02
    -0.369898070E+02
    -0.369898067E+02
    -0.369898066E+02
    -0.369898062E+02
    -0.369898057E+02
    -0.369898059E+02
    -0.369898057E+02
    -0.369898054E+02
    -0.369898053E+02
    -0.369898049E+02
    -0.369898044E+02
    -0.369898046E+02
    -0.369898044E+02
    -0.369898042E+02
    -0.369898041E+02
    -0.369898037E+02
    -0.369898032E+02
    -0.369898033E+02
    -0.369898032E+02
    -0.369898030E+02
    -0.369898028E+02
    -0.369898025E+02
    -0.369898020E+02
    -0.369898022E+02
    -0.369898020E+02
    -0.369898018E+02
    -0.369898017E+02
    -0.369898013E+02
    -0.369898009E+02
    -0.369898010E+02
    -0.369898009E+02
    -0.369898006E+02
    -0.369898005E+02
    -0.369898002E+02
    -0.369897997E+02
    -0.369897999E+02
    -0.369897997E+02
    -0.369897995E+02
    -0.369897994E+02
    -0.369897991E+02
    -0.369897987E+02
    -0.369897988E+02
    -0.369897987E+02
    -0.369897985E+02
    -0.369897984E+02
    -0.369897980E+02
    -0.369897976E+02
    -0.369897978E+02
    -0.369897976E+02
    -0.369897974E+02
    -0.369897973E+02
    -0.369897970E+02
    -0.369897966E+02
    -0.369897967E+02
    -0.369897966E+02
    -0.369897964E+02
    -0.369897963E+02
    -0.369897960E+02
    -0.369897956E+02
    -0.369897958E+02
    -0.369897956E+02
    -0.369897954E+02
    -0.369897954E+02
    -0.369897951E+02
    -0.369897947E+02
    -0.369897948E+02
    -0.369897947E+02
    -0.369897945E+02
    -0.369897944E+02
    -0.369897941E+02
    -0.369897938E+02
    -0.369897939E+02
    -0.369897938E+02
    -0.369897936E+02
    -0.369897935E+02
    -0.369897932E+02
    -0.369897929E+02
    -0.369897930E+02
    -0.369897929E+02
    -0.369897927E+02
    -0.369897926E+02
    -0.369897924E+02
    -0.369897920E+02
    -0.369897921E+02
    -0.369897920E+02
    -0.369897919E+02
    -0.369897918E+02
    -0.369897915E+02
    -0.369897912E+02
    -0.369897913E+02
    -0.369897912E+02
    -0.369897910E+02
    -0.369897910E+02
    -0.369897907E+02
    -0.369897904E+02
    -0.369897905E+02
    -0.369897904E+02
    -0.369897902E+02
    -0.369897902E+02
    -0.369897899E+02
    -0.369897896E+02
    -0.369897897E+02
    -0.369897896E+02
    -0.369897895E+02
    -0.369897894E+02
    -0.369897892E+02
    -0.369897889E+02
    -0.369897890E+02
    -0.369897889E+02
    -0.369897887E+02
    -0.369897886E+02
    -0.369897884E+02
    -0.369897881E+02
    -0.369897882E+02
    -0.369897881E+02
    -0.369897880E+02
    -0.369897879E+02
    -0.369897877E+02
    -0.369897874E+02
    -0.369897875E+02
    -0.369897874E+02
    -0.369897873E+02
    -0.369897872E+02
    -0.369897870E+02
    -0.369897868E+02
    -0.369897868E+02
    -0.369897868E+02
    -0.369897866E+02
    -0.369897866E+02
    -0.369897864E+02
    -0.369897861E+02
    -0.369897862E+02
    -0.369897861E+02
    -0.369897860E+02
    -0.369897859E+02
    -0.369897857E+02
    -0.369897854E+02
    -0.369897855E+02
    -0.369897854E+02
    -0.369897853E+02
    -0.369897853E+02
    -0.369897851E+02
    -0.369897848E+02
    -0.369897849E+02
    -0.369897848E+02
    -0.369897847E+02
    -0.369897846E+02
    -0.369897845E+02
    -0.369897842E+02
    -0.369897843E+02
    -0.369897842E+02
    -0.369897841E+02
    -0.369897841E+02
    -0.369897839E+02
    -0.369897836E+02
    -0.369897837E+02
    -0.369897836E+02
    -0.369897835E+02
    -0.369897835E+02
    -0.369897833E+02
    -0.369897831E+02
    -0.369897832E+02
    -0.369897831E+02
    -0.369897830E+02
    -0.369897829E+02
    -0.369897828E+02
    -0.369897825E+02
    -0.369897826E+02
    -0.369897825E+02
    -0.369897824E+02
    -0.369897824E+02
    -0.369897822E+02
    -0.369897820E+02
    -0.369897821E+02
    -0.369897820E+02
    -0.369897819E+02
    -0.369897819E+02
    -0.369897817E+02
    -0.369897815E+02
    -0.369897816E+02
    -0.369897815E+02
    -0.369897814E+02
    -0.369897814E+02
    -0.369897812E+02
    -0.369897810E+02
    -0.369897811E+02
    -0.369897810E+02
    -0.369897809E+02
    -0.369897809E+02
    -0.369897807E+02
    -0.369897805E+02
    -0.369897806E+02
    -0.369897805E+02
    -0.369897804E+02
    -0.369897804E+02
    -0.369897802E+02
    -0.369897801E+02
    -0.369897801E+02
    -0.369897801E+02
    -0.369897800E+02
    -0.369897799E+02
    -0.369897798E+02
    -0.369897796E+02
    -0.369897797E+02
    -0.369897796E+02
    -0.369897795E+02
    -0.369897795E+02
    -0.369897794E+02
    -0.369897792E+02
    -0.369897792E+02
    -0.369897792E+02
    -0.369897791E+02
    -0.369897791E+02
    -0.369897789E+02
    -0.369897788E+02
    -0.369897788E+02
    -0.369897788E+02
    -0.369897787E+02
    -0.369897786E+02
    -0.369897785E+02
    -0.369897784E+02
    -0.369897784E+02
    -0.369897784E+02
    -0.369897783E+02
    -0.369897782E+02
    -0.369897781E+02
    -0.369897780E+02
    -0.369897780E+02
    -0.369897780E+02
    -0.369897779E+02
    -0.369897778E+02
    -0.369897777E+02
    -0.369897776E+02
    -0.369897776E+02
    -0.369897776E+02
    -0.369897775E+02
    -0.369897775E+02
    -0.369897774E+02
    -0.369897772E+02
    -0.369897773E+02
    -0.369897772E+02
    -0.369897771E+02
    -0.369897771E+02
    -0.369897770E+02
    -0.369897768E+02
    -0.369897769E+02
    -0.369897768E+02
    -0.369897768E+02
    -0.369897767E+02
    -0.369897766E+02
    -0.369897765E+02
    -0.369897765E+02
    -0.369897765E+02
    -0.369897764E+02
    -0.369897764E+02
    -0.369897763E+02
    -0.369897762E+02
    -0.369897762E+02
    -0.369897762E+02
    -0.369897761E+02
    -0.369897761E+02
    -0.369897760E+02
    -0.369897758E+02
    -0.369897759E+02
    -0.369897758E+02
    -0.369897758E+02
    -0.369897757E+02
    -0.369897757E+02
    -0.369897755E+02
    -0.369897756E+02
    -0.369897755E+02
    -0.369897755E+02
    -0.369897754E+02
    -0.369897753E+02
    -0.369897752E+02
    -0.369897753E+02
    -0.369897752E+02
    -0.369897752E+02
    -0.369897751E+02
    -0.369897750E+02
    -0.369897749E+02
    -0.369897750E+02
    -0.369897749E+02
    -0.369897749E+02
    -0.369897748E+02
    -0.369897748E+02
    -0.369897746E+02
    -0.369897747E+02
    -0.369897746E+02
    -0.369897746E+02
    -0.369897746E+02
    -0.369897745E+02
    -0.369897744E+02
    -0.369897744E+02
    -0.369897744E+02
    -0.369897743E+02
    -0.369897743E+02
    -0.369897742E+02
    -0.369897741E+02
    -0.369897741E+02
    -0.369897741E+02
    -0.369897740E+02
    -0.369897740E+02
    -0.369897739E+02
    -0.369897738E+02
    -0.369897739E+02
    -0.369897738E+02
    -0.369897738E+02
    -0.369897738E+02
    -0.369897737E+02
    -0.369897736E+02
    -0.369897736E+02
    -0.369897736E+02
    -0.369897735E+02
    -0.369897735E+02
    -0.369897734E+02
    -0.369897733E+02
    -0.369897734E+02
    -0.369897733E+02
    -0.369897733E+02
    -0.369897733E+02
    -0.369897732E+02
    -0.369897731E+02
    -0.369897731E+02
    -0.369897731E+02
    -0.369897731E+02
    -0.369897730E+02
    -0.369897730E+02
    -0.369897729E+02
    -0.369897729E+02
    -0.369897729E+02
    -0.369897728E+02
    -0.369897728E+02
    -0.369897727E+02
    -0.369897726E+02
    -0.369897727E+02
    -0.369897726E+02
    -0.369897726E+02
    -0.369897726E+02
    -0.369897725E+02
    -0.369897724E+02
    -0.369897725E+02
    -0.369897724E+02
    -0.369897724E+02
    -0.369897724E+02
    -0.369897723E+02
    -0.369897722E+02
    -0.369897723E+02
    -0.369897722E+02
    -0.369897722E+02
    -0.369897722E+02
    -0.369897721E+02
    -0.369897720E+02
    -0.369897720E+02
    -0.369897720E+02
    -0.369897720E+02
    -0.369897720E+02
    -0.369897719E+02
    -0.369897718E+02
    -0.369897719E+02
    -0.369897718E+02
    -0.369897718E+02
    -0.369897718E+02
    -0.369897717E+02
    -0.369897716E+02
    -0.369897717E+02
    -0.369897716E+02
    -0.369897716E+02
    -0.369897716E+02
    -0.369897715E+02
    -0.369897715E+02
    -0.369897715E+02
    -0.369897715E+02
    -0.369897714E+02
    -0.369897714E+02
    -0.369897713E+02
    -0.369897713E+02
    -0.369897713E+02
    -0.369897713E+02
    -0.369897712E+02
    -0.369897712E+02
    -0.369897712E+02
    -0.369897711E+02
    -0.369897711E+02
    -0.369897711E+02
    -0.369897711E+02
    -0.369897711E+02
    -0.369897710E+02
    -0.369897709E+02
    -0.369897710E+02
    -0.369897709E+02
    -0.369897709E+02
    -0.369897709E+02
    -0.369897708E+02
    -0.369897708E+02
    -0.369897708E+02
    -0.369897708E+02
    -0.369897707E+02
    -0.369897707E+02
    -0.369897707E+02
    -0.369897706E+02
    -0.369897706E+02
    -0.369897706E+02
    -0.369897706E+02
    -0.369897706E+02
    -0.369897705E+02
    -0.369897705E+02
    -0.369897705E+02
    -0.369897705E+02
    -0.369897704E+02
    -0.369897704E+02
    -0.369897704E+02
    -0.369897703E+02
    -0.369897703E+02
    -0.369897703E+02
    -0.369897703E+02
    -0.369897703E+02
    -0.369897702E+02
    -0.369897702E+02
    -0.369897702E+02
    -0.369897702E+02
    -0.369897701E+02
    -0.369897701E+02
    -0.369897701E+02
    -0.369897700E+02
    -0.369897700E+02
    -0.369897700E+02
    -0.369897700E+02
    -0.369897700E+02
    -0.369897700E+02
    -0.369897699E+02
    -0.369897699E+02
    -0.369897699E+02
    -0.369897699E+02
    -0.369897699E+02
    -0.369897698E+02
    -0.369897698E+02
    -0.369897698E+02
    -0.369897698E+02
    -0.369897697E+02
    -0.369897697E+02
    -0.369897697E+02
    -0.369897696E+02
    -0.369897697E+02
    -0.369897696E+02
    -0.369897696E+02
    -0.369897696E+02
    -0.369897696E+02
    -0.369897695E+02
    -0.369897695E+02
    -0.369897695E+02
    -0.369897695E+02
    -0.369897695E+02
    -0.369897694E+02
    -0.369897694E+02
    -0.369897694E+02
    -0.369897694E+02
    -0.369897694E+02
    -0.369897694E+02
    -0.369897693E+02
    -0.369897693E+02
    -0.369897693E+02
    -0.369897693E+02
    -0.369897692E+02
    -0.369897692E+02
    -0.369897692E+02
    -0.369897692E+02
    -0.369897692E+02
    -0.369897692E+02
    -0.369897691E+02
    -0.369897691E+02
    -0.369897691E+02
    -0.369897690E+02
    -0.369897691E+02
    -0.369897690E+02
    -0.369897690E+02
    -0.369897690E+02
    -0.369897690E+02
    -0.369897689E+02
    -0.369897689E+02
    -0.369897689E+02
    -0.369897689E+02
    -0.369897689E+02
    -0.369897689E+02
    -0.369897688E+02
    -0.369897688E+02
    -0.369897688E+02
    -0.369897688E+02
    -0.369897688E+02
    -0.369897688E+02
    -0.369897687E+02
    -0.369897687E+02
    -0.369897687E+02
    -0.369897687E+02
    -0.369897687E+02
    -0.369897687E+02
    -0.369897686E+02
    -0.369897686E+02
    -0.369897686E+02
    -0.369897686E+02
    -0.369897686E+02
    -0.369897686E+02
    -0.369897685E+02
    -0.369897685E+02
    -0.369897685E+02
    -0.369897685E+02
    -0.369897685E+02
    -0.369897685E+02
    -0.369897684E+02
    -0.369897684E+02
    -0.369897684E+02
    -0.369897684E+02
    -0.369897684E+02
    -0.369897684E+02
    -0.369897683E+02
    -0.369897683E+02
    -0.369897683E+02
    -0.369897683E+02
    -0.369897683E+02
    -0.369897682E+02
    -0.369897682E+02
    -0.369897682E+02
    -0.369897682E+02
    -0.369897682E+02
    -0.369897682E+02
    -0.369897681E+02
    -0.369897681E+02
    -0.369897681E+02
    -0.369897681E+02
    -0.369897681E+02
    -0.369897680E+02
    -0.369897680E+02
    -0.369897679E+02
    -0.369897679E+02
    -0.369897681E+02
    -0.369897681E+02
    -0.369897680E+02
    -0.369897680E+02
    -0.369897680E+02
    -0.369897680E+02
    -0.369897680E+02
    -0.369897680E+02
    -0.369897679E+02
    -0.369897679E+02
    -0.369897679E+02
    -0.369897680E+02
    -0.369897680E+02
    -0.369897680E+02
    -0.369897679E+02
    -0.369897679E+02
    -0.369897679E+02
    -0.369897679E+02
    -0.369897679E+02
    -0.369897679E+02
    -0.369897678E+02
    -0.369897678E+02
    -0.369897678E+02
    -0.369897678E+02
    -0.369897678E+02
    -0.369897678E+02
    -0.369897678E+02
    -0.369897678E+02
    -0.369897678E+02
    -0.369897677E+02
    -0.369897677E+02
    -0.369897677E+02
    -0.369897677E+02
    -0.369897677E+02
    -0.369897677E+02
    -0.369897677E+02
    -0.369897677E+02
    -0.369897676E+02
    -0.369897676E+02
    -0.369897676E+02
    -0.369897676E+02
    -0.369897676E+02
    -0.369897676E+02
    -0.369897676E+02
    -0.369897676E+02
    -0.369897676E+02
    -0.369897676E+02
    -0.369897675E+02
    -0.369897675E+02
    -0.369897675E+02
    -0.369897675E+02
    -0.369897675E+02
    -0.369897675E+02
    -0.369897675E+02
    -0.369897675E+02
    -0.369897675E+02
    -0.369897675E+02
    -0.369897675E+02
    -0.369897675E+02
    -0.369897674E+02
    -0.369897674E+02
    -0.369897674E+02
    -0.369897674E+02
    -0.369897674E+02
    -0.369897674E+02
    -0.369897674E+02
    -0.369897674E+02
    -0.369897674E+02
    -0.369897674E+02
    -0.369897674E+02
    -0.369897674E+02
    -0.369897673E+02
    -0.369897673E+02
    -0.369897673E+02
    -0.369897673E+02
    -0.369897673E+02
    -0.369897673E+02
    -0.369897673E+02
    -0.369897673E+02
    -0.369897673E+02
    -0.369897673E+02
    -0.369897673E+02
    -0.369897673E+02
    -0.369897673E+02
    -0.369897673E+02
    -0.369897672E+02
    -0.369897672E+02
    -0.369897672E+02
    -0.369897672E+02
    -0.369897672E+02
    -0.369897672E+02
    -0.369897672E+02
    -0.369897672E+02
    -0.369897672E+02
    -0.369897672E+02
    -0.369897672E+02
    -0.369897672E+02
    -0.369897672E+02
    -0.369897671E+02
    -0.369897671E+02
    -0.369897671E+02
    -0.369897671E+02
    -0.369897671E+02
    -0.369897671E+02
    -0.369897671E+02
    -0.369897671E+02
    -0.369897671E+02
    -0.369897671E+02
    -0.369897671E+02
    -0.369897671E+02
    -0.369897671E+02
    -0.369897671E+02
    -0.369897671E+02
    -0.369897671E+02
    -0.369897671E+02
    -0.369897670E+02
    -0.369897670E+02
    -0.369897670E+02
    -0.369897670E+02
    -0.369897670E+02
    -0.369897670E+02
    -0.369897670E+02
    -0.369897670E+02
    -0.369897670E+02
    -0.369897670E+02
    -0.369897670E+02
    -0.369897670E+02
    -0.369897670E+02
    -0.369897670E+02
    -0.369897670E+02
    -0.369897670E+02
    -0.369897670E+02
    -0.369897670E+02
    -0.369897669E+02
    -0.369897669E+02
    -0.369897669E+02
    -0.369897669E+02
    -0.369897669E+02
    -0.369897669E+02
    -0.369897669E+02
    -0.369897669E+02
    -0.369897669E+02
    -0.369897669E+02
    -0.369897669E+02
    -0.369897669E+02
    -0.369897669E+02
    -0.369897669E+02
    -0.369897669E+02
    -0.369897669E+02
    -0.369897669E+02
    -0.369897669E+02
    -0.369897669E+02
    -0.369897669E+02
    -0.369897669E+02
    -0.369897669E+02
    -0.369897668E+02
    -0.369897668E+02
    -0.369897668E+02
    -0.369897668E+02
    -0.369897668E+02
    -0.369897668E+02
    -0.369897668E+02
    -0.369897668E+02
    -0.369897668E+02
    -0.369897668E+02
    -0.369897668E+02
    -0.369897668E+02
    -0.369897668E+02
    -0.369897668E+02
    -0.369897668E+02
    -0.369897668E+02
    -0.369897668E+02
    -0.369897668E+02
    -0.369897668E+02
    -0.369897668E+02
    -0.369897668E+02
    -0.369897668E+02
    -0.369897668E+02
    -0.369897668E+02
    -0.369897668E+02
    -0.369897668E+02
    -0.369897668E+02
    -0.369897667E+02
    -0.369897667E+02
    -0.369897668E+02
    -0.369897668E+02
    -0.369897668E+02
    -0.369897667E+02
    -0.369897667E+02
    -0.369897667E+02
    -0.369897667E+02
    -0.369897667E+02
    -0.369897667E+02
    -0.369897667E+02
    -0.369897667E+02
    -0.369897667E+02
    -0.369897667E+02
    -0.369897667E+02
    -0.369897667E+02
    -0.369897667E+02
    -0.369897667E+02
    -0.369897667E+02
    -0.369897667E+02
    -0.369897667E+02
    -0.369897667E+02
    -0.369897667E+02
    -0.369897667E+02
    -0.369897667E+02
    -0.369897667E+02
    -0.369897667E+02
    -0.369897667E+02
    -0.369897667E+02
    -0.369897667E+02
    -0.369897667E+02
    -0.369897667E+02
    -0.369897667E+02
    -0.369897667E+02
    -0.369897667E+02
    -0.369897667E+02
    -0.369897667E+02
    -0.369897667E+02
    -0.369897667E+02
    -0.369897668E+02
    -0.369897668E+02
    -0.369897668E+02
    -0.369897668E+02
    -0.369897668E+02
    -0.369897668E+02
    -0.369897668E+02
    -0.369897668E+02
    -0.369897668E+02
    -0.369897668E+02
    -0.369897668E+02
    -0.369897668E+02
    -0.369897668E+02
    -0.369897668E+02
    -0.369897668E+02
    -0.369897668E+02
    -0.369897668E+02
    -0.369897668E+02
    -0.369897668E+02
    -0.369897668E+02
    -0.369897668E+02
    -0.369897668E+02
    -0.369897668E+02
    -0.369897668E+02
    -0.369897668E+02
    -0.369897668E+02
    -0.369897668E+02
    -0.369897668E+02
    -0.369897668E+02
    -0.369897668E+02
    -0.369897668E+02
    -0.369897668E+02
    -0.369897668E+02
    -0.369897668E+02
    -0.369897669E+02
    -0.369897669E+02
    -0.369897669E+02
    -0.369897669E+02
    -0.369897669E+02
    -0.369897669E+02
    -0.369897669E+02
    -0.369897669E+02
    -0.369897669E+02
    -0.369897669E+02
    -0.369897669E+02
    -0.369897669E+02
    -0.369897669E+02
    -0.369897669E+02
    -0.369897669E+02
    -0.369897669E+02
    -0.369897669E+02
    -0.369897669E+02
    -0.369897669E+02
    -0.369897670E+02
    -0.369897670E+02
    -0.369897670E+02
    -0.369897670E+02
    -0.369897670E+02
    -0.369897670E+02
    -0.369897670E+02
    -0.369897670E+02
    -0.369897670E+02
    -0.369897670E+02
    -0.369897670E+02
    -0.369897670E+02
    -0.369897670E+02
    -0.369897671E+02
    -0.369897671E+02
    -0.369897671E+02
    -0.369897671E+02
    -0.369897671E+02
    -0.369897671E+02
    -0.369897671E+02
    -0.369897671E+02
    -0.369897671E+02
    -0.369897671E+02
    -0.369897671E+02
    -0.369897671E+02
    -0.369897672E+02
    -0.369897672E+02
    -0.369897672E+02
    -0.369897672E+02
    -0.369897672E+02
    -0.369897672E+02
    -0.369897672E+02
    -0.369897672E+02
    -0.369897672E+02
    -0.369897672E+02
    -0.369897673E+02
    -0.369897673E+02
    -0.369897673E+02
    -0.369897673E+02
    -0.369897673E+02
    -0.369897673E+02
    -0.369897673E+02
    -0.369897673E+02
    -0.369897674E+02
    -0.369897674E+02
    -0.369897674E+02
    -0.369897674E+02
    -0.369897674E+02
    -0.369897674E+02
    -0.369897674E+02
    -0.369897675E+02
    -0.369897675E+02
    -0.369897675E+02
    -0.369897675E+02
    -0.369897675E+02
    -0.369897675E+02
    -0.369897676E+02
    -0.369897676E+02
    -0.369897676E+02
    -0.369897676E+02
    -0.369897676E+02
    -0.369897676E+02
    -0.369897677E+02
    -0.369897677E+02
    -0.369897677E+02
    -0.369897677E+02
    -0.369897677E+02
    -0.369897677E+02
    -0.369897678E+02
    -0.369897678E+02
    -0.369897678E+02
    -0.369897678E+02
    -0.369897678E+02
    -0.369897678E+02
    -0.369897679E+02
    -0.369897679E+02
    -0.369897679E+02
    -0.369897679E+02
    -0.369897679E+02
    -0.369897680E+02
    -0.369897680E+02
    -0.369897680E+02
    -0.369897680E+02
    -0.369897680E+02
    -0.369897680E+02
    -0.369897681E+02
    -0.369897681E+02
    -0.369897681E+02
    -0.369897681E+02
    -0.369897682E+02
    -0.369897682E+02
    -0.369897682E+02
    -0.369897683E+02
    -0.369897683E+02
    -0.369897683E+02
    -0.369897683E+02
    -0.369897683E+02
    -0.369897684E+02
    -0.369897684E+02
    -0.369897684E+02
    -0.369897684E+02
    -0.369897685E+02
    -0.369897685E+02
    -0.369897685E+02
    -0.369897686E+02
    -0.369897686E+02
    -0.369897686E+02
    -0.369897686E+02
    -0.369897687E+02
    -0.369897687E+02
    -0.369897688E+02
    -0.369897688E+02
    -0.369897688E+02
    -0.369897688E+02
    -0.369897689E+02
    -0.369897689E+02
    -0.369897690E+02
    -0.369897690E+02
    -0.369897690E+02
    -0.369897690E+02
    -0.369897691E+02
    -0.369897691E+02
    -0.369897692E+02
    -0.369897692E+02
    -0.369897692E+02
    -0.369897692E+02
    -0.369897693E+02
    -0.369897693E+02
    -0.369897694E+02
    -0.369897694E+02
    -0.369897694E+02
    -0.369897695E+02
    -0.369897695E+02
    -0.369897696E+02
    -0.369897697E+02
    -0.369897696E+02
    -0.369897697E+02
    -0.369897697E+02
    -0.369897698E+02
    -0.369897698E+02
    -0.369897699E+02
    -0.369897699E+02
    -0.369897699E+02
    -0.369897700E+02
    -0.369897700E+02
    -0.369897701E+02
    -0.369897702E+02
    -0.369897702E+02
    -0.369897702E+02
    -0.369897703E+02
    -0.369897703E+02
    -0.369897704E+02
    -0.369897705E+02
    -0.369897705E+02
    -0.369897705E+02
    -0.369897706E+02
    -0.369897706E+02
    -0.369897707E+02
    -0.369897709E+02
    -0.369897708E+02
    -0.369897709E+02
    -0.369897709E+02
    -0.369897710E+02
    -0.369897711E+02
    -0.369897712E+02
    -0.369897712E+02
    -0.369897712E+02
    -0.369897713E+02
    -0.369897713E+02
    -0.369897714E+02
    -0.369897716E+02
    -0.369897715E+02
    -0.369897716E+02
    -0.369897717E+02
    -0.369897717E+02
    -0.369897718E+02
    -0.369897720E+02
    -0.369897720E+02
    -0.369897720E+02
    -0.369897721E+02
    -0.369897721E+02
    -0.369897723E+02
    -0.369897725E+02
    -0.369897724E+02
    -0.369897725E+02
    -0.369897725E+02
    -0.369897726E+02
    -0.369897727E+02
    -0.369897729E+02
    -0.369897729E+02
    -0.369897729E+02
    -0.369897730E+02
    -0.369897731E+02
    -0.369897732E+02
    -0.369897734E+02
    -0.369897734E+02
    -0.369897734E+02
    -0.369897736E+02
    -0.369897736E+02
    -0.369897738E+02
    -0.369897740E+02
    -0.369897739E+02
    -0.369897740E+02
    -0.369897741E+02
    -0.369897742E+02
    -0.369897743E+02
    -0.369897746E+02
    -0.369897745E+02
    -0.369897746E+02
    -0.369897747E+02
    -0.369897748E+02
    -0.369897750E+02
    -0.369897752E+02
    -0.369897751E+02
    -0.369897752E+02
    -0.369897754E+02
    -0.369897754E+02
    -0.369897756E+02
    -0.369897759E+02
    -0.369897758E+02
    -0.369897759E+02
    -0.369897761E+02
    -0.369897761E+02
    -0.369897763E+02
    -0.369897766E+02
    -0.369897766E+02
    -0.369897766E+02
    -0.369897768E+02
    -0.369897769E+02
    -0.369897771E+02
    -0.369897774E+02
    -0.369897773E+02
    -0.369897774E+02
    -0.369897776E+02
    -0.369897777E+02
    -0.369897779E+02
    -0.369897783E+02
    -0.369897782E+02
    -0.369897783E+02
    -0.369897785E+02
    -0.369897786E+02
    -0.369897788E+02
    -0.369897792E+02
    -0.369897791E+02
    -0.369897792E+02
    -0.369897794E+02
    -0.369897795E+02
    -0.369897798E+02
    -0.369897802E+02
    -0.369897801E+02
    -0.369897802E+02
    -0.369897804E+02
    -0.369897805E+02
    -0.369897808E+02
    -0.369897813E+02
    -0.369897811E+02
    -0.369897813E+02
    -0.369897815E+02
    -0.369897816E+02
    -0.369897819E+02
    -0.369897824E+02
    -0.369897822E+02
    -0.369897824E+02
    -0.369897826E+02
    -0.369897828E+02
    -0.369897831E+02
    -0.369897836E+02
    -0.369897835E+02
    -0.369897836E+02
    -0.369897839E+02
    -0.369897840E+02
    -0.369897844E+02
    -0.369897849E+02
    -0.369897848E+02
    -0.369897849E+02
    -0.369897852E+02
    -0.369897854E+02
    -0.369897858E+02
    -0.369897863E+02
    -0.369897862E+02
    -0.369897863E+02
    -0.369897867E+02
    -0.369897868E+02
    -0.369897873E+02
    -0.369897879E+02
    -0.369897877E+02
    -0.369897879E+02
    -0.369897882E+02
    -0.369897884E+02
    -0.369897889E+02
    -0.369897895E+02
    -0.369897893E+02
    -0.369897895E+02
    -0.369897899E+02
    -0.369897900E+02
    -0.369897906E+02
    -0.369897913E+02
    -0.369897910E+02
    -0.369897913E+02
    -0.369897916E+02
    -0.369897918E+02
    -0.369897924E+02
    -0.369897932E+02
    -0.369897929E+02
    -0.369897932E+02
    -0.369897936E+02
    -0.369897938E+02
    -0.369897944E+02
    -0.369897952E+02
    -0.369897949E+02
    -0.369897952E+02
    -0.369897956E+02
    -0.369897958E+02
    -0.369897965E+02
    -0.369897974E+02
    -0.369897971E+02
    -0.369897974E+02
    -0.369897978E+02
    -0.369897981E+02
    -0.369897988E+02
    -0.369897997E+02
    -0.369897994E+02
    -0.369897997E+02
    -0.369898002E+02
    -0.369898005E+02
    -0.369898012E+02
    -0.369898022E+02
    -0.369898019E+02
    -0.369898022E+02
    -0.369898028E+02
    -0.369898031E+02
    -0.369898039E+02
    -0.369898050E+02
    -0.369898046E+02
    -0.369898050E+02
    -0.369898055E+02
    -0.369898058E+02
    -0.369898067E+02
    -0.369898079E+02
    -0.369898075E+02
    -0.369898079E+02
    -0.369898085E+02
    -0.369898088E+02
    -0.369898098E+02
    -0.369898110E+02
    -0.369898106E+02
    -0.369898110E+02
    -0.369898117E+02
    -0.369898120E+02
    -0.369898130E+02
    -0.369898144E+02
    -0.369898140E+02
    -0.369898144E+02
    -0.369898151E+02
    -0.369898155E+02
    -0.369898166E+02
    -0.369898180E+02
    -0.369898175E+02
    -0.369898180E+02
    -0.369898188E+02
    -0.369898192E+02
    -0.369898203E+02
    -0.369898219E+02
    -0.369898214E+02
    -0.369898219E+02
    -0.369898227E+02
    -0.369898231E+02
    -0.369898244E+02
    -0.369898261E+02
    -0.369898256E+02
    -0.369898261E+02
    -0.369898270E+02
    -0.369898274E+02
    -0.369898288E+02
    -0.369898306E+02
    -0.369898300E+02
    -0.369898306E+02
    -0.369898315E+02
    -0.369898320E+02
    -0.369898335E+02
    -0.369898354E+02
    -0.369898348E+02
    -0.369898354E+02
    -0.369898365E+02
    -0.369898370E+02
    -0.369898385E+02
    -0.369898406E+02
    -0.369898400E+02
    -0.369898406E+02
    -0.369898417E+02
    -0.369898423E+02
    -0.369898440E+02
    -0.369898462E+02
    -0.369898455E+02
    -0.369898462E+02
    -0.369898474E+02
    -0.369898480E+02
    -0.369898498E+02
    -0.369898522E+02
    -0.369898515E+02
    -0.369898522E+02
    -0.369898535E+02
    -0.369898541E+02
    -0.369898561E+02
    -0.369898587E+02
    -0.369898578E+02
    -0.369898587E+02
    -0.369898600E+02
    -0.369898607E+02
    -0.369898628E+02
    -0.369898656E+02
    -0.369898647E+02
    -0.369898656E+02
    -0.369898671E+02
    -0.369898678E+02
    -0.369898701E+02
    -0.369898731E+02
    -0.369898721E+02
    -0.369898731E+02
    -0.369898747E+02
    -0.369898755E+02
    -0.369898779E+02
    -0.369898811E+02
    -0.369898801E+02
    -0.369898811E+02
    -0.369898828E+02
    -0.369898837E+02
    -0.369898862E+02
    -0.369898897E+02
    -0.369898886E+02
    -0.369898897E+02
    -0.369898915E+02
    -0.369898925E+02
    -0.369898952E+02
    -0.369898989E+02
    -0.369898978E+02
    -0.369898989E+02
    -0.369899009E+02
    -0.369899019E+02
    -0.369899049E+02
    -0.369899089E+02
    -0.369899076E+02
    -0.369899089E+02
    -0.369899110E+02
    -0.369899121E+02
    -0.369899153E+02
    -0.369899196E+02
    -0.369899183E+02
    -0.369899196E+02
    -0.369899219E+02
    -0.369899230E+02
    -0.369899265E+02
    -0.369899311E+02
    -0.369899297E+02
    -0.369899311E+02
    -0.369899336E+02
    -0.369899348E+02
    -0.369899385E+02
    -0.369899434E+02
    -0.369899419E+02
    -0.369899434E+02
    -0.369899461E+02
    -0.369899474E+02
    -0.369899514E+02
    -0.369899567E+02
    -0.369899551E+02
    -0.369899567E+02
    -0.369899596E+02
    -0.369899610E+02
    -0.369899653E+02
    -0.369899710E+02
    -0.369899692E+02
    -0.369899710E+02
    -0.369899741E+02
    -0.369899756E+02
    -0.369899802E+02
    -0.369899864E+02
    -0.369899844E+02
    -0.369899864E+02
    -0.369899897E+02
    -0.369899913E+02
    -0.369899962E+02
    -0.369900028E+02
    -0.369900008E+02
    -0.369900028E+02
    -0.369900064E+02
    -0.369900082E+02
    -0.369900135E+02
    -0.369900206E+02
    -0.369900184E+02
    -0.369900206E+02
    -0.369900244E+02
    -0.369900263E+02
    -0.369900320E+02
    -0.369900396E+02
    -0.369900372E+02
    -0.369900396E+02
    -0.369900437E+02
    -0.369900458E+02
    -0.369900519E+02
    -0.369900601E+02
    -0.369900575E+02
    -0.369900601E+02
    -0.369900645E+02
    -0.369900667E+02
    -0.369900733E+02
    -0.369900821E+02
    -0.369900794E+02
    -0.369900821E+02
    -0.369900868E+02
    -0.369900892E+02
    -0.369900963E+02
    -0.369901058E+02
    -0.369901028E+02
    -0.369901058E+02
    -0.369901109E+02
    -0.369901134E+02
    -0.369901210E+02
    -0.369901312E+02
    -0.369901280E+02
    -0.369901312E+02
    -0.369901367E+02
    -0.369901394E+02
    -0.369901476E+02
    -0.369901585E+02
    -0.369901551E+02
    -0.369901585E+02
    -0.369901644E+02
    -0.369901673E+02
    -0.369901761E+02
    -0.369901879E+02
    -0.369901842E+02
    -0.369901879E+02
    -0.369901942E+02
    -0.369901974E+02
    -0.369902068E+02
    -0.369902194E+02
    -0.369902155E+02
    -0.369902194E+02
    -0.369902262E+02
    -0.369902296E+02
    -0.369902398E+02
    -0.369902534E+02
    -0.369902491E+02
    -0.369902534E+02
    -0.369902607E+02
    -0.369902643E+02
    -0.369902752E+02
    -0.369902898E+02
    -0.369902853E+02
    -0.369902898E+02
    -0.369902977E+02
    -0.369903016E+02
    -0.369903133E+02
    -0.369903290E+02
    -0.369903241E+02
    -0.369903290E+02
    -0.369903374E+02
    -0.369903416E+02
    -0.369903543E+02
    -0.369903711E+02
    -0.369903658E+02
    -0.369903711E+02
    -0.369903802E+02
    -0.369903847E+02
    -0.369903983E+02
    -0.369904163E+02
    -0.369904107E+02
    -0.369904163E+02
    -0.369904261E+02
    -0.369904309E+02
    -0.369904455E+02
    -0.369904650E+02
    -0.369904589E+02
    -0.369904650E+02
    -0.369904754E+02
    -0.369904807E+02
    -0.369904963E+02
    -0.369905172E+02
    -0.369905107E+02
    -0.369905172E+02
    -0.369905285E+02
    -0.369905341E+02
    -0.369905509E+02
    -0.369905734E+02
    -0.369905664E+02
    -0.369905734E+02
    -0.369905855E+02
    -0.369905915E+02
    -0.369906096E+02
    -0.369906337E+02
    -0.369906262E+02
    -0.369906337E+02
    -0.369906467E+02
    -0.369906532E+02
    -0.369906727E+02
    -0.369906986E+02
    -0.369906905E+02
    -0.369906986E+02
    -0.369907125E+02
    -0.369907195E+02
    -0.369907404E+02
    -0.369907683E+02
    -0.369907596E+02
    -0.369907683E+02
    -0.369907833E+02
    -0.369907907E+02
    -0.369908132E+02
    -0.369908432E+02
    -0.369908338E+02
    -0.369908432E+02
    -0.369908593E+02
    -0.369908673E+02
    -0.369908914E+02
    -0.369909236E+02
    -0.369909136E+02
    -0.369909236E+02
    -0.369909409E+02
    -0.369909496E+02
    -0.369909755E+02
    -0.369910101E+02
    -0.369909993E+02
    -0.369910101E+02
    -0.369910287E+02
    -0.369910379E+02
    -0.369910658E+02
    -0.369911030E+02
    -0.369910914E+02
    -0.369911030E+02
    -0.369911229E+02
    -0.369911329E+02
    -0.369911629E+02
    -0.369912028E+02
    -0.369911903E+02
    -0.369912028E+02
    -0.369912242E+02
    -0.369912350E+02
    -0.369912671E+02
    -0.369913100E+02
    -0.369912966E+02
    -0.369913100E+02
    -0.369913331E+02
    -0.369913446E+02
    -0.369913792E+02
    -0.369914252E+02
    -0.369914108E+02
    -0.369914252E+02
    -0.369914500E+02
    -0.369914624E+02
    -0.369914995E+02
    -0.369915490E+02
    -0.369915336E+02
    -0.369915490E+02
    -0.369915756E+02
    -0.369915889E+02
    -0.369916288E+02
    -0.369916820E+02
    -0.369916654E+02
    -0.369916820E+02
    -0.369917106E+02
    -0.369917249E+02
    -0.369917677E+02
    -0.369918249E+02
    -0.369918070E+02
    -0.369918249E+02
    -0.369918556E+02
    -0.369918709E+02
    -0.369919169E+02
    -0.369919783E+02
    -0.369919591E+02
    -0.369919783E+02
    -0.369920113E+02
    -0.369920278E+02
    -0.369920772E+02
    -0.369921431E+02
    -0.369921225E+02
    -0.369921431E+02
    -0.369921786E+02
    -0.369921963E+02
    -0.369922494E+02
    -0.369923202E+02
    -0.369922981E+02
    -0.369923202E+02
    -0.369923582E+02
    -0.369923773E+02
    -0.369924343E+02
    -0.369925104E+02
    -0.369924866E+02
    -0.369925104E+02
    -0.369925512E+02
    -0.369925716E+02
    -0.369926329E+02
    -0.369927146E+02
    -0.369926891E+02
    -0.369927146E+02
    -0.369927585E+02
    -0.369927804E+02
    -0.369928462E+02
    -0.369929339E+02
    -0.369929065E+02
    -0.369929339E+02
    -0.369929811E+02
    -0.369930046E+02
    -0.369930753E+02
    -0.369931695E+02
    -0.369931400E+02
    -0.369931695E+02
    -0.369932201E+02
    -0.369932454E+02
    -0.369933212E+02
    -0.369934224E+02
    -0.369933908E+02
    -0.369934224E+02
    -0.369934767E+02
    -0.369935039E+02
    -0.369935853E+02
    -0.369936939E+02
    -0.369936600E+02
    -0.369936939E+02
    -0.369937522E+02
    -0.369937814E+02
    -0.369938689E+02
    -0.369939854E+02
    -0.369939490E+02
    -0.369939854E+02
    -0.369940481E+02
    -0.369940794E+02
    -0.369941732E+02
    -0.369942984E+02
    -0.369942593E+02
    -0.369942984E+02
    -0.369943656E+02
    -0.369943992E+02
    -0.369945000E+02
    -0.369946343E+02
    -0.369945923E+02
    -0.369946343E+02
    -0.369947065E+02
    -0.369947425E+02
    -0.369948507E+02
    -0.369949949E+02
    -0.369949498E+02
    -0.369949949E+02
    -0.369950723E+02
    -0.369951110E+02
    -0.369952271E+02
    -0.369953818E+02
    -0.369953334E+02
    -0.369953818E+02
    -0.369954649E+02
    -0.369955064E+02
    -0.369956310E+02
    -0.369957970E+02
    -0.369957451E+02
    -0.369957970E+02
    -0.369958861E+02
    -0.369959307E+02
    -0.369960643E+02
    -0.369962424E+02
    -0.369961868E+02
    -0.369962424E+02
    -0.369963381E+02
    -0.369963859E+02
    -0.369965292E+02
    -0.369967202E+02
    -0.369966606E+02
    -0.369967202E+02
    -0.369968229E+02
    -0.369968741E+02
    -0.369970279E+02
    -0.369972328E+02
    -0.369971688E+02
    -0.369972328E+02
    -0.369973428E+02
    -0.369973978E+02
    -0.369975627E+02
    -0.369977824E+02
    -0.369977138E+02
    -0.369977824E+02
    -0.369979004E+02
    -0.369979593E+02
    -0.369981362E+02
    -0.369983717E+02
    -0.369982981E+02
    -0.369983717E+02
    -0.369984982E+02
    -0.369985614E+02
    -0.369987510E+02
    -0.369990034E+02
    -0.369989246E+02
    -0.369990034E+02
    -0.369991391E+02
    -0.369992068E+02
    -0.369994099E+02
    -0.369996805E+02
    -0.369995960E+02
    -0.369996805E+02
    -0.369998259E+02
    -0.369998984E+02
    -0.370001161E+02
    -0.370004060E+02
    -0.370003155E+02
    -0.370004060E+02
    -0.370005618E+02
    -0.370006395E+02
    -0.370008727E+02
    -0.370011833E+02
    -0.370010863E+02
    -0.370011833E+02
    -0.370013500E+02
    -0.370014333E+02
    -0.370016831E+02
    -0.370020156E+02
    -0.370019118E+02
    -0.370020156E+02
    -0.370021942E+02
    -0.370022834E+02
    -0.370025508E+02
    -0.370029069E+02
    -0.370027957E+02
    -0.370029069E+02
    -0.370030981E+02
    -0.370031935E+02
    -0.370034797E+02
    -0.370038608E+02
    -0.370037418E+02
    -0.370038608E+02
    -0.370040654E+02
    -0.370041675E+02
    -0.370044737E+02
    -0.370048814E+02
    -0.370047541E+02
    -0.370048814E+02
    -0.370051003E+02
    -0.370052095E+02
    -0.370055371E+02
    -0.370059731E+02
    -0.370058370E+02
    -0.370059731E+02
    -0.370062072E+02
    -0.370063239E+02
    -0.370066742E+02
    -0.370071403E+02
    -0.370069948E+02
    -0.370071403E+02
    -0.370073905E+02
    -0.370075153E+02
    -0.370078896E+02
    -0.370083877E+02
    -0.370082322E+02
    -0.370083877E+02
    -0.370086550E+02
    -0.370087883E+02
    -0.370091882E+02
    -0.370097201E+02
    -0.370095540E+02
    -0.370097201E+02
    -0.370100056E+02
    -0.370101479E+02
    -0.370105749E+02
    -0.370111427E+02
    -0.370109654E+02
    -0.370111427E+02
    -0.370114474E+02
    -0.370115993E+02
    -0.370120549E+02
    -0.370126607E+02
    -0.370124716E+02
    -0.370126607E+02
    -0.370129857E+02
    -0.370131477E+02
    -0.370136335E+02
    -0.370142794E+02
    -0.370140778E+02
    -0.370142794E+02
    -0.370146260E+02
    -0.370147986E+02
    -0.370153163E+02
    -0.370160045E+02
    -0.370157897E+02
    -0.370160045E+02
    -0.370163737E+02
    -0.370165575E+02
    -0.370171089E+02
    -0.370178416E+02
    -0.370176129E+02
    -0.370178416E+02
    -0.370182345E+02
    -0.370184301E+02
    -0.370190168E+02
    -0.370197963E+02
    -0.370195531E+02
    -0.370197963E+02
    -0.370202142E+02
    -0.370204222E+02
    -0.370210460E+02
    -0.370218744E+02
    -0.370216159E+02
    -0.370218744E+02
    -0.370223185E+02
    -0.370225394E+02
    -0.370232019E+02
    -0.370240815E+02
    -0.370238071E+02
    -0.370240815E+02
    -0.370245530E+02
    -0.370247873E+02
    -0.370254902E+02
    -0.370264231E+02
    -0.370261321E+02
    -0.370264231E+02
    -0.370269231E+02
    -0.370271714E+02
    -0.370279164E+02
    -0.370289046E+02
    -0.370285964E+02
    -0.370289046E+02
    -0.370294340E+02
    -0.370296968E+02
    -0.370304853E+02
    -0.370315307E+02
    -0.370312048E+02
    -0.370315307E+02
    -0.370320906E+02
    -0.370323684E+02
    -0.370332017E+02
    -0.370343060E+02
    -0.370339617E+02
    -0.370343060E+02
    -0.370348972E+02
    -0.370351903E+02
    -0.370360696E+02
    -0.370372341E+02
    -0.370368712E+02
    -0.370372341E+02
    -0.370378574E+02
    -0.370381661E+02
    -0.370390922E+02
    -0.370403179E+02
    -0.370399360E+02
    -0.370403179E+02
    -0.370409737E+02
    -0.370412982E+02
    -0.370422716E+02
    -0.370435591E+02
    -0.370431580E+02
    -0.370435591E+02
    -0.370442475E+02
    -0.370445879E+02
    -0.370456088E+02
    -0.370469579E+02
    -0.370465378E+02
    -0.370469579E+02
    -0.370476790E+02
    -0.370480350E+02
    -0.370491029E+02
    -0.370505128E+02
    -0.370500740E+02
    -0.370505128E+02
    -0.370512659E+02
    -0.370516373E+02
    -0.370527512E+02
    -0.370542201E+02
    -0.370537631E+02
    -0.370542201E+02
    -0.370550042E+02
    -0.370553902E+02
    -0.370565482E+02
    -0.370580733E+02
    -0.370575990E+02
    -0.370580733E+02
    -0.370588868E+02
    -0.370592865E+02
    -0.370604857E+02
    -0.370620626E+02
    -0.370615725E+02
    -0.370620626E+02
    -0.370629031E+02
    -0.370633152E+02
    -0.370645514E+02
    -0.370661744E+02
    -0.370656703E+02
    -0.370661744E+02
    -0.370670384E+02
    -0.370674611E+02
    -0.370687289E+02
    -0.370703900E+02
    -0.370698745E+02
    -0.370703899E+02
    -0.370712732E+02
    -0.370717040E+02
    -0.370729961E+02
    -0.370746851E+02
    -0.370741615E+02
    -0.370746851E+02
    -0.370755818E+02
    -0.370760176E+02
    -0.370773248E+02
    -0.370790286E+02
    -0.370785010E+02
    -0.370790285E+02
    -0.370799315E+02
    -0.370803684E+02
    -0.370816790E+02
    -0.370833809E+02
    -0.370828546E+02
    -0.370833808E+02
    -0.370842810E+02
    -0.370847141E+02
    -0.370860133E+02
    -0.370876930E+02
    -0.370871746E+02
    -0.370876929E+02
    -0.370885788E+02
    -0.370890022E+02
    -0.370902720E+02
    -0.370919042E+02
    -0.370914016E+02
    -0.370919041E+02
    -0.370927618E+02
    -0.370931680E+02
    -0.370943862E+02
    -0.370959400E+02
    -0.370954631E+02
    -0.370959399E+02
    -0.370967525E+02
    -0.370971324E+02
    -0.370982722E+02
    -0.370997100E+02
    -0.370992707E+02
    -0.370997098E+02
    -0.371004566E+02
    -0.371007996E+02
    -0.371018280E+02
    -0.371031047E+02
    -0.371027173E+02
    -0.371031044E+02
    -0.371037606E+02
    -0.371040533E+02
    -0.371049313E+02
    -0.371059922E+02
    -0.371056741E+02
    -0.371059919E+02
    -0.371065274E+02
    -0.371067543E+02
    -0.371074345E+02
    -0.371082144E+02
    -0.371079862E+02
    -0.371082140E+02
    -0.371085932E+02
    -0.371087354E+02
    -0.371091615E+02
    -0.371095825E+02
    -0.371094689E+02
    -0.371095820E+02
    -0.371097622E+02
    -0.371097974E+02
    -0.371099023E+02
    -0.371098716E+02
    -0.371099020E+02
    -0.371098710E+02
    -0.371098014E+02
    -0.371097030E+02
    -0.371094069E+02
    -0.371088146E+02
    -0.371090239E+02
    -0.371088140E+02
    -0.371084344E+02
    -0.371081709E+02
    -0.371073795E+02
    -0.371060954E+02
    -0.371065247E+02
    -0.371060946E+02
    -0.371053340E+02
    -0.371048682E+02
    -0.371034698E+02
    -0.371013403E+02
    -0.371020382E+02
    -0.371013393E+02
    -0.371001136E+02
    -0.370994017E+02
    -0.370972648E+02
    -0.370941088E+02
    -0.370951325E+02
    -0.370941076E+02
    -0.370923178E+02
    -0.370913082E+02
    -0.370882781E+02
    -0.370838825E+02
    -0.370852995E+02
    -0.370838810E+02
    -0.370814110E+02
    -0.370800431E+02
    -0.370759379E+02
    -0.370700527E+02
    -0.370719420E+02
    -0.370700509E+02
    -0.370667642E+02
    -0.370649670E+02
    -0.370595735E+02
    -0.370519058E+02
    -0.370543601E+02
    -0.370519037E+02
    -0.370476405E+02
    -0.370453308E+02
    -0.370383996E+02
    -0.370286066E+02
    -0.370317342E+02
    -0.370286041E+02
    -0.370231776E+02
    -0.370202583E+02
    -0.370114979E+02
    -0.369991794E+02
    -0.370031067E+02
    -0.369991764E+02
    -0.369923687E+02
    -0.369887264E+02
    -0.369777966E+02
    -0.369624860E+02
    -0.369673605E+02
    -0.369624824E+02
    -0.369540393E+02
    -0.369495421E+02
    -0.369360469E+02
    -0.369172009E+02
    -0.369231942E+02
    -0.369171966E+02
    -0.369068224E+02
    -0.369013168E+02
    -0.368847957E+02
    -0.368617830E+02
    -0.368690944E+02
    -0.368617779E+02
    -0.368491291E+02
    -0.368424369E+02
    -0.368223554E+02
    -0.367944435E+02
    -0.368033044E+02
    -0.367944374E+02
    -0.367791159E+02
    -0.367710306E+02
    -0.367467691E+02
    -0.367131094E+02
    -0.367237877E+02
    -0.367131022E+02
    -0.366946469E+02
    -0.366849297E+02
    -0.366557716E+02
    -0.366153830E+02
    -0.366281884E+02
    -0.366153745E+02
    -0.365932527E+02
    -0.365816278E+02
    -0.365467454E+02
    -0.364984957E+02
    -0.365137854E+02
    -0.364984857E+02
    -0.364720828E+02
    -0.364582322E+02
    -0.364166718E+02
    -0.363592566E+02
    -0.363774423E+02
    -0.363592449E+02
    -0.363278534E+02
    -0.363114115E+02
    -0.362620757E+02
    -0.361939957E+02
    -0.362155503E+02
    -0.361939820E+02
    -0.361567892E+02
    -0.361373360E+02
    -0.360789655E+02
    -0.359985005E+02
    -0.360239664E+02
    -0.359984846E+02
    -0.359545586E+02
    -0.359316134E+02
    -0.358627655E+02
    -0.357679467E+02
    -0.357979447E+02
    -0.357679282E+02
    -0.357162033E+02
    -0.356892166E+02
    -0.356082429E+02
    -0.354968222E+02
    -0.355320609E+02
    -0.354968009E+02
    -0.354360608E+02
    -0.354044063E+02
    -0.353094278E+02
    -0.351788450E+02
    -0.352201311E+02
    -0.351788205E+02
    -0.351076811E+02
    -0.350706466E+02
    -0.349595274E+02
    -0.348068742E+02
    -0.348551237E+02
    -0.348068463E+02
    -0.347237364E+02
    -0.346805147E+02
    -0.345508332E+02
    -0.343728160E+02
    -0.344290661E+02
    -0.343727844E+02
    -0.342759258E+02
    -0.342256046E+02
    -0.340746240E+02
    -0.338675243E+02
    -0.339329453E+02
    -0.338674886E+02
    -0.337548749E+02
    -0.336964261E+02
    -0.335210633E+02
    -0.332806965E+02
    -0.333566050E+02
    -0.332806565E+02
    -0.331500313E+02
    -0.330823007E+02
    -0.328790938E+02
    -0.326007677E+02
    -0.326886392E+02
    -0.326007235E+02
    -0.324495576E+02
    -0.323712539E+02
    -0.321363304E+02
    -0.318148033E+02
    -0.319162851E+02
    -0.318147548E+02
    -0.316402241E+02
    -0.315499082E+02
    -0.312789525E+02
    -0.309083922E+02
    -0.310253163E+02
    -0.309083396E+02
    -0.307073024E+02
    -0.306033770E+02
    -0.302915994E+02
    -0.298655441E+02
    -0.299999388E+02
    -0.298654880E+02
    -0.296344631E+02
    -0.295151626E+02
    -0.291572695E+02
    -0.286685915E+02
    -0.288226925E+02
    -0.286685328E+02
    -0.284254287E+02
    -0.283003436E+02
    -0.279251061E+02
    -0.274140744E+02
    -0.275750686E+02
    -0.274140284E+02
    -0.271698434E+02
    -0.270447083E+02
    -0.266693247E+02
    -0.261595753E+02
    -0.263199917E+02
    -0.271970339E+02
    -0.270861328E+02
    -0.267534446E+02
    -0.263025412E+02
    -0.264443370E+02
    -0.263025194E+02
    -0.260744098E+02
    -0.259580143E+02
    -0.256088467E+02
    -0.251361652E+02
    -0.252847433E+02
    -0.251361472E+02
    -0.248759084E+02
    -0.247430924E+02
    -0.243446733E+02
    -0.238052600E+02
    -0.239748201E+02
    -0.238052410E+02
    -0.235015038E+02
    -0.233464037E+02
    -0.228811495E+02
    -0.222510324E+02
    -0.224491291E+02
    -0.222510121E+02
    -0.219039874E+02
    -0.217267990E+02
    -0.211953011E+02
    -0.204755503E+02
    -0.207018148E+02
    -0.204755321E+02
    -0.200839296E+02
    -0.198840773E+02
    -0.192846139E+02
    -0.184731525E+02
    -0.187282074E+02
    -0.184731398E+02
    -0.180350160E+02
    -0.178115923E+02
    -0.171414451E+02
    -0.162348506E+02
    -0.165197409E+02
    -0.162348469E+02
    -0.157478391E+02
    -0.154997257E+02
    -0.147555444E+02
    -0.137495484E+02
    -0.140655837E+02
    -0.137495570E+02
    -0.132109600E+02
    -0.129368682E+02
    -0.121147915E+02
    -0.110044473E+02
    -0.113531490E+02
    -0.110044716E+02
    -0.104112155E+02
    -0.101096764E+02
    -0.920530199E+01
    -0.798494749E+01
    -0.836805975E+01
    -0.798499065E+01
    -0.733353478E+01
    -0.700284598E+01
    -0.601107102E+01
    -0.467411630E+01
    -0.509367229E+01
    -0.467418118E+01
    -0.400520651E+01
    -0.366637701E+01
    -0.265017174E+01
    -0.128249369E+01
    -0.171142826E+01
    -0.128256806E+01
    -0.616367478E+00
    -0.279691331E+00
     0.730086847E+00
     0.208693564E+01
     0.166165665E+01
     0.208686200E+01
     0.271841276E+01
     0.303686674E+01
     0.399203791E+01
     0.527345940E+01
     0.487206580E+01
     0.527339842E+01
     0.595414046E+01
     0.629712689E+01
     0.732587208E+01
     0.870515293E+01
     0.827320872E+01
     0.870508174E+01
     0.949332119E+01
     0.989033866E+01
     0.110810972E+02
     0.126770984E+02
     0.121773487E+02
     0.126769990E+02
     0.135671141E+02
     0.140151182E+02
     0.153587658E+02
     0.171586199E+02
     0.165951714E+02
     0.171584956E+02
     0.181483394E+02
     0.186460511E+02
     0.201387664E+02
     0.221367715E+02
     0.215114802E+02
     0.221366299E+02
     0.232241147E+02
     0.237703072E+02
     0.254084371E+02
     0.275992018E+02
     0.269138160E+02
     0.275990566E+02
     0.287813968E+02
     0.293745362E+02
     0.311535164E+02
     0.335305767E+02
     0.327871625E+02
     0.335304480E+02
     0.348045058E+02
     0.354429466E+02
     0.373578869E+02
     0.399145533E+02
     0.391152217E+02
     0.399144662E+02
     0.412779407E+02
     0.419605389E+02
     0.440080580E+02
     0.467399130E+02
     0.458860333E+02
     0.467398960E+02
     0.481929292E+02
     0.489198548E+02
     0.511005151E+02
     0.540086849E+02
     0.530998592E+02
     0.540087683E+02
     0.555556071E+02
     0.563291802E+02
     0.586499958E+02
     0.617445106E+02
     0.607775220E+02
     0.617447269E+02
     0.633190480E+02
     0.641063947E+02
     0.664687538E+02
     0.696190985E+02
     0.686346062E+02
     0.696194324E+02
     0.711904501E+02
     0.719764863E+02
     0.743350876E+02
     0.774817746E+02
     0.764982534E+02
     0.774821901E+02
     0.790636288E+02
     0.798554817E+02
     0.822316800E+02
     0.854039571E+02
     0.844121738E+02
     0.854044444E+02
     0.870040792E+02
     0.878058686E+02
     0.902120027E+02
     0.934270123E+02
     0.924215257E+02
     0.934275613E+02
     0.950504946E+02
     0.958649752E+02
     0.983092897E+02
     0.101578631E+03
     0.100555742E+03
     0.101579232E+03
     0.103229204E+03
     0.104058417E+03
     0.106547018E+03
     0.109879342E+03
     0.108836285E+03
     0.109879984E+03
     0.111560019E+03
     0.112405612E+03
     0.114943424E+03
     0.118345695E+03
     0.117280245E+03
     0.118346368E+03
     0.120059102E+03
     0.120922490E+03
     0.123513740E+03
     0.126991875E+03
     0.125902148E+03
     0.126992570E+03
     0.128743496E+03
     0.129627513E+03
     0.132280697E+03
     0.135846278E+03
     0.134728624E+03
     0.135846991E+03
     0.137639298E+03
     0.138545578E+03
     0.141265589E+03
     0.144925248E+03
     0.143777581E+03
     0.144925974E+03
     0.146762106E+03
     0.147691874E+03
     0.150482373E+03
     0.154240977E+03
     0.153061779E+03
     0.154241711E+03
     0.156123934E+03
     0.157078293E+03
     0.159942578E+03
     0.163804414E+03
     0.162592359E+03
     0.163805151E+03
     0.165735484E+03
     0.166715385E+03
     0.169656303E+03
     0.173624965E+03
     0.172378955E+03
     0.173625702E+03
     0.175605845E+03
     0.176612056E+03
     0.179631902E+03
     0.183710179E+03
     0.182429376E+03
     0.183710912E+03
     0.185742167E+03
     0.186775236E+03
     0.189875647E+03
     0.194065386E+03
     0.192749255E+03
     0.194066114E+03
     0.196149289E+03
     0.197209501E+03
     0.200391326E+03
     0.204693268E+03
     0.203341625E+03
     0.204693988E+03
     0.206829281E+03
     0.207916601E+03
     0.211179726E+03
     0.215593288E+03
     0.214206369E+03
     0.215593998E+03
     0.217780839E+03
     0.218894832E+03
     0.222237951E+03
     0.226760914E+03
     0.225339471E+03
     0.226761610E+03
     0.228998448E+03
     0.230138176E+03
     0.233558462E+03
     0.238186535E+03
     0.236731973E+03
     0.238187215E+03
     0.240471210E+03
     0.241635071E+03
     0.245127717E+03
     0.249853911E+03
     0.248368486E+03
     0.249854571E+03
     0.252181155E+03
     0.253366662E+03
     0.256924194E+03
     0.261737902E+03
     0.260225007E+03
     0.261738537E+03
     0.264100742E+03
     0.265304175E+03
     0.268915428E+03
     0.273801018E+03
     0.272265629E+03
     0.273801622E+03
     0.276189011E+03
     0.277404873E+03
     0.281053343E+03
     0.285987928E+03
     0.284437306E+03
     0.285988496E+03
     0.288385347E+03
     0.289605429E+03
     0.293266477E+03
     0.298216113E+03
     0.296660999E+03
     0.298216635E+03
     0.300598528E+03
     0.301810163E+03
     0.305445771E+03
     0.310358336E+03
     0.308815193E+03
     0.310358802E+03
     0.312685204E+03
     0.313867472E+03
     0.317414865E+03
     0.322204614E+03
     0.320700486E+03
     0.322205009E+03
     0.324398513E+03
     0.325511638E+03
     0.328851455E+03
     0.333355883E+03
     0.331941965E+03
     0.333356186E+03
     0.335547639E+03
     0.336659171E+03
     0.339994166E+03
     0.344490337E+03
     0.343079223E+03
     0.344490614E+03
     0.347032615E+03
     0.348324177E+03
     0.352199422E+03
     0.357430818E+03
     0.355788128E+03
     0.357431215E+03
     0.360312401E+03
     0.361778374E+03
     0.366177012E+03
     0.372121311E+03
     0.370254002E+03
     0.372121832E+03
     0.375360096E+03
     0.377009842E+03
     0.381959960E+03
     0.388655849E+03
     0.386551684E+03
     0.388656507E+03
     0.392293475E+03
     0.394148587E+03
     0.399714970E+03
     0.407251169E+03
     0.404882141E+03
     0.407251983E+03
     0.411361503E+03
     0.413460280E+03
     0.419757835E+03
     0.428291681E+03
     0.425608122E+03
     0.428292683E+03
     0.433008802E+03
     0.435420916E+03
     0.442658678E+03
     0.452476829E+03
     0.449388199E+03
     0.452478079E+03
     0.458093639E+03
     0.460971989E+03
     0.469608694E+03
     0.481342166E+03
     0.477648934E+03
     0.481343823E+03
     0.487233002E+03
     0.490247688E+03
     0.499292785E+03
     0.511567892E+03
     0.507705774E+03
     0.511569279E+03
     0.517262125E+03
     0.520167127E+03
     0.528882371E+03
     0.540681276E+03
     0.536972408E+03
     0.540682110E+03
     0.546257468E+03
     0.549095259E+03
     0.557608307E+03
     0.569110826E+03
     0.565497847E+03
     0.569111275E+03
     0.574615966E+03
     0.577411610E+03
     0.585797768E+03
     0.597109501E+03
     0.593558780E+03
     0.597109653E+03
     0.602579360E+03
     0.605351725E+03
     0.613667656E+03
     0.624867348E+03
     0.621353890E+03
     0.624867250E+03
     0.630318045E+03
     0.633075636E+03
     0.641346889E+03
     0.652470070E+03
     0.648982594E+03
     0.652469750E+03
     0.657907985E+03
     0.660654178E+03
     0.668890908E+03
     0.679951761E+03
     0.676485757E+03
     0.679951237E+03
     0.685380323E+03
     0.688116899E+03
     0.696324464E+03
     0.707330375E+03
     0.703883506E+03
     0.707329658E+03
     0.712751789E+03
     0.715479826E+03
     0.723661470E+03
     0.734616705E+03
     0.731187647E+03
     0.734615806E+03
     0.740033419E+03
     0.742754034E+03
     0.750913111E+03
     0.761821817E+03
     0.758409314E+03
     0.761820739E+03
     0.767238292E+03
     0.769953519E+03
     0.778096126E+03
     0.788965799E+03
     0.785567589E+03
     0.788964542E+03
     0.794391336E+03
     0.797105504E+03
     0.805244600E+03
     0.816091456E+03
     0.812702602E+03
     0.816090010E+03
     0.821545745E+03
     0.824268164E+03
     0.832431617E+03
     0.843291002E+03
     0.839900684E+03
     0.843289341E+03
     0.848817473E+03
     0.851568873E+03
     0.859818737E+03
     0.870770006E+03
     0.867353846E+03
     0.870768069E+03
     0.876477864E+03
     0.879310649E+03
     0.887803768E+03
     0.899048381E+03
     0.895544376E+03
     0.899045998E+03
     0.904899242E+03
     0.907791866E+03
     0.916463525E+03
     0.927907530E+03
     0.924345983E+03
     0.927904664E+03
     0.933411769E+03
     0.936123646E+03
     0.944253549E+03
     0.954952566E+03
     0.951626586E+03
     0.954949894E+03
     0.959797049E+03
     0.962177996E+03
     0.969316516E+03
     0.978693624E+03
     0.975780703E+03
     0.958888540E+03
     0.960829781E+03
     0.966651184E+03
     0.974321227E+03
     0.971935678E+03
     0.974320134E+03
     0.978241757E+03
     0.980168743E+03
     0.985947229E+03
     0.993541939E+03
     0.991182159E+03
     0.977693822E+03
     0.979355664E+03
     0.984339613E+03
     0.990904092E+03
     0.988862655E+03
     0.990903347E+03
     0.994204934E+03
     0.995827424E+03
     0.100069331E+04
     0.100709011E+04
     0.100510233E+04
     0.993741578E+03
     0.995139797E+03
     0.999333447E+03
     0.100485806E+04
     0.100313986E+04
     0.100485758E+04
     0.100763359E+04
     0.100899851E+04
     0.101309227E+04
     0.101847692E+04
     0.101680330E+04
     0.100712237E+04
     0.100823942E+04
     0.101159001E+04
     0.101600869E+04
     0.101463385E+04
     0.101600843E+04
     0.101825343E+04
     0.101935895E+04
     0.102267497E+04
     0.102704244E+04
     0.102568424E+04
     0.102704218E+04
     0.102933304E+04
     0.103045851E+04
     0.103383428E+04
     0.103827201E+04
     0.103689301E+04
     0.103827172E+04
     0.104061240E+04
     0.104175901E+04
     0.104519813E+04
     0.104970845E+04
     0.104830822E+04
     0.104970812E+04
     0.105203067E+04
     0.105316505E+04
     0.105656747E+04
     0.106101899E+04
     0.105963836E+04
     0.106101865E+04
     0.106327835E+04
     0.106437863E+04
     0.106767876E+04
     0.107198558E+04
     0.107065118E+04
     0.107198525E+04
     0.107415108E+04
     0.107520214E+04
     0.107835466E+04
     0.108245767E+04
     0.108118782E+04
     0.108245737E+04
     0.108450671E+04
     0.108549760E+04
     0.108846968E+04
     0.109232624E+04
     0.109113413E+04
     0.109232598E+04
     0.109424181E+04
     0.109516435E+04
     0.109793150E+04
     0.110151001E+04
     0.110040538E+04
     0.110150981E+04
     0.110327913E+04
     0.110412715E+04
     0.110667085E+04
     0.110994768E+04
     0.110893779E+04
     0.110994754E+04
     0.111156045E+04
     0.111232932E+04
     0.111463569E+04
     0.111759335E+04
     0.111668353E+04
     0.111759328E+04
     0.111904239E+04
     0.111972874E+04
     0.112178769E+04
     0.112441375E+04
     0.112360777E+04
     0.112441375E+04
     0.112569385E+04
     0.112629543E+04
     0.112810016E+04
     0.113038660E+04
     0.112968683E+04
     0.113038667E+04
     0.113149457E+04
     0.113201011E+04
     0.113355686E+04
     0.113549974E+04
     0.113490728E+04
     0.113549987E+04
     0.113644207E+04
     0.113687456E+04
     0.113817227E+04
     0.113978264E+04
     0.113929414E+04
     0.113978285E+04
     0.114055666E+04
     0.114090507E+04
     0.114195067E+04
     0.114322545E+04
     0.114284175E+04
     0.114322572E+04
     0.114383013E+04
     0.114409430E+04
     0.114488733E+04
     0.114582700E+04
     0.114554782E+04
     0.114582733E+04
     0.114626336E+04
     0.114644421E+04
     0.114698734E+04
     0.114759665E+04
     0.114742036E+04
     0.114759704E+04
     0.114786805E+04
     0.114796767E+04
     0.114826721E+04
     0.114855587E+04
     0.114847928E+04
     0.114855631E+04
     0.114866851E+04
     0.114869050E+04
     0.114875723E+04
     0.114874113E+04
     0.114875908E+04
     0.114874160E+04
     0.114870507E+04
     0.114865510E+04
     0.114850597E+04
     0.114820956E+04
     0.114831418E+04
     0.114821005E+04
     0.114804091E+04
     0.114792788E+04
     0.114758955E+04
     0.114705096E+04
     0.114723002E+04
     0.114705142E+04
     0.114677749E+04
     0.114661669E+04
     0.114613497E+04
     0.114541948E+04
     0.114565207E+04
     0.114541988E+04
     0.114503511E+04
     0.114481904E+04
     0.114417157E+04
     0.114323561E+04
     0.114353703E+04
     0.114323605E+04
     0.114267330E+04
     0.114236187E+04
     0.114142873E+04
     0.114009267E+04
     0.114052149E+04
     0.114009337E+04
     0.113931158E+04
     0.113888462E+04
     0.113760549E+04
     0.113579026E+04
     0.113637101E+04
     0.113579129E+04
     0.113473664E+04
     0.113416689E+04
     0.113246020E+04
     0.113005630E+04
     0.113082330E+04
     0.113005780E+04
     0.112865012E+04
     0.112789615E+04
     0.112563807E+04
     0.112247683E+04
     0.112348323E+04
     0.112247908E+04
     0.112055887E+04
     0.111953628E+04
     0.111647500E+04
     0.111220816E+04
     0.111356433E+04
     0.111221194E+04
     0.110930466E+04
     0.110775696E+04
     0.110312917E+04
     0.109668796E+04
     0.109873420E+04
     0.110960238E+04
     0.110822171E+04
     0.110409076E+04
     0.109836247E+04
     0.110017970E+04
     0.109836890E+04
     0.109543840E+04
     0.109391263E+04
     0.108934628E+04
     0.108308503E+04
     0.108506296E+04
     0.109575543E+04
     0.109440047E+04
     0.109034338E+04
     0.108479491E+04
     0.108654593E+04
     0.108479943E+04
     0.108198740E+04
     0.108054417E+04
     0.107622207E+04
     0.107035414E+04
     0.107220083E+04
     0.107035853E+04
     0.106752398E+04
     0.106608239E+04
     0.106176402E+04
     0.105593945E+04
     0.105776787E+04
     0.105594316E+04
     0.105307020E+04
     0.105161898E+04
     0.104727112E+04
     0.104143606E+04
     0.104326422E+04
     0.104143943E+04
     0.103862195E+04
     0.103720705E+04
     0.103296728E+04
     0.102730168E+04
     0.102907377E+04
     0.102730458E+04
     0.102458590E+04
     0.102322720E+04
     0.101915524E+04
     0.101373336E+04
     0.101542684E+04
     0.101373584E+04
     0.101114354E+04
     0.100985323E+04
     0.100598582E+04
     0.100085187E+04
     0.100245351E+04
     0.100085400E+04
     0.998409817E+03
     0.997197429E+03
     0.993563237E+03
     0.988751404E+03
     0.990251014E+03
     0.988753239E+03
     0.986472925E+03
     0.985345190E+03
     0.981964500E+03
     0.977498418E+03
     0.978889033E+03
     0.977500007E+03
     0.975393547E+03
     0.974354500E+03
     0.971239495E+03
     0.967132551E+03
     0.968410337E+03
     0.967133935E+03
     0.965206195E+03
     0.964257482E+03
     0.961413161E+03
     0.957669676E+03
     0.958833569E+03
     0.957670885E+03
     0.955922536E+03
     0.955063851E+03
     0.952489347E+03
     0.949106265E+03
     0.950157453E+03
     0.949107324E+03
     0.947535884E+03
     0.946765469E+03
     0.944455546E+03
     0.941424350E+03
     0.942365681E+03
     0.941425276E+03
     0.940026209E+03
     0.939341372E+03
     0.937287979E+03
     0.934596679E+03
     0.935432054E+03
     0.934597484E+03
     0.933365367E+03
     0.932763032E+03
     0.930956964E+03
     0.928592198E+03
     0.929325922E+03
     0.928592886E+03
     0.927522902E+03
     0.927000313E+03
     0.925433311E+03
     0.923383027E+03
     0.924018994E+03
     0.927633090E+03
     0.927163170E+03
     0.925753959E+03
     0.923906386E+03
     0.924479936E+03
     0.923906800E+03
     0.922988945E+03
     0.922540704E+03
     0.921196571E+03
     0.919437968E+03
     0.919983449E+03
     0.923112358E+03
     0.922723141E+03
     0.921555872E+03
     0.920024623E+03
     0.920500082E+03
     0.920024916E+03
     0.919257843E+03
     0.918882939E+03
     0.917758646E+03
     0.916286659E+03
     0.916743361E+03
     0.916286983E+03
     0.915588427E+03
     0.915247526E+03
     0.914225218E+03
     0.912888390E+03
     0.913302955E+03
     0.912888698E+03
     0.912173683E+03
     0.911826497E+03
     0.910785474E+03
     0.909429794E+03
     0.909849513E+03
     0.909430215E+03
     0.908730421E+03
     0.908392485E+03
     0.907379341E+03
     0.906065972E+03
     0.906471848E+03
     0.906066498E+03
     0.905403109E+03
     0.905084809E+03
     0.904130695E+03
     0.902900522E+03
     0.903279859E+03
     0.902901149E+03
     0.902289691E+03
     0.901998631E+03
     0.901126357E+03
     0.900009296E+03
     0.900352807E+03
     0.900010023E+03
     0.899462272E+03
     0.899204215E+03
     0.898431065E+03
     0.897449769E+03
     0.897750422E+03
     0.897450593E+03
     0.896975627E+03
     0.896755009E+03
     0.896094293E+03
     0.895266186E+03
     0.895518576E+03
     0.895267109E+03
     0.894871954E+03
     0.894692205E+03
     0.894154215E+03
     0.893492765E+03
     0.893692714E+03
     0.893493785E+03
     0.893183861E+03
     0.893047626E+03
     0.892640293E+03
     0.892155871E+03
     0.892300164E+03
     0.892156991E+03
     0.891936432E+03
     0.891845725E+03
     0.891575098E+03
     0.891275608E+03
     0.891361795E+03
     0.891276828E+03
     0.891148732E+03
     0.891105062E+03
     0.890975670E+03
     0.890867030E+03
     0.890893275E+03
     0.890868352E+03
     0.890834973E+03
     0.890839440E+03
     0.890854581E+03
     0.890941105E+03
     0.890906072E+03
     0.890942530E+03
     0.891005441E+03
     0.891058812E+03
     0.891220791E+03
     0.891505496E+03
     0.891408248E+03
     0.891507025E+03
     0.891667248E+03
     0.891770022E+03
     0.892080342E+03
     0.892565200E+03
     0.892405125E+03
     0.892566834E+03
     0.892824948E+03
     0.892977413E+03
     0.893436935E+03
     0.894123086E+03
     0.893899829E+03
     0.894124828E+03
     0.894481063E+03
     0.894683335E+03
     0.895292413E+03
     0.896180343E+03
     0.895893750E+03
     0.896182193E+03
     0.896636505E+03
     0.896888572E+03
     0.897647167E+03
     0.898736849E+03
     0.898386926E+03
     0.898738809E+03
     0.899290948E+03
     0.899592695E+03
     0.900500469E+03
     0.901791494E+03
     0.901378363E+03
     0.901793565E+03
     0.902443127E+03
     0.902794368E+03
     0.903850765E+03
     0.905342441E+03
     0.904866313E+03
     0.905344625E+03
     0.906091099E+03
     0.906491598E+03
     0.907695908E+03
     0.909387352E+03
     0.908848495E+03
     0.909389650E+03
     0.910232456E+03
     0.910681943E+03
     0.912033363E+03
     0.913923570E+03
     0.913322290E+03
     0.913925984E+03
     0.914864505E+03
     0.915362696E+03
     0.916860373E+03
     0.918948280E+03
     0.918284900E+03
     0.918950810E+03
     0.919984422E+03
     0.920531027E+03
     0.922174099E+03
     0.924458635E+03
     0.923733480E+03
     0.924461284E+03
     0.925589372E+03
     0.926184112E+03
     0.927971738E+03
     0.930451865E+03
     0.929665250E+03
     0.930454635E+03
     0.931676616E+03
     0.932319226E+03
     0.934250617E+03
     0.936925368E+03
     0.936077584E+03
     0.936928260E+03
     0.938243598E+03
     0.938933837E+03
     0.941008272E+03
     0.943876777E+03
     0.942968086E+03
     0.943879792E+03
     0.945288008E+03
     0.946025666E+03
     0.948242515E+03
     0.951304023E+03
     0.950334648E+03
     0.951307164E+03
     0.952807846E+03
     0.953592746E+03
     0.955951481E+03
     0.959205383E+03
     0.958175503E+03
     0.959208651E+03
     0.960801463E+03
     0.961633466E+03
     0.964133676E+03
     0.967579514E+03
     0.966489261E+03
     0.967582912E+03
     0.969267598E+03
     0.970146608E+03
     0.972788002E+03
     0.976425486E+03
     0.975274939E+03
     0.976429016E+03
     0.978205409E+03
     0.979131371E+03
     0.981913791E+03
     0.985742806E+03
     0.984531989E+03
     0.985746470E+03
     0.987614490E+03
     0.988587395E+03
     0.991510818E+03
     0.995531430E+03
     0.994260312E+03
     0.995535231E+03
     0.997494891E+03
     0.998514777E+03
     0.100157932E+04
     0.100579178E+04
     0.100446027E+04
     0.100579572E+04
     0.100784713E+04
     0.100891408E+04
     0.101212000E+04
     0.101652476E+04
     0.101513270E+04
     0.101652884E+04
     0.101867220E+04
     0.101978635E+04
     0.102313405E+04
     0.102773174E+04
     0.102627893E+04
     0.102773597E+04
     0.102997157E+04
     0.103113310E+04
     0.103462313E+04
     0.103941459E+04
     0.103790075E+04
     0.103941896E+04
     0.104174721E+04
     0.104295635E+04
     0.104658939E+04
     0.105157565E+04
     0.105000045E+04
     0.105158018E+04
     0.105400155E+04
     0.105525858E+04
     0.105903548E+04
     0.106421776E+04
     0.106258080E+04
     0.106422243E+04
     0.106673752E+04
     0.106804277E+04
     0.107196451E+04
     0.107734422E+04
     0.107564505E+04
     0.107734906E+04
     0.107995854E+04
     0.108131237E+04
     0.108538009E+04
     0.109095886E+04
     0.108919695E+04
     0.109096385E+04
     0.109366850E+04
     0.109507135E+04
     0.109928631E+04
     0.110506593E+04
     0.110324072E+04
     0.110507109E+04
     0.110787178E+04
     0.110932411E+04
     0.111368773E+04
     0.111967020E+04
     0.111778104E+04
     0.111967553E+04
     0.112257322E+04
     0.112407555E+04
     0.112858938E+04
     0.113477691E+04
     0.113282310E+04
     0.113478241E+04
     0.113777816E+04
     0.113933104E+04
     0.114399679E+04
     0.115039174E+04
     0.114837254E+04
     0.115039742E+04
     0.115349237E+04
     0.115509643E+04
     0.115991593E+04
     0.116652089E+04
     0.116443546E+04
     0.116652674E+04
     0.116972213E+04
     0.117137803E+04
     0.117635325E+04
     0.118317097E+04
     0.118101844E+04
     0.118317700E+04
     0.118647416E+04
     0.118818259E+04
     0.119331567E+04
     0.120034908E+04
     0.119812852E+04
     0.120035531E+04
     0.120375566E+04
     0.120551737E+04
     0.121081054E+04
     0.121806280E+04
     0.121577321E+04
     0.121806921E+04
     0.122157425E+04
     0.122339005E+04
     0.122884570E+04
     0.123632012E+04
     0.123396045E+04
     0.123632673E+04
     0.123993806E+04
     0.124180878E+04
     0.124742945E+04
     0.125512953E+04
     0.125269866E+04
     0.125513634E+04
     0.125885564E+04
     0.126078216E+04
     0.126657052E+04
     0.127449994E+04
     0.127199672E+04
     0.127450696E+04
     0.127833601E+04
     0.128031927E+04
     0.128627810E+04
     0.129444075E+04
     0.129186394E+04
     0.129444798E+04
     0.129838864E+04
     0.130042961E+04
     0.130656185E+04
     0.131496178E+04
     0.131231010E+04
     0.131496923E+04
     0.131902345E+04
     0.132112315E+04
     0.132743188E+04
     0.133607333E+04
     0.133334543E+04
     0.133608100E+04
     0.134025082E+04
     0.134241032E+04
     0.134889874E+04
     0.135778613E+04
     0.135498062E+04
     0.135779403E+04
     0.136207622E+04
     0.136429377E+04
     0.137095658E+04
     0.138008240E+04
     0.137720167E+04
     0.138009050E+04
     0.138448136E+04
     0.138675495E+04
     0.139358610E+04
     0.140294176E+04
     0.139998856E+04
     0.140295004E+04
     0.140745146E+04
     0.140978208E+04
     0.141678454E+04
     0.142637414E+04
     0.142334718E+04
     0.142638261E+04
     0.143099658E+04
     0.143338526E+04
     0.144056214E+04
     0.145038996E+04
     0.144728788E+04
     0.145039862E+04
     0.145512719E+04
     0.145757501E+04
     0.146492954E+04
     0.147500005E+04
     0.147182143E+04
     0.147500889E+04
     0.147985420E+04
     0.148236227E+04
     0.148989780E+04
     0.150021560E+04
     0.149695899E+04
     0.150022464E+04
     0.150518891E+04
     0.150775839E+04
     0.151547839E+04
     0.152604826E+04
     0.152271215E+04
     0.152605750E+04
     0.153114302E+04
     0.153377509E+04
     0.154168316E+04
     0.155251003E+04
     0.154909286E+04
     0.155251948E+04
     0.155772862E+04
     0.156042453E+04
     0.156852436E+04
     0.157961334E+04
     0.157611349E+04
     0.157962300E+04
     0.158495821E+04
     0.158771922E+04
     0.159601466E+04
     0.160737099E+04
     0.160378681E+04
     0.160738088E+04
     0.161284468E+04
     0.161567212E+04
     0.162416710E+04
     0.163579622E+04
     0.163212599E+04
     0.163580633E+04
     0.164140133E+04
     0.164429655E+04
     0.165299514E+04
     0.166490265E+04
     0.166114460E+04
     0.166491298E+04
     0.167064187E+04
     0.167360625E+04
     0.168251266E+04
     0.169470429E+04
     0.169085661E+04
     0.169471487E+04
     0.170058040E+04
     0.170361539E+04
     0.171273391E+04
     0.172521560E+04
     0.172127641E+04
     0.172522641E+04
     0.173123144E+04
     0.173433851E+04
     0.174367358E+04
     0.175645141E+04
     0.175241880E+04
     0.175646248E+04
     0.176260991E+04
     0.176579058E+04
     0.177534678E+04
     0.178842701E+04
     0.178429899E+04
     0.178843832E+04
     0.179473118E+04
     0.179798701E+04
     0.180776900E+04
     0.182115806E+04
     0.181693261E+04
     0.182116964E+04
     0.182761100E+04
     0.183094359E+04
     0.184095621E+04
     0.185466069E+04
     0.185033572E+04
     0.185467254E+04
     0.186126558E+04
     0.186467657E+04
     0.187492475E+04
     0.188895145E+04
     0.188452482E+04
     0.188896357E+04
     0.189571154E+04
     0.189920263E+04
     0.190969144E+04
     0.192404731E+04
     0.191951682E+04
     0.192405971E+04
     0.193096596E+04
     0.193453887E+04
     0.194527352E+04
     0.195996570E+04
     0.195532909E+04
     0.195997839E+04
     0.196704634E+04
     0.197070286E+04
     0.198168869E+04
     0.199672450E+04
     0.199197946E+04
     0.199673748E+04
     0.200397064E+04
     0.200771259E+04
     0.201895508E+04
     0.203434203E+04
     0.202948620E+04
     0.203435531E+04
     0.204175730E+04
     0.204558654E+04
     0.205709131E+04
     0.207283709E+04
     0.206786803E+04
     0.207285068E+04
     0.208042518E+04
     0.208434364E+04
     0.209611644E+04
     0.211222895E+04
     0.210714417E+04
     0.211224286E+04
     0.211999367E+04
     0.212400330E+04
     0.213605003E+04
     0.215253734E+04
     0.214733430E+04
     0.215255158E+04
     0.216048258E+04
     0.216458540E+04
     0.217691211E+04
     0.219378252E+04
     0.218845859E+04
     0.219379708E+04
     0.220191225E+04
     0.220611032E+04
     0.221872320E+04
     0.223598519E+04
     0.223053769E+04
     0.223600010E+04
     0.224430350E+04
     0.224859893E+04
     0.226150433E+04
     0.227916659E+04
     0.227359279E+04
     0.227918185E+04
     0.228767767E+04
     0.229207262E+04
     0.230527703E+04
     0.232334848E+04
     0.231764555E+04
     0.232336409E+04
     0.233205660E+04
     0.233655329E+04
     0.235006336E+04
     0.236855311E+04
     0.236271818E+04
     0.236856908E+04
     0.237746267E+04
     0.238206336E+04
     0.239588591E+04
     0.241480328E+04
     0.240883341E+04
     0.241481963E+04
     0.242391877E+04
     0.242862578E+04
     0.244276779E+04
     0.246212235E+04
     0.245601451E+04
     0.246213908E+04
     0.247144835E+04
     0.247626407E+04
     0.249073268E+04
     0.251053420E+04
     0.250428532E+04
     0.251055132E+04
     0.252007543E+04
     0.252500229E+04
     0.253980480E+04
     0.256006330E+04
     0.255367021E+04
     0.256008082E+04
     0.256982458E+04
     0.257486506E+04
     0.259000896E+04
     0.261073469E+04
     0.260419414E+04
     0.261075262E+04
     0.262072094E+04
     0.262587759E+04
     0.264137053E+04
     0.266257398E+04
     0.265588268E+04
     0.266259233E+04
     0.267279025E+04
     0.267806568E+04
     0.269391550E+04
     0.271560739E+04
     0.270876195E+04
     0.271562617E+04
     0.272605884E+04
     0.273145572E+04
     0.274767044E+04
     0.276986176E+04
     0.276285870E+04
     0.276988097E+04
     0.278055367E+04
     0.278607473E+04
     0.280266255E+04
     0.282536453E+04
     0.281820032E+04
     0.282538419E+04
     0.283630231E+04
     0.284195034E+04
     0.285891966E+04
     0.288214379E+04
     0.287481479E+04
     0.288216391E+04
     0.289333297E+04
     0.289911083E+04
     0.291647022E+04
     0.294022827E+04
     0.293273078E+04
     0.294024887E+04
     0.295167451E+04
     0.295758513E+04
     0.297534338E+04
     0.299964738E+04
     0.299197759E+04
     0.299966845E+04
     0.301135646E+04
     0.301740282E+04
     0.303556892E+04
     0.306043117E+04
     0.305258520E+04
     0.306045274E+04
     0.307240901E+04
     0.307859417E+04
     0.309717732E+04
     0.312261040E+04
     0.311458428E+04
     0.312263248E+04
     0.313486306E+04
     0.314119016E+04
     0.316019974E+04
     0.318621654E+04
     0.317800621E+04
     0.318623913E+04
     0.319875021E+04
     0.320522244E+04
     0.322466808E+04
     0.325128177E+04
     0.324288306E+04
     0.325130488E+04
     0.326410278E+04
     0.327072341E+04
     0.329061494E+04
     0.331783898E+04
     0.330924765E+04
     0.331786263E+04
     0.333095381E+04
     0.333772620E+04
     0.335807368E+04
     0.338592185E+04
     0.337713354E+04
     0.338594605E+04
     0.339933713E+04
     0.340626469E+04
     0.342707841E+04
     0.345556479E+04
     0.344657506E+04
     0.345558955E+04
     0.346928729E+04
     0.347637353E+04
     0.349766401E+04
     0.352680300E+04
     0.351760731E+04
     0.352682834E+04
     0.354083965E+04
     0.354808815E+04
     0.356986614E+04
     0.359967248E+04
     0.359026618E+04
     0.359969842E+04
     0.361403038E+04
     0.362144479E+04
     0.364372130E+04
     0.367421005E+04
     0.366458838E+04
     0.367423659E+04
     0.368889643E+04
     0.369648051E+04
     0.371926677E+04
     0.375045334E+04
     0.374061144E+04
     0.375048050E+04
     0.376547561E+04
     0.377323318E+04
     0.379654071E+04
     0.382844085E+04
     0.381837374E+04
     0.382846863E+04
     0.384380658E+04
     0.385174156E+04
     0.387558212E+04
     0.390821192E+04
     0.389791453E+04
     0.390824035E+04
     0.392392887E+04
     0.393204525E+04
     0.395643086E+04
     0.398980681E+04
     0.397927392E+04
     0.398983590E+04
     0.400588288E+04
     0.401418477E+04
     0.403912772E+04
     0.407326665E+04
     0.406249296E+04
     0.407329641E+04
     0.408970995E+04
     0.409820152E+04
     0.412371439E+04
     0.415863350E+04
     0.414761359E+04
     0.415866396E+04
     0.417545232E+04
     0.418413784E+04
     0.421023349E+04
     0.424595039E+04
     0.423467869E+04
     0.424598155E+04
     0.426315317E+04
     0.427203704E+04
     0.429872859E+04
     0.433526128E+04
     0.432373211E+04
     0.433529316E+04
     0.435285669E+04
     0.436194336E+04
     0.438924426E+04
     0.442661112E+04
     0.441481868E+04
     0.442664374E+04
     0.444460800E+04
     0.445390205E+04
     0.448182603E+04
     0.452004588E+04
     0.450798423E+04
     0.452007926E+04
     0.453845328E+04
     0.454795938E+04
     0.457652048E+04
     0.461561255E+04
     0.460327561E+04
     0.461564669E+04
     0.463443971E+04
     0.464416264E+04
     0.467337521E+04
     0.471335915E+04
     0.470074073E+04
     0.471339408E+04
     0.473261553E+04
     0.474256016E+04
     0.477243889E+04
     0.481333479E+04
     0.480042855E+04
     0.481337053E+04
     0.483303005E+04
     0.484320139E+04
     0.487376127E+04
     0.491558967E+04
     0.490238912E+04
     0.491562624E+04
     0.493573368E+04
     0.494613683E+04
     0.497739320E+04
     0.502017511E+04
     0.500667362E+04
     0.502021252E+04
     0.504077797E+04
     0.505141815E+04
     0.508338668E+04
     0.512714356E+04
     0.511333435E+04
     0.512718183E+04
     0.514821559E+04
     0.515909813E+04
     0.519179484E+04
     0.523654864E+04
     0.522242479E+04
     0.523658779E+04
     0.525810040E+04
     0.526923074E+04
     0.530267202E+04
     0.534844516E+04
     0.533399959E+04
     0.534848522E+04
     0.537048743E+04
     0.538187116E+04
     0.541607374E+04
     0.546288916E+04
     0.544811463E+04
     0.546293013E+04
     0.548543296E+04
     0.549707576E+04
     0.553205677E+04
     0.557993789E+04
     0.556482701E+04
     0.557997981E+04
     0.560299449E+04
     0.561490220E+04
     0.565067912E+04
     0.569964990E+04
     0.568419510E+04
     0.569969278E+04
     0.572323081E+04
     0.573540938E+04
     0.577200009E+04
     0.582208502E+04
     0.580627858E+04
     0.582212888E+04
     0.584620202E+04
     0.585865752E+04
     0.589608030E+04
     0.594730440E+04
     0.593113842E+04
     0.594734927E+04
     0.597196952E+04
     0.598470817E+04
     0.602298171E+04
     0.607537056E+04
     0.605883695E+04
     0.607541646E+04
     0.610059610E+04
     0.611362425E+04
     0.615276762E+04
     0.620634737E+04
     0.618943790E+04
     0.620639433E+04
     0.623214590E+04
     0.624547005E+04
     0.628550278E+04
     0.634030014E+04
     0.632300636E+04
     0.634034817E+04
     0.636668449E+04
     0.638031128E+04
     0.642125331E+04
     0.647729560E+04
     0.645960890E+04
     0.647734473E+04
     0.650427891E+04
     0.651821512E+04
     0.656008682E+04
     0.661740196E+04
     0.659931351E+04
     0.661745221E+04
     0.664499764E+04
     0.665925020E+04
     0.670207241E+04
     0.676068891E+04
     0.674218973E+04
     0.676074031E+04
     0.678891067E+04
     0.680348667E+04
     0.684728068E+04
     0.690722771E+04
     0.688830858E+04
     0.690728028E+04
     0.693608956E+04
     0.695099624E+04
     0.699578380E+04
     0.705709114E+04
     0.703774267E+04
     0.705714492E+04
     0.708660742E+04
     0.710185217E+04
     0.714765552E+04
     0.721035362E+04
     0.719056619E+04
     0.721040862E+04
     0.724053894E+04
     0.725612934E+04
     0.730297120E+04
     0.736709118E+04
     0.734685496E+04
     0.736714743E+04
     0.739796050E+04
     0.741390427E+04
     0.746180785E+04
     0.752738151E+04
     0.750668647E+04
     0.752743904E+04
     0.755895011E+04
     0.757525515E+04
     0.762424418E+04
     0.769130401E+04
     0.767013990E+04
     0.769136285E+04
     0.772358751E+04
     0.774026188E+04
     0.779036060E+04
     0.785893981E+04
     0.783729614E+04
     0.785900000E+04
     0.789195417E+04
     0.790900612E+04
     0.796023932E+04
     0.803037183E+04
     0.800823789E+04
     0.803043338E+04
     0.806413334E+04
     0.808157130E+04
     0.813396428E+04
     0.820568478E+04
     0.818304963E+04
     0.820574773E+04
     0.824021010E+04
     0.825804268E+04
     0.831162131E+04
     0.838496521E+04
     0.836181766E+04
     0.838502959E+04
     0.842027137E+04
     0.843850736E+04
     0.849329808E+04
     0.856830158E+04
     0.854463021E+04
     0.856836742E+04
     0.860440597E+04
     0.862305435E+04
     0.867908416E+04
     0.875578425E+04
     0.873157738E+04
     0.875585159E+04
     0.879270464E+04
     0.881177460E+04
     0.886907109E+04
     0.894750556E+04
     0.892275126E+04
     0.894757442E+04
     0.898526009E+04
     0.900476102E+04
     0.906335238E+04
     0.914355984E+04
     0.911824593E+04
     0.914363026E+04
     0.918216706E+04
     0.920210854E+04
     0.926202356E+04
     0.934404346E+04
     0.931815748E+04
     0.934411547E+04
     0.938352233E+04
     0.940391415E+04
     0.946518226E+04
     0.954905490E+04
     0.952258413E+04
     0.954912854E+04
     0.958942476E+04
     0.961027693E+04
     0.967292819E+04
     0.975869473E+04
     0.973162617E+04
     0.975877004E+04
     0.979997536E+04
     0.982129810E+04
     0.988536321E+04
     0.997306573E+04
     0.994538611E+04
     0.997314273E+04
     0.100152773E+05
     0.100370811E+05
     0.101025914E+05
     0.101922729E+05
     0.101639686E+05
     0.101923516E+05
     0.102354361E+05
     0.102577315E+05
     0.103247191E+05
     0.104164233E+05
     0.103874806E+05
     0.104165039E+05
     0.104605592E+05
     0.104833572E+05
     0.105518548E+05
     0.106456267E+05
     0.106160314E+05
     0.106457091E+05
     0.106907568E+05
     0.107140685E+05
     0.107841095E+05
     0.108799949E+05
     0.108497324E+05
     0.108800791E+05
     0.109261412E+05
     0.109499779E+05
     0.110215965E+05
     0.111196421E+05
     0.110886978E+05
     0.111197282E+05
     0.111668270E+05
     0.111912004E+05
     0.112644315E+05
     0.113646851E+05
     0.113330438E+05
     0.113647731E+05
     0.114129316E+05
     0.114378535E+05
     0.115127327E+05
     0.116152431E+05
     0.115828895E+05
     0.116153331E+05
     0.116645746E+05
     0.116900571E+05
     0.117666207E+05
     0.118714378E+05
     0.118383561E+05
     0.118715298E+05
     0.119218782E+05
     0.119479337E+05
     0.120262189E+05
     0.121333935E+05
     0.120995676E+05
     0.121334875E+05
     0.121849672E+05
     0.122116084E+05
     0.122916531E+05
     0.124012372E+05
     0.123666508E+05
     0.124013333E+05
     0.124539692E+05
     0.124812088E+05
     0.125630518E+05
     0.126750985E+05
     0.126397348E+05
     0.126751968E+05
     0.127290143E+05
     0.127568656E+05
     0.128405464E+05
     0.129551098E+05
     0.129189517E+05
     0.129552103E+05
     0.130102353E+05
     0.130387117E+05
     0.131242707E+05
     0.132414063E+05
     0.132044362E+05
     0.132415090E+05
     0.132977681E+05
     0.133268833E+05
     0.134143618E+05
     0.135341259E+05
     0.134963261E+05
     0.135342309E+05
     0.135917510E+05
     0.136215192E+05
     0.137109591E+05
     0.138334095E+05
     0.137947618E+05
     0.138335169E+05
     0.138923257E+05
     0.139227610E+05
     0.140142054E+05
     0.141394009E+05
     0.140998867E+05
     0.141395107E+05
     0.141996364E+05
     0.142307534E+05
     0.143242462E+05
     0.144522469E+05
     0.144118473E+05
     0.144523592E+05
     0.145138305E+05
     0.145456442E+05
     0.146412302E+05
     0.147720974E+05
     0.147307929E+05
     0.147722122E+05
     0.148350585E+05
     0.148675840E+05
     0.149653088E+05
     0.150991053E+05
     0.150568761E+05
     0.150992226E+05
     0.151634739E+05
     0.151967268E+05
     0.152966371E+05
     0.154334266E+05
     0.153902526E+05
     0.154335465E+05
     0.154992334E+05
     0.155332295E+05
     0.156353728E+05
     0.157752206E+05
     0.157310812E+05
     0.157753432E+05
     0.158424968E+05
     0.158772523E+05
     0.159816772E+05
     0.161246499E+05
     0.160795241E+05
     0.161247752E+05
     0.161934273E+05
     0.162289587E+05
     0.163357148E+05
     0.164818802E+05
     0.164357466E+05
     0.164820083E+05
     0.165521915E+05
     0.165885155E+05
     0.166976533E+05
     0.168470807E+05
     0.167999174E+05
     0.168472117E+05
     0.169189590E+05
     0.169560929E+05
     0.170676639E+05
     0.172204241E+05
     0.171722087E+05
     0.172205579E+05
     0.172939031E+05
     0.173318644E+05
     0.174459213E+05
     0.176020862E+05
     0.175527960E+05
     0.176022230E+05
     0.176772006E+05
     0.177160071E+05
     0.178326034E+05
     0.179922466E+05
     0.179418584E+05
     0.179923864E+05
     0.180690316E+05
     0.181087015E+05
     0.182278920E+05
     0.183910885E+05
     0.183395786E+05
     0.183912314E+05
     0.184695799E+05
     0.185101317E+05
     0.186319723E+05
     0.187987984E+05
     0.187461427E+05
     0.187989444E+05
     0.188790328E+05
     0.189204855E+05
     0.190450329E+05
     0.192155667E+05
     0.191617405E+05
     0.192157159E+05
     0.192975814E+05
     0.193399543E+05
     0.194672664E+05
     0.196415873E+05
     0.195865656E+05
     0.196417398E+05
     0.197254203E+05
     0.197687331E+05
     0.198988691E+05
     0.200770580E+05
     0.200208152E+05
     0.200772138E+05
     0.201627481E+05
     0.202070207E+05
     0.203400407E+05
     0.205221802E+05
     0.204646903E+05
     0.205223395E+05
     0.206097668E+05
     0.206550197E+05
     0.207909851E+05
     0.209771593E+05
     0.209183957E+05
     0.209773221E+05
     0.210666826E+05
     0.211129366E+05
     0.212519098E+05
     0.214422044E+05
     0.213821400E+05
     0.214423707E+05
     0.215337052E+05
     0.215809815E+05
     0.217230262E+05
     0.219175284E+05
     0.218561356E+05
     0.219176983E+05
     0.220110485E+05
     0.220593685E+05
     0.222045495E+05
     0.224033481E+05
     0.223405991E+05
     0.224035218E+05
     0.224989299E+05
     0.225483158E+05
     0.226966990E+05
     0.228998845E+05
     0.228357505E+05
     0.229000619E+05
     0.229975712E+05
     0.230480451E+05
     0.231996977E+05
     0.234073622E+05
     0.233418141E+05
     0.234075435E+05
     0.235071976E+05
     0.235587824E+05
     0.237137727E+05
     0.239260098E+05
     0.238590181E+05
     0.239261950E+05
     0.240280387E+05
     0.240807575E+05
     0.242391549E+05
     0.244560599E+05
     0.243875945E+05
     0.244562491E+05
     0.245603277E+05
     0.246142040E+05
     0.247760792E+05
     0.249977491E+05
     0.249277794E+05
     0.249979424E+05
     0.251043019E+05
     0.251593596E+05
     0.253247845E+05
     0.255513178E+05
     0.254798126E+05
     0.255515152E+05
     0.256602026E+05
     0.257164660E+05
     0.258855135E+05
     0.261170102E+05
     0.260439380E+05
     0.261172120E+05
     0.262282747E+05
     0.262857685E+05
     0.264585127E+05
     0.266950747E+05
     0.266204032E+05
     0.266952808E+05
     0.268087672E+05
     0.268675164E+05
     0.270440327E+05
     0.272857633E+05
     0.272094599E+05
     0.272859737E+05
     0.274019329E+05
     0.274619629E+05
     0.276423277E+05
     0.278893316E+05
     0.278113633E+05
     0.278895465E+05
     0.280080281E+05
     0.280693648E+05
     0.282536555E+05
     0.285060392E+05
     0.284263723E+05
     0.285062587E+05
     0.286273131E+05
     0.286899826E+05
     0.288782779E+05
     0.291361491E+05
     0.290547496E+05
     0.291363733E+05
     0.292600516E+05
     0.293240804E+05
     0.295164598E+05
     0.297799279E+05
     0.296967612E+05
     0.297801568E+05
     0.299065107E+05
     0.299719256E+05
     0.301684698E+05
     0.304376453E+05
     0.303526765E+05
     0.304378791E+05
     0.305669610E+05
     0.306337891E+05
     0.308345795E+05
     0.311095746E+05
     0.310227682E+05
     0.311098133E+05
     0.312416759E+05
     0.313099447E+05
     0.315150639E+05
     0.317959917E+05
     0.317073120E+05
     0.317962354E+05
     0.319309321E+05
     0.320006694E+05
     0.322102006E+05
     0.324971754E+05
     0.324065863E+05
     0.324974243E+05
     0.326350090E+05
     0.327062426E+05
     0.329202699E+05
     0.332134072E+05
     0.331208722E+05
     0.332136612E+05
     0.333541882E+05
     0.334269464E+05
     0.336455545E+05
     0.339449705E+05
     0.338504529E+05
     0.339452299E+05
     0.340887538E+05
     0.341630650E+05
     0.343863390E+05
     0.346921510E+05
     0.345956137E+05
     0.346924157E+05
     0.348389915E+05
     0.349148841E+05
     0.351429099E+05
     0.354552356E+05
     0.353566413E+05
     0.354555058E+05
     0.356051885E+05
     0.356826912E+05
     0.359155548E+05
     0.362345124E+05
     0.361338238E+05
     0.362347881E+05
     0.363876330E+05
     0.364667744E+05
     0.367045619E+05
     0.370302699E+05
     0.369274496E+05
     0.370305513E+05
     0.371866135E+05
     0.372674224E+05
     0.375102200E+05
     0.378427968E+05
     0.377378073E+05
     0.378430839E+05
     0.380024185E+05
     0.380849235E+05
     0.383328171E+05
     0.386723810E+05
     0.385651849E+05
     0.386726740E+05
     0.388353357E+05
     0.389195651E+05
     0.391726403E+05
     0.395193090E+05
     0.394098690E+05
     0.395196078E+05
     0.396856509E+05
     0.397716331E+05
     0.400299747E+05
     0.403838648E+05
     0.402721441E+05
     0.403841696E+05
     0.405536478E+05
     0.406414106E+05
     0.409051024E+05
     0.412663295E+05
     0.411522915E+05
     0.412666403E+05
     0.414396063E+05
     0.415291772E+05
     0.417983018E+05
     0.421669793E+05
     0.420505882E+05
     0.421672963E+05
     0.423438018E+05
     0.424352077E+05
     0.427098460E+05
     0.430860853E+05
     0.429673058E+05
     0.430864085E+05
     0.432665038E+05
     0.433597709E+05
     0.436400015E+05
     0.440239112E+05
     0.439027089E+05
     0.440242405E+05
     0.442079743E+05
     0.443031280E+05
     0.445890269E+05
     0.449807119E+05
     0.448570536E+05
     0.449810476E+05
     0.451684664E+05
     0.452655309E+05
     0.455571712E+05
     0.459567321E+05
     0.458305860E+05
     0.459570742E+05
     0.461482221E+05
     0.462472204E+05
     0.465446713E+05
     0.469522036E+05
     0.468235394E+05
     0.469525521E+05
     0.471474704E+05
     0.472484241E+05
     0.475517501E+05
     0.479673433E+05
     0.478361326E+05
     0.479676982E+05
     0.481664248E+05
     0.482693536E+05
     0.485786143E+05
     0.490023505E+05
     0.488685673E+05
     0.490027119E+05
     0.492052806E+05
     0.493102022E+05
     0.496254507E+05
     0.500574037E+05
     0.499210246E+05
     0.500577716E+05
     0.502642116E+05
     0.503711413E+05
     0.506924237E+05
     0.511326574E+05
     0.509936621E+05
     0.511330318E+05
     0.513433670E+05
     0.514523174E+05
     0.517796713E+05
     0.522282382E+05
     0.520866100E+05
     0.522286191E+05
     0.524428671E+05
     0.525538474E+05
     0.528873008E+05
     0.533442403E+05
     0.531999666E+05
     0.533446276E+05
     0.535627990E+05
     0.536758149E+05
     0.540153846E+05
     0.544807208E+05
     0.543337939E+05
     0.544811146E+05
     0.547032116E+05
     0.548182644E+05
     0.551639547E+05
     0.556376942E+05
     0.554881118E+05
     0.556380944E+05
     0.558641100E+05
     0.559811963E+05
     0.563329966E+05
     0.568151263E+05
     0.566628925E+05
     0.568155328E+05
     0.570454493E+05
     0.571645601E+05
     0.575224434E+05
     0.580129273E+05
     0.578580532E+05
     0.580133400E+05
     0.582471276E+05
     0.583682475E+05
     0.587321680E+05
     0.592309443E+05
     0.590734492E+05
     0.592313630E+05
     0.594689781E+05
     0.595920848E+05
     0.599619751E+05
     0.604689527E+05
     0.603088653E+05
     0.604693773E+05
     0.607107611E+05
     0.608358240E+05
     0.612115928E+05
     0.617266477E+05
     0.615640069E+05
     0.617270780E+05
     0.619721539E+05
     0.620991337E+05
     0.624806624E+05
     0.630036333E+05
     0.628384900E+05
     0.630040691E+05
     0.632527413E+05
     0.633815885E+05
     0.637687284E+05
     0.642994127E+05
     0.641318305E+05
     0.642998537E+05
     0.645520047E+05
     0.646826583E+05
     0.650752268E+05
     0.656133756E+05
     0.654434331E+05
     0.656138216E+05
     0.658693098E+05
     0.660016969E+05
     0.663994741E+05
     0.669447873E+05
     0.667725790E+05
     0.669452379E+05
     0.672038955E+05
     0.673379290E+05
     0.677406540E+05
     0.682927755E+05
     0.681184136E+05
     0.682932303E+05
     0.685548607E+05
     0.686904388E+05
     0.690978058E+05
     0.696563181E+05
     0.694799342E+05
     0.696567767E+05
     0.699211518E+05
     0.700581566E+05
     0.704698116E+05
     0.710342309E+05
     0.708559775E+05
     0.710346928E+05
     0.713015515E+05
     0.714398478E+05
     0.718553845E+05
     0.724251564E+05
     0.722452083E+05
     0.724256211E+05
     0.726946666E+05
     0.728341008E+05
     0.732530585E+05
     0.738275535E+05
     0.736461091E+05
     0.738280206E+05
     0.740989190E+05
     0.742393187E+05
     0.746611793E+05
     0.752396899E+05
     0.750569724E+05
     0.752401588E+05
     0.755125384E+05
     0.756537115E+05
     0.760778981E+05
     0.766596372E+05
     0.764758946E+05
     0.766601075E+05
     0.769335580E+05
     0.770752925E+05
     0.775011694E+05
     0.780852695E+05
     0.779007753E+05
     0.780857407E+05
     0.783598138E+05
     0.785018787E+05
     0.789287519E+05
     0.795142673E+05
     0.793293195E+05
     0.795147388E+05
     0.797889500E+05
     0.799310954E+05
     0.803582156E+05
     0.809441256E+05
     0.807590457E+05
     0.809445970E+05
     0.812184276E+05
     0.813603869E+05
     0.817869535E+05
     0.823721690E+05
     0.821872999E+05
     0.823726400E+05
     0.826455410E+05
     0.827870323E+05
     0.832121997E+05
     0.837955718E+05
     0.836112752E+05
     0.837960423E+05
     0.840674394E+05
     0.842081683E+05
     0.846310537E+05
     0.852113847E+05
     0.850280373E+05
     0.852118546E+05
     0.854811539E+05
     0.856208167E+05
     0.860405093E+05
     0.866165664E+05
     0.864345558E+05
     0.866170359E+05
     0.868836303E+05
     0.870219174E+05
     0.874374895E+05
     0.880080194E+05
     0.878277392E+05
     0.880084890E+05
     0.882717655E+05
     0.884083655E+05
     0.888188836E+05
     0.893826290E+05
     0.892044738E+05
     0.893830992E+05
     0.896424467E+05
     0.897770499E+05
     0.901815870E+05
     0.907373034E+05
     0.905616631E+05
     0.896162940E+05
     0.897368724E+05
     0.900991344E+05
     0.905952440E+05
     0.904386208E+05
     0.905955852E+05
     0.908497098E+05
     0.909816245E+05
     0.913780955E+05
     0.919228463E+05
     0.917506576E+05
     0.919233139E+05
     0.921735410E+05
     0.923035150E+05
     0.926941872E+05
     0.932313014E+05
     0.930614874E+05
     0.921462880E+05
     0.922616293E+05
     0.926081818E+05
     0.930829987E+05
     0.929330705E+05
     0.930833348E+05
     0.933272922E+05
     0.934540481E+05
     0.938350681E+05
     0.943590876E+05
     0.941933925E+05
     0.933012147E+05
     0.934139599E+05
     0.937527292E+05
     0.942170450E+05
     0.940704130E+05
     0.942173817E+05
     0.944559009E+05
     0.945799042E+05
     0.949526829E+05
     0.954656674E+05
     0.953034263E+05
     0.944294072E+05
     0.945391629E+05
     0.948689672E+05
     0.953211625E+05
     0.951783382E+05
     0.953214990E+05
     0.955541948E+05
     0.956752554E+05
     0.960392255E+05
     0.965404320E+05
     0.963818756E+05
     0.955176107E+05
     0.956190066E+05
     0.959236625E+05
     0.963409811E+05
     0.962092181E+05
     0.963412719E+05
     0.965599223E+05
     0.966735997E+05
     0.970153562E+05
     0.974857413E+05
     0.973369614E+05
     0.965225085E+05
     0.966161099E+05
     0.968973229E+05
     0.972821918E+05
     0.971607134E+05
     0.972824437E+05
     0.974848735E+05
     0.975899981E+05
     0.979060104E+05
     0.983405676E+05
     0.982031650E+05
     0.974511811E+05
     0.975382600E+05
     0.977998634E+05
     0.981576800E+05
     0.980447651E+05
     0.981579043E+05
     0.983456422E+05
     0.984430438E+05
     0.987358169E+05
     0.991381112E+05
     0.990109448E+05
     0.983150638E+05
     0.983961136E+05
     0.986395934E+05
     0.989724474E+05
     0.988674299E+05
     0.989726484E+05
     0.991469532E+05
     0.992373116E+05
     0.995088962E+05
     0.998818337E+05
     0.997639748E+05
     0.991190789E+05
     0.991945518E+05
     0.994212698E+05
     0.997310694E+05
     0.996333419E+05
     0.997312503E+05
     0.998932233E+05
     0.999771301E+05
     0.100229310E+06
     0.100575408E+06
     0.100466053E+06
     0.998677242E+05
     0.999380297E+05
     0.100149219E+06
     0.100437686E+06
     0.100346701E+06
     0.100437850E+06
     0.100588467E+06
     0.100666445E+06
     0.100900792E+06
     0.101222264E+06
     0.101120708E+06
     0.100565074E+06
     0.100630586E+06
     0.100827371E+06
     0.101096071E+06
     0.101011332E+06
     0.101096220E+06
     0.101236358E+06
     0.101308872E+06
     0.101526791E+06
     0.101825605E+06
     0.101731221E+06
     0.101214846E+06
     0.101275907E+06
     0.101459318E+06
     0.101709684E+06
     0.101630735E+06
     0.101709820E+06
     0.101840268E+06
     0.101907738E+06
     0.102110494E+06
     0.102388416E+06
     0.102300642E+06
     0.101820448E+06
     0.101877373E+06
     0.102048359E+06
     0.102281705E+06
     0.102208130E+06
     0.102281829E+06
     0.102403309E+06
     0.102466115E+06
     0.102654851E+06
     0.102913477E+06
     0.102831806E+06
     0.102385016E+06
     0.102438097E+06
     0.102597534E+06
     0.102815070E+06
     0.102746485E+06
     0.102815184E+06
     0.102928351E+06
     0.102986840E+06
     0.103162599E+06
     0.103403379E+06
     0.103327351E+06
     0.102911444E+06
     0.102960950E+06
     0.103109647E+06
     0.103312490E+06
     0.103248542E+06
     0.103312595E+06
     0.103418052E+06
     0.103472542E+06
     0.103636276E+06
     0.103860533E+06
     0.103789729E+06
     0.103402408E+06
     0.103448588E+06
     0.103587294E+06
     0.103776478E+06
     0.103716840E+06
     0.103776574E+06
     0.103874876E+06
     0.103925655E+06
     0.104078240E+06
     0.104287184E+06
     0.104221219E+06
     0.103860384E+06
     0.103903470E+06
     0.104032879E+06
     0.104209359E+06
     0.104153729E+06
     0.104209448E+06
     0.104301104E+06
     0.104348441E+06
     0.104490679E+06
     0.104685421E+06
     0.104623943E+06
     0.104287667E+06
     0.104327873E+06
     0.104448630E+06
     0.104613291E+06
     0.104561389E+06
     0.104613374E+06
     0.104698856E+06
     0.104742996E+06
     0.104875626E+06
     0.105057189E+06
     0.104999874E+06
     0.104686386E+06
     0.104723911E+06
     0.104836614E+06
     0.104990278E+06
     0.104941843E+06
     0.104990354E+06
     0.105070097E+06
     0.105111267E+06
     0.105234972E+06
     0.105404295E+06
     0.105350847E+06
     0.105058516E+06
     0.105093544E+06
     0.105198749E+06
     0.105342176E+06
     0.105296970E+06
     0.105342246E+06
     0.105416653E+06
     0.105455062E+06
     0.105570471E+06
     0.105728424E+06
     0.105678567E+06
     0.105405891E+06
     0.105438594E+06
     0.105536815E+06
     0.105670712E+06
     0.105628510E+06
     0.105670777E+06
     0.105740219E+06
     0.105776062E+06
     0.105883758E+06
     0.106031140E+06
     0.105984621E+06
     0.105730212E+06
     0.105760749E+06
     0.105852466E+06
     0.105977488E+06
     0.105938085E+06
     0.105977548E+06
     0.106042371E+06
     0.106075826E+06
     0.106176347E+06
     0.106313901E+06
     0.106270485E+06
     0.106033060E+06
     0.106061580E+06
     0.106147237E+06
     0.106263993E+06
     0.106227196E+06
     0.106264049E+06
     0.106324571E+06
     0.106355805E+06
     0.106449650E+06
     0.106578059E+06
     0.106537531E+06
     0.106315905E+06
     0.106342545E+06
     0.106422555E+06
     0.106531610E+06
     0.106497240E+06
     0.106531662E+06
     0.106588181E+06
     0.106617346E+06
     0.106704977E+06
     0.106824876E+06
     0.106787034E+06
     0.106580110E+06
     0.106604998E+06
     0.106679746E+06
     0.106781625E+06
     0.106749517E+06
     0.106781673E+06
     0.106834463E+06
     0.106861703E+06
     0.106943546E+06
     0.107055524E+06
     0.107020183E+06
     0.106826943E+06
     0.106850198E+06
     0.106920041E+06
     0.107015231E+06
     0.106985232E+06
     0.107015277E+06
     0.107064593E+06
     0.107090038E+06
     0.107166492E+06
     0.107271092E+06
     0.107238080E+06
     0.107057584E+06
     0.107079316E+06
     0.107144586E+06
     0.107233541E+06
     0.107205506E+06
     0.107233583E+06
     0.107279661E+06
     0.107303436E+06
     0.107374869E+06
     0.107472595E+06
     0.107441752E+06
     0.107273126E+06
     0.107293439E+06
     0.107354444E+06
     0.107437585E+06
     0.107411383E+06
     0.107437624E+06
     0.107480685E+06
     0.107502902E+06
     0.107569655E+06
     0.107660977E+06
     0.107632156E+06
     0.107474590E+06
     0.107493578E+06
     0.107550605E+06
     0.107628324E+06
     0.107603831E+06
     0.107628361E+06
     0.107668609E+06
     0.107689374E+06
     0.107751763E+06
     0.107837115E+06
     0.107810178E+06
     0.107662922E+06
     0.107680674E+06
     0.107733990E+06
     0.107806651E+06
     0.107783752E+06
     0.107806685E+06
     0.107844310E+06
     0.107863721E+06
     0.107922042E+06
     0.108001827E+06
     0.107976648E+06
     0.107839002E+06
     0.107855601E+06
     0.107905455E+06
     0.107973396E+06
     0.107951985E+06
     0.107973428E+06
     0.108008606E+06
     0.108026754E+06
     0.108081281E+06
     0.108155875E+06
     0.108132334E+06
     0.108003651E+06
     0.108019174E+06
     0.108065796E+06
     0.108129334E+06
     0.108109310E+06
     0.108129364E+06
     0.108162257E+06
     0.108179228E+06
     0.108230215E+06
     0.108299965E+06
     0.108277953E+06
     0.108157631E+06
     0.108172150E+06
     0.108215755E+06
     0.108275182E+06
     0.108256454E+06
     0.108275210E+06
     0.108305973E+06
     0.108321844E+06
     0.108369528E+06
     0.108434759E+06
     0.108414173E+06
     0.108301651E+06
     0.108315233E+06
     0.108356022E+06
     0.108411611E+06
     0.108394092E+06
     0.108411637E+06
     0.108440411E+06
     0.108455256E+06
     0.108499857E+06
     0.108560870E+06
     0.108541614E+06
     0.108436373E+06
     0.108449079E+06
     0.108487239E+06
     0.108539244E+06
     0.108522855E+06
     0.108539268E+06
     0.108566185E+06
     0.108580072E+06
     0.108621795E+06
     0.108678870E+06
     0.108660857E+06
     0.108562413E+06
     0.108574301E+06
     0.108610004E+06
     0.108658662E+06
     0.108643328E+06
     0.108658685E+06
     0.108683868E+06
     0.108696860E+06
     0.108735895E+06
     0.108789293E+06
     0.108772441E+06
     0.108680342E+06
     0.108691466E+06
     0.108724875E+06
     0.108770406E+06
     0.108756057E+06
     0.108770427E+06
     0.108793991E+06
     0.108806147E+06
     0.108842672E+06
     0.108892636E+06
     0.108876868E+06
     0.108790695E+06
     0.108801105E+06
     0.108832371E+06
     0.108874980E+06
     0.108861552E+06
     0.108875000E+06
     0.108897051E+06
     0.108908427E+06
     0.108942606E+06
     0.108989363E+06
     0.108974607E+06
     0.108893969E+06
     0.108903712E+06
     0.108932975E+06
     0.108972855E+06
     0.108960286E+06
     0.108972873E+06
     0.108993510E+06
     0.109004157E+06
     0.109036145E+06
     0.109079904E+06
     0.109066094E+06
     0.108990628E+06
     0.108999748E+06
     0.109027138E+06
     0.109064467E+06
     0.109052703E+06
     0.109064484E+06
     0.109083800E+06
     0.109093766E+06
     0.109123706E+06
     0.109164664E+06
     0.109151738E+06
     0.109081105E+06
     0.109089642E+06
     0.109115282E+06
     0.109150226E+06
     0.109139214E+06
     0.109150242E+06
     0.109168324E+06
     0.109177652E+06
     0.109205679E+06
     0.109244019E+06
     0.109231919E+06
     0.109165802E+06
     0.109173795E+06
     0.109197799E+06
     0.109230513E+06
     0.109220203E+06
     0.109230528E+06
     0.109247455E+06
     0.109256188E+06
     0.109282425E+06
     0.109318318E+06
     0.109306991E+06
     0.109245096E+06
     0.109252579E+06
     0.109275053E+06
     0.109305683E+06
     0.109296030E+06
     0.109305697E+06
     0.109321544E+06
     0.109329721E+06
     0.109354285E+06
     0.109387890E+06
     0.109377285E+06
     0.109319337E+06
     0.109326344E+06
     0.109347388E+06
     0.109376067E+06
     0.109367029E+06
     0.109376081E+06
     0.109390919E+06
     0.109398574E+06
     0.109421575E+06
     0.109453040E+06
     0.109443110E+06
     0.109388853E+06
     0.109395415E+06
     0.109415120E+06
     0.109441976E+06
     0.109433512E+06
     0.109441988E+06
     0.109455883E+06
     0.109463051E+06
     0.109484589E+06
     0.109514053E+06
     0.109504754E+06
     0.109453950E+06
     0.109460094E+06
     0.109478548E+06
     0.109503698E+06
     0.109495772E+06
     0.109503710E+06
     0.109516721E+06
     0.109523434E+06
     0.109543604E+06
     0.109571196E+06
     0.109562488E+06
     0.109514912E+06
     0.109520667E+06
     0.109537949E+06
     0.109561503E+06
     0.109554080E+06
     0.109561514E+06
     0.109573700E+06
     0.109579987E+06
     0.109598876E+06
     0.109624717E+06
     0.109616562E+06
     0.109572006E+06
     0.109577396E+06
     0.109593583E+06
     0.109615644E+06
     0.109608691E+06
     0.109615654E+06
     0.109627067E+06
     0.109632955E+06
     0.109650647E+06
     0.109674849E+06
     0.109667211E+06
     0.109625482E+06
     0.109630530E+06
     0.109645691E+06
     0.109666355E+06
     0.109659843E+06
     0.109666365E+06
     0.109677055E+06
     0.109682570E+06
     0.109699140E+06
     0.109721810E+06
     0.109714655E+06
     0.109675570E+06
     0.109680299E+06
     0.109694501E+06
     0.109713857E+06
     0.109707757E+06
     0.109713866E+06
     0.109723879E+06
     0.109729045E+06
     0.109744567E+06
     0.109765802E+06
     0.109759100E+06
     0.109722489E+06
     0.109726919E+06
     0.109740222E+06
     0.109758355E+06
     0.109752640E+06
     0.109758363E+06
     0.109767743E+06
     0.109772582E+06
     0.109787122E+06
     0.109807014E+06
     0.109800736E+06
     0.109766441E+06
     0.109770591E+06
     0.109783054E+06
     0.109800041E+06
     0.109794687E+06
     0.109800048E+06
     0.109808835E+06
     0.109813369E+06
     0.109826990E+06
     0.109845625E+06
     0.109839744E+06
     0.109807616E+06
     0.109811504E+06
     0.109823180E+06
     0.109839094E+06
     0.109834079E+06
     0.109839102E+06
     0.109847334E+06
     0.109851581E+06
     0.109864342E+06
     0.109881800E+06
     0.109876291E+06
     0.109846192E+06
     0.109849834E+06
     0.109860774E+06
     0.109875684E+06
     0.109870985E+06
     0.109875691E+06
     0.109883403E+06
     0.109887382E+06
     0.109899338E+06
     0.109915695E+06
     0.109910533E+06
     0.109882334E+06
     0.109885746E+06
     0.109895996E+06
     0.109909966E+06
     0.109905563E+06
     0.109909972E+06
     0.109917198E+06
     0.109920927E+06
     0.109932128E+06
     0.109947454E+06
     0.109942617E+06
     0.109916197E+06
     0.109919394E+06
     0.109928998E+06
     0.109942087E+06
     0.109937962E+06
     0.109942093E+06
     0.109948864E+06
     0.109952357E+06
     0.109962853E+06
     0.109977212E+06
     0.109972681E+06
     0.109947926E+06
     0.109950922E+06
     0.109959920E+06
     0.109972185E+06
     0.109968320E+06
     0.109972191E+06
     0.109978535E+06
     0.109981809E+06
     0.109991643E+06
     0.110005098E+06
     0.110000852E+06
     0.109977656E+06
     0.109980464E+06
     0.109988896E+06
     0.110000389E+06
     0.109996767E+06
     0.110000394E+06
     0.110006339E+06
     0.110009406E+06
     0.110018622E+06
     0.110031230E+06
     0.110027251E+06
     0.110005515E+06
     0.110008146E+06
     0.110016048E+06
     0.110026818E+06
     0.110023423E+06
     0.110026823E+06
     0.110032393E+06
     0.110035268E+06
     0.110043903E+06
     0.110055718E+06
     0.110051989E+06
     0.110031622E+06
     0.110034087E+06
     0.110041492E+06
     0.110051584E+06
     0.110048404E+06
     0.110051589E+06
     0.110056809E+06
     0.110059503E+06
     0.110067595E+06
     0.110078667E+06
     0.110075173E+06
     0.110056087E+06
     0.110058397E+06
     0.110065336E+06
     0.110074794E+06
     0.110071813E+06
     0.110074799E+06
     0.110079691E+06
     0.110082215E+06
     0.110089799E+06
     0.110100174E+06
     0.110096900E+06
     0.110079013E+06
     0.110081179E+06
     0.110087682E+06
     0.110096546E+06
     0.110093752E+06
     0.110096550E+06
     0.110101134E+06
     0.110103500E+06
     0.110110607E+06
     0.110120331E+06
     0.110117262E+06
     0.110100500E+06
     0.110102529E+06
     0.110108624E+06
     0.110116931E+06
     0.110114313E+06
     0.110116935E+06
     0.110121231E+06
     0.110123448E+06
     0.110130109E+06
     0.110139222E+06
     0.110136346E+06
     0.110120637E+06
     0.110122539E+06
     0.110128251E+06
     0.110136036E+06
     0.110133582E+06
     0.110136040E+06
     0.110140067E+06
     0.110142144E+06
     0.110148387E+06
     0.110156928E+06
     0.110154232E+06
     0.110139509E+06
     0.110141292E+06
     0.110146645E+06
     0.110153942E+06
     0.110151643E+06
     0.110153946E+06
     0.110157720E+06
     0.110159667E+06
     0.110165518E+06
     0.110173523E+06
     0.110170996E+06
     0.110157198E+06
     0.110158868E+06
     0.110163886E+06
     0.110170725E+06
     0.110168569E+06
     0.110170728E+06
     0.110174265E+06
     0.110176091E+06
     0.110181574E+06
     0.110189077E+06
     0.110186709E+06
     0.110173776E+06
     0.110175342E+06
     0.110180045E+06
     0.110186455E+06
     0.110184435E+06
     0.110186458E+06
     0.110189773E+06
     0.110191484E+06
     0.110196624E+06
     0.110203656E+06
     0.110201436E+06
     0.110189315E+06
     0.110190782E+06
     0.110195190E+06
     0.110201198E+06
     0.110199305E+06
     0.110201201E+06
     0.110204309E+06
     0.110205912E+06
     0.110210730E+06
     0.110217321E+06
     0.110215241E+06
     0.110203879E+06
     0.110205255E+06
     0.110209386E+06
     0.110215018E+06
     0.110213243E+06
     0.110215020E+06
     0.110217933E+06
     0.110219436E+06
     0.110223952E+06
     0.110230129E+06
     0.110228180E+06
     0.110217530E+06
     0.110218820E+06
     0.110222692E+06
     0.110227971E+06
     0.110226307E+06
     0.110227974E+06
     0.110230704E+06
     0.110232112E+06
     0.110236345E+06
     0.110242136E+06
     0.110240308E+06
     0.110230326E+06
     0.110231535E+06
     0.110235165E+06
     0.110240113E+06
     0.110238553E+06
     0.110240115E+06
     0.110242674E+06
     0.110243995E+06
     0.110247962E+06
     0.110253390E+06
     0.110251677E+06
     0.110242320E+06
     0.110243453E+06
     0.110246856E+06
     0.110251494E+06
     0.110250032E+06
     0.110251496E+06
     0.110253895E+06
     0.110255132E+06
     0.110258851E+06
     0.110263939E+06
     0.110262333E+06
     0.110253563E+06
     0.110254625E+06
     0.110257815E+06
     0.110262162E+06
     0.110260792E+06
     0.110262164E+06
     0.110264413E+06
     0.110265573E+06
     0.110269059E+06
     0.110273828E+06
     0.110272323E+06
     0.110264102E+06
     0.110265097E+06
     0.110268087E+06
     0.110272162E+06
     0.110270878E+06
     0.110272164E+06
     0.110274272E+06
     0.110275360E+06
     0.110278627E+06
     0.110283098E+06
     0.110281687E+06
     0.110273981E+06
     0.110274914E+06
     0.110277717E+06
     0.110281537E+06
     0.110280333E+06
     0.110281538E+06
     0.110283514E+06
     0.110284534E+06
     0.110287597E+06
     0.110291788E+06
     0.110290465E+06
     0.110283241E+06
     0.110284116E+06
     0.110286743E+06
     0.110290324E+06
     0.110289196E+06
     0.110290326E+06
     0.110292178E+06
     0.110293134E+06
     0.110296005E+06
     0.110299933E+06
     0.110298694E+06
     0.110291922E+06
     0.110292742E+06
     0.110295205E+06
     0.110298562E+06
     0.110297504E+06
     0.110298563E+06
     0.110300299E+06
     0.110301195E+06
     0.110303887E+06
     0.110307570E+06
     0.110306407E+06
     0.110300060E+06
     0.110300828E+06
     0.110303137E+06
     0.110306284E+06
     0.110305292E+06
     0.110306285E+06
     0.110307913E+06
     0.110308753E+06
     0.110311276E+06
     0.110314728E+06
     0.110313639E+06
     0.110307688E+06
     0.110308409E+06
     0.110310573E+06
     0.110313523E+06
     0.110312593E+06
     0.110313524E+06
     0.110315050E+06
     0.110315837E+06
     0.110318203E+06
     0.110321439E+06
     0.110320417E+06
     0.110314839E+06
     0.110315515E+06
     0.110317544E+06
     0.110320309E+06
     0.110319437E+06
     0.110320310E+06
     0.110321741E+06
     0.110322479E+06
     0.110324696E+06
     0.110327730E+06
     0.110326772E+06
     0.110321543E+06
     0.110322176E+06
     0.110324078E+06
     0.110326671E+06
     0.110325854E+06
     0.110326672E+06
     0.110328013E+06
     0.110328705E+06
     0.110330783E+06
     0.110333627E+06
     0.110332730E+06
     0.110327827E+06
     0.110328421E+06
     0.110330204E+06
     0.110332635E+06
     0.110331869E+06
     0.110332636E+06
     0.110333893E+06
     0.110334541E+06
     0.110336490E+06
     0.110339156E+06
     0.110338315E+06
     0.110333719E+06
     0.110334276E+06
     0.110335947E+06
     0.110338226E+06
     0.110337507E+06
     0.110338227E+06
     0.110339405E+06
     0.110340013E+06
     0.110341840E+06
     0.110344339E+06
     0.110343551E+06
     0.110339242E+06
     0.110339764E+06
     0.110341331E+06
     0.110343467E+06
     0.110342794E+06
     0.110343468E+06
     0.110344573E+06
     0.110345143E+06
     0.110346855E+06
     0.110349198E+06
     0.110348459E+06
     0.110344420E+06
     0.110344909E+06
     0.110346378E+06
     0.110348381E+06
     0.110347750E+06
     0.110348382E+06
     0.110349417E+06
     0.110349952E+06
     0.110351557E+06
     0.110353754E+06
     0.110353061E+06
     0.110349274E+06
     0.110349733E+06
     0.110351110E+06
     0.110352987E+06
     0.110352396E+06
     0.110352988E+06
     0.110353959E+06
     0.110354460E+06
     0.110355965E+06
     0.110358025E+06
     0.110357375E+06
     0.110353825E+06
     0.110354255E+06
     0.110355546E+06
     0.110357306E+06
     0.110356751E+06
     0.110357307E+06
     0.110358217E+06
     0.110358686E+06
     0.110360098E+06
     0.110362028E+06
     0.110361419E+06
     0.110358091E+06
     0.110358494E+06
     0.110359705E+06
     0.110361354E+06
     0.110360834E+06
     0.110361355E+06
     0.110362209E+06
     0.110362649E+06
     0.110363972E+06
     0.110365782E+06
     0.110365211E+06
     0.110362091E+06
     0.110362469E+06
     0.110363603E+06
     0.110365150E+06
     0.110364663E+06
     0.110365151E+06
     0.110365951E+06
     0.110366364E+06
     0.110367604E+06
     0.110369301E+06
     0.110368765E+06
     0.110365840E+06
     0.110366195E+06
     0.110367258E+06
     0.110368709E+06
     0.110368252E+06
     0.110368709E+06
     0.110369459E+06
     0.110369846E+06
     0.110371009E+06
     0.110372600E+06
     0.110372098E+06
     0.110369356E+06
     0.110369688E+06
     0.110370685E+06
     0.110372045E+06
     0.110371616E+06
     0.110372045E+06
     0.110372748E+06
     0.110373111E+06
     0.110374201E+06
     0.110375693E+06
     0.110375222E+06
     0.110372651E+06
     0.110372963E+06
     0.110373898E+06
     0.110375172E+06
     0.110374771E+06
     0.110375173E+06
     0.110375832E+06
     0.110376172E+06
     0.110377194E+06
     0.110378593E+06
     0.110378151E+06
     0.110375741E+06
     0.110376033E+06
     0.110376910E+06
     0.110378105E+06
     0.110377728E+06
     0.110378105E+06
     0.110378723E+06
     0.110379042E+06
     0.110380000E+06
     0.110381311E+06
     0.110380897E+06
     0.110378638E+06
     0.110378911E+06
     0.110379733E+06
     0.110380854E+06
     0.110380501E+06
     0.110380854E+06
     0.110381434E+06
     0.110381733E+06
     0.110382631E+06
     0.110383860E+06
     0.110383472E+06
     0.110381354E+06
     0.110381610E+06
     0.110382381E+06
     0.110383431E+06
     0.110383100E+06
     0.110383431E+06
     0.110383975E+06
     0.110384255E+06
     0.110385097E+06
     0.110386249E+06
     0.110385886E+06
     0.110383900E+06
     0.110384140E+06
     0.110384863E+06
     0.110385847E+06
     0.110385537E+06
     0.110385848E+06
     0.110386357E+06
     0.110386620E+06
     0.110387409E+06
     0.110388490E+06
     0.110388149E+06
     0.110386287E+06
     0.110386512E+06
     0.110387189E+06
     0.110388113E+06
     0.110387822E+06
     0.110388113E+06
     0.110388591E+06
     0.110388837E+06
     0.110389577E+06
     0.110390590E+06
     0.110390270E+06
     0.110388525E+06
     0.110388736E+06
     0.110389371E+06
     0.110390237E+06
     0.110389964E+06
     0.110390237E+06
     0.110390685E+06
     0.110390916E+06
     0.110391610E+06
     0.110392559E+06
     0.110392259E+06
     0.110390623E+06
     0.110390821E+06
     0.110391416E+06
     0.110392228E+06
     0.110391972E+06
     0.110392228E+06
     0.110392648E+06
     0.110392864E+06
     0.110393515E+06
     0.110394405E+06
     0.110394124E+06
     0.110392590E+06
     0.110392776E+06
     0.110393334E+06
     0.110394095E+06
     0.110393855E+06
     0.110394095E+06
     0.110394488E+06
     0.110394691E+06
     0.110395301E+06
     0.110396136E+06
     0.110395873E+06
     0.110394434E+06
     0.110394608E+06
     0.110395132E+06
     0.110395845E+06
     0.110395620E+06
     0.110395845E+06
     0.110396214E+06
     0.110396404E+06
     0.110396976E+06
     0.110397759E+06
     0.110397512E+06
     0.110396163E+06
     0.110396326E+06
     0.110396817E+06
     0.110397486E+06
     0.110397275E+06
     0.110397486E+06
     0.110397832E+06
     0.110398010E+06
     0.110398547E+06
     0.110399280E+06
     0.110399049E+06
     0.110397784E+06
     0.110397937E+06
     0.110398397E+06
     0.110399024E+06
     0.110398827E+06
     0.110399025E+06
     0.110399349E+06
     0.110399516E+06
     0.110400019E+06
     0.110400707E+06
     0.110400490E+06
     0.110399304E+06
     0.110399448E+06
     0.110399879E+06
     0.110400467E+06
     0.110400281E+06
     0.110400467E+06
     0.110400771E+06
     0.110400928E+06
     0.110401399E+06
     0.110402044E+06
     0.110401840E+06
     0.110400729E+06
     0.110400864E+06
     0.110401268E+06
     0.110401819E+06
     0.110401645E+06
     0.110401819E+06
     0.110402104E+06
     0.110402251E+06
     0.110402693E+06
     0.110403298E+06
     0.110403107E+06
     0.110402065E+06
     0.110402191E+06
     0.110402570E+06
     0.110403087E+06
     0.110402924E+06
     0.110403087E+06
     0.110403354E+06
     0.110403492E+06
     0.110403906E+06
     0.110404473E+06
     0.110404294E+06
     0.110403317E+06
     0.110403436E+06
     0.110403791E+06
     0.110404276E+06
     0.110404123E+06
     0.110404276E+06
     0.110404526E+06
     0.110404656E+06
     0.110405044E+06
     0.110405575E+06
     0.110405408E+06
     0.110404492E+06
     0.110404603E+06
     0.110404936E+06
     0.110405390E+06
     0.110405247E+06
     0.110405390E+06
     0.110405625E+06
     0.110405746E+06
     0.110406110E+06
     0.110406609E+06
     0.110406451E+06
     0.110405593E+06
     0.110405697E+06
     0.110406009E+06
     0.110406435E+06
     0.110406301E+06
     0.110406435E+06
     0.110406655E+06
     0.110406769E+06
     0.110407110E+06
     0.110407577E+06
     0.110407430E+06
     0.110406625E+06
     0.110406722E+06
     0.110407015E+06
     0.110407414E+06
     0.110407289E+06
     0.110407415E+06
     0.110407621E+06
     0.110407728E+06
     0.110408048E+06
     0.110408486E+06
     0.110408348E+06
     0.110407593E+06
     0.110407684E+06
     0.110407959E+06
     0.110408333E+06
     0.110408215E+06
     0.110408333E+06
     0.110408527E+06
     0.110408627E+06
     0.110408927E+06
     0.110409337E+06
     0.110409208E+06
     0.110408500E+06
     0.110408586E+06
     0.110408843E+06
     0.110409194E+06
     0.110409083E+06
     0.110409194E+06
     0.110409376E+06
     0.110409469E+06
     0.110409751E+06
     0.110410136E+06
     0.110410014E+06
     0.110409351E+06
     0.110409431E+06
     0.110409672E+06
     0.110410001E+06
     0.110409898E+06
     0.110410002E+06
     0.110410172E+06
     0.110410260E+06
     0.110410523E+06
     0.110410884E+06
     0.110410770E+06
     0.110410148E+06
     0.110410224E+06
     0.110410450E+06
     0.110410758E+06
     0.110410661E+06
     0.110410759E+06
     0.110410918E+06
     0.110411000E+06
     0.110411248E+06
     0.110411586E+06
     0.110411479E+06
     0.110410896E+06
     0.110410967E+06
     0.110411179E+06
     0.110411468E+06
     0.110411377E+06
     0.110411468E+06
     0.110411618E+06
     0.110411695E+06
     0.110411927E+06
     0.110412244E+06
     0.110412144E+06
     0.110411597E+06
     0.110411663E+06
     0.110411862E+06
     0.110412133E+06
     0.110412048E+06
     0.110412134E+06
     0.110412274E+06
     0.110412346E+06
     0.110412564E+06
     0.110412861E+06
     0.110412767E+06
     0.110412254E+06
     0.110412317E+06
     0.110412503E+06
     0.110412757E+06
     0.110412677E+06
     0.110412757E+06
     0.110412889E+06
     0.110412957E+06
     0.110413161E+06
     0.110413439E+06
     0.110413351E+06
     0.110412871E+06
     0.110412929E+06
     0.110413104E+06
     0.110413342E+06
     0.110413267E+06
     0.110413342E+06
     0.110413466E+06
     0.110413529E+06
     0.110413720E+06
     0.110413982E+06
     0.110413899E+06
     0.110413449E+06
     0.110413503E+06
     0.110413667E+06
     0.110413891E+06
     0.110413820E+06
     0.110413891E+06
     0.110414006E+06
     0.110414066E+06
     0.110414245E+06
     0.110414490E+06
     0.110414413E+06
     0.110413990E+06
     0.110414041E+06
     0.110414195E+06
     0.110414405E+06
     0.110414339E+06
     0.110414405E+06
     0.110414513E+06
     0.110414569E+06
     0.110414737E+06
     0.110414967E+06
     0.110414894E+06
     0.110414498E+06
     0.110414546E+06
     0.110414690E+06
     0.110414887E+06
     0.110414825E+06
     0.110414887E+06
     0.110414988E+06
     0.110415041E+06
     0.110415198E+06
     0.110415414E+06
     0.110415346E+06
     0.110414974E+06
     0.110415019E+06
     0.110415154E+06
     0.110415339E+06
     0.110415281E+06
     0.110415339E+06
     0.110415434E+06
     0.110415483E+06
     0.110415631E+06
     0.110415833E+06
     0.110415769E+06
     0.110415421E+06
     0.110415463E+06
     0.110415590E+06
     0.110415762E+06
     0.110415708E+06
     0.110415762E+06
     0.110415852E+06
     0.110415898E+06
     0.110416036E+06
     0.110416226E+06
     0.110416166E+06
     0.110415839E+06
     0.110415879E+06
     0.110415998E+06
     0.110416160E+06
     0.110416109E+06
     0.110416160E+06
     0.110416243E+06
     0.110416287E+06
     0.110416417E+06
     0.110416594E+06
     0.110416538E+06
     0.110416232E+06
     0.110416269E+06
     0.110416380E+06
     0.110416532E+06
     0.110416484E+06
     0.110416532E+06
     0.110416611E+06
     0.110416651E+06
     0.110416773E+06
     0.110416939E+06
     0.110416887E+06
     0.110416600E+06
     0.110416635E+06
     0.110416739E+06
     0.110416881E+06
     0.110416837E+06
     0.110416881E+06
     0.110416955E+06
     0.110416993E+06
     0.110417107E+06
     0.110417263E+06
     0.110417214E+06
     0.110416945E+06
     0.110416977E+06
     0.110417075E+06
     0.110417209E+06
     0.110417167E+06
     0.110417209E+06
     0.110417278E+06
     0.110417313E+06
     0.110417420E+06
     0.110417567E+06
     0.110417521E+06
     0.110417268E+06
     0.110417299E+06
     0.110417391E+06
     0.110417516E+06
     0.110417476E+06
     0.110417516E+06
     0.110417581E+06
     0.110417614E+06
     0.110417714E+06
     0.110417851E+06
     0.110417808E+06
     0.110417572E+06
     0.110417600E+06
     0.110417686E+06
     0.110417804E+06
     0.110417767E+06
     0.110417804E+06
     0.110417864E+06
     0.110417896E+06
     0.110417990E+06
     0.110418118E+06
     0.110418078E+06
     0.110417856E+06
     0.110417883E+06
     0.110417963E+06
     0.110418073E+06
     0.110418039E+06
     0.110418073E+06
     0.110418130E+06
     0.110418160E+06
     0.110418248E+06
     0.110418369E+06
     0.110418330E+06
     0.110418123E+06
     0.110418148E+06
     0.110418223E+06
     0.110418326E+06
     0.110418294E+06
     0.110418327E+06
     0.110418380E+06
     0.110418407E+06
     0.110418490E+06
     0.110418603E+06
     0.110418567E+06
     0.110418372E+06
     0.110418396E+06
     0.110418467E+06
     0.110418564E+06
     0.110418533E+06
     0.110418564E+06
     0.110418614E+06
     0.110418640E+06
     0.110418717E+06
     0.110418823E+06
     0.110418790E+06
     0.110418607E+06
     0.110418629E+06
     0.110418695E+06
     0.110418786E+06
     0.110418758E+06
     0.110418786E+06
     0.110418833E+06
     0.110418857E+06
     0.110418930E+06
     0.110419029E+06
     0.110418998E+06
     0.110418827E+06
     0.110418847E+06
     0.110418910E+06
     0.110418995E+06
     0.110418968E+06
     0.110418995E+06
     0.110419039E+06
     0.110419061E+06
     0.110419129E+06
     0.110419223E+06
     0.110419193E+06
     0.110419033E+06
     0.110419052E+06
     0.110419110E+06
     0.110419190E+06
     0.110419165E+06
     0.110419190E+06
     0.110419231E+06
     0.110419253E+06
     0.110419316E+06
     0.110419404E+06
     0.110419376E+06
     0.110419226E+06
     0.110419244E+06
     0.110419299E+06
     0.110419373E+06
     0.110419350E+06
     0.110419373E+06
     0.110419412E+06
     0.110419432E+06
     0.110419492E+06
     0.110419574E+06
     0.110419548E+06
     0.110419407E+06
     0.110419424E+06
     0.110419475E+06
     0.110419545E+06
     0.110419523E+06
     0.110419545E+06
     0.110419581E+06
     0.110419600E+06
     0.110419656E+06
     0.110419733E+06
     0.110419709E+06
     0.110419576E+06
     0.110419593E+06
     0.110419641E+06
     0.110419706E+06
     0.110419686E+06
     0.110419706E+06
     0.110419740E+06
     0.110419758E+06
     0.110419811E+06
     0.110419883E+06
     0.110419860E+06
     0.110419736E+06
     0.110419751E+06
     0.110419796E+06
     0.110419857E+06
     0.110419838E+06
     0.110419857E+06
     0.110419889E+06
     0.110419906E+06
     0.110419955E+06
     0.110420023E+06
     0.110420001E+06
     0.110419885E+06
     0.110419899E+06
     0.110419941E+06
     0.110419999E+06
     0.110419981E+06
     0.110419999E+06
     0.110420029E+06
     0.110420044E+06
     0.110420091E+06
     0.110420154E+06
     0.110420134E+06
     0.110420025E+06
     0.110420038E+06
     0.110420078E+06
     0.110420132E+06
     0.110420115E+06
     0.110420132E+06
     0.110420160E+06
     0.110420174E+06
     0.110420218E+06
     0.110420277E+06
     0.110420258E+06
     0.110420156E+06
     0.110420168E+06
     0.110420206E+06
     0.110420256E+06
     0.110420240E+06
     0.110420256E+06
     0.110420283E+06
     0.110420296E+06
     0.110420337E+06
     0.110420393E+06
     0.110420375E+06
     0.110420279E+06
     0.110420291E+06
     0.110420326E+06
     0.110420373E+06
     0.110420358E+06
     0.110420373E+06
     0.110420398E+06
     0.110420410E+06
     0.110420449E+06
     0.110420501E+06
     0.110420484E+06
     0.110420394E+06
     0.110420405E+06
     0.110420438E+06
     0.110420483E+06
     0.110420469E+06
     0.110420483E+06
     0.110420506E+06
     0.110420518E+06
     0.110420553E+06
     0.110420602E+06
     0.110420587E+06
     0.110420502E+06
     0.110420513E+06
     0.110420543E+06
     0.110420585E+06
     0.110420572E+06
     0.110420585E+06
     0.110420607E+06
     0.110420618E+06
     0.110420652E+06
     0.110420697E+06
     0.110420683E+06
     0.110420604E+06
     0.110420613E+06
     0.110420642E+06
     0.110420681E+06
     0.110420669E+06
     0.110420681E+06
     0.110420702E+06
     0.110420712E+06
     0.110420744E+06
     0.110420787E+06
     0.110420773E+06
     0.110420699E+06
     0.110420708E+06
     0.110420735E+06
     0.110420772E+06
     0.110420760E+06
     0.110420772E+06
     0.110420791E+06
     0.110420800E+06
     0.110420830E+06
     0.110420870E+06
     0.110420858E+06
     0.110420788E+06
     0.110420796E+06
     0.110420822E+06
     0.110420856E+06
     0.110420845E+06
     0.110420856E+06
     0.110420874E+06
     0.110420883E+06
     0.110420911E+06
     0.110420949E+06
     0.110420937E+06
     0.110420872E+06
     0.110420879E+06
     0.110420903E+06
     0.110420935E+06
     0.110420925E+06
     0.110420935E+06
     0.110420952E+06
     0.110420961E+06
     0.110420987E+06
     0.110421022E+06
     0.110421011E+06
     0.110420950E+06
     0.110420957E+06
     0.110420980E+06
     0.110421010E+06
     0.110421000E+06
     0.110421010E+06
     0.110421025E+06
     0.110421034E+06
     0.110421058E+06
     0.110421091E+06
     0.110421081E+06
     0.110421023E+06
     0.110421030E+06
     0.110421051E+06
     0.110421080E+06
     0.110421071E+06
     0.110421080E+06
     0.110421094E+06
     0.110421102E+06
     0.110421125E+06
     0.110421156E+06
     0.110421146E+06
     0.110421092E+06
     0.110421099E+06
     0.110421118E+06
     0.110421145E+06
     0.110421136E+06
     0.110421145E+06
     0.110421159E+06
     0.110421166E+06
     0.110421187E+06
     0.110421216E+06
     0.110421207E+06
     0.110421157E+06
     0.110421163E+06
     0.110421181E+06
     0.110421206E+06
     0.110421198E+06
     0.110421206E+06
     0.110421219E+06
     0.110421226E+06
     0.110421246E+06
     0.110421273E+06
     0.110421265E+06
     0.110421217E+06
     0.110421223E+06
     0.110421240E+06
     0.110421264E+06
     0.110421256E+06
     0.110421264E+06
     0.110421276E+06
     0.110421282E+06
     0.110421301E+06
     0.110421326E+06
     0.110421318E+06
     0.110421274E+06
     0.110421279E+06
     0.110421296E+06
     0.110421317E+06
     0.110421311E+06
     0.110421317E+06
     0.110421329E+06
     0.110421335E+06
     0.110421352E+06
     0.110421376E+06
     0.110421369E+06
     0.110421327E+06
     0.110421332E+06
     0.110421347E+06
     0.110421368E+06
     0.110421361E+06
     0.110421368E+06
     0.110421379E+06
     0.110421384E+06
     0.110421401E+06
     0.110421423E+06
     0.110421416E+06
     0.110421377E+06
     0.110421382E+06
     0.110421396E+06
     0.110421415E+06
     0.110421409E+06
     0.110421415E+06
     0.110421425E+06
     0.110421430E+06
     0.110421446E+06
     0.110421467E+06
     0.110421460E+06
     0.110421424E+06
     0.110421428E+06
     0.110421442E+06
     0.110421460E+06
     0.110421454E+06
     0.110421460E+06
     0.110421469E+06
     0.110421474E+06
     0.110421488E+06
     0.110421508E+06
     0.110421502E+06
     0.110421468E+06
     0.110421472E+06
     0.110421484E+06
     0.110421501E+06
     0.110421496E+06
     0.110421501E+06
     0.110421510E+06
     0.110421515E+06
     0.110421528E+06
     0.110421547E+06
     0.110421541E+06
     0.110421509E+06
     0.110421513E+06
     0.110421524E+06
     0.110421540E+06
     0.110421535E+06
     0.110421540E+06
     0.110421549E+06
     0.110421553E+06
     0.110421566E+06
     0.110421583E+06
     0.110421578E+06
     0.110421547E+06
     0.110421551E+06
     0.110421562E+06
     0.110421577E+06
     0.110421572E+06
     0.110421577E+06
     0.110421585E+06
     0.110421589E+06
     0.110421601E+06
     0.110421617E+06
     0.110421612E+06
     0.110421584E+06
     0.110421587E+06
     0.110421597E+06
     0.110421611E+06
     0.110421607E+06
     0.110421611E+06
     0.110421618E+06
     0.110421622E+06
     0.110421633E+06
     0.110421649E+06
     0.110421644E+06
     0.110421617E+06
     0.110421621E+06
     0.110421630E+06
     0.110421643E+06
     0.110421639E+06
     0.110421643E+06
     0.110421650E+06
     0.110421654E+06
     0.110421664E+06
     0.110421679E+06
     0.110421674E+06
     0.110421649E+06
     0.110421652E+06
     0.110421661E+06
     0.110421674E+06
     0.110421670E+06
     0.110421674E+06
     0.110421680E+06
     0.110421683E+06
     0.110421693E+06
     0.110421707E+06
     0.110421702E+06
     0.110421679E+06
     0.110421682E+06
     0.110421690E+06
     0.110421702E+06
     0.110421698E+06
     0.110421702E+06
     0.110421708E+06
     0.110421711E+06
     0.110421720E+06
     0.110421733E+06
     0.110421729E+06
     0.110421707E+06
     0.110421710E+06
     0.110421718E+06
     0.110421728E+06
     0.110421725E+06
     0.110421728E+06
     0.110421734E+06
     0.110421737E+06
     0.110421745E+06
     0.110421757E+06
     0.110421754E+06
     0.110421733E+06
     0.110421736E+06
     0.110421743E+06
     0.110421753E+06
     0.110421750E+06
     0.110421753E+06
     0.110421758E+06
     0.110421761E+06
     0.110421769E+06
     0.110421780E+06
     0.110421777E+06
     0.110421758E+06
     0.110421760E+06
     0.110421767E+06
     0.110421776E+06
     0.110421773E+06
     0.110421776E+06
     0.110421781E+06
     0.110421784E+06
     0.110421792E+06
     0.110421802E+06
     0.110421799E+06
     0.110421781E+06
     0.110421783E+06
     0.110421789E+06
     0.110421798E+06
     0.110421796E+06
     0.110421798E+06
     0.110421803E+06
     0.110421805E+06
     0.110421812E+06
     0.110421822E+06
     0.110421819E+06
     0.110421802E+06
     0.110421804E+06
     0.110421810E+06
     0.110421819E+06
     0.110421816E+06
     0.110421819E+06
     0.110421823E+06
     0.110421825E+06
     0.110421832E+06
     0.110421841E+06
     0.110421838E+06
     0.110421823E+06
     0.110421824E+06
     0.110421830E+06
     0.110421838E+06
     0.110421836E+06
     0.110421838E+06
     0.110421842E+06
     0.110421844E+06
     0.110421850E+06
     0.110421859E+06
     0.110421856E+06
     0.110421842E+06
     0.110421843E+06
     0.110421849E+06
     0.110421856E+06
     0.110421854E+06
     0.110421856E+06
     0.110421860E+06
     0.110421862E+06
     0.110421868E+06
     0.110421876E+06
     0.110421873E+06
     0.110421859E+06
     0.110421861E+06
     0.110421866E+06
     0.110421873E+06
     0.110421871E+06
     0.110421873E+06
     0.110421876E+06
     0.110421878E+06
     0.110421884E+06
     0.110421891E+06
     0.110421889E+06
     0.110421876E+06
     0.110421878E+06
     0.110421882E+06
     0.110421889E+06
     0.110421887E+06
     0.110421889E+06
     0.110421892E+06
     0.110421894E+06
     0.110421899E+06
     0.110421906E+06
     0.110421904E+06
     0.110421892E+06
     0.110421893E+06
     0.110421898E+06
     0.110421904E+06
     0.110421902E+06
     0.110421904E+06
     0.110421907E+06
     0.110421908E+06
     0.110421913E+06
     0.110421920E+06
     0.110421918E+06
     0.110421906E+06
     0.110421908E+06
     0.110421912E+06
     0.110421917E+06
     0.110421916E+06
     0.110421917E+06
     0.110421920E+06
     0.110421922E+06
     0.110421926E+06
     0.110421933E+06
     0.110421931E+06
     0.110421920E+06
     0.110421921E+06
     0.110421925E+06
     0.110421931E+06
     0.110421929E+06
     0.110421931E+06
     0.110421933E+06
     0.110421935E+06
     0.110421939E+06
     0.110421945E+06
     0.110421943E+06
     0.110421933E+06
     0.110421934E+06
     0.110421938E+06
     0.110421943E+06
     0.110421941E+06
     0.110421943E+06
     0.110421945E+06
     0.110421947E+06
     0.110421951E+06
     0.110421956E+06
     0.110421954E+06
     0.110421945E+06
     0.110421946E+06
     0.110421950E+06
     0.110421954E+06
     0.110421953E+06
     0.110421954E+06
     0.110421957E+06
     0.110421958E+06
     0.110421962E+06
     0.110421967E+06
     0.110421965E+06
     0.110421956E+06
     0.110421957E+06
     0.110421961E+06
     0.110421965E+06
     0.110421964E+06
     0.110421965E+06
     0.110421967E+06
     0.110421968E+06
     0.110421972E+06
     0.110421977E+06
     0.110421975E+06
     0.110421967E+06
     0.110421968E+06
     0.110421971E+06
     0.110421975E+06
     0.110421974E+06
     0.110421975E+06
     0.110421977E+06
     0.110421978E+06
     0.110421982E+06
     0.110421986E+06
     0.110421985E+06
     0.110421977E+06
     0.110421978E+06
     0.110421981E+06
     0.110421985E+06
     0.110421983E+06
     0.110421985E+06
     0.110421987E+06
     0.110421988E+06
     0.110421991E+06
     0.110421995E+06
     0.110421994E+06
     0.110421986E+06
     0.110421987E+06
     0.110421990E+06
     0.110421993E+06
     0.110421992E+06
     0.110421993E+06
     0.110421995E+06
     0.110421996E+06
     0.110421999E+06
     0.110422003E+06
     0.110422002E+06
     0.110421995E+06
     0.110421996E+06
     0.110421998E+06
     0.110422002E+06
     0.110422001E+06
     0.110422002E+06
     0.110422003E+06
     0.110422004E+06
     0.110422007E+06
     0.110422011E+06
     0.110422010E+06
     0.110422003E+06
     0.110422004E+06
     0.110422006E+06
     0.110422009E+06
     0.110422008E+06
     0.110422009E+06
     0.110422011E+06
     0.110422012E+06
     0.110422015E+06
     0.110422018E+06
     0.110422017E+06
     0.110422011E+06
     0.110422012E+06
     0.110422014E+06
     0.110422017E+06
     0.110422016E+06
     0.110422017E+06
     0.110422018E+06
     0.110422019E+06
     0.110422021E+06
     0.110422025E+06
     0.110422024E+06
     0.110422018E+06
     0.110422019E+06
     0.110422021E+06
     0.110422024E+06
     0.110422023E+06
     0.110422024E+06
     0.110422025E+06
     0.110422026E+06
     0.110422028E+06
     0.110422031E+06
     0.110422030E+06
     0.110422025E+06
     0.110422026E+06
     0.110422027E+06
     0.110422030E+06
     0.110422029E+06
     0.110422030E+06
     0.110422031E+06
     0.110422032E+06
     0.110422034E+06
     0.110422037E+06
     0.110422036E+06
     0.110422031E+06
     0.110422032E+06
     0.110422034E+06
     0.110422036E+06
     0.110422035E+06
     0.110422036E+06
     0.110422037E+06
     0.110422038E+06
     0.110422040E+06
     0.110422043E+06
     0.110422042E+06
     0.110422037E+06
     0.110422038E+06
     0.110422039E+06
     0.110422042E+06
     0.110422041E+06
     0.110422042E+06
     0.110422043E+06
     0.110422044E+06
     0.110422045E+06
     0.110422048E+06
     0.110422047E+06
     0.110422043E+06
     0.110422043E+06
     0.110422045E+06
     0.110422047E+06
     0.110422046E+06
     0.110422047E+06
     0.110422048E+06
     0.110422049E+06
     0.110422050E+06
     0.110422053E+06
     0.110422052E+06
     0.110422048E+06
     0.110422048E+06
     0.110422050E+06
     0.110422052E+06
     0.110422051E+06
     0.110422052E+06
     0.110422053E+06
     0.110422054E+06
     0.110422055E+06
     0.110422057E+06
     0.110422057E+06
     0.110422053E+06
     0.110422053E+06
     0.110422055E+06
     0.110422057E+06
     0.110422056E+06
     0.110422057E+06
     0.110422058E+06
     0.110422058E+06
     0.110422060E+06
     0.110422062E+06
     0.110422061E+06
     0.110422057E+06
     0.110422058E+06
     0.110422059E+06
     0.110422061E+06
     0.110422060E+06
     0.110422061E+06
     0.110422062E+06
     0.110422062E+06
     0.110422064E+06
     0.110422066E+06
     0.110422065E+06
     0.110422062E+06
     0.110422062E+06
     0.110422063E+06
     0.110422065E+06
     0.110422065E+06
     0.110422065E+06
     0.110422066E+06
     0.110422066E+06
     0.110422068E+06
     0.110422070E+06
     0.110422069E+06
     0.110422066E+06
     0.110422066E+06
     0.110422067E+06
     0.110422069E+06
     0.110422068E+06
     0.110422069E+06
     0.110422070E+06
     0.110422070E+06
     0.110422071E+06
     0.110422073E+06
     0.110422073E+06
     0.110422070E+06
     0.110422070E+06
     0.110422071E+06
     0.110422072E+06
     0.110422072E+06
     0.110422072E+06
     0.110422073E+06
     0.110422074E+06
     0.110422075E+06
     0.110422076E+06
     0.110422076E+06
     0.110422073E+06
     0.110422073E+06
     0.110422074E+06
     0.110422076E+06
     0.110422075E+06
     0.110422076E+06
     0.110422077E+06
     0.110422077E+06
     0.110422078E+06
     0.110422080E+06
     0.110422079E+06
     0.110422076E+06
     0.110422077E+06
     0.110422078E+06
     0.110422079E+06
     0.110422079E+06
     0.110422079E+06
     0.110422080E+06
     0.110422080E+06
     0.110422081E+06
     0.110422082E+06
     0.110422082E+06
     0.110422080E+06
     0.110422080E+06
     0.110422081E+06
     0.110422082E+06
     0.110422082E+06
     0.110422082E+06
     0.110422083E+06
     0.110422083E+06
     0.110422084E+06
     0.110422085E+06
     0.110422085E+06
     0.110422083E+06
     0.110422083E+06
     0.110422084E+06
     0.110422085E+06
     0.110422084E+06
     0.110422085E+06
     0.110422085E+06
     0.110422086E+06
     0.110422087E+06
     0.110422088E+06
     0.110422087E+06
     0.110422085E+06
     0.110422086E+06
     0.110422086E+06
     0.110422087E+06
     0.110422087E+06
     0.110422087E+06
     0.110422088E+06
     0.110422088E+06
     0.110422089E+06
     0.110422090E+06
     0.110422090E+06
     0.110422088E+06
     0.110422088E+06
     0.110422089E+06
     0.110422090E+06
     0.110422089E+06
     0.110422090E+06
     0.110422090E+06
     0.110422091E+06
     0.110422091E+06
     0.110422092E+06
     0.110422092E+06
     0.110422090E+06
     0.110422090E+06
     0.110422091E+06
     0.110422092E+06
     0.110422092E+06
     0.110422092E+06
     0.110422093E+06
     0.110422093E+06
     0.110422094E+06
     0.110422095E+06
     0.110422094E+06
     0.110422093E+06
     0.110422093E+06
     0.110422093E+06
     0.110422094E+06
     0.110422094E+06
     0.110422094E+06
     0.110422095E+06
     0.110422095E+06
     0.110422096E+06
     0.110422097E+06
     0.110422096E+06
     0.110422095E+06
     0.110422095E+06
     0.110422095E+06
     0.110422096E+06
     0.110422096E+06
     0.110422096E+06
     0.110422097E+06
     0.110422097E+06
     0.110422098E+06
     0.110422098E+06
     0.110422098E+06
     0.110422097E+06
     0.110422097E+06
     0.110422097E+06
     0.110422098E+06
     0.110422098E+06
     0.110422098E+06
     0.110422099E+06
     0.110422099E+06
     0.110422099E+06
     0.110422100E+06
     0.110422100E+06
     0.110422098E+06
     0.110422099E+06
     0.110422099E+06
     0.110422100E+06
     0.110422100E+06
     0.110422100E+06
     0.110422100E+06
     0.110422100E+06
     0.110422101E+06
     0.110422102E+06
     0.110422102E+06
     0.110422100E+06
     0.110422100E+06
     0.110422101E+06
     0.110422102E+06
     0.110422101E+06
     0.110422102E+06
     0.110422102E+06
     0.110422102E+06
     0.110422103E+06
     0.110422103E+06
     0.110422103E+06
     0.110422102E+06
     0.110422102E+06
     0.110422102E+06
     0.110422103E+06
     0.110422103E+06
     0.110422103E+06
     0.110422103E+06
     0.110422104E+06
     0.110422104E+06
     0.110422105E+06
     0.110422105E+06
     0.110422103E+06
     0.110422104E+06
     0.110422104E+06
     0.110422105E+06
     0.110422104E+06
     0.110422105E+06
     0.110422105E+06
     0.110422105E+06
     0.110422106E+06
     0.110422106E+06
     0.110422106E+06
     0.110422105E+06
     0.110422105E+06
     0.110422105E+06
     0.110422106E+06
     0.110422106E+06
     0.110422106E+06
     0.110422106E+06
     0.110422106E+06
     0.110422107E+06
     0.110422107E+06
     0.110422107E+06
     0.110422106E+06
     0.110422106E+06
     0.110422107E+06
     0.110422107E+06
     0.110422107E+06
     0.110422107E+06
     0.110422107E+06
     0.110422108E+06
     0.110422108E+06
     0.110422109E+06
     0.110422108E+06
     0.110422107E+06
     0.110422108E+06
     0.110422108E+06
     0.110422108E+06
     0.110422108E+06
     0.110422108E+06
     0.110422109E+06
     0.110422109E+06
     0.110422109E+06
     0.110422110E+06
     0.110422110E+06
     0.110422109E+06
     0.110422109E+06
     0.110422109E+06
     0.110422110E+06
     0.110422109E+06
     0.110422110E+06
     0.110422110E+06
     0.110422110E+06
     0.110422110E+06
     0.110422111E+06
     0.110422111E+06
     0.110422110E+06
     0.110422110E+06
     0.110422110E+06
     0.110422111E+06
     0.110422110E+06
     0.110422111E+06
     0.110422111E+06
     0.110422111E+06
     0.110422111E+06
     0.110422112E+06
     0.110422112E+06
     0.110422111E+06
     0.110422111E+06
     0.110422111E+06
     0.110422112E+06
     0.110422111E+06
     0.110422112E+06
     0.110422112E+06
     0.110422112E+06
     0.110422112E+06
     0.110422113E+06
     0.110422113E+06
     0.110422112E+06
     0.110422112E+06
     0.110422112E+06
     0.110422113E+06
     0.110422112E+06
     0.110422113E+06
     0.110422113E+06
     0.110422113E+06
     0.110422113E+06
     0.110422114E+06
     0.110422113E+06
     0.110422113E+06
     0.110422113E+06
     0.110422113E+06
     0.110422113E+06
     0.110422113E+06
     0.110422113E+06
     0.110422114E+06
     0.110422114E+06
     0.110422114E+06
     0.110422114E+06
     0.110422114E+06
     0.110422114E+06
     0.110422114E+06
     0.110422114E+06
     0.110422114E+06
     0.110422114E+06
     0.110422114E+06
     0.110422114E+06
     0.110422114E+06
     0.110422115E+06
     0.110422115E+06
     0.110422115E+06
     0.110422114E+06
     0.110422114E+06
     0.110422115E+06
     0.110422115E+06
     0.110422115E+06
     0.110422115E+06
     0.110422115E+06
     0.110422115E+06
     0.110422115E+06
     0.110422116E+06
     0.110422116E+06
     0.110422115E+06
     0.110422115E+06
     0.110422115E+06
     0.110422116E+06
     0.110422116E+06
     0.110422116E+06
     0.110422116E+06
     0.110422116E+06
     0.110422116E+06
     0.110422116E+06
     0.110422116E+06
     0.110422116E+06
     0.110422116E+06
     0.110422116E+06
     0.110422116E+06
     0.110422116E+06
     0.110422116E+06
     0.110422117E+06
     0.110422117E+06
     0.110422117E+06
     0.110422117E+06
     0.110422117E+06
     0.110422116E+06
     0.110422117E+06
     0.110422117E+06
     0.110422117E+06
     0.110422117E+06
     0.110422117E+06
     0.110422117E+06
     0.110422117E+06
     0.110422117E+06
     0.110422118E+06
     0.110422118E+06
     0.110422117E+06
     0.110422117E+06
     0.110422117E+06
     0.110422118E+06
     0.110422118E+06
     0.110422118E+06
     0.110422118E+06
     0.110422118E+06
     0.110422118E+06
     0.110422118E+06
     0.110422118E+06
     0.110422118E+06
     0.110422118E+06
     0.110422118E+06
     0.110422118E+06
     0.110422118E+06
     0.110422118E+06
     0.110422118E+06
     0.110422118E+06
     0.110422119E+06
     0.110422119E+06
     0.110422119E+06
     0.110422118E+06
     0.110422118E+06
     0.110422118E+06
     0.110422119E+06
     0.110422119E+06
     0.110422119E+06
     0.110422119E+06
     0.110422119E+06
     0.110422119E+06
     0.110422119E+06
     0.110422119E+06
     0.110422119E+06
     0.110422119E+06
     0.110422119E+06
     0.110422119E+06
     0.110422119E+06
     0.110422119E+06
     0.110422119E+06
     0.110422119E+06
     0.110422119E+06
     0.110422120E+06
     0.110422120E+06
     0.110422119E+06
     0.110422119E+06
     0.110422119E+06
     0.110422120E+06
     0.110422120E+06
     0.110422120E+06
     0.110422120E+06
     0.110422120E+06
     0.110422120E+06
     0.110422120E+06
     0.110422120E+06
     0.110422120E+06
     0.110422120E+06
     0.110422120E+06
     0.110422120E+06
     0.110422120E+06
     0.110422120E+06
     0.110422120E+06
     0.110422120E+06
     0.110422120E+06
     0.110422121E+06
     0.110422120E+06
     0.110422120E+06
     0.110422120E+06
     0.110422120E+06
     0.110422120E+06
     0.110422120E+06
     0.110422120E+06
     0.110422121E+06
     0.110422121E+06
     0.110422121E+06
     0.110422121E+06
     0.110422121E+06
     0.110422121E+06
     0.110422121E+06
     0.110422121E+06
     0.110422121E+06
     0.110422121E+06
     0.110422121E+06
     0.110422121E+06
     0.110422121E+06
     0.110422121E+06
     0.110422121E+06
     0.110422121E+06
     0.110422121E+06
     0.110422121E+06
     0.110422121E+06
     0.110422121E+06
     0.110422121E+06
     0.110422121E+06
     0.110422121E+06
     0.110422121E+06
     0.110422121E+06
     0.110422122E+06
     0.110422122E+06
     0.110422121E+06
     0.110422121E+06
     0.110422121E+06
     0.110422122E+06
     0.110422121E+06
     0.110422122E+06
     0.110422122E+06
     0.110422122E+06
     0.110422122E+06
     0.110422122E+06
     0.110422122E+06
     0.110422122E+06
     0.110422122E+06
     0.110422122E+06
     0.110422122E+06
     0.110422122E+06
     0.110422122E+06
     0.110422122E+06
     0.110422122E+06
     0.110422122E+06
     0.110422122E+06
     0.110422122E+06
     0.110422122E+06
     0.110422122E+06
     0.110422122E+06
     0.110422122E+06
     0.110422122E+06
     0.110422122E+06
     0.110422122E+06
     0.110422122E+06
     0.110422122E+06
     0.110422122E+06
     0.110422122E+06
     0.110422122E+06
     0.110422122E+06
     0.110422122E+06
     0.110422122E+06
     0.110422122E+06
     0.110422122E+06
     0.110422122E+06
     0.110422122E+06
     0.110422123E+06
     0.110422123E+06
     0.110422123E+06
     0.110422122E+06
     0.110422122E+06
     0.110422123E+06
     0.110422123E+06
     0.110422123E+06
     0.110422123E+06
     0.110422123E+06
     0.110422123E+06
     0.110422123E+06
     0.110422123E+06
     0.110422123E+06
     0.110422123E+06
     0.110422123E+06
     0.110422123E+06
     0.110422123E+06
     0.110422123E+06
     0.110422123E+06
     0.110422123E+06
     0.110422123E+06
     0.110422123E+06
     0.110422123E+06
     0.110422123E+06
     0.110422123E+06
     0.110422123E+06
     0.110422123E+06
     0.110422123E+06
     0.110422123E+06
     0.110422123E+06
     0.110422123E+06
     0.110422123E+06
     0.110422123E+06
     0.110422123E+06
     0.110422123E+06
     0.110422123E+06
     0.110422123E+06
     0.110422123E+06
     0.110422123E+06
     0.110422123E+06
     0.110422123E+06
     0.110422123E+06
     0.110422123E+06
     0.110422123E+06
     0.110422124E+06
     0.110422124E+06
     0.110422123E+06
     0.110422123E+06
     0.110422123E+06
     0.110422124E+06
     0.110422123E+06
     0.110422124E+06
     0.110422124E+06
     0.110422124E+06
     0.110422124E+06
     0.110422124E+06
     0.110422124E+06
     0.110422124E+06
     0.110422124E+06
     0.110422124E+06
     0.110422124E+06
     0.110422124E+06
     0.110422124E+06
     0.110422124E+06
     0.110422124E+06
     0.110422124E+06
     0.110422124E+06
     0.110422124E+06
     0.110422124E+06
     0.110422124E+06
     0.110422124E+06
     0.110422124E+06
     0.110422124E+06
     0.110422124E+06
     0.110422124E+06
     0.110422124E+06
     0.110422124E+06
     0.110422124E+06
     0.110422124E+06
     0.110422124E+06
     0.110422124E+06
     0.110422124E+06
     0.110422124E+06
     0.110422124E+06
     0.110422124E+06
     0.110422124E+06
     0.110422124E+06
     0.110422124E+06
     0.110422124E+06
     0.110422124E+06
     0.110422124E+06
     0.110422124E+06
     0.110422124E+06
     0.110422124E+06
     0.110422124E+06
     0.110422124E+06
     0.110422124E+06
     0.110422124E+06
     0.110422124E+06
     0.110422124E+06
     0.110422124E+06
     0.110422124E+06
     0.110422124E+06
     0.110422124E+06
     0.110422124E+06
     0.110422124E+06
     0.110422124E+06
     0.110422124E+06
     0.110422124E+06
     0.110422124E+06
     0.110422124E+06
     0.110422124E+06
     0.110422124E+06
     0.110422124E+06
     0.110422124E+06
     0.110422124E+06
     0.110422124E+06
     0.110422124E+06
     0.110422124E+06
     0.110422125E+06
     0.110422125E+06
     0.110422125E+06
     0.110422125E+06
     0.110422124E+06
     0.110422124E+06
     0.110422125E+06
     0.110422125E+06
     0.110422125E+06
     0.110422125E+06
     0.110422125E+06
     0.110422125E+06
     0.110422125E+06
     0.110422125E+06
     0.110422125E+06
     0.110422125E+06
     0.110422125E+06
     0.110422125E+06
     0.110422125E+06
     0.110422125E+06
     0.110422125E+06
     0.110422125E+06
     0.110422125E+06
     0.110422125E+06
     0.110422125E+06
     0.110422125E+06
     0.110422125E+06
     0.110422125E+06
     0.110422125E+06
     0.110422125E+06
     0.110422125E+06
     0.110422125E+06
     0.110422125E+06
     0.110422125E+06
     0.110422125E+06
     0.110422125E+06
     0.110422125E+06
     0.110422125E+06
     0.110422125E+06
     0.110422125E+06
     0.110422125E+06
     0.110422125E+06
     0.110422125E+06
     0.110422125E+06
     0.110422125E+06
     0.110422125E+06
     0.110422125E+06
     0.110422125E+06
     0.110422125E+06
     0.110422125E+06
     0.110422125E+06
     0.110422125E+06
     0.110422125E+06
     0.110422125E+06
     0.110422125E+06
     0.110422125E+06
     0.110422125E+06
     0.110422125E+06
     0.110422125E+06
     0.110422125E+06
     0.110422125E+06
     0.110422125E+06
     0.110422125E+06
     0.110422125E+06
     0.110422125E+06
     0.110422125E+06
     0.110422125E+06
     0.110422125E+06
     0.110422125E+06
     0.110422125E+06
     0.110422125E+06
     0.110422125E+06
     0.110422125E+06
     0.110422125E+06
     0.110422125E+06
     0.110422125E+06
     0.110422125E+06
     0.110422125E+06
     0.110422125E+06
     0.110422125E+06
     0.110422125E+06
     0.110422125E+06
     0.110422125E+06
     0.110422125E+06
     0.110422125E+06
     0.110422125E+06
     0.110422125E+06
     0.110422125E+06
     0.110422125E+06
     0.110422125E+06
     0.110422125E+06
     0.110422125E+06
     0.110422125E+06
     0.110422125E+06
     0.110422125E+06
     0.110422125E+06
     0.110422125E+06
     0.110422125E+06
     0.110422125E+06
     0.110422125E+06
     0.110422125E+06
     0.110422125E+06
     0.110422125E+06
     0.110422125E+06
     0.110422125E+06
     0.110422125E+06
     0.110422125E+06
     0.110422125E+06
     0.110422125E+06
     0.110422125E+06
     0.110422125E+06
     0.110422125E+06
     0.110422125E+06
     0.110422125E+06
     0.110422125E+06
     0.110422125E+06
     0.110422125E+06
     0.110422125E+06
     0.110422125E+06
     0.110422125E+06
     0.110422125E+06
     0.110422126E+06
     0.110422126E+06
     0.110422126E+06
     0.110422126E+06
     0.110422125E+06
     0.110422126E+06
     0.110422126E+06
     0.110422126E+06
     0.110422126E+06
     0.110422126E+06
     0.110422126E+06
     0.110422126E+06
     0.110422126E+06
     0.110422126E+06
     0.110422126E+06
     0.110422126E+06
     0.110422126E+06
     0.110422126E+06
     0.110422126E+06
     0.110422126E+06
     0.110422126E+06
     0.110422126E+06
     0.110422126E+06
     0.110422126E+06
     0.110422126E+06
     0.110422126E+06
     0.110422126E+06
     0.110422126E+06
     0.110422126E+06
     0.110422126E+06
     0.110422126E+06
     0.110422126E+06
     0.110422126E+06
     0.110422126E+06
     0.110422126E+06
     0.110422126E+06
     0.110422126E+06
     0.110422126E+06
     0.110422126E+06
     0.110422126E+06
     0.110422126E+06
     0.110422126E+06
     0.110422126E+06
     0.110422126E+06
     0.110422126E+06
     0.110422126E+06
     0.110422126E+06
     0.110422126E+06
     0.110422126E+06
     0.110422126E+06
     0.110422126E+06
     0.110422126E+06
     0.110422126E+06
     0.110422126E+06
     0.110422126E+06
     0.110422126E+06
     0.110422126E+06
     0.110422126E+06
     0.110422126E+06
     0.110422126E+06
     0.110422126E+06
     0.110422126E+06
     0.110422126E+06
     0.110422126E+06
     0.110422126E+06
     0.110422126E+06
     0.110422126E+06
     0.110422126E+06
     0.110422126E+06
     0.110422126E+06
     0.110422126E+06
     0.110422126E+06
     0.110422126E+06
     0.110422126E+06
     0.110422126E+06
     0.110422126E+06
     0.110422126E+06
     0.110422126E+06
     0.110422126E+06
     0.110422126E+06
     0.110422126E+06
     0.110422126E+06
     0.110422126E+06
     0.110422126E+06
     0.110422126E+06
     0.110422126E+06
     0.110422126E+06
     0.110422126E+06
     0.110422126E+06
     0.110422126E+06
     0.110422126E+06
     0.110422126E+06
     0.110422126E+06
     0.110422126E+06
     0.110422126E+06
     0.110422126E+06
     0.110422126E+06
     0.110422126E+06
     0.110422126E+06
     0.110422126E+06
     0.110422126E+06
     0.110422126E+06
     0.110422126E+06
     0.110422126E+06
     0.110422126E+06
     0.110422126E+06
     0.110422126E+06
     0.110422126E+06
     0.110422126E+06
     0.110422126E+06
     0.110422126E+06
     0.110422126E+06
     0.110422126E+06
     0.110422126E+06
     0.110422126E+06
     0.110422126E+06
     0.110422126E+06
     0.110422126E+06
     0.110422126E+06
     0.110422126E+06
     0.110422126E+06
     0.110422126E+06
     0.110422126E+06
     0.110422126E+06
     0.110422126E+06
     0.110422126E+06
     0.110422126E+06
     0.110422126E+06
     0.110422126E+06
     0.110422126E+06
     0.110422126E+06
     0.110422126E+06
     0.110422126E+06
     0.110422126E+06
     0.110422126E+06
     0.110422126E+06
     0.110422126E+06
     0.110422126E+06
     0.110422126E+06
     0.110422126E+06
     0.110422126E+06
     0.110422126E+06
     0.110422126E+06
     0.110422126E+06
     0.110422126E+06
     0.110422126E+06
     0.110422126E+06
     0.110422126E+06
     0.110422126E+06
     0.110422126E+06
     0.110422126E+06
     0.110422126E+06
     0.110422126E+06
     0.110422126E+06
     0.110422126E+06
     0.110422126E+06
     0.110422126E+06
     0.110422126E+06
     0.110422126E+06
     0.110422126E+06
     0.110422126E+06
     0.110422126E+06
     0.110422126E+06
     0.110422126E+06
     0.110422126E+06
     0.110422126E+06
     0.110422126E+06
     0.110422126E+06
     0.110422126E+06
     0.110422126E+06
     0.110422126E+06
     0.110422126E+06
     0.110422126E+06
     0.110422126E+06
     0.110422126E+06
     0.110422126E+06
     0.110422126E+06
     0.110422126E+06
     0.110422126E+06
     0.110422126E+06
     0.110422126E+06
     0.110422126E+06
     0.110422126E+06
     0.110422126E+06
     0.110422126E+06
     0.110422126E+06
     0.110422126E+06
     0.110422126E+06
     0.110422126E+06
     0.110422126E+06
     0.110422126E+06
     0.110422126E+06
     0.110422126E+06
     0.110422126E+06
     0.110422126E+06
     0.110422126E+06
     0.110422126E+06
     0.110422126E+06
     0.110422126E+06
     0.110422126E+06
     0.110422126E+06
     0.110422126E+06
     0.110422126E+06
     0.110422126E+06
     0.110422126E+06
     0.110422126E+06
     0.110422126E+06
     0.110422126E+06
     0.110422126E+06
     0.110422126E+06
     0.110422126E+06
     0.110422126E+06
     0.110422126E+06
     0.110422126E+06
     0.110422126E+06
     0.110422126E+06
     0.110422126E+06
     0.110422126E+06
     0.110422126E+06
     0.110422126E+06
     0.110422126E+06
     0.110422126E+06
     0.110422126E+06
     0.110422126E+06
     0.110422126E+06
     0.110422126E+06
     0.110422126E+06
     0.110422126E+06
     0.110422126E+06
     0.110422126E+06
     0.110422126E+06
     0.110422126E+06
     0.110422126E+06
     0.110422126E+06
     0.110422126E+06
     0.110422126E+06
     0.110422126E+06
     0.110422126E+06
     0.110422126E+06
     0.110422126E+06
     0.110422126E+06
     0.110422126E+06
     0.110422126E+06
     0.110422126E+06
     0.110422126E+06
     0.110422126E+06
     0.110422126E+06
     0.110422126E+06
     0.110422126E+06
     0.110422126E+06
     0.110422126E+06
     0.110422126E+06
     0.110422126E+06
     0.110422126E+06
     0.110422126E+06
     0.110422126E+06
     0.110422126E+06
     0.110422126E+06
     0.110422126E+06
     0.110422126E+06
     0.110422126E+06
     0.110422126E+06
     0.110422126E+06
     0.110422126E+06
     0.110422126E+06
     0.110422126E+06
     0.110422126E+06
     0.110422126E+06
     0.110422126E+06
     0.110422126E+06
     0.110422126E+06
     0.110422126E+06
     0.110422126E+06
     0.110422126E+06
     0.110422126E+06
     0.110422126E+06
     0.110422126E+06
     0.110422126E+06
     0.110422126E+06
     0.110422126E+06
     0.110422126E+06
     0.110422126E+06
     0.110422126E+06
     0.110422126E+06
     0.110422126E+06
     0.110422126E+06
     0.110422126E+06
     0.110422126E+06
     0.110422126E+06
     0.110422126E+06
     0.110422126E+06
     0.110422126E+06
     0.110422126E+06
     0.110422126E+06
     0.110422126E+06
     0.110422126E+06
     0.110422126E+06
     0.110422126E+06
     0.110422126E+06
     0.110422126E+06
     0.110422126E+06
     0.110422126E+06
     0.110422126E+06
     0.110422126E+06
     0.110422126E+06
     0.110422126E+06
     0.110422126E+06
     0.110422126E+06
     0.110422126E+06
     0.110422126E+06
     0.110422126E+06
     0.110422126E+06
     0.110422126E+06
     0.110422126E+06
     0.110422126E+06
     0.110422126E+06
     0.110422126E+06
     0.110422126E+06
     0.110422126E+06
     0.110422126E+06
     0.110422126E+06
     0.110422126E+06
     0.110422126E+06
     0.110422126E+06
     0.110422126E+06
     0.110422126E+06
     0.110422126E+06
     0.110422126E+06
     0.110422126E+06
     0.110422126E+06
     0.110422126E+06
     0.110422126E+06
     0.110422126E+06
     0.110422126E+06
     0.110422126E+06
     0.110422126E+06
     0.110422126E+06
     0.110422126E+06
     0.110422126E+06
     0.110422126E+06
     0.110422126E+06
     0.110422126E+06
     0.110422126E+06
     0.110422126E+06
     0.110422126E+06
     0.110422126E+06
     0.110422126E+06
     0.110422126E+06
     0.110422126E+06
     0.110422126E+06
     0.110422126E+06
     0.110422126E+06
     0.110422126E+06
     0.110422126E+06
     0.110422126E+06
     0.110422126E+06
     0.110422126E+06
     0.110422126E+06
     0.110422126E+06
     0.110422126E+06
     0.110422126E+06
     0.110422126E+06
     0.110422126E+06
     0.110422126E+06
     0.110422126E+06
     0.110422126E+06
     0.110422126E+06
     0.110422126E+06
     0.110422126E+06
     0.110422126E+06
     0.110422126E+06
     0.110422126E+06
     0.110422126E+06
     0.110422126E+06
     0.110422126E+06
     0.110422126E+06
     0.110422126E+06
     0.110422126E+06
     0.110422126E+06
     0.110422126E+06
     0.110422126E+06
     0.110422126E+06
     0.110422126E+06
     0.110422126E+06
     0.110422126E+06
     0.110422126E+06
     0.110422126E+06
     0.110422126E+06
     0.110422126E+06
     0.110422126E+06
     0.110422126E+06
     0.110422126E+06
     0.110422126E+06
     0.110422126E+06
     0.110422126E+06
     0.110422126E+06
     0.110422126E+06
     0.110422126E+06
     0.110422126E+06
     0.110422126E+06
     0.110422126E+06
     0.110422126E+06
     0.110422126E+06
     0.110422126E+06
     0.110422126E+06
     0.110422126E+06
     0.110422126E+06
     0.110422126E+06
     0.110422126E+06
     0.110422126E+06
     0.110422126E+06
     0.110422126E+06
     0.110422126E+06
     0.110422126E+06
     0.110422126E+06
     0.110422126E+06
     0.110422126E+06
     0.110422126E+06
     0.110422126E+06
     0.110422126E+06
     0.110422126E+06
     0.110422126E+06
     0.110422126E+06
     0.110422126E+06
     0.110422126E+06
     0.110422126E+06
     0.110422126E+06
     0.110422126E+06
     0.110422126E+06
     0.110422126E+06
     0.110422126E+06
     0.110422126E+06
     0.110422126E+06
     0.110422126E+06
     0.110422126E+06
     0.110422126E+06
     0.110422126E+06
     0.110422126E+06
     0.110422126E+06
     0.110422126E+06
     0.110422126E+06
     0.110422126E+06
     0.110422126E+06
     0.110422126E+06
     0.110422126E+06
     0.110422126E+06
     0.110422126E+06
     0.110422126E+06
     0.110422126E+06
     0.110422126E+06
     0.110422126E+06
     0.110422126E+06
     0.110422126E+06
     0.110422126E+06
     0.110422126E+06
     0.110422126E+06
     0.110422126E+06
     0.110422126E+06
     0.110422126E+06
     0.110422126E+06
     0.110422126E+06
     0.110422126E+06
     0.110422126E+06
     0.110422126E+06
     0.110422126E+06
     0.110422126E+06
     0.110422126E+06
     0.110422126E+06
     0.110422126E+06
     0.110422126E+06
     0.110422126E+06
     0.110422126E+06
     0.110422126E+06
     0.110422126E+06
     0.110422126E+06
     0.110422126E+06
     0.110422126E+06
     0.110422126E+06
     0.110422126E+06
     0.110422126E+06
     0.110422126E+06
     0.110422126E+06
     0.110422126E+06
     0.110422126E+06
     0.110422126E+06
     0.110422126E+06
     0.110422126E+06
     0.110422126E+06
     0.110422126E+06
     0.110422126E+06
     0.110422126E+06
     0.110422126E+06
     0.110422126E+06
     0.110422126E+06
     0.110422126E+06
     0.110422126E+06
     0.110422126E+06
     0.110422126E+06
     0.110422126E+06
     0.110422126E+06
     0.110422126E+06
     0.110422126E+06
     0.110422126E+06
     0.110422126E+06
     0.110422126E+06
     0.110422126E+06
     0.110422126E+06
     0.110422126E+06
     0.110422126E+06
     0.110422126E+06
     0.110422126E+06
     0.110422126E+06
     0.110422126E+06
     0.110422126E+06
     0.110422126E+06
     0.110422126E+06
     0.110422126E+06
     0.110422126E+06
     0.110422126E+06
     0.110422126E+06
     0.110422126E+06
     0.110422126E+06
     0.110422126E+06
     0.110422126E+06
     0.110422126E+06
     0.110422126E+06
     0.110422126E+06
     0.110422126E+06
     0.110422126E+06
     0.110422126E+06
     0.110422126E+06
     0.110422126E+06
     0.110422126E+06
     0.110422126E+06
     0.110422126E+06
     0.110422126E+06
     0.110422126E+06
     0.110422126E+06
     0.110422126E+06
     0.110422126E+06
     0.110422126E+06
     0.110422126E+06
     0.110422126E+06
     0.110422126E+06
     0.110422126E+06
     0.110422126E+06
     0.110422126E+06
     0.110422126E+06
     0.110422126E+06
     0.110422126E+06
     0.110422126E+06
     0.110422126E+06
     0.110422126E+06
     0.110422126E+06
     0.110422126E+06
     0.110422126E+06
     0.110422126E+06
     0.110422126E+06
     0.110422126E+06
     0.110422126E+06
     0.110422126E+06
     0.110422126E+06
     0.110422126E+06
     0.110422126E+06
     0.110422126E+06
     0.110422126E+06
     0.110422126E+06
     0.110422126E+06
     0.110422126E+06
     0.110422126E+06
     0.110422126E+06
     0.110422126E+06
     0.110422126E+06
     0.110422126E+06
     0.110422126E+06
     0.110422126E+06
     0.110422126E+06
     0.110422126E+06
     0.110422126E+06
     0.110422126E+06
     0.110422126E+06
     0.110422126E+06
     0.110422126E+06
     0.110422126E+06
     0.110422126E+06
     0.110422126E+06
     0.110422126E+06
     0.110422126E+06
     0.110422126E+06
     0.110422126E+06
     0.110422126E+06
     0.110422126E+06
     0.110422126E+06
     0.110422126E+06
     0.110422126E+06
     0.110422126E+06
     0.110422126E+06
     0.110422126E+06
     0.110422126E+06
     0.110422126E+06
     0.110422126E+06
     0.110422126E+06
     0.110422126E+06
     0.110422126E+06
     0.110422126E+06
     0.110422126E+06
     0.110422126E+06
     0.110422126E+06
     0.110422126E+06
     0.110422126E+06
     0.110422126E+06
     0.110422126E+06
     0.110422126E+06
     0.110422126E+06
     0.110422126E+06
     0.110422126E+06
     0.110422126E+06
     0.110422126E+06
     0.110422126E+06
     0.110422126E+06
     0.110422126E+06
     0.110422126E+06
     0.110422126E+06
     0.110422126E+06
     0.110422126E+06
     0.110422126E+06
     0.110422126E+06
     0.110422126E+06
     0.110422126E+06
     0.110422126E+06
     0.110422126E+06
     0.110422126E+06
     0.110422126E+06
     0.110422126E+06
     0.110422126E+06
     0.110422126E+06
     0.110422126E+06
     0.110422126E+06
     0.110422126E+06
     0.110422126E+06
     0.110422126E+06
     0.110422126E+06
     0.110422126E+06
     0.110422126E+06
     0.110422126E+06
     0.110422126E+06
     0.110422126E+06
     0.110422126E+06
     0.110422126E+06
     0.110422126E+06
     0.110422126E+06
     0.110422126E+06
     0.110422126E+06
     0.110422126E+06
     0.110422126E+06
     0.110422126E+06
     0.110422126E+06
     0.110422126E+06
     0.110422126E+06
     0.110422126E+06
     0.110422126E+06
     0.110422126E+06
     0.110422126E+06
     0.110422126E+06
     0.110422126E+06
     0.110422126E+06
     0.110422126E+06
     0.110422126E+06
     0.110422126E+06
     0.110422126E+06
     0.110422126E+06
     0.110422126E+06
     0.110422126E+06
     0.110422126E+06
     0.110422126E+06
     0.110422126E+06
     0.110422126E+06
     0.110422126E+06
     0.110422126E+06
     0.110422126E+06
     0.110422126E+06
     0.110422126E+06
     0.110422126E+06
     0.110422126E+06
     0.110422126E+06
     0.110422126E+06
     0.110422126E+06
     0.110422126E+06
     0.110422126E+06
     0.110422126E+06
     0.110422126E+06
     0.110422126E+06
     0.110422126E+06
     0.110422126E+06
     0.110422126E+06
     0.110422126E+06
     0.110422126E+06
     0.110422126E+06
     0.110422126E+06
     0.110422126E+06
     0.110422126E+06
     0.110422126E+06
     0.110422126E+06
     0.110422126E+06
     0.110422126E+06
     0.110422126E+06
     0.110422126E+06
     0.110422126E+06
     0.110422126E+06
     0.110422126E+06
     0.110422126E+06
     0.110422126E+06
     0.110422126E+06
     0.110422126E+06
     0.110422126E+06
     0.110422126E+06
     0.110422126E+06
     0.110422126E+06
     0.110422126E+06
     0.110422126E+06
     0.110422126E+06
     0.110422126E+06
     0.110422126E+06
     0.110422126E+06
     0.110422126E+06
     0.110422126E+06
     0.110422126E+06
     0.110422126E+06
     0.110422126E+06
     0.110422126E+06
     0.110422126E+06
     0.110422126E+06
     0.110422126E+06
     0.110422126E+06
     0.110422126E+06
     0.110422126E+06
     0.110422126E+06
     0.110422126E+06
     0.110422126E+06
     0.110422126E+06
     0.110422126E+06
     0.110422126E+06
     0.110422126E+06
     0.110422126E+06
     0.110422126E+06
     0.110422126E+06
     0.110422126E+06
     0.110422126E+06
     0.110422126E+06
     0.110422126E+06
     0.110422126E+06
     0.110422126E+06
     0.110422126E+06
     0.110422126E+06
     0.110422126E+06
     0.110422126E+06
     0.110422126E+06
     0.110422126E+06
     0.110422126E+06
     0.110422126E+06
     0.110422126E+06
     0.110422126E+06
     0.110422126E+06
     0.110422126E+06
     0.110422126E+06
     0.110422126E+06
     0.110422126E+06
     0.110422126E+06
     0.110422126E+06
     0.110422126E+06
     0.110422126E+06
     0.110422126E+06
     0.110422126E+06
     0.110422126E+06
     0.110422126E+06
     0.110422126E+06
     0.110422126E+06
     0.110422126E+06
     0.110422126E+06
     0.110422126E+06
     0.110422126E+06
     0.110422126E+06
     0.110422126E+06
     0.110422126E+06
     0.110422126E+06
     0.110422126E+06
     0.110422126E+06
     0.110422126E+06
     0.110422126E+06
     0.110422126E+06
     0.110422126E+06
     0.110422126E+06
     0.110422126E+06
     0.110422126E+06
     0.110422126E+06
     0.110422126E+06
     0.110422126E+06
     0.110422126E+06
     0.110422126E+06
     0.110422126E+06
     0.110422126E+06
     0.110422126E+06
     0.110422126E+06
     0.110422126E+06
     0.110422126E+06
     0.110422126E+06
     0.110422126E+06
     0.110422126E+06
     0.110422126E+06
     0.110422126E+06
     0.110422126E+06
     0.110422126E+06
     0.110422126E+06
     0.110422126E+06
     0.110422126E+06
     0.110422126E+06
     0.110422126E+06
     0.110422126E+06
     0.110422126E+06
     0.110422126E+06
     0.110422126E+06
     0.110422126E+06
     0.110422126E+06
     0.110422126E+06
     0.110422126E+06
     0.110422126E+06
     0.110422126E+06
     0.110422126E+06
     0.110422126E+06
     0.110422126E+06
     0.110422126E+06
     0.110422126E+06
     0.110422126E+06
     0.110422126E+06
     0.110422126E+06
     0.110422126E+06
     0.110422126E+06
     0.110422126E+06
     0.110422126E+06
     0.110422126E+06
     0.110422126E+06
     0.110422126E+06
     0.110422126E+06
     0.110422126E+06
     0.110422126E+06
     0.110422126E+06
     0.110422126E+06
     0.110422126E+06
     0.110422126E+06
     0.110422126E+06
     0.110422126E+06
     0.110422126E+06
     0.110422126E+06
     0.110422126E+06
     0.110422126E+06
     0.110422126E+06
     0.110422126E+06
     0.110422126E+06
     0.110422126E+06
     0.110422126E+06
     0.110422126E+06
     0.110422126E+06
     0.110422126E+06
     0.110422126E+06
     0.110422126E+06
     0.110422126E+06
     0.110422126E+06
     0.110422126E+06
     0.110422126E+06
     0.110422126E+06
     0.110422126E+06
     0.110422126E+06
     0.110422126E+06
     0.110422126E+06
     0.110422126E+06
     0.110422126E+06
     0.110422126E+06
     0.110422126E+06
     0.110422126E+06
     0.110422126E+06
     0.110422126E+06
     0.110422126E+06
     0.110422126E+06
     0.110422126E+06
     0.110422126E+06
     0.110422126E+06
     0.110422126E+06
     0.110422126E+06
     0.110422126E+06
     0.110422126E+06
     0.110422126E+06
     0.110422126E+06
     0.110422126E+06
     0.110422126E+06
     0.110422126E+06
     0.110422126E+06
     0.110422126E+06
     0.110422126E+06
     0.110422126E+06
     0.110422126E+06
     0.110422126E+06
     0.110422126E+06
     0.110422126E+06
     0.110422126E+06
     0.110422126E+06
     0.110422126E+06
     0.110422126E+06
     0.110422126E+06
     0.110422126E+06
     0.110422126E+06
     0.110422126E+06
     0.110422126E+06
     0.110422126E+06
     0.110422126E+06
     0.110422126E+06
     0.110422126E+06
     0.110422126E+06
     0.110422126E+06
     0.110422126E+06
     0.110422126E+06
     0.110422126E+06
     0.110422126E+06
     0.110422126E+06
     0.110422126E+06
     0.110422126E+06
     0.110422126E+06
     0.110422126E+06
     0.110422126E+06
     0.110422126E+06
     0.110422126E+06
     0.110422126E+06
     0.110422126E+06
     0.110422126E+06
     0.110422126E+06
     0.110422126E+06
     0.110422126E+06
     0.110422126E+06
     0.110422126E+06
     0.110422126E+06
     0.110422126E+06
     0.110422126E+06
     0.110422126E+06
     0.110422126E+06
     0.110422126E+06
     0.110422126E+06
     0.110422126E+06
     0.110422126E+06
     0.110422126E+06
     0.110422126E+06
     0.110422126E+06
     0.110422126E+06
     0.110422126E+06
     0.110422126E+06
     0.110422126E+06
     0.110422126E+06
     0.110422126E+06
     0.110422126E+06
     0.110422126E+06
     0.110422126E+06
     0.110422126E+06
     0.110422126E+06
     0.110422126E+06
     0.110422126E+06
     0.110422126E+06
     0.110422126E+06
     0.110422126E+06
     0.110422126E+06
     0.110422126E+06
     0.110422126E+06
     0.110422126E+06
     0.110422126E+06
     0.110422126E+06
     0.110422126E+06
     0.110422126E+06
     0.110422126E+06
     0.110422126E+06
     0.110422126E+06
     0.110422126E+06
     0.110422126E+06
     0.110422126E+06
     0.110422126E+06
     0.110422126E+06
     0.110422126E+06
     0.110422126E+06
     0.110422126E+06
     0.110422126E+06
     0.110422126E+06
     0.110422126E+06
     0.110422126E+06
     0.110422126E+06
     0.110422126E+06
     0.110422126E+06
     0.110422126E+06
     0.110422126E+06
     0.110422126E+06
     0.110422126E+06
     0.110422126E+06
     0.110422126E+06
     0.110422126E+06
     0.110422126E+06
     0.110422126E+06
     0.110422126E+06
     0.110422126E+06
     0.110422126E+06
     0.110422126E+06
     0.110422126E+06
     0.110422126E+06
     0.110422126E+06
     0.110422126E+06
     0.110422126E+06
     0.110422126E+06
     0.110422126E+06
     0.110422126E+06
     0.110422126E+06
     0.110422126E+06
     0.110422126E+06
     0.110422126E+06
     0.110422126E+06
     0.110422126E+06
     0.110422126E+06
     0.110422126E+06
     0.110422126E+06
     0.110422126E+06
     0.110422126E+06
     0.110422126E+06
     0.110422126E+06
     0.110422126E+06
     0.110422126E+06
     0.110422126E+06
     0.110422126E+06
     0.110422126E+06
     0.110422126E+06
     0.110422126E+06
     0.110422126E+06
     0.110422126E+06
     0.110422126E+06
     0.110422126E+06
     0.110422126E+06
     0.110422126E+06
     0.110422126E+06
     0.110422126E+06
     0.110422126E+06
     0.110422126E+06
     0.110422126E+06
     0.110422126E+06
     0.110422126E+06
     0.110422126E+06
     0.110422126E+06
     0.110422126E+06
     0.110422126E+06
     0.110422126E+06
     0.110422126E+06
     0.110422126E+06
     0.110422126E+06
     0.110422126E+06
     0.110422126E+06
     0.110422126E+06
     0.110422126E+06
     0.110422126E+06
     0.110422126E+06
     0.110422126E+06
     0.110422126E+06
     0.110422126E+06
     0.110422126E+06
     0.110422126E+06
     0.110422126E+06
     0.110422126E+06
     0.110422126E+06
     0.110422126E+06
     0.110422126E+06
     0.110422126E+06
     0.110422126E+06
     0.110422126E+06
     0.110422126E+06
     0.110422126E+06
     0.110422126E+06
     0.110422126E+06
     0.110422126E+06
     0.110422126E+06
     0.110422126E+06
     0.110422126E+06
     0.110422126E+06
     0.110422126E+06
     0.110422126E+06
     0.110422126E+06
     0.110422126E+06
     0.110422126E+06
     0.110422126E+06
     0.110422126E+06
     0.110422126E+06
     0.110422126E+06
     0.110422126E+06
     0.110422126E+06
     0.110422126E+06
     0.110422126E+06
     0.110422126E+06
     0.110422126E+06
     0.110422126E+06
     0.110422126E+06
     0.110422126E+06
     0.110422126E+06
     0.110422126E+06
     0.110422126E+06
     0.110422126E+06
     0.110422126E+06
     0.110422126E+06
     0.110422126E+06
     0.110422126E+06
     0.110422126E+06
     0.110422126E+06
     0.110422126E+06
     0.110422126E+06
     0.110422126E+06
     0.110422126E+06
     0.110422126E+06
     0.110422126E+06
     0.110422126E+06
     0.110422126E+06
     0.110422126E+06
     0.110422126E+06
     0.110422126E+06
     0.110422126E+06
     0.110422126E+06
     0.110422126E+06
     0.110422126E+06
     0.110422126E+06
     0.110422126E+06
     0.110422126E+06
     0.110422126E+06
     0.110422126E+06
     0.110422126E+06
     0.110422126E+06
     0.110422126E+06
     0.110422126E+06
     0.110422126E+06
     0.110422126E+06
     0.110422126E+06
     0.110422126E+06
     0.110422126E+06
     0.110422126E+06
     0.110422126E+06
     0.110422126E+06
     0.110422126E+06
     0.110422126E+06
     0.110422126E+06
     0.110422126E+06
     0.110422126E+06
     0.110422126E+06
     0.110422126E+06
     0.110422126E+06
     0.110422126E+06
     0.110422126E+06
     0.110422126E+06
     0.110422126E+06
     0.110422126E+06
     0.110422126E+06
     0.110422126E+06
     0.110422126E+06
     0.110422126E+06
     0.110422126E+06
     0.110422126E+06
     0.110422126E+06
     0.110422126E+06
     0.110422126E+06
     0.110422126E+06
     0.110422126E+06
     0.110422126E+06
     0.110422126E+06
     0.110422126E+06
     0.110422126E+06
     0.110422126E+06
     0.110422126E+06
     0.110422126E+06
     0.110422126E+06
     0.110422126E+06
     0.110422126E+06
     0.110422126E+06
     0.110422126E+06
     0.110422126E+06
     0.110422126E+06
     0.110422126E+06
     0.110422126E+06
     0.110422126E+06
     0.110422126E+06
     0.110422126E+06
     0.110422126E+06
     0.110422126E+06
     0.110422126E+06
     0.110422126E+06
     0.110422126E+06
     0.110422126E+06
     0.110422126E+06
     0.110422126E+06
     0.110422126E+06
     0.110422126E+06
     0.110422126E+06
     0.110422126E+06
     0.110422126E+06
     0.110422126E+06
     0.110422126E+06
     0.110422126E+06
     0.110422126E+06
     0.110422126E+06
     0.110422126E+06
     0.110422126E+06
     0.110422126E+06
     0.110422126E+06
     0.110422126E+06
     0.110422126E+06
     0.110422126E+06
     0.110422126E+06
     0.110422126E+06
     0.110422126E+06
     0.110422126E+06
     0.110422126E+06
     0.110422126E+06
     0.110422126E+06
     0.110422126E+06
     0.110422126E+06
     0.110422126E+06
     0.110422126E+06
     0.110422126E+06
     0.110422126E+06
     0.110422126E+06
     0.110422126E+06
     0.110422126E+06
     0.110422126E+06
     0.110422126E+06
     0.110422126E+06
     0.110422126E+06
     0.110422126E+06
     0.110422126E+06
     0.110422126E+06
     0.110422126E+06
     0.110422126E+06
     0.110422126E+06
     0.110422126E+06
     0.110422126E+06
     0.110422126E+06
     0.110422126E+06
     0.110422126E+06
     0.110422126E+06
     0.110422126E+06
     0.110422126E+06
     0.110422126E+06
     0.110422126E+06
     0.110422126E+06
     0.110422126E+06
     0.110422126E+06
     0.110422126E+06
     0.110422126E+06
     0.110422126E+06
     0.110422126E+06
     0.110422126E+06
     0.110422126E+06
     0.110422126E+06
     0.110422126E+06
     0.110422126E+06
     0.110422126E+06
     0.110422126E+06
     0.110422126E+06
     0.110422126E+06
     0.110422126E+06
     0.110422126E+06
     0.110422126E+06
     0.110422126E+06
     0.110422126E+06
     0.110422126E+06
     0.110422126E+06
     0.110422126E+06
     0.110422126E+06
     0.110422126E+06
     0.110422126E+06
     0.110422126E+06
     0.110422126E+06
     0.110422126E+06
     0.110422126E+06
     0.110422126E+06
     0.110422126E+06
     0.110422126E+06
     0.110422126E+06
     0.110422126E+06
     0.110422126E+06
     0.110422126E+06
     0.110422126E+06
     0.110422126E+06
     0.110422126E+06
     0.110422126E+06
     0.110422126E+06
     0.110422126E+06
     0.110422126E+06
     0.110422126E+06
     0.110422126E+06
     0.110422126E+06
     0.110422126E+06
     0.110422126E+06
     0.110422126E+06
     0.110422126E+06
     0.110422126E+06
     0.110422126E+06
     0.110422126E+06
     0.110422126E+06
     0.110422126E+06
     0.110422126E+06
     0.110422126E+06
     0.110422126E+06
     0.110422126E+06
     0.110422126E+06
     0.110422126E+06
     0.110422126E+06
     0.110422126E+06
     0.110422126E+06
     0.110422126E+06
     0.110422126E+06
     0.110422126E+06
     0.110422126E+06
     0.110422126E+06
     0.110422126E+06
     0.110422126E+06
     0.110422126E+06
     0.110422126E+06
     0.110422126E+06
     0.110422126E+06
     0.110422126E+06
     0.110422126E+06
     0.110422126E+06
     0.110422126E+06
     0.110422126E+06
     0.110422126E+06
     0.110422126E+06
     0.110422126E+06
     0.110422126E+06
     0.110422126E+06
     0.110422126E+06
     0.110422126E+06
     0.110422126E+06
     0.110422126E+06
     0.110422126E+06
     0.110422126E+06
     0.110422126E+06
     0.110422126E+06
     0.110422126E+06
     0.110422126E+06
     0.110422126E+06
     0.110422126E+06
     0.110422126E+06
     0.110422126E+06
     0.110422126E+06
     0.110422126E+06
     0.110422126E+06
     0.110422126E+06
     0.110422126E+06
     0.110422126E+06
     0.110422126E+06
     0.110422126E+06
     0.110422126E+06
     0.110422126E+06
     0.110422126E+06
     0.110422126E+06
     0.110422126E+06
     0.110422126E+06
     0.110422126E+06
     0.110422126E+06
     0.110422126E+06
     0.110422126E+06
     0.110422126E+06
     0.110422126E+06
     0.110422126E+06
     0.110422126E+06
     0.110422126E+06
     0.110422126E+06
     0.110422126E+06
     0.110422126E+06
     0.110422126E+06
     0.110422126E+06
     0.110422126E+06
     0.110422126E+06
     0.110422126E+06
     0.110422126E+06
     0.110422126E+06
     0.110422126E+06
     0.110422126E+06
     0.110422126E+06
     0.110422126E+06
     0.110422126E+06
     0.110422126E+06
     0.110422126E+06
     0.110422126E+06
     0.110422126E+06
     0.110422126E+06
     0.110422126E+06
     0.110422126E+06
     0.110422126E+06
     0.110422126E+06
     0.110422126E+06
     0.110422126E+06
     0.110422126E+06
     0.110422126E+06
     0.110422126E+06
     0.110422126E+06
     0.110422126E+06
     0.110422126E+06
     0.110422126E+06
     0.110422126E+06
     0.110422126E+06
     0.110422126E+06
     0.110422126E+06
     0.110422126E+06
     0.110422126E+06
     0.110422126E+06
     0.110422126E+06
     0.110422126E+06
     0.110422126E+06
     0.110422126E+06
     0.110422126E+06
     0.110422126E+06
     0.110422126E+06
     0.110422126E+06
     0.110422126E+06
     0.110422126E+06
     0.110422126E+06
     0.110422126E+06
     0.110422126E+06
     0.110422126E+06
     0.110422126E+06
     0.110422126E+06
     0.110422126E+06
     0.110422126E+06
     0.110422126E+06
     0.110422126E+06
     0.110422126E+06
     0.110422126E+06
     0.110422126E+06
     0.110422126E+06
     0.110422126E+06
     0.110422126E+06
     0.110422126E+06
     0.110422126E+06
     0.110422126E+06
     0.110422126E+06
     0.110422126E+06
     0.110422126E+06
     0.110422126E+06
     0.110422126E+06
     0.110422126E+06
     0.110422126E+06
     0.110422126E+06
     0.110422126E+06
     0.110422126E+06
     0.110422126E+06
     0.110422126E+06
     0.110422126E+06
     0.110422126E+06
     0.110422126E+06
     0.110422126E+06
     0.110422126E+06
     0.110422126E+06
     0.110422126E+06
     0.110422126E+06
     0.110422126E+06
     0.110422126E+06
     0.110422126E+06
     0.110422126E+06
     0.110422126E+06
     0.110422126E+06
     0.110422126E+06
     0.110422126E+06
     0.110422126E+06
     0.110422126E+06
     0.110422126E+06
     0.110422126E+06
     0.110422126E+06
     0.110422126E+06
     0.110422126E+06
     0.110422126E+06
     0.110422126E+06
     0.110422126E+06
     0.110422126E+06
     0.110422126E+06
     0.110422126E+06
     0.110422126E+06
     0.110422126E+06
     0.110422126E+06
     0.110422126E+06
     0.110422126E+06
     0.110422126E+06
     0.110422126E+06
     0.110422126E+06
     0.110422126E+06
     0.110422126E+06
     0.110422126E+06
     0.110422126E+06
     0.110422126E+06
     0.110422126E+06
     0.110422126E+06
     0.110422126E+06
     0.110422126E+06
     0.110422126E+06
     0.110422126E+06
     0.110422126E+06
     0.110422126E+06
     0.110422126E+06
     0.110422126E+06
     0.110422126E+06
     0.110422126E+06
     0.110422126E+06
     0.110422126E+06
     0.110422126E+06
     0.110422126E+06
     0.110422126E+06
     0.110422126E+06
     0.110422126E+06
     0.110422126E+06
     0.110422126E+06
     0.110422126E+06
     0.110422126E+06
     0.110422126E+06
     0.110422126E+06
     0.110422126E+06
     0.110422126E+06
     0.110422126E+06
     0.110422126E+06
     0.110422126E+06
     0.110422126E+06
     0.110422126E+06
     0.110422126E+06
     0.110422126E+06
     0.110422126E+06
     0.110422126E+06
     0.110422126E+06
     0.110422126E+06
     0.110422126E+06
     0.110422126E+06
     0.110422126E+06
     0.110422126E+06
     0.110422126E+06
     0.110422126E+06
     0.110422126E+06
     0.110422126E+06
     0.110422126E+06
     0.110422126E+06
     0.110422126E+06
     0.110422126E+06
     0.110422126E+06
     0.110422126E+06
     0.110422126E+06
     0.110422126E+06
     0.110422126E+06
     0.110422126E+06
     0.110422126E+06
     0.110422126E+06
     0.110422126E+06
     0.110422126E+06
     0.110422126E+06
     0.110422126E+06
     0.110422126E+06
     0.110422126E+06
     0.110422126E+06
     0.110422126E+06
     0.110422126E+06
     0.110422126E+06
     0.110422126E+06
     0.110422126E+06
     0.110422126E+06
     0.110422126E+06
     0.110422126E+06
     0.110422126E+06
     0.110422126E+06
     0.110422126E+06
     0.110422126E+06
     0.110422126E+06
     0.110422126E+06
     0.110422126E+06
     0.110422126E+06
     0.110422126E+06
     0.110422126E+06
     0.110422126E+06
     0.110422126E+06
     0.110422126E+06
     0.110422126E+06
     0.110422126E+06
     0.110422126E+06
     0.110422126E+06
     0.110422126E+06
     0.110422126E+06
     0.110422126E+06
     0.110422126E+06
     0.110422126E+06
     0.110422126E+06
     0.110422126E+06
     0.110422126E+06
     0.110422126E+06
     0.110422126E+06
     0.110422126E+06
     0.110422126E+06
     0.110422126E+06
     0.110422126E+06
     0.110422126E+06
     0.110422126E+06
     0.110422126E+06
     0.110422126E+06
     0.110422126E+06
     0.110422126E+06
     0.110422126E+06
     0.110422126E+06
     0.110422126E+06
     0.110422126E+06
     0.110422126E+06
     0.110422126E+06
     0.110422126E+06
     0.110422126E+06
     0.110422126E+06
     0.110422126E+06
     0.110422126E+06
     0.110422126E+06
     0.110422126E+06
     0.110422126E+06
     0.110422126E+06
     0.110422126E+06
     0.110422126E+06
     0.110422126E+06
     0.110422126E+06
     0.110422126E+06
     0.110422126E+06
     0.110422126E+06
     0.110422126E+06
     0.110422126E+06
     0.110422126E+06
     0.110422126E+06
     0.110422126E+06
     0.110422126E+06
     0.110422126E+06
     0.110422126E+06
     0.110422126E+06
     0.110422126E+06
     0.110422126E+06
     0.110422126E+06
     0.110422126E+06
     0.110422126E+06
     0.110422126E+06
     0.110422126E+06
     0.110422126E+06
     0.110422126E+06
     0.110422126E+06
     0.110422126E+06
     0.110422126E+06
     0.110422126E+06
     0.110422126E+06
     0.110422126E+06
     0.110422126E+06
     0.110422126E+06
     0.110422126E+06
     0.110422126E+06
     0.110422126E+06
     0.110422126E+06
     0.110422126E+06
     0.110422126E+06
     0.110422126E+06
     0.110422126E+06
     0.110422126E+06
     0.110422126E+06
     0.110422126E+06
     0.110422126E+06
     0.110422126E+06
     0.110422126E+06
     0.110422126E+06
     0.110422126E+06
     0.110422126E+06
     0.110422126E+06
     0.110422126E+06
     0.110422126E+06
     0.110422126E+06
     0.110422126E+06
     0.110422126E+06
     0.110422126E+06
     0.110422126E+06
     0.110422126E+06
     0.110422126E+06
     0.110422126E+06
     0.110422126E+06
     0.110422126E+06
     0.110422126E+06
     0.110422126E+06
     0.110422126E+06
     0.110422126E+06
     0.110422126E+06
     0.110422126E+06
     0.110422126E+06
     0.110422126E+06
     0.110422126E+06
     0.110422126E+06
     0.110422126E+06
