     0.000000000E+00
     0.195124647E+02
     0.282085722E+02
     0.548434613E+02
     0.864748925E+02
     0.772116901E+02
     0.195124647E+01
     0.291635566E+01
     0.581221069E+01
     0.964037870E+01
     0.844820368E+01
     0.964091095E+01
     0.123640565E+02
     0.137049151E+02
     0.177289989E+02
     0.230291659E+02
     0.213811157E+02
     0.115535006E+02
     0.124995812E+02
     0.153383446E+02
     0.190913103E+02
     0.179225234E+02
     0.190918402E+02
     0.210664454E+02
     0.220427438E+02
     0.249722419E+02
     0.288436640E+02
     0.276381836E+02
     0.288442819E+02
     0.308330152E+02
     0.318160987E+02
     0.347659971E+02
     0.386636990E+02
     0.374501285E+02
     0.386643698E+02
     0.406948383E+02
     0.416981841E+02
     0.447089481E+02
     0.486858374E+02
     0.474477778E+02
     0.486865984E+02
     0.507308638E+02
     0.517408142E+02
     0.547714487E+02
     0.587738372E+02
     0.575279440E+02
     0.587746679E+02
     0.608133591E+02
     0.618204546E+02
     0.648425632E+02
     0.688332934E+02
     0.675910897E+02
     0.688341773E+02
     0.708534104E+02
     0.718508735E+02
     0.748441096E+02
     0.787965657E+02
     0.775663042E+02
     0.787974896E+02
     0.807871350E+02
     0.817700194E+02
     0.847195322E+02
     0.886142817E+02
     0.874019884E+02
     0.886152352E+02
     0.905678402E+02
     0.915325022E+02
     0.944273517E+02
     0.982500647E+02
     0.970601852E+02
     0.982510397E+02
     0.100161116E+03
     0.101104866E+03
     0.103936977E+03
     0.107677055E+03
     0.106512880E+03
     0.107678045E+03
     0.109541575E+03
     0.110462437E+03
     0.113225875E+03
     0.116875510E+03
     0.115739465E+03
     0.116876510E+03
     0.118690594E+03
     0.119587133E+03
     0.122277589E+03
     0.125831081E+03
     0.124724943E+03
     0.125832088E+03
     0.127594683E+03
     0.128465879E+03
     0.131080292E+03
     0.134533563E+03
     0.133458604E+03
     0.134534574E+03
     0.136244298E+03
     0.137089451E+03
     0.139625718E+03
     0.142975938E+03
     0.141933046E+03
     0.142976951E+03
     0.144632933E+03
     0.145451590E+03
     0.147908352E+03
     0.151153657E+03
     0.150143420E+03
     0.151154670E+03
     0.152756433E+03
     0.153548333E+03
     0.155924804E+03
     0.159064077E+03
     0.158086854E+03
     0.159065091E+03
     0.160612459E+03
     0.161377487E+03
     0.163673325E+03
     0.166706025E+03
     0.165761994E+03
     0.166707039E+03
     0.168200067E+03
     0.168938221E+03
     0.171153419E+03
     0.174079449E+03
     0.173168651E+03
     0.174080462E+03
     0.175519376E+03
     0.176230738E+03
     0.178365543E+03
     0.181185139E+03
     0.180307512E+03
     0.181186152E+03
     0.182571305E+03
     0.183256020E+03
     0.185310868E+03
     0.188024517E+03
     0.187179919E+03
     0.188025529E+03
     0.189357362E+03
     0.190015621E+03
     0.191991083E+03
     0.194599455E+03
     0.193787689E+03
     0.194600466E+03
     0.195879483E+03
     0.196511507E+03
     0.198408249E+03
     0.200912146E+03
     0.200132971E+03
     0.200913155E+03
     0.202139898E+03
     0.202745930E+03
     0.204564682E+03
     0.206964992E+03
     0.206218142E+03
     0.206966000E+03
     0.208141033E+03
     0.208721329E+03
     0.210462860E+03
     0.212760532E+03
     0.212045718E+03
     0.212761538E+03
     0.213885435E+03
     0.214440258E+03
     0.216105359E+03
     0.218301378E+03
     0.217618301E+03
     0.218302382E+03
     0.219375717E+03
     0.219905334E+03
     0.221494804E+03
     0.223590175E+03
     0.222938528E+03
     0.223591176E+03
     0.224614521E+03
     0.225119199E+03
     0.226633838E+03
     0.228629577E+03
     0.228009048E+03
     0.228630573E+03
     0.229604493E+03
     0.230084498E+03
     0.231525105E+03
     0.233422232E+03
     0.232832508E+03
     0.233423224E+03
     0.234348275E+03
     0.234803871E+03
     0.236171243E+03
     0.237970781E+03
     0.237411547E+03
     0.237971768E+03
     0.238849535E+03
     0.239281488E+03
     0.240577921E+03
     0.242282850E+03
     0.241753184E+03
     0.242283833E+03
     0.243114932E+03
     0.243523538E+03
     0.244749921E+03
     0.246361393E+03
     0.245860940E+03
     0.246362372E+03
     0.247147189E+03
     0.247532634E+03
     0.248689529E+03
     0.250208276E+03
     0.249736808E+03
     0.250209250E+03
     0.250948180E+03
     0.251310659E+03
     0.252398646E+03
     0.253825440E+03
     0.253382716E+03
     0.253826407E+03
     0.254519861E+03
     0.254859578E+03
     0.255879269E+03
     0.257214929E+03
     0.256800692E+03
     0.257215887E+03
     0.257864297E+03
     0.258181469E+03
     0.259133516E+03
     0.260378919E+03
     0.259992893E+03
     0.260379866E+03
     0.260983692E+03
     0.261278552E+03
     0.262163654E+03
     0.263319750E+03
     0.262961636E+03
     0.263320685E+03
     0.263880419E+03
     0.264153221E+03
     0.264972135E+03
     0.266039962E+03
     0.265709432E+03
     0.266040881E+03
     0.266557060E+03
     0.266808080E+03
     0.267561635E+03
     0.268542331E+03
     0.268239024E+03
     0.268543233E+03
     0.269016444E+03
     0.269245985E+03
     0.269935096E+03
     0.270829919E+03
     0.270553437E+03
     0.270830802E+03
     0.271261692E+03
     0.271470094E+03
     0.272095770E+03
     0.272906122E+03
     0.272656019E+03
     0.272906983E+03
     0.273296271E+03
     0.273483909E+03
     0.274047280E+03
     0.274774723E+03
     0.274550502E+03
     0.274775559E+03
     0.275124046E+03
     0.275291342E+03
     0.275793667E+03
     0.276439953E+03
     0.276241059E+03
     0.276440761E+03
     0.276749348E+03
     0.276896773E+03
     0.277339470E+03
     0.277906565E+03
     0.277732373E+03
     0.277907343E+03
     0.278177040E+03
     0.278305127E+03
     0.278689791E+03
     0.279179916E+03
     0.279029719E+03
     0.279180659E+03
     0.279412608E+03
     0.279521959E+03
     0.279850393E+03
     0.280266059E+03
     0.280139058E+03
     0.280266764E+03
     0.280462259E+03
     0.280553557E+03
     0.280827809E+03
     0.281171866E+03
     0.281067156E+03
     0.281172530E+03
     0.281333045E+03
     0.281407069E+03
     0.281629474E+03
     0.281905181E+03
     0.281821724E+03
     0.281905799E+03
     0.282033024E+03
     0.282090670E+03
     0.282263913E+03
     0.282475017E+03
     0.282411620E+03
     0.282475583E+03
     0.282571474E+03
     0.282613782E+03
     0.282740979E+03
     0.282891839E+03
     0.282847114E+03
     0.282892349E+03
     0.282959201E+03
     0.282987396E+03
     0.283072222E+03
     0.283167999E+03
     0.283140300E+03
     0.283168447E+03
     0.283209017E+03
     0.283224584E+03
     0.283271489E+03
     0.283318468E+03
     0.283305785E+03
     0.283318844E+03
     0.283336590E+03
     0.283341420E+03
     0.283356068E+03
     0.283362330E+03
     0.283362070E+03
     0.283333872E+03
     0.283338491E+03
     0.283352443E+03
     0.283361620E+03
     0.283359951E+03
     0.283361798E+03
     0.283363924E+03
     0.283361939E+03
     0.283356084E+03
     0.283338347E+03
     0.283345153E+03
     0.283338536E+03
     0.283325999E+03
     0.283316003E+03
     0.283286153E+03
     0.283234162E+03
     0.283251964E+03
     0.283234414E+03
     0.283202610E+03
     0.283182154E+03
     0.283120968E+03
     0.283024429E+03
     0.283056512E+03
     0.283024766E+03
     0.282969285E+03
     0.282936231E+03
     0.282837294E+03
     0.282687861E+03
     0.282736807E+03
     0.282688280E+03
     0.282605190E+03
     0.282557607E+03
     0.282415130E+03
     0.282205203E+03
     0.282273372E+03
     0.282205703E+03
     0.282091359E+03
     0.282027448E+03
     0.281836027E+03
     0.281558470E+03
     0.281648083E+03
     0.281559050E+03
     0.281409994E+03
     0.281328036E+03
     0.281082516E+03
     0.280730489E+03
     0.280843680E+03
     0.280731150E+03
     0.280544047E+03
     0.280442377E+03
     0.280137767E+03
     0.279704625E+03
     0.279843469E+03
     0.279705367E+03
     0.279476960E+03
     0.279353950E+03
     0.278985363E+03
     0.278464585E+03
     0.278631121E+03
     0.278465409E+03
     0.278192493E+03
     0.278046535E+03
     0.277609147E+03
     0.276994284E+03
     0.277190529E+03
     0.276995190E+03
     0.276674587E+03
     0.276504084E+03
     0.275993105E+03
     0.275277745E+03
     0.275505707E+03
     0.275278735E+03
     0.274907277E+03
     0.274710635E+03
     0.274121285E+03
     0.273299018E+03
     0.273560704E+03
     0.273300092E+03
     0.272874611E+03
     0.272650233E+03
     0.271977723E+03
     0.271042123E+03
     0.271339547E+03
     0.271043284E+03
     0.270560598E+03
     0.270306880E+03
     0.269546396E+03
     0.268491003E+03
     0.268826190E+03
     0.268492252E+03
     0.267949157E+03
     0.267664483E+03
     0.266811179E+03
     0.265629481E+03
     0.266004471E+03
     0.265630820E+03
     0.265024086E+03
     0.264706825E+03
     0.263755809E+03
     0.262441232E+03
     0.262858086E+03
     0.262442661E+03
     0.261769025E+03
     0.261417529E+03
     0.260363858E+03
     0.258909755E+03
     0.259370558E+03
     0.258911277E+03
     0.258167438E+03
     0.257780038E+03
     0.256618710E+03
     0.255018355E+03
     0.255525217E+03
     0.255019972E+03
     0.254202588E+03
     0.253777596E+03
     0.252503545E+03
     0.250750127E+03
     0.251305183E+03
     0.250751840E+03
     0.249857525E+03
     0.249393230E+03
     0.248001323E+03
     0.246087939E+03
     0.246693354E+03
     0.246089751E+03
     0.245115071E+03
     0.244609738E+03
     0.243094774E+03
     0.241014426E+03
     0.241672395E+03
     0.241016337E+03
     0.239957813E+03
     0.239409684E+03
     0.237766387E+03
     0.235511980E+03
     0.236224728E+03
     0.235513993E+03
     0.234368095E+03
     0.233775386E+03
     0.231998407E+03
     0.229562748E+03
     0.230332531E+03
     0.229564865E+03
     0.228328014E+03
     0.227688917E+03
     0.225772831E+03
     0.223148627E+03
     0.223977731E+03
     0.223150850E+03
     0.221819416E+03
     0.221132098E+03
     0.219071407E+03
     0.216251266E+03
     0.217142009E+03
     0.216253596E+03
     0.214823901E+03
     0.214086502E+03
     0.211875633E+03
     0.208852063E+03
     0.209806795E+03
     0.208854502E+03
     0.207322817E+03
     0.206533456E+03
     0.204166763E+03
     0.200932174E+03
     0.201953274E+03
     0.200934724E+03
     0.199297272E+03
     0.198454042E+03
     0.195925805E+03
     0.192472514E+03
     0.193562391E+03
     0.192475177E+03
     0.190728134E+03
     0.189829105E+03
     0.187133536E+03
     0.183453766E+03
     0.184614857E+03
     0.183456543E+03
     0.181596038E+03
     0.180639258E+03
     0.177770500E+03
     0.173856387E+03
     0.175091157E+03
     0.173859280E+03
     0.171881399E+03
     0.170864892E+03
     0.167817025E+03
     0.163660619E+03
     0.164971560E+03
     0.163663629E+03
     0.161564416E+03
     0.160486189E+03
     0.157253228E+03
     0.152846499E+03
     0.154236127E+03
     0.152849629E+03
     0.150660132E+03
     0.149536628E+03
     0.146167821E+03
     0.141579632E+03
     0.143025998E+03
     0.141582728E+03
     0.139320233E+03
     0.138160534E+03
     0.134683090E+03
     0.129951245E+03
     0.131442333E+03
     0.129954239E+03
     0.127624760E+03
     0.126431973E+03
     0.122855210E+03
     0.117992465E+03
     0.119524244E+03
     0.117995345E+03
     0.115605440E+03
     0.114382943E+03
     0.110716984E+03
     0.105737162E+03
     0.107305271E+03
     0.105739920E+03
     0.103297168E+03
     0.102048856E+03
     0.983053837E+02
     0.932244159E+02
     0.948238309E+02
     0.932270401E+02
     0.907402662E+02
     0.894706694E+02
     0.856632659E+02
     0.804996481E+02
     0.821245390E+02
     0.805021283E+02
     0.779817002E+02
     0.766961327E+02
     0.728407340E+02
     0.676161441E+02
     0.692596813E+02
     0.676184689E+02
     0.650767285E+02
     0.637815089E+02
     0.598970635E+02
     0.546372515E+02
     0.562913257E+02
     0.546394084E+02
     0.520913291E+02
     0.507941152E+02
     0.469035876E+02
     0.416397339E+02
     0.432945294E+02
     0.416417089E+02
     0.391059634E+02
     0.378162952E+02
     0.339482966E+02
     0.287192167E+02
     0.303625182E+02
     0.287209942E+02
     0.262218390E+02
     0.249520989E+02
     0.211437651E+02
     0.159998028E+02
     0.176157718E+02
     0.160013640E+02
     0.135723859E+02
     0.123397045E+02
     0.864241329E+01
     0.365317177E+01
     0.521991717E+01
     0.365449323E+01
     0.134752534E+01
     0.178316952E+00
    -0.332870820E+01
    -0.805597925E+01
    -0.657217892E+01
     0.164327668E+01
     0.625729469E+00
    -0.242651518E+01
    -0.653484857E+01
    -0.524609003E+01
    -0.653415665E+01
    -0.861340981E+01
    -0.966537898E+01
    -0.128208720E+02
    -0.170681886E+02
    -0.157358292E+02
    -0.170674670E+02
    -0.192345132E+02
    -0.203310056E+02
    -0.236200391E+02
    -0.280474659E+02
    -0.266585586E+02
    -0.280466946E+02
    -0.304892885E+02
    -0.317265302E+02
    -0.354376548E+02
    -0.404377246E+02
    -0.388685942E+02
    -0.404366794E+02
    -0.431224175E+02
    -0.444838827E+02
    -0.485675276E+02
    -0.540731076E+02
    -0.523448635E+02
    -0.540718005E+02
    -0.569841335E+02
    -0.584613465E+02
    -0.628920883E+02
    -0.688686355E+02
    -0.669921532E+02
    -0.688670742E+02
    -0.719972250E+02
    -0.735856615E+02
    -0.783499300E+02
    -0.847789133E+02
    -0.827600389E+02
    -0.847771031E+02
    -0.881207641E+02
    -0.898181743E+02
    -0.949092219E+02
    -0.101781335E+03
    -0.996230157E+02
    -0.101779280E+03
    -0.105334948E+03
    -0.107140511E+03
    -0.112555876E+03
    -0.119867612E+03
    -0.117570971E+03
    -0.119865314E+03
    -0.123633364E+03
    -0.125547216E+03
    -0.131287306E+03
    -0.139039041E+03
    -0.136603983E+03
    -0.139036502E+03
    -0.143018629E+03
    -0.145041578E+03
    -0.151108820E+03
    -0.159303664E+03
    -0.156729232E+03
    -0.159300885E+03
    -0.163499749E+03
    -0.165633096E+03
    -0.172031391E+03
    -0.180674450E+03
    -0.177959062E+03
    -0.180671432E+03
    -0.185090421E+03
    -0.187335838E+03
    -0.194070204E+03
    -0.203168091E+03
    -0.200309688E+03
    -0.203164835E+03
    -0.207807903E+03
    -0.210167349E+03
    -0.217243662E+03
    -0.226804158E+03
    -0.223800316E+03
    -0.226800664E+03
    -0.231672211E+03
    -0.234147874E+03
    -0.241572696E+03
    -0.251604503E+03
    -0.248452509E+03
    -0.251600772E+03
    -0.256705560E+03
    -0.259299811E+03
    -0.267080254E+03
    -0.277592816E+03
    -0.274289724E+03
    -0.277588848E+03
    -0.282931939E+03
    -0.285647298E+03
    -0.293790924E+03
    -0.304794296E+03
    -0.301336967E+03
    -0.304790092E+03
    -0.310376790E+03
    -0.313215904E+03
    -0.321730652E+03
    -0.333235391E+03
    -0.329620529E+03
    -0.333230951E+03
    -0.339066771E+03
    -0.342032392E+03
    -0.350926516E+03
    -0.362943601E+03
    -0.359167779E+03
    -0.362938926E+03
    -0.369029561E+03
    -0.372124528E+03
    -0.381406550E+03
    -0.393947322E+03
    -0.390006999E+03
    -0.393942412E+03
    -0.400293709E+03
    -0.403520940E+03
    -0.413199611E+03
    -0.426275716E+03
    -0.422167256E+03
    -0.426270573E+03
    -0.432888510E+03
    -0.436250990E+03
    -0.446335264E+03
    -0.459958615E+03
    -0.455678299E+03
    -0.459953242E+03
    -0.466843917E+03
    -0.470344687E+03
    -0.480843695E+03
    -0.495026440E+03
    -0.490570474E+03
    -0.495020837E+03
    -0.502190454E+03
    -0.505832612E+03
    -0.516755640E+03
    -0.531510135E+03
    -0.526874663E+03
    -0.531504305E+03
    -0.538959164E+03
    -0.542745853E+03
    -0.554102332E+03
    -0.569441123E+03
    -0.564622228E+03
    -0.569435069E+03
    -0.577181559E+03
    -0.581115966E+03
    -0.592915462E+03
    -0.608851267E+03
    -0.603844980E+03
    -0.608844992E+03
    -0.616889589E+03
    -0.620974944E+03
    -0.633227147E+03
    -0.649772852E+03
    -0.644575152E+03
    -0.649766360E+03
    -0.658115624E+03
    -0.662355197E+03
    -0.675069922E+03
    -0.692238574E+03
    -0.686845389E+03
    -0.692231870E+03
    -0.700892443E+03
    -0.705289547E+03
    -0.718476733E+03
    -0.736281544E+03
    -0.730688751E+03
    -0.736274632E+03
    -0.745205986E+03
    -0.749739622E+03
    -0.763336342E+03
    -0.781690879E+03
    -0.775925827E+03
    -0.781683879E+03
    -0.790874964E+03
    -0.795539360E+03
    -0.809528324E+03
    -0.828408678E+03
    -0.822478952E+03
    -0.828401632E+03
    -0.837855249E+03
    -0.842651779E+03
    -0.857037113E+03
    -0.876448689E+03
    -0.870352614E+03
    -0.876441605E+03
    -0.886160474E+03
    -0.891090471E+03
    -0.905876178E+03
    -0.925824215E+03
    -0.919560168E+03
    -0.925817101E+03
    -0.935803879E+03
    -0.940868645E+03
    -0.956058636E+03
    -0.976548247E+03
    -0.970114645E+03
    -0.976541112E+03
    -0.986798405E+03
    -0.991999214E+03
    -0.100759732E+04
    -0.102863351E+04
    -0.102202880E+04
    -0.984707522E+03
    -0.988836372E+03
    -0.100122075E+04
    -0.101788237E+04
    -0.101265652E+04
    -0.101787881E+04
    -0.102836997E+04
    -0.103368855E+04
    -0.104963995E+04
    -0.107114984E+04
    -0.106439677E+04
    -0.101932760E+04
    -0.102005338E+04
    -0.102223070E+04
    -0.102513812E+04
    -0.102422902E+04
    -0.102513811E+04
    -0.103074740E+04
    -0.103357270E+04
    -0.104204794E+04
    -0.105341461E+04
    -0.104985415E+04
    -0.102569903E+04
    -0.102597970E+04
    -0.102682171E+04
    -0.102794504E+04
    -0.102759392E+04
    -0.102794503E+04
    -0.103075425E+04
    -0.103216401E+04
    -0.103639321E+04
    -0.104204844E+04
    -0.104027915E+04
    -0.103044031E+04
    -0.103169201E+04
    -0.103544707E+04
    -0.104046663E+04
    -0.103889642E+04
    -0.104046654E+04
    -0.104319506E+04
    -0.104456413E+04
    -0.104867128E+04
    -0.105416268E+04
    -0.105244472E+04
    -0.104073939E+04
    -0.104087587E+04
    -0.104128529E+04
    -0.104183133E+04
    -0.104166068E+04
    -0.104183133E+04
    -0.104319666E+04
    -0.104388053E+04
    -0.104593211E+04
    -0.104867133E+04
    -0.104781486E+04
    -0.104273113E+04
    -0.104318155E+04
    -0.104453280E+04
    -0.104633611E+04
    -0.104577237E+04
    -0.104633610E+04
    -0.104752435E+04
    -0.104811937E+04
    -0.104990446E+04
    -0.105228741E+04
    -0.105154239E+04
    -0.104667769E+04
    -0.104684856E+04
    -0.104736116E+04
    -0.104804487E+04
    -0.104783118E+04
    -0.104804487E+04
    -0.104882970E+04
    -0.104922251E+04
    -0.105040095E+04
    -0.105197343E+04
    -0.105148188E+04
    -0.104838719E+04
    -0.104855843E+04
    -0.104907214E+04
    -0.104975733E+04
    -0.104954318E+04
    -0.104975733E+04
    -0.105032199E+04
    -0.105060453E+04
    -0.105145214E+04
    -0.105258292E+04
    -0.105222947E+04
    -0.105000852E+04
    -0.105013416E+04
    -0.105051107E+04
    -0.105101374E+04
    -0.105085664E+04
    -0.105101374E+04
    -0.105141013E+04
    -0.105160843E+04
    -0.105220331E+04
    -0.105299681E+04
    -0.105274880E+04
    -0.105120784E+04
    -0.105130491E+04
    -0.105159613E+04
    -0.105198450E+04
    -0.105186312E+04
    -0.105198450E+04
    -0.105226601E+04
    -0.105240682E+04
    -0.105282924E+04
    -0.105339262E+04
    -0.105321654E+04
    -0.105213203E+04
    -0.105220582E+04
    -0.105242716E+04
    -0.105272233E+04
    -0.105263009E+04
    -0.105272233E+04
    -0.105292395E+04
    -0.105302479E+04
    -0.105332730E+04
    -0.105373072E+04
    -0.105360464E+04
    -0.105283483E+04
    -0.105289108E+04
    -0.105305985E+04
    -0.105328489E+04
    -0.105321456E+04
    -0.105328489E+04
    -0.105343112E+04
    -0.105350425E+04
    -0.105372364E+04
    -0.105401620E+04
    -0.105392477E+04
    -0.105337103E+04
    -0.105341411E+04
    -0.105354333E+04
    -0.105371565E+04
    -0.105366180E+04
    -0.105371565E+04
    -0.105382319E+04
    -0.105387697E+04
    -0.105403830E+04
    -0.105425343E+04
    -0.105418620E+04
    -0.105378208E+04
    -0.105381530E+04
    -0.105391496E+04
    -0.105404784E+04
    -0.105400632E+04
    -0.105404784E+04
    -0.105412809E+04
    -0.105416822E+04
    -0.105428860E+04
    -0.105444912E+04
    -0.105439896E+04
    -0.105409952E+04
    -0.105412536E+04
    -0.105420288E+04
    -0.105430624E+04
    -0.105427394E+04
    -0.105430624E+04
    -0.105436700E+04
    -0.105439738E+04
    -0.105448852E+04
    -0.105461005E+04
    -0.105457207E+04
    -0.105434681E+04
    -0.105436710E+04
    -0.105442797E+04
    -0.105450913E+04
    -0.105448376E+04
    -0.105450913E+04
    -0.105455579E+04
    -0.105457912E+04
    -0.105464911E+04
    -0.105474244E+04
    -0.105471328E+04
    -0.105454130E+04
    -0.105455739E+04
    -0.105460565E+04
    -0.105467000E+04
    -0.105464989E+04
    -0.105467000E+04
    -0.105470632E+04
    -0.105472448E+04
    -0.105477897E+04
    -0.105485162E+04
    -0.105482891E+04
    -0.105469576E+04
    -0.105470864E+04
    -0.105474728E+04
    -0.105479880E+04
    -0.105478270E+04
    -0.105479880E+04
    -0.105482744E+04
    -0.105484176E+04
    -0.105488471E+04
    -0.105494199E+04
    -0.105492409E+04
    -0.105481962E+04
    -0.105483003E+04
    -0.105486127E+04
    -0.105490291E+04
    -0.105488990E+04
    -0.105490291E+04
    -0.105492576E+04
    -0.105493719E+04
    -0.105497146E+04
    -0.105501717E+04
    -0.105500288E+04
    -0.105491990E+04
    -0.105492839E+04
    -0.105495387E+04
    -0.105498784E+04
    -0.105497722E+04
    -0.105498784E+04
    -0.105500628E+04
    -0.105501550E+04
    -0.105504315E+04
    -0.105508002E+04
    -0.105506850E+04
    -0.105500182E+04
    -0.105500881E+04
    -0.105502977E+04
    -0.105505773E+04
    -0.105504899E+04
    -0.105505773E+04
    -0.105507276E+04
    -0.105508027E+04
    -0.105510282E+04
    -0.105513287E+04
    -0.105512348E+04
    -0.105506932E+04
    -0.105507512E+04
    -0.105509252E+04
    -0.105511571E+04
    -0.105510847E+04
    -0.105511571E+04
    -0.105512808E+04
    -0.105513427E+04
    -0.105515282E+04
    -0.105517756E+04
    -0.105516983E+04
    -0.105512541E+04
    -0.105513026E+04
    -0.105514480E+04
    -0.105516420E+04
    -0.105515814E+04
    -0.105516420E+04
    -0.105517447E+04
    -0.105517960E+04
    -0.105519501E+04
    -0.105521555E+04
    -0.105520913E+04
    -0.105517237E+04
    -0.105517645E+04
    -0.105518870E+04
    -0.105520504E+04
    -0.105519993E+04
    -0.105520504E+04
    -0.105521364E+04
    -0.105521794E+04
    -0.105523083E+04
    -0.105524803E+04
    -0.105524265E+04
    -0.105521197E+04
    -0.105521543E+04
    -0.105522582E+04
    -0.105523967E+04
    -0.105523534E+04
    -0.105523967E+04
    -0.105524693E+04
    -0.105525055E+04
    -0.105526143E+04
    -0.105527593E+04
    -0.105527140E+04
    -0.105524559E+04
    -0.105524854E+04
    -0.105525741E+04
    -0.105526924E+04
    -0.105526554E+04
    -0.105526924E+04
    -0.105527540E+04
    -0.105527848E+04
    -0.105528772E+04
    -0.105530004E+04
    -0.105529619E+04
    -0.105527431E+04
    -0.105527685E+04
    -0.105528447E+04
    -0.105529462E+04
    -0.105529145E+04
    -0.105529462E+04
    -0.105529989E+04
    -0.105530252E+04
    -0.105531042E+04
    -0.105532096E+04
    -0.105531766E+04
    -0.105529900E+04
    -0.105530120E+04
    -0.105530777E+04
    -0.105531654E+04
    -0.105531380E+04
    -0.105531654E+04
    -0.105532107E+04
    -0.105532334E+04
    -0.105533013E+04
    -0.105533920E+04
    -0.105533636E+04
    -0.105532035E+04
    -0.105532225E+04
    -0.105532796E+04
    -0.105533557E+04
    -0.105533319E+04
    -0.105533557E+04
    -0.105533949E+04
    -0.105534145E+04
    -0.105534733E+04
    -0.105535517E+04
    -0.105535272E+04
    -0.105533889E+04
    -0.105534055E+04
    -0.105534553E+04
    -0.105535217E+04
    -0.105535009E+04
    -0.105535217E+04
    -0.105535558E+04
    -0.105535728E+04
    -0.105536240E+04
    -0.105536922E+04
    -0.105536709E+04
    -0.105535508E+04
    -0.105535653E+04
    -0.105536090E+04
    -0.105536672E+04
    -0.105536490E+04
    -0.105536672E+04
    -0.105536970E+04
    -0.105537119E+04
    -0.105537566E+04
    -0.105538162E+04
    -0.105537976E+04
    -0.105536928E+04
    -0.105537056E+04
    -0.105537440E+04
    -0.105537953E+04
    -0.105537793E+04
    -0.105537953E+04
    -0.105538215E+04
    -0.105538345E+04
    -0.105538738E+04
    -0.105539261E+04
    -0.105539098E+04
    -0.105538179E+04
    -0.105538293E+04
    -0.105538632E+04
    -0.105539085E+04
    -0.105538944E+04
    -0.105539085E+04
    -0.105539316E+04
    -0.105539431E+04
    -0.105539777E+04
    -0.105540239E+04
    -0.105540095E+04
    -0.105539286E+04
    -0.105539387E+04
    -0.105539688E+04
    -0.105540090E+04
    -0.105539964E+04
    -0.105540090E+04
    -0.105540294E+04
    -0.105540396E+04
    -0.105540703E+04
    -0.105541112E+04
    -0.105540984E+04
    -0.105540269E+04
    -0.105540358E+04
    -0.105540627E+04
    -0.105540985E+04
    -0.105540873E+04
    -0.105540985E+04
    -0.105541166E+04
    -0.105541257E+04
    -0.105541530E+04
    -0.105541893E+04
    -0.105541780E+04
    -0.105541145E+04
    -0.105541225E+04
    -0.105541465E+04
    -0.105541785E+04
    -0.105541685E+04
    -0.105541785E+04
    -0.105541947E+04
    -0.105542028E+04
    -0.105542271E+04
    -0.105542595E+04
    -0.105542494E+04
    -0.105541928E+04
    -0.105542000E+04
    -0.105542215E+04
    -0.105542502E+04
    -0.105542412E+04
    -0.105542502E+04
    -0.105542647E+04
    -0.105542720E+04
    -0.105542937E+04
    -0.105543227E+04
    -0.105543137E+04
    -0.105542631E+04
    -0.105542695E+04
    -0.105542889E+04
    -0.105543147E+04
    -0.105543066E+04
    -0.105543147E+04
    -0.105543277E+04
    -0.105543343E+04
    -0.105543538E+04
    -0.105543799E+04
    -0.105543717E+04
    -0.105543263E+04
    -0.105543322E+04
    -0.105543496E+04
    -0.105543729E+04
    -0.105543656E+04
    -0.105543729E+04
    -0.105543846E+04
    -0.105543905E+04
    -0.105544081E+04
    -0.105544316E+04
    -0.105544243E+04
    -0.105543834E+04
    -0.105543887E+04
    -0.105544045E+04
    -0.105544256E+04
    -0.105544190E+04
    -0.105544256E+04
    -0.105544362E+04
    -0.105544415E+04
    -0.105544574E+04
    -0.105544786E+04
    -0.105544720E+04
    -0.105544786E+04
    -0.105544881E+04
    -0.105544929E+04
    -0.105545073E+04
    -0.105545264E+04
    -0.105545204E+04
    -0.105544872E+04
    -0.105544915E+04
    -0.105545043E+04
    -0.105545215E+04
    -0.105545161E+04
    -0.105545215E+04
    -0.105545301E+04
    -0.105545344E+04
    -0.105545474E+04
    -0.105545647E+04
    -0.105545593E+04
    -0.105545647E+04
    -0.105545725E+04
    -0.105545764E+04
    -0.105545881E+04
    -0.105546038E+04
    -0.105545989E+04
    -0.105546038E+04
    -0.105546109E+04
    -0.105546144E+04
    -0.105546250E+04
    -0.105546392E+04
    -0.105546347E+04
    -0.105546392E+04
    -0.105546456E+04
    -0.105546488E+04
    -0.105546584E+04
    -0.105546712E+04
    -0.105546672E+04
    -0.105546712E+04
    -0.105546771E+04
    -0.105546800E+04
    -0.105546888E+04
    -0.105547004E+04
    -0.105546968E+04
    -0.105547004E+04
    -0.105547058E+04
    -0.105547084E+04
    -0.105547164E+04
    -0.105547271E+04
    -0.105547237E+04
    -0.105547271E+04
    -0.105547319E+04
    -0.105547344E+04
    -0.105547417E+04
    -0.105547514E+04
    -0.105547484E+04
    -0.105547514E+04
    -0.105547559E+04
    -0.105547581E+04
    -0.105547648E+04
    -0.105547738E+04
    -0.105547710E+04
    -0.105547738E+04
    -0.105547779E+04
    -0.105547799E+04
    -0.105547861E+04
    -0.105547943E+04
    -0.105547917E+04
    -0.105547943E+04
    -0.105547981E+04
    -0.105548000E+04
    -0.105548056E+04
    -0.105548132E+04
    -0.105548108E+04
    -0.105548132E+04
    -0.105548167E+04
    -0.105548184E+04
    -0.105548237E+04
    -0.105548307E+04
    -0.105548285E+04
    -0.105548307E+04
    -0.105548339E+04
    -0.105548355E+04
    -0.105548403E+04
    -0.105548468E+04
    -0.105548448E+04
    -0.105548468E+04
    -0.105548498E+04
    -0.105548513E+04
    -0.105548558E+04
    -0.105548618E+04
    -0.105548599E+04
    -0.105548618E+04
    -0.105548645E+04
    -0.105548659E+04
    -0.105548701E+04
    -0.105548757E+04
    -0.105548739E+04
    -0.105548757E+04
    -0.105548782E+04
    -0.105548795E+04
    -0.105548834E+04
    -0.105548886E+04
    -0.105548870E+04
    -0.105548886E+04
    -0.105548910E+04
    -0.105548922E+04
    -0.105548958E+04
    -0.105549006E+04
    -0.105548991E+04
    -0.105549006E+04
    -0.105549029E+04
    -0.105549040E+04
    -0.105549074E+04
    -0.105549118E+04
    -0.105549104E+04
    -0.105549118E+04
    -0.105549139E+04
    -0.105549150E+04
    -0.105549181E+04
    -0.105549223E+04
    -0.105549210E+04
    -0.105549223E+04
    -0.105549243E+04
    -0.105549253E+04
    -0.105549282E+04
    -0.105549322E+04
    -0.105549309E+04
    -0.105549322E+04
    -0.105549340E+04
    -0.105549349E+04
    -0.105549377E+04
    -0.105549414E+04
    -0.105549402E+04
    -0.105549414E+04
    -0.105549431E+04
    -0.105549440E+04
    -0.105549466E+04
    -0.105549500E+04
    -0.105549490E+04
    -0.105549500E+04
    -0.105549517E+04
    -0.105549525E+04
    -0.105549549E+04
    -0.105549582E+04
    -0.105549571E+04
    -0.105549582E+04
    -0.105549597E+04
    -0.105549604E+04
    -0.105549627E+04
    -0.105549658E+04
    -0.105549648E+04
    -0.105549658E+04
    -0.105549672E+04
    -0.105549680E+04
    -0.105549701E+04
    -0.105549730E+04
    -0.105549721E+04
    -0.105549730E+04
    -0.105549744E+04
    -0.105549750E+04
    -0.105549771E+04
    -0.105549798E+04
    -0.105549789E+04
    -0.105549798E+04
    -0.105549811E+04
    -0.105549817E+04
    -0.105549836E+04
    -0.105549862E+04
    -0.105549854E+04
    -0.105549862E+04
    -0.105549874E+04
    -0.105549880E+04
    -0.105549899E+04
    -0.105549923E+04
    -0.105549915E+04
    -0.105549923E+04
    -0.105549934E+04
    -0.105549940E+04
    -0.105549957E+04
    -0.105549980E+04
    -0.105549973E+04
    -0.105549980E+04
    -0.105549991E+04
    -0.105549996E+04
    -0.105550013E+04
    -0.105550035E+04
    -0.105550028E+04
    -0.105550035E+04
    -0.105550045E+04
    -0.105550050E+04
    -0.105550065E+04
    -0.105550086E+04
    -0.105550080E+04
    -0.105550086E+04
    -0.105550096E+04
    -0.105550101E+04
    -0.105550115E+04
    -0.105550135E+04
    -0.105550129E+04
    -0.105550135E+04
    -0.105550144E+04
    -0.105550149E+04
    -0.105550163E+04
    -0.105550181E+04
    -0.105550176E+04
    -0.105550181E+04
    -0.105550190E+04
    -0.105550195E+04
    -0.105550208E+04
    -0.105550226E+04
    -0.105550220E+04
    -0.105550226E+04
    -0.105550234E+04
    -0.105550238E+04
    -0.105550251E+04
    -0.105550268E+04
    -0.105550262E+04
    -0.105550268E+04
    -0.105550276E+04
    -0.105550280E+04
    -0.105550292E+04
    -0.105550308E+04
    -0.105550303E+04
    -0.105550308E+04
    -0.105550315E+04
    -0.105550319E+04
    -0.105550331E+04
    -0.105550346E+04
    -0.105550341E+04
    -0.105550346E+04
    -0.105550353E+04
    -0.105550357E+04
    -0.105550368E+04
    -0.105550382E+04
    -0.105550378E+04
    -0.105550382E+04
    -0.105550389E+04
    -0.105550393E+04
    -0.105550403E+04
    -0.105550417E+04
    -0.105550413E+04
    -0.105550417E+04
    -0.105550424E+04
    -0.105550427E+04
    -0.105550437E+04
    -0.105550450E+04
    -0.105550446E+04
    -0.105550450E+04
    -0.105550457E+04
    -0.105550460E+04
    -0.105550469E+04
    -0.105550482E+04
    -0.105550478E+04
    -0.105550482E+04
    -0.105550488E+04
    -0.105550491E+04
    -0.105550500E+04
    -0.105550512E+04
    -0.105550509E+04
    -0.105550512E+04
    -0.105550518E+04
    -0.105550521E+04
    -0.105550530E+04
    -0.105550541E+04
    -0.105550538E+04
    -0.105550541E+04
    -0.105550547E+04
    -0.105550550E+04
    -0.105550558E+04
    -0.105550569E+04
    -0.105550566E+04
    -0.105550569E+04
    -0.105550575E+04
    -0.105550577E+04
    -0.105550585E+04
    -0.105550596E+04
    -0.105550593E+04
    -0.105550596E+04
    -0.105550601E+04
    -0.105550603E+04
    -0.105550611E+04
    -0.105550621E+04
    -0.105550618E+04
    -0.105550621E+04
    -0.105550626E+04
    -0.105550629E+04
    -0.105550636E+04
    -0.105550646E+04
    -0.105550643E+04
    -0.105550646E+04
    -0.105550651E+04
    -0.105550653E+04
    -0.105550660E+04
    -0.105550669E+04
    -0.105550666E+04
    -0.105550669E+04
    -0.105550674E+04
    -0.105550676E+04
    -0.105550683E+04
    -0.105550692E+04
    -0.105550689E+04
    -0.105550692E+04
    -0.105550696E+04
    -0.105550698E+04
    -0.105550705E+04
    -0.105550714E+04
    -0.105550711E+04
    -0.105550714E+04
    -0.105550718E+04
    -0.105550720E+04
    -0.105550726E+04
    -0.105550734E+04
    -0.105550732E+04
    -0.105550734E+04
    -0.105550738E+04
    -0.105550740E+04
    -0.105550746E+04
    -0.105550754E+04
    -0.105550752E+04
    -0.105550754E+04
    -0.105550758E+04
    -0.105550760E+04
    -0.105550766E+04
    -0.105550774E+04
    -0.105550771E+04
    -0.105550774E+04
    -0.105550777E+04
    -0.105550779E+04
    -0.105550785E+04
    -0.105550792E+04
    -0.105550790E+04
    -0.105550792E+04
    -0.105550796E+04
    -0.105550798E+04
    -0.105550803E+04
    -0.105550810E+04
    -0.105550808E+04
    -0.105550810E+04
    -0.105550814E+04
    -0.105550815E+04
    -0.105550820E+04
    -0.105550827E+04
    -0.105550825E+04
    -0.105550827E+04
    -0.105550831E+04
    -0.105550832E+04
    -0.105550837E+04
    -0.105550844E+04
    -0.105550842E+04
    -0.105550844E+04
    -0.105550847E+04
    -0.105550849E+04
    -0.105550853E+04
    -0.105550860E+04
    -0.105550858E+04
    -0.105550860E+04
    -0.105550863E+04
    -0.105550864E+04
    -0.105550869E+04
    -0.105550875E+04
    -0.105550873E+04
    -0.105550875E+04
    -0.105550878E+04
    -0.105550879E+04
    -0.105550884E+04
    -0.105550890E+04
    -0.105550888E+04
    -0.105550890E+04
    -0.105550893E+04
    -0.105550894E+04
    -0.105550898E+04
    -0.105550904E+04
    -0.105550902E+04
    -0.105550904E+04
    -0.105550907E+04
    -0.105550908E+04
    -0.105550912E+04
    -0.105550918E+04
    -0.105550916E+04
    -0.105550918E+04
    -0.105550920E+04
    -0.105550922E+04
    -0.105550926E+04
    -0.105550931E+04
    -0.105550929E+04
    -0.105550931E+04
    -0.105550934E+04
    -0.105550935E+04
    -0.105550939E+04
    -0.105550944E+04
    -0.105550942E+04
    -0.105550944E+04
    -0.105550946E+04
    -0.105550948E+04
    -0.105550951E+04
    -0.105550956E+04
    -0.105550955E+04
    -0.105550956E+04
    -0.105550959E+04
    -0.105550960E+04
    -0.105550963E+04
    -0.105550968E+04
    -0.105550967E+04
    -0.105550968E+04
    -0.105550970E+04
    -0.105550972E+04
    -0.105550975E+04
    -0.105550980E+04
    -0.105550978E+04
    -0.105550980E+04
    -0.105550982E+04
    -0.105550983E+04
    -0.105550986E+04
    -0.105550991E+04
    -0.105550989E+04
    -0.105550991E+04
    -0.105550993E+04
    -0.105550994E+04
    -0.105550997E+04
    -0.105551002E+04
    -0.105551000E+04
    -0.105551002E+04
    -0.105551004E+04
    -0.105551005E+04
    -0.105551008E+04
    -0.105551012E+04
    -0.105551011E+04
    -0.105551012E+04
    -0.105551014E+04
    -0.105551015E+04
    -0.105551018E+04
    -0.105551022E+04
    -0.105551021E+04
    -0.105551022E+04
    -0.105551024E+04
    -0.105551025E+04
    -0.105551028E+04
    -0.105551032E+04
    -0.105551030E+04
    -0.105551032E+04
    -0.105551033E+04
    -0.105551034E+04
    -0.105551037E+04
    -0.105551041E+04
    -0.105551040E+04
    -0.105551041E+04
    -0.105551043E+04
    -0.105551044E+04
    -0.105551046E+04
    -0.105551050E+04
    -0.105551049E+04
    -0.105551050E+04
    -0.105551052E+04
    -0.105551053E+04
    -0.105551055E+04
    -0.105551059E+04
    -0.105551058E+04
    -0.105551059E+04
    -0.105551060E+04
    -0.105551061E+04
    -0.105551064E+04
    -0.105551067E+04
    -0.105551066E+04
    -0.105551067E+04
    -0.105551069E+04
    -0.105551070E+04
    -0.105551072E+04
    -0.105551075E+04
    -0.105551074E+04
    -0.105551075E+04
    -0.105551077E+04
    -0.105551078E+04
    -0.105551080E+04
    -0.105551083E+04
    -0.105551082E+04
    -0.105551083E+04
    -0.105551085E+04
    -0.105551085E+04
    -0.105551088E+04
    -0.105551091E+04
    -0.105551090E+04
    -0.105551091E+04
    -0.105551092E+04
    -0.105551093E+04
    -0.105551095E+04
    -0.105551098E+04
    -0.105551097E+04
    -0.105551098E+04
    -0.105551100E+04
    -0.105551100E+04
    -0.105551102E+04
    -0.105551105E+04
    -0.105551104E+04
    -0.105551105E+04
    -0.105551107E+04
    -0.105551107E+04
    -0.105551109E+04
    -0.105551112E+04
    -0.105551111E+04
    -0.105551112E+04
    -0.105551113E+04
    -0.105551114E+04
    -0.105551116E+04
    -0.105551119E+04
    -0.105551118E+04
    -0.105551119E+04
    -0.105551120E+04
    -0.105551121E+04
    -0.105551123E+04
    -0.105551125E+04
    -0.105551124E+04
    -0.105551125E+04
    -0.105551127E+04
    -0.105551127E+04
    -0.105551129E+04
    -0.105551132E+04
    -0.105551131E+04
    -0.105551132E+04
    -0.105551133E+04
    -0.105551133E+04
    -0.105551135E+04
    -0.105551138E+04
    -0.105551137E+04
    -0.105551138E+04
    -0.105551139E+04
    -0.105551139E+04
    -0.105551141E+04
    -0.105551143E+04
    -0.105551143E+04
    -0.105551143E+04
    -0.105551145E+04
    -0.105551145E+04
    -0.105551147E+04
    -0.105551149E+04
    -0.105551148E+04
    -0.105551149E+04
    -0.105551150E+04
    -0.105551151E+04
    -0.105551152E+04
    -0.105551155E+04
    -0.105551154E+04
    -0.105551155E+04
    -0.105551156E+04
    -0.105551156E+04
    -0.105551158E+04
    -0.105551160E+04
    -0.105551159E+04
    -0.105551160E+04
    -0.105551161E+04
    -0.105551161E+04
    -0.105551163E+04
    -0.105551165E+04
    -0.105551164E+04
    -0.105551165E+04
    -0.105551166E+04
    -0.105551166E+04
    -0.105551168E+04
    -0.105551170E+04
    -0.105551169E+04
    -0.105551170E+04
    -0.105551171E+04
    -0.105551171E+04
    -0.105551173E+04
    -0.105551175E+04
    -0.105551174E+04
    -0.105551175E+04
    -0.105551176E+04
    -0.105551176E+04
    -0.105551177E+04
    -0.105551179E+04
    -0.105551179E+04
    -0.105551179E+04
    -0.105551180E+04
    -0.105551181E+04
    -0.105551182E+04
    -0.105551184E+04
    -0.105551183E+04
    -0.105551184E+04
    -0.105551185E+04
    -0.105551185E+04
    -0.105551186E+04
    -0.105551188E+04
    -0.105551188E+04
    -0.105551188E+04
    -0.105551189E+04
    -0.105551189E+04
    -0.105551191E+04
    -0.105551192E+04
    -0.105551192E+04
    -0.105551192E+04
    -0.105551193E+04
    -0.105551194E+04
    -0.105551195E+04
    -0.105551196E+04
    -0.105551196E+04
    -0.105551196E+04
    -0.105551197E+04
    -0.105551198E+04
    -0.105551199E+04
    -0.105551200E+04
    -0.105551200E+04
    -0.105551200E+04
    -0.105551201E+04
    -0.105551201E+04
    -0.105551203E+04
    -0.105551204E+04
    -0.105551204E+04
    -0.105551204E+04
    -0.105551205E+04
    -0.105551205E+04
    -0.105551206E+04
    -0.105551208E+04
    -0.105551207E+04
    -0.105551208E+04
    -0.105551209E+04
    -0.105551209E+04
    -0.105551210E+04
    -0.105551211E+04
    -0.105551211E+04
    -0.105551211E+04
    -0.105551212E+04
    -0.105551212E+04
    -0.105551213E+04
    -0.105551215E+04
    -0.105551214E+04
    -0.105551215E+04
    -0.105551216E+04
    -0.105551216E+04
    -0.105551217E+04
    -0.105551218E+04
    -0.105551218E+04
    -0.105551218E+04
    -0.105551219E+04
    -0.105551219E+04
    -0.105551220E+04
    -0.105551221E+04
    -0.105551221E+04
    -0.105551221E+04
    -0.105551222E+04
    -0.105551222E+04
    -0.105551223E+04
    -0.105551225E+04
    -0.105551224E+04
    -0.105551225E+04
    -0.105551225E+04
    -0.105551226E+04
    -0.105551226E+04
    -0.105551228E+04
    -0.105551227E+04
    -0.105551228E+04
    -0.105551228E+04
    -0.105551229E+04
    -0.105551229E+04
    -0.105551231E+04
    -0.105551230E+04
    -0.105551231E+04
    -0.105551231E+04
    -0.105551231E+04
    -0.105551232E+04
    -0.105551233E+04
    -0.105551233E+04
    -0.105551233E+04
    -0.105551234E+04
    -0.105551234E+04
    -0.105551235E+04
    -0.105551236E+04
    -0.105551236E+04
    -0.105551236E+04
    -0.105551237E+04
    -0.105551237E+04
    -0.105551238E+04
    -0.105551239E+04
    -0.105551239E+04
    -0.105551239E+04
    -0.105551239E+04
    -0.105551240E+04
    -0.105551240E+04
    -0.105551241E+04
    -0.105551241E+04
    -0.105551241E+04
    -0.105551242E+04
    -0.105551242E+04
    -0.105551243E+04
    -0.105551244E+04
    -0.105551244E+04
    -0.105551244E+04
    -0.105551244E+04
    -0.105551245E+04
    -0.105551245E+04
    -0.105551246E+04
    -0.105551246E+04
    -0.105551246E+04
    -0.105551247E+04
    -0.105551247E+04
    -0.105551248E+04
    -0.105551249E+04
    -0.105551248E+04
    -0.105551249E+04
    -0.105551249E+04
    -0.105551249E+04
    -0.105551250E+04
    -0.105551251E+04
    -0.105551251E+04
    -0.105551251E+04
    -0.105551251E+04
    -0.105551252E+04
    -0.105551252E+04
    -0.105551253E+04
    -0.105551253E+04
    -0.105551253E+04
    -0.105551254E+04
    -0.105551254E+04
    -0.105551254E+04
    -0.105551255E+04
    -0.105551255E+04
    -0.105551255E+04
    -0.105551256E+04
    -0.105551256E+04
    -0.105551257E+04
    -0.105551257E+04
    -0.105551257E+04
    -0.105551257E+04
    -0.105551258E+04
    -0.105551258E+04
    -0.105551259E+04
    -0.105551259E+04
    -0.105551259E+04
    -0.105551259E+04
    -0.105551260E+04
    -0.105551260E+04
    -0.105551260E+04
    -0.105551261E+04
    -0.105551261E+04
    -0.105551261E+04
    -0.105551262E+04
    -0.105551262E+04
    -0.105551262E+04
    -0.105551263E+04
    -0.105551263E+04
    -0.105551263E+04
    -0.105551263E+04
    -0.105551264E+04
    -0.105551264E+04
    -0.105551265E+04
    -0.105551265E+04
    -0.105551265E+04
    -0.105551265E+04
    -0.105551265E+04
    -0.105551266E+04
    -0.105551267E+04
    -0.105551266E+04
    -0.105551267E+04
    -0.105551267E+04
    -0.105551267E+04
    -0.105551268E+04
    -0.105551268E+04
    -0.105551268E+04
    -0.105551268E+04
    -0.105551269E+04
    -0.105551269E+04
    -0.105551269E+04
    -0.105551270E+04
    -0.105551270E+04
    -0.105551270E+04
    -0.105551270E+04
    -0.105551270E+04
    -0.105551271E+04
    -0.105551272E+04
    -0.105551271E+04
    -0.105551272E+04
    -0.105551272E+04
    -0.105551272E+04
    -0.105551273E+04
    -0.105551273E+04
    -0.105551273E+04
    -0.105551273E+04
    -0.105551273E+04
    -0.105551274E+04
    -0.105551274E+04
    -0.105551275E+04
    -0.105551274E+04
    -0.105551275E+04
    -0.105551275E+04
    -0.105551275E+04
    -0.105551276E+04
    -0.105551276E+04
    -0.105551276E+04
    -0.105551276E+04
    -0.105551276E+04
    -0.105551277E+04
    -0.105551277E+04
    -0.105551277E+04
    -0.105551277E+04
    -0.105551277E+04
    -0.105551278E+04
    -0.105551278E+04
    -0.105551278E+04
    -0.105551279E+04
    -0.105551279E+04
    -0.105551279E+04
    -0.105551279E+04
    -0.105551279E+04
    -0.105551280E+04
    -0.105551280E+04
    -0.105551280E+04
    -0.105551280E+04
    -0.105551280E+04
    -0.105551281E+04
    -0.105551281E+04
    -0.105551281E+04
    -0.105551281E+04
    -0.105551281E+04
    -0.105551282E+04
    -0.105551282E+04
    -0.105551282E+04
    -0.105551283E+04
    -0.105551282E+04
    -0.105551283E+04
    -0.105551283E+04
    -0.105551283E+04
    -0.105551283E+04
    -0.105551284E+04
    -0.105551284E+04
    -0.105551284E+04
    -0.105551284E+04
    -0.105551284E+04
    -0.105551285E+04
    -0.105551285E+04
    -0.105551285E+04
    -0.105551285E+04
    -0.105551285E+04
    -0.105551285E+04
    -0.105551286E+04
    -0.105551286E+04
    -0.105551286E+04
    -0.105551286E+04
    -0.105551286E+04
    -0.105551286E+04
    -0.105551287E+04
    -0.105551287E+04
    -0.105551287E+04
    -0.105551287E+04
    -0.105551287E+04
    -0.105551287E+04
    -0.105551288E+04
    -0.105551288E+04
    -0.105551288E+04
    -0.105551288E+04
    -0.105551288E+04
    -0.105551289E+04
    -0.105551289E+04
    -0.105551289E+04
    -0.105551289E+04
    -0.105551289E+04
    -0.105551289E+04
    -0.105551290E+04
    -0.105551290E+04
    -0.105551290E+04
    -0.105551290E+04
    -0.105551290E+04
    -0.105551290E+04
    -0.105551291E+04
    -0.105551291E+04
    -0.105551291E+04
    -0.105551291E+04
    -0.105551291E+04
    -0.105551291E+04
    -0.105551291E+04
    -0.105551292E+04
    -0.105551292E+04
    -0.105551292E+04
    -0.105551292E+04
    -0.105551292E+04
    -0.105551292E+04
    -0.105551293E+04
    -0.105551293E+04
    -0.105551293E+04
    -0.105551293E+04
    -0.105551293E+04
    -0.105551293E+04
    -0.105551293E+04
    -0.105551294E+04
    -0.105551294E+04
    -0.105551294E+04
    -0.105551294E+04
    -0.105551294E+04
    -0.105551294E+04
    -0.105551295E+04
    -0.105551295E+04
    -0.105551295E+04
    -0.105551295E+04
    -0.105551295E+04
    -0.105551295E+04
    -0.105551295E+04
    -0.105551295E+04
    -0.105551295E+04
    -0.105551296E+04
    -0.105551296E+04
    -0.105551296E+04
    -0.105551296E+04
    -0.105551296E+04
    -0.105551296E+04
    -0.105551296E+04
    -0.105551296E+04
    -0.105551297E+04
    -0.105551297E+04
    -0.105551297E+04
    -0.105551297E+04
    -0.105551297E+04
    -0.105551297E+04
    -0.105551297E+04
    -0.105551298E+04
    -0.105551298E+04
    -0.105551298E+04
    -0.105551298E+04
    -0.105551298E+04
    -0.105551298E+04
    -0.105551298E+04
    -0.105551298E+04
    -0.105551298E+04
    -0.105551299E+04
    -0.105551299E+04
    -0.105551299E+04
    -0.105551299E+04
    -0.105551299E+04
    -0.105551299E+04
    -0.105551299E+04
    -0.105551299E+04
    -0.105551300E+04
    -0.105551300E+04
    -0.105551300E+04
    -0.105551300E+04
    -0.105551300E+04
    -0.105551300E+04
    -0.105551300E+04
    -0.105551300E+04
    -0.105551300E+04
    -0.105551300E+04
    -0.105551301E+04
    -0.105551301E+04
    -0.105551301E+04
    -0.105551301E+04
    -0.105551301E+04
    -0.105551301E+04
    -0.105551301E+04
    -0.105551301E+04
    -0.105551301E+04
    -0.105551302E+04
    -0.105551302E+04
    -0.105551302E+04
    -0.105551302E+04
    -0.105551302E+04
    -0.105551302E+04
    -0.105551302E+04
    -0.105551302E+04
    -0.105551302E+04
    -0.105551302E+04
    -0.105551302E+04
    -0.105551303E+04
    -0.105551303E+04
    -0.105551303E+04
    -0.105551303E+04
    -0.105551303E+04
    -0.105551303E+04
    -0.105551303E+04
    -0.105551303E+04
    -0.105551303E+04
    -0.105551303E+04
    -0.105551304E+04
    -0.105551304E+04
    -0.105551304E+04
    -0.105551304E+04
    -0.105551304E+04
    -0.105551304E+04
    -0.105551304E+04
    -0.105551304E+04
    -0.105551304E+04
    -0.105551304E+04
    -0.105551304E+04
    -0.105551304E+04
    -0.105551305E+04
    -0.105551305E+04
    -0.105551305E+04
    -0.105551305E+04
    -0.105551305E+04
    -0.105551305E+04
    -0.105551305E+04
    -0.105551305E+04
    -0.105551305E+04
    -0.105551305E+04
    -0.105551305E+04
    -0.105551305E+04
    -0.105551306E+04
    -0.105551306E+04
    -0.105551306E+04
    -0.105551306E+04
    -0.105551306E+04
    -0.105551306E+04
    -0.105551306E+04
    -0.105551306E+04
    -0.105551306E+04
    -0.105551306E+04
    -0.105551306E+04
    -0.105551306E+04
    -0.105551307E+04
    -0.105551307E+04
    -0.105551307E+04
    -0.105551307E+04
    -0.105551307E+04
    -0.105551307E+04
    -0.105551307E+04
    -0.105551307E+04
    -0.105551307E+04
    -0.105551307E+04
    -0.105551307E+04
    -0.105551307E+04
    -0.105551307E+04
    -0.105551307E+04
    -0.105551308E+04
    -0.105551308E+04
    -0.105551308E+04
    -0.105551308E+04
    -0.105551308E+04
    -0.105551308E+04
    -0.105551308E+04
    -0.105551308E+04
    -0.105551308E+04
    -0.105551308E+04
    -0.105551308E+04
    -0.105551308E+04
    -0.105551308E+04
    -0.105551309E+04
    -0.105551308E+04
    -0.105551309E+04
    -0.105551309E+04
    -0.105551309E+04
    -0.105551309E+04
    -0.105551309E+04
    -0.105551309E+04
    -0.105551309E+04
    -0.105551309E+04
    -0.105551309E+04
    -0.105551309E+04
    -0.105551309E+04
    -0.105551309E+04
    -0.105551309E+04
    -0.105551309E+04
    -0.105551309E+04
    -0.105551310E+04
    -0.105551310E+04
    -0.105551310E+04
    -0.105551310E+04
    -0.105551310E+04
    -0.105551310E+04
    -0.105551310E+04
    -0.105551310E+04
    -0.105551310E+04
    -0.105551310E+04
    -0.105551310E+04
    -0.105551310E+04
    -0.105551310E+04
    -0.105551310E+04
    -0.105551310E+04
    -0.105551310E+04
    -0.105551310E+04
    -0.105551311E+04
    -0.105551311E+04
    -0.105551311E+04
    -0.105551311E+04
    -0.105551311E+04
    -0.105551311E+04
    -0.105551311E+04
    -0.105551311E+04
    -0.105551311E+04
    -0.105551311E+04
    -0.105551311E+04
    -0.105551311E+04
    -0.105551311E+04
    -0.105551312E+04
    -0.105551312E+04
    -0.105551312E+04
    -0.105551311E+04
    -0.105551311E+04
    -0.105551311E+04
    -0.105551311E+04
    -0.105551311E+04
    -0.105551311E+04
    -0.105551312E+04
    -0.105551312E+04
    -0.105551312E+04
    -0.105551312E+04
    -0.105551312E+04
    -0.105551312E+04
    -0.105551312E+04
    -0.105551312E+04
    -0.105551312E+04
    -0.105551312E+04
    -0.105551312E+04
    -0.105551312E+04
    -0.105551312E+04
    -0.105551312E+04
    -0.105551312E+04
    -0.105551312E+04
    -0.105551312E+04
    -0.105551312E+04
    -0.105551312E+04
    -0.105551312E+04
    -0.105551312E+04
    -0.105551312E+04
    -0.105551312E+04
    -0.105551312E+04
    -0.105551312E+04
    -0.105551312E+04
    -0.105551312E+04
    -0.105551312E+04
    -0.105551312E+04
    -0.105551313E+04
    -0.105551313E+04
    -0.105551313E+04
    -0.105551313E+04
    -0.105551313E+04
    -0.105551313E+04
    -0.105551313E+04
    -0.105551313E+04
    -0.105551313E+04
    -0.105551313E+04
    -0.105551313E+04
    -0.105551313E+04
    -0.105551313E+04
    -0.105551313E+04
    -0.105551313E+04
    -0.105551313E+04
    -0.105551313E+04
    -0.105551313E+04
    -0.105551313E+04
    -0.105551313E+04
    -0.105551313E+04
    -0.105551313E+04
    -0.105551313E+04
    -0.105551313E+04
    -0.105551313E+04
    -0.105551313E+04
    -0.105551313E+04
    -0.105551313E+04
    -0.105551313E+04
    -0.105551313E+04
    -0.105551313E+04
    -0.105551313E+04
    -0.105551313E+04
    -0.105551313E+04
    -0.105551313E+04
    -0.105551313E+04
    -0.105551313E+04
    -0.105551313E+04
    -0.105551313E+04
    -0.105551313E+04
    -0.105551313E+04
    -0.105551313E+04
    -0.105551313E+04
    -0.105551313E+04
    -0.105551313E+04
    -0.105551313E+04
    -0.105551313E+04
    -0.105551313E+04
    -0.105551313E+04
    -0.105551313E+04
    -0.105551314E+04
    -0.105551314E+04
    -0.105551314E+04
    -0.105551314E+04
    -0.105551314E+04
    -0.105551314E+04
    -0.105551314E+04
    -0.105551314E+04
    -0.105551314E+04
    -0.105551314E+04
    -0.105551314E+04
    -0.105551314E+04
    -0.105551314E+04
    -0.105551314E+04
    -0.105551314E+04
    -0.105551314E+04
    -0.105551314E+04
    -0.105551314E+04
    -0.105551314E+04
    -0.105551314E+04
    -0.105551314E+04
    -0.105551314E+04
    -0.105551314E+04
    -0.105551314E+04
    -0.105551314E+04
    -0.105551314E+04
    -0.105551314E+04
    -0.105551314E+04
    -0.105551314E+04
    -0.105551314E+04
    -0.105551314E+04
    -0.105551314E+04
    -0.105551314E+04
    -0.105551314E+04
    -0.105551314E+04
    -0.105551314E+04
    -0.105551314E+04
    -0.105551314E+04
    -0.105551314E+04
    -0.105551314E+04
    -0.105551313E+04
    -0.105551313E+04
    -0.105551313E+04
    -0.105551313E+04
    -0.105551313E+04
    -0.105551313E+04
    -0.105551313E+04
    -0.105551313E+04
    -0.105551313E+04
    -0.105551313E+04
    -0.105551313E+04
    -0.105551313E+04
    -0.105551313E+04
    -0.105551313E+04
    -0.105551313E+04
    -0.105551313E+04
    -0.105551313E+04
    -0.105551313E+04
    -0.105551313E+04
    -0.105551313E+04
    -0.105551313E+04
    -0.105551313E+04
    -0.105551313E+04
    -0.105551313E+04
    -0.105551313E+04
    -0.105551313E+04
    -0.105551313E+04
    -0.105551313E+04
    -0.105551313E+04
    -0.105551313E+04
    -0.105551313E+04
    -0.105551313E+04
    -0.105551313E+04
    -0.105551312E+04
    -0.105551313E+04
    -0.105551312E+04
    -0.105551312E+04
    -0.105551312E+04
    -0.105551312E+04
    -0.105551312E+04
    -0.105551312E+04
    -0.105551312E+04
    -0.105551312E+04
    -0.105551312E+04
    -0.105551312E+04
    -0.105551312E+04
    -0.105551312E+04
    -0.105551312E+04
    -0.105551312E+04
    -0.105551312E+04
    -0.105551311E+04
    -0.105551311E+04
    -0.105551311E+04
    -0.105551311E+04
    -0.105551311E+04
    -0.105551311E+04
    -0.105551311E+04
    -0.105551310E+04
    -0.105551310E+04
    -0.105551311E+04
    -0.105551311E+04
    -0.105551311E+04
    -0.105551310E+04
    -0.105551310E+04
    -0.105551310E+04
    -0.105551310E+04
    -0.105551310E+04
    -0.105551310E+04
    -0.105551310E+04
    -0.105551310E+04
    -0.105551310E+04
    -0.105551310E+04
    -0.105551309E+04
    -0.105551309E+04
    -0.105551309E+04
    -0.105551309E+04
    -0.105551309E+04
    -0.105551309E+04
    -0.105551309E+04
    -0.105551309E+04
    -0.105551308E+04
    -0.105551308E+04
    -0.105551308E+04
    -0.105551308E+04
    -0.105551308E+04
    -0.105551308E+04
    -0.105551307E+04
    -0.105551308E+04
    -0.105551307E+04
    -0.105551307E+04
    -0.105551307E+04
    -0.105551307E+04
    -0.105551307E+04
    -0.105551307E+04
    -0.105551307E+04
    -0.105551306E+04
    -0.105551306E+04
    -0.105551306E+04
    -0.105551306E+04
    -0.105551306E+04
    -0.105551306E+04
    -0.105551305E+04
    -0.105551305E+04
    -0.105551305E+04
    -0.105551305E+04
    -0.105551305E+04
    -0.105551305E+04
    -0.105551304E+04
    -0.105551304E+04
    -0.105551304E+04
    -0.105551304E+04
    -0.105551304E+04
    -0.105551304E+04
    -0.105551303E+04
    -0.105551303E+04
    -0.105551303E+04
    -0.105551302E+04
    -0.105551303E+04
    -0.105551302E+04
    -0.105551302E+04
    -0.105551302E+04
    -0.105551302E+04
    -0.105551301E+04
    -0.105551301E+04
    -0.105551301E+04
    -0.105551301E+04
    -0.105551301E+04
    -0.105551300E+04
    -0.105551300E+04
    -0.105551300E+04
    -0.105551300E+04
    -0.105551300E+04
    -0.105551299E+04
    -0.105551299E+04
    -0.105551298E+04
    -0.105551299E+04
    -0.105551298E+04
    -0.105551298E+04
    -0.105551298E+04
    -0.105551298E+04
    -0.105551297E+04
    -0.105551297E+04
    -0.105551297E+04
    -0.105551297E+04
    -0.105551296E+04
    -0.105551296E+04
    -0.105551295E+04
    -0.105551296E+04
    -0.105551295E+04
    -0.105551295E+04
    -0.105551295E+04
    -0.105551294E+04
    -0.105551294E+04
    -0.105551294E+04
    -0.105551294E+04
    -0.105551293E+04
    -0.105551293E+04
    -0.105551292E+04
    -0.105551292E+04
    -0.105551292E+04
    -0.105551292E+04
    -0.105551291E+04
    -0.105551291E+04
    -0.105551290E+04
    -0.105551290E+04
    -0.105551290E+04
    -0.105551290E+04
    -0.105551289E+04
    -0.105551289E+04
    -0.105551288E+04
    -0.105551287E+04
    -0.105551288E+04
    -0.105551287E+04
    -0.105551287E+04
    -0.105551287E+04
    -0.105551286E+04
    -0.105551285E+04
    -0.105551285E+04
    -0.105551285E+04
    -0.105551284E+04
    -0.105551284E+04
    -0.105551283E+04
    -0.105551282E+04
    -0.105551283E+04
    -0.105551282E+04
    -0.105551282E+04
    -0.105551282E+04
    -0.105551281E+04
    -0.105551280E+04
    -0.105551280E+04
    -0.105551280E+04
    -0.105551279E+04
    -0.105551279E+04
    -0.105551278E+04
    -0.105551277E+04
    -0.105551277E+04
    -0.105551277E+04
    -0.105551276E+04
    -0.105551276E+04
    -0.105551275E+04
    -0.105551273E+04
    -0.105551274E+04
    -0.105551273E+04
    -0.105551273E+04
    -0.105551272E+04
    -0.105551271E+04
    -0.105551270E+04
    -0.105551270E+04
    -0.105551270E+04
    -0.105551269E+04
    -0.105551269E+04
    -0.105551268E+04
    -0.105551266E+04
    -0.105551267E+04
    -0.105551266E+04
    -0.105551266E+04
    -0.105551265E+04
    -0.105551264E+04
    -0.105551262E+04
    -0.105551263E+04
    -0.105551262E+04
    -0.105551261E+04
    -0.105551261E+04
    -0.105551260E+04
    -0.105551258E+04
    -0.105551259E+04
    -0.105551258E+04
    -0.105551257E+04
    -0.105551257E+04
    -0.105551255E+04
    -0.105551253E+04
    -0.105551254E+04
    -0.105551253E+04
    -0.105551252E+04
    -0.105551252E+04
    -0.105551251E+04
    -0.105551249E+04
    -0.105551249E+04
    -0.105551249E+04
    -0.105551247E+04
    -0.105551247E+04
    -0.105551245E+04
    -0.105551243E+04
    -0.105551244E+04
    -0.105551243E+04
    -0.105551242E+04
    -0.105551241E+04
    -0.105551240E+04
    -0.105551238E+04
    -0.105551238E+04
    -0.105551238E+04
    -0.105551236E+04
    -0.105551236E+04
    -0.105551234E+04
    -0.105551231E+04
    -0.105551232E+04
    -0.105551231E+04
    -0.105551230E+04
    -0.105551229E+04
    -0.105551227E+04
    -0.105551225E+04
    -0.105551226E+04
    -0.105551225E+04
    -0.105551223E+04
    -0.105551223E+04
    -0.105551220E+04
    -0.105551218E+04
    -0.105551219E+04
    -0.105551218E+04
    -0.105551216E+04
    -0.105551215E+04
    -0.105551213E+04
    -0.105551210E+04
    -0.105551211E+04
    -0.105551210E+04
    -0.105551208E+04
    -0.105551208E+04
    -0.105551205E+04
    -0.105551202E+04
    -0.105551203E+04
    -0.105551202E+04
    -0.105551200E+04
    -0.105551199E+04
    -0.105551197E+04
    -0.105551193E+04
    -0.105551194E+04
    -0.105551193E+04
    -0.105551191E+04
    -0.105551190E+04
    -0.105551187E+04
    -0.105551184E+04
    -0.105551185E+04
    -0.105551184E+04
    -0.105551181E+04
    -0.105551180E+04
    -0.105551177E+04
    -0.105551173E+04
    -0.105551175E+04
    -0.105551173E+04
    -0.105551171E+04
    -0.105551170E+04
    -0.105551167E+04
    -0.105551162E+04
    -0.105551164E+04
    -0.105551162E+04
    -0.105551160E+04
    -0.105551159E+04
    -0.105551155E+04
    -0.105551151E+04
    -0.105551152E+04
    -0.105551151E+04
    -0.105551148E+04
    -0.105551147E+04
    -0.105551143E+04
    -0.105551138E+04
    -0.105551140E+04
    -0.105551138E+04
    -0.105551135E+04
    -0.105551134E+04
    -0.105551130E+04
    -0.105551124E+04
    -0.105551126E+04
    -0.105551124E+04
    -0.105551121E+04
    -0.105551120E+04
    -0.105551116E+04
    -0.105551110E+04
    -0.105551112E+04
    -0.105551110E+04
    -0.105551107E+04
    -0.105551105E+04
    -0.105551100E+04
    -0.105551094E+04
    -0.105551096E+04
    -0.105551094E+04
    -0.105551091E+04
    -0.105551089E+04
    -0.105551084E+04
    -0.105551077E+04
    -0.105551079E+04
    -0.105551077E+04
    -0.105551073E+04
    -0.105551072E+04
    -0.105551066E+04
    -0.105551059E+04
    -0.105551061E+04
    -0.105551059E+04
    -0.105551055E+04
    -0.105551053E+04
    -0.105551047E+04
    -0.105551039E+04
    -0.105551042E+04
    -0.105551039E+04
    -0.105551035E+04
    -0.105551033E+04
    -0.105551027E+04
    -0.105551018E+04
    -0.105551021E+04
    -0.105551018E+04
    -0.105551014E+04
    -0.105551012E+04
    -0.105551005E+04
    -0.105550996E+04
    -0.105550999E+04
    -0.105550996E+04
    -0.105550991E+04
    -0.105550989E+04
    -0.105550981E+04
    -0.105550972E+04
    -0.105550975E+04
    -0.105550972E+04
    -0.105550966E+04
    -0.105550964E+04
    -0.105550956E+04
    -0.105550945E+04
    -0.105550949E+04
    -0.105550945E+04
    -0.105550940E+04
    -0.105550937E+04
    -0.105550929E+04
    -0.105550917E+04
    -0.105550921E+04
    -0.105550917E+04
    -0.105550911E+04
    -0.105550908E+04
    -0.105550899E+04
    -0.105550887E+04
    -0.105550891E+04
    -0.105550887E+04
    -0.105550881E+04
    -0.105550878E+04
    -0.105550868E+04
    -0.105550855E+04
    -0.105550859E+04
    -0.105550855E+04
    -0.105550848E+04
    -0.105550844E+04
    -0.105550834E+04
    -0.105550820E+04
    -0.105550824E+04
    -0.105550820E+04
    -0.105550813E+04
    -0.105550809E+04
    -0.105550798E+04
    -0.105550783E+04
    -0.105550787E+04
    -0.105550783E+04
    -0.105550775E+04
    -0.105550771E+04
    -0.105550759E+04
    -0.105550742E+04
    -0.105550747E+04
    -0.105550742E+04
    -0.105550734E+04
    -0.105550729E+04
    -0.105550717E+04
    -0.105550699E+04
    -0.105550705E+04
    -0.105550699E+04
    -0.105550690E+04
    -0.105550685E+04
    -0.105550671E+04
    -0.105550653E+04
    -0.105550659E+04
    -0.105550653E+04
    -0.105550643E+04
    -0.105550638E+04
    -0.105550623E+04
    -0.105550603E+04
    -0.105550609E+04
    -0.105550603E+04
    -0.105550592E+04
    -0.105550587E+04
    -0.105550571E+04
    -0.105550549E+04
    -0.105550556E+04
    -0.105550549E+04
    -0.105550538E+04
    -0.105550532E+04
    -0.105550514E+04
    -0.105550491E+04
    -0.105550499E+04
    -0.105550491E+04
    -0.105550479E+04
    -0.105550473E+04
    -0.105550454E+04
    -0.105550429E+04
    -0.105550437E+04
    -0.105550429E+04
    -0.105550416E+04
    -0.105550409E+04
    -0.105550389E+04
    -0.105550363E+04
    -0.105550371E+04
    -0.105550363E+04
    -0.105550348E+04
    -0.105550341E+04
    -0.105550320E+04
    -0.105550291E+04
    -0.105550300E+04
    -0.105550291E+04
    -0.105550276E+04
    -0.105550268E+04
    -0.105550245E+04
    -0.105550214E+04
    -0.105550224E+04
    -0.105550214E+04
    -0.105550197E+04
    -0.105550189E+04
    -0.105550164E+04
    -0.105550131E+04
    -0.105550142E+04
    -0.105550131E+04
    -0.105550113E+04
    -0.105550104E+04
    -0.105550078E+04
    -0.105550042E+04
    -0.105550053E+04
    -0.105550042E+04
    -0.105550023E+04
    -0.105550013E+04
    -0.105549985E+04
    -0.105549947E+04
    -0.105549958E+04
    -0.105549947E+04
    -0.105549926E+04
    -0.105549916E+04
    -0.105549885E+04
    -0.105549844E+04
    -0.105549857E+04
    -0.105549844E+04
    -0.105549822E+04
    -0.105549811E+04
    -0.105549777E+04
    -0.105549733E+04
    -0.105549747E+04
    -0.105549733E+04
    -0.105549709E+04
    -0.105549697E+04
    -0.105549662E+04
    -0.105549614E+04
    -0.105549629E+04
    -0.105549614E+04
    -0.105549589E+04
    -0.105549576E+04
    -0.105549538E+04
    -0.105549487E+04
    -0.105549503E+04
    -0.105549487E+04
    -0.105549459E+04
    -0.105549445E+04
    -0.105549404E+04
    -0.105549349E+04
    -0.105549367E+04
    -0.105549349E+04
    -0.105549320E+04
    -0.105549305E+04
    -0.105549261E+04
    -0.105549202E+04
    -0.105549220E+04
    -0.105549202E+04
    -0.105549170E+04
    -0.105549154E+04
    -0.105549107E+04
    -0.105549043E+04
    -0.105549063E+04
    -0.105549043E+04
    -0.105549009E+04
    -0.105548992E+04
    -0.105548941E+04
    -0.105548873E+04
    -0.105548894E+04
    -0.105548873E+04
    -0.105548836E+04
    -0.105548818E+04
    -0.105548763E+04
    -0.105548690E+04
    -0.105548712E+04
    -0.105548690E+04
    -0.105548650E+04
    -0.105548630E+04
    -0.105548571E+04
    -0.105548493E+04
    -0.105548517E+04
    -0.105548493E+04
    -0.105548450E+04
    -0.105548429E+04
    -0.105548366E+04
    -0.105548281E+04
    -0.105548307E+04
    -0.105548281E+04
    -0.105548235E+04
    -0.105548213E+04
    -0.105548144E+04
    -0.105548053E+04
    -0.105548082E+04
    -0.105548053E+04
    -0.105548004E+04
    -0.105547980E+04
    -0.105547907E+04
    -0.105547809E+04
    -0.105547839E+04
    -0.105547809E+04
    -0.105547756E+04
    -0.105547730E+04
    -0.105547651E+04
    -0.105547546E+04
    -0.105547579E+04
    -0.105547546E+04
    -0.105547489E+04
    -0.105547461E+04
    -0.105547376E+04
    -0.105547263E+04
    -0.105547299E+04
    -0.105547263E+04
    -0.105547202E+04
    -0.105547172E+04
    -0.105547081E+04
    -0.105546959E+04
    -0.105546997E+04
    -0.105546959E+04
    -0.105546894E+04
    -0.105546862E+04
    -0.105546764E+04
    -0.105546633E+04
    -0.105546674E+04
    -0.105546633E+04
    -0.105546563E+04
    -0.105546528E+04
    -0.105546422E+04
    -0.105546282E+04
    -0.105546326E+04
    -0.105546282E+04
    -0.105546207E+04
    -0.105546169E+04
    -0.105546056E+04
    -0.105545905E+04
    -0.105545952E+04
    -0.105545905E+04
    -0.105545824E+04
    -0.105545783E+04
    -0.105545662E+04
    -0.105545499E+04
    -0.105545550E+04
    -0.105545499E+04
    -0.105545412E+04
    -0.105545369E+04
    -0.105545238E+04
    -0.105545064E+04
    -0.105545118E+04
    -0.105545064E+04
    -0.105544970E+04
    -0.105544923E+04
    -0.105544782E+04
    -0.105544595E+04
    -0.105544654E+04
    -0.105544595E+04
    -0.105544494E+04
    -0.105544444E+04
    -0.105544293E+04
    -0.105544092E+04
    -0.105544154E+04
    -0.105544092E+04
    -0.105543983E+04
    -0.105543929E+04
    -0.105543767E+04
    -0.105543550E+04
    -0.105543618E+04
    -0.105543550E+04
    -0.105543434E+04
    -0.105543376E+04
    -0.105543201E+04
    -0.105542968E+04
    -0.105543041E+04
    -0.105542968E+04
    -0.105542843E+04
    -0.105542781E+04
    -0.105542593E+04
    -0.105542343E+04
    -0.105542421E+04
    -0.105542343E+04
    -0.105542209E+04
    -0.105542142E+04
    -0.105541940E+04
    -0.105541671E+04
    -0.105541755E+04
    -0.105541671E+04
    -0.105541526E+04
    -0.105541454E+04
    -0.105541237E+04
    -0.105540948E+04
    -0.105541039E+04
    -0.105540948E+04
    -0.105540793E+04
    -0.105540716E+04
    -0.105540483E+04
    -0.105540172E+04
    -0.105540269E+04
    -0.105540172E+04
    -0.105540005E+04
    -0.105539921E+04
    -0.105539671E+04
    -0.105539337E+04
    -0.105539441E+04
    -0.105539337E+04
    -0.105539158E+04
    -0.105539068E+04
    -0.105538799E+04
    -0.105538440E+04
    -0.105538552E+04
    -0.105538440E+04
    -0.105538247E+04
    -0.105538151E+04
    -0.105537861E+04
    -0.105537475E+04
    -0.105537596E+04
    -0.105537475E+04
    -0.105537268E+04
    -0.105537164E+04
    -0.105536853E+04
    -0.105536439E+04
    -0.105536568E+04
    -0.105536439E+04
    -0.105536216E+04
    -0.105536104E+04
    -0.105535770E+04
    -0.105535324E+04
    -0.105535464E+04
    -0.105535324E+04
    -0.105535085E+04
    -0.105534965E+04
    -0.105534606E+04
    -0.105534127E+04
    -0.105534276E+04
    -0.105534127E+04
    -0.105533869E+04
    -0.105533740E+04
    -0.105533354E+04
    -0.105532839E+04
    -0.105533000E+04
    -0.105532839E+04
    -0.105532562E+04
    -0.105532424E+04
    -0.105532009E+04
    -0.105531455E+04
    -0.105531628E+04
    -0.105531455E+04
    -0.105531158E+04
    -0.105531009E+04
    -0.105530563E+04
    -0.105529968E+04
    -0.105530154E+04
    -0.105529968E+04
    -0.105529648E+04
    -0.105529488E+04
    -0.105529008E+04
    -0.105528369E+04
    -0.105528569E+04
    -0.105528369E+04
    -0.105528025E+04
    -0.105527853E+04
    -0.105527338E+04
    -0.105526650E+04
    -0.105526865E+04
    -0.105526650E+04
    -0.105526281E+04
    -0.105526096E+04
    -0.105525542E+04
    -0.105524803E+04
    -0.105525034E+04
    -0.105524803E+04
    -0.105524406E+04
    -0.105524207E+04
    -0.105523611E+04
    -0.105522817E+04
    -0.105523065E+04
    -0.105522817E+04
    -0.105522390E+04
    -0.105522177E+04
    -0.105521536E+04
    -0.105520683E+04
    -0.105520949E+04
    -0.105520683E+04
    -0.105520224E+04
    -0.105519994E+04
    -0.105519306E+04
    -0.105518388E+04
    -0.105518675E+04
    -0.105518388E+04
    -0.105517895E+04
    -0.105517648E+04
    -0.105516908E+04
    -0.105515922E+04
    -0.105516230E+04
    -0.105515922E+04
    -0.105515392E+04
    -0.105515127E+04
    -0.105514331E+04
    -0.105513271E+04
    -0.105513602E+04
    -0.105513271E+04
    -0.105512701E+04
    -0.105512416E+04
    -0.105511561E+04
    -0.105510421E+04
    -0.105510778E+04
    -0.105510421E+04
    -0.105509809E+04
    -0.105509503E+04
    -0.105508584E+04
    -0.105507358E+04
    -0.105507741E+04
    -0.105507358E+04
    -0.105506700E+04
    -0.105506371E+04
    -0.105505383E+04
    -0.105504066E+04
    -0.105504478E+04
    -0.105504066E+04
    -0.105503358E+04
    -0.105503004E+04
    -0.105501942E+04
    -0.105500527E+04
    -0.105500969E+04
    -0.105500527E+04
    -0.105499766E+04
    -0.105499386E+04
    -0.105498244E+04
    -0.105496722E+04
    -0.105497198E+04
    -0.105496722E+04
    -0.105495905E+04
    -0.105495496E+04
    -0.105494269E+04
    -0.105492633E+04
    -0.105493144E+04
    -0.105492633E+04
    -0.105491754E+04
    -0.105491314E+04
    -0.105489996E+04
    -0.105488237E+04
    -0.105488787E+04
    -0.105488237E+04
    -0.105487292E+04
    -0.105486820E+04
    -0.105485402E+04
    -0.105483512E+04
    -0.105484103E+04
    -0.105483512E+04
    -0.105482496E+04
    -0.105481988E+04
    -0.105480465E+04
    -0.105478433E+04
    -0.105479068E+04
    -0.105478433E+04
    -0.105477341E+04
    -0.105476795E+04
    -0.105475157E+04
    -0.105472973E+04
    -0.105473655E+04
    -0.105472973E+04
    -0.105471799E+04
    -0.105471212E+04
    -0.105469452E+04
    -0.105467104E+04
    -0.105467838E+04
    -0.105467104E+04
    -0.105465842E+04
    -0.105465211E+04
    -0.105463318E+04
    -0.105460795E+04
    -0.105461583E+04
    -0.105460795E+04
    -0.105459438E+04
    -0.105458760E+04
    -0.105456726E+04
    -0.105454013E+04
    -0.105454861E+04
    -0.105454013E+04
    -0.105452555E+04
    -0.105451826E+04
    -0.105449639E+04
    -0.105446722E+04
    -0.105447634E+04
    -0.105446722E+04
    -0.105445155E+04
    -0.105444371E+04
    -0.105442020E+04
    -0.105438885E+04
    -0.105439865E+04
    -0.105438885E+04
    -0.105437201E+04
    -0.105436358E+04
    -0.105433831E+04
    -0.105430461E+04
    -0.105431514E+04
    -0.105430461E+04
    -0.105428650E+04
    -0.105427744E+04
    -0.105425027E+04
    -0.105421404E+04
    -0.105422537E+04
    -0.105421404E+04
    -0.105419457E+04
    -0.105418484E+04
    -0.105415563E+04
    -0.105411669E+04
    -0.105412886E+04
    -0.105411669E+04
    -0.105409576E+04
    -0.105408529E+04
    -0.105405390E+04
    -0.105401203E+04
    -0.105402511E+04
    -0.105401203E+04
    -0.105398953E+04
    -0.105397828E+04
    -0.105394453E+04
    -0.105389952E+04
    -0.105391358E+04
    -0.105389952E+04
    -0.105387533E+04
    -0.105386324E+04
    -0.105382695E+04
    -0.105377857E+04
    -0.105379369E+04
    -0.105377857E+04
    -0.105375257E+04
    -0.105373956E+04
    -0.105370056E+04
    -0.105364854E+04
    -0.105366480E+04
    -0.105364854E+04
    -0.105362059E+04
    -0.105360661E+04
    -0.105356467E+04
    -0.105350876E+04
    -0.105352623E+04
    -0.105350876E+04
    -0.105347870E+04
    -0.105346368E+04
    -0.105341859E+04
    -0.105335848E+04
    -0.105337726E+04
    -0.105335848E+04
    -0.105332617E+04
    -0.105331001E+04
    -0.105326154E+04
    -0.105319691E+04
    -0.105321711E+04
    -0.105319691E+04
    -0.105316218E+04
    -0.105314481E+04
    -0.105309270E+04
    -0.105302322E+04
    -0.105304493E+04
    -0.105302322E+04
    -0.105298588E+04
    -0.105296720E+04
    -0.105291118E+04
    -0.105283648E+04
    -0.105285982E+04
    -0.105283648E+04
    -0.105279633E+04
    -0.105277625E+04
    -0.105271602E+04
    -0.105263571E+04
    -0.105266081E+04
    -0.105263571E+04
    -0.105259254E+04
    -0.105257096E+04
    -0.105250620E+04
    -0.105241985E+04
    -0.105244683E+04
    -0.105241985E+04
    -0.105237344E+04
    -0.105235023E+04
    -0.105228060E+04
    -0.105218776E+04
    -0.105221678E+04
    -0.105218776E+04
    -0.105213786E+04
    -0.105211291E+04
    -0.105203805E+04
    -0.105193823E+04
    -0.105196942E+04
    -0.105193823E+04
    -0.105188457E+04
    -0.105185774E+04
    -0.105177726E+04
    -0.105166992E+04
    -0.105170346E+04
    -0.105166992E+04
    -0.105161223E+04
    -0.105158339E+04
    -0.105149684E+04
    -0.105138143E+04
    -0.105141750E+04
    -0.105138143E+04
    -0.105131940E+04
    -0.105128838E+04
    -0.105119532E+04
    -0.105107122E+04
    -0.105111001E+04
    -0.105107122E+04
    -0.105100453E+04
    -0.105097117E+04
    -0.105087110E+04
    -0.105073766E+04
    -0.105077936E+04
    -0.105073766E+04
    -0.105066594E+04
    -0.105063007E+04
    -0.105052247E+04
    -0.105037897E+04
    -0.105042382E+04
    -0.105037897E+04
    -0.105030185E+04
    -0.105026328E+04
    -0.105014757E+04
    -0.104999325E+04
    -0.105004148E+04
    -0.104999325E+04
    -0.104991032E+04
    -0.104986884E+04
    -0.104974440E+04
    -0.104957845E+04
    -0.104963032E+04
    -0.104957845E+04
    -0.104948926E+04
    -0.104944465E+04
    -0.104931083E+04
    -0.104913236E+04
    -0.104918814E+04
    -0.104913236E+04
    -0.104903644E+04
    -0.104898847E+04
    -0.104884455E+04
    -0.104865261E+04
    -0.104871259E+04
    -0.104865261E+04
    -0.104854944E+04
    -0.104849785E+04
    -0.104834306E+04
    -0.104813662E+04
    -0.104820114E+04
    -0.104813662E+04
    -0.104802567E+04
    -0.104797017E+04
    -0.104780368E+04
    -0.104758164E+04
    -0.104765104E+04
    -0.104758164E+04
    -0.104746230E+04
    -0.104740261E+04
    -0.104722354E+04
    -0.104698470E+04
    -0.104705935E+04
    -0.104698470E+04
    -0.104685634E+04
    -0.104679213E+04
    -0.104659950E+04
    -0.104634259E+04
    -0.104642289E+04
    -0.104634259E+04
    -0.104620451E+04
    -0.104613544E+04
    -0.104592823E+04
    -0.104565186E+04
    -0.104573824E+04
    -0.104565186E+04
    -0.104550332E+04
    -0.104542902E+04
    -0.104520611E+04
    -0.104490879E+04
    -0.104500171E+04
    -0.104490879E+04
    -0.104474899E+04
    -0.104466905E+04
    -0.104442923E+04
    -0.104410935E+04
    -0.104420933E+04
    -0.104410935E+04
    -0.104393743E+04
    -0.104385142E+04
    -0.104359340E+04
    -0.104324923E+04
    -0.104335680E+04
    -0.104324923E+04
    -0.104306424E+04
    -0.104297170E+04
    -0.104269407E+04
    -0.104232374E+04
    -0.104243949E+04
    -0.104232374E+04
    -0.104212470E+04
    -0.104202511E+04
    -0.104172637E+04
    -0.104132786E+04
    -0.104145241E+04
    -0.104132786E+04
    -0.104111366E+04
    -0.104100650E+04
    -0.104068500E+04
    -0.104025613E+04
    -0.104039018E+04
    -0.104025613E+04
    -0.104002562E+04
    -0.103991029E+04
    -0.103956429E+04
    -0.103910271E+04
    -0.103924698E+04
    -0.103910271E+04
    -0.103885461E+04
    -0.103873047E+04
    -0.103835806E+04
    -0.103786123E+04
    -0.103801653E+04
    -0.103786123E+04
    -0.103759419E+04
    -0.103746057E+04
    -0.103705969E+04
    -0.103652487E+04
    -0.103669204E+04
    -0.103652487E+04
    -0.103623741E+04
    -0.103609356E+04
    -0.103566201E+04
    -0.103508623E+04
    -0.103526621E+04
    -0.103508623E+04
    -0.103477675E+04
    -0.103462188E+04
    -0.103415725E+04
    -0.103353731E+04
    -0.103373110E+04
    -0.103353732E+04
    -0.103320410E+04
    -0.103303734E+04
    -0.103253704E+04
    -0.103186949E+04
    -0.103207816E+04
    -0.103186949E+04
    -0.103151068E+04
    -0.103133109E+04
    -0.103079233E+04
    -0.103007342E+04
    -0.103029815E+04
    -0.103007342E+04
    -0.102968700E+04
    -0.102949359E+04
    -0.102891333E+04
    -0.102813901E+04
    -0.102838107E+04
    -0.102813901E+04
    -0.102772281E+04
    -0.102751446E+04
    -0.102688944E+04
    -0.102605533E+04
    -0.102631608E+04
    -0.102605533E+04
    -0.102560698E+04
    -0.102538253E+04
    -0.102470919E+04
    -0.102381055E+04
    -0.102409148E+04
    -0.102381055E+04
    -0.102332751E+04
    -0.102308568E+04
    -0.102236018E+04
    -0.102139187E+04
    -0.102169459E+04
    -0.102139188E+04
    -0.102087139E+04
    -0.102061078E+04
    -0.101982897E+04
    -0.101878544E+04
    -0.101911168E+04
    -0.101878544E+04
    -0.101822451E+04
    -0.101794364E+04
    -0.101710101E+04
    -0.101597622E+04
    -0.101632787E+04
    -0.101597622E+04
    -0.101537162E+04
    -0.101506884E+04
    -0.101416052E+04
    -0.101294795E+04
    -0.101332706E+04
    -0.101294795E+04
    -0.101229616E+04
    -0.101196972E+04
    -0.101099041E+04
    -0.100968298E+04
    -0.101009176E+04
    -0.100968298E+04
    -0.100898020E+04
    -0.100862818E+04
    -0.100757215E+04
    -0.100616218E+04
    -0.100660303E+04
    -0.100616219E+04
    -0.100540428E+04
    -0.100502462E+04
    -0.100388564E+04
    -0.100236480E+04
    -0.100284033E+04
    -0.100236481E+04
    -0.100154730E+04
    -0.100113774E+04
    -0.999909073E+03
    -0.998268330E+03
    -0.998781371E+03
    -0.998268338E+03
    -0.997386380E+03
    -0.996944479E+03
    -0.995618786E+03
    -0.993848329E+03
    -0.994401950E+03
    -0.993848339E+03
    -0.992896655E+03
    -0.992419762E+03
    -0.990989097E+03
    -0.989078274E+03
    -0.989675809E+03
    -0.989078287E+03
    -0.988051154E+03
    -0.987536391E+03
    -0.985992119E+03
    -0.983929366E+03
    -0.984574435E+03
    -0.983929382E+03
    -0.982820587E+03
    -0.982264828E+03
    -0.980597571E+03
    -0.978370328E+03
    -0.979066864E+03
    -0.978370347E+03
    -0.977173142E+03
    -0.976572992E+03
    -0.974772568E+03
    -0.972367190E+03
    -0.973119464E+03
    -0.972367213E+03
    -0.971074268E+03
    -0.970426040E+03
    -0.968481386E+03
    -0.965883052E+03
    -0.966695705E+03
    -0.965883079E+03
    -0.964486435E+03
    -0.963786122E+03
    -0.961685221E+03
    -0.958877828E+03
    -0.959755902E+03
    -0.958877862E+03
    -0.957368871E+03
    -0.956612122E+03
    -0.954341920E+03
    -0.951307976E+03
    -0.952256949E+03
    -0.951308017E+03
    -0.949677288E+03
    -0.948859376E+03
    -0.946405695E+03
    -0.943126197E+03
    -0.944152019E+03
    -0.943126247E+03
    -0.941363581E+03
    -0.940479371E+03
    -0.937826812E+03
    -0.934281122E+03
    -0.935390256E+03
    -0.934281183E+03
    -0.932375504E+03
    -0.931419424E+03
    -0.928551265E+03
    -0.924716974E+03
    -0.925916437E+03
    -0.924717047E+03
    -0.922656334E+03
    -0.921622331E+03
    -0.918520423E+03
    -0.914373205E+03
    -0.915670613E+03
    -0.914373293E+03
    -0.912144499E+03
    -0.911026008E+03
    -0.907670654E+03
    -0.903184116E+03
    -0.904587736E+03
    -0.903184222E+03
    -0.900773197E+03
    -0.899563096E+03
    -0.895932937E+03
    -0.891078455E+03
    -0.892597248E+03
    -0.891078582E+03
    -0.888469985E+03
    -0.887160555E+03
    -0.883232439E+03
    -0.877978992E+03
    -0.879622672E+03
    -0.877979145E+03
    -0.875156357E+03
    -0.873739238E+03
    -0.869488087E+03
    -0.863802082E+03
    -0.865581167E+03
    -0.863802265E+03
    -0.860747296E+03
    -0.859213439E+03
    -0.854612118E+03
    -0.848457205E+03
    -0.850383075E+03
    -0.848457425E+03
    -0.845150818E+03
    -0.843490443E+03
    -0.838509612E+03
    -0.831846504E+03
    -0.833931459E+03
    -0.831846767E+03
    -0.828267506E+03
    -0.826470048E+03
    -0.821078025E+03
    -0.813864312E+03
    -0.816121626E+03
    -0.813864625E+03
    -0.809990032E+03
    -0.808044099E+03
    -0.802206719E+03
    -0.794396675E+03
    -0.796840660E+03
    -0.794397049E+03
    -0.790202690E+03
    -0.788096015E+03
    -0.781776486E+03
    -0.773320899E+03
    -0.775966954E+03
    -0.773321344E+03
    -0.768780937E+03
    -0.766500332E+03
    -0.759659105E+03
    -0.750505097E+03
    -0.753369766E+03
    -0.750505626E+03
    -0.745590951E+03
    -0.743122268E+03
    -0.735716913E+03
    -0.725807788E+03
    -0.728908806E+03
    -0.725808416E+03
    -0.720489236E+03
    -0.717817328E+03
    -0.709802425E+03
    -0.699077530E+03
    -0.702433864E+03
    -0.699078274E+03
    -0.693322270E+03
    -0.690430963E+03
    -0.681758012E+03
    -0.670152636E+03
    -0.673784517E+03
    -0.670153517E+03
    -0.663926231E+03
    -0.660798303E+03
    -0.651415666E+03
    -0.638860972E+03
    -0.642789913E+03
    -0.638862014E+03
    -0.632126826E+03
    -0.628744000E+03
    -0.618596873E+03
    -0.605019889E+03
    -0.609268685E+03
    -0.605021121E+03
    -0.597739242E+03
    -0.594082193E+03
    -0.583112633E+03
    -0.568436305E+03
    -0.573029016E+03
    -0.568437760E+03
    -0.560568274E+03
    -0.556616653E+03
    -0.544763662E+03
    -0.528906997E+03
    -0.533868897E+03
    -0.528908715E+03
    -0.520408653E+03
    -0.516141145E+03
    -0.503340822E+03
    -0.486219135E+03
    -0.491576632E+03
    -0.486221162E+03
    -0.477045641E+03
    -0.472440044E+03
    -0.458625843E+03
    -0.440151134E+03
    -0.445931644E+03
    -0.440153525E+03
    -0.430255952E+03
    -0.425289298E+03
    -0.410392381E+03
    -0.390473873E+03
    -0.396705651E+03
    -0.390476693E+03
    -0.379809054E+03
    -0.374457773E+03
    -0.358407513E+03
    -0.336952381E+03
    -0.343664280E+03
    -0.336955706E+03
    -0.325468943E+03
    -0.319709083E+03
    -0.302433717E+03
    -0.279348042E+03
    -0.286569208E+03
    -0.279351964E+03
    -0.266996482E+03
    -0.260803989E+03
    -0.242231462E+03
    -0.217421453E+03
    -0.225180930E+03
    -0.217426077E+03
    -0.204152373E+03
    -0.197503443E+03
    -0.177562472E+03
    -0.150935994E+03
    -0.159262235E+03
    -0.150941443E+03
    -0.136700893E+03
    -0.129572408E+03
    -0.108193790E+03
    -0.796622382E+02
    -0.885825027E+02
    -0.796686570E+02
    -0.656671306E+02
    -0.586639692E+02
    -0.376606835E+02
    -0.964770938E+01
    -0.184036127E+02
    -0.965353818E+01
     0.356633049E+01
     0.101737988E+02
     0.299911903E+02
     0.564076613E+02
     0.481526966E+02
     0.209427187E+01
     0.796623053E+01
     0.255785880E+02
     0.490563241E+02
     0.417197481E+02
     0.490530229E+02
     0.608143261E+02
     0.666900812E+02
     0.843139187E+02
     0.107797803E+03
     0.100460439E+03
     0.107794580E+03
     0.120603593E+03
     0.126998884E+03
     0.146180445E+03
     0.171728097E+03
     0.163747308E+03
     0.171724027E+03
     0.185970554E+03
     0.193077917E+03
     0.214394228E+03
     0.242767844E+03
     0.233906241E+03
     0.242762358E+03
     0.258228081E+03
     0.265936389E+03
     0.289054108E+03
     0.319803182E+03
     0.310202292E+03
     0.319796302E+03
     0.336347769E+03
     0.344588196E+03
     0.369300866E+03
     0.402143688E+03
     0.391892330E+03
     0.402135409E+03
     0.419673444E+03
     0.428394165E+03
     0.454546328E+03
     0.489268790E+03
     0.478434703E+03
     0.489259102E+03
     0.507702340E+03
     0.516860270E+03
     0.544322702E+03
     0.580745201E+03
     0.569385400E+03
     0.580734091E+03
     0.600011106E+03
     0.609567931E+03
     0.638225736E+03
     0.676187204E+03
     0.664352978E+03
     0.676174665E+03
     0.696220409E+03
     0.706140759E+03
     0.735887889E+03
     0.775238342E+03
     0.762977601E+03
     0.775224371E+03
     0.795979178E+03
     0.806230038E+03
     0.836967543E+03
     0.877565500E+03
     0.864923614E+03
     0.877550101E+03
     0.897613978E+03
     0.907510470E+03
     0.937186680E+03
     0.976342083E+03
     0.964154565E+03
     0.976328275E+03
     0.995173289E+03
     0.100446044E+04
     0.103231122E+04
     0.106903248E+04
     0.105760600E+04
     0.106902111E+04
     0.108591925E+04
     0.109424639E+04
     0.111922035E+04
     0.115214611E+04
     0.114190126E+04
     0.115213798E+04
     0.116944810E+04
     0.117796174E+04
     0.120349488E+04
     0.123710697E+04
     0.122665477E+04
     0.123709825E+04
     0.125609752E+04
     0.126540845E+04
     0.129333141E+04
     0.132998702E+04
     0.131860071E+04
     0.132997547E+04
     0.135016467E+04
     0.136002067E+04
     0.138957754E+04
     0.142826134E+04
     0.141625915E+04
     0.142824749E+04
     0.144922593E+04
     0.145942376E+04
     0.149000572E+04
     0.152989759E+04
     0.151753687E+04
     0.152988209E+04
     0.155125865E+04
     0.156160103E+04
     0.159261734E+04
     0.163292472E+04
     0.162045384E+04
     0.163290843E+04
     0.165428783E+04
     0.166457711E+04
     0.169543601E+04
     0.173536983E+04
     0.172303548E+04
     0.173535374E+04
     0.175634680E+04
     0.176638988E+04
     0.179651314E+04
     0.183530649E+04
     0.182334798E+04
     0.183529163E+04
     0.185553410E+04
     0.186515087E+04
     0.189399893E+04
     0.193093750E+04
     0.191957757E+04
     0.193092479E+04
     0.195008992E+04
     0.195911797E+04
     0.198620407E+04
     0.202064026E+04
     0.201008126E+04
     0.202063042E+04
     0.203842603E+04
     0.204671744E+04
     0.207159803E+04
     0.210293283E+04
     0.209336303E+04
     0.210292638E+04
     0.211832776E+04
     0.212542372E+04
     0.214672091E+04
     0.217327506E+04
     0.216520043E+04
     0.217327293E+04
     0.218598770E+04
     0.219176528E+04
     0.220910841E+04
     0.223045716E+04
     0.222400199E+04
     0.223045849E+04
     0.224067656E+04
     0.224521905E+04
     0.225885714E+04
     0.227529729E+04
     0.227037297E+04
     0.227530105E+04
     0.228308763E+04
     0.228642095E+04
     0.229643109E+04
     0.230804498E+04
     0.230462818E+04
     0.230805048E+04
     0.231341356E+04
     0.231553717E+04
     0.232191718E+04
     0.232868798E+04
     0.232678560E+04
     0.232869470E+04
     0.233161449E+04
     0.233251504E+04
     0.233522449E+04
     0.233708791E+04
     0.233672124E+04
     0.233709542E+04
     0.233753985E+04
     0.233719857E+04
     0.233618082E+04
     0.233305335E+04
     0.233424942E+04
     0.233306128E+04
     0.233099512E+04
     0.232939218E+04
     0.232458760E+04
     0.231638364E+04
     0.231916986E+04
     0.231639167E+04
     0.231177407E+04
     0.230888534E+04
     0.230022145E+04
     0.228683360E+04
     0.229124478E+04
     0.228684149E+04
     0.227962947E+04
     0.227543175E+04
     0.226283894E+04
     0.224417014E+04
     0.225023708E+04
     0.224417767E+04
     0.223433635E+04
     0.222881149E+04
     0.221223539E+04
     0.218821208E+04
     0.219595782E+04
     0.218821906E+04
     0.217572423E+04
     0.216886002E+04
     0.214826416E+04
     0.211883875E+04
     0.212827795E+04
     0.211884503E+04
     0.210368521E+04
     0.209547650E+04
     0.207084559E+04
     0.203600082E+04
     0.204713842E+04
     0.203600629E+04
     0.201818469E+04
     0.200863431E+04
     0.197997715E+04
     0.193972991E+04
     0.195255993E+04
     0.193973453E+04
     0.191927084E+04
     0.190839052E+04
     0.187574266E+04
     0.183014755E+04
     0.184465199E+04
     0.183015133E+04
     0.180708363E+04
     0.179489499E+04
     0.175832154E+04
     0.170747448E+04
     0.172362219E+04
     0.170747744E+04
     0.168186449E+04
     0.166840004E+04
     0.162799894E+04
     0.157204141E+04
     0.158978682E+04
     0.157204365E+04
     0.154396765E+04
     0.152927226E+04
     0.148517847E+04
     0.142430306E+04
     0.144358439E+04
     0.142430469E+04
     0.139387516E+04
     0.137800794E+04
     0.133039915E+04
     0.126485710E+04
     0.128559406E+04
     0.126485826E+04
     0.123221740E+04
     0.121525439E+04
     0.116435907E+04
     0.109447108E+04
     0.111656146E+04
     0.109447193E+04
     0.105980232E+04
     0.104184040E+04
     0.987949517E+03
     0.914121383E+03
     0.937436191E+03
     0.914122105E+03
     0.877658339E+03
     0.858821090E+03
     0.802305674E+03
     0.725051953E+03
     0.749427951E+03
     0.725052706E+03
     0.687099628E+03
     0.667546613E+03
     0.608885537E+03
     0.528866967E+03
     0.554094955E+03
     0.528867900E+03
     0.489831522E+03
     0.469773990E+03
     0.409601085E+03
     0.327688162E+03
     0.353493010E+03
     0.327689383E+03
     0.288134766E+03
     0.267865133E+03
     0.207057581E+03
     0.124449997E+03
     0.150453127E+03
     0.124451549E+03
     0.852289468E+02
     0.651851401E+02
     0.505641619E+01
    -0.764558713E+02
    -0.508185345E+02
    -0.764540481E+02
    -0.113853798E+03
    -0.132906878E+03
    -0.190062755E+03
    -0.267362434E+03
    -0.243072206E+03
    -0.267360578E+03
    -0.305014339E+03
    -0.324165159E+03
    -0.381613290E+03
    -0.459209154E+03
    -0.434837915E+03
    -0.459206970E+03
    -0.503110035E+03
    -0.525459903E+03
    -0.592501285E+03
    -0.683110573E+03
    -0.654645422E+03
    -0.683106583E+03
    -0.733021666E+03
    -0.758436523E+03
    -0.834666828E+03
    -0.937697654E+03
    -0.905330095E+03
    -0.937690879E+03
    -0.993792560E+03
    -0.102234564E+04
    -0.110798126E+04
    -0.122367129E+04
    -0.118733336E+04
    -0.122366015E+04
    -0.128641076E+04
    -0.131831640E+04
    -0.141399507E+04
    -0.154313128E+04
    -0.150258493E+04
    -0.154311320E+04
    -0.161334700E+04
    -0.164899884E+04
    -0.175589231E+04
    -0.189994521E+04
    -0.185474229E+04
    -0.189991563E+04
    -0.197918572E+04
    -0.201932262E+04
    -0.213962947E+04
    -0.230137703E+04
    -0.225066848E+04
    -0.230132681E+04
    -0.239323078E+04
    -0.243957911E+04
    -0.257843231E+04
    -0.276440037E+04
    -0.270618635E+04
    -0.276430598E+04
    -0.285668083E+04
    -0.290291591E+04
    -0.304138310E+04
    -0.322567298E+04
    -0.316812655E+04
    -0.322555395E+04
    -0.330985173E+04
    -0.335168824E+04
    -0.347697142E+04
    -0.364260500E+04
    -0.359102049E+04
    -0.364249014E+04
    -0.371949094E+04
    -0.375737799E+04
    -0.387081938E+04
    -0.401975542E+04
    -0.397349999E+04
    -0.401964233E+04
    -0.408954825E+04
    -0.412361695E+04
    -0.422560736E+04
    -0.435845291E+04
    -0.431732635E+04
    -0.435834047E+04
    -0.442109478E+04
    -0.445133002E+04
    -0.454182223E+04
    -0.465855029E+04
    -0.462255667E+04
    -0.465843767E+04
    -0.471364344E+04
    -0.473985504E+04
    -0.481827862E+04
    -0.491815336E+04
    -0.488751963E+04
    -0.491804079E+04
    -0.496513631E+04
    -0.498705016E+04
    -0.505258392E+04
    -0.513453225E+04
    -0.510959109E+04
    -0.513442048E+04
    -0.517277356E+04
    -0.519007844E+04
    -0.524179021E+04
    -0.530458591E+04
    -0.528571851E+04
    -0.530447587E+04
    -0.533339786E+04
    -0.534575252E+04
    -0.538262018E+04
    -0.542491182E+04
    -0.541253916E+04
    -0.542480460E+04
    -0.544354820E+04
    -0.545057952E+04
    -0.547148559E+04
    -0.549178696E+04
    -0.548637306E+04
    -0.549168374E+04
    -0.549942311E+04
    -0.550071444E+04
    -0.550441090E+04
    -0.550104867E+04
    -0.550311767E+04
    -0.550095075E+04
    -0.549673224E+04
    -0.549179494E+04
    -0.547681797E+04
    -0.544780615E+04
    -0.545798295E+04
    -0.544771492E+04
    -0.543034541E+04
    -0.541855453E+04
    -0.538303155E+04
    -0.532578799E+04
    -0.534489011E+04
    -0.532570498E+04
    -0.529347738E+04
    -0.527391267E+04
    -0.521508532E+04
    -0.512572825E+04
    -0.515499396E+04
    -0.512565522E+04
    -0.507551516E+04
    -0.504647188E+04
    -0.495922883E+04
    -0.483039648E+04
    -0.487219377E+04
    -0.483033574E+04
    -0.475909402E+04
    -0.471896929E+04
    -0.459852235E+04
    -0.442383468E+04
    -0.448015720E+04
    -0.442379862E+04
    -0.433518954E+04
    -0.428658690E+04
    -0.414077481E+04
    -0.393300351E+04
    -0.399957484E+04
    -0.393300746E+04
    -0.383459028E+04
    -0.378181327E+04
    -0.362352948E+04
    -0.340146288E+04
    -0.347221488E+04
    -0.385303675E+04
    -0.381069492E+04
    -0.368369414E+04
    -0.350706726E+04
    -0.356315998E+04
    -0.350708452E+04
    -0.341398809E+04
    -0.336498625E+04
    -0.321803124E+04
    -0.301453242E+04
    -0.307905585E+04
    -0.342699566E+04
    -0.338513496E+04
    -0.325958477E+04
    -0.308657956E+04
    -0.314133305E+04
    -0.308660039E+04
    -0.299734605E+04
    -0.295090570E+04
    -0.281163189E+04
    -0.262035879E+04
    -0.268081757E+04
    -0.300987230E+04
    -0.297016791E+04
    -0.285108461E+04
    -0.268817795E+04
    -0.273959413E+04
    -0.268819702E+04
    -0.260458032E+04
    -0.256144496E+04
    -0.243207794E+04
    -0.225551330E+04
    -0.231119119E+04
    -0.261997881E+04
    -0.258498606E+04
    -0.248002891E+04
    -0.233736514E+04
    -0.238228220E+04
    -0.233737847E+04
    -0.226364661E+04
    -0.222588882E+04
    -0.211264188E+04
    -0.195890652E+04
    -0.200728584E+04
    -0.195892313E+04
    -0.187689608E+04
    -0.183492996E+04
    -0.170906739E+04
    -0.153833462E+04
    -0.159204752E+04
    -0.153835702E+04
    -0.144669506E+04
    -0.139984524E+04
    -0.125934448E+04
    -0.106890513E+04
    -0.112879983E+04
    -0.106893556E+04
    -0.969030783E+03
    -0.918052979E+03
    -0.765180771E+03
    -0.558242013E+03
    -0.623293563E+03
    -0.558280174E+03
    -0.451196837E+03
    -0.396667586E+03
    -0.233152814E+03
    -0.121568173E+02
    -0.815851921E+02
    -0.122022529E+02
     0.101147358E+03
     0.158737917E+03
     0.331425782E+03
     0.564415371E+03
     0.491267900E+03
     0.564363251E+03
     0.683121279E+03
     0.743317429E+03
     0.923812376E+03
     0.116689248E+04
     0.109063069E+04
     0.116683439E+04
     0.129015097E+04
     0.135250642E+04
     0.153947091E+04
     0.179079351E+04
     0.171200288E+04
     0.179073028E+04
     0.191774042E+04
     0.198180578E+04
     0.217389312E+04
     0.243161199E+04
     0.235087571E+04
     0.243154455E+04
     0.256135653E+04
     0.262667298E+04
     0.282250832E+04
     0.308475203E+04
     0.300265967E+04
     0.308468140E+04
     0.321637113E+04
     0.328246733E+04
     0.348063839E+04
     0.374549717E+04
     0.366264886E+04
     0.374542444E+04
     0.387803266E+04
     0.394442333E+04
     0.414347609E+04
     0.440899587E+04
     0.432600419E+04
     0.440892220E+04
     0.454145262E+04
     0.460763770E+04
     0.480607391E+04
     0.507025340E+04
     0.498774424E+04
     0.507017998E+04
     0.520268973E+04
     0.526869575E+04
     0.546659397E+04
     0.572953009E+04
     0.564747411E+04
     0.572945633E+04
     0.586096808E+04
     0.592630529E+04
     0.612219801E+04
     0.638193277E+04
     0.630094206E+04
     0.638185978E+04
     0.651133014E+04
     0.657547986E+04
     0.676781296E+04
     0.702228584E+04
     0.694300292E+04
     0.702221481E+04
     0.714855344E+04
     0.721097842E+04
     0.739814202E+04
     0.764523337E+04
     0.756831738E+04
     0.764516552E+04
     0.776721961E+04
     0.782735741E+04
     0.800766622E+04
     0.824517482E+04
     0.817130806E+04
     0.824511138E+04
     0.836163121E+04
     0.841887910E+04
     0.859052700E+04
     0.881611616E+04
     0.874602011E+04
     0.881605840E+04
     0.892561827E+04
     0.897929753E+04
     0.914025062E+04
     0.935131757E+04
     0.928579223E+04
     0.935126684E+04
     0.945206205E+04
     0.950132440E+04
     0.964904050E+04
     0.984236748E+04
     0.978239732E+04
     0.984232535E+04
     0.993151441E+04
     0.997503356E+04
     0.101055376E+05
     0.102761237E+05
     0.102232348E+05
     0.102760923E+05
     0.103618688E+05
     0.104035644E+05
     0.105285992E+05
     0.106915291E+05
     0.106410775E+05
     0.106914988E+05
     0.107841374E+05
     0.108287716E+05
     0.109626015E+05
     0.111356958E+05
     0.110822596E+05
     0.111356538E+05
     0.112314750E+05
     0.112771090E+05
     0.114139179E+05
     0.115891127E+05
     0.115352500E+05
     0.115890597E+05
     0.116852147E+05
     0.117302400E+05
     0.118652011E+05
     0.120354836E+05
     0.119834571E+05
     0.120354197E+05
     0.121291139E+05
     0.121717876E+05
     0.122996677E+05
     0.124569736E+05
     0.124094372E+05
     0.124568973E+05
     0.125455124E+05
     0.125836656E+05
     0.126979391E+05
     0.128308556E+05
     0.127917098E+05
     0.128307598E+05
     0.129117591E+05
     0.129408199E+05
     0.130276820E+05
     0.131073537E+05
     0.130869034E+05
     0.129034642E+05
     0.129306039E+05
     0.130117901E+05
     0.130909658E+05
     0.130697998E+05
     0.130908555E+05
     0.131220857E+05
     0.131280471E+05
     0.131457715E+05
     0.131390378E+05
     0.131448791E+05
     0.131187072E+05
     0.131249571E+05
     0.131435928E+05
     0.131443201E+05
     0.131470604E+05
     0.131442747E+05
     0.131376382E+05
     0.131264266E+05
     0.130927075E+05
     0.130229905E+05
     0.130478231E+05
     0.130229621E+05
     0.129826932E+05
     0.129551680E+05
     0.128725269E+05
     0.127391886E+05
     0.127837037E+05
     0.127391660E+05
     0.126671302E+05
     0.126238687E+05
     0.124940132E+05
     0.122981939E+05
     0.123621744E+05
     0.122981624E+05
     0.121974608E+05
     0.121402661E+05
     0.119685944E+05
     0.117182727E+05
     0.117991286E+05
     0.117182238E+05
     0.115920789E+05
     0.115225726E+05
     0.113139417E+05
     0.110156180E+05
     0.111113147E+05
     0.110155463E+05
     0.108669388E+05
     0.107865789E+05
     0.105453582E+05
     0.102047522E+05
     0.103135153E+05
     0.102046552E+05
     0.100365207E+05
     0.994674811E+04
     0.967725981E+04
     0.930004849E+04
     0.942011464E+04
     0.929992626E+04
     0.911515286E+04
     0.901738876E+04
     0.872389856E+04
     0.831569822E+04
     0.844532141E+04
     0.831555300E+04
     0.811696066E+04
     0.801259573E+04
     0.769928038E+04
     0.726560180E+04
     0.740306748E+04
     0.726543742E+04
     0.705576980E+04
     0.694616134E+04
     0.661709882E+04
     0.616333683E+04
     0.630696486E+04
     0.616315822E+04
     0.594510354E+04
     0.583158737E+04
     0.549079222E+04
     0.502227706E+04
     0.517040506E+04
     0.502208984E+04
     0.479834123E+04
     0.468226372E+04
     0.433378265E+04
     0.385591293E+04
     0.400685406E+04
     0.385572312E+04
     0.362909265E+04
     0.351186997E+04
     0.315995942E+04
     0.267844571E+04
     0.283041172E+04
     0.267825961E+04
     0.245187880E+04
     0.233510047E+04
     0.198453728E+04
     0.150582651E+04
     0.165679382E+04
     0.150565068E+04
     0.128334980E+04
     0.116897423E+04
     0.825642628E+03
     0.357719321E+03
     0.505176401E+03
     0.130624255E+04
     0.120394401E+04
     0.896900637E+03
     0.479357444E+03
     0.610829739E+03
     0.479242842E+03
     0.267114399E+03
     0.158266252E+03
    -0.168448571E+03
    -0.612821681E+03
    -0.472892892E+03
     0.295636888E+03
     0.201748898E+03
    -0.800254108E+02
    -0.462269214E+03
    -0.342022691E+03
    -0.462355158E+03
    -0.657792156E+03
    -0.757772675E+03
    -0.105784239E+04
    -0.146504005E+04
    -0.133692803E+04
    -0.146513991E+04
    -0.166266546E+04
    -0.176364463E+04
    -0.206670939E+04
    -0.247775728E+04
    -0.234845961E+04
    -0.247785657E+04
    -0.270268297E+04
    -0.281786134E+04
    -0.316357731E+04
    -0.363322996E+04
    -0.348540903E+04
    -0.363337084E+04
    -0.388222303E+04
    -0.400990759E+04
    -0.439319661E+04
    -0.491451113E+04
    -0.475035778E+04
    -0.491469429E+04
    -0.518601852E+04
    -0.532540634E+04
    -0.574386156E+04
    -0.631354888E+04
    -0.613410088E+04
    -0.631377580E+04
    -0.660679424E+04
    -0.675748528E+04
    -0.720990887E+04
    -0.782633861E+04
    -0.763210972E+04
    -0.782661109E+04
    -0.814100504E+04
    -0.830283867E+04
    -0.878875142E+04
    -0.945128222E+04
    -0.924247335E+04
    -0.945160229E+04
    -0.978735979E+04
    -0.996033585E+04
    -0.104797401E+05
    -0.111883949E+05
    -0.109649966E+05
    -0.111887647E+05
    -0.115460999E+05
    -0.117303366E+05
    -0.122835901E+05
    -0.130388823E+05
    -0.128007300E+05
    -0.130393043E+05
    -0.134186114E+05
    -0.136143213E+05
    -0.142020650E+05
    -0.150048990E+05
    -0.147517041E+05
    -0.150053756E+05
    -0.154072015E+05
    -0.156146769E+05
    -0.162377909E+05
    -0.170894014E+05
    -0.168207708E+05
    -0.170899353E+05
    -0.175149618E+05
    -0.177345654E+05
    -0.183941419E+05
    -0.192960554E+05
    -0.190115037E+05
    -0.192966493E+05
    -0.197456822E+05
    -0.199778415E+05
    -0.206751664E+05
    -0.216291759E+05
    -0.213281334E+05
    -0.216298329E+05
    -0.221037943E+05
    -0.223489970E+05
    -0.230855382E+05
    -0.240936872E+05
    -0.237755049E+05
    -0.240944102E+05
    -0.245943338E+05
    -0.248531259E+05
    -0.256305252E+05
    -0.266950962E+05
    -0.263590498E+05
    -0.266958886E+05
    -0.272229163E+05
    -0.274958999E+05
    -0.283159684E+05
    -0.294394761E+05
    -0.290847677E+05
    -0.294403414E+05
    -0.299957218E+05
    -0.302835545E+05
    -0.311482696E+05
    -0.323334572E+05
    -0.319592167E+05
    -0.323343990E+05
    -0.329194865E+05
    -0.332228807E+05
    -0.341343849E+05
    -0.353842224E+05
    -0.349895083E+05
    -0.353852447E+05
    -0.360014997E+05
    -0.363212229E+05
    -0.372818244E+05
    -0.385995091E+05
    -0.381833077E+05
    -0.386006159E+05
    -0.392496057E+05
    -0.395864808E+05
    -0.405986545E+05
    -0.419876134E+05
    -0.415488386E+05
    -0.419888090E+05
    -0.426722090E+05
    -0.430271157E+05
    -0.440935061E+05
    -0.455573989E+05
    -0.450948911E+05
    -0.455586880E+05
    -0.462782845E+05
    -0.466521597E+05
    -0.477755843E+05
    -0.493183090E+05
    -0.488308330E+05
    -0.493196964E+05
    -0.500773887E+05
    -0.504712284E+05
    -0.516546823E+05
    -0.532803813E+05
    -0.527666248E+05
    -0.532818720E+05
    -0.540796761E+05
    -0.544945374E+05
    -0.557411982E+05
    -0.574542656E+05
    -0.569128367E+05
    -0.574558652E+05
    -0.582959175E+05
    -0.587329198E+05
    -0.600461545E+05
    -0.618512448E+05
    -0.612806690E+05
    -0.618529589E+05
    -0.627375206E+05
    -0.631978489E+05
    -0.645812199E+05
    -0.664832579E+05
    -0.658819754E+05
    -0.664850925E+05
    -0.674165543E+05
    -0.679014612E+05
    -0.693587348E+05
    -0.713629260E+05
    -0.707292880E+05
    -0.713648875E+05
    -0.723457751E+05
    -0.728565836E+05
    -0.743917383E+05
    -0.765035811E+05
    -0.758358461E+05
    -0.765056762E+05
    -0.775386560E+05
    -0.780767630E+05
    -0.796939985E+05
    -0.819192969E+05
    -0.812156267E+05
    -0.819215327E+05
    -0.830094183E+05
    -0.835762974E+05
    -0.852800449E+05
    -0.876249228E+05
    -0.868833778E+05
    -0.876273068E+05
    -0.887730655E+05
    -0.893702711E+05
    -0.911652041E+05
    -0.936361198E+05
    -0.928546547E+05
    -0.936386599E+05
    -0.948454204E+05
    -0.954745912E+05
    -0.973656371E+05
    -0.999693998E+05
    -0.991458579E+05
    -0.999721044E+05
    -0.101243164E+06
    -0.101906028E+06
    -0.103898380E+06
    -0.106642167E+06
    -0.105774275E+06
    -0.106645045E+06
    -0.107983879E+06
    -0.108682255E+06
    -0.110781387E+06
    -0.113672762E+06
    -0.112758125E+06
    -0.113675822E+06
    -0.115086092E+06
    -0.115821898E+06
    -0.118033577E+06
    -0.121080508E+06
    -0.120116602E+06
    -0.121083761E+06
    -0.122569323E+06
    -0.123344581E+06
    -0.125674880E+06
    -0.128885764E+06
    -0.127869930E+06
    -0.128889220E+06
    -0.130454137E+06
    -0.131270973E+06
    -0.133726293E+06
    -0.137109973E+06
    -0.136039409E+06
    -0.137113643E+06
    -0.138762193E+06
    -0.139622850E+06
    -0.142209930E+06
    -0.145775722E+06
    -0.144647478E+06
    -0.145779616E+06
    -0.147516307E+06
    -0.148423145E+06
    -0.151149083E+06
    -0.154906797E+06
    -0.153717767E+06
    -0.154910929E+06
    -0.156740504E+06
    -0.157696010E+06
    -0.160568282E+06
    -0.164528251E+06
    -0.163275161E+06
    -0.164532633E+06
    -0.166460089E+06
    -0.167466880E+06
    -0.170493359E+06
    -0.174666463E+06
    -0.173345867E+06
    -0.174671109E+06
    -0.176701709E+06
    -0.177762542E+06
    -0.180951516E+06
    -0.185349215E+06
    -0.183957484E+06
    -0.185354139E+06
    -0.187493421E+06
    -0.188611200E+06
    -0.191971399E+06
    -0.196605759E+06
    -0.195139070E+06
    -0.196610976E+06
    -0.198864774E+06
    -0.200042554E+06
    -0.203583170E+06
    -0.208466897E+06
    -0.206921226E+06
    -0.208472423E+06
    -0.210846879E+06
    -0.212087880E+06
    -0.215818589E+06
    -0.220965062E+06
    -0.219336171E+06
    -0.220970915E+06
    -0.223472495E+06
    -0.224780105E+06
    -0.228711099E+06
    -0.234134406E+06
    -0.232417833E+06
    -0.234140602E+06
    -0.236776115E+06
    -0.238153903E+06
    -0.242295911E+06
    -0.248010886E+06
    -0.246201932E+06
    -0.248017445E+06
    -0.250794059E+06
    -0.252245780E+06
    -0.256610101E+06
    -0.262632363E+06
    -0.260726080E+06
    -0.262639303E+06
    -0.265564565E+06
    -0.267094177E+06
    -0.271692704E+06
    -0.278038699E+06
    -0.276029878E+06
    -0.278046042E+06
    -0.281127898E+06
    -0.282739565E+06
    -0.287584822E+06
    -0.294271866E+06
    -0.292155021E+06
    -0.294279633E+06
    -0.297526448E+06
    -0.299224555E+06
    -0.304329729E+06
    -0.311376054E+06
    -0.309145410E+06
    -0.311384269E+06
    -0.314804851E+06
    -0.316594015E+06
    -0.321972988E+06
    -0.329397790E+06
    -0.327047267E+06
    -0.329406478E+06
    -0.333010099E+06
    -0.334895181E+06
    -0.340562570E+06
    -0.348386061E+06
    -0.345909256E+06
    -0.348395246E+06
    -0.352191670E+06
    -0.354177787E+06
    -0.360148981E+06
    -0.368392443E+06
    -0.365782613E+06
    -0.368402153E+06
    -0.372401655E+06
    -0.374494196E+06
    -0.380785399E+06
    -0.389471237E+06
    -0.386721285E+06
    -0.389481500E+06
    -0.393694902E+06
    -0.395899539E+06
    -0.402527809E+06
    -0.411679613E+06
    -0.408782066E+06
    -0.411690459E+06
    -0.416123612E+06
    -0.418443289E+06
    -0.425417441E+06
    -0.435047009E+06
    -0.431998174E+06
    -0.435058427E+06
    -0.439716629E+06
    -0.442153981E+06
    -0.449481897E+06
    -0.459599678E+06
    -0.456396296E+06
    -0.459611652E+06
    -0.464506149E+06
    -0.467067056E+06
    -0.474766417E+06
    -0.485396811E+06
    -0.482031157E+06
    -0.485409369E+06
    -0.490551969E+06
    -0.493242606E+06
    -0.501331974E+06
    -0.512500601E+06
    -0.508964565E+06
    -0.512513772E+06
    -0.517916860E+06
    -0.520743705E+06
    -0.529242553E+06
    -0.540976289E+06
    -0.537261363E+06
    -0.540990104E+06
    -0.546666675E+06
    -0.549636522E+06
    -0.558565278E+06
    -0.570892317E+06
    -0.566989575E+06
    -0.570906808E+06
    -0.576870492E+06
    -0.579990470E+06
    -0.589370564E+06
    -0.602320484E+06
    -0.598220564E+06
    -0.602335685E+06
    -0.608600784E+06
    -0.611878370E+06
    -0.621732285E+06
    -0.635336115E+06
    -0.631029193E+06
    -0.635352062E+06
    -0.641933576E+06
    -0.645376616E+06
    -0.655727936E+06
    -0.670018230E+06
    -0.665494000E+06
    -0.670034959E+06
    -0.676948626E+06
    -0.680565351E+06
    -0.691438819E+06
    -0.706449727E+06
    -0.701697379E+06
    -0.706467278E+06
    -0.713729610E+06
    -0.717528652E+06
    -0.728950226E+06
    -0.744717577E+06
    -0.739725767E+06
    -0.744735991E+06
    -0.752364307E+06
    -0.756354726E+06
    -0.768351638E+06
    -0.784913018E+06
    -0.779669849E+06
    -0.784932338E+06
    -0.792944810E+06
    -0.797136109E+06
    -0.809736929E+06
    -0.827131771E+06
    -0.821624759E+06
    -0.827152042E+06
    -0.835567734E+06
    -0.839969883E+06
    -0.853204583E+06
    -0.871474256E+06
    -0.865690304E+06
    -0.871495525E+06
    -0.880334437E+06
    -0.884957894E+06
    -0.898857919E+06
    -0.918045826E+06
    -0.911971193E+06
    -0.918068143E+06
    -0.927351256E+06
    -0.932206995E+06
    -0.946805332E+06
    -0.966957006E+06
    -0.960577279E+06
    -0.966980424E+06
    -0.976729750E+06
    -0.981829282E+06
    -0.997160542E+06
    -0.101832375E+07
    -0.101162381E+07
    -0.101834833E+07
    -0.102858696E+07
    -0.103394236E+07
    -0.105004285E+07
    -0.107226772E+07
    -0.106523169E+07
    -0.107229350E+07
    -0.108304567E+07
    -0.108866961E+07
    -0.110557742E+07
    -0.112891652E+07
    -0.112152776E+07
    -0.112894358E+07
    -0.114023469E+07
    -0.114614047E+07
    -0.116389557E+07
    -0.118840406E+07
    -0.118064511E+07
    -0.118843245E+07
    -0.120028918E+07
    -0.120649074E+07
    -0.122513505E+07
    -0.125087081E+07
    -0.124272335E+07
    -0.125090060E+07
    -0.126335092E+07
    -0.126986289E+07
    -0.128944040E+07
    -0.131646413E+07
    -0.130790894E+07
    -0.131649540E+07
    -0.132956866E+07
    -0.133640639E+07
    -0.135696324E+07
    -0.138533865E+07
    -0.137635555E+07
    -0.138537146E+07
    -0.139909844E+07
    -0.140627803E+07
    -0.142786263E+07
    -0.145765654E+07
    -0.144822439E+07
    -0.145769098E+07
    -0.147210399E+07
    -0.147964233E+07
    -0.150230548E+07
    -0.153358800E+07
    -0.152368460E+07
    -0.153362413E+07
    -0.154875706E+07
    -0.155667189E+07
    -0.158046686E+07
    -0.161331154E+07
    -0.160291360E+07
    -0.161334946E+07
    -0.162923785E+07
    -0.163754775E+07
    -0.166253045E+07
    -0.169701445E+07
    -0.168609756E+07
    -0.169705425E+07
    -0.171373540E+07
    -0.172245989E+07
    -0.174868896E+07
    -0.178489324E+07
    -0.177343175E+07
    -0.178493500E+07
    -0.180244804E+07
    -0.181160757E+07
    -0.183914455E+07
    -0.187715403E+07
    -0.186512106E+07
    -0.187719786E+07
    -0.189558384E+07
    -0.190519989E+07
    -0.193410931E+07
    -0.197401310E+07
    -0.196138044E+07
    -0.197405909E+07
    -0.199336108E+07
    -0.200345616E+07
    -0.203380574E+07
    -0.207569731E+07
    -0.206243537E+07
    -0.207574558E+07
    -0.209600875E+07
    -0.210660650E+07
    -0.213846729E+07
    -0.218244470E+07
    -0.216852243E+07
    -0.218249535E+07
    -0.220376710E+07
    -0.221489232E+07
    -0.224833883E+07
    -0.229450497E+07
    -0.227988980E+07
    -0.229455812E+07
    -0.231688817E+07
    -0.232856686E+07
    -0.236367729E+07
    -0.241214008E+07
    -0.239679784E+07
    -0.241219586E+07
    -0.243563637E+07
    -0.244789581E+07
    -0.248475218E+07
    -0.253562485E+07
    -0.251951970E+07
    -0.253568340E+07
    -0.256028909E+07
    -0.257315790E+07
    -0.261184626E+07
    -0.266524761E+07
    -0.264834193E+07
    -0.266530904E+07
    -0.269113733E+07
    -0.270464553E+07
    -0.274525616E+07
    -0.280131080E+07
    -0.278356515E+07
    -0.280137527E+07
    -0.282848637E+07
    -0.284266548E+07
    -0.288529307E+07
    -0.294413173E+07
    -0.292550472E+07
    -0.294419939E+07
    -0.297265648E+07
    -0.298753954E+07
    -0.303228345E+07
    -0.309404328E+07
    -0.307449149E+07
    -0.309411429E+07
    -0.312398365E+07
    -0.313960532E+07
    -0.318656977E+07
    -0.325139466E+07
    -0.323087252E+07
    -0.325146917E+07
    -0.328282033E+07
    -0.329921699E+07
    -0.334851132E+07
    -0.341655219E+07
    -0.339501193E+07
    -0.341663039E+07
    -0.344953629E+07
    -0.346674608E+07
    -0.351848499E+07
    -0.358990019E+07
    -0.356729168E+07
    -0.358998225E+07
    -0.362451941E+07
    -0.364258235E+07
    -0.369688617E+07
    -0.377184181E+07
    -0.374811246E+07
    -0.377192793E+07
    -0.380817661E+07
    -0.382713470E+07
    -0.388412965E+07
    -0.396279998E+07
    -0.393789462E+07
    -0.396289035E+07
    -0.400093476E+07
    -0.402083204E+07
    -0.408065054E+07
    -0.416321836E+07
    -0.413707912E+07
    -0.416331320E+07
    -0.420324166E+07
    -0.422412434E+07
    -0.428690529E+07
    -0.437356238E+07
    -0.434612853E+07
    -0.437366190E+07
    -0.441556708E+07
    -0.443748362E+07
    -0.450337275E+07
    -0.459432025E+07
    -0.456552813E+07
    -0.459442470E+07
    -0.463840379E+07
    -0.466140504E+07
    -0.473055520E+07
    -0.482600416E+07
    -0.479578693E+07
    -0.482611376E+07
    -0.487226874E+07
    -0.489640803E+07
    -0.496897958E+07
    -0.506915134E+07
    -0.503743894E+07
    -0.506926636E+07
    -0.511770419E+07
    -0.514303747E+07
    -0.521919861E+07
    -0.532432541E+07
    -0.529104431E+07
    -0.532444610E+07
    -0.537527897E+07
    -0.540186494E+07
    -0.548179212E+07
    -0.559211755E+07
    -0.555719062E+07
    -0.559224420E+07
    -0.564558981E+07
    -0.567349003E+07
    -0.575736834E+07
    -0.587314792E+07
    -0.583649427E+07
    -0.587328082E+07
    -0.592926263E+07
    -0.595854168E+07
    -0.604656528E+07
    -0.616806705E+07
    -0.612960182E+07
    -0.616820652E+07
    -0.622695402E+07
    -0.625767965E+07
    -0.635005220E+07
    -0.647755733E+07
    -0.643719150E+07
    -0.647770368E+07
    -0.653935273E+07
    -0.657159599E+07
    -0.666853113E+07
    -0.680233455E+07
    -0.675997474E+07
    -0.680248812E+07
    -0.686718121E+07
    -0.690101664E+07
    -0.700273846E+07
    -0.714314954E+07
    -0.709869781E+07
    -0.714331070E+07
    -0.721119728E+07
    -0.724670308E+07
    -0.735344663E+07
    -0.750078989E+07
    -0.745414349E+07
    -0.750095899E+07
    -0.757219586E+07
    -0.760945402E+07
    -0.772146587E+07
    -0.787608170E+07
    -0.782713286E+07
    -0.787625914E+07
    -0.795101073E+07
    -0.799010728E+07
    -0.810764605E+07
    -0.826989150E+07
    -0.821852718E+07
    -0.827007770E+07
    -0.834851650E+07
    -0.838954167E+07
    -0.851287863E+07
    -0.868312820E+07
    -0.862922984E+07
    -0.868332358E+07
    -0.876563052E+07
    -0.880867896E+07
    -0.893809864E+07
    -0.911674516E+07
    -0.906018838E+07
    -0.911695018E+07
    -0.920331501E+07
    -0.924848599E+07
    -0.938428684E+07
    -0.957174235E+07
    -0.951239669E+07
    -0.957195747E+07
    -0.966257924E+07
    -0.970997688E+07
    -0.985247193E+07
    -0.100491686E+08
    -0.998689724E+07
    -0.100493943E+08
    -0.101444818E+08
    -0.101942153E+08
    -0.103437329E+08
    -0.105501240E+08
    -0.104847834E+08
    -0.105503609E+08
    -0.106501330E+08
    -0.107023169E+08
    -0.108592014E+08
    -0.110757624E+08
    -0.110072021E+08
    -0.110760109E+08
    -0.111806974E+08
    -0.112354519E+08
    -0.114000645E+08
    -0.116272940E+08
    -0.115553561E+08
    -0.116275548E+08
    -0.117373965E+08
    -0.117948475E+08
    -0.119675670E+08
    -0.122059882E+08
    -0.121305070E+08
    -0.122062618E+08
    -0.123215113E+08
    -0.123817911E+08
    -0.125630148E+08
    -0.128131760E+08
    -0.127339780E+08
    -0.128134631E+08
    -0.129343854E+08
    -0.129976325E+08
    -0.131877772E+08
    -0.134502539E+08
    -0.133671568E+08
    -0.134505551E+08
    -0.135774281E+08
    -0.136437879E+08
    -0.138432906E+08
    -0.141186861E+08
    -0.140314990E+08
    -0.141190022E+08
    -0.142521173E+08
    -0.143217422E+08
    -0.145310613E+08
    -0.148200085E+08
    -0.147285309E+08
    -0.148203401E+08
    -0.149600030E+08
    -0.150330530E+08
    -0.152526691E+08
    -0.155558317E+08
    -0.154598535E+08
    -0.155561796E+08
    -0.157027108E+08
    -0.157793536E+08
    -0.160097710E+08
    -0.163278449E+08
    -0.162271458E+08
    -0.163282099E+08
    -0.164819456E+08
    -0.165623570E+08
    -0.168041044E+08
    -0.171378196E+08
    -0.170321685E+08
    -0.171382027E+08
    -0.172994954E+08
    -0.173838598E+08
    -0.176374916E+08
    -0.179876138E+08
    -0.178767682E+08
    -0.179880157E+08
    -0.181572352E+08
    -0.182457461E+08
    -0.185118438E+08
    -0.188791757E+08
    -0.187628815E+08
    -0.188795973E+08
    -0.190571313E+08
    -0.191499915E+08
    -0.194291649E+08
    -0.198145485E+08
    -0.196925391E+08
    -0.198149908E+08
    -0.200012459E+08
    -0.200986681E+08
    -0.203915567E+08
    -0.207958748E+08
    -0.206678707E+08
    -0.207963389E+08
    -0.209917414E+08
    -0.210939486E+08
    -0.214012230E+08
    -0.218254016E+08
    -0.216911096E+08
    -0.218258885E+08
    -0.220308855E+08
    -0.221381117E+08
    -0.224604750E+08
    -0.229054849E+08
    -0.227645977E+08
    -0.229059957E+08
    -0.231210562E+08
    -0.232335465E+08
    -0.235717363E+08
    -0.240385956E+08
    -0.238907908E+08
    -0.240391315E+08
    -0.242647469E+08
    -0.243827587E+08
    -0.247375481E+08
    -0.252273244E+08
    -0.250722640E+08
    -0.252278866E+08
    -0.254645726E+08
    -0.255883755E+08
    -0.259605752E+08
    -0.264743880E+08
    -0.263117175E+08
    -0.264749778E+08
    -0.267232748E+08
    -0.268531516E+08
    -0.272436120E+08
    -0.277826350E+08
    -0.276119828E+08
    -0.277832538E+08
    -0.280437286E+08
    -0.281799758E+08
    -0.285895882E+08
    -0.291550523E+08
    -0.289760288E+08
    -0.291557014E+08
    -0.294289484E+08
    -0.295718769E+08
    -0.300015761E+08
    -0.305947717E+08
    -0.304069682E+08
    -0.305954527E+08
    -0.308820949E+08
    -0.310320307E+08
    -0.314827966E+08
    -0.321050770E+08
    -0.319080651E+08
    -0.321057914E+08
    -0.324064821E+08
    -0.325637670E+08
    -0.330366272E+08
    -0.336894110E+08
    -0.334827415E+08
    -0.336901605E+08
    -0.340055847E+08
    -0.341705769E+08
    -0.346666088E+08
    -0.353513836E+08
    -0.351345856E+08
    -0.353521698E+08
    -0.356830456E+08
    -0.358561210E+08
    -0.363764540E+08
    -0.370947792E+08
    -0.368673589E+08
    -0.370956040E+08
    -0.374426843E+08
    -0.376242367E+08
    -0.381700551E+08
    -0.389235658E+08
    -0.386850055E+08
    -0.389244309E+08
    -0.392885052E+08
    -0.394789474E+08
    -0.400514927E+08
    -0.408419030E+08
    -0.405916600E+08
    -0.408428105E+08
    -0.412247061E+08
    -0.414244713E+08
    -0.420250449E+08
    -0.428541519E+08
    -0.425916572E+08
    -0.428551039E+08
    -0.432556883E+08
    -0.434652302E+08
    -0.440951966E+08
    -0.449648842E+08
    -0.446895413E+08
    -0.449658828E+08
    -0.453860654E+08
    -0.456058598E+08
    -0.462666494E+08
    -0.471788925E+08
    -0.468900761E+08
    -0.471799399E+08
    -0.476206741E+08
    -0.478512196E+08
    -0.485443319E+08
    -0.495012007E+08
    -0.491982554E+08
    -0.495022994E+08
    -0.499645844E+08
    -0.502064039E+08
    -0.509334105E+08
    -0.519370753E+08
    -0.516193140E+08
    -0.519382278E+08
    -0.524231111E+08
    -0.526767526E+08
    -0.534393010E+08
    -0.544920366E+08
    -0.541587389E+08
    -0.544932454E+08
    -0.550018250E+08
    -0.552678629E+08
    -0.560676802E+08
    -0.571718710E+08
    -0.568222820E+08
    -0.571731389E+08
    -0.577065655E+08
    -0.579856019E+08
    -0.588244981E+08
    -0.599826435E+08
    -0.596159719E+08
    -0.599839734E+08
    -0.605434532E+08
    -0.608361192E+08
    -0.617159916E+08
    -0.629307111E+08
    -0.625461274E+08
    -0.629321059E+08
    -0.635189032E+08
    -0.638258601E+08
    -0.647486971E+08
    -0.660227363E+08
    -0.656193714E+08
    -0.660241992E+08
    -0.666396390E+08
    -0.669615801E+08
    -0.679294657E+08
    -0.692657021E+08
    -0.688426447E+08
    -0.692672364E+08
    -0.699127072E+08
    -0.702503589E+08
    -0.712654773E+08
    -0.726669266E+08
    -0.722232220E+08
    -0.726685358E+08
    -0.733454928E+08
    -0.736996165E+08
    -0.747642565E+08
    -0.762340791E+08
    -0.757687266E+08
    -0.762357668E+08
    -0.769457350E+08
    -0.773171285E+08
    -0.784336888E+08
    -0.799751967E+08
    -0.794871477E+08
    -0.799769667E+08
    -0.807215442E+08
    -0.811110435E+08
    -0.822820375E+08
    -0.838987014E+08
    -0.833868569E+08
    -0.839005577E+08
    -0.846814188E+08
    -0.850899000E+08
    -0.863179618E+08
    -0.880134183E+08
    -0.874766269E+08
    -0.880153650E+08
    -0.888342645E+08
    -0.892626456E+08
    -0.905505347E+08
    -0.923285945E+08
    -0.917656498E+08
    -0.923306361E+08
    -0.931894123E+08
    -0.936386550E+08
    -0.949892633E+08
    -0.968539191E+08
    -0.962635567E+08
    -0.968560601E+08
    -0.977566390E+08
    -0.982277512E+08
    -0.996441082E+08
    -0.101599543E+09
    -0.100980439E+09
    -0.101601788E+09
    -0.102546188E+09
    -0.103040226E+09
    -0.104525505E+09
    -0.106576102E+09
    -0.105926868E+09
    -0.106578457E+09
    -0.107568791E+09
    -0.108086860E+09
    -0.109644388E+09
    -0.111794738E+09
    -0.111113921E+09
    -0.111797207E+09
    -0.112835691E+09
    -0.113378950E+09
    -0.115012209E+09
    -0.117267123E+09
    -0.116553199E+09
    -0.117269712E+09
    -0.118358666E+09
    -0.118928328E+09
    -0.120640967E+09
    -0.123005484E+09
    -0.122256857E+09
    -0.123008198E+09
    -0.124150051E+09
    -0.124747388E+09
    -0.126543230E+09
    -0.129022626E+09
    -0.128237627E+09
    -0.129025473E+09
    -0.130222770E+09
    -0.130849113E+09
    -0.132732162E+09
    -0.135331965E+09
    -0.134508843E+09
    -0.135334950E+09
    -0.136590357E+09
    -0.137247102E+09
    -0.139221549E+09
    -0.141947550E+09
    -0.141084471E+09
    -0.141950679E+09
    -0.143266988E+09
    -0.143955595E+09
    -0.146025832E+09
    -0.148884093E+09
    -0.147979138E+09
    -0.148887374E+09
    -0.150267508E+09
    -0.150989506E+09
    -0.153160132E+09
    -0.156157003E+09
    -0.155208161E+09
    -0.156160442E+09
    -0.157607464E+09
    -0.158364454E+09
    -0.160640284E+09
    -0.163782413E+09
    -0.162787580E+09
    -0.163786019E+09
    -0.165303133E+09
    -0.166096793E+09
    -0.168482868E+09
    -0.171777218E+09
    -0.170734189E+09
    -0.171780999E+09
    -0.173371560E+09
    -0.174203646E+09
    -0.176705245E+09
    -0.180159104E+09
    -0.179065571E+09
    -0.180163068E+09
    -0.181830590E+09
    -0.182702940E+09
    -0.185325590E+09
    -0.188946589E+09
    -0.187800136E+09
    -0.188950744E+09
    -0.190698906E+09
    -0.191613444E+09
    -0.194362928E+09
    -0.198159057E+09
    -0.196957154E+09
    -0.198163412E+09
    -0.199996062E+09
    -0.200954803E+09
    -0.203837178E+09
    -0.207816796E+09
    -0.206556797E+09
    -0.207821362E+09
    -0.209742530E+09
    -0.210747581E+09
    -0.213769185E+09
    -0.217941044E+09
    -0.216620177E+09
    -0.217945830E+09
    -0.219959733E+09
    -0.221013300E+09
    -0.224180765E+09
    -0.228554024E+09
    -0.227169390E+09
    -0.228559041E+09
    -0.230670092E+09
    -0.231774484E+09
    -0.235094751E+09
    -0.239678994E+09
    -0.238227557E+09
    -0.239684252E+09
    -0.241897067E+09
    -0.243054700E+09
    -0.246535031E+09
    -0.251340286E+09
    -0.249818872E+09
    -0.251345797E+09
    -0.253665208E+09
    -0.254878609E+09
    -0.258526602E+09
    -0.263563360E+09
    -0.261968647E+09
    -0.263569136E+09
    -0.266000195E+09
    -0.267272008E+09
    -0.271095611E+09
    -0.276374848E+09
    -0.274703360E+09
    -0.276380901E+09
    -0.278928894E+09
    -0.280261883E+09
    -0.284269410E+09
    -0.289802605E+09
    -0.288050708E+09
    -0.289808948E+09
    -0.292479403E+09
    -0.293876461E+09
    -0.298076607E+09
    -0.303875765E+09
    -0.302039658E+09
    -0.303882412E+09
    -0.306681109E+09
    -0.308145260E+09
    -0.312547115E+09
    -0.318624791E+09
    -0.316700499E+09
    -0.318631757E+09
    -0.321564740E+09
    -0.323099145E+09
    -0.327712216E+09
    -0.334081536E+09
    -0.332064902E+09
    -0.334088834E+09
    -0.337162421E+09
    -0.338770387E+09
    -0.343604611E+09
    -0.350279296E+09
    -0.348165976E+09
    -0.350286943E+09
    -0.353507738E+09
    -0.355192718E+09
    -0.360258481E+09
    -0.367252874E+09
    -0.365038326E+09
    -0.367260885E+09
    -0.370635789E+09
    -0.372401394E+09
    -0.377709552E+09
    -0.385038639E+09
    -0.382718118E+09
    -0.385047033E+09
    -0.388583255E+09
    -0.390433259E+09
    -0.395995151E+09
    -0.403674593E+09
    -0.401243141E+09
    -0.403683386E+09
    -0.407388461E+09
    -0.409326803E+09
    -0.415154277E+09
    -0.423200434E+09
    -0.420652870E+09
    -0.423209644E+09
    -0.427091439E+09
    -0.429122235E+09
    -0.435227665E+09
    -0.443657622E+09
    -0.440988538E+09
    -0.443667270E+09
    -0.447734000E+09
    -0.449861548E+09
    -0.456257855E+09
    -0.465089453E+09
    -0.462293198E+09
    -0.465099557E+09
    -0.469359800E+09
    -0.471588586E+09
    -0.478289258E+09
    -0.487541122E+09
    -0.484611800E+09
    -0.487551705E+09
    -0.492014411E+09
    -0.494349119E+09
    -0.501368235E+09
    -0.511059804E+09
    -0.507991259E+09
    -0.511070886E+09
    -0.515745397E+09
    -0.518190912E+09
    -0.525543161E+09
    -0.535694717E+09
    -0.532480529E+09
    -0.535706322E+09
    -0.540602382E+09
    -0.543163801E+09
    -0.550864506E+09
    -0.561497206E+09
    -0.558130675E+09
    -0.561509357E+09
    -0.566637126E+09
    -0.569319764E+09
    -0.577384904E+09
    -0.588520811E+09
    -0.584994951E+09
    -0.588533532E+09
    -0.593903603E+09
    -0.596713001E+09
    -0.605159233E+09
    -0.616821345E+09
    -0.613128875E+09
    -0.616834663E+09
    -0.622458074E+09
    -0.625400006E+09
    -0.634244687E+09
    -0.646456971E+09
    -0.642590302E+09
    -0.646470911E+09
    -0.652359163E+09
    -0.655439643E+09
    -0.664700856E+09
    -0.677488276E+09
    -0.673439504E+09
    -0.677502867E+09
    -0.683667933E+09
    -0.686893224E+09
    -0.696589795E+09
    -0.709978346E+09
    -0.705739240E+09
    -0.709993616E+09
    -0.716447961E+09
    -0.719824580E+09
    -0.729976106E+09
    -0.743992842E+09
    -0.739554837E+09
    -0.744008821E+09
    -0.750765409E+09
    -0.754300138E+09
    -0.764927004E+09
    -0.779600068E+09
    -0.774954253E+09
    -0.779616786E+09
    -0.786689101E+09
    -0.790388990E+09
    -0.801512391E+09
    -0.816871042E+09
    -0.812008154E+09
    -0.816888533E+09
    -0.824290584E+09
    -0.828162959E+09
    -0.839804920E+09
    -0.855879565E+09
    -0.850789976E+09
    -0.855897860E+09
    -0.863644199E+09
    -0.867696669E+09
    -0.879880063E+09
    -0.896702275E+09
    -0.891375989E+09
    -0.896721409E+09
    -0.904827138E+09
    -0.909067598E+09
    -0.921816161E+09
    -0.939418708E+09
    -0.933845350E+09
    -0.939438716E+09
    -0.947919497E+09
    -0.952356136E+09
    -0.965694485E+09
    -0.984111342E+09
    -0.978280156E+09
    -0.984132261E+09
    -0.993004325E+09
    -0.997645627E+09
    -0.101159927E+10
    -0.103086564E+10
    -0.102476548E+10
    -0.103088751E+10
    -0.104016766E+10
    -0.104502241E+10
    -0.105961774E+10
    -0.107977007E+10
    -0.107338940E+10
    -0.107979293E+10
    -0.108949855E+10
    -0.109457583E+10
    -0.110984017E+10
    -0.113091614E+10
    -0.112424303E+10
    -0.113094002E+10
    -0.114108907E+10
    -0.114639826E+10
    -0.116235982E+10
    -0.118439837E+10
    -0.117742049E+10
    -0.118442332E+10
    -0.119503432E+10
    -0.120058512E+10
    -0.121727299E+10
    -0.124031429E+10
    -0.123301893E+10
    -0.124034035E+10
    -0.125143241E+10
    -0.125723478E+10
    -0.127467898E+10
    -0.129876440E+10
    -0.129113846E+10
    -0.129879161E+10
    -0.131038439E+10
    -0.131644860E+10
    -0.133467998E+10
    -0.135985210E+10
    -0.135188210E+10
    -0.135988050E+10
    -0.137199419E+10
    -0.137833079E+10
    -0.139738105E+10
    -0.142368359E+10
    -0.141535570E+10
    -0.142371323E+10
    -0.143636854E+10
    -0.144298834E+10
    -0.146288997E+10
    -0.149036776E+10
    -0.148166778E+10
    -0.149039869E+10
    -0.150361680E+10
    -0.151053086E+10
    -0.153131712E+10
    -0.156001599E+10
    -0.155092942E+10
    -0.156004824E+10
    -0.157385079E+10
    -0.158107040E+10
    -0.160277521E+10
    -0.163274195E+10
    -0.162325398E+10
    -0.163277557E+10
    -0.164718458E+10
    -0.165472123E+10
    -0.167737911E+10
    -0.170866130E+10
    -0.169875688E+10
    -0.170869634E+10
    -0.172373417E+10
    -0.173159950E+10
    -0.175524550E+10
    -0.178789141E+10
    -0.177755526E+10
    -0.178792791E+10
    -0.180361715E+10
    -0.181182296E+10
    -0.183649247E+10
    -0.187055089E+10
    -0.185976758E+10
    -0.187058889E+10
    -0.188695232E+10
    -0.189551046E+10
    -0.192123912E+10
    -0.195675911E+10
    -0.194551311E+10
    -0.195679866E+10
    -0.197385909E+10
    -0.198278143E+10
    -0.200960495E+10
    -0.204663565E+10
    -0.203491142E+10
    -0.204667678E+10
    -0.206445694E+10
    -0.207375532E+10
    -0.210170922E+10
    -0.214029953E+10
    -0.212808161E+10
    -0.214034228E+10
    -0.215886469E+10
    -0.216855080E+10
    -0.219767023E+10
    -0.223786845E+10
    -0.222514157E+10
    -0.223791286E+10
    -0.225719961E+10
    -0.226728492E+10
    -0.229760433E+10
    -0.233945780E+10
    -0.232620699E+10
    -0.233950390E+10
    -0.235957646E+10
    -0.237007209E+10
    -0.240162492E+10
    -0.244517953E+10
    -0.243139029E+10
    -0.244522735E+10
    -0.246610631E+10
    -0.247702293E+10
    -0.250984120E+10
    -0.255514085E+10
    -0.254079931E+10
    -0.255519041E+10
    -0.257689523E+10
    -0.258824288E+10
    -0.262235675E+10
    -0.266944274E+10
    -0.265453587E+10
    -0.266949405E+10
    -0.269204272E+10
    -0.270383065E+10
    -0.273926793E+10
    -0.278817821E+10
    -0.277269404E+10
    -0.278823129E+10
    -0.281163996E+10
    -0.282387646E+10
    -0.286066198E+10
    -0.291143040E+10
    -0.289535825E+10
    -0.291148523E+10
    -0.293576781E+10
    -0.294845995E+10
    -0.298661495E+10
    -0.303927029E+10
    -0.302260112E+10
    -0.303932688E+10
    -0.306449455E+10
    -0.307764796E+10
    -0.311718933E+10
    -0.317175430E+10
    -0.315448097E+10
    -0.317181262E+10
    -0.319787333E+10
    -0.321149193E+10
    -0.325243139E+10
    -0.330892149E+10
    -0.329103917E+10
    -0.330898150E+10
    -0.333593941E+10
    -0.335002509E+10
    -0.339236827E+10
    -0.345079053E+10
    -0.343229709E+10
    -0.345085220E+10
    -0.347870700E+10
    -0.349325932E+10
    -0.353700480E+10
    -0.359735643E+10
    -0.357825283E+10
    -0.359741968E+10
    -0.362616599E+10
    -0.364118179E+10
    -0.368632004E+10
    -0.374858694E+10
    -0.372887774E+10
    -0.374865170E+10
    -0.377827831E+10
    -0.379375136E+10
    -0.384026360E+10
    -0.390441885E+10
    -0.388411269E+10
    -0.390448502E+10
    -0.393497416E+10
    -0.395089479E+10
    -0.399875185E+10
    -0.406475410E+10
    -0.404386419E+10
    -0.406482156E+10
    -0.409614817E+10
    -0.411250284E+10
    -0.416166398E+10
    -0.422945588E+10
    -0.420800051E+10
    -0.422952451E+10
    -0.426165544E+10
    -0.427842641E+10
    -0.432883821E+10
    -0.439834483E+10
    -0.437634784E+10
    -0.439841446E+10
    -0.443130784E+10
    -0.444847279E+10
    -0.450006805E+10
    -0.457119545E+10
    -0.454868671E+10
    -0.457126592E+10
    -0.460487052E+10
    -0.462240222E+10
    -0.467509906E+10
    -0.474773306E+10
    -0.472474886E+10
    -0.474780418E+10
    -0.478205891E+10
    -0.479992500E+10
    -0.485362612E+10
    -0.492763135E+10
    -0.490421465E+10
    -0.492770292E+10
    -0.496253647E+10
    -0.498069931E+10
    -0.503529152E+10
    -0.511051083E+10
    -0.508671149E+10
    -0.511058265E+10
    -0.514591338E+10
    -0.516432999E+10
    -0.521968411E+10
    -0.529593850E+10
    -0.527181326E+10
    -0.529601036E+10
    -0.533174642E+10
    -0.535036857E+10
    -0.540633967E+10
    -0.548342876E+10
    -0.545904110E+10
    -0.548350046E+10
    -0.551954017E+10
    -0.553831465E+10
    -0.559474283E+10
    -0.567244597E+10
    -0.564786574E+10
    -0.567251732E+10
    -0.570874989E+10
    -0.572761888E+10
    -0.578433045E+10
    -0.586240853E+10
    -0.583771136E+10
    -0.586247934E+10
    -0.589878589E+10
    -0.591768752E+10
    -0.597449673E+10
    -0.605269463E+10
    -0.602796114E+10
    -0.605276476E+10
    -0.608901960E+10
    -0.610788868E+10
    -0.616459988E+10
    -0.624264957E+10
    -0.621796439E+10
    -0.624271892E+10
    -0.627879112E+10
    -0.629756003E+10
    -0.635397021E+10
    -0.643159443E+10
    -0.640704501E+10
    -0.643166293E+10
    -0.646741815E+10
    -0.648601773E+10
    -0.654191949E+10
    -0.661883580E+10
    -0.659451112E+10
    -0.646381257E+10
    -0.648047051E+10
    -0.653051892E+10
    -0.659915978E+10
    -0.657747786E+10
    -0.659920874E+10
    -0.663439948E+10
    -0.665269899E+10
    -0.670769876E+10
    -0.678335849E+10
    -0.675943291E+10
    -0.678342445E+10
    -0.681820129E+10
    -0.683628648E+10
    -0.689064449E+10
    -0.696543207E+10
    -0.694178097E+10
    -0.681441363E+10
    -0.683046082E+10
    -0.687867457E+10
    -0.694477703E+10
    -0.692389936E+10
    -0.694482357E+10
    -0.697879765E+10
    -0.699646104E+10
    -0.704955204E+10
    -0.712258870E+10
    -0.709949214E+10
    -0.697516603E+10
    -0.699087608E+10
    -0.703807776E+10
    -0.710278998E+10
    -0.708235166E+10
    -0.710283573E+10
    -0.713608053E+10
    -0.715336529E+10
    -0.720532066E+10
    -0.727680444E+10
    -0.725419780E+10
    -0.713238784E+10
    -0.714768659E+10
    -0.719365351E+10
    -0.725667093E+10
    -0.723676805E+10
    -0.725671575E+10
    -0.728913730E+10
    -0.730599625E+10
    -0.735667472E+10
    -0.742641724E+10
    -0.740435943E+10
    -0.728404003E+10
    -0.729816164E+10
    -0.734058689E+10
    -0.739867237E+10
    -0.738033604E+10
    -0.739871034E+10
    -0.742913032E+10
    -0.744492980E+10
    -0.749241995E+10
    -0.755771667E+10
    -0.753707163E+10
    -0.742392509E+10
    -0.743693659E+10
    -0.747602292E+10
    -0.752947311E+10
    -0.751260747E+10
    -0.752950540E+10
    -0.755760067E+10
    -0.757216984E+10
    -0.761595688E+10
    -0.767608777E+10
    -0.765708458E+10
    -0.755292448E+10
    -0.756499564E+10
    -0.760125480E+10
    -0.765079522E+10
    -0.763516836E+10
    -0.765082347E+10
    -0.767679498E+10
    -0.769024491E+10
    -0.773066439E+10
    -0.778611283E+10
    -0.776859613E+10
    -0.767256479E+10
    -0.768376007E+10
    -0.771738644E+10
    -0.776329454E+10
    -0.774881756E+10
    -0.776331942E+10
    -0.778733680E+10
    -0.779976054E+10
    -0.783709332E+10
    -0.788826170E+10
    -0.787210241E+10
    -0.778349601E+10
    -0.779387663E+10
    -0.782505471E+10
    -0.786759205E+10
    -0.785418133E+10
    -0.786761413E+10
    -0.788982966E+10
    -0.790131009E+10
    -0.793580616E+10
    -0.798305046E+10
    -0.796813461E+10
    -0.788633230E+10
    -0.789595542E+10
    -0.792485730E+10
    -0.796426654E+10
    -0.795184466E+10
    -0.796428624E+10
    -0.798483826E+10
    -0.799545013E+10
    -0.802733476E+10
    -0.807097409E+10
    -0.805719971E+10
    -0.798164621E+10
    -0.799056535E+10
    -0.801735210E+10
    -0.805385925E+10
    -0.804235423E+10
    -0.805387691E+10
    -0.807289212E+10
    -0.808270344E+10
    -0.811218151E+10
    -0.815250465E+10
    -0.813977960E+10
    -0.806997319E+10
    -0.807823852E+10
    -0.810306108E+10
    -0.813687697E+10
    -0.812622177E+10
    -0.813689289E+10
    -0.815448793E+10
    -0.816356093E+10
    -0.819081987E+10
    -0.822808986E+10
    -0.821633036E+10
    -0.815181450E+10
    -0.815947304E+10
    -0.818247283E+10
    -0.821379430E+10
    -0.820392639E+10
    -0.821380871E+10
    -0.823009127E+10
    -0.823848316E+10
    -0.826369507E+10
    -0.829815256E+10
    -0.828728206E+10
    -0.822763938E+10
    -0.823473518E+10
    -0.825604462E+10
    -0.828505532E+10
    -0.827591646E+10
    -0.828506841E+10
    -0.830013814E+10
    -0.830790158E+10
    -0.833122493E+10
    -0.836309067E+10
    -0.835303905E+10
    -0.829788679E+10
    -0.830446103E+10
    -0.832420394E+10
    -0.835107514E+10
    -0.834261107E+10
    -0.835108708E+10
    -0.836503621E+10
    -0.837221977E+10
    -0.839380061E+10
    -0.842327752E+10
    -0.841398037E+10
    -0.836296685E+10
    -0.836905801E+10
    -0.838735001E+10
    -0.841224124E+10
    -0.840440145E+10
    -0.841225216E+10
    -0.842516609E+10
    -0.843181457E+10
    -0.845178766E+10
    -0.847906242E+10
    -0.847046055E+10
    -0.842326222E+10
    -0.842890618E+10
    -0.844585509E+10
    -0.846891474E+10
    -0.846165228E+10
    -0.846892475E+10
    -0.848088254E+10
    -0.848703729E+10
    -0.850552695E+10
    -0.853077141E+10
    -0.852281039E+10
    -0.847912943E+10
    -0.848435959E+10
    -0.850006575E+10
    -0.852143171E+10
    -0.851470300E+10
    -0.852144091E+10
    -0.853251570E+10
    -0.853821488E+10
    -0.855533582E+10
    -0.857870820E+10
    -0.857133794E+10
    -0.853090013E+10
    -0.853574754E+10
    -0.855030424E+10
    -0.857010446E+10
    -0.856386909E+10
    -0.857011293E+10
    -0.858037235E+10
    -0.858565116E+10
    -0.860150920E+10
    -0.862315519E+10
    -0.861632960E+10
    -0.857888244E+10
    -0.858337592E+10
    -0.859686975E+10
    -0.861522281E+10
    -0.860944334E+10
    -0.861523063E+10
    -0.862473718E+10
    -0.862962809E+10
    -0.864432077E+10
    -0.866437451E+10
    -0.865805118E+10
    -0.862336218E+10
    -0.862752846E+10
    -0.864003969E+10
    -0.865705540E+10
    -0.865169717E+10
    -0.865706262E+10
    -0.866587402E+10
    -0.867040695E+10
    -0.868402422E+10
    -0.870260916E+10
    -0.869674908E+10
    -0.866460422E+10
    -0.866846805E+10
    -0.868007101E+10
    -0.869585092E+10
    -0.869088190E+10
    -0.869585761E+10
    -0.870402712E+10
    -0.870822965E+10
    -0.872085435E+10
    -0.873808413E+10
    -0.873265141E+10
    -0.870285373E+10
    -0.870643799E+10
    -0.871720144E+10
    -0.873183942E+10
    -0.872723001E+10
    -0.873184562E+10
    -0.873942237E+10
    -0.874331990E+10
    -0.875502837E+10
    -0.877100753E+10
    -0.876596916E+10
    -0.873833739E+10
    -0.874166325E+10
    -0.875165075E+10
    -0.876523346E+10
    -0.876095635E+10
    -0.876523922E+10
    -0.877226852E+10
    -0.877588444E+10
    -0.878674694E+10
    -0.880157168E+10
    -0.879689729E+10
    -0.877126469E+10
    -0.877435170E+10
    -0.878362193E+10
    -0.879622937E+10
    -0.879225934E+10
    -0.879623472E+10
    -0.880275831E+10
    -0.880611416E+10
    -0.881619540E+10
    -0.882995420E+10
    -0.882561588E+10
    -0.880182904E+10
    -0.880469523E+10
    -0.881330238E+10
    -0.882500833E+10
    -0.882132214E+10
    -0.882501330E+10
    -0.883106964E+10
    -0.883418524E+10
    -0.884354478E+10
    -0.885631902E+10
    -0.885229109E+10
    -0.883020890E+10
    -0.883287092E+10
    -0.884086497E+10
    -0.885173748E+10
    -0.884831369E+10
    -0.885174210E+10
    -0.885736661E+10
    -0.886026021E+10
    -0.886895286E+10
    -0.888081741E+10
    -0.887707626E+10
    -0.885656893E+10
    -0.885904213E+10
    -0.886646917E+10
    -0.887657095E+10
    -0.887338981E+10
    -0.887657525E+10
    -0.888180056E+10
    -0.888448894E+10
    -0.889256514E+10
    -0.890358887E+10
    -0.890011278E+10
    -0.888106092E+10
    -0.888335945E+10
    -0.889026198E+10
    -0.889965083E+10
    -0.889669414E+10
    -0.889965484E+10
    -0.890451098E+10
    -0.890700961E+10
    -0.891451579E+10
    -0.892476205E+10
    -0.892153104E+10
    -0.890382481E+10
    -0.890596172E+10
    -0.891237892E+10
    -0.892110811E+10
    -0.891835910E+10
    -0.892111184E+10
    -0.892562650E+10
    -0.892794959E+10
    -0.893492848E+10
    -0.894445558E+10
    -0.894145127E+10
    -0.892498962E+10
    -0.892697693E+10
    -0.893294491E+10
    -0.894106352E+10
    -0.893850673E+10
    -0.894106700E+10
    -0.894526563E+10
    -0.894742629E+10
    -0.895391722E+10
    -0.896277881E+10
    -0.895998429E+10
    -0.894467422E+10
    -0.894652302E+10
    -0.895207507E+10
    -0.895962833E+10
    -0.895724953E+10
    -0.895963158E+10
    -0.896353765E+10
    -0.896554793E+10
    -0.897158714E+10
    -0.897983259E+10
    -0.897723231E+10
    -0.896298822E+10
    -0.896470872E+10
    -0.896987551E+10
    -0.897690512E+10
    -0.897469118E+10
    -0.897690815E+10
    -0.898054329E+10
    -0.898241429E+10
    -0.898803513E+10
    -0.899570994E+10
    -0.899328954E+10
    -0.898003262E+10
    -0.898163425E+10
    -0.898644408E+10
    -0.899298846E+10
    -0.899092729E+10
    -0.899299129E+10
    -0.899637540E+10
    -0.899811737E+10
    -0.900335056E+10
    -0.901049662E+10
    -0.900824291E+10
    -0.899590056E+10
    -0.899739200E+10
    -0.900187095E+10
    -0.900796554E+10
    -0.900604598E+10
    -0.900796819E+10
    -0.901111964E+10
    -0.901274199E+10
    -0.901761587E+10
    -0.902427178E+10
    -0.902217259E+10
    -0.901067792E+10
    -0.901206720E+10
    -0.901623932E+10
    -0.902191681E+10
    -0.902012857E+10
    -0.902191928E+10
    -0.902485499E+10
    -0.902636642E+10
    -0.903090710E+10
    -0.903710844E+10
    -0.903515256E+10
    -0.902444393E+10
    -0.902573842E+10
    -0.902962592E+10
    -0.903491645E+10
    -0.903325006E+10
    -0.903491877E+10
    -0.903765435E+10
    -0.903906288E+10
    -0.904329443E+10
    -0.904907404E+10
    -0.904725112E+10
    -0.903727167E+10
    -0.903847820E+10
    -0.904210157E+10
    -0.904703297E+10
    -0.904547965E+10
    -0.904703513E+10
    -0.904958499E+10
    -0.905089802E+10
    -0.905484266E+10
    -0.906023082E+10
    -0.905853132E+10
    -0.904922861E+10
    -0.905035348E+10
    -0.905373162E+10
    -0.905832959E+10
    -0.905688126E+10
    -0.905833161E+10
    -0.906070904E+10
    -0.906193339E+10
    -0.906561165E+10
    -0.907063629E+10
    -0.906905140E+10
    -0.906037703E+10
    -0.906142606E+10
    -0.906457645E+10
    -0.906886471E+10
    -0.906751390E+10
    -0.906886660E+10
    -0.907108388E+10
    -0.907222586E+10
    -0.907565667E+10
    -0.908034363E+10
    -0.907886521E+10
    -0.907077447E+10
    -0.907175303E+10
    -0.907469182E+10
    -0.907869230E+10
    -0.907743211E+10
    -0.907869407E+10
    -0.908076254E+10
    -0.908182798E+10
    -0.908502884E+10
    -0.908940197E+10
    -0.908802250E+10
    -0.908047410E+10
    -0.908138717E+10
    -0.908412926E+10
    -0.908786224E+10
    -0.908668628E+10
    -0.908786389E+10
    -0.908979405E+10
    -0.909078833E+10
    -0.909377541E+10
    -0.909785676E+10
    -0.909656931E+10
    -0.908952507E+10
    -0.909037724E+10
    -0.909293645E+10
    -0.909642066E+10
    -0.909532305E+10
    -0.909642221E+10
    -0.909822375E+10
    -0.909915185E+10
    -0.910194013E+10
    -0.910575009E+10
    -0.910454821E+10
    -0.909797284E+10
    -0.909876836E+10
    -0.910115745E+10
    -0.910441025E+10
    -0.910338552E+10
    -0.910441170E+10
    -0.910609360E+10
    -0.910696012E+10
    -0.910956344E+10
    -0.911312090E+10
    -0.911199865E+10
    -0.910585948E+10
    -0.910660229E+10
    -0.910883309E+10
    -0.911187053E+10
    -0.911091362E+10
    -0.911187189E+10
    -0.911344244E+10
    -0.911425166E+10
    -0.911668284E+10
    -0.912000527E+10
    -0.911895714E+10
    -0.911322394E+10
    -0.911391768E+10
    -0.911600112E+10
    -0.911883809E+10
    -0.911794432E+10
    -0.911883936E+10
    -0.912030626E+10
    -0.912106213E+10
    -0.912333303E+10
    -0.912643662E+10
    -0.912545750E+10
    -0.912010228E+10
    -0.912075033E+10
    -0.912269656E+10
    -0.912534683E+10
    -0.912451185E+10
    -0.912534802E+10
    -0.912671839E+10
    -0.912742458E+10
    -0.912954620E+10
    -0.913244596E+10
    -0.913153113E+10
    -0.912652792E+10
    -0.912713341E+10
    -0.912895183E+10
    -0.913142818E+10
    -0.913064798E+10
    -0.913142929E+10
    -0.913270974E+10
    -0.913336964E+10
    -0.913535220E+10
    -0.913806202E+10
    -0.913720709E+10
    -0.913253185E+10
    -0.913309768E+10
    -0.913479701E+10
    -0.913711129E+10
    -0.913638214E+10
    -0.913711233E+10
    -0.913830899E+10
    -0.913892574E+10
    -0.914077869E+10
    -0.914331150E+10
    -0.914251240E+10
    -0.913814280E+10
    -0.913867167E+10
    -0.914025999E+10
    -0.914242320E+10
    -0.914174164E+10
    -0.914242418E+10
    -0.914354273E+10
    -0.914411926E+10
    -0.914585138E+10
    -0.914821915E+10
    -0.914747210E+10
    -0.914338745E+10
    -0.914388186E+10
    -0.914536668E+10
    -0.914738903E+10
    -0.914675183E+10
    -0.914738994E+10
    -0.914843566E+10
    -0.914897469E+10
    -0.915059413E+10
    -0.915280797E+10
    -0.915210948E+10
    -0.914829054E+10
    -0.914875281E+10
    -0.915014110E+10
    -0.915203207E+10
    -0.915143626E+10
    -0.915203292E+10
    -0.915301071E+10
    -0.915351475E+10
    -0.915502909E+10
    -0.915709935E+10
    -0.915644615E+10
    -0.915287506E+10
    -0.915330735E+10
    -0.915460560E+10
    -0.915637399E+10
    -0.915581679E+10
    -0.915637479E+10
    -0.915728920E+10
    -0.915776060E+10
    -0.915917687E+10
    -0.916111314E+10
    -0.916050220E+10
    -0.915716238E+10
    -0.915756669E+10
    -0.915878092E+10
    -0.916043492E+10
    -0.915991376E+10
    -0.916043567E+10
    -0.916129094E+10
    -0.916173187E+10
    -0.916305661E+10
    -0.916486783E+10
    -0.916429634E+10
    -0.916117236E+10
    -0.916155055E+10
    -0.916268635E+10
    -0.916423358E+10
    -0.916374605E+10
    -0.916423428E+10
    -0.916503435E+10
    -0.916544684E+10
    -0.916668613E+10
    -0.916838059E+10
    -0.916784594E+10
    -0.916492345E+10
    -0.916527726E+10
    -0.916633984E+10
    -0.916778738E+10
    -0.916733126E+10
    -0.916778804E+10
    -0.916853656E+10
    -0.916892249E+10
    -0.917008200E+10
    -0.917166744E+10
    -0.917116718E+10
    -0.916843283E+10
    -0.916876387E+10
    -0.916975808E+10
    -0.917111252E+10
    -0.917068573E+10
    -0.917111314E+10
    -0.917181352E+10
    -0.917217466E+10
    -0.917325965E+10
    -0.917474326E+10
    -0.917427512E+10
    -0.917171649E+10
    -0.917202626E+10
    -0.917295661E+10
    -0.917422409E+10
    -0.917382470E+10
    -0.917422467E+10
    -0.917488009E+10
    -0.917521805E+10
    -0.917623344E+10
    -0.917762191E+10
    -0.917718379E+10
    -0.917478930E+10
    -0.917507921E+10
    -0.917594990E+10
    -0.917713613E+10
    -0.917676234E+10
    -0.917713667E+10
    -0.917775009E+10
    -0.917806640E+10
    -0.917901675E+10
    -0.918031633E+10
    -0.917990625E+10
    -0.917766514E+10
    -0.917793649E+10
    -0.917875142E+10
    -0.917986174E+10
    -0.917951186E+10
    -0.917986224E+10
    -0.918043640E+10
    -0.918073249E+10
    -0.918162205E+10
    -0.918283855E+10
    -0.918245468E+10
    -0.918035690E+10
    -0.918061090E+10
    -0.918137374E+10
    -0.918241309E+10
    -0.918208557E+10
    -0.918241357E+10
    -0.918295104E+10
    -0.918322821E+10
    -0.918406096E+10
    -0.918519980E+10
    -0.918484043E+10
    -0.918287663E+10
    -0.918311442E+10
    -0.918382855E+10
    -0.918480157E+10
    -0.918449495E+10
    -0.918480202E+10
    -0.918530519E+10
    -0.918556468E+10
    -0.918634432E+10
    -0.918741055E+10
    -0.918707409E+10
    -0.918523554E+10
    -0.918545816E+10
    -0.918612676E+10
    -0.918703777E+10
    -0.918675069E+10
    -0.918703819E+10
    -0.918750929E+10
    -0.918775225E+10
    -0.918848223E+10
    -0.918948057E+10
    -0.918916553E+10
    -0.918744409E+10
    -0.918765254E+10
    -0.918827856E+10
    -0.918913157E+10
    -0.918886277E+10
    -0.918913197E+10
    -0.918957308E+10
    -0.918980059E+10
    -0.919048412E+10
    -0.919141896E+10
    -0.919112396E+10
    -0.918951204E+10
    -0.918970723E+10
    -0.919029343E+10
    -0.919109221E+10
    -0.919084049E+10
    -0.919109258E+10
    -0.919150564E+10
    -0.919171869E+10
    -0.919235879E+10
    -0.919323424E+10
    -0.919295798E+10
    -0.919144849E+10
    -0.919163128E+10
    -0.919218024E+10
    -0.919292828E+10
    -0.919269255E+10
    -0.919292863E+10
    -0.919331546E+10
    -0.919351499E+10
    -0.919411444E+10
    -0.919493434E+10
    -0.919467561E+10
    -0.919326195E+10
    -0.919343313E+10
    -0.919394725E+10
    -0.919464783E+10
    -0.919442706E+10
    -0.919464815E+10
    -0.919501045E+10
    -0.919519732E+10
    -0.919575876E+10
    -0.919652667E+10
    -0.919628434E+10
    -0.919496033E+10
    -0.919512067E+10
    -0.919560219E+10
    -0.919625836E+10
    -0.919605158E+10
    -0.919625866E+10
    -0.919659799E+10
    -0.919677302E+10
    -0.919729889E+10
    -0.919801817E+10
    -0.919779118E+10
    -0.919655106E+10
    -0.919670124E+10
    -0.919715226E+10
    -0.919776687E+10
    -0.919757318E+10
    -0.919776716E+10
    -0.919808500E+10
    -0.919824895E+10
    -0.919874153E+10
    -0.919941528E+10
    -0.919920266E+10
    -0.919804104E+10
    -0.919818171E+10
    -0.919860419E+10
    -0.919917992E+10
    -0.919899848E+10
    -0.919918018E+10
    -0.919947791E+10
    -0.919963149E+10
    -0.920009292E+10
    -0.920072407E+10
    -0.920052489E+10
    -0.919943674E+10
    -0.919956852E+10
    -0.919996428E+10
    -0.920050361E+10
    -0.920033364E+10
    -0.920050386E+10
    -0.920078277E+10
    -0.920092664E+10
    -0.920135890E+10
    -0.920195018E+10
    -0.920176358E+10
    -0.920074420E+10
    -0.920086765E+10
    -0.920123840E+10
    -0.920174366E+10
    -0.920158443E+10
    -0.920174389E+10
    -0.920200519E+10
    -0.920213997E+10
    -0.920254494E+10
    -0.920309888E+10
    -0.920292407E+10
    -0.920196906E+10
    -0.920208472E+10
    -0.920243206E+10
    -0.920290542E+10
    -0.920275624E+10
    -0.920290564E+10
    -0.920315044E+10
    -0.920327672E+10
    -0.920365613E+10
    -0.920417512E+10
    -0.920401134E+10
    -0.920311660E+10
    -0.920322495E+10
    -0.920355038E+10
    -0.920399388E+10
    -0.920385411E+10
    -0.920399408E+10
    -0.920422344E+10
    -0.920434176E+10
    -0.920469724E+10
    -0.920518351E+10
    -0.920503005E+10
    -0.920419173E+10
    -0.920429326E+10
    -0.920459817E+10
    -0.920501371E+10
    -0.920488275E+10
    -0.920501390E+10
    -0.920522879E+10
    -0.920533965E+10
    -0.920567273E+10
    -0.920612836E+10
    -0.920598457E+10
    -0.920519909E+10
    -0.920529422E+10
    -0.920557991E+10
    -0.920596927E+10
    -0.920584656E+10
    -0.920596945E+10
    -0.920617081E+10
    -0.920627468E+10
    -0.920658678E+10
    -0.920701372E+10
    -0.920687898E+10
    -0.920614298E+10
    -0.920623211E+10
    -0.920649981E+10
    -0.920686465E+10
    -0.920674967E+10
    -0.920686482E+10
    -0.920705350E+10
    -0.920715084E+10
    -0.920744329E+10
    -0.920784335E+10
    -0.920771709E+10
    -0.920702742E+10
    -0.920711095E+10
    -0.920736180E+10
    -0.920770367E+10
    -0.920759593E+10
    -0.920770383E+10
    -0.920788064E+10
    -0.920797185E+10
    -0.920824590E+10
    -0.920862079E+10
    -0.920850248E+10
    -0.920785620E+10
    -0.920793447E+10
    -0.920816954E+10
    -0.920848991E+10
    -0.920838894E+10
    -0.920849006E+10
    -0.920865574E+10
    -0.920874122E+10
    -0.920899803E+10
    -0.920934935E+10
    -0.920923848E+10
    -0.920863285E+10
    -0.920870619E+10
    -0.920892648E+10
    -0.920922671E+10
    -0.920913209E+10
    -0.920922685E+10
    -0.920938211E+10
    -0.920946222E+10
    -0.920970289E+10
    -0.921003213E+10
    -0.920992822E+10
    -0.920936066E+10
    -0.920942940E+10
    -0.920963584E+10
    -0.920991720E+10
    -0.920982852E+10
    -0.920991733E+10
    -0.921006283E+10
    -0.921013790E+10
    -0.921036345E+10
    -0.921067201E+10
    -0.921057463E+10
    -0.921004273E+10
    -0.921010715E+10
    -0.921030062E+10
    -0.921056430E+10
    -0.921048120E+10
    -0.921056442E+10
    -0.921070079E+10
    -0.921077115E+10
    -0.921098253E+10
    -0.921127170E+10
    -0.921118044E+10
    -0.921068195E+10
    -0.921074232E+10
    -0.921092364E+10
    -0.921117077E+10
    -0.921109288E+10
    -0.921117088E+10
    -0.921129868E+10
    -0.921136462E+10
    -0.921156273E+10
    -0.921183376E+10
    -0.921174822E+10
    -0.921128103E+10
    -0.921133761E+10
    -0.921150755E+10
    -0.921173916E+10
    -0.921166616E+10
    -0.921173927E+10
    -0.921185905E+10
    -0.921192085E+10
    -0.921210652E+10
    -0.921236054E+10
    -0.921228037E+10
    -0.921184250E+10
    -0.921189553E+10
    -0.921205480E+10
    -0.921227188E+10
    -0.921220347E+10
    -0.921227198E+10
    -0.921238425E+10
    -0.921244217E+10
    -0.921261620E+10
    -0.921285427E+10
    -0.921277914E+10
    -0.921236874E+10
    -0.921241844E+10
    -0.921256772E+10
    -0.921277118E+10
    -0.921270706E+10
    -0.921277128E+10
    -0.921287650E+10
    -0.921293079E+10
    -0.921309390E+10
    -0.921331705E+10
    -0.921324662E+10
    -0.921286196E+10
    -0.921290855E+10
    -0.921304847E+10
    -0.921323917E+10
    -0.921317907E+10
    -0.921323926E+10
    -0.921333788E+10
    -0.921338877E+10
    -0.921354165E+10
    -0.921375081E+10
    -0.921368480E+10
    -0.921332426E+10
    -0.921336792E+10
    -0.921349907E+10
    -0.921367781E+10
    -0.921362148E+10
    -0.921367790E+10
    -0.921377034E+10
    -0.921381803E+10
    -0.921396133E+10
    -0.921415738E+10
    -0.921409551E+10
    -0.921375757E+10
    -0.921379850E+10
    -0.921392142E+10
    -0.921408896E+10
    -0.921403616E+10
    -0.921408904E+10
    -0.921417569E+10
    -0.921422039E+10
    -0.921435471E+10
    -0.921453848E+10
    -0.921448048E+10
    -0.921416372E+10
    -0.921420208E+10
    -0.921431730E+10
    -0.921447435E+10
    -0.921442485E+10
    -0.921447442E+10
    -0.921455564E+10
    -0.921459754E+10
    -0.921472345E+10
    -0.921489570E+10
    -0.921484133E+10
    -0.921454442E+10
    -0.921458038E+10
    -0.921468838E+10
    -0.921483559E+10
    -0.921478919E+10
    -0.921483566E+10
    -0.921491179E+10
    -0.921495107E+10
    -0.921506908E+10
    -0.921523054E+10
    -0.921517959E+10
    -0.921490127E+10
    -0.921493498E+10
    -0.921503622E+10
    -0.921517420E+10
    -0.921513071E+10
    -0.921517427E+10
    -0.921524563E+10
    -0.921528245E+10
    -0.921539308E+10
    -0.921554442E+10
    -0.921549666E+10
    -0.921523577E+10
    -0.921526737E+10
    -0.921536227E+10
    -0.921549161E+10
    -0.921545085E+10
    -0.921549167E+10
    -0.921555856E+10
    -0.921559308E+10
    -0.921569678E+10
    -0.921583865E+10
    -0.921579388E+10
    -0.921554933E+10
    -0.921557894E+10
    -0.921566790E+10
    -0.921578915E+10
    -0.921575093E+10
    -0.921578920E+10
    -0.921585191E+10
    -0.921588426E+10
    -0.921598147E+10
    -0.921611446E+10
    -0.921607249E+10
    -0.921584325E+10
    -0.921587101E+10
    -0.921595440E+10
    -0.921606806E+10
    -0.921603224E+10
    -0.921606811E+10
    -0.921612689E+10
    -0.921615722E+10
    -0.921624834E+10
    -0.921637301E+10
    -0.921633367E+10
    -0.921611877E+10
    -0.921614480E+10
    -0.921622297E+10
    -0.921632951E+10
    -0.921629593E+10
    -0.921632956E+10
    -0.921638466E+10
    -0.921641310E+10
    -0.921649852E+10
    -0.921661538E+10
    -0.921657850E+10
    -0.921637705E+10
    -0.921640145E+10
    -0.921647473E+10
    -0.921657461E+10
    -0.921654313E+10
    -0.921657465E+10
    -0.921662631E+10
    -0.921665296E+10
    -0.921673304E+10
    -0.921684259E+10
    -0.921680801E+10
    -0.921661917E+10
    -0.921664204E+10
    -0.921671074E+10
    -0.921680436E+10
    -0.921677486E+10
    -0.921680441E+10
    -0.921685283E+10
    -0.921687782E+10
    -0.921695288E+10
    -0.921705558E+10
    -0.921702317E+10
    -0.921684614E+10
    -0.921686758E+10
    -0.921693198E+10
    -0.921701975E+10
    -0.921699209E+10
    -0.921701979E+10
    -0.921706518E+10
    -0.921708861E+10
    -0.921715898E+10
    -0.921725526E+10
    -0.921722487E+10
    -0.921705891E+10
    -0.921707901E+10
    -0.921713938E+10
    -0.921722166E+10
    -0.921719573E+10
    -0.921722170E+10
    -0.921726426E+10
    -0.921728621E+10
    -0.921735218E+10
    -0.921744244E+10
    -0.921741395E+10
    -0.921725838E+10
    -0.921727722E+10
    -0.921733381E+10
    -0.921741095E+10
    -0.921738664E+10
    -0.921741098E+10
    -0.921745088E+10
    -0.921747146E+10
    -0.921753331E+10
    -0.921761792E+10
    -0.921759121E+10
    -0.921744537E+10
    -0.921746303E+10
    -0.921751608E+10
    -0.921758840E+10
    -0.921756561E+10
    -0.921758843E+10
    -0.921762583E+10
    -0.921764512E+10
    -0.921770310E+10
    -0.921778242E+10
    -0.921775739E+10
    -0.921762066E+10
    -0.921763722E+10
    -0.921768696E+10
    -0.921775475E+10
    -0.921773338E+10
    -0.921775478E+10
    -0.921778984E+10
    -0.921780793E+10
    -0.921786228E+10
    -0.921793665E+10
    -0.921791318E+10
    -0.921778500E+10
    -0.921780052E+10
    -0.921784715E+10
    -0.921791070E+10
    -0.921789067E+10
    -0.921791073E+10
    -0.921794360E+10
    -0.921796056E+10
    -0.921801151E+10
    -0.921808123E+10
    -0.921805922E+10
    -0.921793906E+10
    -0.921795361E+10
    -0.921799732E+10
    -0.921805690E+10
    -0.921803813E+10
    -0.921805693E+10
    -0.921808775E+10
    -0.921810364E+10
    -0.921815141E+10
    -0.921821677E+10
    -0.921819614E+10
    -0.921808349E+10
    -0.921809713E+10
    -0.921813811E+10
    -0.921819397E+10
    -0.921817637E+10
    -0.921819399E+10
    -0.921822288E+10
    -0.921823779E+10
    -0.921828257E+10
    -0.921834384E+10
    -0.921832450E+10
    -0.921821889E+10
    -0.921823168E+10
    -0.921827010E+10
    -0.921832247E+10
    -0.921830596E+10
    -0.921832249E+10
    -0.921834957E+10
    -0.921836355E+10
    -0.921840553E+10
    -0.921846297E+10
    -0.921844484E+10
    -0.921834583E+10
    -0.921835782E+10
    -0.921839384E+10
    -0.921844293E+10
    -0.921842746E+10
    -0.921844296E+10
    -0.921846834E+10
    -0.921848145E+10
    -0.921852081E+10
    -0.921857466E+10
    -0.921855766E+10
    -0.921846484E+10
    -0.921847608E+10
    -0.921850985E+10
    -0.921855587E+10
    -0.921854137E+10
    -0.921855589E+10
    -0.921857969E+10
    -0.921859198E+10
    -0.921862888E+10
    -0.921867936E+10
    -0.921866343E+10
    -0.921857641E+10
    -0.921858695E+10
    -0.921861860E+10
    -0.921866175E+10
    -0.921864815E+10
    -0.921866177E+10
    -0.921868409E+10
    -0.921869560E+10
    -0.921873020E+10
    -0.921877753E+10
    -0.921876259E+10
    -0.921868100E+10
    -0.921869089E+10
    -0.921872056E+10
    -0.921876102E+10
    -0.921874827E+10
    -0.921876103E+10
    -0.921878196E+10
    -0.921879275E+10
    -0.921882518E+10
    -0.921886956E+10
    -0.921885555E+10
    -0.921877907E+10
    -0.921878833E+10
    -0.921881615E+10
    -0.921885408E+10
    -0.921884213E+10
    -0.921885410E+10
    -0.921887371E+10
    -0.921888383E+10
    -0.921891424E+10
    -0.921895584E+10
    -0.921894271E+10
    -0.921887100E+10
    -0.921887969E+10
    -0.921890577E+10
    -0.921894133E+10
    -0.921893012E+10
    -0.921894134E+10
    -0.921895973E+10
    -0.921896922E+10
    -0.921899773E+10
    -0.921903673E+10
    -0.921902442E+10
    -0.921895719E+10
    -0.921896534E+10
    -0.921898979E+10
    -0.921902312E+10
    -0.921901262E+10
    -0.921902314E+10
    -0.921904038E+10
    -0.921904928E+10
    -0.921907600E+10
    -0.921911257E+10
    -0.921910103E+10
    -0.921903800E+10
    -0.921904563E+10
    -0.921906856E+10
    -0.921909981E+10
    -0.921908996E+10
    -0.921909983E+10
    -0.921911599E+10
    -0.921912433E+10
    -0.921914939E+10
    -0.921918367E+10
    -0.921917285E+10
    -0.921911376E+10
    -0.921912091E+10
    -0.921914241E+10
    -0.921917171E+10
    -0.921916248E+10
    -0.921917172E+10
    -0.921918688E+10
    -0.921919469E+10
    -0.921921819E+10
    -0.921925033E+10
    -0.921924018E+10
    -0.921918478E+10
    -0.921919149E+10
    -0.921921165E+10
    -0.921923912E+10
    -0.921923046E+10
    -0.921923913E+10
    -0.921925333E+10
    -0.921926067E+10
    -0.921928269E+10
    -0.921931282E+10
    -0.921930331E+10
    -0.921925137E+10
    -0.921925766E+10
    -0.921927656E+10
    -0.921930231E+10
    -0.921929419E+10
    -0.921930232E+10
    -0.921931564E+10
    -0.921932252E+10
    -0.921934316E+10
    -0.921937142E+10
    -0.921936250E+10
    -0.921931380E+10
    -0.921931970E+10
    -0.921933742E+10
    -0.921936156E+10
    -0.921935395E+10
    -0.921936157E+10
    -0.921937406E+10
    -0.921938050E+10
    -0.921939986E+10
    -0.921942635E+10
    -0.921941799E+10
    -0.921937233E+10
    -0.921937786E+10
    -0.921939447E+10
    -0.921941711E+10
    -0.921940997E+10
    -0.921941712E+10
    -0.921942883E+10
    -0.921943487E+10
    -0.921945302E+10
    -0.921947785E+10
    -0.921947001E+10
    -0.921942721E+10
    -0.921943239E+10
    -0.921944796E+10
    -0.921946919E+10
    -0.921946250E+10
    -0.921946920E+10
    -0.921948017E+10
    -0.921948584E+10
    -0.921950285E+10
    -0.921952614E+10
    -0.921951879E+10
    -0.921947866E+10
    -0.921948352E+10
    -0.921949812E+10
    -0.921951801E+10
    -0.921951174E+10
    -0.921951802E+10
    -0.921952831E+10
    -0.921953362E+10
    -0.921954958E+10
    -0.921957141E+10
    -0.921956452E+10
    -0.921952689E+10
    -0.921953145E+10
    -0.921954514E+10
    -0.921956379E+10
    -0.921955791E+10
    -0.921956380E+10
    -0.921957345E+10
    -0.921957843E+10
    -0.921959338E+10
    -0.921961385E+10
    -0.921960739E+10
    -0.921957212E+10
    -0.921957639E+10
    -0.921958922E+10
    -0.921960671E+10
    -0.921960120E+10
    -0.921960672E+10
    -0.921961576E+10
    -0.921962043E+10
    -0.921963445E+10
    -0.921965364E+10
    -0.921964759E+10
    -0.921961451E+10
    -0.921961852E+10
    -0.921963055E+10
    -0.921964695E+10
    -0.921964178E+10
    -0.921964696E+10
    -0.921965544E+10
    -0.921965981E+10
    -0.921967296E+10
    -0.921969095E+10
    -0.921968527E+10
    -0.921965427E+10
    -0.921965802E+10
    -0.921966930E+10
    -0.921968467E+10
    -0.921967983E+10
    -0.921968468E+10
    -0.921969263E+10
    -0.921969674E+10
    -0.921970906E+10
    -0.921972593E+10
    -0.921972060E+10
    -0.921969153E+10
    -0.921969506E+10
    -0.921970563E+10
    -0.921972004E+10
    -0.921971550E+10
    -0.921972005E+10
    -0.921972751E+10
    -0.921973135E+10
    -0.921974291E+10
    -0.921975872E+10
    -0.921975373E+10
    -0.921972648E+10
    -0.921972978E+10
    -0.921973969E+10
    -0.921975321E+10
    -0.921974895E+10
    -0.921975321E+10
    -0.921976020E+10
    -0.921976381E+10
    -0.921977464E+10
    -0.921978947E+10
    -0.921978479E+10
    -0.921975924E+10
    -0.921976233E+10
    -0.921977163E+10
    -0.921978430E+10
    -0.921978030E+10
    -0.921978430E+10
    -0.921979086E+10
    -0.921979424E+10
    -0.921980440E+10
    -0.921981829E+10
    -0.921981391E+10
    -0.921978995E+10
    -0.921979285E+10
    -0.921980157E+10
    -0.921981345E+10
    -0.921980970E+10
    -0.921981345E+10
    -0.921981960E+10
    -0.921982277E+10
    -0.921983229E+10
    -0.921984532E+10
    -0.921984121E+10
    -0.921981875E+10
    -0.921982147E+10
    -0.921982964E+10
    -0.921984078E+10
    -0.921983727E+10
    -0.921984078E+10
    -0.921984654E+10
    -0.921984951E+10
    -0.921985844E+10
    -0.921987066E+10
    -0.921986680E+10
    -0.921984575E+10
    -0.921984830E+10
    -0.921985596E+10
    -0.921986640E+10
    -0.921986311E+10
    -0.921986640E+10
    -0.921987180E+10
    -0.921987459E+10
    -0.921988296E+10
    -0.921989442E+10
    -0.921989080E+10
    -0.921987106E+10
    -0.921987345E+10
    -0.921988063E+10
    -0.921989042E+10
    -0.921988734E+10
    -0.921989043E+10
    -0.921989549E+10
    -0.921989810E+10
    -0.921990595E+10
    -0.921991669E+10
    -0.921991330E+10
    -0.921989479E+10
    -0.921989703E+10
    -0.921990377E+10
    -0.921991295E+10
    -0.921991005E+10
    -0.921991295E+10
    -0.921991770E+10
    -0.921992015E+10
    -0.921992751E+10
    -0.921993757E+10
    -0.921993440E+10
    -0.921991704E+10
    -0.921991914E+10
    -0.921992546E+10
    -0.921993406E+10
    -0.921993135E+10
    -0.921993407E+10
    -0.921993852E+10
    -0.921994081E+10
    -0.921994771E+10
    -0.921995715E+10
    -0.921995417E+10
    -0.921993790E+10
    -0.921993987E+10
    -0.921994579E+10
    -0.921995386E+10
    -0.921995132E+10
    -0.921995386E+10
    -0.921995804E+10
    -0.921996019E+10
    -0.921996666E+10
    -0.921997551E+10
    -0.921997272E+10
    -0.921995746E+10
    -0.921995931E+10
    -0.921996486E+10
    -0.921997242E+10
    -0.921997004E+10
    -0.921997243E+10
    -0.921997634E+10
    -0.921997836E+10
    -0.921998442E+10
    -0.921999272E+10
    -0.921999010E+10
    -0.921997580E+10
    -0.921997753E+10
    -0.921998273E+10
    -0.921998983E+10
    -0.921998759E+10
    -0.921998983E+10
    -0.921999350E+10
    -0.921999539E+10
    -0.922000108E+10
    -0.922000886E+10
    -0.922000640E+10
    -0.921999299E+10
    -0.921999462E+10
    -0.921999949E+10
    -0.922000614E+10
    -0.922000405E+10
    -0.922000615E+10
    -0.922000959E+10
    -0.922001136E+10
    -0.922001669E+10
    -0.922002399E+10
    -0.922002168E+10
    -0.922000911E+10
    -0.922001063E+10
    -0.922001521E+10
    -0.922002144E+10
    -0.922001948E+10
    -0.922002145E+10
    -0.922002467E+10
    -0.922002633E+10
    -0.922003133E+10
    -0.922003817E+10
    -0.922003601E+10
    -0.922002422E+10
    -0.922002565E+10
    -0.922002994E+10
    -0.922003579E+10
    -0.922003394E+10
    -0.922003579E+10
    -0.922003881E+10
    -0.922004037E+10
    -0.922004506E+10
    -0.922005147E+10
    -0.922004945E+10
    -0.922003839E+10
    -0.922003973E+10
    -0.922004375E+10
    -0.922004923E+10
    -0.922004751E+10
    -0.922004924E+10
    -0.922005207E+10
    -0.922005353E+10
    -0.922005793E+10
    -0.922006394E+10
    -0.922006204E+10
    -0.922005168E+10
    -0.922005293E+10
    -0.922005670E+10
    -0.922006184E+10
    -0.922006022E+10
    -0.922006184E+10
    -0.922006450E+10
    -0.922006587E+10
    -0.922006999E+10
    -0.922007563E+10
    -0.922007385E+10
    -0.922006414E+10
    -0.922006531E+10
    -0.922006885E+10
    -0.922007366E+10
    -0.922007215E+10
    -0.922007367E+10
    -0.922007616E+10
    -0.922007744E+10
    -0.922008131E+10
    -0.922008659E+10
    -0.922008492E+10
    -0.922007581E+10
    -0.922007692E+10
    -0.922008023E+10
    -0.922008475E+10
    -0.922008332E+10
    -0.922008475E+10
    -0.922008708E+10
    -0.922008829E+10
    -0.922009191E+10
    -0.922009687E+10
    -0.922009530E+10
    -0.922008676E+10
    -0.922008780E+10
    -0.922009090E+10
    -0.922009514E+10
    -0.922009380E+10
    -0.922009514E+10
    -0.922009733E+10
    -0.922009846E+10
    -0.922010186E+10
    -0.922010650E+10
    -0.922010504E+10
    -0.922009703E+10
    -0.922009800E+10
    -0.922010091E+10
    -0.922010488E+10
    -0.922010363E+10
    -0.922010488E+10
    -0.922010694E+10
    -0.922010800E+10
    -0.922011118E+10
    -0.922011553E+10
    -0.922011416E+10
    -0.922010665E+10
    -0.922010756E+10
    -0.922011029E+10
    -0.922011402E+10
    -0.922011284E+10
    -0.922011402E+10
    -0.922011594E+10
    -0.922011694E+10
    -0.922011992E+10
    -0.922012400E+10
    -0.922012271E+10
    -0.922011568E+10
    -0.922011653E+10
    -0.922011909E+10
    -0.922012258E+10
    -0.922012148E+10
    -0.922012258E+10
    -0.922012439E+10
    -0.922012532E+10
    -0.922012812E+10
    -0.922013194E+10
    -0.922013074E+10
    -0.922012414E+10
    -0.922012494E+10
    -0.922012734E+10
    -0.922013061E+10
    -0.922012958E+10
    -0.922013061E+10
    -0.922013230E+10
    -0.922013318E+10
    -0.922013580E+10
    -0.922013939E+10
    -0.922013826E+10
    -0.922013207E+10
    -0.922013282E+10
    -0.922013507E+10
    -0.922013814E+10
    -0.922013717E+10
    -0.922013814E+10
    -0.922013973E+10
    -0.922014054E+10
    -0.922014300E+10
    -0.922014637E+10
    -0.922014531E+10
    -0.922013951E+10
    -0.922014021E+10
    -0.922014232E+10
    -0.922014520E+10
    -0.922014429E+10
    -0.922014520E+10
    -0.922014668E+10
    -0.922014745E+10
    -0.922014976E+10
    -0.922015291E+10
    -0.922015192E+10
    -0.922014648E+10
    -0.922014714E+10
    -0.922014912E+10
    -0.922015181E+10
    -0.922015096E+10
    -0.922015181E+10
    -0.922015321E+10
    -0.922015393E+10
    -0.922015609E+10
    -0.922015905E+10
    -0.922015812E+10
    -0.922015302E+10
    -0.922015363E+10
    -0.922015549E+10
    -0.922015802E+10
    -0.922015722E+10
    -0.922015802E+10
    -0.922015933E+10
    -0.922016000E+10
    -0.922016203E+10
    -0.922016480E+10
    -0.922016393E+10
    -0.922015915E+10
    -0.922015973E+10
    -0.922016146E+10
    -0.922016384E+10
    -0.922016309E+10
    -0.922016384E+10
    -0.922016506E+10
    -0.922016570E+10
    -0.922016760E+10
    -0.922017020E+10
    -0.922016938E+10
    -0.922016489E+10
    -0.922016544E+10
    -0.922016707E+10
    -0.922016929E+10
    -0.922016859E+10
    -0.922016929E+10
    -0.922017044E+10
    -0.922017103E+10
    -0.922017282E+10
    -0.922017525E+10
    -0.922017448E+10
    -0.922017028E+10
    -0.922017079E+10
    -0.922017232E+10
    -0.922017440E+10
    -0.922017375E+10
    -0.922017440E+10
    -0.922017548E+10
    -0.922017604E+10
    -0.922017771E+10
    -0.922017999E+10
    -0.922017927E+10
    -0.922017533E+10
    -0.922017581E+10
    -0.922017724E+10
    -0.922017920E+10
    -0.922017858E+10
    -0.922017920E+10
    -0.922018021E+10
    -0.922018073E+10
    -0.922018230E+10
    -0.922018444E+10
    -0.922018376E+10
    -0.922018007E+10
    -0.922018052E+10
    -0.922018186E+10
    -0.922018369E+10
    -0.922018312E+10
    -0.922018369E+10
    -0.922018464E+10
    -0.922018513E+10
    -0.922018660E+10
    -0.922018861E+10
    -0.922018797E+10
    -0.922018451E+10
    -0.922018493E+10
    -0.922018619E+10
    -0.922018791E+10
    -0.922018737E+10
    -0.922018791E+10
    -0.922018880E+10
    -0.922018925E+10
    -0.922019063E+10
    -0.922019252E+10
    -0.922019192E+10
    -0.922018867E+10
    -0.922018907E+10
    -0.922019025E+10
    -0.922019186E+10
    -0.922019135E+10
    -0.922019186E+10
    -0.922019269E+10
    -0.922019312E+10
    -0.922019441E+10
    -0.922019618E+10
    -0.922019562E+10
    -0.922019258E+10
    -0.922019295E+10
    -0.922019405E+10
    -0.922019556E+10
    -0.922019509E+10
    -0.922019556E+10
    -0.922019635E+10
    -0.922019675E+10
    -0.922019796E+10
    -0.922019961E+10
    -0.922019909E+10
    -0.922019624E+10
    -0.922019658E+10
    -0.922019762E+10
    -0.922019904E+10
    -0.922019859E+10
    -0.922019904E+10
    -0.922019977E+10
    -0.922020015E+10
    -0.922020128E+10
    -0.922020284E+10
    -0.922020235E+10
    -0.922019967E+10
    -0.922019999E+10
    -0.922020097E+10
    -0.922020229E+10
    -0.922020188E+10
    -0.922020229E+10
    -0.922020298E+10
    -0.922020333E+10
    -0.922020440E+10
    -0.922020586E+10
    -0.922020540E+10
    -0.922020289E+10
    -0.922020319E+10
    -0.922020410E+10
    -0.922020535E+10
    -0.922020496E+10
    -0.922020535E+10
    -0.922020599E+10
    -0.922020632E+10
    -0.922020732E+10
    -0.922020869E+10
    -0.922020826E+10
    -0.922020590E+10
    -0.922020619E+10
    -0.922020704E+10
    -0.922020821E+10
    -0.922020784E+10
    -0.922020821E+10
    -0.922020881E+10
    -0.922020913E+10
    -0.922021006E+10
    -0.922021134E+10
    -0.922021094E+10
    -0.922020873E+10
    -0.922020900E+10
    -0.922020980E+10
    -0.922021089E+10
    -0.922021055E+10
    -0.922021089E+10
    -0.922021146E+10
    -0.922021175E+10
    -0.922021263E+10
    -0.922021383E+10
    -0.922021345E+10
    -0.922021138E+10
    -0.922021163E+10
    -0.922021239E+10
    -0.922021341E+10
    -0.922021309E+10
    -0.922021341E+10
    -0.922021394E+10
    -0.922021422E+10
    -0.922021504E+10
    -0.922021616E+10
    -0.922021581E+10
    -0.922021387E+10
    -0.922021410E+10
    -0.922021481E+10
    -0.922021577E+10
    -0.922021547E+10
    -0.922021577E+10
    -0.922021627E+10
    -0.922021652E+10
    -0.922021730E+10
    -0.922021835E+10
    -0.922021802E+10
    -0.922021620E+10
    -0.922021642E+10
    -0.922021708E+10
    -0.922021798E+10
    -0.922021770E+10
    -0.922021798E+10
    -0.922021845E+10
    -0.922021869E+10
    -0.922021941E+10
    -0.922022040E+10
    -0.922022009E+10
    -0.922021838E+10
    -0.922021859E+10
    -0.922021921E+10
    -0.922022006E+10
    -0.922021979E+10
    -0.922022006E+10
    -0.922022049E+10
    -0.922022072E+10
    -0.922022140E+10
    -0.922022232E+10
    -0.922022203E+10
    -0.922022043E+10
    -0.922022063E+10
    -0.922022121E+10
    -0.922022200E+10
    -0.922022175E+10
    -0.922022200E+10
    -0.922022241E+10
    -0.922022262E+10
    -0.922022326E+10
    -0.922022413E+10
    -0.922022385E+10
    -0.922022235E+10
    -0.922022254E+10
    -0.922022308E+10
    -0.922022382E+10
    -0.922022359E+10
    -0.922022382E+10
    -0.922022421E+10
    -0.922022441E+10
    -0.922022500E+10
    -0.922022582E+10
    -0.922022556E+10
    -0.922022416E+10
    -0.922022433E+10
    -0.922022484E+10
    -0.922022553E+10
    -0.922022531E+10
    -0.922022553E+10
    -0.922022589E+10
    -0.922022608E+10
    -0.922022664E+10
    -0.922022740E+10
    -0.922022716E+10
    -0.922022584E+10
    -0.922022600E+10
    -0.922022648E+10
    -0.922022714E+10
    -0.922022693E+10
    -0.922022714E+10
    -0.922022747E+10
    -0.922022765E+10
    -0.922022817E+10
    -0.922022889E+10
    -0.922022866E+10
    -0.922022743E+10
    -0.922022758E+10
    -0.922022803E+10
    -0.922022864E+10
    -0.922022845E+10
    -0.922022864E+10
    -0.922022896E+10
    -0.922022912E+10
    -0.922022961E+10
    -0.922023028E+10
    -0.922023007E+10
    -0.922022891E+10
    -0.922022905E+10
    -0.922022947E+10
    -0.922023005E+10
    -0.922022987E+10
    -0.922023005E+10
    -0.922023035E+10
    -0.922023050E+10
    -0.922023096E+10
    -0.922023159E+10
    -0.922023139E+10
    -0.922023030E+10
    -0.922023044E+10
    -0.922023083E+10
    -0.922023137E+10
    -0.922023120E+10
    -0.922023137E+10
    -0.922023165E+10
    -0.922023179E+10
    -0.922023222E+10
    -0.922023281E+10
    -0.922023263E+10
    -0.922023161E+10
    -0.922023173E+10
    -0.922023210E+10
    -0.922023261E+10
    -0.922023245E+10
    -0.922023261E+10
    -0.922023287E+10
    -0.922023300E+10
    -0.922023341E+10
    -0.922023396E+10
    -0.922023379E+10
    -0.922023283E+10
    -0.922023295E+10
    -0.922023330E+10
    -0.922023377E+10
    -0.922023362E+10
    -0.922023377E+10
    -0.922023401E+10
    -0.922023414E+10
    -0.922023452E+10
    -0.922023504E+10
    -0.922023487E+10
    -0.922023398E+10
    -0.922023409E+10
    -0.922023441E+10
    -0.922023486E+10
    -0.922023472E+10
    -0.922023486E+10
    -0.922023509E+10
    -0.922023521E+10
    -0.922023556E+10
    -0.922023605E+10
    -0.922023589E+10
    -0.922023506E+10
    -0.922023516E+10
    -0.922023546E+10
    -0.922023588E+10
    -0.922023575E+10
    -0.922023588E+10
    -0.922023609E+10
    -0.922023620E+10
    -0.922023654E+10
    -0.922023699E+10
    -0.922023685E+10
    -0.922023606E+10
    -0.922023616E+10
    -0.922023645E+10
    -0.922023684E+10
    -0.922023671E+10
    -0.922023684E+10
    -0.922023704E+10
    -0.922023714E+10
    -0.922023745E+10
    -0.922023788E+10
    -0.922023775E+10
    -0.922023701E+10
    -0.922023710E+10
    -0.922023737E+10
    -0.922023773E+10
    -0.922023762E+10
    -0.922023773E+10
    -0.922023792E+10
    -0.922023802E+10
    -0.922023831E+10
    -0.922023871E+10
    -0.922023859E+10
    -0.922023790E+10
    -0.922023798E+10
    -0.922023823E+10
    -0.922023857E+10
    -0.922023847E+10
    -0.922023857E+10
    -0.922023875E+10
    -0.922023884E+10
    -0.922023912E+10
    -0.922023949E+10
    -0.922023937E+10
    -0.922023873E+10
    -0.922023881E+10
    -0.922023904E+10
    -0.922023936E+10
    -0.922023926E+10
    -0.922023936E+10
    -0.922023953E+10
    -0.922023961E+10
    -0.922023987E+10
    -0.922024022E+10
    -0.922024011E+10
    -0.922023951E+10
    -0.922023958E+10
    -0.922023980E+10
    -0.922024010E+10
    -0.922024001E+10
    -0.922024010E+10
    -0.922024026E+10
    -0.922024034E+10
    -0.922024058E+10
    -0.922024091E+10
    -0.922024081E+10
    -0.922024024E+10
    -0.922024031E+10
    -0.922024051E+10
    -0.922024080E+10
    -0.922024071E+10
    -0.922024080E+10
    -0.922024094E+10
    -0.922024102E+10
    -0.922024124E+10
    -0.922024155E+10
    -0.922024146E+10
    -0.922024092E+10
    -0.922024099E+10
    -0.922024118E+10
    -0.922024145E+10
    -0.922024136E+10
    -0.922024145E+10
    -0.922024158E+10
    -0.922024165E+10
    -0.922024187E+10
    -0.922024216E+10
    -0.922024206E+10
    -0.922024156E+10
    -0.922024162E+10
    -0.922024181E+10
    -0.922024205E+10
    -0.922024198E+10
    -0.922024205E+10
    -0.922024218E+10
    -0.922024225E+10
    -0.922024245E+10
    -0.922024272E+10
    -0.922024264E+10
    -0.922024217E+10
    -0.922024222E+10
    -0.922024239E+10
    -0.922024263E+10
    -0.922024255E+10
    -0.922024263E+10
    -0.922024275E+10
    -0.922024281E+10
    -0.922024300E+10
    -0.922024325E+10
    -0.922024317E+10
    -0.922024273E+10
    -0.922024278E+10
    -0.922024294E+10
    -0.922024316E+10
    -0.922024309E+10
    -0.922024316E+10
    -0.922024327E+10
    -0.922024333E+10
    -0.922024351E+10
    -0.922024375E+10
    -0.922024367E+10
    -0.922024326E+10
    -0.922024331E+10
    -0.922024346E+10
    -0.922024366E+10
    -0.922024360E+10
    -0.922024366E+10
    -0.922024377E+10
    -0.922024382E+10
    -0.922024399E+10
    -0.922024421E+10
    -0.922024414E+10
    -0.922024376E+10
    -0.922024380E+10
    -0.922024394E+10
    -0.922024414E+10
    -0.922024407E+10
    -0.922024414E+10
    -0.922024423E+10
    -0.922024429E+10
    -0.922024444E+10
    -0.922024465E+10
    -0.922024458E+10
    -0.922024422E+10
    -0.922024426E+10
    -0.922024440E+10
    -0.922024458E+10
    -0.922024452E+10
    -0.922024458E+10
    -0.922024467E+10
    -0.922024472E+10
    -0.922024486E+10
    -0.922024506E+10
    -0.922024500E+10
    -0.922024466E+10
    -0.922024470E+10
    -0.922024482E+10
    -0.922024499E+10
    -0.922024494E+10
    -0.922024499E+10
    -0.922024508E+10
    -0.922024512E+10
    -0.922024526E+10
    -0.922024544E+10
    -0.922024539E+10
    -0.922024507E+10
    -0.922024510E+10
    -0.922024522E+10
    -0.922024538E+10
    -0.922024533E+10
    -0.922024538E+10
    -0.922024546E+10
    -0.922024550E+10
    -0.922024563E+10
    -0.922024580E+10
    -0.922024575E+10
    -0.922024545E+10
    -0.922024549E+10
    -0.922024559E+10
    -0.922024574E+10
    -0.922024570E+10
    -0.922024574E+10
    -0.922024582E+10
    -0.922024586E+10
    -0.922024598E+10
    -0.922024614E+10
    -0.922024609E+10
    -0.922024581E+10
    -0.922024584E+10
    -0.922024595E+10
    -0.922024608E+10
    -0.922024604E+10
    -0.922024608E+10
    -0.922024616E+10
    -0.922024619E+10
    -0.922024630E+10
    -0.922024646E+10
    -0.922024641E+10
    -0.922024615E+10
    -0.922024618E+10
    -0.922024627E+10
    -0.922024640E+10
    -0.922024636E+10
    -0.922024640E+10
    -0.922024647E+10
    -0.922024651E+10
    -0.922024661E+10
    -0.922024675E+10
    -0.922024671E+10
    -0.922024646E+10
    -0.922024649E+10
    -0.922024658E+10
    -0.922024670E+10
    -0.922024667E+10
    -0.922024670E+10
    -0.922024677E+10
    -0.922024680E+10
    -0.922024690E+10
    -0.922024703E+10
    -0.922024699E+10
    -0.922024676E+10
    -0.922024679E+10
    -0.922024687E+10
    -0.922024699E+10
    -0.922024695E+10
    -0.922024699E+10
    -0.922024704E+10
    -0.922024708E+10
    -0.922024717E+10
    -0.922024729E+10
    -0.922024725E+10
    -0.922024704E+10
    -0.922024706E+10
    -0.922024714E+10
    -0.922024725E+10
    -0.922024722E+10
    -0.922024725E+10
    -0.922024730E+10
    -0.922024733E+10
    -0.922024742E+10
    -0.922024754E+10
    -0.922024750E+10
    -0.922024730E+10
    -0.922024732E+10
    -0.922024740E+10
    -0.922024750E+10
    -0.922024746E+10
    -0.922024750E+10
    -0.922024755E+10
    -0.922024758E+10
    -0.922024766E+10
    -0.922024777E+10
    -0.922024773E+10
    -0.922024754E+10
    -0.922024756E+10
    -0.922024763E+10
    -0.922024773E+10
    -0.922024770E+10
    -0.922024773E+10
    -0.922024778E+10
    -0.922024780E+10
    -0.922024788E+10
    -0.922024798E+10
    -0.922024795E+10
    -0.922024777E+10
    -0.922024779E+10
    -0.922024786E+10
    -0.922024795E+10
    -0.922024792E+10
    -0.922024795E+10
    -0.922024799E+10
    -0.922024801E+10
    -0.922024809E+10
    -0.922024818E+10
    -0.922024815E+10
    -0.922024798E+10
    -0.922024801E+10
    -0.922024807E+10
    -0.922024815E+10
    -0.922024812E+10
    -0.922024815E+10
    -0.922024819E+10
    -0.922024821E+10
    -0.922024828E+10
    -0.922024837E+10
    -0.922024834E+10
    -0.922024819E+10
    -0.922024821E+10
    -0.922024826E+10
    -0.922024834E+10
    -0.922024832E+10
    -0.922024834E+10
    -0.922024838E+10
    -0.922024840E+10
    -0.922024846E+10
    -0.922024855E+10
    -0.922024852E+10
    -0.922024837E+10
    -0.922024839E+10
    -0.922024845E+10
    -0.922024852E+10
    -0.922024850E+10
    -0.922024852E+10
    -0.922024856E+10
    -0.922024858E+10
    -0.922024863E+10
    -0.922024872E+10
    -0.922024869E+10
    -0.922024855E+10
    -0.922024857E+10
    -0.922024862E+10
    -0.922024869E+10
    -0.922024867E+10
    -0.922024869E+10
    -0.922024872E+10
    -0.922024874E+10
    -0.922024880E+10
    -0.922024887E+10
    -0.922024885E+10
    -0.922024872E+10
    -0.922024873E+10
    -0.922024878E+10
    -0.922024884E+10
    -0.922024882E+10
    -0.922024884E+10
    -0.922024888E+10
    -0.922024889E+10
    -0.922024895E+10
    -0.922024902E+10
    -0.922024899E+10
    -0.922024887E+10
    -0.922024889E+10
    -0.922024893E+10
    -0.922024899E+10
    -0.922024897E+10
    -0.922024899E+10
    -0.922024902E+10
    -0.922024904E+10
    -0.922024909E+10
    -0.922024915E+10
    -0.922024913E+10
    -0.922024902E+10
    -0.922024903E+10
    -0.922024907E+10
    -0.922024913E+10
    -0.922024911E+10
    -0.922024913E+10
    -0.922024916E+10
    -0.922024917E+10
    -0.922024922E+10
    -0.922024928E+10
    -0.922024926E+10
    -0.922024916E+10
    -0.922024917E+10
    -0.922024921E+10
    -0.922024926E+10
    -0.922024924E+10
    -0.922024926E+10
    -0.922024929E+10
    -0.922024930E+10
    -0.922024934E+10
    -0.922024940E+10
    -0.922024938E+10
    -0.922024928E+10
    -0.922024930E+10
    -0.922024933E+10
    -0.922024938E+10
    -0.922024937E+10
    -0.922024938E+10
    -0.922024941E+10
    -0.922024942E+10
    -0.922024946E+10
    -0.922024952E+10
    -0.922024950E+10
    -0.922024940E+10
    -0.922024942E+10
    -0.922024945E+10
    -0.922024950E+10
    -0.922024948E+10
    -0.922024950E+10
    -0.922024952E+10
    -0.922024953E+10
    -0.922024957E+10
    -0.922024962E+10
    -0.922024960E+10
    -0.922024952E+10
    -0.922024953E+10
    -0.922024956E+10
    -0.922024960E+10
    -0.922024959E+10
    -0.922024960E+10
    -0.922024963E+10
    -0.922024964E+10
    -0.922024967E+10
    -0.922024972E+10
    -0.922024970E+10
    -0.922024962E+10
    -0.922024963E+10
    -0.922024966E+10
    -0.922024970E+10
    -0.922024969E+10
    -0.922024970E+10
    -0.922024972E+10
    -0.922024974E+10
    -0.922024977E+10
    -0.922024981E+10
    -0.922024980E+10
    -0.922024972E+10
    -0.922024973E+10
    -0.922024976E+10
    -0.922024980E+10
    -0.922024979E+10
    -0.922024980E+10
    -0.922024982E+10
    -0.922024983E+10
    -0.922024986E+10
    -0.922024990E+10
    -0.922024989E+10
    -0.922024981E+10
    -0.922024982E+10
    -0.922024985E+10
    -0.922024989E+10
    -0.922024987E+10
    -0.922024989E+10
    -0.922024990E+10
    -0.922024991E+10
    -0.922024994E+10
    -0.922024998E+10
    -0.922024997E+10
    -0.922024990E+10
    -0.922024991E+10
    -0.922024993E+10
    -0.922024997E+10
    -0.922024996E+10
    -0.922024997E+10
    -0.922024999E+10
    -0.922024999E+10
    -0.922025002E+10
    -0.922025006E+10
    -0.922025005E+10
    -0.922024998E+10
    -0.922024999E+10
    -0.922025001E+10
    -0.922025005E+10
    -0.922025004E+10
    -0.922025005E+10
    -0.922025006E+10
    -0.922025007E+10
    -0.922025010E+10
    -0.922025013E+10
    -0.922025012E+10
    -0.922025006E+10
    -0.922025007E+10
    -0.922025009E+10
    -0.922025012E+10
    -0.922025011E+10
    -0.922025012E+10
    -0.922025013E+10
    -0.922025014E+10
    -0.922025017E+10
    -0.922025020E+10
    -0.922025019E+10
    -0.922025013E+10
    -0.922025014E+10
    -0.922025016E+10
    -0.922025019E+10
    -0.922025018E+10
    -0.922025019E+10
    -0.922025020E+10
    -0.922025021E+10
    -0.922025023E+10
    -0.922025026E+10
    -0.922025025E+10
    -0.922025020E+10
    -0.922025021E+10
    -0.922025022E+10
    -0.922025025E+10
    -0.922025024E+10
    -0.922025025E+10
    -0.922025026E+10
    -0.922025027E+10
    -0.922025029E+10
    -0.922025032E+10
    -0.922025031E+10
    -0.922025026E+10
    -0.922025027E+10
    -0.922025029E+10
    -0.922025031E+10
    -0.922025030E+10
    -0.922025031E+10
    -0.922025032E+10
    -0.922025033E+10
    -0.922025035E+10
    -0.922025038E+10
    -0.922025037E+10
    -0.922025032E+10
    -0.922025033E+10
    -0.922025034E+10
    -0.922025037E+10
    -0.922025036E+10
    -0.922025037E+10
    -0.922025038E+10
    -0.922025038E+10
    -0.922025040E+10
    -0.922025043E+10
    -0.922025042E+10
    -0.922025038E+10
    -0.922025038E+10
    -0.922025040E+10
    -0.922025042E+10
    -0.922025041E+10
    -0.922025042E+10
    -0.922025043E+10
    -0.922025044E+10
    -0.922025045E+10
    -0.922025048E+10
    -0.922025047E+10
    -0.922025043E+10
    -0.922025043E+10
    -0.922025045E+10
    -0.922025047E+10
    -0.922025046E+10
    -0.922025047E+10
    -0.922025048E+10
    -0.922025048E+10
    -0.922025050E+10
    -0.922025052E+10
    -0.922025052E+10
    -0.922025048E+10
    -0.922025048E+10
    -0.922025050E+10
    -0.922025051E+10
    -0.922025051E+10
    -0.922025051E+10
    -0.922025052E+10
    -0.922025053E+10
    -0.922025054E+10
    -0.922025057E+10
    -0.922025056E+10
    -0.922025052E+10
    -0.922025053E+10
    -0.922025054E+10
    -0.922025056E+10
    -0.922025055E+10
    -0.922025056E+10
    -0.922025057E+10
    -0.922025057E+10
    -0.922025059E+10
    -0.922025061E+10
    -0.922025060E+10
    -0.922025057E+10
    -0.922025057E+10
    -0.922025058E+10
    -0.922025060E+10
    -0.922025059E+10
    -0.922025060E+10
    -0.922025061E+10
    -0.922025061E+10
    -0.922025062E+10
    -0.922025064E+10
    -0.922025064E+10
    -0.922025061E+10
    -0.922025061E+10
    -0.922025062E+10
    -0.922025064E+10
    -0.922025063E+10
    -0.922025064E+10
    -0.922025064E+10
    -0.922025065E+10
    -0.922025066E+10
    -0.922025068E+10
    -0.922025067E+10
    -0.922025064E+10
    -0.922025065E+10
    -0.922025066E+10
    -0.922025067E+10
    -0.922025067E+10
    -0.922025067E+10
    -0.922025068E+10
    -0.922025068E+10
    -0.922025070E+10
    -0.922025071E+10
    -0.922025071E+10
    -0.922025068E+10
    -0.922025068E+10
    -0.922025069E+10
    -0.922025071E+10
    -0.922025070E+10
    -0.922025071E+10
    -0.922025071E+10
    -0.922025072E+10
    -0.922025073E+10
    -0.922025074E+10
    -0.922025074E+10
    -0.922025071E+10
    -0.922025072E+10
    -0.922025072E+10
    -0.922025074E+10
    -0.922025073E+10
    -0.922025074E+10
    -0.922025074E+10
    -0.922025075E+10
    -0.922025076E+10
    -0.922025077E+10
    -0.922025077E+10
    -0.922025074E+10
    -0.922025075E+10
    -0.922025075E+10
    -0.922025077E+10
    -0.922025076E+10
    -0.922025077E+10
    -0.922025077E+10
    -0.922025078E+10
    -0.922025079E+10
    -0.922025080E+10
    -0.922025079E+10
    -0.922025077E+10
    -0.922025077E+10
    -0.922025078E+10
    -0.922025079E+10
    -0.922025079E+10
    -0.922025079E+10
    -0.922025080E+10
    -0.922025080E+10
    -0.922025081E+10
    -0.922025082E+10
    -0.922025082E+10
    -0.922025080E+10
    -0.922025080E+10
    -0.922025081E+10
    -0.922025082E+10
    -0.922025082E+10
    -0.922025082E+10
    -0.922025083E+10
    -0.922025083E+10
    -0.922025084E+10
    -0.922025085E+10
    -0.922025085E+10
    -0.922025083E+10
    -0.922025083E+10
    -0.922025083E+10
    -0.922025084E+10
    -0.922025084E+10
    -0.922025084E+10
    -0.922025085E+10
    -0.922025085E+10
    -0.922025086E+10
    -0.922025087E+10
    -0.922025087E+10
    -0.922025085E+10
    -0.922025085E+10
    -0.922025086E+10
    -0.922025087E+10
    -0.922025086E+10
    -0.922025087E+10
    -0.922025087E+10
    -0.922025087E+10
    -0.922025088E+10
    -0.922025089E+10
    -0.922025089E+10
    -0.922025087E+10
    -0.922025087E+10
    -0.922025088E+10
    -0.922025089E+10
    -0.922025089E+10
    -0.922025089E+10
    -0.922025089E+10
    -0.922025090E+10
    -0.922025090E+10
    -0.922025091E+10
    -0.922025091E+10
    -0.922025089E+10
    -0.922025089E+10
    -0.922025090E+10
    -0.922025091E+10
    -0.922025091E+10
    -0.922025091E+10
    -0.922025091E+10
    -0.922025092E+10
    -0.922025092E+10
    -0.922025093E+10
    -0.922025093E+10
    -0.922025091E+10
    -0.922025091E+10
    -0.922025092E+10
    -0.922025093E+10
    -0.922025093E+10
    -0.922025093E+10
    -0.922025093E+10
    -0.922025093E+10
    -0.922025094E+10
    -0.922025095E+10
    -0.922025095E+10
    -0.922025093E+10
    -0.922025093E+10
    -0.922025094E+10
    -0.922025095E+10
    -0.922025094E+10
    -0.922025095E+10
    -0.922025095E+10
    -0.922025095E+10
    -0.922025096E+10
    -0.922025096E+10
    -0.922025096E+10
    -0.922025095E+10
    -0.922025095E+10
    -0.922025095E+10
    -0.922025096E+10
    -0.922025096E+10
    -0.922025096E+10
    -0.922025097E+10
    -0.922025097E+10
    -0.922025097E+10
    -0.922025098E+10
    -0.922025098E+10
    -0.922025096E+10
    -0.922025097E+10
    -0.922025097E+10
    -0.922025098E+10
    -0.922025098E+10
    -0.922025098E+10
    -0.922025098E+10
    -0.922025098E+10
    -0.922025099E+10
    -0.922025099E+10
    -0.922025099E+10
    -0.922025098E+10
    -0.922025098E+10
    -0.922025099E+10
    -0.922025099E+10
    -0.922025099E+10
    -0.922025099E+10
    -0.922025099E+10
    -0.922025100E+10
    -0.922025100E+10
    -0.922025101E+10
    -0.922025101E+10
    -0.922025099E+10
    -0.922025100E+10
    -0.922025100E+10
    -0.922025101E+10
    -0.922025100E+10
    -0.922025101E+10
    -0.922025101E+10
    -0.922025101E+10
    -0.922025101E+10
    -0.922025102E+10
    -0.922025102E+10
    -0.922025101E+10
    -0.922025101E+10
    -0.922025101E+10
    -0.922025102E+10
    -0.922025102E+10
    -0.922025102E+10
    -0.922025102E+10
    -0.922025102E+10
    -0.922025103E+10
    -0.922025103E+10
    -0.922025103E+10
    -0.922025102E+10
    -0.922025102E+10
    -0.922025103E+10
    -0.922025103E+10
    -0.922025103E+10
    -0.922025103E+10
    -0.922025103E+10
    -0.922025103E+10
    -0.922025104E+10
    -0.922025104E+10
    -0.922025104E+10
    -0.922025103E+10
    -0.922025103E+10
    -0.922025104E+10
    -0.922025104E+10
    -0.922025104E+10
    -0.922025104E+10
    -0.922025104E+10
    -0.922025104E+10
    -0.922025105E+10
    -0.922025105E+10
    -0.922025105E+10
    -0.922025104E+10
    -0.922025104E+10
    -0.922025105E+10
    -0.922025105E+10
    -0.922025105E+10
    -0.922025105E+10
    -0.922025105E+10
    -0.922025106E+10
    -0.922025106E+10
    -0.922025106E+10
    -0.922025106E+10
    -0.922025105E+10
    -0.922025105E+10
    -0.922025106E+10
    -0.922025106E+10
    -0.922025106E+10
    -0.922025106E+10
    -0.922025106E+10
    -0.922025106E+10
    -0.922025107E+10
    -0.922025107E+10
    -0.922025107E+10
    -0.922025106E+10
    -0.922025106E+10
    -0.922025107E+10
    -0.922025107E+10
    -0.922025107E+10
    -0.922025107E+10
    -0.922025107E+10
    -0.922025107E+10
    -0.922025108E+10
    -0.922025108E+10
    -0.922025108E+10
    -0.922025107E+10
    -0.922025107E+10
    -0.922025108E+10
    -0.922025108E+10
    -0.922025108E+10
    -0.922025108E+10
    -0.922025108E+10
    -0.922025108E+10
    -0.922025108E+10
    -0.922025109E+10
    -0.922025109E+10
    -0.922025108E+10
    -0.922025108E+10
    -0.922025108E+10
    -0.922025109E+10
    -0.922025109E+10
    -0.922025109E+10
    -0.922025109E+10
    -0.922025109E+10
    -0.922025109E+10
    -0.922025110E+10
    -0.922025110E+10
    -0.922025109E+10
    -0.922025109E+10
    -0.922025109E+10
    -0.922025110E+10
    -0.922025109E+10
    -0.922025110E+10
    -0.922025110E+10
    -0.922025110E+10
    -0.922025110E+10
    -0.922025110E+10
    -0.922025110E+10
    -0.922025110E+10
    -0.922025110E+10
    -0.922025110E+10
    -0.922025110E+10
    -0.922025110E+10
    -0.922025110E+10
    -0.922025110E+10
    -0.922025110E+10
    -0.922025111E+10
    -0.922025111E+10
    -0.922025111E+10
    -0.922025110E+10
    -0.922025110E+10
    -0.922025111E+10
    -0.922025111E+10
    -0.922025111E+10
    -0.922025111E+10
    -0.922025111E+10
    -0.922025111E+10
    -0.922025111E+10
    -0.922025112E+10
    -0.922025112E+10
    -0.922025111E+10
    -0.922025111E+10
    -0.922025111E+10
    -0.922025112E+10
    -0.922025111E+10
    -0.922025112E+10
    -0.922025112E+10
    -0.922025112E+10
    -0.922025112E+10
    -0.922025112E+10
    -0.922025112E+10
    -0.922025112E+10
    -0.922025112E+10
    -0.922025112E+10
    -0.922025112E+10
    -0.922025112E+10
    -0.922025112E+10
    -0.922025112E+10
    -0.922025112E+10
    -0.922025112E+10
    -0.922025113E+10
    -0.922025113E+10
    -0.922025112E+10
    -0.922025112E+10
    -0.922025112E+10
    -0.922025113E+10
    -0.922025113E+10
    -0.922025113E+10
    -0.922025113E+10
    -0.922025113E+10
    -0.922025113E+10
    -0.922025113E+10
    -0.922025113E+10
    -0.922025113E+10
    -0.922025113E+10
    -0.922025113E+10
    -0.922025113E+10
    -0.922025113E+10
    -0.922025113E+10
    -0.922025113E+10
    -0.922025113E+10
    -0.922025114E+10
    -0.922025114E+10
    -0.922025114E+10
    -0.922025113E+10
    -0.922025113E+10
    -0.922025113E+10
    -0.922025114E+10
    -0.922025114E+10
    -0.922025114E+10
    -0.922025114E+10
    -0.922025114E+10
    -0.922025114E+10
    -0.922025114E+10
    -0.922025114E+10
    -0.922025114E+10
    -0.922025114E+10
    -0.922025114E+10
    -0.922025114E+10
    -0.922025114E+10
    -0.922025114E+10
    -0.922025114E+10
    -0.922025114E+10
    -0.922025114E+10
    -0.922025115E+10
    -0.922025115E+10
    -0.922025114E+10
    -0.922025114E+10
    -0.922025114E+10
    -0.922025115E+10
    -0.922025114E+10
    -0.922025115E+10
    -0.922025115E+10
    -0.922025115E+10
    -0.922025115E+10
    -0.922025115E+10
    -0.922025115E+10
    -0.922025115E+10
    -0.922025115E+10
    -0.922025115E+10
    -0.922025115E+10
    -0.922025115E+10
    -0.922025115E+10
    -0.922025115E+10
    -0.922025115E+10
    -0.922025115E+10
    -0.922025115E+10
    -0.922025115E+10
    -0.922025115E+10
    -0.922025115E+10
    -0.922025115E+10
    -0.922025115E+10
    -0.922025115E+10
    -0.922025115E+10
    -0.922025115E+10
    -0.922025115E+10
    -0.922025116E+10
    -0.922025116E+10
    -0.922025116E+10
    -0.922025115E+10
    -0.922025115E+10
    -0.922025116E+10
    -0.922025116E+10
    -0.922025116E+10
    -0.922025116E+10
    -0.922025116E+10
    -0.922025116E+10
    -0.922025116E+10
    -0.922025116E+10
    -0.922025116E+10
    -0.922025116E+10
    -0.922025116E+10
    -0.922025116E+10
    -0.922025116E+10
    -0.922025116E+10
    -0.922025116E+10
    -0.922025116E+10
    -0.922025116E+10
    -0.922025116E+10
    -0.922025116E+10
    -0.922025116E+10
    -0.922025116E+10
    -0.922025116E+10
    -0.922025116E+10
    -0.922025116E+10
    -0.922025116E+10
    -0.922025116E+10
    -0.922025116E+10
    -0.922025116E+10
    -0.922025117E+10
    -0.922025117E+10
    -0.922025117E+10
    -0.922025116E+10
    -0.922025116E+10
    -0.922025116E+10
    -0.922025117E+10
    -0.922025117E+10
    -0.922025117E+10
    -0.922025117E+10
    -0.922025117E+10
    -0.922025117E+10
    -0.922025117E+10
    -0.922025117E+10
    -0.922025117E+10
    -0.922025117E+10
    -0.922025117E+10
    -0.922025117E+10
    -0.922025117E+10
    -0.922025117E+10
    -0.922025117E+10
    -0.922025117E+10
    -0.922025117E+10
    -0.922025117E+10
    -0.922025117E+10
    -0.922025117E+10
    -0.922025117E+10
    -0.922025117E+10
    -0.922025117E+10
    -0.922025117E+10
    -0.922025117E+10
    -0.922025117E+10
    -0.922025117E+10
    -0.922025117E+10
    -0.922025117E+10
    -0.922025117E+10
    -0.922025117E+10
    -0.922025117E+10
    -0.922025117E+10
    -0.922025117E+10
    -0.922025117E+10
    -0.922025117E+10
    -0.922025117E+10
    -0.922025117E+10
    -0.922025118E+10
    -0.922025118E+10
    -0.922025118E+10
    -0.922025117E+10
    -0.922025117E+10
    -0.922025117E+10
    -0.922025118E+10
    -0.922025118E+10
    -0.922025118E+10
    -0.922025118E+10
    -0.922025118E+10
    -0.922025118E+10
    -0.922025118E+10
    -0.922025118E+10
    -0.922025118E+10
    -0.922025118E+10
    -0.922025118E+10
    -0.922025118E+10
    -0.922025118E+10
    -0.922025118E+10
    -0.922025118E+10
    -0.922025118E+10
    -0.922025118E+10
    -0.922025118E+10
    -0.922025118E+10
    -0.922025118E+10
    -0.922025118E+10
    -0.922025118E+10
    -0.922025118E+10
    -0.922025118E+10
    -0.922025118E+10
    -0.922025118E+10
    -0.922025118E+10
    -0.922025118E+10
    -0.922025118E+10
    -0.922025118E+10
    -0.922025118E+10
    -0.922025118E+10
    -0.922025118E+10
    -0.922025118E+10
    -0.922025118E+10
    -0.922025118E+10
    -0.922025118E+10
    -0.922025118E+10
    -0.922025118E+10
    -0.922025118E+10
    -0.922025118E+10
    -0.922025118E+10
    -0.922025118E+10
    -0.922025118E+10
    -0.922025118E+10
    -0.922025118E+10
    -0.922025118E+10
    -0.922025118E+10
    -0.922025118E+10
    -0.922025118E+10
    -0.922025119E+10
    -0.922025119E+10
    -0.922025118E+10
    -0.922025118E+10
    -0.922025118E+10
    -0.922025119E+10
    -0.922025118E+10
    -0.922025119E+10
    -0.922025119E+10
    -0.922025119E+10
    -0.922025119E+10
    -0.922025119E+10
    -0.922025119E+10
    -0.922025119E+10
    -0.922025119E+10
    -0.922025119E+10
    -0.922025119E+10
    -0.922025119E+10
    -0.922025119E+10
    -0.922025119E+10
    -0.922025119E+10
    -0.922025119E+10
    -0.922025119E+10
    -0.922025119E+10
    -0.922025119E+10
    -0.922025119E+10
    -0.922025119E+10
    -0.922025119E+10
    -0.922025119E+10
    -0.922025119E+10
    -0.922025119E+10
    -0.922025119E+10
    -0.922025119E+10
    -0.922025119E+10
    -0.922025119E+10
    -0.922025119E+10
    -0.922025119E+10
    -0.922025119E+10
    -0.922025119E+10
    -0.922025119E+10
    -0.922025119E+10
    -0.922025119E+10
    -0.922025119E+10
    -0.922025119E+10
    -0.922025119E+10
    -0.922025119E+10
    -0.922025119E+10
    -0.922025119E+10
    -0.922025119E+10
    -0.922025119E+10
    -0.922025119E+10
    -0.922025119E+10
    -0.922025119E+10
    -0.922025119E+10
    -0.922025119E+10
    -0.922025119E+10
    -0.922025119E+10
    -0.922025119E+10
    -0.922025119E+10
    -0.922025119E+10
    -0.922025119E+10
    -0.922025119E+10
    -0.922025119E+10
    -0.922025119E+10
    -0.922025119E+10
    -0.922025119E+10
    -0.922025119E+10
    -0.922025119E+10
    -0.922025119E+10
    -0.922025119E+10
    -0.922025119E+10
    -0.922025119E+10
    -0.922025119E+10
    -0.922025119E+10
    -0.922025119E+10
    -0.922025119E+10
    -0.922025119E+10
    -0.922025119E+10
    -0.922025119E+10
    -0.922025119E+10
    -0.922025119E+10
    -0.922025119E+10
    -0.922025119E+10
    -0.922025119E+10
    -0.922025119E+10
    -0.922025119E+10
    -0.922025119E+10
    -0.922025119E+10
    -0.922025120E+10
    -0.922025119E+10
    -0.922025119E+10
    -0.922025119E+10
    -0.922025119E+10
    -0.922025119E+10
    -0.922025119E+10
    -0.922025119E+10
    -0.922025120E+10
    -0.922025120E+10
    -0.922025120E+10
    -0.922025120E+10
    -0.922025120E+10
    -0.922025120E+10
    -0.922025120E+10
    -0.922025120E+10
    -0.922025120E+10
    -0.922025120E+10
    -0.922025120E+10
    -0.922025120E+10
    -0.922025120E+10
    -0.922025120E+10
    -0.922025120E+10
    -0.922025120E+10
    -0.922025120E+10
    -0.922025120E+10
    -0.922025120E+10
    -0.922025120E+10
    -0.922025120E+10
    -0.922025120E+10
    -0.922025120E+10
    -0.922025120E+10
    -0.922025120E+10
    -0.922025120E+10
    -0.922025120E+10
    -0.922025120E+10
    -0.922025120E+10
    -0.922025120E+10
    -0.922025120E+10
    -0.922025120E+10
    -0.922025120E+10
    -0.922025120E+10
    -0.922025120E+10
    -0.922025120E+10
    -0.922025120E+10
    -0.922025120E+10
    -0.922025120E+10
    -0.922025120E+10
    -0.922025120E+10
    -0.922025120E+10
    -0.922025120E+10
    -0.922025120E+10
    -0.922025120E+10
    -0.922025120E+10
    -0.922025120E+10
    -0.922025120E+10
    -0.922025120E+10
    -0.922025120E+10
    -0.922025120E+10
    -0.922025120E+10
    -0.922025120E+10
    -0.922025120E+10
    -0.922025120E+10
    -0.922025120E+10
    -0.922025120E+10
    -0.922025120E+10
    -0.922025120E+10
    -0.922025120E+10
    -0.922025120E+10
    -0.922025120E+10
    -0.922025120E+10
    -0.922025120E+10
    -0.922025120E+10
    -0.922025120E+10
    -0.922025120E+10
    -0.922025120E+10
    -0.922025120E+10
    -0.922025120E+10
    -0.922025120E+10
    -0.922025120E+10
    -0.922025120E+10
    -0.922025120E+10
    -0.922025120E+10
    -0.922025120E+10
    -0.922025120E+10
    -0.922025120E+10
    -0.922025120E+10
    -0.922025120E+10
    -0.922025120E+10
    -0.922025120E+10
    -0.922025120E+10
    -0.922025120E+10
    -0.922025120E+10
    -0.922025120E+10
    -0.922025120E+10
    -0.922025120E+10
    -0.922025120E+10
    -0.922025120E+10
    -0.922025120E+10
    -0.922025120E+10
    -0.922025120E+10
    -0.922025120E+10
    -0.922025120E+10
    -0.922025120E+10
    -0.922025120E+10
    -0.922025120E+10
    -0.922025120E+10
    -0.922025120E+10
    -0.922025120E+10
    -0.922025120E+10
    -0.922025120E+10
    -0.922025120E+10
    -0.922025120E+10
    -0.922025120E+10
    -0.922025120E+10
    -0.922025120E+10
    -0.922025120E+10
    -0.922025120E+10
    -0.922025120E+10
    -0.922025120E+10
    -0.922025120E+10
    -0.922025120E+10
    -0.922025120E+10
    -0.922025120E+10
    -0.922025120E+10
    -0.922025120E+10
    -0.922025120E+10
    -0.922025120E+10
    -0.922025120E+10
    -0.922025120E+10
    -0.922025120E+10
    -0.922025120E+10
    -0.922025120E+10
    -0.922025120E+10
    -0.922025120E+10
    -0.922025120E+10
    -0.922025120E+10
    -0.922025120E+10
    -0.922025120E+10
    -0.922025120E+10
    -0.922025120E+10
    -0.922025120E+10
    -0.922025120E+10
    -0.922025120E+10
    -0.922025120E+10
    -0.922025120E+10
    -0.922025120E+10
    -0.922025120E+10
    -0.922025120E+10
    -0.922025120E+10
    -0.922025120E+10
    -0.922025120E+10
    -0.922025120E+10
    -0.922025120E+10
    -0.922025120E+10
    -0.922025120E+10
    -0.922025120E+10
    -0.922025120E+10
    -0.922025120E+10
    -0.922025120E+10
    -0.922025120E+10
    -0.922025120E+10
    -0.922025120E+10
    -0.922025120E+10
    -0.922025120E+10
    -0.922025120E+10
    -0.922025120E+10
    -0.922025120E+10
    -0.922025120E+10
    -0.922025120E+10
    -0.922025120E+10
    -0.922025120E+10
    -0.922025120E+10
    -0.922025120E+10
    -0.922025120E+10
    -0.922025120E+10
    -0.922025120E+10
    -0.922025120E+10
    -0.922025120E+10
    -0.922025120E+10
    -0.922025120E+10
    -0.922025120E+10
    -0.922025120E+10
    -0.922025120E+10
    -0.922025120E+10
    -0.922025120E+10
    -0.922025120E+10
    -0.922025120E+10
    -0.922025120E+10
    -0.922025120E+10
    -0.922025120E+10
    -0.922025120E+10
    -0.922025120E+10
    -0.922025120E+10
    -0.922025120E+10
    -0.922025120E+10
    -0.922025120E+10
    -0.922025120E+10
    -0.922025120E+10
    -0.922025120E+10
    -0.922025120E+10
    -0.922025120E+10
    -0.922025120E+10
    -0.922025120E+10
    -0.922025120E+10
    -0.922025120E+10
    -0.922025120E+10
    -0.922025120E+10
    -0.922025121E+10
    -0.922025121E+10
    -0.922025121E+10
    -0.922025120E+10
    -0.922025120E+10
    -0.922025121E+10
    -0.922025121E+10
    -0.922025121E+10
    -0.922025121E+10
    -0.922025121E+10
    -0.922025121E+10
    -0.922025121E+10
    -0.922025121E+10
    -0.922025121E+10
    -0.922025121E+10
    -0.922025121E+10
    -0.922025121E+10
    -0.922025121E+10
    -0.922025121E+10
    -0.922025121E+10
    -0.922025121E+10
    -0.922025121E+10
    -0.922025121E+10
    -0.922025121E+10
    -0.922025121E+10
    -0.922025121E+10
    -0.922025121E+10
    -0.922025121E+10
    -0.922025121E+10
    -0.922025121E+10
    -0.922025121E+10
    -0.922025121E+10
    -0.922025121E+10
    -0.922025121E+10
    -0.922025121E+10
    -0.922025121E+10
    -0.922025121E+10
    -0.922025121E+10
    -0.922025121E+10
    -0.922025121E+10
    -0.922025121E+10
    -0.922025121E+10
    -0.922025121E+10
    -0.922025121E+10
    -0.922025121E+10
    -0.922025121E+10
    -0.922025121E+10
    -0.922025121E+10
    -0.922025121E+10
    -0.922025121E+10
    -0.922025121E+10
    -0.922025121E+10
    -0.922025121E+10
    -0.922025121E+10
    -0.922025121E+10
    -0.922025121E+10
    -0.922025121E+10
    -0.922025121E+10
    -0.922025121E+10
    -0.922025121E+10
    -0.922025121E+10
    -0.922025121E+10
    -0.922025121E+10
    -0.922025121E+10
    -0.922025121E+10
    -0.922025121E+10
    -0.922025121E+10
    -0.922025121E+10
    -0.922025121E+10
    -0.922025121E+10
    -0.922025121E+10
    -0.922025121E+10
    -0.922025121E+10
    -0.922025121E+10
    -0.922025121E+10
    -0.922025121E+10
    -0.922025121E+10
    -0.922025121E+10
    -0.922025121E+10
    -0.922025121E+10
    -0.922025121E+10
    -0.922025121E+10
    -0.922025121E+10
    -0.922025121E+10
    -0.922025121E+10
    -0.922025121E+10
    -0.922025121E+10
    -0.922025121E+10
    -0.922025121E+10
    -0.922025121E+10
    -0.922025121E+10
    -0.922025121E+10
    -0.922025121E+10
    -0.922025121E+10
    -0.922025121E+10
    -0.922025121E+10
    -0.922025121E+10
    -0.922025121E+10
    -0.922025121E+10
    -0.922025121E+10
    -0.922025121E+10
    -0.922025121E+10
    -0.922025121E+10
    -0.922025121E+10
    -0.922025121E+10
    -0.922025121E+10
    -0.922025121E+10
    -0.922025121E+10
    -0.922025121E+10
    -0.922025121E+10
    -0.922025121E+10
    -0.922025121E+10
    -0.922025121E+10
    -0.922025121E+10
    -0.922025121E+10
    -0.922025121E+10
    -0.922025121E+10
    -0.922025121E+10
    -0.922025121E+10
    -0.922025121E+10
    -0.922025121E+10
    -0.922025121E+10
    -0.922025121E+10
    -0.922025121E+10
    -0.922025121E+10
    -0.922025121E+10
    -0.922025121E+10
    -0.922025121E+10
    -0.922025121E+10
    -0.922025121E+10
    -0.922025121E+10
    -0.922025121E+10
    -0.922025121E+10
    -0.922025121E+10
    -0.922025121E+10
    -0.922025121E+10
    -0.922025121E+10
    -0.922025121E+10
    -0.922025121E+10
    -0.922025121E+10
    -0.922025121E+10
    -0.922025121E+10
    -0.922025121E+10
    -0.922025121E+10
    -0.922025121E+10
    -0.922025121E+10
    -0.922025121E+10
    -0.922025121E+10
    -0.922025121E+10
    -0.922025121E+10
    -0.922025121E+10
    -0.922025121E+10
    -0.922025121E+10
    -0.922025121E+10
    -0.922025121E+10
    -0.922025121E+10
    -0.922025121E+10
    -0.922025121E+10
    -0.922025121E+10
    -0.922025121E+10
    -0.922025121E+10
    -0.922025121E+10
    -0.922025121E+10
    -0.922025121E+10
    -0.922025121E+10
    -0.922025121E+10
    -0.922025121E+10
    -0.922025121E+10
    -0.922025121E+10
    -0.922025121E+10
    -0.922025121E+10
    -0.922025121E+10
    -0.922025121E+10
    -0.922025121E+10
    -0.922025121E+10
    -0.922025121E+10
    -0.922025121E+10
    -0.922025121E+10
    -0.922025121E+10
    -0.922025121E+10
    -0.922025121E+10
    -0.922025121E+10
    -0.922025121E+10
    -0.922025121E+10
    -0.922025121E+10
    -0.922025121E+10
    -0.922025121E+10
    -0.922025121E+10
    -0.922025121E+10
    -0.922025121E+10
    -0.922025121E+10
    -0.922025121E+10
    -0.922025121E+10
    -0.922025121E+10
    -0.922025121E+10
    -0.922025121E+10
    -0.922025121E+10
    -0.922025121E+10
    -0.922025121E+10
    -0.922025121E+10
    -0.922025121E+10
    -0.922025121E+10
    -0.922025121E+10
    -0.922025121E+10
    -0.922025121E+10
    -0.922025121E+10
    -0.922025121E+10
    -0.922025121E+10
    -0.922025121E+10
    -0.922025121E+10
    -0.922025121E+10
    -0.922025121E+10
    -0.922025121E+10
    -0.922025121E+10
    -0.922025121E+10
    -0.922025121E+10
    -0.922025121E+10
    -0.922025121E+10
    -0.922025121E+10
    -0.922025121E+10
    -0.922025121E+10
    -0.922025121E+10
    -0.922025121E+10
    -0.922025121E+10
    -0.922025121E+10
    -0.922025121E+10
    -0.922025121E+10
    -0.922025121E+10
    -0.922025121E+10
    -0.922025121E+10
    -0.922025121E+10
    -0.922025121E+10
    -0.922025121E+10
    -0.922025121E+10
    -0.922025121E+10
    -0.922025121E+10
    -0.922025121E+10
    -0.922025121E+10
    -0.922025121E+10
    -0.922025121E+10
    -0.922025121E+10
    -0.922025121E+10
    -0.922025121E+10
    -0.922025121E+10
    -0.922025121E+10
    -0.922025121E+10
    -0.922025121E+10
    -0.922025121E+10
    -0.922025121E+10
    -0.922025121E+10
    -0.922025121E+10
    -0.922025121E+10
    -0.922025121E+10
    -0.922025121E+10
    -0.922025121E+10
    -0.922025121E+10
    -0.922025121E+10
    -0.922025121E+10
    -0.922025121E+10
    -0.922025121E+10
    -0.922025121E+10
    -0.922025121E+10
    -0.922025121E+10
    -0.922025121E+10
    -0.922025121E+10
    -0.922025121E+10
    -0.922025121E+10
    -0.922025121E+10
    -0.922025121E+10
    -0.922025121E+10
    -0.922025121E+10
    -0.922025121E+10
    -0.922025121E+10
    -0.922025121E+10
    -0.922025121E+10
    -0.922025121E+10
    -0.922025121E+10
    -0.922025121E+10
    -0.922025121E+10
    -0.922025121E+10
    -0.922025121E+10
    -0.922025121E+10
    -0.922025121E+10
    -0.922025121E+10
    -0.922025121E+10
    -0.922025121E+10
    -0.922025121E+10
    -0.922025121E+10
    -0.922025121E+10
    -0.922025121E+10
    -0.922025121E+10
    -0.922025121E+10
    -0.922025121E+10
    -0.922025121E+10
    -0.922025121E+10
    -0.922025121E+10
    -0.922025121E+10
    -0.922025121E+10
    -0.922025121E+10
    -0.922025121E+10
    -0.922025121E+10
    -0.922025121E+10
    -0.922025121E+10
    -0.922025121E+10
    -0.922025121E+10
    -0.922025121E+10
    -0.922025121E+10
    -0.922025121E+10
    -0.922025121E+10
    -0.922025121E+10
    -0.922025121E+10
    -0.922025121E+10
    -0.922025121E+10
    -0.922025121E+10
    -0.922025121E+10
    -0.922025121E+10
    -0.922025121E+10
    -0.922025121E+10
    -0.922025121E+10
    -0.922025121E+10
    -0.922025121E+10
    -0.922025121E+10
    -0.922025121E+10
    -0.922025121E+10
    -0.922025121E+10
    -0.922025121E+10
    -0.922025121E+10
    -0.922025121E+10
    -0.922025121E+10
    -0.922025121E+10
    -0.922025121E+10
    -0.922025121E+10
    -0.922025121E+10
    -0.922025121E+10
    -0.922025121E+10
    -0.922025121E+10
    -0.922025121E+10
    -0.922025121E+10
    -0.922025121E+10
    -0.922025121E+10
    -0.922025121E+10
    -0.922025121E+10
    -0.922025121E+10
    -0.922025121E+10
    -0.922025121E+10
    -0.922025121E+10
    -0.922025121E+10
    -0.922025121E+10
    -0.922025121E+10
    -0.922025121E+10
    -0.922025121E+10
    -0.922025121E+10
    -0.922025121E+10
    -0.922025121E+10
    -0.922025121E+10
    -0.922025121E+10
    -0.922025121E+10
    -0.922025121E+10
    -0.922025121E+10
    -0.922025121E+10
    -0.922025121E+10
    -0.922025121E+10
    -0.922025121E+10
    -0.922025121E+10
    -0.922025121E+10
    -0.922025121E+10
    -0.922025121E+10
    -0.922025121E+10
    -0.922025121E+10
    -0.922025121E+10
    -0.922025121E+10
    -0.922025121E+10
    -0.922025121E+10
    -0.922025121E+10
    -0.922025121E+10
    -0.922025121E+10
    -0.922025121E+10
    -0.922025121E+10
    -0.922025121E+10
    -0.922025121E+10
    -0.922025121E+10
    -0.922025121E+10
    -0.922025121E+10
    -0.922025121E+10
    -0.922025121E+10
    -0.922025121E+10
    -0.922025121E+10
    -0.922025121E+10
    -0.922025121E+10
    -0.922025121E+10
    -0.922025121E+10
    -0.922025121E+10
    -0.922025121E+10
    -0.922025121E+10
    -0.922025121E+10
    -0.922025121E+10
    -0.922025121E+10
    -0.922025121E+10
    -0.922025121E+10
    -0.922025121E+10
    -0.922025121E+10
    -0.922025121E+10
    -0.922025121E+10
    -0.922025121E+10
    -0.922025121E+10
    -0.922025121E+10
    -0.922025121E+10
    -0.922025121E+10
    -0.922025121E+10
    -0.922025121E+10
    -0.922025121E+10
    -0.922025121E+10
    -0.922025121E+10
    -0.922025121E+10
    -0.922025121E+10
    -0.922025121E+10
    -0.922025121E+10
    -0.922025121E+10
    -0.922025121E+10
    -0.922025121E+10
    -0.922025121E+10
    -0.922025121E+10
    -0.922025121E+10
    -0.922025121E+10
    -0.922025121E+10
    -0.922025121E+10
    -0.922025121E+10
    -0.922025121E+10
    -0.922025121E+10
    -0.922025121E+10
    -0.922025121E+10
    -0.922025121E+10
    -0.922025121E+10
    -0.922025121E+10
    -0.922025121E+10
    -0.922025121E+10
    -0.922025121E+10
    -0.922025121E+10
    -0.922025121E+10
    -0.922025121E+10
    -0.922025121E+10
    -0.922025121E+10
    -0.922025121E+10
    -0.922025121E+10
    -0.922025121E+10
    -0.922025121E+10
    -0.922025121E+10
    -0.922025121E+10
    -0.922025121E+10
    -0.922025121E+10
    -0.922025121E+10
    -0.922025121E+10
    -0.922025121E+10
    -0.922025121E+10
    -0.922025121E+10
    -0.922025121E+10
    -0.922025121E+10
    -0.922025121E+10
    -0.922025121E+10
    -0.922025121E+10
    -0.922025121E+10
    -0.922025121E+10
    -0.922025121E+10
    -0.922025121E+10
    -0.922025121E+10
    -0.922025121E+10
    -0.922025121E+10
    -0.922025121E+10
    -0.922025121E+10
    -0.922025121E+10
    -0.922025121E+10
    -0.922025121E+10
    -0.922025121E+10
    -0.922025121E+10
    -0.922025121E+10
    -0.922025121E+10
    -0.922025121E+10
    -0.922025121E+10
    -0.922025121E+10
    -0.922025121E+10
    -0.922025121E+10
    -0.922025121E+10
    -0.922025121E+10
    -0.922025121E+10
    -0.922025121E+10
    -0.922025121E+10
    -0.922025121E+10
    -0.922025121E+10
    -0.922025121E+10
    -0.922025121E+10
    -0.922025121E+10
    -0.922025121E+10
    -0.922025121E+10
    -0.922025121E+10
    -0.922025121E+10
    -0.922025121E+10
    -0.922025121E+10
    -0.922025121E+10
    -0.922025121E+10
    -0.922025121E+10
    -0.922025121E+10
    -0.922025121E+10
    -0.922025121E+10
    -0.922025121E+10
    -0.922025121E+10
    -0.922025121E+10
    -0.922025121E+10
    -0.922025121E+10
    -0.922025121E+10
    -0.922025121E+10
    -0.922025121E+10
    -0.922025121E+10
    -0.922025121E+10
    -0.922025121E+10
    -0.922025121E+10
    -0.922025121E+10
    -0.922025121E+10
    -0.922025121E+10
    -0.922025121E+10
    -0.922025121E+10
    -0.922025121E+10
    -0.922025121E+10
    -0.922025121E+10
    -0.922025121E+10
    -0.922025121E+10
    -0.922025121E+10
    -0.922025121E+10
    -0.922025121E+10
    -0.922025121E+10
    -0.922025121E+10
    -0.922025121E+10
    -0.922025121E+10
    -0.922025121E+10
    -0.922025121E+10
    -0.922025121E+10
    -0.922025121E+10
    -0.922025121E+10
    -0.922025121E+10
    -0.922025121E+10
    -0.922025121E+10
    -0.922025121E+10
    -0.922025121E+10
    -0.922025121E+10
    -0.922025121E+10
    -0.922025121E+10
    -0.922025121E+10
    -0.922025121E+10
    -0.922025121E+10
    -0.922025121E+10
    -0.922025121E+10
    -0.922025121E+10
    -0.922025121E+10
    -0.922025121E+10
    -0.922025121E+10
    -0.922025121E+10
    -0.922025121E+10
    -0.922025121E+10
    -0.922025121E+10
    -0.922025121E+10
    -0.922025121E+10
    -0.922025121E+10
    -0.922025121E+10
    -0.922025121E+10
    -0.922025121E+10
    -0.922025121E+10
    -0.922025121E+10
    -0.922025121E+10
    -0.922025121E+10
    -0.922025121E+10
    -0.922025121E+10
    -0.922025121E+10
    -0.922025121E+10
    -0.922025121E+10
    -0.922025121E+10
    -0.922025121E+10
    -0.922025121E+10
    -0.922025121E+10
    -0.922025121E+10
    -0.922025121E+10
    -0.922025121E+10
    -0.922025121E+10
    -0.922025121E+10
    -0.922025121E+10
    -0.922025121E+10
    -0.922025121E+10
    -0.922025121E+10
    -0.922025121E+10
    -0.922025121E+10
    -0.922025121E+10
    -0.922025121E+10
    -0.922025121E+10
    -0.922025121E+10
    -0.922025121E+10
    -0.922025121E+10
    -0.922025121E+10
    -0.922025121E+10
    -0.922025121E+10
    -0.922025121E+10
    -0.922025121E+10
    -0.922025121E+10
    -0.922025121E+10
    -0.922025121E+10
    -0.922025121E+10
    -0.922025121E+10
    -0.922025121E+10
    -0.922025121E+10
    -0.922025121E+10
    -0.922025121E+10
    -0.922025121E+10
    -0.922025121E+10
    -0.922025121E+10
    -0.922025121E+10
    -0.922025121E+10
    -0.922025121E+10
    -0.922025121E+10
    -0.922025121E+10
    -0.922025121E+10
    -0.922025121E+10
    -0.922025121E+10
    -0.922025121E+10
    -0.922025121E+10
    -0.922025121E+10
    -0.922025121E+10
    -0.922025121E+10
    -0.922025121E+10
    -0.922025121E+10
    -0.922025121E+10
    -0.922025121E+10
    -0.922025121E+10
    -0.922025121E+10
    -0.922025121E+10
    -0.922025121E+10
    -0.922025121E+10
    -0.922025121E+10
    -0.922025121E+10
    -0.922025121E+10
    -0.922025121E+10
    -0.922025121E+10
    -0.922025121E+10
    -0.922025121E+10
    -0.922025121E+10
    -0.922025121E+10
    -0.922025121E+10
    -0.922025121E+10
    -0.922025121E+10
    -0.922025121E+10
    -0.922025121E+10
    -0.922025121E+10
    -0.922025121E+10
    -0.922025121E+10
    -0.922025121E+10
    -0.922025121E+10
    -0.922025121E+10
    -0.922025121E+10
    -0.922025121E+10
    -0.922025121E+10
    -0.922025121E+10
    -0.922025121E+10
    -0.922025121E+10
    -0.922025121E+10
    -0.922025121E+10
    -0.922025121E+10
    -0.922025121E+10
    -0.922025121E+10
    -0.922025121E+10
    -0.922025121E+10
    -0.922025121E+10
    -0.922025121E+10
    -0.922025121E+10
    -0.922025121E+10
    -0.922025121E+10
    -0.922025121E+10
    -0.922025121E+10
    -0.922025121E+10
    -0.922025121E+10
    -0.922025121E+10
    -0.922025121E+10
    -0.922025121E+10
    -0.922025121E+10
    -0.922025121E+10
    -0.922025121E+10
    -0.922025121E+10
    -0.922025121E+10
    -0.922025121E+10
    -0.922025121E+10
    -0.922025121E+10
    -0.922025121E+10
    -0.922025121E+10
    -0.922025121E+10
    -0.922025121E+10
    -0.922025121E+10
    -0.922025121E+10
    -0.922025121E+10
    -0.922025121E+10
    -0.922025121E+10
    -0.922025121E+10
    -0.922025121E+10
    -0.922025121E+10
    -0.922025121E+10
    -0.922025121E+10
    -0.922025121E+10
    -0.922025121E+10
    -0.922025121E+10
    -0.922025121E+10
    -0.922025121E+10
    -0.922025121E+10
    -0.922025121E+10
    -0.922025121E+10
    -0.922025121E+10
    -0.922025121E+10
    -0.922025121E+10
    -0.922025121E+10
    -0.922025121E+10
    -0.922025121E+10
    -0.922025121E+10
    -0.922025121E+10
    -0.922025121E+10
    -0.922025121E+10
    -0.922025121E+10
    -0.922025121E+10
    -0.922025121E+10
    -0.922025121E+10
    -0.922025121E+10
    -0.922025121E+10
    -0.922025121E+10
    -0.922025121E+10
    -0.922025121E+10
    -0.922025121E+10
    -0.922025121E+10
    -0.922025121E+10
    -0.922025121E+10
    -0.922025121E+10
    -0.922025121E+10
    -0.922025121E+10
    -0.922025121E+10
    -0.922025121E+10
    -0.922025121E+10
    -0.922025121E+10
    -0.922025121E+10
    -0.922025121E+10
    -0.922025121E+10
    -0.922025121E+10
    -0.922025121E+10
    -0.922025121E+10
    -0.922025121E+10
    -0.922025121E+10
    -0.922025121E+10
    -0.922025121E+10
    -0.922025121E+10
    -0.922025121E+10
    -0.922025121E+10
    -0.922025121E+10
    -0.922025121E+10
    -0.922025121E+10
    -0.922025121E+10
    -0.922025121E+10
    -0.922025121E+10
    -0.922025121E+10
    -0.922025121E+10
    -0.922025121E+10
    -0.922025121E+10
    -0.922025121E+10
    -0.922025121E+10
    -0.922025121E+10
    -0.922025121E+10
    -0.922025121E+10
    -0.922025121E+10
    -0.922025121E+10
    -0.922025121E+10
    -0.922025121E+10
    -0.922025121E+10
    -0.922025121E+10
    -0.922025121E+10
    -0.922025121E+10
    -0.922025121E+10
    -0.922025121E+10
    -0.922025121E+10
    -0.922025121E+10
    -0.922025121E+10
    -0.922025121E+10
    -0.922025121E+10
    -0.922025121E+10
    -0.922025121E+10
    -0.922025121E+10
    -0.922025121E+10
    -0.922025121E+10
    -0.922025121E+10
    -0.922025121E+10
    -0.922025121E+10
    -0.922025121E+10
    -0.922025121E+10
    -0.922025121E+10
    -0.922025121E+10
    -0.922025121E+10
    -0.922025121E+10
    -0.922025121E+10
    -0.922025121E+10
    -0.922025121E+10
    -0.922025121E+10
    -0.922025121E+10
    -0.922025121E+10
    -0.922025121E+10
    -0.922025121E+10
    -0.922025121E+10
    -0.922025121E+10
    -0.922025121E+10
    -0.922025121E+10
    -0.922025121E+10
    -0.922025121E+10
    -0.922025121E+10
    -0.922025121E+10
    -0.922025121E+10
    -0.922025121E+10
    -0.922025121E+10
    -0.922025121E+10
    -0.922025121E+10
    -0.922025121E+10
    -0.922025121E+10
    -0.922025121E+10
    -0.922025121E+10
    -0.922025121E+10
    -0.922025121E+10
    -0.922025121E+10
    -0.922025121E+10
    -0.922025121E+10
    -0.922025121E+10
    -0.922025121E+10
    -0.922025121E+10
    -0.922025121E+10
    -0.922025121E+10
    -0.922025121E+10
    -0.922025121E+10
    -0.922025121E+10
    -0.922025121E+10
    -0.922025121E+10
    -0.922025121E+10
    -0.922025121E+10
    -0.922025121E+10
    -0.922025121E+10
    -0.922025121E+10
    -0.922025121E+10
    -0.922025121E+10
    -0.922025121E+10
    -0.922025121E+10
    -0.922025121E+10
    -0.922025121E+10
    -0.922025121E+10
    -0.922025121E+10
    -0.922025121E+10
    -0.922025121E+10
    -0.922025121E+10
    -0.922025121E+10
    -0.922025121E+10
    -0.922025121E+10
    -0.922025121E+10
    -0.922025121E+10
    -0.922025121E+10
    -0.922025121E+10
    -0.922025121E+10
    -0.922025121E+10
    -0.922025121E+10
    -0.922025121E+10
    -0.922025121E+10
    -0.922025121E+10
    -0.922025121E+10
    -0.922025121E+10
    -0.922025121E+10
    -0.922025121E+10
    -0.922025121E+10
    -0.922025121E+10
    -0.922025121E+10
    -0.922025121E+10
    -0.922025121E+10
    -0.922025121E+10
    -0.922025121E+10
    -0.922025121E+10
    -0.922025121E+10
    -0.922025121E+10
    -0.922025121E+10
    -0.922025121E+10
    -0.922025121E+10
    -0.922025121E+10
    -0.922025121E+10
    -0.922025121E+10
    -0.922025121E+10
    -0.922025121E+10
    -0.922025121E+10
    -0.922025121E+10
    -0.922025121E+10
    -0.922025121E+10
    -0.922025121E+10
    -0.922025121E+10
    -0.922025121E+10
    -0.922025121E+10
    -0.922025121E+10
    -0.922025121E+10
    -0.922025121E+10
    -0.922025121E+10
    -0.922025121E+10
    -0.922025121E+10
    -0.922025121E+10
    -0.922025121E+10
    -0.922025121E+10
    -0.922025121E+10
    -0.922025121E+10
    -0.922025121E+10
    -0.922025121E+10
    -0.922025121E+10
    -0.922025121E+10
    -0.922025121E+10
    -0.922025121E+10
    -0.922025121E+10
    -0.922025121E+10
    -0.922025121E+10
    -0.922025121E+10
    -0.922025121E+10
    -0.922025121E+10
    -0.922025121E+10
    -0.922025121E+10
    -0.922025121E+10
    -0.922025121E+10
    -0.922025121E+10
    -0.922025121E+10
    -0.922025121E+10
    -0.922025121E+10
    -0.922025121E+10
    -0.922025121E+10
    -0.922025121E+10
    -0.922025121E+10
    -0.922025121E+10
    -0.922025121E+10
    -0.922025121E+10
    -0.922025121E+10
    -0.922025121E+10
    -0.922025121E+10
    -0.922025121E+10
    -0.922025121E+10
    -0.922025121E+10
    -0.922025121E+10
    -0.922025121E+10
    -0.922025121E+10
    -0.922025121E+10
    -0.922025121E+10
    -0.922025121E+10
    -0.922025121E+10
    -0.922025121E+10
    -0.922025121E+10
    -0.922025121E+10
    -0.922025121E+10
    -0.922025121E+10
    -0.922025121E+10
    -0.922025121E+10
    -0.922025121E+10
    -0.922025121E+10
    -0.922025121E+10
    -0.922025121E+10
    -0.922025121E+10
    -0.922025121E+10
    -0.922025121E+10
    -0.922025121E+10
    -0.922025121E+10
    -0.922025121E+10
    -0.922025121E+10
    -0.922025121E+10
    -0.922025121E+10
    -0.922025121E+10
    -0.922025121E+10
    -0.922025121E+10
    -0.922025121E+10
    -0.922025121E+10
    -0.922025121E+10
    -0.922025121E+10
    -0.922025121E+10
    -0.922025121E+10
    -0.922025121E+10
    -0.922025121E+10
    -0.922025121E+10
    -0.922025121E+10
    -0.922025121E+10
    -0.922025121E+10
    -0.922025121E+10
    -0.922025121E+10
    -0.922025121E+10
    -0.922025121E+10
    -0.922025121E+10
    -0.922025121E+10
    -0.922025121E+10
    -0.922025121E+10
    -0.922025121E+10
    -0.922025121E+10
    -0.922025121E+10
    -0.922025121E+10
    -0.922025121E+10
    -0.922025121E+10
    -0.922025121E+10
    -0.922025121E+10
    -0.922025121E+10
    -0.922025121E+10
    -0.922025121E+10
    -0.922025121E+10
    -0.922025121E+10
    -0.922025121E+10
    -0.922025121E+10
    -0.922025121E+10
    -0.922025121E+10
    -0.922025121E+10
    -0.922025121E+10
    -0.922025121E+10
    -0.922025121E+10
    -0.922025121E+10
    -0.922025121E+10
    -0.922025121E+10
    -0.922025121E+10
    -0.922025121E+10
    -0.922025121E+10
    -0.922025121E+10
    -0.922025121E+10
    -0.922025121E+10
    -0.922025121E+10
    -0.922025121E+10
    -0.922025121E+10
    -0.922025121E+10
    -0.922025121E+10
    -0.922025121E+10
    -0.922025121E+10
    -0.922025121E+10
    -0.922025121E+10
    -0.922025121E+10
    -0.922025121E+10
    -0.922025121E+10
    -0.922025121E+10
    -0.922025121E+10
    -0.922025121E+10
    -0.922025121E+10
    -0.922025121E+10
    -0.922025121E+10
    -0.922025121E+10
    -0.922025121E+10
    -0.922025121E+10
    -0.922025121E+10
    -0.922025121E+10
    -0.922025121E+10
    -0.922025121E+10
    -0.922025121E+10
    -0.922025121E+10
    -0.922025121E+10
    -0.922025121E+10
    -0.922025121E+10
    -0.922025121E+10
    -0.922025121E+10
    -0.922025121E+10
    -0.922025121E+10
    -0.922025121E+10
    -0.922025121E+10
    -0.922025121E+10
    -0.922025121E+10
    -0.922025121E+10
    -0.922025121E+10
    -0.922025121E+10
    -0.922025121E+10
    -0.922025121E+10
    -0.922025121E+10
    -0.922025121E+10
    -0.922025121E+10
    -0.922025121E+10
    -0.922025121E+10
    -0.922025121E+10
    -0.922025121E+10
    -0.922025121E+10
    -0.922025121E+10
    -0.922025121E+10
    -0.922025121E+10
    -0.922025121E+10
    -0.922025121E+10
    -0.922025121E+10
    -0.922025121E+10
    -0.922025121E+10
    -0.922025121E+10
    -0.922025121E+10
    -0.922025121E+10
    -0.922025121E+10
    -0.922025121E+10
    -0.922025121E+10
    -0.922025121E+10
    -0.922025121E+10
    -0.922025121E+10
    -0.922025121E+10
    -0.922025121E+10
    -0.922025121E+10
    -0.922025121E+10
    -0.922025121E+10
    -0.922025121E+10
    -0.922025121E+10
    -0.922025121E+10
    -0.922025121E+10
    -0.922025121E+10
    -0.922025121E+10
    -0.922025121E+10
    -0.922025121E+10
    -0.922025121E+10
    -0.922025121E+10
    -0.922025121E+10
    -0.922025121E+10
    -0.922025121E+10
    -0.922025121E+10
    -0.922025121E+10
    -0.922025121E+10
    -0.922025121E+10
    -0.922025121E+10
    -0.922025121E+10
    -0.922025121E+10
    -0.922025121E+10
    -0.922025121E+10
    -0.922025121E+10
    -0.922025121E+10
    -0.922025121E+10
    -0.922025121E+10
    -0.922025121E+10
    -0.922025121E+10
    -0.922025121E+10
    -0.922025121E+10
    -0.922025121E+10
    -0.922025121E+10
    -0.922025121E+10
    -0.922025121E+10
    -0.922025121E+10
    -0.922025121E+10
    -0.922025121E+10
    -0.922025121E+10
    -0.922025121E+10
    -0.922025121E+10
    -0.922025121E+10
    -0.922025121E+10
    -0.922025121E+10
    -0.922025121E+10
    -0.922025121E+10
    -0.922025121E+10
    -0.922025121E+10
    -0.922025121E+10
    -0.922025121E+10
    -0.922025121E+10
    -0.922025121E+10
    -0.922025121E+10
    -0.922025121E+10
    -0.922025121E+10
    -0.922025121E+10
    -0.922025121E+10
    -0.922025121E+10
    -0.922025121E+10
    -0.922025121E+10
    -0.922025121E+10
    -0.922025121E+10
