     0.000000000E+00
    -0.148284237E+03
    -0.216111165E+03
    -0.422523700E+03
    -0.669229696E+03
    -0.596967954E+03
    -0.148284237E+02
    -0.221823311E+02
    -0.442466586E+02
    -0.734726323E+02
    -0.643639246E+02
    -0.734761837E+02
    -0.942881505E+02
    -0.104571128E+03
    -0.135427852E+03
    -0.176169633E+03
    -0.163489218E+03
    -0.880933795E+02
    -0.953414329E+02
    -0.117088277E+03
    -0.145889670E+03
    -0.136913847E+03
    -0.145893408E+03
    -0.161061677E+03
    -0.168578235E+03
    -0.191131145E+03
    -0.220983709E+03
    -0.211682480E+03
    -0.220988322E+03
    -0.236336904E+03
    -0.243939094E+03
    -0.266749303E+03
    -0.296929318E+03
    -0.287527836E+03
    -0.296934633E+03
    -0.312668302E+03
    -0.320455751E+03
    -0.343822378E+03
    -0.374719257E+03
    -0.365097077E+03
    -0.374725675E+03
    -0.390617075E+03
    -0.398477326E+03
    -0.422062925E+03
    -0.453230451E+03
    -0.443526558E+03
    -0.453237926E+03
    -0.469119619E+03
    -0.476969738E+03
    -0.500525457E+03
    -0.531634175E+03
    -0.521951236E+03
    -0.531642680E+03
    -0.547384865E+03
    -0.555160429E+03
    -0.578492954E+03
    -0.609286491E+03
    -0.599704456E+03
    -0.609296009E+03
    -0.624794201E+03
    -0.632443211E+03
    -0.655396509E+03
    -0.685667473E+03
    -0.676251076E+03
    -0.685677995E+03
    -0.700845492E+03
    -0.708324660E+03
    -0.730768839E+03
    -0.760344127E+03
    -0.751147455E+03
    -0.760355651E+03
    -0.775118645E+03
    -0.782390989E+03
    -0.804215077E+03
    -0.832946391E+03
    -0.824015835E+03
    -0.832958920E+03
    -0.847253182E+03
    -0.854286399E+03
    -0.875393477E+03
    -0.903150920E+03
    -0.894527158E+03
    -0.903164456E+03
    -0.916933021E+03
    -0.923698358E+03
    -0.944002155E+03
    -0.970669788E+03
    -0.962389166E+03
    -0.970684337E+03
    -0.983875841E+03
    -0.990347287E+03
    -0.100976976E+04
    -0.103524245E+04
    -0.102733796E+04
    -0.103525801E+04
    -0.104782549E+04
    -0.105397919E+04
    -0.107244877E+04
    -0.109662990E+04
    -0.108913188E+04
    -0.109664649E+04
    -0.110854648E+04
    -0.111436030E+04
    -0.113181062E+04
    -0.115461046E+04
    -0.114754710E+04
    -0.115462807E+04
    -0.116581994E+04
    -0.117127319E+04
    -0.118764211E+04
    -0.120897658E+04
    -0.120237431E+04
    -0.120899521E+04
    -0.121944072E+04
    -0.122451387E+04
    -0.123974282E+04
    -0.125953261E+04
    -0.125341636E+04
    -0.125955224E+04
    -0.126921514E+04
    -0.127388967E+04
    -0.128792313E+04
    -0.130609309E+04
    -0.130048648E+04
    -0.130611372E+04
    -0.131495948E+04
    -0.131921779E+04
    -0.133200292E+04
    -0.134848157E+04
    -0.134340706E+04
    -0.134850319E+04
    -0.135649887E+04
    -0.136032416E+04
    -0.137181059E+04
    -0.138652987E+04
    -0.138200883E+04
    -0.138655244E+04
    -0.139366655E+04
    -0.139704281E+04
    -0.140718247E+04
    -0.142007752E+04
    -0.141613030E+04
    -0.142010103E+04
    -0.142630347E+04
    -0.142921543E+04
    -0.143796249E+04
    -0.144897163E+04
    -0.144561757E+04
    -0.144899604E+04
    -0.145425814E+04
    -0.145669127E+04
    -0.146400217E+04
    -0.147306689E+04
    -0.147032431E+04
    -0.147309217E+04
    -0.147738668E+04
    -0.147932723E+04
    -0.148516073E+04
    -0.149222582E+04
    -0.149011200E+04
    -0.149225192E+04
    -0.149555312E+04
    -0.149698817E+04
    -0.150130547E+04
    -0.150631920E+04
    -0.150485028E+04
    -0.150634607E+04
    -0.150862986E+04
    -0.150954736E+04
    -0.151231232E+04
    -0.151522666E+04
    -0.151441762E+04
    -0.151525425E+04
    -0.151649834E+04
    -0.151688720E+04
    -0.151806653E+04
    -0.151883752E+04
    -0.151870203E+04
    -0.151886577E+04
    -0.151904981E+04
    -0.151890001E+04
    -0.151846358E+04
    -0.151705166E+04
    -0.151760199E+04
    -0.151708051E+04
    -0.151618636E+04
    -0.151548902E+04
    -0.151341020E+04
    -0.150978070E+04
    -0.151102755E+04
    -0.150981007E+04
    -0.150781968E+04
    -0.150656543E+04
    -0.150281613E+04
    -0.149693047E+04
    -0.149888606E+04
    -0.149696041E+04
    -0.149385597E+04
    -0.149203603E+04
    -0.148658994E+04
    -0.147841365E+04
    -0.148108865E+04
    -0.147844409E+04
    -0.147421043E+04
    -0.147181757E+04
    -0.146465292E+04
    -0.145415822E+04
    -0.145756113E+04
    -0.145418909E+04
    -0.144881408E+04
    -0.144584262E+04
    -0.143694237E+04
    -0.142410809E+04
    -0.142824533E+04
    -0.142413931E+04
    -0.141761418E+04
    -0.141406023E+04
    -0.140341265E+04
    -0.138822490E+04
    -0.139310057E+04
    -0.138825638E+04
    -0.138057615E+04
    -0.137643777E+04
    -0.136403704E+04
    -0.134649005E+04
    -0.135210567E+04
    -0.134652169E+04
    -0.133768561E+04
    -0.133296307E+04
    -0.131880994E+04
    -0.129890702E+04
    -0.130526126E+04
    -0.129893873E+04
    -0.128895078E+04
    -0.128364682E+04
    -0.126774942E+04
    -0.124550396E+04
    -0.125259229E+04
    -0.124553563E+04
    -0.123440516E+04
    -0.122852524E+04
    -0.121089998E+04
    -0.118633672E+04
    -0.119415103E+04
    -0.118636824E+04
    -0.117411056E+04
    -0.116766328E+04
    -0.114833585E+04
    -0.112149224E+04
    -0.113002041E+04
    -0.112152349E+04
    -0.110816074E+04
    -0.110115818E+04
    -0.108016480E+04
    -0.105109266E+04
    -0.106031803E+04
    -0.105112351E+04
    -0.103668556E+04
    -0.102914381E+04
    -0.100653265E+04
    -0.975300109E+03
    -0.985200874E+03
    -0.975330428E+03
    -0.959856055E+03
    -0.951795761E+03
    -0.927628721E+03
    -0.894322620E+03
    -0.904871077E+03
    -0.894352266E+03
    -0.877890556E+03
    -0.869337678E+03
    -0.843692557E+03
    -0.808421418E+03
    -0.819583032E+03
    -0.808450242E+03
    -0.791062425E+03
    -0.782049155E+03
    -0.755022460E+03
    -0.717920281E+03
    -0.729652483E+03
    -0.717948121E+03
    -0.699709968E+03
    -0.690275969E+03
    -0.661986595E+03
    -0.623217868E+03
    -0.635468482E+03
    -0.623244552E+03
    -0.604249659E+03
    -0.594443741E+03
    -0.565038028E+03
    -0.524804603E+03
    -0.537509679E+03
    -0.524829944E+03
    -0.505194431E+03
    -0.495076964E+03
    -0.464735923E+03
    -0.423286848E+03
    -0.436367564E+03
    -0.423310642E+03
    -0.403180252E+03
    -0.392826813E+03
    -0.361777057E+03
    -0.319423455E+03
    -0.332781430E+03
    -0.319445477E+03
    -0.299007097E+03
    -0.288514379E+03
    -0.257045857E+03
    -0.214185077E+03
    -0.227694758E+03
    -0.214205069E+03
    -0.193707232E+03
    -0.183203571E+03
    -0.151701137E+03
    -0.108859725E+03
    -0.122354850E+03
    -0.108877386E+03
    -0.886719178E+02
    -0.783386682E+02
    -0.473461915E+02
    -0.526716438E+01
    -0.185132587E+02
    -0.528211920E+01
     0.140718463E+02
     0.239469626E+02
     0.535665782E+02
     0.937060167E+02
     0.810802256E+02
     0.111080883E+02
     0.194451071E+02
     0.444526880E+02
     0.782559252E+02
     0.676342567E+02
     0.782488345E+02
     0.955002486E+02
     0.104275694E+03
     0.130598294E+03
     0.166180515E+03
     0.154999645E+03
     0.166172909E+03
     0.185729664E+03
     0.195691437E+03
     0.225571731E+03
     0.266008892E+03
     0.253296554E+03
     0.265998675E+03
     0.288202702E+03
     0.299529213E+03
     0.333501999E+03
     0.379532513E+03
     0.365054631E+03
     0.379518811E+03
     0.404207200E+03
     0.416813922E+03
     0.454625638E+03
     0.505901681E+03
     0.489768159E+03
     0.505884543E+03
     0.533005470E+03
     0.546864799E+03
     0.588432617E+03
     0.644838415E+03
     0.627086089E+03
     0.644817845E+03
     0.674377312E+03
     0.689491333E+03
     0.734821484E+03
     0.796362494E+03
     0.776990004E+03
     0.796338463E+03
     0.828377103E+03
     0.844765704E+03
     0.893917811E+03
     0.960672262E+03
     0.939655307E+03
     0.960644717E+03
     0.995225971E+03
     0.101292077E+04
     0.106598966E+04
     0.113808376E+04
     0.111538291E+04
     0.113805264E+04
     0.117525614E+04
     0.119429710E+04
     0.125140256E+04
     0.132899660E+04
     0.130456168E+04
     0.132896181E+04
     0.136887943E+04
     0.138931278E+04
     0.145059346E+04
     0.153387339E+04
     0.150764614E+04
     0.153383484E+04
     0.157656816E+04
     0.159844511E+04
     0.166405459E+04
     0.175322669E+04
     0.172514244E+04
     0.175318429E+04
     0.179884289E+04
     0.182221878E+04
     0.189232296E+04
     0.198761025E+04
     0.195759906E+04
     0.198756387E+04
     0.203626422E+04
     0.206119788E+04
     0.213597318E+04
     0.223761292E+04
     0.220560037E+04
     0.223756246E+04
     0.228942705E+04
     0.231598037E+04
     0.239561240E+04
     0.250385430E+04
     0.246976205E+04
     0.250379962E+04
     0.255895634E+04
     0.258719395E+04
     0.267187651E+04
     0.278698134E+04
     0.275072759E+04
     0.278692232E+04
     0.284550394E+04
     0.287549296E+04
     0.296542727E+04
     0.308766579E+04
     0.304916560E+04
     0.308760228E+04
     0.314974608E+04
     0.318155587E+04
     0.327694995E+04
     0.340660201E+04
     0.336576759E+04
     0.340653388E+04
     0.347238125E+04
     0.350608326E+04
     0.360715136E+04
     0.374450512E+04
     0.370124608E+04
     0.374443223E+04
     0.381412842E+04
     0.384979601E+04
     0.395675810E+04
     0.410210939E+04
     0.405633294E+04
     0.410203159E+04
     0.417572537E+04
     0.421343367E+04
     0.432651499E+04
     0.448016662E+04
     0.443177780E+04
     0.448008376E+04
     0.455792717E+04
     0.459775291E+04
     0.471718354E+04
     0.487944470E+04
     0.482834657E+04
     0.487935663E+04
     0.496150468E+04
     0.500352604E+04
     0.512954045E+04
     0.530072609E+04
     0.524681990E+04
     0.530063264E+04
     0.538724304E+04
     0.543153953E+04
     0.556437609E+04
     0.574480626E+04
     0.568799169E+04
     0.574470728E+04
     0.583594012E+04
     0.588259239E+04
     0.602249294E+04
     0.621249217E+04
     0.615266753E+04
     0.621238751E+04
     0.630840494E+04
     0.635749464E+04
     0.650470397E+04
     0.670460057E+04
     0.664166300E+04
     0.670449006E+04
     0.680545599E+04
     0.685706557E+04
     0.701183091E+04
     0.722195623E+04
     0.715580193E+04
     0.722183971E+04
     0.732791943E+04
     0.738213195E+04
     0.754470240E+04
     0.776539007E+04
     0.769591457E+04
     0.776526737E+04
     0.787662717E+04
     0.793352615E+04
     0.810415208E+04
     0.833573717E+04
     0.826283558E+04
     0.833560814E+04
     0.845241489E+04
     0.851208404E+04
     0.869101644E+04
     0.893383460E+04
     0.885740189E+04
     0.893369908E+04
     0.905611981E+04
     0.911864283E+04
     0.930613265E+04
     0.956051914E+04
     0.948045042E+04
     0.956037696E+04
     0.968857838E+04
     0.975403872E+04
     0.995033612E+04
     0.102166248E+05
     0.101328157E+05
     0.102164758E+05
     0.103506238E+05
     0.104191044E+05
     0.106244579E+05
     0.109029802E+05
     0.108153271E+05
     0.109028242E+05
     0.110408737E+05
     0.111113060E+05
     0.113225146E+05
     0.116088429E+05
     0.115187507E+05
     0.116086875E+05
     0.117495577E+05
     0.118213795E+05
     0.120367581E+05
     0.123285697E+05
     0.122367745E+05
     0.123284185E+05
     0.124717690E+05
     0.125448048E+05
     0.127638277E+05
     0.130604047E+05
     0.129671330E+05
     0.130602582E+05
     0.132057232E+05
     0.132797852E+05
     0.135018892E+05
     0.138024639E+05
     0.137079579E+05
     0.138023229E+05
     0.139494822E+05
     0.140243552E+05
     0.142488949E+05
     0.145525895E+05
     0.144571256E+05
     0.145524544E+05
     0.147008223E+05
     0.147762577E+05
     0.150024880E+05
     0.153082903E+05
     0.152121873E+05
     0.153081619E+05
     0.154571712E+05
     0.155328793E+05
     0.157599316E+05
     0.160666631E+05
     0.159702920E+05
     0.160665421E+05
     0.162155217E+05
     0.162911601E+05
     0.165180078E+05
     0.168242776E+05
     0.167280759E+05
     0.168241647E+05
     0.169723041E+05
     0.170474601E+05
     0.172728653E+05
     0.175769976E+05
     0.174814923E+05
     0.175768937E+05
     0.177231859E+05
     0.177973470E+05
     0.180197730E+05
     0.183196892E+05
     0.182255336E+05
     0.183195953E+05
     0.184627342E+05
     0.185352363E+05
     0.187526918E+05
     0.190457008E+05
     0.189537406E+05
     0.190456179E+05
     0.191837933E+05
     0.192537168E+05
     0.194634437E+05
     0.197458206E+05
     0.196572259E+05
     0.197457502E+05
     0.198761562E+05
     0.199420767E+05
     0.201398032E+05
     0.204057823E+05
     0.203223639E+05
     0.198594383E+05
     0.199168270E+05
     0.200889702E+05
     0.203202628E+05
     0.202477587E+05
     0.203202258E+05
     0.204371681E+05
     0.204961991E+05
     0.206732680E+05
     0.209111785E+05
     0.208365998E+05
     0.209111397E+05
     0.210324039E+05
     0.210936209E+05
     0.212772454E+05
     0.215239793E+05
     0.214466326E+05
     0.215239378E+05
     0.216599216E+05
     0.217286280E+05
     0.219347114E+05
     0.222118222E+05
     0.221249265E+05
     0.222117657E+05
     0.223604469E+05
     0.224356146E+05
     0.226610728E+05
     0.229643941E+05
     0.228692582E+05
     0.229643232E+05
     0.231245817E+05
     0.232056393E+05
     0.234487580E+05
     0.237759673E+05
     0.236733215E+05
     0.237758822E+05
     0.239470377E+05
     0.240336364E+05
     0.242933689E+05
     0.246430431E+05
     0.245333356E+05
     0.246429441E+05
     0.248245652E+05
     0.249164821E+05
     0.251921604E+05
     0.255633860E+05
     0.254469051E+05
     0.255632730E+05
     0.257550804E+05
     0.258521699E+05
     0.261433567E+05
     0.265355310E+05
     0.264124674E+05
     0.265354041E+05
     0.267372156E+05
     0.268393812E+05
     0.271457866E+05
     0.275585055E+05
     0.274289878E+05
     0.275583647E+05
     0.277700618E+05
     0.278772390E+05
     0.281986694E+05
     0.286316580E+05
     0.284957741E+05
     0.286315032E+05
     0.288530089E+05
     0.289651542E+05
     0.293014786E+05
     0.297545458E+05
     0.296123575E+05
     0.297543769E+05
     0.299856405E+05
     0.301027232E+05
     0.304538499E+05
     0.309268568E+05
     0.307784095E+05
     0.309266738E+05
     0.311676594E+05
     0.312896565E+05
     0.316555158E+05
     0.321483526E+05
     0.319936828E+05
     0.321481554E+05
     0.323988337E+05
     0.325257250E+05
     0.329062564E+05
     0.334188244E+05
     0.332579650E+05
     0.334186128E+05
     0.336789541E+05
     0.338107190E+05
     0.342058600E+05
     0.347380574E+05
     0.345710426E+05
     0.347378313E+05
     0.350077995E+05
     0.351444138E+05
     0.355540917E+05
     0.361058014E+05
     0.359326702E+05
     0.361055607E+05
     0.363851084E+05
     0.365265418E+05
     0.369506654E+05
     0.375217443E+05
     0.373425443E+05
     0.375214890E+05
     0.378105530E+05
     0.379567668E+05
     0.383952197E+05
     0.389854894E+05
     0.388002790E+05
     0.389852194E+05
     0.392837163E+05
     0.394346611E+05
     0.398872949E+05
     0.404965327E+05
     0.403053847E+05
     0.404962479E+05
     0.408040701E+05
     0.409596839E+05
     0.414263122E+05
     0.420542423E+05
     0.418572462E+05
     0.420539427E+05
     0.423709544E+05
     0.425311603E+05
     0.430115523E+05
     0.436578377E+05
     0.434551025E+05
     0.436575234E+05
     0.439835567E+05
     0.441482612E+05
     0.446421356E+05
     0.453063699E+05
     0.450980265E+05
     0.453060409E+05
     0.456408917E+05
     0.458099822E+05
     0.463170014E+05
     0.469987000E+05
     0.467849042E+05
     0.469983564E+05
     0.473417806E+05
     0.475151237E+05
     0.480348872E+05
     0.487334792E+05
     0.485144140E+05
     0.487331210E+05
     0.490848301E+05
     0.492622694E+05
     0.497943075E+05
     0.505091266E+05
     0.502850052E+05
     0.505087540E+05
     0.508684107E+05
     0.510497645E+05
     0.515935316E+05
     0.523238072E+05
     0.520948758E+05
     0.523234204E+05
     0.526906345E+05
     0.528756933E+05
     0.534305611E+05
     0.541754087E+05
     0.539419497E+05
     0.541750080E+05
     0.545493313E+05
     0.547378558E+05
     0.553031059E+05
     0.560615174E+05
     0.558238520E+05
     0.560611031E+05
     0.564400196E+05
     0.566307221E+05
     0.572024964E+05
     0.579692240E+05
     0.577290064E+05
     0.579688033E+05
     0.583511111E+05
     0.585433730E+05
     0.591198175E+05
     0.598923302E+05
     0.596503592E+05
     0.598919058E+05
     0.602769633E+05
     0.604704504E+05
     0.610505628E+05
     0.618274801E+05
     0.615841927E+05
     0.618270527E+05
     0.622141626E+05
     0.624085125E+05
     0.629912053E+05
     0.637710315E+05
     0.635269009E+05
     0.637706017E+05
     0.641590097E+05
     0.643538304E+05
     0.649379284E+05
     0.657190484E+05
     0.654745854E+05
     0.657186169E+05
     0.661075089E+05
     0.663023781E+05
     0.668866143E+05
     0.676672891E+05
     0.674230435E+05
     0.660282358E+05
     0.661833114E+05
     0.666483516E+05
     0.672694196E+05
     0.670751738E+05
     0.672692051E+05
     0.676584810E+05
     0.678533777E+05
     0.684376890E+05
     0.692179298E+05
     0.689738859E+05
     0.673229628E+05
     0.673498464E+05
     0.674304960E+05
     0.675380444E+05
     0.675044334E+05
     0.675380433E+05
     0.677453746E+05
     0.678491033E+05
     0.681602324E+05
     0.685753179E+05
     0.684455628E+05
     0.675587764E+05
     0.675691436E+05
     0.676002451E+05
     0.676417156E+05
     0.676287558E+05
     0.676417156E+05
     0.677453944E+05
     0.677972485E+05
     0.679528036E+05
     0.681602622E+05
     0.680954238E+05
     0.677338080E+05
     0.677798658E+05
     0.679180341E+05
     0.681022988E+05
     0.680447103E+05
     0.681022934E+05
     0.682023182E+05
     0.682523408E+05
     0.684024023E+05
     0.686025214E+05
     0.685399785E+05
     0.681122959E+05
     0.681172972E+05
     0.681323012E+05
     0.681523069E+05
     0.681460551E+05
     0.681523069E+05
     0.682023215E+05
     0.682273312E+05
     0.683023595E+05
     0.684024056E+05
     0.683711400E+05
     0.681852681E+05
     0.682017498E+05
     0.682511945E+05
     0.683171243E+05
     0.682965208E+05
     0.683171241E+05
     0.683605456E+05
     0.683822579E+05
     0.684473944E+05
     0.685342486E+05
     0.685071059E+05
     0.683296065E+05
     0.683358479E+05
     0.683545719E+05
     0.683795377E+05
     0.683717359E+05
     0.683795377E+05
     0.684081909E+05
     0.684225182E+05
     0.684654999E+05
     0.685228109E+05
     0.685049009E+05
     0.683920355E+05
     0.683982846E+05
     0.684170317E+05
     0.684420282E+05
     0.684342168E+05
     0.684420282E+05
     0.684626241E+05
     0.684729224E+05
     0.685038172E+05
     0.685450112E+05
     0.685321380E+05
     0.684511904E+05
     0.684557715E+05
     0.684695150E+05
     0.684878397E+05
     0.684821132E+05
     0.684878397E+05
     0.685022880E+05
     0.685095123E+05
     0.685311852E+05
     0.685600828E+05
     0.685510522E+05
     0.684949145E+05
     0.684984520E+05
     0.685090643E+05
     0.685232141E+05
     0.685187923E+05
     0.685232141E+05
     0.685334697E+05
     0.685385975E+05
     0.685539811E+05
     0.685744927E+05
     0.685680828E+05
     0.685285889E+05
     0.685312763E+05
     0.685393385E+05
     0.685500882E+05
     0.685467289E+05
     0.685500882E+05
     0.685574304E+05
     0.685611015E+05
     0.685721148E+05
     0.685867993E+05
     0.685822104E+05
     0.685541848E+05
     0.685562330E+05
     0.685623779E+05
     0.685705710E+05
     0.685680107E+05
     0.685705710E+05
     0.685758945E+05
     0.685785562E+05
     0.685865415E+05
     0.685971885E+05
     0.685938613E+05
     0.685737070E+05
     0.685752749E+05
     0.685799788E+05
     0.685862508E+05
     0.685842908E+05
     0.685862508E+05
     0.685901648E+05
     0.685921218E+05
     0.685979928E+05
     0.686058209E+05
     0.686033746E+05
     0.685886686E+05
     0.685898776E+05
     0.685935044E+05
     0.685983402E+05
     0.685968290E+05
     0.685983402E+05
     0.686012603E+05
     0.686027203E+05
     0.686071005E+05
     0.686129407E+05
     0.686111156E+05
     0.686002206E+05
     0.686011608E+05
     0.686039814E+05
     0.686077422E+05
     0.686065669E+05
     0.686077422E+05
     0.686099528E+05
     0.686110582E+05
     0.686143741E+05
     0.686187954E+05
     0.686174138E+05
     0.686092185E+05
     0.686099567E+05
     0.686121711E+05
     0.686151238E+05
     0.686142011E+05
     0.686151238E+05
     0.686168213E+05
     0.686176700E+05
     0.686202163E+05
     0.686236113E+05
     0.686225504E+05
     0.686162942E+05
     0.686168794E+05
     0.686186351E+05
     0.686209760E+05
     0.686202444E+05
     0.686209760E+05
     0.686222973E+05
     0.686229579E+05
     0.686249398E+05
     0.686275824E+05
     0.686267566E+05
     0.686219130E+05
     0.686223815E+05
     0.686237871E+05
     0.686256612E+05
     0.686250756E+05
     0.686256612E+05
     0.686267029E+05
     0.686272237E+05
     0.686287863E+05
     0.686308696E+05
     0.686302186E+05
     0.686264186E+05
     0.686267973E+05
     0.686279334E+05
     0.686294481E+05
     0.686289748E+05
     0.686294481E+05
     0.686302793E+05
     0.686306948E+05
     0.686319415E+05
     0.686336037E+05
     0.686330843E+05
     0.686300659E+05
     0.686303748E+05
     0.686313015E+05
     0.686325371E+05
     0.686321510E+05
     0.686325371E+05
     0.686332077E+05
     0.686335429E+05
     0.686345488E+05
     0.686358898E+05
     0.686354707E+05
     0.686330455E+05
     0.686332997E+05
     0.686340622E+05
     0.686350789E+05
     0.686347612E+05
     0.686350789E+05
     0.686356255E+05
     0.686358988E+05
     0.686367187E+05
     0.686378119E+05
     0.686374703E+05
     0.686355007E+05
     0.686357116E+05
     0.686363442E+05
     0.686371878E+05
     0.686369242E+05
     0.686371878E+05
     0.686376376E+05
     0.686378625E+05
     0.686385373E+05
     0.686394369E+05
     0.686391558E+05
     0.686375405E+05
     0.686377168E+05
     0.686382458E+05
     0.686389511E+05
     0.686387307E+05
     0.686389511E+05
     0.686393246E+05
     0.686395113E+05
     0.686400716E+05
     0.686408186E+05
     0.686405851E+05
     0.686392481E+05
     0.686393967E+05
     0.686398422E+05
     0.686404363E+05
     0.686402507E+05
     0.686404363E+05
     0.686407490E+05
     0.686409053E+05
     0.686413743E+05
     0.686419996E+05
     0.686418042E+05
     0.686406882E+05
     0.686408142E+05
     0.686411920E+05
     0.686416958E+05
     0.686415384E+05
     0.686416958E+05
     0.686419596E+05
     0.686420914E+05
     0.686424870E+05
     0.686430145E+05
     0.686428496E+05
     0.686419108E+05
     0.686420183E+05
     0.686423409E+05
     0.686427709E+05
     0.686426365E+05
     0.686427709E+05
     0.686429949E+05
     0.686431069E+05
     0.686434429E+05
     0.686438910E+05
     0.686437510E+05
     0.686429555E+05
     0.686430478E+05
     0.686433247E+05
     0.686436940E+05
     0.686435786E+05
     0.686436940E+05
     0.686438855E+05
     0.686439813E+05
     0.686442686E+05
     0.686446517E+05
     0.686445320E+05
     0.686438534E+05
     0.686439331E+05
     0.686441722E+05
     0.686444911E+05
     0.686443914E+05
     0.686444911E+05
     0.686446558E+05
     0.686447382E+05
     0.686449854E+05
     0.686453149E+05
     0.686452120E+05
     0.686446294E+05
     0.686446986E+05
     0.686449062E+05
     0.686451830E+05
     0.686450965E+05
     0.686451830E+05
     0.686453256E+05
     0.686453968E+05
     0.686456107E+05
     0.686458958E+05
     0.686458067E+05
     0.686453037E+05
     0.686453641E+05
     0.686455452E+05
     0.686457867E+05
     0.686457112E+05
     0.686457867E+05
     0.686459106E+05
     0.686459726E+05
     0.686461586E+05
     0.686464066E+05
     0.686463291E+05
     0.686458925E+05
     0.686459454E+05
     0.686461041E+05
     0.686463158E+05
     0.686462496E+05
     0.686463158E+05
     0.686464241E+05
     0.686464783E+05
     0.686466409E+05
     0.686468576E+05
     0.686467899E+05
     0.686464089E+05
     0.686464555E+05
     0.686465952E+05
     0.686467815E+05
     0.686467233E+05
     0.686467815E+05
     0.686468767E+05
     0.686469243E+05
     0.686470670E+05
     0.686472573E+05
     0.686471978E+05
     0.686468639E+05
     0.686469050E+05
     0.686470286E+05
     0.686471932E+05
     0.686471418E+05
     0.686471932E+05
     0.686472772E+05
     0.686473191E+05
     0.686474450E+05
     0.686476129E+05
     0.686475604E+05
     0.686472663E+05
     0.686473029E+05
     0.686474125E+05
     0.686475586E+05
     0.686475129E+05
     0.686475586E+05
     0.686476329E+05
     0.686476701E+05
     0.686477816E+05
     0.686479302E+05
     0.686478837E+05
     0.686476237E+05
     0.686476562E+05
     0.686477538E+05
     0.686478840E+05
     0.686478433E+05
     0.686478840E+05
     0.686479501E+05
     0.686479831E+05
     0.686480822E+05
     0.686482143E+05
     0.686481730E+05
     0.686479422E+05
     0.686479713E+05
     0.686480585E+05
     0.686481749E+05
     0.686481385E+05
     0.686481749E+05
     0.686482338E+05
     0.686482633E+05
     0.686483517E+05
     0.686484696E+05
     0.686484327E+05
     0.686482270E+05
     0.686482531E+05
     0.686483313E+05
     0.686484357E+05
     0.686484031E+05
     0.686484357E+05
     0.686484884E+05
     0.686485148E+05
     0.686485940E+05
     0.686486995E+05
     0.686486665E+05
     0.686484826E+05
     0.686485060E+05
     0.686485764E+05
     0.686486702E+05
     0.686486409E+05
     0.686486702E+05
     0.686487176E+05
     0.686487413E+05
     0.686488124E+05
     0.686489072E+05
     0.686488776E+05
     0.686487126E+05
     0.686487337E+05
     0.686487972E+05
     0.686488819E+05
     0.686488554E+05
     0.686488819E+05
     0.686489246E+05
     0.686489459E+05
     0.686490100E+05
     0.686490953E+05
     0.686490687E+05
     0.686489202E+05
     0.686489393E+05
     0.686489968E+05
     0.686490733E+05
     0.686490494E+05
     0.686490733E+05
     0.686491119E+05
     0.686491312E+05
     0.686491891E+05
     0.686492662E+05
     0.686492421E+05
     0.686492662E+05
     0.686493009E+05
     0.686493183E+05
     0.686493704E+05
     0.686494399E+05
     0.686494181E+05
     0.686492974E+05
     0.686493130E+05
     0.686493598E+05
     0.686494222E+05
     0.686494027E+05
     0.686494222E+05
     0.686494536E+05
     0.686494693E+05
     0.686495163E+05
     0.686495791E+05
     0.686495595E+05
     0.686495791E+05
     0.686496076E+05
     0.686496218E+05
     0.686496645E+05
     0.686497214E+05
     0.686497036E+05
     0.686497214E+05
     0.686497471E+05
     0.686497600E+05
     0.686497986E+05
     0.686498500E+05
     0.686498339E+05
     0.686498500E+05
     0.686498734E+05
     0.686498850E+05
     0.686499200E+05
     0.686499667E+05
     0.686499521E+05
     0.686499667E+05
     0.686499879E+05
     0.686499985E+05
     0.686500304E+05
     0.686500728E+05
     0.686500596E+05
     0.686500728E+05
     0.686500922E+05
     0.686501019E+05
     0.686501309E+05
     0.686501697E+05
     0.686501576E+05
     0.686501697E+05
     0.686501874E+05
     0.686501962E+05
     0.686502228E+05
     0.686502582E+05
     0.686502472E+05
     0.686502582E+05
     0.686502745E+05
     0.686502826E+05
     0.686503070E+05
     0.686503394E+05
     0.686503293E+05
     0.686503394E+05
     0.686503544E+05
     0.686503618E+05
     0.686503842E+05
     0.686504141E+05
     0.686504047E+05
     0.686504141E+05
     0.686504278E+05
     0.686504347E+05
     0.686504553E+05
     0.686504828E+05
     0.686504742E+05
     0.686504828E+05
     0.686504955E+05
     0.686505019E+05
     0.686505209E+05
     0.686505463E+05
     0.686505384E+05
     0.686505463E+05
     0.686505580E+05
     0.686505639E+05
     0.686505815E+05
     0.686506050E+05
     0.686505977E+05
     0.686506050E+05
     0.686506159E+05
     0.686506213E+05
     0.686506377E+05
     0.686506594E+05
     0.686506526E+05
     0.686506594E+05
     0.686506695E+05
     0.686506746E+05
     0.686506897E+05
     0.686507099E+05
     0.686507036E+05
     0.686507099E+05
     0.686507193E+05
     0.686507240E+05
     0.686507381E+05
     0.686507569E+05
     0.686507510E+05
     0.686507569E+05
     0.686507657E+05
     0.686507701E+05
     0.686507832E+05
     0.686508007E+05
     0.686507952E+05
     0.686508007E+05
     0.686508089E+05
     0.686508129E+05
     0.686508252E+05
     0.686508415E+05
     0.686508364E+05
     0.686508415E+05
     0.686508492E+05
     0.686508530E+05
     0.686508644E+05
     0.686508797E+05
     0.686508749E+05
     0.686508797E+05
     0.686508869E+05
     0.686508904E+05
     0.686509012E+05
     0.686509154E+05
     0.686509110E+05
     0.686509154E+05
     0.686509221E+05
     0.686509255E+05
     0.686509355E+05
     0.686509489E+05
     0.686509448E+05
     0.686509489E+05
     0.686509552E+05
     0.686509584E+05
     0.686509678E+05
     0.686509804E+05
     0.686509764E+05
     0.686509804E+05
     0.686509863E+05
     0.686509892E+05
     0.686509981E+05
     0.686510099E+05
     0.686510062E+05
     0.686510099E+05
     0.686510155E+05
     0.686510183E+05
     0.686510266E+05
     0.686510377E+05
     0.686510342E+05
     0.686510377E+05
     0.686510429E+05
     0.686510456E+05
     0.686510534E+05
     0.686510639E+05
     0.686510606E+05
     0.686510639E+05
     0.686510688E+05
     0.686510713E+05
     0.686510787E+05
     0.686510886E+05
     0.686510855E+05
     0.686510886E+05
     0.686510933E+05
     0.686510956E+05
     0.686511026E+05
     0.686511119E+05
     0.686511090E+05
     0.686511119E+05
     0.686511163E+05
     0.686511185E+05
     0.686511252E+05
     0.686511340E+05
     0.686511312E+05
     0.686511340E+05
     0.686511382E+05
     0.686511402E+05
     0.686511465E+05
     0.686511548E+05
     0.686511522E+05
     0.686511548E+05
     0.686511588E+05
     0.686511608E+05
     0.686511667E+05
     0.686511746E+05
     0.686511721E+05
     0.686511746E+05
     0.686511784E+05
     0.686511802E+05
     0.686511859E+05
     0.686511934E+05
     0.686511910E+05
     0.686511934E+05
     0.686511969E+05
     0.686511987E+05
     0.686512040E+05
     0.686512111E+05
     0.686512089E+05
     0.686512111E+05
     0.686512145E+05
     0.686512162E+05
     0.686512213E+05
     0.686512280E+05
     0.686512259E+05
     0.686512280E+05
     0.686512313E+05
     0.686512329E+05
     0.686512377E+05
     0.686512441E+05
     0.686512421E+05
     0.686512441E+05
     0.686512472E+05
     0.686512487E+05
     0.686512533E+05
     0.686512594E+05
     0.686512575E+05
     0.686512594E+05
     0.686512623E+05
     0.686512638E+05
     0.686512681E+05
     0.686512740E+05
     0.686512721E+05
     0.686512740E+05
     0.686512767E+05
     0.686512781E+05
     0.686512823E+05
     0.686512878E+05
     0.686512861E+05
     0.686512878E+05
     0.686512905E+05
     0.686512918E+05
     0.686512958E+05
     0.686513011E+05
     0.686512994E+05
     0.686513011E+05
     0.686513036E+05
     0.686513049E+05
     0.686513087E+05
     0.686513137E+05
     0.686513121E+05
     0.686513137E+05
     0.686513161E+05
     0.686513173E+05
     0.686513210E+05
     0.686513258E+05
     0.686513243E+05
     0.686513258E+05
     0.686513281E+05
     0.686513292E+05
     0.686513327E+05
     0.686513373E+05
     0.686513359E+05
     0.686513373E+05
     0.686513395E+05
     0.686513406E+05
     0.686513439E+05
     0.686513484E+05
     0.686513470E+05
     0.686513484E+05
     0.686513505E+05
     0.686513515E+05
     0.686513547E+05
     0.686513589E+05
     0.686513576E+05
     0.686513589E+05
     0.686513609E+05
     0.686513619E+05
     0.686513650E+05
     0.686513690E+05
     0.686513678E+05
     0.686513690E+05
     0.686513710E+05
     0.686513719E+05
     0.686513748E+05
     0.686513787E+05
     0.686513775E+05
     0.686513787E+05
     0.686513806E+05
     0.686513815E+05
     0.686513843E+05
     0.686513880E+05
     0.686513868E+05
     0.686513880E+05
     0.686513898E+05
     0.686513907E+05
     0.686513933E+05
     0.686513969E+05
     0.686513958E+05
     0.686513969E+05
     0.686513986E+05
     0.686513995E+05
     0.686514020E+05
     0.686514055E+05
     0.686514044E+05
     0.686514055E+05
     0.686514071E+05
     0.686514079E+05
     0.686514104E+05
     0.686514137E+05
     0.686514126E+05
     0.686514137E+05
     0.686514152E+05
     0.686514160E+05
     0.686514184E+05
     0.686514215E+05
     0.686514206E+05
     0.686514215E+05
     0.686514231E+05
     0.686514238E+05
     0.686514261E+05
     0.686514291E+05
     0.686514282E+05
     0.686514291E+05
     0.686514306E+05
     0.686514313E+05
     0.686514335E+05
     0.686514364E+05
     0.686514355E+05
     0.686514364E+05
     0.686514378E+05
     0.686514385E+05
     0.686514406E+05
     0.686514434E+05
     0.686514425E+05
     0.686514434E+05
     0.686514447E+05
     0.686514454E+05
     0.686514474E+05
     0.686514501E+05
     0.686514493E+05
     0.686514501E+05
     0.686514514E+05
     0.686514521E+05
     0.686514540E+05
     0.686514566E+05
     0.686514558E+05
     0.686514566E+05
     0.686514579E+05
     0.686514585E+05
     0.686514604E+05
     0.686514629E+05
     0.686514621E+05
     0.686514629E+05
     0.686514641E+05
     0.686514647E+05
     0.686514665E+05
     0.686514689E+05
     0.686514681E+05
     0.686514689E+05
     0.686514700E+05
     0.686514706E+05
     0.686514723E+05
     0.686514747E+05
     0.686514739E+05
     0.686514747E+05
     0.686514758E+05
     0.686514763E+05
     0.686514780E+05
     0.686514802E+05
     0.686514795E+05
     0.686514802E+05
     0.686514813E+05
     0.686514818E+05
     0.686514835E+05
     0.686514856E+05
     0.686514849E+05
     0.686514856E+05
     0.686514866E+05
     0.686514872E+05
     0.686514887E+05
     0.686514908E+05
     0.686514901E+05
     0.686514908E+05
     0.686514918E+05
     0.686514923E+05
     0.686514938E+05
     0.686514958E+05
     0.686514952E+05
     0.686514958E+05
     0.686514968E+05
     0.686514972E+05
     0.686514987E+05
     0.686515006E+05
     0.686515000E+05
     0.686515006E+05
     0.686515015E+05
     0.686515020E+05
     0.686515034E+05
     0.686515053E+05
     0.686515047E+05
     0.686515053E+05
     0.686515062E+05
     0.686515066E+05
     0.686515080E+05
     0.686515098E+05
     0.686515092E+05
     0.686515098E+05
     0.686515106E+05
     0.686515111E+05
     0.686515124E+05
     0.686515141E+05
     0.686515136E+05
     0.686515141E+05
     0.686515149E+05
     0.686515153E+05
     0.686515166E+05
     0.686515183E+05
     0.686515178E+05
     0.686515183E+05
     0.686515191E+05
     0.686515195E+05
     0.686515207E+05
     0.686515223E+05
     0.686515218E+05
     0.686515223E+05
     0.686515231E+05
     0.686515235E+05
     0.686515247E+05
     0.686515262E+05
     0.686515257E+05
     0.686515262E+05
     0.686515270E+05
     0.686515273E+05
     0.686515285E+05
     0.686515300E+05
     0.686515295E+05
     0.686515300E+05
     0.686515307E+05
     0.686515311E+05
     0.686515322E+05
     0.686515336E+05
     0.686515332E+05
     0.686515336E+05
     0.686515343E+05
     0.686515347E+05
     0.686515357E+05
     0.686515371E+05
     0.686515367E+05
     0.686515371E+05
     0.686515378E+05
     0.686515382E+05
     0.686515392E+05
     0.686515405E+05
     0.686515401E+05
     0.686515405E+05
     0.686515412E+05
     0.686515415E+05
     0.686515425E+05
     0.686515438E+05
     0.686515434E+05
     0.686515438E+05
     0.686515445E+05
     0.686515448E+05
     0.686515457E+05
     0.686515470E+05
     0.686515466E+05
     0.686515470E+05
     0.686515476E+05
     0.686515479E+05
     0.686515488E+05
     0.686515501E+05
     0.686515497E+05
     0.686515501E+05
     0.686515507E+05
     0.686515510E+05
     0.686515518E+05
     0.686515530E+05
     0.686515527E+05
     0.686515530E+05
     0.686515536E+05
     0.686515539E+05
     0.686515547E+05
     0.686515559E+05
     0.686515555E+05
     0.686515559E+05
     0.686515565E+05
     0.686515567E+05
     0.686515576E+05
     0.686515587E+05
     0.686515583E+05
     0.686515587E+05
     0.686515592E+05
     0.686515595E+05
     0.686515603E+05
     0.686515613E+05
     0.686515610E+05
     0.686515613E+05
     0.686515619E+05
     0.686515621E+05
     0.686515629E+05
     0.686515639E+05
     0.686515636E+05
     0.686515639E+05
     0.686515644E+05
     0.686515647E+05
     0.686515654E+05
     0.686515664E+05
     0.686515661E+05
     0.686515664E+05
     0.686515669E+05
     0.686515672E+05
     0.686515679E+05
     0.686515689E+05
     0.686515686E+05
     0.686515689E+05
     0.686515693E+05
     0.686515696E+05
     0.686515703E+05
     0.686515712E+05
     0.686515709E+05
     0.686515712E+05
     0.686515717E+05
     0.686515719E+05
     0.686515726E+05
     0.686515735E+05
     0.686515732E+05
     0.686515735E+05
     0.686515739E+05
     0.686515741E+05
     0.686515748E+05
     0.686515757E+05
     0.686515754E+05
     0.686515757E+05
     0.686515761E+05
     0.686515763E+05
     0.686515770E+05
     0.686515778E+05
     0.686515775E+05
     0.686515778E+05
     0.686515782E+05
     0.686515784E+05
     0.686515790E+05
     0.686515799E+05
     0.686515796E+05
     0.686515799E+05
     0.686515803E+05
     0.686515805E+05
     0.686515811E+05
     0.686515818E+05
     0.686515816E+05
     0.686515818E+05
     0.686515822E+05
     0.686515824E+05
     0.686515830E+05
     0.686515838E+05
     0.686515835E+05
     0.686515838E+05
     0.686515841E+05
     0.686515843E+05
     0.686515849E+05
     0.686515856E+05
     0.686515854E+05
     0.686515856E+05
     0.686515860E+05
     0.686515862E+05
     0.686515867E+05
     0.686515874E+05
     0.686515872E+05
     0.686515874E+05
     0.686515878E+05
     0.686515880E+05
     0.686515885E+05
     0.686515892E+05
     0.686515890E+05
     0.686515892E+05
     0.686515895E+05
     0.686515897E+05
     0.686515902E+05
     0.686515909E+05
     0.686515907E+05
     0.686515909E+05
     0.686515912E+05
     0.686515914E+05
     0.686515918E+05
     0.686515925E+05
     0.686515923E+05
     0.686515925E+05
     0.686515928E+05
     0.686515930E+05
     0.686515934E+05
     0.686515941E+05
     0.686515939E+05
     0.686515941E+05
     0.686515944E+05
     0.686515945E+05
     0.686515950E+05
     0.686515956E+05
     0.686515954E+05
     0.686515956E+05
     0.686515959E+05
     0.686515960E+05
     0.686515965E+05
     0.686515971E+05
     0.686515969E+05
     0.686515971E+05
     0.686515974E+05
     0.686515975E+05
     0.686515979E+05
     0.686515985E+05
     0.686515983E+05
     0.686515985E+05
     0.686515988E+05
     0.686515989E+05
     0.686515993E+05
     0.686515999E+05
     0.686515997E+05
     0.686515999E+05
     0.686516002E+05
     0.686516003E+05
     0.686516007E+05
     0.686516012E+05
     0.686516011E+05
     0.686516012E+05
     0.686516015E+05
     0.686516016E+05
     0.686516020E+05
     0.686516025E+05
     0.686516024E+05
     0.686516025E+05
     0.686516028E+05
     0.686516029E+05
     0.686516033E+05
     0.686516038E+05
     0.686516036E+05
     0.686516038E+05
     0.686516040E+05
     0.686516042E+05
     0.686516045E+05
     0.686516050E+05
     0.686516049E+05
     0.686516050E+05
     0.686516053E+05
     0.686516054E+05
     0.686516057E+05
     0.686516062E+05
     0.686516060E+05
     0.686516062E+05
     0.686516064E+05
     0.686516065E+05
     0.686516069E+05
     0.686516073E+05
     0.686516072E+05
     0.686516073E+05
     0.686516076E+05
     0.686516077E+05
     0.686516080E+05
     0.686516084E+05
     0.686516083E+05
     0.686516084E+05
     0.686516087E+05
     0.686516088E+05
     0.686516091E+05
     0.686516095E+05
     0.686516094E+05
     0.686516095E+05
     0.686516097E+05
     0.686516098E+05
     0.686516101E+05
     0.686516105E+05
     0.686516104E+05
     0.686516105E+05
     0.686516107E+05
     0.686516108E+05
     0.686516111E+05
     0.686516115E+05
     0.686516114E+05
     0.686516115E+05
     0.686516117E+05
     0.686516118E+05
     0.686516121E+05
     0.686516125E+05
     0.686516124E+05
     0.686516125E+05
     0.686516127E+05
     0.686516128E+05
     0.686516131E+05
     0.686516135E+05
     0.686516133E+05
     0.686516135E+05
     0.686516136E+05
     0.686516137E+05
     0.686516140E+05
     0.686516144E+05
     0.686516142E+05
     0.686516144E+05
     0.686516145E+05
     0.686516146E+05
     0.686516149E+05
     0.686516152E+05
     0.686516151E+05
     0.686516152E+05
     0.686516154E+05
     0.686516155E+05
     0.686516158E+05
     0.686516161E+05
     0.686516160E+05
     0.686516161E+05
     0.686516163E+05
     0.686516163E+05
     0.686516166E+05
     0.686516169E+05
     0.686516168E+05
     0.686516169E+05
     0.686516171E+05
     0.686516172E+05
     0.686516174E+05
     0.686516177E+05
     0.686516176E+05
     0.686516177E+05
     0.686516179E+05
     0.686516180E+05
     0.686516182E+05
     0.686516185E+05
     0.686516184E+05
     0.686516185E+05
     0.686516186E+05
     0.686516187E+05
     0.686516189E+05
     0.686516192E+05
     0.686516191E+05
     0.686516192E+05
     0.686516194E+05
     0.686516195E+05
     0.686516197E+05
     0.686516200E+05
     0.686516199E+05
     0.686516200E+05
     0.686516201E+05
     0.686516202E+05
     0.686516204E+05
     0.686516207E+05
     0.686516206E+05
     0.686516207E+05
     0.686516208E+05
     0.686516209E+05
     0.686516211E+05
     0.686516213E+05
     0.686516213E+05
     0.686516213E+05
     0.686516215E+05
     0.686516215E+05
     0.686516217E+05
     0.686516220E+05
     0.686516219E+05
     0.686516220E+05
     0.686516221E+05
     0.686516222E+05
     0.686516224E+05
     0.686516226E+05
     0.686516226E+05
     0.686516226E+05
     0.686516228E+05
     0.686516228E+05
     0.686516230E+05
     0.686516233E+05
     0.686516232E+05
     0.686516233E+05
     0.686516234E+05
     0.686516234E+05
     0.686516236E+05
     0.686516239E+05
     0.686516238E+05
     0.686516239E+05
     0.686516240E+05
     0.686516240E+05
     0.686516242E+05
     0.686516244E+05
     0.686516244E+05
     0.686516244E+05
     0.686516246E+05
     0.686516246E+05
     0.686516248E+05
     0.686516250E+05
     0.686516249E+05
     0.686516250E+05
     0.686516251E+05
     0.686516252E+05
     0.686516253E+05
     0.686516255E+05
     0.686516255E+05
     0.686516255E+05
     0.686516256E+05
     0.686516257E+05
     0.686516259E+05
     0.686516261E+05
     0.686516260E+05
     0.686516261E+05
     0.686516262E+05
     0.686516262E+05
     0.686516264E+05
     0.686516266E+05
     0.686516265E+05
     0.686516266E+05
     0.686516267E+05
     0.686516267E+05
     0.686516269E+05
     0.686516271E+05
     0.686516270E+05
     0.686516271E+05
     0.686516272E+05
     0.686516272E+05
     0.686516274E+05
     0.686516275E+05
     0.686516275E+05
     0.686516275E+05
     0.686516276E+05
     0.686516277E+05
     0.686516278E+05
     0.686516280E+05
     0.686516280E+05
     0.686516280E+05
     0.686516281E+05
     0.686516281E+05
     0.686516283E+05
     0.686516285E+05
     0.686516284E+05
     0.686516285E+05
     0.686516285E+05
     0.686516286E+05
     0.686516287E+05
     0.686516289E+05
     0.686516288E+05
     0.686516289E+05
     0.686516290E+05
     0.686516290E+05
     0.686516291E+05
     0.686516293E+05
     0.686516293E+05
     0.686516293E+05
     0.686516294E+05
     0.686516294E+05
     0.686516296E+05
     0.686516297E+05
     0.686516297E+05
     0.686516297E+05
     0.686516298E+05
     0.686516298E+05
     0.686516300E+05
     0.686516301E+05
     0.686516301E+05
     0.686516301E+05
     0.686516302E+05
     0.686516302E+05
     0.686516303E+05
     0.686516305E+05
     0.686516304E+05
     0.686516305E+05
     0.686516306E+05
     0.686516306E+05
     0.686516307E+05
     0.686516309E+05
     0.686516308E+05
     0.686516309E+05
     0.686516309E+05
     0.686516310E+05
     0.686516311E+05
     0.686516312E+05
     0.686516312E+05
     0.686516312E+05
     0.686516313E+05
     0.686516313E+05
     0.686516314E+05
     0.686516316E+05
     0.686516315E+05
     0.686516316E+05
     0.686516316E+05
     0.686516317E+05
     0.686516318E+05
     0.686516319E+05
     0.686516319E+05
     0.686516319E+05
     0.686516320E+05
     0.686516320E+05
     0.686516321E+05
     0.686516322E+05
     0.686516322E+05
     0.686516322E+05
     0.686516323E+05
     0.686516323E+05
     0.686516324E+05
     0.686516326E+05
     0.686516325E+05
     0.686516326E+05
     0.686516326E+05
     0.686516326E+05
     0.686516327E+05
     0.686516329E+05
     0.686516328E+05
     0.686516329E+05
     0.686516329E+05
     0.686516330E+05
     0.686516330E+05
     0.686516332E+05
     0.686516331E+05
     0.686516332E+05
     0.686516332E+05
     0.686516332E+05
     0.686516333E+05
     0.686516334E+05
     0.686516334E+05
     0.686516334E+05
     0.686516335E+05
     0.686516335E+05
     0.686516336E+05
     0.686516337E+05
     0.686516337E+05
     0.686516337E+05
     0.686516338E+05
     0.686516338E+05
     0.686516339E+05
     0.686516340E+05
     0.686516340E+05
     0.686516340E+05
     0.686516341E+05
     0.686516341E+05
     0.686516342E+05
     0.686516343E+05
     0.686516342E+05
     0.686516343E+05
     0.686516343E+05
     0.686516343E+05
     0.686516344E+05
     0.686516345E+05
     0.686516345E+05
     0.686516345E+05
     0.686516346E+05
     0.686516346E+05
     0.686516347E+05
     0.686516348E+05
     0.686516347E+05
     0.686516348E+05
     0.686516348E+05
     0.686516348E+05
     0.686516349E+05
     0.686516350E+05
     0.686516350E+05
     0.686516350E+05
     0.686516351E+05
     0.686516351E+05
     0.686516351E+05
     0.686516352E+05
     0.686516352E+05
     0.686516352E+05
     0.686516353E+05
     0.686516353E+05
     0.686516354E+05
     0.686516355E+05
     0.686516354E+05
     0.686516355E+05
     0.686516355E+05
     0.686516355E+05
     0.686516356E+05
     0.686516357E+05
     0.686516357E+05
     0.686516357E+05
     0.686516357E+05
     0.686516358E+05
     0.686516358E+05
     0.686516359E+05
     0.686516359E+05
     0.686516359E+05
     0.686516359E+05
     0.686516360E+05
     0.686516360E+05
     0.686516361E+05
     0.686516361E+05
     0.686516361E+05
     0.686516362E+05
     0.686516362E+05
     0.686516362E+05
     0.686516363E+05
     0.686516363E+05
     0.686516363E+05
     0.686516364E+05
     0.686516364E+05
     0.686516364E+05
     0.686516365E+05
     0.686516365E+05
     0.686516365E+05
     0.686516366E+05
     0.686516366E+05
     0.686516366E+05
     0.686516367E+05
     0.686516367E+05
     0.686516367E+05
     0.686516367E+05
     0.686516368E+05
     0.686516368E+05
     0.686516369E+05
     0.686516369E+05
     0.686516369E+05
     0.686516369E+05
     0.686516370E+05
     0.686516370E+05
     0.686516371E+05
     0.686516371E+05
     0.686516371E+05
     0.686516371E+05
     0.686516371E+05
     0.686516372E+05
     0.686516373E+05
     0.686516372E+05
     0.686516373E+05
     0.686516373E+05
     0.686516373E+05
     0.686516374E+05
     0.686516374E+05
     0.686516374E+05
     0.686516374E+05
     0.686516375E+05
     0.686516375E+05
     0.686516375E+05
     0.686516376E+05
     0.686516376E+05
     0.686516376E+05
     0.686516376E+05
     0.686516377E+05
     0.686516377E+05
     0.686516378E+05
     0.686516378E+05
     0.686516378E+05
     0.686516378E+05
     0.686516378E+05
     0.686516379E+05
     0.686516379E+05
     0.686516379E+05
     0.686516379E+05
     0.686516380E+05
     0.686516380E+05
     0.686516380E+05
     0.686516381E+05
     0.686516381E+05
     0.686516381E+05
     0.686516381E+05
     0.686516382E+05
     0.686516382E+05
     0.686516383E+05
     0.686516382E+05
     0.686516383E+05
     0.686516383E+05
     0.686516383E+05
     0.686516384E+05
     0.686516384E+05
     0.686516384E+05
     0.686516384E+05
     0.686516385E+05
     0.686516385E+05
     0.686516385E+05
     0.686516386E+05
     0.686516386E+05
     0.686516386E+05
     0.686516386E+05
     0.686516386E+05
     0.686516387E+05
     0.686516387E+05
     0.686516387E+05
     0.686516387E+05
     0.686516388E+05
     0.686516388E+05
     0.686516388E+05
     0.686516389E+05
     0.686516389E+05
     0.686516389E+05
     0.686516389E+05
     0.686516390E+05
     0.686516390E+05
     0.686516391E+05
     0.686516391E+05
     0.686516391E+05
     0.686516391E+05
     0.686516391E+05
     0.686516392E+05
     0.686516393E+05
     0.686516393E+05
     0.686516393E+05
     0.686516393E+05
     0.686516394E+05
     0.686516395E+05
     0.686516396E+05
     0.686516395E+05
     0.686516393E+05
     0.686516393E+05
     0.686516394E+05
     0.686516394E+05
     0.686516394E+05
     0.686516394E+05
     0.686516395E+05
     0.686516395E+05
     0.686516395E+05
     0.686516396E+05
     0.686516396E+05
     0.686516395E+05
     0.686516395E+05
     0.686516395E+05
     0.686516396E+05
     0.686516396E+05
     0.686516396E+05
     0.686516396E+05
     0.686516396E+05
     0.686516397E+05
     0.686516397E+05
     0.686516397E+05
     0.686516397E+05
     0.686516398E+05
     0.686516398E+05
     0.686516398E+05
     0.686516399E+05
     0.686516399E+05
     0.686516399E+05
     0.686516399E+05
     0.686516399E+05
     0.686516400E+05
     0.686516400E+05
     0.686516400E+05
     0.686516400E+05
     0.686516400E+05
     0.686516400E+05
     0.686516401E+05
     0.686516401E+05
     0.686516401E+05
     0.686516401E+05
     0.686516402E+05
     0.686516402E+05
     0.686516402E+05
     0.686516403E+05
     0.686516402E+05
     0.686516403E+05
     0.686516403E+05
     0.686516403E+05
     0.686516403E+05
     0.686516404E+05
     0.686516404E+05
     0.686516404E+05
     0.686516404E+05
     0.686516404E+05
     0.686516404E+05
     0.686516405E+05
     0.686516405E+05
     0.686516405E+05
     0.686516405E+05
     0.686516405E+05
     0.686516406E+05
     0.686516406E+05
     0.686516406E+05
     0.686516406E+05
     0.686516406E+05
     0.686516406E+05
     0.686516407E+05
     0.686516407E+05
     0.686516407E+05
     0.686516407E+05
     0.686516407E+05
     0.686516408E+05
     0.686516408E+05
     0.686516408E+05
     0.686516408E+05
     0.686516408E+05
     0.686516409E+05
     0.686516409E+05
     0.686516409E+05
     0.686516410E+05
     0.686516409E+05
     0.686516410E+05
     0.686516410E+05
     0.686516410E+05
     0.686516410E+05
     0.686516411E+05
     0.686516411E+05
     0.686516411E+05
     0.686516411E+05
     0.686516411E+05
     0.686516411E+05
     0.686516412E+05
     0.686516412E+05
     0.686516412E+05
     0.686516412E+05
     0.686516412E+05
     0.686516413E+05
     0.686516413E+05
     0.686516413E+05
     0.686516413E+05
     0.686516413E+05
     0.686516414E+05
     0.686516414E+05
     0.686516414E+05
     0.686516414E+05
     0.686516414E+05
     0.686516415E+05
     0.686516415E+05
     0.686516415E+05
     0.686516416E+05
     0.686516416E+05
     0.686516416E+05
     0.686516416E+05
     0.686516416E+05
     0.686516417E+05
     0.686516417E+05
     0.686516417E+05
     0.686516417E+05
     0.686516418E+05
     0.686516418E+05
     0.686516418E+05
     0.686516419E+05
     0.686516419E+05
     0.686516419E+05
     0.686516419E+05
     0.686516419E+05
     0.686516420E+05
     0.686516420E+05
     0.686516420E+05
     0.686516420E+05
     0.686516421E+05
     0.686516421E+05
     0.686516421E+05
     0.686516422E+05
     0.686516422E+05
     0.686516422E+05
     0.686516422E+05
     0.686516423E+05
     0.686516423E+05
     0.686516424E+05
     0.686516424E+05
     0.686516424E+05
     0.686516424E+05
     0.686516424E+05
     0.686516425E+05
     0.686516426E+05
     0.686516426E+05
     0.686516426E+05
     0.686516426E+05
     0.686516426E+05
     0.686516427E+05
     0.686516428E+05
     0.686516428E+05
     0.686516428E+05
     0.686516428E+05
     0.686516429E+05
     0.686516429E+05
     0.686516430E+05
     0.686516430E+05
     0.686516430E+05
     0.686516431E+05
     0.686516431E+05
     0.686516432E+05
     0.686516433E+05
     0.686516433E+05
     0.686516433E+05
     0.686516434E+05
     0.686516434E+05
     0.686516435E+05
     0.686516436E+05
     0.686516436E+05
     0.686516436E+05
     0.686516437E+05
     0.686516438E+05
     0.686516439E+05
     0.686516441E+05
     0.686516440E+05
     0.686516441E+05
     0.686516442E+05
     0.686516442E+05
     0.686516444E+05
     0.686516446E+05
     0.686516445E+05
     0.686516441E+05
     0.686516442E+05
     0.686516443E+05
     0.686516445E+05
     0.686516444E+05
     0.686516445E+05
     0.686516446E+05
     0.686516446E+05
     0.686516447E+05
     0.686516449E+05
     0.686516448E+05
     0.686516449E+05
     0.686516450E+05
     0.686516450E+05
     0.686516451E+05
     0.686516453E+05
     0.686516452E+05
     0.686516453E+05
     0.686516454E+05
     0.686516454E+05
     0.686516455E+05
     0.686516457E+05
     0.686516456E+05
     0.686516457E+05
     0.686516458E+05
     0.686516458E+05
     0.686516460E+05
     0.686516461E+05
     0.686516461E+05
     0.686516461E+05
     0.686516462E+05
     0.686516463E+05
     0.686516464E+05
     0.686516466E+05
     0.686516465E+05
     0.686516466E+05
     0.686516467E+05
     0.686516467E+05
     0.686516468E+05
     0.686516470E+05
     0.686516470E+05
     0.686516470E+05
     0.686516471E+05
     0.686516472E+05
     0.686516473E+05
     0.686516475E+05
     0.686516475E+05
     0.686516475E+05
     0.686516476E+05
     0.686516477E+05
     0.686516478E+05
     0.686516480E+05
     0.686516480E+05
     0.686516480E+05
     0.686516482E+05
     0.686516482E+05
     0.686516484E+05
     0.686516486E+05
     0.686516485E+05
     0.686516486E+05
     0.686516487E+05
     0.686516488E+05
     0.686516490E+05
     0.686516492E+05
     0.686516491E+05
     0.686516492E+05
     0.686516493E+05
     0.686516494E+05
     0.686516496E+05
     0.686516498E+05
     0.686516498E+05
     0.686516498E+05
     0.686516500E+05
     0.686516500E+05
     0.686516502E+05
     0.686516505E+05
     0.686516504E+05
     0.686516505E+05
     0.686516507E+05
     0.686516507E+05
     0.686516510E+05
     0.686516512E+05
     0.686516512E+05
     0.686516512E+05
     0.686516514E+05
     0.686516515E+05
     0.686516517E+05
     0.686516520E+05
     0.686516519E+05
     0.686516520E+05
     0.686516522E+05
     0.686516523E+05
     0.686516525E+05
     0.686516529E+05
     0.686516527E+05
     0.686516529E+05
     0.686516530E+05
     0.686516531E+05
     0.686516534E+05
     0.686516537E+05
     0.686516536E+05
     0.686516537E+05
     0.686516539E+05
     0.686516540E+05
     0.686516543E+05
     0.686516547E+05
     0.686516546E+05
     0.686516547E+05
     0.686516549E+05
     0.686516550E+05
     0.686516553E+05
     0.686516557E+05
     0.686516556E+05
     0.686516557E+05
     0.686516559E+05
     0.686516560E+05
     0.686516564E+05
     0.686516568E+05
     0.686516567E+05
     0.686516568E+05
     0.686516570E+05
     0.686516572E+05
     0.686516575E+05
     0.686516580E+05
     0.686516578E+05
     0.686516580E+05
     0.686516582E+05
     0.686516584E+05
     0.686516587E+05
     0.686516592E+05
     0.686516591E+05
     0.686516592E+05
     0.686516595E+05
     0.686516597E+05
     0.686516601E+05
     0.686516606E+05
     0.686516604E+05
     0.686516606E+05
     0.686516609E+05
     0.686516610E+05
     0.686516615E+05
     0.686516621E+05
     0.686516619E+05
     0.686516621E+05
     0.686516624E+05
     0.686516625E+05
     0.686516630E+05
     0.686516636E+05
     0.686516634E+05
     0.686516636E+05
     0.686516639E+05
     0.686516641E+05
     0.686516646E+05
     0.686516653E+05
     0.686516651E+05
     0.686516653E+05
     0.686516656E+05
     0.686516658E+05
     0.686516664E+05
     0.686516671E+05
     0.686516668E+05
     0.686516671E+05
     0.686516675E+05
     0.686516677E+05
     0.686516682E+05
     0.686516690E+05
     0.686516688E+05
     0.686516690E+05
     0.686516694E+05
     0.686516696E+05
     0.686516702E+05
     0.686516711E+05
     0.686516708E+05
     0.686516711E+05
     0.686516715E+05
     0.686516717E+05
     0.686516724E+05
     0.686516733E+05
     0.686516730E+05
     0.686516733E+05
     0.686516738E+05
     0.686516740E+05
     0.686516747E+05
     0.686516757E+05
     0.686516754E+05
     0.686516757E+05
     0.686516762E+05
     0.686516764E+05
     0.686516772E+05
     0.686516782E+05
     0.686516779E+05
     0.686516782E+05
     0.686516788E+05
     0.686516791E+05
     0.686516799E+05
     0.686516810E+05
     0.686516806E+05
     0.686516810E+05
     0.686516816E+05
     0.686516819E+05
     0.686516828E+05
     0.686516840E+05
     0.686516836E+05
     0.686516840E+05
     0.686516846E+05
     0.686516849E+05
     0.686516859E+05
     0.686516871E+05
     0.686516867E+05
     0.686516871E+05
     0.686516878E+05
     0.686516882E+05
     0.686516892E+05
     0.686516905E+05
     0.686516901E+05
     0.686516905E+05
     0.686516913E+05
     0.686516916E+05
     0.686516927E+05
     0.686516942E+05
     0.686516938E+05
     0.686516942E+05
     0.686516950E+05
     0.686516954E+05
     0.686516966E+05
     0.686516982E+05
     0.686516977E+05
     0.686516982E+05
     0.686516990E+05
     0.686516994E+05
     0.686517007E+05
     0.686517024E+05
     0.686517019E+05
     0.686517024E+05
     0.686517033E+05
     0.686517038E+05
     0.686517051E+05
     0.686517069E+05
     0.686517064E+05
     0.686517069E+05
     0.686517079E+05
     0.686517084E+05
     0.686517099E+05
     0.686517118E+05
     0.686517112E+05
     0.686517118E+05
     0.686517129E+05
     0.686517134E+05
     0.686517150E+05
     0.686517171E+05
     0.686517164E+05
     0.686517171E+05
     0.686517182E+05
     0.686517188E+05
     0.686517205E+05
     0.686517227E+05
     0.686517220E+05
     0.686517227E+05
     0.686517240E+05
     0.686517246E+05
     0.686517264E+05
     0.686517288E+05
     0.686517280E+05
     0.686517288E+05
     0.686517301E+05
     0.686517308E+05
     0.686517327E+05
     0.686517353E+05
     0.686517345E+05
     0.686517353E+05
     0.686517367E+05
     0.686517374E+05
     0.686517395E+05
     0.686517423E+05
     0.686517415E+05
     0.686517423E+05
     0.686517439E+05
     0.686517446E+05
     0.686517469E+05
     0.686517499E+05
     0.686517489E+05
     0.686517499E+05
     0.686517515E+05
     0.686517523E+05
     0.686517547E+05
     0.686517580E+05
     0.686517570E+05
     0.686517580E+05
     0.686517597E+05
     0.686517606E+05
     0.686517632E+05
     0.686517667E+05
     0.686517656E+05
     0.686517667E+05
     0.686517686E+05
     0.686517695E+05
     0.686517723E+05
     0.686517760E+05
     0.686517749E+05
     0.686517760E+05
     0.686517780E+05
     0.686517791E+05
     0.686517821E+05
     0.686517861E+05
     0.686517848E+05
     0.686517861E+05
     0.686517883E+05
     0.686517893E+05
     0.686517926E+05
     0.686517969E+05
     0.686517955E+05
     0.686517969E+05
     0.686517992E+05
     0.686518004E+05
     0.686518039E+05
     0.686518085E+05
     0.686518071E+05
     0.686518085E+05
     0.686518110E+05
     0.686518123E+05
     0.686518160E+05
     0.686518210E+05
     0.686518194E+05
     0.686518210E+05
     0.686518237E+05
     0.686518250E+05
     0.686518290E+05
     0.686518344E+05
     0.686518327E+05
     0.686518344E+05
     0.686518373E+05
     0.686518387E+05
     0.686518431E+05
     0.686518488E+05
     0.686518470E+05
     0.686518488E+05
     0.686518519E+05
     0.686518535E+05
     0.686518581E+05
     0.686518643E+05
     0.686518624E+05
     0.686518643E+05
     0.686518677E+05
     0.686518693E+05
     0.686518743E+05
     0.686518810E+05
     0.686518789E+05
     0.686518810E+05
     0.686518846E+05
     0.686518864E+05
     0.686518917E+05
     0.686518989E+05
     0.686518967E+05
     0.686518989E+05
     0.686519028E+05
     0.686519047E+05
     0.686519105E+05
     0.686519182E+05
     0.686519157E+05
     0.686519182E+05
     0.686519223E+05
     0.686519244E+05
     0.686519306E+05
     0.686519388E+05
     0.686519363E+05
     0.686519388E+05
     0.686519433E+05
     0.686519455E+05
     0.686519522E+05
     0.686519611E+05
     0.686519583E+05
     0.686519611E+05
     0.686519659E+05
     0.686519683E+05
     0.686519754E+05
     0.686519850E+05
     0.686519820E+05
     0.686519850E+05
     0.686519901E+05
     0.686519927E+05
     0.686520004E+05
     0.686520107E+05
     0.686520075E+05
     0.686520107E+05
     0.686520162E+05
     0.686520190E+05
     0.686520272E+05
     0.686520383E+05
     0.686520348E+05
     0.686520383E+05
     0.686520442E+05
     0.686520472E+05
     0.686520561E+05
     0.686520680E+05
     0.686520643E+05
     0.686520680E+05
     0.686520743E+05
     0.686520775E+05
     0.686520871E+05
     0.686520999E+05
     0.686520959E+05
     0.686520999E+05
     0.686521067E+05
     0.686521102E+05
     0.686521204E+05
     0.686521342E+05
     0.686521299E+05
     0.686521342E+05
     0.686521415E+05
     0.686521452E+05
     0.686521563E+05
     0.686521710E+05
     0.686521664E+05
     0.686521710E+05
     0.686521789E+05
     0.686521829E+05
     0.686521948E+05
     0.686522106E+05
     0.686522057E+05
     0.686522106E+05
     0.686522191E+05
     0.686522234E+05
     0.686522362E+05
     0.686522532E+05
     0.686522479E+05
     0.686522532E+05
     0.686522624E+05
     0.686522669E+05
     0.686522807E+05
     0.686522990E+05
     0.686522933E+05
     0.686522990E+05
     0.686523088E+05
     0.686523137E+05
     0.686523285E+05
     0.686523482E+05
     0.686523420E+05
     0.686523482E+05
     0.686523588E+05
     0.686523640E+05
     0.686523799E+05
     0.686524011E+05
     0.686523944E+05
     0.686524011E+05
     0.686524124E+05
     0.686524181E+05
     0.686524352E+05
     0.686524579E+05
     0.686524508E+05
     0.686524579E+05
     0.686524701E+05
     0.686524762E+05
     0.686524945E+05
     0.686525190E+05
     0.686525114E+05
     0.686525190E+05
     0.686525321E+05
     0.686525387E+05
     0.686525584E+05
     0.686525847E+05
     0.686525764E+05
     0.686525847E+05
     0.686525988E+05
     0.686526058E+05
     0.686526270E+05
     0.686526552E+05
     0.686526464E+05
     0.686526552E+05
     0.686526704E+05
     0.686526780E+05
     0.686527008E+05
     0.686527311E+05
     0.686527216E+05
     0.686527311E+05
     0.686527474E+05
     0.686527556E+05
     0.686527800E+05
     0.686528127E+05
     0.686528025E+05
     0.686528127E+05
     0.686528302E+05
     0.686528389E+05
     0.686528652E+05
     0.686529003E+05
     0.686528893E+05
     0.686529003E+05
     0.686529191E+05
     0.686529286E+05
     0.686529568E+05
     0.686529945E+05
     0.686529827E+05
     0.686529945E+05
     0.686530148E+05
     0.686530249E+05
     0.686530553E+05
     0.686530958E+05
     0.686530831E+05
     0.686530958E+05
     0.686531176E+05
     0.686531284E+05
     0.686531611E+05
     0.686532046E+05
     0.686531910E+05
     0.686532046E+05
     0.686532280E+05
     0.686532397E+05
     0.686532748E+05
     0.686533216E+05
     0.686533070E+05
     0.686533216E+05
     0.686533468E+05
     0.686533594E+05
     0.686533971E+05
     0.686534474E+05
     0.686534317E+05
     0.686534474E+05
     0.686534744E+05
     0.686534879E+05
     0.686535285E+05
     0.686535826E+05
     0.686535657E+05
     0.686535826E+05
     0.686536116E+05
     0.686536262E+05
     0.686536697E+05
     0.686537279E+05
     0.686537097E+05
     0.686537279E+05
     0.686537591E+05
     0.686537747E+05
     0.686538216E+05
     0.686538840E+05
     0.686538645E+05
     0.686538840E+05
     0.686539176E+05
     0.686539344E+05
     0.686539847E+05
     0.686540519E+05
     0.686540309E+05
     0.686540519E+05
     0.686540880E+05
     0.686541060E+05
     0.686541601E+05
     0.686542323E+05
     0.686542098E+05
     0.686542323E+05
     0.686542711E+05
     0.686542905E+05
     0.686543487E+05
     0.686544263E+05
     0.686544020E+05
     0.686544263E+05
     0.686544680E+05
     0.686544888E+05
     0.686545513E+05
     0.686546347E+05
     0.686546087E+05
     0.686546347E+05
     0.686546795E+05
     0.686547019E+05
     0.686547692E+05
     0.686548588E+05
     0.686548308E+05
     0.686548588E+05
     0.686549070E+05
     0.686549310E+05
     0.686550033E+05
     0.686550996E+05
     0.686550695E+05
     0.686550996E+05
     0.686551514E+05
     0.686551773E+05
     0.686552549E+05
     0.686553585E+05
     0.686553261E+05
     0.686553585E+05
     0.686554141E+05
     0.686554420E+05
     0.686555254E+05
     0.686556367E+05
     0.686556020E+05
     0.686556367E+05
     0.686556966E+05
     0.686557265E+05
     0.686558162E+05
     0.686559358E+05
     0.686558984E+05
     0.686559358E+05
     0.686560001E+05
     0.686560323E+05
     0.686561287E+05
     0.686562573E+05
     0.686562171E+05
     0.686562573E+05
     0.686563264E+05
     0.686563610E+05
     0.686564646E+05
     0.686566028E+05
     0.686565596E+05
     0.686566028E+05
     0.686566771E+05
     0.686567143E+05
     0.686568257E+05
     0.686569742E+05
     0.686569278E+05
     0.686569742E+05
     0.686570541E+05
     0.686570940E+05
     0.686572138E+05
     0.686573735E+05
     0.686573236E+05
     0.686573735E+05
     0.686574593E+05
     0.686575022E+05
     0.686576309E+05
     0.686578026E+05
     0.686577489E+05
     0.686578026E+05
     0.686578948E+05
     0.686579409E+05
     0.686580793E+05
     0.686582638E+05
     0.686582061E+05
     0.686582638E+05
     0.686583629E+05
     0.686584125E+05
     0.686585612E+05
     0.686587595E+05
     0.686586975E+05
     0.686587595E+05
     0.686588661E+05
     0.686589194E+05
     0.686590792E+05
     0.686592924E+05
     0.686592258E+05
     0.686592924E+05
     0.686594069E+05
     0.686594642E+05
     0.686596360E+05
     0.686598651E+05
     0.686597935E+05
     0.686598651E+05
     0.686599882E+05
     0.686600498E+05
     0.686602345E+05
     0.686604807E+05
     0.686604038E+05
     0.686604807E+05
     0.686606131E+05
     0.686606793E+05
     0.686608778E+05
     0.686611424E+05
     0.686610597E+05
     0.686611424E+05
     0.686612847E+05
     0.686613558E+05
     0.686615692E+05
     0.686618537E+05
     0.686617648E+05
     0.686618537E+05
     0.686620066E+05
     0.686620830E+05
     0.686623124E+05
     0.686626182E+05
     0.686625226E+05
     0.686626182E+05
     0.686627825E+05
     0.686628647E+05
     0.686631112E+05
     0.686634399E+05
     0.686633371E+05
     0.686634399E+05
     0.686636165E+05
     0.686637048E+05
     0.686639698E+05
     0.686643231E+05
     0.686642127E+05
     0.686643231E+05
     0.686645129E+05
     0.686646079E+05
     0.686648927E+05
     0.686652724E+05
     0.686651537E+05
     0.686652724E+05
     0.686654765E+05
     0.686655785E+05
     0.686658846E+05
     0.686662927E+05
     0.686661652E+05
     0.686662927E+05
     0.686665121E+05
     0.686666218E+05
     0.686669508E+05
     0.686673895E+05
     0.686672524E+05
     0.686673895E+05
     0.686676252E+05
     0.686677431E+05
     0.686680968E+05
     0.686685683E+05
     0.686684209E+05
     0.686685683E+05
     0.686688217E+05
     0.686689484E+05
     0.686693285E+05
     0.686698353E+05
     0.686696770E+05
     0.686698353E+05
     0.686701077E+05
     0.686702439E+05
     0.686706525E+05
     0.686711972E+05
     0.686710270E+05
     0.686711972E+05
     0.686714900E+05
     0.686716364E+05
     0.686720755E+05
     0.686726610E+05
     0.686724780E+05
     0.686726610E+05
     0.686729757E+05
     0.686731330E+05
     0.686736050E+05
     0.686742343E+05
     0.686740377E+05
     0.686742343E+05
     0.686745726E+05
     0.686747417E+05
     0.686752490E+05
     0.686759254E+05
     0.686757140E+05
     0.686759254E+05
     0.686762889E+05
     0.686764707E+05
     0.686770160E+05
     0.686777430E+05
     0.686775158E+05
     0.686777430E+05
     0.686781338E+05
     0.686783291E+05
     0.686789152E+05
     0.686796966E+05
     0.686794524E+05
     0.686796966E+05
     0.686801166E+05
     0.686803266E+05
     0.686809565E+05
     0.686817964E+05
     0.686815340E+05
     0.686817964E+05
     0.686822478E+05
     0.686824735E+05
     0.686831506E+05
     0.686840533E+05
     0.686837712E+05
     0.686840533E+05
     0.686845385E+05
     0.686847811E+05
     0.686855088E+05
     0.686864791E+05
     0.686861759E+05
     0.686864791E+05
     0.686870005E+05
     0.686872612E+05
     0.686880434E+05
     0.686890863E+05
     0.686887604E+05
     0.686890863E+05
     0.686896467E+05
     0.686899270E+05
     0.686907676E+05
     0.686918885E+05
     0.686915383E+05
     0.686918885E+05
     0.686924909E+05
     0.686927921E+05
     0.686936957E+05
     0.686949004E+05
     0.686945239E+05
     0.686949004E+05
     0.686955478E+05
     0.686958715E+05
     0.686968427E+05
     0.686981375E+05
     0.686977329E+05
     0.686981375E+05
     0.686988334E+05
     0.686991813E+05
     0.687002251E+05
     0.687016168E+05
     0.687011819E+05
     0.687016168E+05
     0.687023647E+05
     0.687027386E+05
     0.687038604E+05
     0.687053562E+05
     0.687048888E+05
     0.687053562E+05
     0.687061600E+05
     0.687065619E+05
     0.687077676E+05
     0.687093752E+05
     0.687088729E+05
     0.687093752E+05
     0.687102392E+05
     0.687106711E+05
     0.687119670E+05
     0.687136948E+05
     0.687131549E+05
     0.687136948E+05
     0.687146233E+05
     0.687150876E+05
     0.687164803E+05
     0.687183373E+05
     0.687177570E+05
     0.687183373E+05
     0.687193352E+05
     0.687198342E+05
     0.687213310E+05
     0.687233268E+05
     0.687227031E+05
     0.687233268E+05
     0.687243993E+05
     0.687249356E+05
     0.687265444E+05
     0.687286893E+05
     0.687280190E+05
     0.687286893E+05
     0.687298420E+05
     0.687304183E+05
     0.687321473E+05
     0.687344525E+05
     0.687337322E+05
     0.687344525E+05
     0.687356914E+05
     0.687363108E+05
     0.687381690E+05
     0.687406464E+05
     0.687398722E+05
     0.687406464E+05
     0.687419778E+05
     0.687426435E+05
     0.687446405E+05
     0.687473031E+05
     0.687464711E+05
     0.687473031E+05
     0.687487340E+05
     0.687494494E+05
     0.687515956E+05
     0.687544571E+05
     0.687535629E+05
     0.687544571E+05
     0.687559948E+05
     0.687567637E+05
     0.687590702E+05
     0.687621453E+05
     0.687611844E+05
     0.687621453E+05
     0.687637980E+05
     0.687646242E+05
     0.687671029E+05
     0.687704078E+05
     0.687693750E+05
     0.687704078E+05
     0.687721838E+05
     0.687730717E+05
     0.687757355E+05
     0.687792871E+05
     0.687781772E+05
     0.687792871E+05
     0.687811957E+05
     0.687821499E+05
     0.687850125E+05
     0.687888292E+05
     0.687876365E+05
     0.687888292E+05
     0.687908802E+05
     0.687919057E+05
     0.687949820E+05
     0.687990834E+05
     0.687978017E+05
     0.687990834E+05
     0.688012875E+05
     0.688023895E+05
     0.688056953E+05
     0.688101027E+05
     0.688087255E+05
     0.688101027E+05
     0.688124713E+05
     0.688136554E+05
     0.688172078E+05
     0.688219440E+05
     0.688204640E+05
     0.688219440E+05
     0.688244892E+05
     0.688257616E+05
     0.688295790E+05
     0.688346683E+05
     0.688330780E+05
     0.688346683E+05
     0.688374033E+05
     0.688387706E+05
     0.688428725E+05
     0.688483412E+05
     0.688466323E+05
     0.688483412E+05
     0.688512800E+05
     0.688527492E+05
     0.688571568E+05
     0.688630331E+05
     0.688611968E+05
     0.688630331E+05
     0.688661908E+05
     0.688677695E+05
     0.688725055E+05
     0.688788195E+05
     0.688768465E+05
     0.688788195E+05
     0.688822125E+05
     0.688839087E+05
     0.688889974E+05
     0.688957816E+05
     0.688936616E+05
     0.688957816E+05
     0.688994271E+05
     0.689012497E+05
     0.689067172E+05
     0.689140063E+05
     0.689117286E+05
     0.689140063E+05
     0.689179232E+05
     0.689198814E+05
     0.689257557E+05
     0.689335872E+05
     0.689311400E+05
     0.689335872E+05
     0.689377955E+05
     0.689398993E+05
     0.689462106E+05
     0.689546245E+05
     0.689519953E+05
     0.689546245E+05
     0.689591457E+05
     0.689614059E+05
     0.689681864E+05
     0.689772257E+05
     0.689744011E+05
     0.689772257E+05
     0.689820829E+05
     0.689845110E+05
     0.689917953E+05
     0.690015062E+05
     0.689984718E+05
     0.690015062E+05
     0.690067242E+05
     0.690093326E+05
     0.690171579E+05
     0.690275898E+05
     0.690243301E+05
     0.690275898E+05
     0.690331952E+05
     0.690359972E+05
     0.690444032E+05
     0.690556092E+05
     0.690521076E+05
     0.690556092E+05
     0.690616304E+05
     0.690646403E+05
     0.690736698E+05
     0.690857068E+05
     0.690819455E+05
     0.690857068E+05
     0.690921744E+05
     0.690954073E+05
     0.691051061E+05
     0.691180350E+05
     0.691139951E+05
     0.691180350E+05
     0.691249818E+05
     0.691284542E+05
     0.691388713E+05
     0.691527576E+05
     0.691484185E+05
     0.691527576E+05
     0.691602186E+05
     0.691639479E+05
     0.691751360E+05
     0.691900497E+05
     0.691853896E+05
     0.691900497E+05
     0.691980626E+05
     0.692020677E+05
     0.692140830E+05
     0.692300992E+05
     0.692250946E+05
     0.692300992E+05
     0.692387042E+05
     0.692430052E+05
     0.692559082E+05
     0.692731073E+05
     0.692677331E+05
     0.692731073E+05
     0.692823476E+05
     0.692869660E+05
     0.693008213E+05
     0.693192894E+05
     0.693135188E+05
     0.693192894E+05
     0.693292113E+05
     0.693341702E+05
     0.693490469E+05
     0.693688762E+05
     0.693626803E+05
     0.693688762E+05
     0.693795291E+05
     0.693848532E+05
     0.694008256E+05
     0.694221147E+05
     0.694154628E+05
     0.694221147E+05
     0.694335516E+05
     0.694392673E+05
     0.694564146E+05
     0.694792692E+05
     0.694721281E+05
     0.694792692E+05
     0.694915467E+05
     0.694976823E+05
     0.695160893E+05
     0.695406222E+05
     0.695329569E+05
     0.695406223E+05
     0.695538009E+05
     0.695603867E+05
     0.695801441E+05
     0.696064763E+05
     0.695982488E+05
     0.696064763E+05
     0.696206210E+05
     0.696276892E+05
     0.696488940E+05
     0.696771544E+05
     0.696683246E+05
     0.696771545E+05
     0.696923344E+05
     0.696999197E+05
     0.697226755E+05
     0.697530022E+05
     0.697435269E+05
     0.697530022E+05
     0.697692913E+05
     0.697774305E+05
     0.698018482E+05
     0.698343884E+05
     0.698242216E+05
     0.698343884E+05
     0.698518658E+05
     0.698605984E+05
     0.698867960E+05
     0.699217071E+05
     0.699107998E+05
     0.699217072E+05
     0.699404572E+05
     0.699498251E+05
     0.699779290E+05
     0.700153789E+05
     0.700036785E+05
     0.700153790E+05
     0.700354916E+05
     0.700455398E+05
     0.700756845E+05
     0.701158524E+05
     0.701033031E+05
     0.701158525E+05
     0.701374237E+05
     0.701482001E+05
     0.701805292E+05
     0.702236061E+05
     0.702101481E+05
     0.702236062E+05
     0.702467383E+05
     0.702582938E+05
     0.702929605E+05
     0.703391499E+05
     0.703247198E+05
     0.703391500E+05
     0.703639521E+05
     0.703763412E+05
     0.704135083E+05
     0.704630271E+05
     0.704475571E+05
     0.704630272E+05
     0.704896155E+05
     0.705028958E+05
     0.705427371E+05
     0.705958160E+05
     0.705792341E+05
     0.705958161E+05
     0.706243141E+05
     0.706385474E+05
     0.706812475E+05
     0.707381321E+05
     0.707203617E+05
     0.707381323E+05
     0.707686715E+05
     0.707839232E+05
     0.708296786E+05
     0.708906300E+05
     0.708715896E+05
     0.708906303E+05
     0.709233504E+05
     0.709396901E+05
     0.709887096E+05
     0.710540053E+05
     0.710336082E+05
     0.710540056E+05
     0.710890552E+05
     0.711065569E+05
     0.711590621E+05
     0.712289969E+05
     0.712071512E+05
     0.712289973E+05
     0.712665340E+05
     0.712852760E+05
     0.713415024E+05
     0.714163890E+05
     0.713929971E+05
     0.714163894E+05
     0.714565805E+05
     0.714766461E+05
     0.715368434E+05
     0.716170134E+05
     0.715919718E+05
     0.716170140E+05
     0.716600367E+05
     0.716815141E+05
     0.717459471E+05
     0.718317520E+05
     0.718049510E+05
     0.718317527E+05
     0.718777949E+05
     0.719007776E+05
     0.719697265E+05
     0.720615387E+05
     0.720328622E+05
     0.720615395E+05
     0.721108002E+05
     0.721353870E+05
     0.722091486E+05
     0.723073621E+05
     0.722766871E+05
     0.723073630E+05
     0.723600525E+05
     0.723863482E+05
     0.724652364E+05
     0.725702677E+05
     0.725374643E+05
     0.725702689E+05
     0.726266096E+05
     0.726547246E+05
     0.727390712E+05
     0.728513607E+05
     0.728162916E+05
     0.728513621E+05
     0.729115891E+05
     0.729416402E+05
     0.730317955E+05
     0.731518081E+05
     0.731143282E+05
     0.731518098E+05
     0.732161711E+05
     0.732482816E+05
     0.733446153E+05
     0.734728416E+05
     0.734327980E+05
     0.734728437E+05
     0.735416009E+05
     0.735759007E+05
     0.736788029E+05
     0.738157601E+05
     0.737729915E+05
     0.738157626E+05
     0.738891914E+05
     0.739258175E+05
     0.740356991E+05
     0.741819324E+05
     0.741362687E+05
     0.741819353E+05
     0.742603261E+05
     0.742994228E+05
     0.744167164E+05
     0.745727995E+05
     0.745240619E+05
     0.745728031E+05
     0.746564615E+05
     0.746981804E+05
     0.748233414E+05
     0.749898782E+05
     0.749378784E+05
     0.749898824E+05
     0.750791299E+05
     0.751236305E+05
     0.752571378E+05
     0.754347630E+05
     0.753793030E+05
     0.754347680E+05
     0.755299422E+05
     0.755773923E+05
     0.757197489E+05
     0.759091294E+05
     0.758500014E+05
     0.759091354E+05
     0.760105910E+05
     0.760611666E+05
     0.762129008E+05
     0.764147367E+05
     0.763517225E+05
     0.764147439E+05
     0.765228530E+05
     0.765767388E+05
     0.767384048E+05
     0.769534307E+05
     0.768863012E+05
     0.769534392E+05
     0.770685921E+05
     0.771259818E+05
     0.772981607E+05
     0.775271465E+05
     0.774556619E+05
     0.775271566E+05
     0.776497623E+05
     0.777108586E+05
     0.778941592E+05
     0.781379116E+05
     0.780618203E+05
     0.781379234E+05
     0.782684099E+05
     0.783334252E+05
     0.785284848E+05
     0.787878478E+05
     0.787068869E+05
     0.787878617E+05
     0.789266767E+05
     0.789958331E+05
     0.792033182E+05
     0.794791742E+05
     0.793930688E+05
     0.794791906E+05
     0.796268021E+05
     0.797003315E+05
     0.799209384E+05
     0.802142092E+05
     0.801226721E+05
     0.802142284E+05
     0.803711248E+05
     0.804492694E+05
     0.806837246E+05
     0.809953719E+05
     0.808981035E+05
     0.809953944E+05
     0.811620850E+05
     0.812450971E+05
     0.814941580E+05
     0.818251834E+05
     0.817218718E+05
     0.818252097E+05
     0.820022250E+05
     0.820903671E+05
     0.823548219E+05
     0.827062673E+05
     0.825965881E+05
     0.827062979E+05
     0.828941893E+05
     0.829877343E+05
     0.832684019E+05
     0.836413490E+05
     0.835249656E+05
     0.836413847E+05
     0.838407245E+05
     0.839399553E+05
     0.842376849E+05
     0.846332547E+05
     0.845098183E+05
     0.846332962E+05
     0.848446774E+05
     0.849498867E+05
     0.852655572E+05
     0.856849082E+05
     0.855540587E+05
     0.856849565E+05
     0.859089920E+05
     0.860204821E+05
     0.863550008E+05
     0.867993279E+05
     0.866606939E+05
     0.867993841E+05
     0.870367061E+05
     0.871547881E+05
     0.875090896E+05
     0.879796214E+05
     0.878328213E+05
     0.879796867E+05
     0.882309456E+05
     0.883559392E+05
     0.887309835E+05
     0.892289798E+05
     0.890736227E+05
     0.892290558E+05
     0.894949195E+05
     0.896271522E+05
     0.900239228E+05
     0.905506721E+05
     0.903863586E+05
     0.905507606E+05
     0.908319134E+05
     0.909717199E+05
     0.913912227E+05
     0.919480395E+05
     0.917743626E+05
     0.919481427E+05
     0.922452849E+05
     0.923930068E+05
     0.928362690E+05
     0.934244927E+05
     0.932410380E+05
     0.934246132E+05
     0.937384613E+05
     0.938944477E+05
     0.943625183E+05
     0.949835138E+05
     0.947898596E+05
     0.949836549E+05
     0.953149436E+05
     0.954795516E+05
     0.959735050E+05
     0.966286674E+05
     0.964243830E+05
     0.966288330E+05
     0.969496203E+05
     0.971090492E+05
     0.975874529E+05
     0.982221230E+05
     0.980242101E+05
     0.982222732E+05
     0.985212268E+05
     0.986698709E+05
     0.991158984E+05
     0.997078481E+05
     0.995232249E+05
     0.984879377E+05
     0.986201131E+05
     0.990167061E+05
     0.995433392E+05
     0.993790472E+05
     0.995434244E+05
     0.998068749E+05
     0.999379572E+05
     0.100331270E+06
     0.100853575E+06
     0.100690629E+06
     0.100853658E+06
     0.101138213E+06
     0.101279743E+06
     0.101704419E+06
     0.102268188E+06
     0.102092333E+06
     0.102268295E+06
     0.102582380E+06
     0.102738519E+06
     0.103207050E+06
     0.103828753E+06
     0.103634867E+06
     0.103828899E+06
     0.104167552E+06
     0.104335838E+06
     0.104840843E+06
     0.105510703E+06
     0.105301833E+06
     0.105510889E+06
     0.105871370E+06
     0.106050449E+06
     0.106587867E+06
     0.107300522E+06
     0.107078339E+06
     0.107300751E+06
     0.107681412E+06
     0.107870475E+06
     0.108437889E+06
     0.109190167E+06
     0.108955656E+06
     0.109190443E+06
     0.109590385E+06
     0.109789005E+06
     0.110385134E+06
     0.111175392E+06
     0.110929059E+06
     0.111175721E+06
     0.111594670E+06
     0.111802735E+06
     0.112427256E+06
     0.113255145E+06
     0.112997089E+06
     0.113255532E+06
     0.113693830E+06
     0.113911547E+06
     0.114565085E+06
     0.115431553E+06
     0.115161465E+06
     0.115432007E+06
     0.115890689E+06
     0.116118623E+06
     0.116802888E+06
     0.117710363E+06
     0.117427468E+06
     0.117710895E+06
     0.118161608E+06
     0.118385807E+06
     0.119058864E+06
     0.119952233E+06
     0.119673637E+06
     0.119952746E+06
     0.120385281E+06
     0.120600701E+06
     0.121247379E+06
     0.122106623E+06
     0.121838551E+06
     0.122107079E+06
     0.122505148E+06
     0.122703667E+06
     0.123299557E+06
     0.124092225E+06
     0.123844800E+06
     0.124092578E+06
     0.124512248E+06
     0.124721738E+06
     0.125350596E+06
     0.126187733E+06
     0.125926357E+06
     0.126188144E+06
     0.126665367E+06
     0.126903861E+06
     0.127619912E+06
     0.128573930E+06
     0.128275979E+06
     0.128574522E+06
     0.129105841E+06
     0.129371834E+06
     0.130170588E+06
     0.131236215E+06
     0.130903250E+06
     0.131237004E+06
     0.131823084E+06
     0.132117183E+06
     0.133000478E+06
     0.134181025E+06
     0.133811908E+06
     0.134182028E+06
     0.134825760E+06
     0.135149734E+06
     0.136122889E+06
     0.137426462E+06
     0.137018535E+06
     0.137427688E+06
     0.138133922E+06
     0.138490558E+06
     0.139561940E+06
     0.141000833E+06
     0.140550114E+06
     0.141002282E+06
     0.141778106E+06
     0.142171340E+06
     0.143352750E+06
     0.144943915E+06
     0.144444956E+06
     0.144945584E+06
     0.145801016E+06
     0.146236274E+06
     0.147543981E+06
     0.149310403E+06
     0.148755862E+06
     0.149312281E+06
     0.150261270E+06
     0.150745984E+06
     0.152202281E+06
     0.154175099E+06
     0.153555071E+06
     0.154177183E+06
     0.155238905E+06
     0.155783212E+06
     0.157418514E+06
     0.159639962E+06
     0.158941044E+06
     0.159642263E+06
     0.160787407E+06
     0.161375794E+06
     0.163143242E+06
     0.165548285E+06
     0.164791073E+06
     0.165550496E+06
     0.166766248E+06
     0.167391595E+06
     0.169269709E+06
     0.171827532E+06
     0.171021904E+06
     0.171829533E+06
     0.173132282E+06
     0.173802893E+06
     0.175816658E+06
     0.178560898E+06
     0.177696313E+06
     0.178562758E+06
     0.179964553E+06
     0.180686483E+06
     0.182854094E+06
     0.185809105E+06
     0.184877946E+06
     0.185810856E+06
     0.187321067E+06
     0.188098974E+06
     0.190434428E+06
     0.193618789E+06
     0.192615260E+06
     0.193620446E+06
     0.195246298E+06
     0.196083720E+06
     0.198597636E+06
     0.202025274E+06
     0.200945053E+06
     0.202026844E+06
     0.203773619E+06
     0.204673078E+06
     0.207373023E+06
     0.211053647E+06
     0.209893746E+06
     0.211055130E+06
     0.212926250E+06
     0.213889294E+06
     0.216779906E+06
     0.220719183E+06
     0.219477895E+06
     0.220720576E+06
     0.222721166E+06
     0.223750255E+06
     0.226838914E+06
     0.231046342E+06
     0.229720743E+06
     0.231047650E+06
     0.233179065E+06
     0.234274670E+06
     0.237562779E+06
     0.242039549E+06
     0.240629350E+06
     0.242040766E+06
     0.244301962E+06
     0.245463298E+06
     0.248948476E+06
     0.253690548E+06
     0.252197119E+06
     0.253691669E+06
     0.256079820E+06
     0.257305168E+06
     0.260982252E+06
     0.265981749E+06
     0.264407675E+06
     0.265982767E+06
     0.268493244E+06
     0.269779958E+06
     0.273640981E+06
     0.278886183E+06
     0.277235262E+06
     0.278887093E+06
     0.281513465E+06
     0.282857965E+06
     0.286892168E+06
     0.292367542E+06
     0.290644776E+06
     0.292368337E+06
     0.295102366E+06
     0.296500144E+06
     0.300693991E+06
     0.306380226E+06
     0.304591807E+06
     0.306380903E+06
     0.309212530E+06
     0.310658155E+06
     0.314995330E+06
     0.320869366E+06
     0.319022663E+06
     0.320869921E+06
     0.323787236E+06
     0.325274340E+06
     0.329735724E+06
     0.335770735E+06
     0.333874297E+06
     0.335771166E+06
     0.338760340E+06
     0.340281590E+06
     0.344845181E+06
     0.351010498E+06
     0.349074073E+06
     0.351010804E+06
     0.354055973E+06
     0.355603029E+06
     0.360243793E+06
     0.366504737E+06
     0.364539324E+06
     0.366504919E+06
     0.369588004E+06
     0.371151429E+06
     0.375841060E+06
     0.382158653E+06
     0.380176586E+06
     0.382158715E+06
     0.385259135E+06
     0.386828273E+06
     0.391534809E+06
     0.397865304E+06
     0.395880392E+06
     0.397865250E+06
     0.400959483E+06
     0.402522248E+06
     0.407209449E+06
     0.413503564E+06
     0.411531327E+06
     0.413503403E+06
     0.416564231E+06
     0.418106760E+06
     0.422733066E+06
     0.428934668E+06
     0.426992734E+06
     0.428934412E+06
     0.431929578E+06
     0.433435588E+06
     0.437952197E+06
     0.443995858E+06
     0.442104715E+06
     0.443995527E+06
     0.446885007E+06
     0.448334485E+06
     0.452681429E+06
     0.458487372E+06
     0.456671924E+06
     0.458486990E+06
     0.461216572E+06
     0.462582650E+06
     0.466679428E+06
     0.472141338E+06
     0.470434677E+06
     0.472140942E+06
     0.474622708E+06
     0.475862075E+06
     0.479578915E+06
     0.484526215E+06
     0.482981334E+06
     0.484525859E+06
     0.486913384E+06
     0.488103241E+06
     0.491671527E+06
     0.496413312E+06
     0.494933568E+06
     0.496412940E+06
     0.499070267E+06
     0.500390564E+06
     0.504349418E+06
     0.509595926E+06
     0.507960483E+06
     0.509595319E+06
     0.512452197E+06
     0.513865497E+06
     0.518102396E+06
     0.523695834E+06
     0.521954969E+06
     0.523694925E+06
     0.526698311E+06
     0.528174970E+06
     0.532600679E+06
     0.538411498E+06
     0.536607016E+06
     0.538410188E+06
     0.541508465E+06
     0.543018221E+06
     0.547541492E+06
     0.553432864E+06
     0.551609422E+06
     0.553431012E+06
     0.556566607E+06
     0.558073805E+06
     0.562586929E+06
     0.568391704E+06
     0.566604490E+06
     0.568389091E+06
     0.571492753E+06
     0.572950795E+06
     0.577312564E+06
     0.582801053E+06
     0.581127055E+06
     0.582797290E+06
     0.585787945E+06
     0.587129871E+06
     0.591135924E+06
     0.595943012E+06
     0.594508027E+06
     0.595937174E+06
     0.598156644E+06
     0.599074918E+06
     0.601808942E+06
     0.604797642E+06
     0.603946149E+06
     0.604791844E+06
     0.605976870E+06
     0.606372014E+06
     0.607540796E+06
     0.608435071E+06
     0.608238789E+06
     0.608430864E+06
     0.608660445E+06
     0.608571860E+06
     0.608292599E+06
     0.607245263E+06
     0.607656937E+06
     0.607242344E+06
     0.606552675E+06
     0.605998827E+06
     0.604326448E+06
     0.601410331E+06
     0.602407294E+06
     0.601408578E+06
     0.599812496E+06
     0.598800064E+06
     0.595754379E+06
     0.590995828E+06
     0.592569882E+06
     0.590995205E+06
     0.588494580E+06
     0.587025810E+06
     0.582613534E+06
     0.576025334E+06
     0.578172024E+06
     0.576025866E+06
     0.572621377E+06
     0.570698537E+06
     0.564926545E+06
     0.556523886E+06
     0.559237728E+06
     0.556525619E+06
     0.552219387E+06
     0.549845699E+06
     0.542723761E+06
     0.532526537E+06
     0.535800470E+06
     0.532529530E+06
     0.527325996E+06
     0.524506029E+06
     0.516047991E+06
     0.504082203E+06
     0.507907171E+06
     0.504086521E+06
     0.497992061E+06
     0.494731511E+06
     0.484954632E+06
     0.471251424E+06
     0.475616691E+06
     0.471257146E+06
     0.464278029E+06
     0.460582674E+06
     0.449504516E+06
     0.434095975E+06
     0.438990441E+06
     0.434103202E+06
     0.426240583E+06
     0.422113757E+06
     0.409744639E+06
     0.392653753E+06
     0.398069092E+06
     0.392662633E+06
     0.383900981E+06
     0.379337745E+06
     0.365663384E+06
     0.346880967E+06
     0.352818826E+06
     0.346891755E+06
     0.337169395E+06
     0.332141717E+06
     0.317079051E+06
     0.296505100E+06
     0.302995395E+06
     0.296518313E+06
     0.285633437E+06
     0.280042790E+06
     0.263298805E+06
     0.240554900E+06
     0.247714361E+06
     0.240571870E+06
     0.228580686E+06
     0.222471121E+06
     0.204179509E+06
     0.179497751E+06
     0.187247095E+06
     0.179518917E+06
     0.167514992E+06
     0.161462049E+06
     0.143340946E+06
     0.119088360E+06
     0.126678347E+06
     0.119108566E+06
     0.108037306E+06
     0.102510605E+06
     0.859613969E+05
     0.639825920E+05
     0.708398304E+05
     0.110112407E+06
     0.105619773E+06
     0.921584148E+05
     0.742583323E+05
     0.798458931E+05
     0.742665992E+05
     0.650768199E+05
     0.605170323E+05
     0.468563219E+05
     0.287886836E+05
     0.344163466E+05
     0.663608294E+05
     0.624336819E+05
     0.506641061E+05
     0.350751771E+05
     0.399336633E+05
     0.350807915E+05
     0.272226230E+05
     0.233406652E+05
     0.117072750E+05
    -0.363100185E+04
     0.114055545E+04
     0.283254643E+05
     0.249824573E+05
     0.149613642E+05
     0.172440708E+04
     0.584539742E+04
     0.172795587E+04
    -0.492866547E+04
    -0.820741403E+04
    -0.180354683E+05
    -0.309672811E+05
    -0.269475863E+05
    -0.370281128E+04
    -0.638534465E+04
    -0.144284969E+05
    -0.250406964E+05
    -0.217383257E+05
    -0.250388147E+05
    -0.304292676E+05
    -0.330819219E+05
    -0.410351865E+05
    -0.514962918E+05
    -0.482450187E+05
    -0.514944057E+05
    -0.569742477E+05
    -0.596571718E+05
    -0.677005254E+05
    -0.782346272E+05
    -0.749664089E+05
    -0.782325858E+05
    -0.837731780E+05
    -0.864676686E+05
    -0.945448469E+05
    -0.105062598E+06
    -0.101807148E+06
    -0.105060416E+06
    -0.110449906E+06
    -0.113049808E+06
    -0.120842797E+06
    -0.130920210E+06
    -0.127810020E+06
    -0.130918133E+06
    -0.135994398E+06
    -0.138418783E+06
    -0.145685171E+06
    -0.155000080E+06
    -0.152135697E+06
    -0.154998312E+06
    -0.159628959E+06
    -0.161812084E+06
    -0.168354950E+06
    -0.176646738E+06
    -0.174109363E+06
    -0.176645443E+06
    -0.180717286E+06
    -0.182603321E+06
    -0.188255440E+06
    -0.195303987E+06
    -0.193162054E+06
    -0.195303296E+06
    -0.198717415E+06
    -0.200257963E+06
    -0.204874357E+06
    -0.210490083E+06
    -0.208802373E+06
    -0.210490098E+06
    -0.213159596E+06
    -0.214312557E+06
    -0.217767094E+06
    -0.221786377E+06
    -0.220603455E+06
    -0.221787170E+06
    -0.223636387E+06
    -0.224365542E+06
    -0.226549701E+06
    -0.228833191E+06
    -0.228197938E+06
    -0.228834806E+06
    -0.229799388E+06
    -0.230074429E+06
    -0.230897373E+06
    -0.231330043E+06
    -0.231277646E+06
    -0.231332496E+06
    -0.231360085E+06
    -0.231156946E+06
    -0.230546521E+06
    -0.229038984E+06
    -0.229596526E+06
    -0.229042259E+06
    -0.228093722E+06
    -0.227395192E+06
    -0.225299766E+06
    -0.221790709E+06
    -0.222976409E+06
    -0.221794759E+06
    -0.219829823E+06
    -0.218614540E+06
    -0.214970016E+06
    -0.209369933E+06
    -0.211212273E+06
    -0.209374797E+06
    -0.206358171E+06
    -0.204610687E+06
    -0.199370697E+06
    -0.191624763E+06
    -0.194140003E+06
    -0.191630384E+06
    -0.187542215E+06
    -0.185255140E+06
    -0.178397444E+06
    -0.168484033E+06
    -0.171677924E+06
    -0.168490313E+06
    -0.163329756E+06
    -0.160505504E+06
    -0.152037225E+06
    -0.139974764E+06
    -0.143840430E+06
    -0.139981571E+06
    -0.133772476E+06
    -0.130426217E+06
    -0.120392686E+06
    -0.106251780E+06
    -0.110765881E+06
    -0.106258934E+06
    -0.990596280E+05
    -0.952243788E+05
    -0.837244058E+05
    -0.676488406E+05
    -0.727649343E+05
    -0.676561099E+05
    -0.595778342E+05
    -0.553140995E+05
    -0.425288724E+05
    -0.247754594E+05
    -0.304113823E+05
    -0.247825437E+05
    -0.160294270E+05
    -0.114461223E+05
     0.229805090E+04
     0.212728796E+05
     0.152624374E+05
     0.212663832E+05
     0.302868852E+05
     0.349746245E+05
     0.490329690E+05
     0.683339183E+05
     0.622331853E+05
     0.683285989E+05
     0.783071299E+05
     0.834773855E+05
     0.989828837E+05
     0.120223942E+06
     0.113515608E+06
     0.120218345E+06
     0.132644092E+06
     0.139093296E+06
     0.158432745E+06
     0.184959263E+06
     0.176577494E+06
     0.184950773E+06
     0.200137563E+06
     0.208024800E+06
     0.231674878E+06
     0.264129126E+06
     0.253872333E+06
     0.264117253E+06
     0.282656562E+06
     0.292288199E+06
     0.321167073E+06
     0.360806703E+06
     0.348277647E+06
     0.360790557E+06
     0.383707297E+06
     0.395620568E+06
     0.431338325E+06
     0.480388503E+06
     0.464881947E+06
     0.480366416E+06
     0.509889659E+06
     0.525269154E+06
     0.571375507E+06
     0.634792031E+06
     0.614731213E+06
     0.634759520E+06
     0.677733251E+06
     0.700283004E+06
     0.767873964E+06
     0.861358116E+06
     0.831721789E+06
     0.673332430E+06
     0.693475102E+06
     0.753860808E+06
     0.837077738E+06
     0.810733685E+06
     0.837032783E+06
     0.879567219E+06
     0.901679399E+06
     0.967992843E+06
     0.105909043E+07
     0.103028809E+07
     0.874965722E+06
     0.894604075E+06
     0.953502601E+06
     0.103415887E+07
     0.100868913E+07
     0.103413785E+07
     0.107513516E+07
     0.109631022E+07
     0.115983422E+07
     0.124668342E+07
     0.121927631E+07
     0.124667402E+07
     0.128889257E+07
     0.131064281E+07
     0.137590846E+07
     0.146497750E+07
     0.143689053E+07
     0.146498087E+07
     0.150931221E+07
     0.153213357E+07
     0.160062868E+07
     0.169406299E+07
     0.166460550E+07
     0.169407800E+07
     0.173972692E+07
     0.176321545E+07
     0.183372596E+07
     0.192988458E+07
     0.189957198E+07
     0.192990968E+07
     0.197670911E+07
     0.200079093E+07
     0.207309310E+07
     0.217170688E+07
     0.214061951E+07
     0.217174035E+07
     0.221966409E+07
     0.224433566E+07
     0.231841717E+07
     0.241949877E+07
     0.238762893E+07
     0.241953916E+07
     0.246855070E+07
     0.249379925E+07
     0.256961995E+07
     0.267313168E+07
     0.264048910E+07
     0.267317762E+07
     0.272322810E+07
     0.274903101E+07
     0.282652116E+07
     0.293237394E+07
     0.289898587E+07
     0.293242412E+07
     0.298344764E+07
     0.300977047E+07
     0.308882486E+07
     0.319687177E+07
     0.316278486E+07
     0.319692490E+07
     0.324882899E+07
     0.327562100E+07
     0.335608552E+07
     0.346610482E+07
     0.343139030E+07
     0.346615968E+07
     0.351881058E+07
     0.354599754E+07
     0.362764761E+07
     0.373931461E+07
     0.370407700E+07
     0.373936997E+07
     0.379257141E+07
     0.382004500E+07
     0.390255362E+07
     0.401539799E+07
     0.397978844E+07
     0.401545263E+07
     0.406891448E+07
     0.409651622E+07
     0.417940591E+07
     0.429274658E+07
     0.425698331E+07
     0.429279920E+07
     0.434608691E+07
     0.437358214E+07
     0.445614664E+07
     0.456898483E+07
     0.453338693E+07
     0.456903402E+07
     0.462147532E+07
     0.464850478E+07
     0.472966363E+07
     0.484048336E+07
     0.480553377E+07
     0.461607487E+07
     0.464024564E+07
     0.471280874E+07
     0.481164822E+07
     0.478050572E+07
     0.481168005E+07
     0.486195268E+07
     0.488781809E+07
     0.496547291E+07
     0.507135632E+07
     0.503798150E+07
     0.485519310E+07
     0.487749537E+07
     0.494444011E+07
     0.503544585E+07
     0.500679315E+07
     0.503546968E+07
     0.508206353E+07
     0.510597469E+07
     0.517775233E+07
     0.527542289E+07
     0.524466048E+07
     0.527545066E+07
     0.532291142E+07
     0.534726555E+07
     0.542037198E+07
     0.551984336E+07
     0.548851463E+07
     0.551987110E+07
     0.557438545E+07
     0.560244742E+07
     0.568669630E+07
     0.580161182E+07
     0.576538516E+07
     0.580165149E+07
     0.586269280E+07
     0.589419573E+07
     0.598878712E+07
     0.611806993E+07
     0.607728316E+07
     0.611812205E+07
     0.618560927E+07
     0.622051665E+07
     0.632534230E+07
     0.646886201E+07
     0.642355421E+07
     0.646892739E+07
     0.654300059E+07
     0.658139046E+07
     0.669668608E+07
     0.685478368E+07
     0.680484507E+07
     0.685486339E+07
     0.693580868E+07
     0.697783505E+07
     0.710406451E+07
     0.727739465E+07
     0.722261630E+07
     0.727748993E+07
     0.736570404E+07
     0.741157865E+07
     0.754937928E+07
     0.773883564E+07
     0.767893297E+07
     0.773894793E+07
     0.783492039E+07
     0.788490356E+07
     0.803505873E+07
     0.824173685E+07
     0.817636134E+07
     0.824186779E+07
     0.834617211E+07
     0.840056825E+07
     0.856399391E+07
     0.878917293E+07
     0.871791786E+07
     0.878932436E+07
     0.890261425E+07
     0.896176998E+07
     0.913950904E+07
     0.938464422E+07
     0.930704701E+07
     0.938481821E+07
     0.950782693E+07
     0.957213083E+07
     0.976535235E+07
     0.100320743E+08
     0.994761672E+07
     0.100322732E+08
     0.101658150E+08
     0.102356984E+08
     0.104457002E+08
     0.107358187E+08
     0.106439256E+08
     0.107360449E+08
     0.108810182E+08
     0.109569570E+08
     0.111851707E+08
     0.115006817E+08
     0.114007189E+08
     0.115009381E+08
     0.116583296E+08
     0.117408464E+08
     0.119888443E+08
     0.123319399E+08
     0.122232106E+08
     0.123322294E+08
     0.125031196E+08
     0.125927867E+08
     0.128622905E+08
     0.132353711E+08
     0.131171128E+08
     0.132356973E+08
     0.134212667E+08
     0.135187094E+08
     0.138116005E+08
     0.142172892E+08
     0.140886682E+08
     0.142176556E+08
     0.144191924E+08
     0.145250929E+08
     0.148434239E+08
     0.152845827E+08
     0.151446896E+08
     0.152849935E+08
     0.155039012E+08
     0.156190032E+08
     0.159650114E+08
     0.164447599E+08
     0.162926033E+08
     0.164452194E+08
     0.166830265E+08
     0.168081397E+08
     0.171842614E+08
     0.177059969E+08
     0.175404972E+08
     0.177065099E+08
     0.179648798E+08
     0.181008855E+08
     0.185097723E+08
     0.190771927E+08
     0.188971747E+08
     0.190777647E+08
     0.193585066E+08
     0.195063636E+08
     0.199509002E+08
     0.205680288E+08
     0.203722139E+08
     0.205686653E+08
     0.208737469E+08
     0.210344979E+08
     0.215178215E+08
     0.221890340E+08
     0.219760316E+08
     0.221897415E+08
     0.225213017E+08
     0.226960804E+08
     0.232216021E+08
     0.239516565E+08
     0.237199543E+08
     0.239524418E+08
     0.243128057E+08
     0.245028445E+08
     0.250742724E+08
     0.258683413E+08
     0.256162954E+08
     0.258692119E+08
     0.262609065E+08
     0.264675449E+08
     0.270889094E+08
     0.279526153E+08
     0.276784386E+08
     0.279535793E+08
     0.283793506E+08
     0.286040444E+08
     0.292797256E+08
     0.302191793E+08
     0.299209296E+08
     0.302202456E+08
     0.306830776E+08
     0.309274087E+08
     0.316621664E+08
     0.326840088E+08
     0.323595754E+08
     0.326851872E+08
     0.331883218E+08
     0.334540091E+08
     0.342530155E+08
     0.353644628E+08
     0.350115520E+08
     0.353657639E+08
     0.359127234E+08
     0.362016346E+08
     0.370705091E+08
     0.382794025E+08
     0.378955219E+08
     0.382808377E+08
     0.388754487E+08
     0.391896128E+08
     0.401344609E+08
     0.414493196E+08
     0.410317613E+08
     0.414509015E+08
     0.420973209E+08
     0.424389423E+08
     0.434663970E+08
     0.448964767E+08
     0.444422987E+08
     0.448982190E+08
     0.456009623E+08
     0.459724356E+08
     0.470897023E+08
     0.486450581E+08
     0.481510642E+08
     0.486469757E+08
     0.494109478E+08
     0.498148743E+08
     0.510297802E+08
     0.527213353E+08
     0.521840533E+08
     0.527234443E+08
     0.535539727E+08
     0.539931779E+08
     0.553142250E+08
     0.571538445E+08
     0.565695028E+08
     0.571561627E+08
     0.580590336E+08
     0.585365865E+08
     0.599730095E+08
     0.619735815E+08
     0.613380833E+08
     0.619761280E+08
     0.629576257E+08
     0.634768595E+08
     0.650386882E+08
     0.672142107E+08
     0.665231063E+08
     0.672170065E+08
     0.682839557E+08
     0.688484904E+08
     0.705466177E+08
     0.729122941E+08
     0.721607506E+08
     0.729153620E+08
     0.740751740E+08
     0.746889408E+08
     0.765351965E+08
     0.791075378E+08
     0.782903065E+08
     0.791109025E+08
     0.803716251E+08
     0.810388932E+08
     0.830461236E+08
     0.858430602E+08
     0.849544414E+08
     0.858467489E+08
     0.872171209E+08
     0.879425260E+08
     0.901246806E+08
     0.931656834E+08
     0.921994873E+08
     0.931697253E+08
     0.946592351E+08
     0.954478108E+08
     0.978200363E+08
     0.101126248E+09
     0.100075753E+09
     0.101130675E+09
     0.102749624E+09
     0.103606836E+09
     0.106185578E+09
     0.109779954E+09
     0.108637864E+09
     0.109784801E+09
     0.111544374E+09
     0.112476155E+09
     0.115279269E+09
     0.119186733E+09
     0.117945124E+09
     0.119192038E+09
     0.121104377E+09
     0.122117169E+09
     0.125164040E+09
     0.129411651E+09
     0.128061921E+09
     0.129417455E+09
     0.131495740E+09
     0.132596536E+09
     0.135908206E+09
     0.140525341E+09
     0.139058151E+09
     0.140531689E+09
     0.142790226E+09
     0.143986617E+09
     0.147585930E+09
     0.152604475E+09
     0.151009689E+09
     0.152611416E+09
     0.155065736E+09
     0.156365961E+09
     0.160277712E+09
     0.165732281E+09
     0.163998894E+09
     0.165739867E+09
     0.168406825E+09
     0.169819828E+09
     0.174070929E+09
     0.179999092E+09
     0.178115160E+09
     0.180007381E+09
     0.182905269E+09
     0.184440756E+09
     0.189060416E+09
     0.195502950E+09
     0.193455510E+09
     0.195512004E+09
     0.198660675E+09
     0.200329180E+09
     0.205349097E+09
     0.212350255E+09
     0.210125240E+09
     0.212360143E+09
     0.215781140E+09
     0.217594094E+09
     0.223048669E+09
     0.230656477E+09
     0.228238617E+09
     0.230667272E+09
     0.234383972E+09
     0.236353779E+09
     0.242280341E+09
     0.250546913E+09
     0.247919641E+09
     0.250558697E+09
     0.254596463E+09
     0.256736583E+09
     0.263175637E+09
     0.272157522E+09
     0.269302861E+09
     0.272170381E+09
     0.276556736E+09
     0.278881773E+09
     0.285877267E+09
     0.295635822E+09
     0.292534265E+09
     0.295649851E+09
     0.300414652E+09
     0.302940451E+09
     0.310540065E+09
     0.321141860E+09
     0.317772244E+09
     0.321157163E+09
     0.326326340E+09
     0.329066467E+09
     0.337310975E+09
     0.348812308E+09
     0.345156806E+09
     0.348828934E+09
     0.354428957E+09
     0.357397219E+09
     0.366328097E+09
     0.378786093E+09
     0.374826632E+09
     0.378804084E+09
     0.384869931E+09
     0.388084840E+09
     0.397757778E+09
     0.411250026E+09
     0.406961959E+09
     0.411269492E+09
     0.417838938E+09
     0.421320483E+09
     0.431795625E+09
     0.446405912E+09
     0.441762621E+09
     0.446426973E+09
     0.453540795E+09
     0.457310558E+09
     0.468652825E+09
     0.484471600E+09
     0.479444353E+09
     0.484494384E+09
     0.492196602E+09
     0.496277874E+09
     0.508557346E+09
     0.525682236E+09
     0.520240019E+09
     0.525706881E+09
     0.534045005E+09
     0.538462928E+09
     0.551755242E+09
     0.570291618E+09
     0.564400958E+09
     0.570318274E+09
     0.579343580E+09
     0.584125286E+09
     0.598512074E+09
     0.618573651E+09
     0.612198426E+09
     0.618602480E+09
     0.628370305E+09
     0.633545076E+09
     0.649114429E+09
     0.670823923E+09
     0.663925150E+09
     0.670855100E+09
     0.681425157E+09
     0.687024589E+09
     0.703871565E+09
     0.727361394E+09
     0.719897009E+09
     0.727395106E+09
     0.738831827E+09
     0.744890012E+09
     0.763117177E+09
     0.788530214E+09
     0.780454833E+09
     0.788566666E+09
     0.800939569E+09
     0.807493290E+09
     0.827211303E+09
     0.854701696E+09
     0.845966352E+09
     0.854741105E+09
     0.868125191E+09
     0.875214129E+09
     0.896542376E+09
     0.926276419E+09
     0.916828289E+09
     0.926319023E+09
     0.940795200E+09
     0.948462162E+09
     0.971529430E+09
     0.100368651E+10
     0.993468613E+09
     0.100373257E+10
     0.101938811E+10
     0.102767927E+10
     0.105262448E+10
     0.108739811E+10
     0.107634897E+10
     0.108744789E+10
     0.110437694E+10
     0.111334211E+10
     0.114031510E+10
     0.117791398E+10
     0.116596731E+10
     0.117796778E+10
     0.119627187E+10
     0.120596476E+10
     0.123512714E+10
     0.127577638E+10
     0.126286067E+10
     0.127583451E+10
     0.129562315E+10
     0.130610170E+10
     0.133762776E+10
     0.138157010E+10
     0.136760825E+10
     0.138163293E+10
     0.140302420E+10
     0.141435088E+10
     0.144842858E+10
     0.149592581E+10
     0.148083466E+10
     0.149599369E+10
     0.151911495E+10
     0.153135712E+10
     0.156818912E+10
     0.161952354E+10
     0.160321342E+10
     0.161959687E+10
     0.164458542E+10
     0.165781573E+10
     0.169762058E+10
     0.175309654E+10
     0.173547078E+10
     0.175317577E+10
     0.178017966E+10
     0.179447642E+10
     0.183748974E+10
     0.189743542E+10
     0.187838978E+10
     0.189752100E+10
     0.192669985E+10
     0.194214751E+10
     0.198862332E+10
     0.205339252E+10
     0.203281462E+10
     0.205348497E+10
     0.208501085E+10
     0.210170044E+10
     0.215191261E+10
     0.222188674E+10
     0.219965542E+10
     0.222198659E+10
     0.225604502E+10
     0.227407466E+10
     0.232831841E+10
     0.240390864E+10
     0.237989331E+10
     0.240401647E+10
     0.244080742E+10
     0.246028288E+10
     0.251887645E+10
     0.260052596E+10
     0.257458585E+10
     0.260064241E+10
     0.264038141E+10
     0.266141672E+10
     0.272470311E+10
     0.281288962E+10
     0.278487299E+10
     0.281301536E+10
     0.285593474E+10
     0.287865278E+10
     0.294700169E+10
     0.304224006E+10
     0.301198337E+10
     0.304237583E+10
     0.308872596E+10
     0.311325917E+10
     0.318706906E+10
     0.328991419E+10
     0.325724119E+10
     0.329006077E+10
     0.334011150E+10
     0.336660261E+10
     0.344630288E+10
     0.355735277E+10
     0.352207352E+10
     0.355751101E+10
     0.361155314E+10
     0.364015596E+10
     0.372620934E+10
     0.384610841E+10
     0.380801823E+10
     0.384627923E+10
     0.390462612E+10
     0.393550640E+10
     0.402841153E+10
     0.415785419E+10
     0.411673252E+10
     0.415803857E+10
     0.422102787E+10
     0.425436420E+10
     0.435465839E+10
     0.449439286E+10
     0.445000204E+10
     0.449459187E+10
     0.456258739E+10
     0.459857220E+10
     0.470683436E+10
     0.485766683E+10
     0.480975080E+10
     0.485788162E+10
     0.493127536E+10
     0.497011597E+10
     0.508696982E+10
     0.524976889E+10
     0.519805177E+10
     0.525000068E+10
     0.532921494E+10
     0.537113472E+10
     0.549725226E+10
     0.567295368E+10
     0.561713825E+10
     0.567320381E+10
     0.575869357E+10
     0.580393314E+10
     0.594003830E+10
     0.612965018E+10
     0.606941625E+10
     0.612992007E+10
     0.622217545E+10
     0.627099404E+10
     0.641786667E+10
     0.662247497E+10
     0.655747762E+10
     0.662276617E+10
     0.672231514E+10
     0.677499197E+10
     0.693347213E+10
     0.715424666E+10
     0.708411434E+10
     0.715456082E+10
     0.726197208E+10
     0.731880793E+10
     0.748980050E+10
     0.772800128E+10
     0.765233378E+10
     0.772834020E+10
     0.784422630E+10
     0.790554514E+10
     0.809002475E+10
     0.834700895E+10
     0.826537523E+10
     0.834737455E+10
     0.847239527E+10
     0.853854602E+10
     0.873756240E+10
     0.901479175E+10
     0.892672753E+10
     0.901518611E+10
     0.915005200E+10
     0.922141045E+10
     0.943609417E+10
     0.973514293E+10
     0.964014821E+10
     0.973556828E+10
     0.988104462E+10
     0.995801548E+10
     0.101895841E+11
     0.105121477E+11
     0.104096840E+11
     0.105126064E+11
     0.106695173E+11
     0.107525364E+11
     0.110023011E+11
     0.113502052E+11
     0.112396927E+11
     0.113507000E+11
     0.115199329E+11
     0.116094696E+11
     0.118788423E+11
     0.122540531E+11
     0.121348673E+11
     0.122545866E+11
     0.124370972E+11
     0.125336568E+11
     0.128241581E+11
     0.132287925E+11
     0.131002610E+11
     0.132293678E+11
     0.134261851E+11
     0.135303118E+11
     0.138435787E+11
     0.142799163E+11
     0.141413151E+11
     0.142805366E+11
     0.144927685E+11
     0.146050483E+11
     0.149428435E+11
     0.154133387E+11
     0.152638883E+11
     0.154140076E+11
     0.156428471E+11
     0.157639107E+11
     0.161281321E+11
     0.166354275E+11
     0.164742886E+11
     0.166361486E+11
     0.168828800E+11
     0.170134067E+11
     0.174060975E+11
     0.179530381E+11
     0.177793071E+11
     0.179538155E+11
     0.182198215E+11
     0.183605425E+11
     0.187839024E+11
     0.193735512E+11
     0.191862552E+11
     0.193743892E+11
     0.196611583E+11
     0.198128607E+11
     0.202692580E+11
     0.209049120E+11
     0.207030040E+11
     0.209058154E+11
     0.212149500E+11
     0.213784812E+11
     0.218704650E+11
     0.225556739E+11
     0.223380264E+11
     0.225566476E+11
     0.228898727E+11
     0.230661447E+11
     0.235964593E+11
     0.243350436E+11
     0.241004433E+11
     0.243360931E+11
     0.246952654E+11
     0.248852601E+11
     0.254568592E+11
     0.262529316E+11
     0.260000723E+11
     0.262540627E+11
     0.266411807E+11
     0.268459550E+11
     0.274620178E+11
     0.283200051E+11
     0.280474807E+11
     0.283212240E+11
     0.287384388E+11
     0.289591300E+11
     0.296230786E+11
     0.305477450E+11
     0.302540425E+11
     0.305490586E+11
     0.309986853E+11
     0.312365176E+11
     0.319520348E+11
     0.329485082E+11
     0.326319990E+11
     0.329499237E+11
     0.334344540E+11
     0.336907450E+11
     0.344617945E+11
     0.355355934E+11
     0.351945248E+11
     0.355371186E+11
     0.360592340E+11
     0.363354015E+11
     0.371662490E+11
     0.383233124E+11
     0.379557982E+11
     0.383249558E+11
     0.388875419E+11
     0.391851117E+11
     0.400803477E+11
     0.413270667E+11
     0.409310772E+11
     0.413288373E+11
     0.419349995E+11
     0.422556137E+11
     0.432201778E+11
     0.445634300E+11
     0.441367808E+11
     0.445653376E+11
     0.452184173E+11
     0.455638427E+11
     0.466030505E+11
     0.480502362E+11
     0.475905771E+11
     0.480522913E+11
     0.487558841E+11
     0.491280218E+11
     0.502475927E+11
     0.518066751E+11
     0.513114769E+11
     0.518088889E+11
     0.525668635E+11
     0.529677591E+11
     0.541738473E+11
     0.558533941E+11
     0.553199358E+11
     0.558557787E+11
     0.566722977E+11
     0.571041521E+11
     0.584033787E+11
     0.602126084E+11
     0.596379623E+11
     0.602151769E+11
     0.610947187E+11
     0.615598999E+11
     0.629593887E+11
     0.649082189E+11
     0.642892353E+11
     0.649109855E+11
     0.658583682E+11
     0.663594235E+11
     0.678668385E+11
     0.699659393E+11
     0.692992295E+11
     0.699689190E+11
     0.709893260E+11
     0.715289962E+11
     0.731525823E+11
     0.754134324E+11
     0.746953507E+11
     0.754166414E+11
     0.765156488E+11
     0.770968820E+11
     0.788455088E+11
     0.812804562E+11
     0.805070812E+11
     0.812839121E+11
     0.824675183E+11
     0.830934859E+11
     0.849766946E+11
     0.875990223E+11
     0.867661353E+11
     0.876027439E+11
     0.888774011E+11
     0.895515146E+11
     0.915795681E+11
     0.944035642E+11
     0.935066276E+11
     0.944075717E+11
     0.957802202E+11
     0.965061489E+11
     0.986900865E+11
     0.101731119E+12
     0.100765252E+12
     0.101735435E+12
     0.103213539E+12
     0.103995230E+12
     0.106346925E+12
     0.109621525E+12
     0.108581478E+12
     0.109626171E+12
     0.111217761E+12
     0.112059459E+12
     0.114591682E+12
     0.118117627E+12
     0.116997754E+12
     0.118122630E+12
     0.119836340E+12
     0.120742610E+12
     0.123469096E+12
     0.127265507E+12
     0.126059735E+12
     0.127270893E+12
     0.129116010E+12
     0.130091762E+12
     0.133027282E+12
     0.137114721E+12
     0.135816519E+12
     0.137120519E+12
     0.139107030E+12
     0.140157545E+12
     0.143317982E+12
     0.147718564E+12
     0.146320910E+12
     0.147724806E+12
     0.149863451E+12
     0.150994405E+12
     0.154396843E+12
     0.159134346E+12
     0.157629688E+12
     0.159141065E+12
     0.161443393E+12
     0.162660893E+12
     0.166323698E+12
     0.171423694E+12
     0.169803911E+12
     0.171430926E+12
     0.173909355E+12
     0.175219965E+12
     0.179162889E+12
     0.184652872E+12
     0.182909233E+12
     0.184660657E+12
     0.187328538E+12
     0.188739318E+12
     0.192983597E+12
     0.198893129E+12
     0.197016245E+12
     0.198901508E+12
     0.201773198E+12
     0.203291737E+12
     0.207860204E+12
     0.214221071E+12
     0.212200847E+12
     0.214230089E+12
     0.217321023E+12
     0.218955480E+12
     0.223872682E+12
     0.230719057E+12
     0.228544641E+12
     0.230728762E+12
     0.234055533E+12
     0.235814682E+12
     0.241107009E+12
     0.248475629E+12
     0.246135354E+12
     0.248486073E+12
     0.252066520E+12
     0.253959791E+12
     0.259655615E+12
     0.267585973E+12
     0.265067297E+12
     0.267597213E+12
     0.271450512E+12
     0.273488042E+12
     0.279617861E+12
     0.288152412E+12
     0.285441852E+12
     0.288164507E+12
     0.292311272E+12
     0.294503958E+12
     0.301100555E+12
     0.310284934E+12
     0.307367997E+12
     0.310297948E+12
     0.314760337E+12
     0.317119892E+12
     0.324218504E+12
     0.334101762E+12
     0.330962872E+12
     0.334115765E+12
     0.338917592E+12
     0.341456606E+12
     0.349095108E+12
     0.359729967E+12
     0.356352379E+12
     0.359745033E+12
     0.364911894E+12
     0.367643897E+12
     0.375862994E+12
     0.387306117E+12
     0.383671838E+12
     0.387322326E+12
     0.392881731E+12
     0.395821264E+12
     0.404664704E+12
     0.416976986E+12
     0.413066677E+12
     0.416994424E+12
     0.422975935E+12
     0.426138626E+12
     0.435653423E+12
     0.448900306E+12
     0.444693183E+12
     0.448919065E+12
     0.455354451E+12
     0.458757093E+12
     0.468993766E+12
     0.483245573E+12
     0.478719306E+12
     0.483265754E+12
     0.490189151E+12
     0.493849790E+12
     0.504862626E+12
     0.520194923E+12
     0.515325513E+12
     0.520216630E+12
     0.527664721E+12
     0.531602745E+12
     0.543450075E+12
     0.559944055E+12
     0.554705717E+12
     0.559967403E+12
     0.567979598E+12
     0.572215840E+12
     0.584960335E+12
     0.602703233E+12
     0.597068265E+12
     0.602728346E+12
     0.611346987E+12
     0.615903828E+12
     0.629612822E+12
     0.648698359E+12
     0.642636998E+12
     0.648725368E+12
     0.657995946E+12
     0.662897431E+12
     0.677643258E+12
     0.698172120E+12
     0.691652392E+12
     0.698201168E+12
     0.708172549E+12
     0.713444507E+12
     0.729304875E+12
     0.751385221E+12
     0.744372777E+12
     0.751416459E+12
     0.762141136E+12
     0.767811314E+12
     0.784869691E+12
     0.808617702E+12
     0.801075648E+12
     0.808651295E+12
     0.820185651E+12
     0.826283850E+12
     0.844629893E+12
     0.870170360E+12
     0.862059067E+12
     0.870206482E+12
     0.882611078E+12
     0.889169306E+12
     0.908899309E+12
     0.936366259E+12
     0.927643166E+12
     0.936405099E+12
     0.949744975E+12
     0.956797609E+12
     0.978014990E+12
     0.100755236E+13
     0.998171759E+12
     0.100759412E+13
     0.102193913E+13
     0.102952308E+13
     0.105233890E+13
     0.108410128E+13
     0.107401407E+13
     0.108414618E+13
     0.109957131E+13
     0.110772623E+13
     0.113225975E+13
     0.116641311E+13
     0.115556660E+13
     0.116646138E+13
     0.118304719E+13
     0.119181564E+13
     0.121819490E+13
     0.125491748E+13
     0.124325506E+13
     0.125496937E+13
     0.127280232E+13
     0.128223001E+13
     0.131059251E+13
     0.135007566E+13
     0.133753657E+13
     0.135013144E+13
     0.136930438E+13
     0.137944036E+13
     0.140993371E+13
     0.145238287E+13
     0.143890187E+13
     0.145244283E+13
     0.147305540E+13
     0.148395236E+13
     0.151673501E+13
     0.156237071E+13
     0.154787777E+13
     0.156243516E+13
     0.158459437E+13
     0.159630883E+13
     0.163155088E+13
     0.168060985E+13
     0.166502979E+13
     0.168067911E+13
     0.170449979E+13
     0.171709245E+13
     0.175497646E+13
     0.180771278E+13
     0.179096492E+13
     0.180778722E+13
     0.183339261E+13
     0.184692860E+13
     0.188765051E+13
     0.194433686E+13
     0.192633462E+13
     0.194441686E+13
     0.197193923E+13
     0.198648845E+13
     0.203025854E+13
     0.209118757E+13
     0.207183801E+13
     0.209127353E+13
     0.212085481E+13
     0.213649226E+13
     0.218353616E+13
     0.224902188E+13
     0.222822529E+13
     0.224911425E+13
     0.228090673E+13
     0.229771289E+13
     0.234827270E+13
     0.241865203E+13
     0.239630142E+13
     0.241875128E+13
     0.245291835E+13
     0.247097955E+13
     0.252531502E+13
     0.260094941E+13
     0.257693000E+13
     0.260105604E+13
     0.263777299E+13
     0.265718186E+13
     0.271557162E+13
     0.279684882E+13
     0.277103749E+13
     0.279696338E+13
     0.283641823E+13
     0.285727410E+13
     0.292001703E+13
     0.300735296E+13
     0.297961765E+13
     0.300747603E+13
     0.304987044E+13
     0.307227989E+13
     0.313969654E+13
     0.323353727E+13
     0.320373632E+13
     0.323366947E+13
     0.327921970E+13
     0.330329700E+13
     0.337573113E+13
     0.347655504E+13
     0.344453655E+13
     0.347669703E+13
     0.352563500E+13
     0.355150267E+13
     0.362932292E+13
     0.373764293E+13
     0.370324403E+13
     0.373779543E+13
     0.379036980E+13
     0.381815923E+13
     0.390176081E+13
     0.401812686E+13
     0.398117293E+13
     0.401829064E+13
     0.407476798E+13
     0.410462000E+13
     0.419442660E+13
     0.431942825E+13
     0.427973209E+13
     0.431960412E+13
     0.438027017E+13
     0.441233576E+13
     0.450880153E+13
     0.464307069E+13
     0.460043165E+13
     0.464325954E+13
     0.470842057E+13
     0.474286152E+13
     0.484647320E+13
     0.499068713E+13
     0.494489016E+13
     0.499088989E+13
     0.506087410E+13
     0.509786379E+13
     0.520914298E+13
     0.536402739E+13
     0.531484207E+13
     0.536424509E+13
     0.543940414E+13
     0.547912835E+13
     0.559863390E+13
     0.576496637E+13
     0.571214579E+13
     0.576520007E+13
     0.584591071E+13
     0.588856846E+13
     0.601689908E+13
     0.619551259E+13
     0.613879227E+13
     0.619576344E+13
     0.628242923E+13
     0.632823370E+13
     0.646603068E+13
     0.665781741E+13
     0.659691408E+13
     0.665808666E+13
     0.675113982E+13
     0.680031930E+13
     0.694826941E+13
     0.715418486E+13
     0.708879513E+13
     0.715447382E+13
     0.725437715E+13
     0.730717610E+13
     0.746601474E+13
     0.768708195E+13
     0.761688100E+13
     0.768739204E+13
     0.779464105E+13
     0.785132117E+13
     0.802183563E+13
     0.825914982E+13
     0.818378991E+13
     0.825948255E+13
     0.837460763E+13
     0.843544906E+13
     0.861848201E+13
     0.887321546E+13
     0.879232440E+13
     0.887357245E+13
     0.899714122E+13
     0.906244374E+13
     0.925889699E+13
     0.953230417E+13
     0.944548367E+13
     0.953268714E+13
     0.966530698E+13
     0.973539134E+13
     0.994622979E+13
     0.102396529E+14
     0.101464768E+14
     0.102400637E+14
     0.103823843E+14
     0.104575936E+14
     0.106838494E+14
     0.109987240E+14
     0.108987366E+14
     0.109991646E+14
     0.111518810E+14
     0.112325822E+14
     0.114753592E+14
     0.118132207E+14
     0.117059344E+14
     0.118136932E+14
     0.119775483E+14
     0.120641338E+14
     0.123246122E+14
     0.126871022E+14
     0.125719960E+14
     0.126876089E+14
     0.128633971E+14
     0.129562862E+14
     0.132357277E+14
     0.136246008E+14
     0.135011174E+14
     0.136251440E+14
     0.138137142E+14
     0.139133551E+14
     0.142131079E+14
     0.146302391E+14
     0.144977835E+14
     0.146308214E+14
     0.148330806E+14
     0.149399522E+14
     0.152614566E+14
     0.157088491E+14
     0.155667852E+14
     0.157094733E+14
     0.159263903E+14
     0.160410039E+14
     0.163857984E+14
     0.168655913E+14
     0.167132401E+14
     0.168662603E+14
     0.170988695E+14
     0.172217713E+14
     0.175914984E+14
     0.181059757E+14
     0.179426122E+14
     0.181066925E+14
     0.183560983E+14
     0.184878710E+14
     0.188842838E+14
     0.194358833E+14
     0.192607335E+14
     0.194366513E+14
     0.197040317E+14
     0.198452973E+14
     0.202702664E+14
     0.208615887E+14
     0.206738272E+14
     0.208624114E+14
     0.211490235E+14
     0.213004450E+14
     0.217559656E+14
     0.223897845E+14
     0.221885307E+14
     0.223906656E+14
     0.226978493E+14
     0.228601340E+14
     0.233483331E+14
     0.240276055E+14
     0.238119209E+14
     0.240285490E+14
     0.243577327E+14
     0.245316342E+14
     0.250547786E+14
     0.257826555E+14
     0.255515398E+14
     0.257836656E+14
     0.261363709E+14
     0.263226918E+14
     0.268831961E+14
     0.276630337E+14
     0.274154217E+14
     0.276641149E+14
     0.280419620E+14
     0.282415571E+14
     0.288419921E+14
     0.296773634E+14
     0.294121210E+14
     0.296785205E+14
     0.300832337E+14
     0.302970125E+14
     0.309401139E+14
     0.318348207E+14
     0.315507414E+14
     0.318360587E+14
     0.322694724E+14
     0.324984021E+14
     0.331870796E+14
     0.341451649E+14
     0.338409655E+14
     0.341464892E+14
     0.346105532E+14
     0.348556621E+14
     0.355930082E+14
     0.366187692E+14
     0.362930858E+14
     0.366201854E+14
     0.371169713E+14
     0.373793516E+14
     0.381686515E+14
     0.392666519E+14
     0.389180364E+14
     0.392681661E+14
     0.397998734E+14
     0.400806844E+14
     0.409254253E+14
     0.421005092E+14
     0.417274243E+14
     0.421021277E+14
     0.426710897E+14
     0.429715613E+14
     0.438754420E+14
     0.451327469E+14
     0.447335624E+14
     0.451344764E+14
     0.457431668E+14
     0.460646023E+14
     0.470315434E+14
     0.483765134E+14
     0.479495018E+14
     0.483783609E+14
     0.490293997E+14
     0.493731795E+14
     0.504073322E+14
     0.518457316E+14
     0.513890640E+14
     0.518477045E+14
     0.525438642E+14
     0.529114484E+14
     0.540172047E+14
     0.555551307E+14
     0.550668727E+14
     0.555572369E+14
     0.563014482E+14
     0.566943802E+14
     0.578763818E+14
     0.595202768E+14
     0.589983846E+14
     0.595225245E+14
     0.603178822E+14
     0.607377913E+14
     0.620009381E+14
     0.637576020E+14
     0.631999185E+14
     0.637599997E+14
     0.646097680E+14
     0.650583720E+14
     0.664078304E+14
     0.682844311E+14
     0.676886827E+14
     0.682869877E+14
     0.691946047E+14
     0.696737125E+14
     0.711149222E+14
     0.731190052E+14
     0.724827987E+14
     0.731217301E+14
     0.740908119E+14
     0.746023253E+14
     0.761410058E+14
     0.782805020E+14
     0.776013222E+14
     0.782834050E+14
     0.793177488E+14
     0.798636641E+14
     0.815058188E+14
     0.837890507E+14
     0.830642585E+14
     0.837921418E+14
     0.848957281E+14
     0.854781371E+14
     0.872300559E+14
     0.896657407E+14
     0.888925722E+14
     0.896690303E+14
     0.908460234E+14
     0.914671133E+14
     0.933353735E+14
     0.959326225E+14
     0.951081892E+14
     0.959361215E+14
     0.971908683E+14
     0.978529213E+14
     0.998443848E+14
     0.102612700E+15
     0.101733990E+15
     0.102616420E+15
     0.103953447E+15
     0.104658838E+15
     0.106780646E+15
     0.109729912E+15
     0.108793793E+15
     0.109733863E+15
     0.111157872E+15
     0.111909066E+15
     0.114168628E+15
     0.117309097E+15
     0.116312320E+15
     0.117313291E+15
     0.118829148E+15
     0.119628694E+15
     0.122033677E+15
     0.125375947E+15
     0.124315154E+15
     0.125380395E+15
     0.126993120E+15
     0.127843647E+15
     0.130401950E+15
     0.133956937E+15
     0.132828672E+15
     0.133961652E+15
     0.135676403E+15
     0.136580607E+15
     0.139300339E+15
     0.143079237E+15
     0.141879955E+15
     0.143084229E+15
     0.144906282E+15
     0.145866920E+15
     0.148756362E+15
     0.152770596E+15
     0.151496680E+15
     0.152775877E+15
     0.154710596E+15
     0.155730466E+15
     0.158798031E+15
     0.163059193E+15
     0.161706976E+15
     0.163064774E+15
     0.165117583E+15
     0.166199509E+15
     0.169453685E+15
     0.173973457E+15
     0.172539244E+15
     0.173979348E+15
     0.176155687E+15
     0.177302498E+15
     0.180751784E+15
     0.185541847E+15
     0.184021945E+15
     0.185548057E+15
     0.187853335E+15
     0.189067837E+15
     0.192720661E+15
     0.197792580E+15
     0.196183337E+15
     0.197799119E+15
     0.200238656E+15
     0.201523600E+15
     0.205388229E+15
     0.210753320E+15
     0.209051163E+15
     0.210760194E+15
     0.213339150E+15
     0.214697198E+15
     0.218781621E+15
     0.224450792E+15
     0.222652282E+15
     0.224458007E+15
     0.227181304E+15
     0.228614982E+15
     0.232926782E+15
     0.238910350E+15
     0.237012238E+15
     0.238917910E+15
     0.241790136E+15
     0.243301785E+15
     0.247847987E+15
     0.254155464E+15
     0.252154759E+15
     0.254163369E+15
     0.257188672E+15
     0.258780390E+15
     0.263567285E+15
     0.270207134E+15
     0.268101183E+15
     0.270215384E+15
     0.273397345E+15
     0.275070921E+15
     0.280103873E+15
     0.287083227E+15
     0.284869804E+15
     0.287091818E+15
     0.290433317E+15
     0.292190160E+15
     0.297473379E+15
     0.304797737E+15
     0.302475135E+15
     0.304806660E+15
     0.308309720E+15
     0.310150774E+15
     0.315687072E+15
     0.323359952E+15
     0.320927101E+15
     0.323369195E+15
     0.327034815E+15
     0.328960469E+15
     0.334750994E+15
     0.342773558E+15
     0.340230138E+15
     0.342783104E+15
     0.346611073E+15
     0.348621070E+15
     0.354665012E+15
     0.363035667E+15
     0.360382239E+15
     0.363045495E+15
     0.367034202E+15
     0.369127532E+15
     0.375421824E+15
     0.384135802E+15
     0.381373936E+15
     0.384145883E+15
     0.388292118E+15
     0.390466917E+15
     0.397005918E+15
     0.406054840E+15
     0.403187259E+15
     0.406065143E+15
     0.410363892E+15
     0.412617338E+15
     0.419392523E+15
     0.428763973E+15
     0.425794683E+15
     0.428774459E+15
     0.433218715E+15
     0.435546925E+15
     0.442546583E+15
     0.452223705E+15
     0.449158123E+15
     0.452234329E+15
     0.456814905E+15
     0.459212849E+15
     0.466421812E+15
     0.476382938E+15
     0.473228009E+15
     0.476393651E+15
     0.481099032E+15
     0.483560452E+15
     0.490959869E+15
     0.501178222E+15
     0.497942512E+15
     0.501188969E+15
     0.506005193E+15
     0.508522551E+15
     0.516089721E+15
     0.526533210E+15
     0.523226968E+15
     0.526543932E+15
     0.531454526E+15
     0.534018976E+15
     0.541727272E+15
     0.552358405E+15
     0.548993587E+15
     0.552369039E+15
     0.557355016E+15
     0.559956413E+15
     0.567775304E+15
     0.578551249E+15
     0.575141497E+15
     0.578561731E+15
     0.583601660E+15
     0.586228605E+15
     0.594123803E+15
     0.604996618E+15
     0.601557182E+15
     0.605006883E+15
     0.610077046E+15
     0.612716979E+15
     0.620650711E+15
     0.631567761E+15
     0.628115364E+15
     0.631577747E+15
     0.636652377E+15
     0.639291713E+15
     0.647223138E+15
     0.658127701E+15
     0.654680343E+15
     0.658137347E+15
     0.663188961E+15
     0.665813274E+15
     0.673699034E+15
     0.684531091E+15
     0.681107795E+15
     0.684540342E+15
     0.689540151E+15
     0.692134396E+15
     0.699929291E+15
     0.710626492E+15
     0.707246994E+15
     0.710635300E+15
     0.715553692E+15
     0.718102470E+15
     0.725760241E+15
     0.736259007E+15
     0.732943407E+15
     0.715057719E+15
     0.717341309E+15
     0.724200376E+15
     0.733577861E+15
     0.730619396E+15
     0.733583911E+15
     0.738381547E+15
     0.740864446E+15
     0.748323750E+15
     0.758539906E+15
     0.755314792E+15
     0.758547662E+15
     0.763229649E+15
     0.765649828E+15
     0.772920336E+15
     0.782868823E+15
     0.779729287E+15
     0.762719719E+15
     0.764868585E+15
     0.771322217E+15
     0.780128134E+15
     0.777352031E+15
     0.780133317E+15
     0.784644932E+15
     0.786973809E+15
     0.793969548E+15
     0.803531774E+15
     0.800515348E+15
     0.784162668E+15
     0.786235592E+15
     0.792460836E+15
     0.800947391E+15
     0.798272885E+15
     0.800952186E+15
     0.805295727E+15
     0.807535059E+15
     0.814261455E+15
     0.823446693E+15
     0.820550237E+15
     0.804813265E+15
     0.806797159E+15
     0.812754726E+15
     0.820868574E+15
     0.818312451E+15
     0.820872960E+15
     0.825029236E+15
     0.827169334E+15
     0.833597331E+15
     0.842366569E+15
     0.839602307E+15
     0.824375792E+15
     0.826171181E+15
     0.831561942E+15
     0.838889746E+15
     0.836582907E+15
     0.838893194E+15
     0.842712673E+15
     0.844675014E+15
     0.850568352E+15
     0.858594364E+15
     0.856066005E+15
     0.842059113E+15
     0.843678183E+15
     0.848538974E+15
     0.855134846E+15
     0.853059782E+15
     0.855137555E+15
     0.858586970E+15
     0.860354955E+15
     0.865663869E+15
     0.872880496E+15
     0.870608690E+15
     0.858012848E+15
     0.859480543E+15
     0.863886489E+15
     0.869856455E+15
     0.867979331E+15
     0.869858635E+15
     0.872971359E+15
     0.874563388E+15
     0.879343395E+15
     0.885830291E+15
     0.883789471E+15
     0.872464364E+15
     0.873792208E+15
     0.877778027E+15
     0.883171606E+15
     0.881476558E+15
     0.883173364E+15
     0.885978749E+15
     0.887410854E+15
     0.891710278E+15
     0.897536306E+15
     0.895704424E+15
     0.885530120E+15
     0.886729244E+15
     0.890328451E+15
     0.895193035E+15
     0.893664928E+15
     0.895194457E+15
     0.897719475E+15
     0.899006243E+15
     0.902869025E+15
     0.908096355E+15
     0.906453551E+15
     0.897321966E+15
     0.898402932E+15
     0.901647310E+15
     0.906027538E+15
     0.904652150E+15
     0.906028691E+15
     0.908298263E+15
     0.909453055E+15
     0.912919417E+15
     0.917604599E+15
     0.916132851E+15
     0.907945763E+15
     0.908918567E+15
     0.911838169E+15
     0.915776003E+15
     0.914539993E+15
     0.915776939E+15
     0.917814143E+15
     0.918849241E+15
     0.921956127E+15
     0.926150819E+15
     0.924833696E+15
     0.917501421E+15
     0.918375478E+15
     0.920998609E+15
     0.924533366E+15
     0.923424257E+15
     0.924534128E+15
     0.926360336E+15
     0.927287037E+15
     0.930068423E+15
     0.933819893E+15
     0.932642387E+15
     0.926082858E+15
     0.926866998E+15
     0.929220197E+15
     0.932388584E+15
     0.931394746E+15
     0.932389205E+15
     0.934024183E+15
     0.934852877E+15
     0.937339992E+15
     0.940691500E+15
     0.939639898E+15
     0.933777982E+15
     0.934480452E+15
     0.936588493E+15
     0.939424641E+15
     0.938535275E+15
     0.939425148E+15
     0.940887139E+15
     0.941627364E+15
     0.943848876E+15
     0.946839982E+15
     0.945901760E+15
     0.940668724E+15
     0.941297188E+15
     0.943183091E+15
     0.945718616E+15
     0.944923731E+15
     0.945719030E+15
     0.947024828E+15
     0.947685327E+15
     0.949667500E+15
     0.952334330E+15
     0.951498065E+15
     0.946831112E+15
     0.947392663E+15
     0.949077734E+15
     0.951341805E+15
     0.950632193E+15
     0.951342144E+15
     0.952507165E+15
     0.953095931E+15
     0.954862779E+15
     0.957238258E+15
     0.956493552E+15
     0.952335408E+15
     0.952836586E+15
     0.954340460E+15
     0.956359895E+15
     0.955727100E+15
     0.956360174E+15
     0.957398530E+15
     0.957922856E+15
     0.959496281E+15
     0.961610364E+15
     0.960947765E+15
     0.957246298E+15
     0.957693109E+15
     0.959033817E+15
     0.960833186E+15
     0.960269464E+15
     0.960833414E+15
     0.961757989E+15
     0.962224512E+15
     0.963624443E+15
     0.965504322E+15
     0.964915259E+15
     0.961623114E+15
     0.962021053E+15
     0.963215096E+15
     0.964816837E+15
     0.964315124E+15
     0.964817024E+15
     0.965639547E+15
     0.966054292E+15
     0.967298823E+15
     0.968969132E+15
     0.968445845E+15
     0.965520097E+15
     0.965874178E+15
     0.966936606E+15
     0.968361148E+15
     0.967915017E+15
     0.968361302E+15
     0.969092425E+15
     0.969460851E+15
     0.970566371E+15
     0.972049382E+15
     0.971584861E+15
     0.968986678E+15
     0.969301461E+15
     0.970245961E+15
     0.971511856E+15
     0.971115472E+15
     0.971511982E+15
     0.972161355E+15
     0.972488397E+15
     0.973469719E+15
     0.974785531E+15
     0.974373452E+15
     0.972067775E+15
     0.972347396E+15
     0.973186384E+15
     0.974310432E+15
     0.973958516E+15
     0.974310536E+15
     0.974886881E+15
     0.975176990E+15
     0.976047477E+15
     0.977214192E+15
     0.976848864E+15
     0.974804100E+15
     0.975052302E+15
     0.975797008E+15
     0.976794390E+15
     0.976482173E+15
     0.976794476E+15
     0.977305661E+15
     0.977562845E+15
     0.978334529E+15
     0.979368424E+15
     0.979044733E+15
     0.977232460E+15
     0.977452620E+15
     0.978113184E+15
     0.978997587E+15
     0.978720771E+15
     0.978997658E+15
     0.979450766E+15
     0.979678628E+15
     0.980362322E+15
     0.981278007E+15
     0.980991363E+15
     0.979386060E+15
     0.979581221E+15
     0.980166775E+15
     0.980950516E+15
     0.980705235E+15
     0.980950573E+15
     0.981351969E+15
     0.981553742E+15
     0.982159148E+15
     0.982969720E+15
     0.982716012E+15
     0.981294791E+15
     0.981467690E+15
     0.981986444E+15
     0.982680584E+15
     0.982463368E+15
     0.982680632E+15
     0.983036025E+15
     0.983214605E+15
     0.983750417E+15
     0.984467595E+15
     0.984243145E+15
     0.982985516E+15
     0.983138608E+15
     0.983597930E+15
     0.984212389E+15
     0.984020126E+15
     0.984212428E+15
     0.984526933E+15
     0.984684912E+15
     0.985158907E+15
     0.985793169E+15
     0.985594689E+15
     0.984482329E+15
     0.984617814E+15
     0.985024307E+15
     0.985567966E+15
     0.985397871E+15
     0.985567998E+15
     0.985846190E+15
     0.985985883E+15
     0.986405009E+15
     0.986965708E+15
     0.986790266E+15
     0.985806812E+15
     0.985926659E+15
     0.986286229E+15
     0.986767028E+15
     0.986616613E+15
     0.986767055E+15
     0.987013020E+15
     0.987136493E+15
     0.987506952E+15
     0.988002428E+15
     0.987847408E+15
     0.986978265E+15
     0.987084232E+15
     0.987402157E+15
     0.987827186E+15
     0.987694229E+15
     0.987827208E+15
     0.988044593E+15
     0.988153689E+15
     0.988481008E+15
     0.988918692E+15
     0.988781764E+15
     0.988013927E+15
     0.988107583E+15
     0.988388574E+15
     0.988764155E+15
     0.988646675E+15
     0.988764174E+15
     0.988956228E+15
     0.989052586E+15
     0.989341688E+15
     0.989728192E+15
     0.989607285E+15
     0.988929176E+15
     0.989011921E+15
     0.989260175E+15
     0.989591941E+15
     0.989488173E+15
     0.989591956E+15
     0.989761573E+15
     0.989846654E+15
     0.990101918E+15
     0.990443120E+15
     0.990336392E+15
     0.989737715E+15
     0.989810795E+15
     0.990030049E+15
     0.990323015E+15
     0.990231388E+15
     0.990323027E+15
     0.990472780E+15
     0.990547880E+15
     0.990773199E+15
     0.991074322E+15
     0.990980137E+15
     0.990451742E+15
     0.990516265E+15
     0.990709846E+15
     0.990968468E+15
     0.990887587E+15
     0.990968478E+15
     0.991100654E+15
     0.991166926E+15
     0.991365757E+15
     0.991631438E+15
     0.991548344E+15
     0.991082108E+15
     0.991139058E+15
     0.991309920E+15
     0.991538159E+15
     0.991466783E+15
     0.991538168E+15
     0.991654797E+15
     0.991713264E+15
     0.991888674E+15
     0.992123027E+15
     0.992049735E+15
     0.991638450E+15
     0.991688704E+15
     0.991839471E+15
     0.992040842E+15
     0.991977872E+15
     0.992040849E+15
     0.992143735E+15
     0.992195303E+15
     0.992350015E+15
     0.992556685E+15
     0.992492054E+15
     0.992129329E+15
     0.992173661E+15
     0.992306663E+15
     0.992484286E+15
     0.992428744E+15
     0.992484292E+15
     0.992575032E+15
     0.992620504E+15
     0.992756929E+15
     0.992939148E+15
     0.992882166E+15
     0.992562338E+15
     0.992601437E+15
     0.992718739E+15
     0.992875378E+15
     0.992826400E+15
     0.992875382E+15
     0.992955393E+15
     0.992995482E+15
     0.993115757E+15
     0.993276385E+15
     0.993226157E+15
     0.992944210E+15
     0.992978686E+15
     0.993082119E+15
     0.993220222E+15
     0.993177042E+15
     0.993220226E+15
     0.993290761E+15
     0.993326098E+15
     0.993432113E+15
     0.993573682E+15
     0.993529416E+15
     0.993280911E+15
     0.993311304E+15
     0.993402488E+15
     0.993524226E+15
     0.993486164E+15
     0.993524229E+15
     0.993586399E+15
     0.993617541E+15
     0.993710970E+15
     0.993835721E+15
     0.993796715E+15
     0.993577723E+15
     0.993604512E+15
     0.993684883E+15
     0.993792174E+15
     0.993758630E+15
     0.993792177E+15
     0.993846964E+15
     0.993874404E+15
     0.993956729E+15
     0.994066640E+15
     0.994032276E+15
     0.993839324E+15
     0.993862932E+15
     0.993933759E+15
     0.994028302E+15
     0.993998744E+15
     0.994028304E+15
     0.994076577E+15
     0.994100752E+15
     0.994173280E+15
     0.994270103E+15
     0.994239832E+15
     0.994069850E+15
     0.994090651E+15
     0.994153057E+15
     0.994236354E+15
     0.994210313E+15
     0.994236355E+15
     0.994278882E+15
     0.994300177E+15
     0.994364065E+15
     0.994449347E+15
     0.994422684E+15
     0.994272959E+15
     0.994291285E+15
     0.994346262E+15
     0.994419639E+15
     0.994396700E+15
     0.994419640E+15
     0.994457100E+15
     0.994475855E+15
     0.994532124E+15
     0.994607231E+15
     0.994583750E+15
     0.994451885E+15
     0.994468027E+15
     0.994516454E+15
     0.994581083E+15
     0.994560879E+15
     0.994581084E+15
     0.994614076E+15
     0.994630593E+15
     0.994680145E+15
     0.994746282E+15
     0.994725606E+15
     0.994609486E+15
     0.994623702E+15
     0.994666353E+15
     0.994723270E+15
     0.994705478E+15
     0.994723271E+15
     0.994752324E+15
     0.994766867E+15
     0.994810500E+15
     0.994868732E+15
     0.994850528E+15
     0.994748284E+15
     0.994760803E+15
     0.994798362E+15
     0.994848481E+15
     0.994832814E+15
     0.994848482E+15
     0.994874063E+15
     0.994886868E+15
     0.994925284E+15
     0.994976551E+15
     0.994960524E+15
     0.994870507E+15
     0.994881531E+15
     0.994914602E+15
     0.994958731E+15
     0.994944936E+15
     0.994958731E+15
     0.994981253E+15
     0.994992526E+15
     0.995026345E+15
     0.995071475E+15
     0.995057368E+15
     0.994978124E+15
     0.994987829E+15
     0.995016946E+15
     0.995055795E+15
     0.995043652E+15
     0.995055796E+15
     0.995075622E+15
     0.995085546E+15
     0.995115316E+15
     0.995155040E+15
     0.995142622E+15
     0.995072869E+15
     0.995081413E+15
     0.995107045E+15
     0.995141244E+15
     0.995130554E+15
     0.995141244E+15
     0.995158696E+15
     0.995167431E+15
     0.995193634E+15
     0.995228597E+15
     0.995217668E+15
     0.995156274E+15
     0.995163794E+15
     0.995186357E+15
     0.995216459E+15
     0.995207050E+15
     0.995216459E+15
     0.995231820E+15
     0.995239507E+15
     0.995262569E+15
     0.995293339E+15
     0.995283721E+15
     0.995229689E+15
     0.995236308E+15
     0.995256167E+15
     0.995282661E+15
     0.995274380E+15
     0.995282661E+15
     0.995296180E+15
     0.995302945E+15
     0.995323240E+15
     0.995350318E+15
     0.995341854E+15
     0.995294305E+15
     0.995300130E+15
     0.995317608E+15
     0.995340924E+15
     0.995333637E+15
     0.995340925E+15
     0.995352822E+15
     0.995358775E+15
     0.995376634E+15
     0.995400461E+15
     0.995393014E+15
     0.995351172E+15
     0.995356299E+15
     0.995371680E+15
     0.995392198E+15
     0.995385785E+15
     0.995392198E+15
     0.995402667E+15
     0.995407905E+15
     0.995423620E+15
     0.995444585E+15
     0.995438032E+15
     0.995401216E+15
     0.995405727E+15
     0.995419262E+15
     0.995437317E+15
     0.995431673E+15
     0.995437317E+15
     0.995446529E+15
     0.995451137E+15
     0.995464965E+15
     0.995483410E+15
     0.995477645E+15
     0.995445252E+15
     0.995449221E+15
     0.995461131E+15
     0.995477017E+15
     0.995472052E+15
     0.995477017E+15
     0.995485122E+15
     0.995489177E+15
     0.995501342E+15
     0.995517570E+15
     0.995512498E+15
     0.995483999E+15
     0.995487492E+15
     0.995497970E+15
     0.995511947E+15
     0.995507578E+15
     0.995511947E+15
     0.995519078E+15
     0.995522645E+15
     0.995533348E+15
     0.995547624E+15
     0.995543162E+15
     0.995518090E+15
     0.995521163E+15
     0.995530382E+15
     0.995542679E+15
     0.995538835E+15
     0.995542679E+15
     0.995548952E+15
     0.995552090E+15
     0.995561505E+15
     0.995574064E+15
     0.995570139E+15
     0.995548083E+15
     0.995550786E+15
     0.995558897E+15
     0.995569715E+15
     0.995566334E+15
     0.995569715E+15
     0.995575233E+15
     0.995577994E+15
     0.995586276E+15
     0.995597324E+15
     0.995593871E+15
     0.995574469E+15
     0.995576847E+15
     0.995583982E+15
     0.995593498E+15
     0.995590524E+15
     0.995593498E+15
     0.995598353E+15
     0.995600781E+15
     0.995608067E+15
     0.995617784E+15
     0.995614747E+15
     0.995597681E+15
     0.995599773E+15
     0.995606049E+15
     0.995614420E+15
     0.995611804E+15
     0.995614420E+15
     0.995618690E+15
     0.995620826E+15
     0.995627235E+15
     0.995635782E+15
     0.995633111E+15
     0.995618099E+15
     0.995619940E+15
     0.995625460E+15
     0.995632823E+15
     0.995630522E+15
     0.995632824E+15
     0.995636580E+15
     0.995638458E+15
     0.995644095E+15
     0.995651613E+15
     0.995649263E+15
     0.995636060E+15
     0.995637678E+15
     0.995642534E+15
     0.995649011E+15
     0.995646987E+15
     0.995649011E+15
     0.995652315E+15
     0.995653967E+15
     0.995658924E+15
     0.995665536E+15
     0.995663470E+15
     0.995651857E+15
     0.995653281E+15
     0.995657552E+15
     0.995663249E+15
     0.995661468E+15
     0.995663249E+15
     0.995666154E+15
     0.995667608E+15
     0.995671968E+15
     0.995677783E+15
     0.995675965E+15
     0.995665752E+15
     0.995667004E+15
     0.995670761E+15
     0.995675771E+15
     0.995674205E+15
     0.995675771E+15
     0.995678326E+15
     0.995679605E+15
     0.995683439E+15
     0.995688553E+15
     0.995686955E+15
     0.995677973E+15
     0.995679074E+15
     0.995682378E+15
     0.995686784E+15
     0.995685407E+15
     0.995686784E+15
     0.995689032E+15
     0.995690156E+15
     0.995693528E+15
     0.995698026E+15
     0.995696620E+15
     0.995688721E+15
     0.995689689E+15
     0.995692595E+15
     0.995696470E+15
     0.995695259E+15
     0.995696470E+15
     0.995698447E+15
     0.995699435E+15
     0.995702401E+15
     0.995706356E+15
     0.995705120E+15
     0.995698173E+15
     0.995699025E+15
     0.995701580E+15
     0.995704988E+15
     0.995703923E+15
     0.995704988E+15
     0.995706726E+15
     0.995707596E+15
     0.995710204E+15
     0.995713682E+15
     0.995712595E+15
     0.995706486E+15
     0.995707235E+15
     0.995709482E+15
     0.995712479E+15
     0.995711543E+15
     0.995712479E+15
     0.995714008E+15
     0.995714772E+15
     0.995717066E+15
     0.995720124E+15
     0.995719168E+15
     0.995713796E+15
     0.995714455E+15
     0.995716431E+15
     0.995719067E+15
     0.995718243E+15
     0.995719067E+15
     0.995720411E+15
     0.995721083E+15
     0.995723100E+15
     0.995725789E+15
     0.995724949E+15
     0.995720225E+15
     0.995720804E+15
     0.995722542E+15
     0.995724860E+15
     0.995724135E+15
     0.995724860E+15
     0.995726042E+15
     0.995726633E+15
     0.995728406E+15
     0.995730771E+15
     0.995730032E+15
     0.995725878E+15
     0.995726388E+15
     0.995727916E+15
     0.995729954E+15
     0.995729317E+15
     0.995729954E+15
     0.995730993E+15
     0.995731513E+15
     0.995733072E+15
     0.995735152E+15
     0.995734502E+15
     0.995730849E+15
     0.995731297E+15
     0.995732641E+15
     0.995734433E+15
     0.995733873E+15
     0.995734433E+15
     0.995735347E+15
     0.995735804E+15
     0.995737175E+15
     0.995739004E+15
     0.995738432E+15
     0.995735220E+15
     0.995735614E+15
     0.995736796E+15
     0.995738372E+15
     0.995737879E+15
     0.995738372E+15
     0.995739175E+15
     0.995739577E+15
     0.995740783E+15
     0.995742390E+15
     0.995741888E+15
     0.995739064E+15
     0.995739410E+15
     0.995740449E+15
     0.995741835E+15
     0.995741402E+15
     0.995741835E+15
     0.995742541E+15
     0.995742895E+15
     0.995743955E+15
     0.995745369E+15
     0.995744927E+15
     0.995742444E+15
     0.995742748E+15
     0.995743662E+15
     0.995744880E+15
     0.995744499E+15
     0.995744880E+15
     0.995745501E+15
     0.995745812E+15
     0.995746744E+15
     0.995747987E+15
     0.995747599E+15
     0.995745415E+15
     0.995745683E+15
     0.995746486E+15
     0.995747558E+15
     0.995747223E+15
     0.995747558E+15
     0.995748104E+15
     0.995748377E+15
     0.995749197E+15
     0.995750289E+15
     0.995749948E+15
     0.995748028E+15
     0.995748264E+15
     0.995748970E+15
     0.995749912E+15
     0.995749618E+15
     0.995749912E+15
     0.995750392E+15
     0.995750632E+15
     0.995751353E+15
     0.995752314E+15
     0.995752014E+15
     0.995750326E+15
     0.995750533E+15
     0.995751154E+15
     0.995751982E+15
     0.995751723E+15
     0.995751982E+15
     0.995752404E+15
     0.995752615E+15
     0.995753249E+15
     0.995754094E+15
     0.995753830E+15
     0.995752346E+15
     0.995752528E+15
     0.995753074E+15
     0.995753802E+15
     0.995753574E+15
     0.995753802E+15
     0.995754173E+15
     0.995754359E+15
     0.995754916E+15
     0.995755659E+15
     0.995755426E+15
     0.995754122E+15
     0.995754282E+15
     0.995754762E+15
     0.995755402E+15
     0.995755202E+15
     0.995755402E+15
     0.995755728E+15
     0.995755892E+15
     0.995756381E+15
     0.995757034E+15
     0.995756830E+15
     0.995755683E+15
     0.995755824E+15
     0.995756246E+15
     0.995756809E+15
     0.995756633E+15
     0.995756809E+15
     0.995757096E+15
     0.995757239E+15
     0.995757670E+15
     0.995758244E+15
     0.995758065E+15
     0.995757056E+15
     0.995757180E+15
     0.995757551E+15
     0.995758046E+15
     0.995757891E+15
     0.995758046E+15
     0.995758298E+15
     0.995758424E+15
     0.995758803E+15
     0.995759308E+15
     0.995759150E+15
     0.995758263E+15
     0.995758372E+15
     0.995758698E+15
     0.995759133E+15
     0.995758997E+15
     0.995759133E+15
     0.995759355E+15
     0.995759466E+15
     0.995759799E+15
     0.995760243E+15
     0.995760104E+15
     0.995759324E+15
     0.995759420E+15
     0.995759707E+15
     0.995760089E+15
     0.995759970E+15
     0.995760089E+15
     0.995760284E+15
     0.995760382E+15
     0.995760674E+15
     0.995761065E+15
     0.995760943E+15
     0.995760257E+15
     0.995760341E+15
     0.995760594E+15
     0.995760930E+15
     0.995760825E+15
     0.995760930E+15
     0.995761101E+15
     0.995761187E+15
     0.995761444E+15
     0.995761787E+15
     0.995761680E+15
     0.995761078E+15
     0.995761152E+15
     0.995761373E+15
     0.995761669E+15
     0.995761577E+15
     0.995761669E+15
     0.995761820E+15
     0.995761895E+15
     0.995762121E+15
     0.995762423E+15
     0.995762329E+15
     0.995761799E+15
     0.995761864E+15
     0.995762059E+15
     0.995762319E+15
     0.995762237E+15
     0.995762319E+15
     0.995762451E+15
     0.995762517E+15
     0.995762716E+15
     0.995762981E+15
     0.995762899E+15
     0.995762433E+15
     0.995762490E+15
     0.995762661E+15
     0.995762890E+15
     0.995762818E+15
     0.995762890E+15
     0.995763006E+15
     0.995763065E+15
     0.995763239E+15
     0.995763472E+15
     0.995763400E+15
     0.995762990E+15
     0.995763040E+15
     0.995763191E+15
     0.995763392E+15
     0.995763329E+15
     0.995763392E+15
     0.995763494E+15
     0.995763546E+15
     0.995763699E+15
     0.995763904E+15
     0.995763840E+15
     0.995763480E+15
     0.995763524E+15
     0.995763657E+15
     0.995763833E+15
     0.995763778E+15
     0.995763833E+15
     0.995763923E+15
     0.995763969E+15
     0.995764104E+15
     0.995764284E+15
     0.995764227E+15
     0.995763911E+15
     0.995763950E+15
     0.995764066E+15
     0.995764222E+15
     0.995764173E+15
     0.995764222E+15
     0.995764301E+15
     0.995764340E+15
     0.995764459E+15
     0.995764617E+15
     0.995764568E+15
     0.995764290E+15
     0.995764324E+15
     0.995764426E+15
     0.995764563E+15
     0.995764520E+15
     0.995764563E+15
     0.995764632E+15
     0.995764667E+15
     0.995764772E+15
     0.995764911E+15
     0.995764867E+15
     0.995764623E+15
     0.995764653E+15
     0.995764743E+15
     0.995764863E+15
     0.995764825E+15
     0.995764863E+15
     0.995764924E+15
     0.995764954E+15
     0.995765046E+15
     0.995765169E+15
     0.995765130E+15
     0.995764915E+15
     0.995764942E+15
     0.995765021E+15
     0.995765126E+15
     0.995765093E+15
     0.995765126E+15
     0.995765180E+15
     0.995765207E+15
     0.995765288E+15
     0.995765395E+15
     0.995765362E+15
     0.995765173E+15
     0.995765196E+15
     0.995765265E+15
     0.995765358E+15
     0.995765329E+15
     0.995765358E+15
     0.995765406E+15
     0.995765429E+15
     0.995765500E+15
     0.995765595E+15
     0.995765565E+15
     0.995765399E+15
     0.995765419E+15
     0.995765480E+15
     0.995765562E+15
     0.995765537E+15
     0.995765562E+15
     0.995765604E+15
     0.995765624E+15
     0.995765687E+15
     0.995765770E+15
     0.995765744E+15
     0.995765598E+15
     0.995765616E+15
     0.995765670E+15
     0.995765741E+15
     0.995765719E+15
     0.995765741E+15
     0.995765778E+15
     0.995765796E+15
     0.995765851E+15
     0.995765924E+15
     0.995765901E+15
     0.995765773E+15
     0.995765788E+15
     0.995765836E+15
     0.995765899E+15
     0.995765879E+15
     0.995765899E+15
     0.995765931E+15
     0.995765947E+15
     0.995765995E+15
     0.995766059E+15
     0.995766039E+15
     0.995765926E+15
     0.995765940E+15
     0.995765982E+15
     0.995766037E+15
     0.995766020E+15
     0.995766037E+15
     0.995766065E+15
     0.995766080E+15
     0.995766122E+15
     0.995766178E+15
     0.995766161E+15
     0.995766061E+15
     0.995766074E+15
     0.995766110E+15
     0.995766159E+15
     0.995766144E+15
     0.995766159E+15
     0.995766184E+15
     0.995766196E+15
     0.995766233E+15
     0.995766283E+15
     0.995766267E+15
     0.995766180E+15
     0.995766191E+15
     0.995766223E+15
     0.995766266E+15
     0.995766252E+15
     0.995766266E+15
     0.995766288E+15
     0.995766299E+15
     0.995766331E+15
     0.995766375E+15
     0.995766361E+15
     0.995766285E+15
     0.995766294E+15
     0.995766322E+15
     0.995766360E+15
     0.995766348E+15
     0.995766360E+15
     0.995766379E+15
     0.995766389E+15
     0.995766417E+15
     0.995766456E+15
     0.995766444E+15
     0.995766376E+15
     0.995766385E+15
     0.995766410E+15
     0.995766443E+15
     0.995766432E+15
     0.995766443E+15
     0.995766459E+15
     0.995766468E+15
     0.995766493E+15
     0.995766527E+15
     0.995766516E+15
     0.995766457E+15
     0.995766464E+15
     0.995766486E+15
     0.995766515E+15
     0.995766506E+15
     0.995766515E+15
     0.995766530E+15
     0.995766538E+15
     0.995766560E+15
     0.995766589E+15
     0.995766580E+15
     0.995766528E+15
     0.995766534E+15
     0.995766554E+15
     0.995766579E+15
     0.995766571E+15
     0.995766579E+15
     0.995766592E+15
     0.995766599E+15
     0.995766618E+15
     0.995766644E+15
     0.995766636E+15
     0.995766590E+15
     0.995766596E+15
     0.995766613E+15
     0.995766635E+15
     0.995766628E+15
     0.995766635E+15
     0.995766647E+15
     0.995766653E+15
     0.995766670E+15
     0.995766693E+15
     0.995766686E+15
     0.995766645E+15
     0.995766650E+15
     0.995766665E+15
     0.995766685E+15
     0.995766679E+15
     0.995766685E+15
     0.995766695E+15
     0.995766700E+15
     0.995766715E+15
     0.995766735E+15
     0.995766729E+15
     0.995766693E+15
     0.995766698E+15
     0.995766711E+15
     0.995766728E+15
     0.995766723E+15
     0.995766728E+15
     0.995766737E+15
     0.995766741E+15
     0.995766755E+15
     0.995766772E+15
     0.995766767E+15
     0.995766736E+15
     0.995766740E+15
     0.995766751E+15
     0.995766766E+15
     0.995766762E+15
     0.995766766E+15
     0.995766774E+15
     0.995766778E+15
     0.995766790E+15
     0.995766805E+15
     0.995766800E+15
     0.995766773E+15
     0.995766776E+15
     0.995766786E+15
     0.995766800E+15
     0.995766796E+15
     0.995766800E+15
     0.995766807E+15
     0.995766810E+15
     0.995766820E+15
     0.995766834E+15
     0.995766830E+15
     0.995766806E+15
     0.995766809E+15
     0.995766818E+15
     0.995766829E+15
     0.995766826E+15
     0.995766829E+15
     0.995766835E+15
     0.995766838E+15
     0.995766847E+15
     0.995766859E+15
     0.995766856E+15
     0.995766835E+15
     0.995766837E+15
     0.995766845E+15
     0.995766855E+15
     0.995766852E+15
     0.995766855E+15
     0.995766861E+15
     0.995766863E+15
     0.995766871E+15
     0.995766882E+15
     0.995766878E+15
     0.995766860E+15
     0.995766862E+15
     0.995766869E+15
     0.995766878E+15
     0.995766875E+15
     0.995766878E+15
     0.995766883E+15
     0.995766885E+15
     0.995766892E+15
     0.995766901E+15
     0.995766898E+15
     0.995766882E+15
     0.995766884E+15
     0.995766890E+15
     0.995766898E+15
     0.995766896E+15
     0.995766898E+15
     0.995766902E+15
     0.995766904E+15
     0.995766910E+15
     0.995766919E+15
     0.995766916E+15
     0.995766902E+15
     0.995766903E+15
     0.995766909E+15
     0.995766916E+15
     0.995766914E+15
     0.995766916E+15
     0.995766919E+15
     0.995766921E+15
     0.995766927E+15
     0.995766934E+15
     0.995766931E+15
     0.995766919E+15
     0.995766920E+15
     0.995766925E+15
     0.995766931E+15
     0.995766929E+15
     0.995766931E+15
     0.995766934E+15
     0.995766936E+15
     0.995766941E+15
     0.995766947E+15
     0.995766945E+15
     0.995766934E+15
     0.995766935E+15
     0.995766939E+15
     0.995766945E+15
     0.995766943E+15
     0.995766945E+15
     0.995766948E+15
     0.995766949E+15
     0.995766953E+15
     0.995766959E+15
     0.995766957E+15
     0.995766947E+15
     0.995766948E+15
     0.995766952E+15
     0.995766957E+15
     0.995766955E+15
     0.995766957E+15
     0.995766959E+15
     0.995766960E+15
     0.995766964E+15
     0.995766969E+15
     0.995766967E+15
     0.995766959E+15
     0.995766960E+15
     0.995766963E+15
     0.995766967E+15
     0.995766966E+15
     0.995766967E+15
     0.995766969E+15
     0.995766971E+15
     0.995766974E+15
     0.995766978E+15
     0.995766977E+15
     0.995766969E+15
     0.995766970E+15
     0.995766973E+15
     0.995766977E+15
     0.995766975E+15
     0.995766977E+15
     0.995766978E+15
     0.995766979E+15
     0.995766982E+15
     0.995766986E+15
     0.995766985E+15
     0.995766978E+15
     0.995766979E+15
     0.995766981E+15
     0.995766985E+15
     0.995766984E+15
     0.995766985E+15
     0.995766986E+15
     0.995766987E+15
     0.995766990E+15
     0.995766993E+15
     0.995766992E+15
     0.995766986E+15
     0.995766987E+15
     0.995766989E+15
     0.995766992E+15
     0.995766991E+15
     0.995766992E+15
     0.995766993E+15
     0.995766994E+15
     0.995766996E+15
     0.995766999E+15
     0.995766998E+15
     0.995766993E+15
     0.995766994E+15
     0.995766996E+15
     0.995766998E+15
     0.995766997E+15
     0.995766998E+15
     0.995766999E+15
     0.995767000E+15
     0.995767002E+15
     0.995767005E+15
     0.995767004E+15
     0.995766999E+15
     0.995767000E+15
     0.995767001E+15
     0.995767004E+15
     0.995767003E+15
     0.995767004E+15
     0.995767005E+15
     0.995767005E+15
     0.995767007E+15
     0.995767009E+15
     0.995767009E+15
     0.995767005E+15
     0.995767005E+15
     0.995767007E+15
     0.995767009E+15
     0.995767008E+15
     0.995767009E+15
     0.995767009E+15
     0.995767010E+15
     0.995767011E+15
     0.995767013E+15
     0.995767013E+15
     0.995767009E+15
     0.995767010E+15
     0.995767011E+15
     0.995767013E+15
     0.995767012E+15
     0.995767013E+15
     0.995767014E+15
     0.995767014E+15
     0.995767015E+15
     0.995767017E+15
     0.995767017E+15
     0.995767014E+15
     0.995767014E+15
     0.995767015E+15
     0.995767017E+15
     0.995767016E+15
     0.995767017E+15
     0.995767017E+15
     0.995767018E+15
     0.995767019E+15
     0.995767020E+15
     0.995767020E+15
     0.995767017E+15
     0.995767018E+15
     0.995767018E+15
     0.995767020E+15
     0.995767019E+15
     0.995767020E+15
     0.995767020E+15
     0.995767021E+15
     0.995767022E+15
     0.995767023E+15
     0.995767023E+15
     0.995767020E+15
     0.995767021E+15
     0.995767022E+15
     0.995767023E+15
     0.995767022E+15
     0.995767023E+15
     0.995767023E+15
     0.995767024E+15
     0.995767024E+15
     0.995767026E+15
     0.995767025E+15
     0.995767023E+15
     0.995767023E+15
     0.995767024E+15
     0.995767025E+15
     0.995767025E+15
     0.995767025E+15
     0.995767026E+15
     0.995767026E+15
     0.995767027E+15
     0.995767028E+15
     0.995767028E+15
     0.995767026E+15
     0.995767026E+15
     0.995767027E+15
     0.995767028E+15
     0.995767027E+15
     0.995767028E+15
     0.995767028E+15
     0.995767028E+15
     0.995767029E+15
     0.995767030E+15
     0.995767029E+15
     0.995767028E+15
     0.995767028E+15
     0.995767029E+15
     0.995767029E+15
     0.995767029E+15
     0.995767029E+15
     0.995767030E+15
     0.995767030E+15
     0.995767031E+15
     0.995767031E+15
     0.995767031E+15
     0.995767030E+15
     0.995767030E+15
     0.995767031E+15
     0.995767031E+15
     0.995767031E+15
     0.995767031E+15
     0.995767032E+15
     0.995767032E+15
     0.995767032E+15
     0.995767033E+15
     0.995767033E+15
     0.995767032E+15
     0.995767032E+15
     0.995767032E+15
     0.995767033E+15
     0.995767033E+15
     0.995767033E+15
     0.995767033E+15
     0.995767033E+15
     0.995767034E+15
     0.995767034E+15
     0.995767034E+15
     0.995767033E+15
     0.995767033E+15
     0.995767034E+15
     0.995767034E+15
     0.995767034E+15
     0.995767034E+15
     0.995767034E+15
     0.995767034E+15
     0.995767035E+15
     0.995767035E+15
     0.995767035E+15
     0.995767034E+15
     0.995767034E+15
     0.995767035E+15
     0.995767035E+15
     0.995767035E+15
     0.995767035E+15
     0.995767035E+15
     0.995767036E+15
     0.995767036E+15
     0.995767036E+15
     0.995767036E+15
     0.995767035E+15
     0.995767036E+15
     0.995767036E+15
     0.995767036E+15
     0.995767036E+15
     0.995767036E+15
     0.995767036E+15
     0.995767037E+15
     0.995767037E+15
     0.995767037E+15
     0.995767037E+15
     0.995767036E+15
     0.995767037E+15
     0.995767037E+15
     0.995767037E+15
     0.995767037E+15
     0.995767037E+15
     0.995767037E+15
     0.995767037E+15
     0.995767038E+15
     0.995767038E+15
     0.995767038E+15
     0.995767037E+15
     0.995767037E+15
     0.995767038E+15
     0.995767038E+15
     0.995767038E+15
     0.995767038E+15
     0.995767038E+15
     0.995767038E+15
     0.995767038E+15
     0.995767039E+15
     0.995767039E+15
     0.995767038E+15
     0.995767038E+15
     0.995767038E+15
     0.995767039E+15
     0.995767039E+15
     0.995767039E+15
     0.995767039E+15
     0.995767039E+15
     0.995767039E+15
     0.995767039E+15
     0.995767039E+15
     0.995767039E+15
     0.995767039E+15
     0.995767039E+15
     0.995767039E+15
     0.995767039E+15
     0.995767039E+15
     0.995767039E+15
     0.995767039E+15
     0.995767040E+15
     0.995767040E+15
     0.995767040E+15
     0.995767039E+15
     0.995767039E+15
     0.995767040E+15
     0.995767040E+15
     0.995767040E+15
     0.995767040E+15
     0.995767040E+15
     0.995767040E+15
     0.995767040E+15
     0.995767040E+15
     0.995767040E+15
     0.995767040E+15
     0.995767040E+15
     0.995767040E+15
     0.995767040E+15
     0.995767040E+15
     0.995767040E+15
     0.995767040E+15
     0.995767040E+15
     0.995767041E+15
     0.995767041E+15
     0.995767041E+15
     0.995767040E+15
     0.995767040E+15
     0.995767041E+15
     0.995767041E+15
     0.995767041E+15
     0.995767041E+15
     0.995767041E+15
     0.995767041E+15
     0.995767041E+15
     0.995767041E+15
     0.995767041E+15
     0.995767041E+15
     0.995767041E+15
     0.995767041E+15
     0.995767041E+15
     0.995767041E+15
     0.995767041E+15
     0.995767041E+15
     0.995767041E+15
     0.995767041E+15
     0.995767041E+15
     0.995767041E+15
     0.995767041E+15
     0.995767041E+15
     0.995767041E+15
     0.995767041E+15
     0.995767041E+15
     0.995767041E+15
     0.995767041E+15
     0.995767042E+15
     0.995767042E+15
     0.995767042E+15
     0.995767042E+15
     0.995767041E+15
     0.995767042E+15
     0.995767042E+15
     0.995767042E+15
     0.995767042E+15
     0.995767042E+15
     0.995767042E+15
     0.995767042E+15
     0.995767042E+15
     0.995767042E+15
     0.995767042E+15
     0.995767042E+15
     0.995767042E+15
     0.995767042E+15
     0.995767042E+15
     0.995767042E+15
     0.995767042E+15
     0.995767042E+15
     0.995767042E+15
     0.995767042E+15
     0.995767042E+15
     0.995767042E+15
     0.995767042E+15
     0.995767042E+15
     0.995767042E+15
     0.995767042E+15
     0.995767042E+15
     0.995767042E+15
     0.995767042E+15
     0.995767042E+15
     0.995767042E+15
     0.995767042E+15
     0.995767042E+15
     0.995767042E+15
     0.995767042E+15
     0.995767042E+15
     0.995767042E+15
     0.995767042E+15
     0.995767042E+15
     0.995767042E+15
     0.995767042E+15
     0.995767042E+15
     0.995767043E+15
     0.995767043E+15
     0.995767042E+15
     0.995767042E+15
     0.995767042E+15
     0.995767043E+15
     0.995767043E+15
     0.995767043E+15
     0.995767043E+15
     0.995767043E+15
     0.995767043E+15
     0.995767043E+15
     0.995767043E+15
     0.995767043E+15
     0.995767043E+15
     0.995767043E+15
     0.995767043E+15
     0.995767043E+15
     0.995767043E+15
     0.995767043E+15
     0.995767043E+15
     0.995767043E+15
     0.995767043E+15
     0.995767043E+15
     0.995767043E+15
     0.995767043E+15
     0.995767043E+15
     0.995767043E+15
     0.995767043E+15
     0.995767043E+15
     0.995767043E+15
     0.995767043E+15
     0.995767043E+15
     0.995767043E+15
     0.995767043E+15
     0.995767043E+15
     0.995767043E+15
     0.995767043E+15
     0.995767043E+15
     0.995767043E+15
     0.995767043E+15
     0.995767043E+15
     0.995767043E+15
     0.995767043E+15
     0.995767043E+15
     0.995767043E+15
     0.995767043E+15
     0.995767043E+15
     0.995767043E+15
     0.995767043E+15
     0.995767043E+15
     0.995767043E+15
     0.995767043E+15
     0.995767043E+15
     0.995767043E+15
     0.995767043E+15
     0.995767043E+15
     0.995767043E+15
     0.995767043E+15
     0.995767043E+15
     0.995767043E+15
     0.995767043E+15
     0.995767043E+15
     0.995767043E+15
     0.995767043E+15
     0.995767043E+15
     0.995767043E+15
     0.995767043E+15
     0.995767043E+15
     0.995767043E+15
     0.995767043E+15
     0.995767043E+15
     0.995767043E+15
     0.995767043E+15
     0.995767043E+15
     0.995767043E+15
     0.995767043E+15
     0.995767043E+15
     0.995767043E+15
     0.995767043E+15
     0.995767043E+15
     0.995767043E+15
     0.995767043E+15
     0.995767043E+15
     0.995767043E+15
     0.995767043E+15
     0.995767043E+15
     0.995767043E+15
     0.995767043E+15
     0.995767043E+15
     0.995767043E+15
     0.995767043E+15
     0.995767043E+15
     0.995767043E+15
     0.995767043E+15
     0.995767043E+15
     0.995767043E+15
     0.995767043E+15
     0.995767043E+15
     0.995767043E+15
     0.995767043E+15
     0.995767043E+15
     0.995767043E+15
     0.995767043E+15
     0.995767043E+15
     0.995767043E+15
     0.995767043E+15
     0.995767043E+15
     0.995767043E+15
     0.995767043E+15
     0.995767043E+15
     0.995767043E+15
     0.995767043E+15
     0.995767043E+15
     0.995767043E+15
     0.995767043E+15
     0.995767043E+15
     0.995767043E+15
     0.995767043E+15
     0.995767043E+15
     0.995767043E+15
     0.995767043E+15
     0.995767043E+15
     0.995767043E+15
     0.995767043E+15
     0.995767043E+15
     0.995767043E+15
     0.995767043E+15
     0.995767043E+15
     0.995767043E+15
     0.995767043E+15
     0.995767044E+15
     0.995767044E+15
     0.995767044E+15
     0.995767043E+15
     0.995767043E+15
     0.995767044E+15
     0.995767044E+15
     0.995767044E+15
     0.995767044E+15
     0.995767044E+15
     0.995767044E+15
     0.995767044E+15
     0.995767044E+15
     0.995767044E+15
     0.995767044E+15
     0.995767044E+15
     0.995767044E+15
     0.995767044E+15
     0.995767044E+15
     0.995767044E+15
     0.995767044E+15
     0.995767044E+15
     0.995767044E+15
     0.995767044E+15
     0.995767044E+15
     0.995767044E+15
     0.995767044E+15
     0.995767044E+15
     0.995767044E+15
     0.995767044E+15
     0.995767044E+15
     0.995767044E+15
     0.995767044E+15
     0.995767044E+15
     0.995767044E+15
     0.995767044E+15
     0.995767044E+15
     0.995767044E+15
     0.995767044E+15
     0.995767044E+15
     0.995767044E+15
     0.995767044E+15
     0.995767044E+15
     0.995767044E+15
     0.995767044E+15
     0.995767044E+15
     0.995767044E+15
     0.995767044E+15
     0.995767044E+15
     0.995767044E+15
     0.995767044E+15
     0.995767044E+15
     0.995767044E+15
     0.995767044E+15
     0.995767044E+15
     0.995767044E+15
     0.995767044E+15
     0.995767044E+15
     0.995767044E+15
     0.995767044E+15
     0.995767044E+15
     0.995767044E+15
     0.995767044E+15
     0.995767044E+15
     0.995767044E+15
     0.995767044E+15
     0.995767044E+15
     0.995767044E+15
     0.995767044E+15
     0.995767044E+15
     0.995767044E+15
     0.995767044E+15
     0.995767044E+15
     0.995767044E+15
     0.995767044E+15
     0.995767044E+15
     0.995767044E+15
     0.995767044E+15
     0.995767044E+15
     0.995767044E+15
     0.995767044E+15
     0.995767044E+15
     0.995767044E+15
     0.995767044E+15
     0.995767044E+15
     0.995767044E+15
     0.995767044E+15
     0.995767044E+15
     0.995767044E+15
     0.995767044E+15
     0.995767044E+15
     0.995767044E+15
     0.995767044E+15
     0.995767044E+15
     0.995767044E+15
     0.995767044E+15
     0.995767044E+15
     0.995767044E+15
     0.995767044E+15
     0.995767044E+15
     0.995767044E+15
     0.995767044E+15
     0.995767044E+15
     0.995767044E+15
     0.995767044E+15
     0.995767044E+15
     0.995767044E+15
     0.995767044E+15
     0.995767044E+15
     0.995767044E+15
     0.995767044E+15
     0.995767044E+15
     0.995767044E+15
     0.995767044E+15
     0.995767044E+15
     0.995767044E+15
     0.995767044E+15
     0.995767044E+15
     0.995767044E+15
     0.995767044E+15
     0.995767044E+15
     0.995767044E+15
     0.995767044E+15
     0.995767044E+15
     0.995767044E+15
     0.995767044E+15
     0.995767044E+15
     0.995767044E+15
     0.995767044E+15
     0.995767044E+15
     0.995767044E+15
     0.995767044E+15
     0.995767044E+15
     0.995767044E+15
     0.995767044E+15
     0.995767044E+15
     0.995767044E+15
     0.995767044E+15
     0.995767044E+15
     0.995767044E+15
     0.995767044E+15
     0.995767044E+15
     0.995767044E+15
     0.995767044E+15
     0.995767044E+15
     0.995767044E+15
     0.995767044E+15
     0.995767044E+15
     0.995767044E+15
     0.995767044E+15
     0.995767044E+15
     0.995767044E+15
     0.995767044E+15
     0.995767044E+15
     0.995767044E+15
     0.995767044E+15
     0.995767044E+15
     0.995767044E+15
     0.995767044E+15
     0.995767044E+15
     0.995767044E+15
     0.995767044E+15
     0.995767044E+15
     0.995767044E+15
     0.995767044E+15
     0.995767044E+15
     0.995767044E+15
     0.995767044E+15
     0.995767044E+15
     0.995767044E+15
     0.995767044E+15
     0.995767044E+15
     0.995767044E+15
     0.995767044E+15
     0.995767044E+15
     0.995767044E+15
     0.995767044E+15
     0.995767044E+15
     0.995767044E+15
     0.995767044E+15
     0.995767044E+15
     0.995767044E+15
     0.995767044E+15
     0.995767044E+15
     0.995767044E+15
     0.995767044E+15
     0.995767044E+15
     0.995767044E+15
     0.995767044E+15
     0.995767044E+15
     0.995767044E+15
     0.995767044E+15
     0.995767044E+15
     0.995767044E+15
     0.995767044E+15
     0.995767044E+15
     0.995767044E+15
     0.995767044E+15
     0.995767044E+15
     0.995767044E+15
     0.995767044E+15
     0.995767044E+15
     0.995767044E+15
     0.995767044E+15
     0.995767044E+15
     0.995767044E+15
     0.995767044E+15
     0.995767044E+15
     0.995767044E+15
     0.995767044E+15
     0.995767044E+15
     0.995767044E+15
     0.995767044E+15
     0.995767044E+15
     0.995767044E+15
     0.995767044E+15
     0.995767044E+15
     0.995767044E+15
     0.995767044E+15
     0.995767044E+15
     0.995767044E+15
     0.995767044E+15
     0.995767044E+15
     0.995767044E+15
     0.995767044E+15
     0.995767044E+15
     0.995767044E+15
     0.995767044E+15
     0.995767044E+15
     0.995767044E+15
     0.995767044E+15
     0.995767044E+15
     0.995767044E+15
     0.995767044E+15
     0.995767044E+15
     0.995767044E+15
     0.995767044E+15
     0.995767044E+15
     0.995767044E+15
     0.995767044E+15
     0.995767044E+15
     0.995767044E+15
     0.995767044E+15
     0.995767044E+15
     0.995767044E+15
     0.995767044E+15
     0.995767044E+15
     0.995767044E+15
     0.995767044E+15
     0.995767044E+15
     0.995767044E+15
     0.995767044E+15
     0.995767044E+15
     0.995767044E+15
     0.995767044E+15
     0.995767044E+15
     0.995767044E+15
     0.995767044E+15
     0.995767044E+15
     0.995767044E+15
     0.995767044E+15
     0.995767044E+15
     0.995767044E+15
     0.995767044E+15
     0.995767044E+15
     0.995767044E+15
     0.995767044E+15
     0.995767044E+15
     0.995767044E+15
     0.995767044E+15
     0.995767044E+15
     0.995767044E+15
     0.995767044E+15
     0.995767044E+15
     0.995767044E+15
     0.995767044E+15
     0.995767044E+15
     0.995767044E+15
     0.995767044E+15
     0.995767044E+15
     0.995767044E+15
     0.995767044E+15
     0.995767044E+15
     0.995767044E+15
     0.995767044E+15
     0.995767044E+15
     0.995767044E+15
     0.995767044E+15
     0.995767044E+15
     0.995767044E+15
     0.995767044E+15
     0.995767044E+15
     0.995767044E+15
     0.995767044E+15
     0.995767044E+15
     0.995767044E+15
     0.995767044E+15
     0.995767044E+15
     0.995767044E+15
     0.995767044E+15
     0.995767044E+15
     0.995767044E+15
     0.995767044E+15
     0.995767044E+15
     0.995767044E+15
     0.995767044E+15
     0.995767044E+15
     0.995767044E+15
     0.995767044E+15
     0.995767044E+15
     0.995767044E+15
     0.995767044E+15
     0.995767044E+15
     0.995767044E+15
     0.995767044E+15
     0.995767044E+15
     0.995767044E+15
     0.995767044E+15
     0.995767044E+15
     0.995767044E+15
     0.995767044E+15
     0.995767044E+15
     0.995767044E+15
     0.995767044E+15
     0.995767044E+15
     0.995767044E+15
     0.995767044E+15
     0.995767044E+15
     0.995767044E+15
     0.995767044E+15
     0.995767044E+15
     0.995767044E+15
     0.995767044E+15
     0.995767044E+15
     0.995767044E+15
     0.995767044E+15
     0.995767044E+15
     0.995767044E+15
     0.995767044E+15
     0.995767044E+15
     0.995767044E+15
     0.995767044E+15
     0.995767044E+15
     0.995767044E+15
     0.995767044E+15
     0.995767044E+15
     0.995767044E+15
     0.995767044E+15
     0.995767044E+15
     0.995767044E+15
     0.995767044E+15
     0.995767044E+15
     0.995767044E+15
     0.995767044E+15
     0.995767044E+15
     0.995767044E+15
     0.995767044E+15
     0.995767044E+15
     0.995767044E+15
     0.995767044E+15
     0.995767044E+15
     0.995767044E+15
     0.995767044E+15
     0.995767044E+15
     0.995767044E+15
     0.995767044E+15
     0.995767044E+15
     0.995767044E+15
     0.995767044E+15
     0.995767044E+15
     0.995767044E+15
     0.995767044E+15
     0.995767044E+15
     0.995767044E+15
     0.995767044E+15
     0.995767044E+15
     0.995767044E+15
     0.995767044E+15
     0.995767044E+15
     0.995767044E+15
     0.995767044E+15
     0.995767044E+15
     0.995767044E+15
     0.995767044E+15
     0.995767044E+15
     0.995767044E+15
     0.995767044E+15
     0.995767044E+15
     0.995767044E+15
     0.995767044E+15
     0.995767044E+15
     0.995767044E+15
     0.995767044E+15
     0.995767044E+15
     0.995767044E+15
     0.995767044E+15
     0.995767044E+15
     0.995767044E+15
     0.995767044E+15
     0.995767044E+15
     0.995767044E+15
     0.995767044E+15
     0.995767044E+15
     0.995767044E+15
     0.995767044E+15
     0.995767044E+15
     0.995767044E+15
     0.995767044E+15
     0.995767044E+15
     0.995767044E+15
     0.995767044E+15
     0.995767044E+15
     0.995767044E+15
     0.995767044E+15
     0.995767044E+15
     0.995767044E+15
     0.995767044E+15
     0.995767044E+15
     0.995767044E+15
     0.995767044E+15
     0.995767044E+15
     0.995767044E+15
     0.995767044E+15
     0.995767044E+15
     0.995767044E+15
     0.995767044E+15
     0.995767044E+15
     0.995767044E+15
     0.995767044E+15
     0.995767044E+15
     0.995767044E+15
     0.995767044E+15
     0.995767044E+15
     0.995767044E+15
     0.995767044E+15
     0.995767044E+15
     0.995767044E+15
     0.995767044E+15
     0.995767044E+15
     0.995767044E+15
     0.995767044E+15
     0.995767044E+15
     0.995767044E+15
     0.995767044E+15
     0.995767044E+15
     0.995767044E+15
     0.995767044E+15
     0.995767044E+15
     0.995767044E+15
     0.995767044E+15
     0.995767044E+15
     0.995767044E+15
     0.995767044E+15
     0.995767044E+15
     0.995767044E+15
     0.995767044E+15
     0.995767044E+15
     0.995767044E+15
     0.995767044E+15
     0.995767044E+15
     0.995767044E+15
     0.995767044E+15
     0.995767044E+15
     0.995767044E+15
     0.995767044E+15
     0.995767044E+15
     0.995767044E+15
     0.995767044E+15
     0.995767044E+15
     0.995767044E+15
     0.995767044E+15
     0.995767044E+15
     0.995767044E+15
     0.995767044E+15
     0.995767044E+15
     0.995767044E+15
     0.995767044E+15
     0.995767044E+15
     0.995767044E+15
     0.995767044E+15
     0.995767044E+15
     0.995767044E+15
     0.995767044E+15
     0.995767044E+15
     0.995767044E+15
     0.995767044E+15
     0.995767044E+15
     0.995767044E+15
     0.995767044E+15
     0.995767044E+15
     0.995767044E+15
     0.995767044E+15
     0.995767044E+15
     0.995767044E+15
     0.995767044E+15
     0.995767044E+15
     0.995767044E+15
     0.995767044E+15
     0.995767044E+15
     0.995767044E+15
     0.995767044E+15
     0.995767044E+15
     0.995767044E+15
     0.995767044E+15
     0.995767044E+15
     0.995767044E+15
     0.995767044E+15
     0.995767044E+15
     0.995767044E+15
     0.995767044E+15
     0.995767044E+15
     0.995767044E+15
     0.995767044E+15
     0.995767044E+15
     0.995767044E+15
     0.995767044E+15
     0.995767044E+15
     0.995767044E+15
     0.995767044E+15
     0.995767044E+15
     0.995767044E+15
     0.995767044E+15
     0.995767044E+15
     0.995767044E+15
     0.995767044E+15
     0.995767044E+15
     0.995767044E+15
     0.995767044E+15
     0.995767044E+15
     0.995767044E+15
     0.995767044E+15
     0.995767044E+15
     0.995767044E+15
     0.995767044E+15
     0.995767044E+15
     0.995767044E+15
     0.995767044E+15
     0.995767044E+15
     0.995767044E+15
     0.995767044E+15
     0.995767044E+15
     0.995767044E+15
     0.995767044E+15
     0.995767044E+15
     0.995767044E+15
     0.995767044E+15
     0.995767044E+15
     0.995767044E+15
     0.995767044E+15
     0.995767044E+15
     0.995767044E+15
     0.995767044E+15
     0.995767044E+15
     0.995767044E+15
     0.995767044E+15
     0.995767044E+15
     0.995767044E+15
     0.995767044E+15
     0.995767044E+15
     0.995767044E+15
     0.995767044E+15
     0.995767044E+15
     0.995767044E+15
     0.995767044E+15
     0.995767044E+15
     0.995767044E+15
     0.995767044E+15
     0.995767044E+15
     0.995767044E+15
     0.995767044E+15
     0.995767044E+15
     0.995767044E+15
     0.995767044E+15
     0.995767044E+15
     0.995767044E+15
     0.995767044E+15
     0.995767044E+15
     0.995767044E+15
     0.995767044E+15
     0.995767044E+15
     0.995767044E+15
     0.995767044E+15
     0.995767044E+15
     0.995767044E+15
     0.995767044E+15
     0.995767044E+15
     0.995767044E+15
     0.995767044E+15
     0.995767044E+15
     0.995767044E+15
     0.995767044E+15
     0.995767044E+15
     0.995767044E+15
     0.995767044E+15
     0.995767044E+15
     0.995767044E+15
     0.995767044E+15
     0.995767044E+15
     0.995767044E+15
     0.995767044E+15
     0.995767044E+15
     0.995767044E+15
     0.995767044E+15
     0.995767044E+15
     0.995767044E+15
     0.995767044E+15
     0.995767044E+15
     0.995767044E+15
     0.995767044E+15
     0.995767044E+15
     0.995767044E+15
     0.995767044E+15
     0.995767044E+15
     0.995767044E+15
     0.995767044E+15
     0.995767044E+15
     0.995767044E+15
     0.995767044E+15
     0.995767044E+15
     0.995767044E+15
     0.995767044E+15
     0.995767044E+15
     0.995767044E+15
     0.995767044E+15
     0.995767044E+15
     0.995767044E+15
     0.995767044E+15
     0.995767044E+15
     0.995767044E+15
     0.995767044E+15
     0.995767044E+15
     0.995767044E+15
     0.995767044E+15
     0.995767044E+15
     0.995767044E+15
     0.995767044E+15
     0.995767044E+15
     0.995767044E+15
     0.995767044E+15
     0.995767044E+15
     0.995767044E+15
     0.995767044E+15
     0.995767044E+15
     0.995767044E+15
     0.995767044E+15
     0.995767044E+15
     0.995767044E+15
     0.995767044E+15
     0.995767044E+15
     0.995767044E+15
     0.995767044E+15
     0.995767044E+15
     0.995767044E+15
     0.995767044E+15
     0.995767044E+15
     0.995767044E+15
     0.995767044E+15
     0.995767044E+15
     0.995767044E+15
     0.995767044E+15
     0.995767044E+15
     0.995767044E+15
     0.995767044E+15
     0.995767044E+15
     0.995767044E+15
     0.995767044E+15
     0.995767044E+15
     0.995767044E+15
     0.995767044E+15
     0.995767044E+15
     0.995767044E+15
     0.995767044E+15
     0.995767044E+15
     0.995767044E+15
     0.995767044E+15
     0.995767044E+15
     0.995767044E+15
     0.995767044E+15
     0.995767044E+15
     0.995767044E+15
     0.995767044E+15
     0.995767044E+15
     0.995767044E+15
     0.995767044E+15
     0.995767044E+15
     0.995767044E+15
     0.995767044E+15
     0.995767044E+15
     0.995767044E+15
     0.995767044E+15
     0.995767044E+15
     0.995767044E+15
     0.995767044E+15
     0.995767044E+15
     0.995767044E+15
     0.995767044E+15
     0.995767044E+15
     0.995767044E+15
     0.995767044E+15
     0.995767044E+15
     0.995767044E+15
     0.995767044E+15
     0.995767044E+15
     0.995767044E+15
     0.995767044E+15
     0.995767044E+15
     0.995767044E+15
     0.995767044E+15
     0.995767044E+15
     0.995767044E+15
     0.995767044E+15
     0.995767044E+15
     0.995767044E+15
     0.995767044E+15
     0.995767044E+15
     0.995767044E+15
     0.995767044E+15
     0.995767044E+15
     0.995767044E+15
     0.995767044E+15
     0.995767044E+15
     0.995767044E+15
     0.995767044E+15
     0.995767044E+15
     0.995767044E+15
     0.995767044E+15
     0.995767044E+15
     0.995767044E+15
     0.995767044E+15
     0.995767044E+15
     0.995767044E+15
     0.995767044E+15
     0.995767044E+15
     0.995767044E+15
     0.995767044E+15
     0.995767044E+15
     0.995767044E+15
     0.995767044E+15
     0.995767044E+15
     0.995767044E+15
     0.995767044E+15
     0.995767044E+15
     0.995767044E+15
     0.995767044E+15
     0.995767044E+15
     0.995767044E+15
     0.995767044E+15
     0.995767044E+15
     0.995767044E+15
     0.995767044E+15
     0.995767044E+15
     0.995767044E+15
     0.995767044E+15
     0.995767044E+15
     0.995767044E+15
     0.995767044E+15
     0.995767044E+15
     0.995767044E+15
     0.995767044E+15
     0.995767044E+15
     0.995767044E+15
     0.995767044E+15
     0.995767044E+15
     0.995767044E+15
     0.995767044E+15
     0.995767044E+15
     0.995767044E+15
     0.995767044E+15
     0.995767044E+15
     0.995767044E+15
     0.995767044E+15
     0.995767044E+15
     0.995767044E+15
     0.995767044E+15
     0.995767044E+15
     0.995767044E+15
     0.995767044E+15
     0.995767044E+15
     0.995767044E+15
     0.995767044E+15
     0.995767044E+15
     0.995767044E+15
     0.995767044E+15
     0.995767044E+15
     0.995767044E+15
     0.995767044E+15
     0.995767044E+15
     0.995767044E+15
     0.995767044E+15
     0.995767044E+15
     0.995767044E+15
     0.995767044E+15
     0.995767044E+15
     0.995767044E+15
     0.995767044E+15
     0.995767044E+15
     0.995767044E+15
     0.995767044E+15
     0.995767044E+15
     0.995767044E+15
     0.995767044E+15
     0.995767044E+15
     0.995767044E+15
     0.995767044E+15
     0.995767044E+15
     0.995767044E+15
     0.995767044E+15
     0.995767044E+15
     0.995767044E+15
     0.995767044E+15
     0.995767044E+15
     0.995767044E+15
     0.995767044E+15
     0.995767044E+15
     0.995767044E+15
     0.995767044E+15
     0.995767044E+15
     0.995767044E+15
     0.995767044E+15
     0.995767044E+15
     0.995767044E+15
     0.995767044E+15
     0.995767044E+15
     0.995767044E+15
     0.995767044E+15
     0.995767044E+15
     0.995767044E+15
     0.995767044E+15
     0.995767044E+15
     0.995767044E+15
     0.995767044E+15
     0.995767044E+15
     0.995767044E+15
     0.995767044E+15
     0.995767044E+15
     0.995767044E+15
     0.995767044E+15
     0.995767044E+15
     0.995767044E+15
     0.995767044E+15
     0.995767044E+15
     0.995767044E+15
     0.995767044E+15
     0.995767044E+15
     0.995767044E+15
     0.995767044E+15
     0.995767044E+15
     0.995767044E+15
     0.995767044E+15
     0.995767044E+15
     0.995767044E+15
     0.995767044E+15
     0.995767044E+15
     0.995767044E+15
     0.995767044E+15
     0.995767044E+15
     0.995767044E+15
     0.995767044E+15
     0.995767044E+15
     0.995767044E+15
     0.995767044E+15
     0.995767044E+15
     0.995767044E+15
     0.995767044E+15
     0.995767044E+15
     0.995767044E+15
     0.995767044E+15
     0.995767044E+15
     0.995767044E+15
     0.995767044E+15
     0.995767044E+15
     0.995767044E+15
     0.995767044E+15
     0.995767044E+15
     0.995767044E+15
     0.995767044E+15
     0.995767044E+15
     0.995767044E+15
     0.995767044E+15
     0.995767044E+15
     0.995767044E+15
     0.995767044E+15
     0.995767044E+15
     0.995767044E+15
     0.995767044E+15
     0.995767044E+15
     0.995767044E+15
     0.995767044E+15
     0.995767044E+15
     0.995767044E+15
     0.995767044E+15
     0.995767044E+15
     0.995767044E+15
     0.995767044E+15
     0.995767044E+15
     0.995767044E+15
     0.995767044E+15
     0.995767044E+15
     0.995767044E+15
     0.995767044E+15
     0.995767044E+15
     0.995767044E+15
     0.995767044E+15
     0.995767044E+15
     0.995767044E+15
     0.995767044E+15
     0.995767044E+15
     0.995767044E+15
     0.995767044E+15
     0.995767044E+15
     0.995767044E+15
     0.995767044E+15
     0.995767044E+15
     0.995767044E+15
     0.995767044E+15
     0.995767044E+15
     0.995767044E+15
     0.995767044E+15
     0.995767044E+15
     0.995767044E+15
     0.995767044E+15
     0.995767044E+15
     0.995767044E+15
     0.995767044E+15
     0.995767044E+15
     0.995767044E+15
     0.995767044E+15
     0.995767044E+15
     0.995767044E+15
     0.995767044E+15
     0.995767044E+15
     0.995767044E+15
     0.995767044E+15
     0.995767044E+15
     0.995767044E+15
     0.995767044E+15
     0.995767044E+15
     0.995767044E+15
     0.995767044E+15
     0.995767044E+15
     0.995767044E+15
     0.995767044E+15
     0.995767044E+15
     0.995767044E+15
     0.995767044E+15
     0.995767044E+15
     0.995767044E+15
     0.995767044E+15
     0.995767044E+15
     0.995767044E+15
     0.995767044E+15
     0.995767044E+15
     0.995767044E+15
     0.995767044E+15
     0.995767044E+15
     0.995767044E+15
     0.995767044E+15
     0.995767044E+15
     0.995767044E+15
     0.995767044E+15
     0.995767044E+15
     0.995767044E+15
     0.995767044E+15
     0.995767044E+15
     0.995767044E+15
     0.995767044E+15
     0.995767044E+15
     0.995767044E+15
     0.995767044E+15
     0.995767044E+15
     0.995767044E+15
     0.995767044E+15
     0.995767044E+15
     0.995767044E+15
     0.995767044E+15
     0.995767044E+15
     0.995767044E+15
     0.995767044E+15
     0.995767044E+15
     0.995767044E+15
     0.995767044E+15
     0.995767044E+15
     0.995767044E+15
     0.995767044E+15
     0.995767044E+15
     0.995767044E+15
     0.995767044E+15
     0.995767044E+15
     0.995767044E+15
     0.995767044E+15
     0.995767044E+15
     0.995767044E+15
     0.995767044E+15
     0.995767044E+15
     0.995767044E+15
     0.995767044E+15
     0.995767044E+15
     0.995767044E+15
     0.995767044E+15
     0.995767044E+15
     0.995767044E+15
     0.995767044E+15
     0.995767044E+15
     0.995767044E+15
     0.995767044E+15
     0.995767044E+15
     0.995767044E+15
     0.995767044E+15
     0.995767044E+15
     0.995767044E+15
     0.995767044E+15
     0.995767044E+15
     0.995767044E+15
     0.995767044E+15
     0.995767044E+15
     0.995767044E+15
     0.995767044E+15
     0.995767044E+15
     0.995767044E+15
     0.995767044E+15
     0.995767044E+15
     0.995767044E+15
     0.995767044E+15
     0.995767044E+15
     0.995767044E+15
     0.995767044E+15
     0.995767044E+15
     0.995767044E+15
     0.995767044E+15
     0.995767044E+15
     0.995767044E+15
     0.995767044E+15
     0.995767044E+15
     0.995767044E+15
     0.995767044E+15
     0.995767044E+15
     0.995767044E+15
     0.995767044E+15
     0.995767044E+15
     0.995767044E+15
     0.995767044E+15
     0.995767044E+15
     0.995767044E+15
     0.995767044E+15
     0.995767044E+15
     0.995767044E+15
     0.995767044E+15
     0.995767044E+15
     0.995767044E+15
     0.995767044E+15
     0.995767044E+15
     0.995767044E+15
     0.995767044E+15
     0.995767044E+15
     0.995767044E+15
     0.995767044E+15
     0.995767044E+15
     0.995767044E+15
     0.995767044E+15
     0.995767044E+15
     0.995767044E+15
     0.995767044E+15
     0.995767044E+15
     0.995767044E+15
     0.995767044E+15
     0.995767044E+15
     0.995767044E+15
     0.995767044E+15
     0.995767044E+15
     0.995767044E+15
     0.995767044E+15
     0.995767044E+15
     0.995767044E+15
     0.995767044E+15
     0.995767044E+15
     0.995767044E+15
     0.995767044E+15
     0.995767044E+15
     0.995767044E+15
     0.995767044E+15
     0.995767044E+15
     0.995767044E+15
     0.995767044E+15
     0.995767044E+15
     0.995767044E+15
     0.995767044E+15
     0.995767044E+15
     0.995767044E+15
     0.995767044E+15
     0.995767044E+15
     0.995767044E+15
     0.995767044E+15
     0.995767044E+15
     0.995767044E+15
     0.995767044E+15
     0.995767044E+15
     0.995767044E+15
     0.995767044E+15
     0.995767044E+15
     0.995767044E+15
     0.995767044E+15
     0.995767044E+15
     0.995767044E+15
     0.995767044E+15
     0.995767044E+15
     0.995767044E+15
     0.995767044E+15
     0.995767044E+15
     0.995767044E+15
     0.995767044E+15
     0.995767044E+15
     0.995767044E+15
     0.995767044E+15
     0.995767044E+15
     0.995767044E+15
     0.995767044E+15
     0.995767044E+15
     0.995767044E+15
     0.995767044E+15
     0.995767044E+15
     0.995767044E+15
     0.995767044E+15
     0.995767044E+15
     0.995767044E+15
     0.995767044E+15
     0.995767044E+15
     0.995767044E+15
     0.995767044E+15
     0.995767044E+15
     0.995767044E+15
     0.995767044E+15
     0.995767044E+15
     0.995767044E+15
     0.995767044E+15
     0.995767044E+15
     0.995767044E+15
     0.995767044E+15
     0.995767044E+15
     0.995767044E+15
     0.995767044E+15
     0.995767044E+15
     0.995767044E+15
     0.995767044E+15
     0.995767044E+15
     0.995767044E+15
     0.995767044E+15
     0.995767044E+15
     0.995767044E+15
     0.995767044E+15
     0.995767044E+15
     0.995767044E+15
     0.995767044E+15
     0.995767044E+15
     0.995767044E+15
     0.995767044E+15
     0.995767044E+15
     0.995767044E+15
     0.995767044E+15
     0.995767044E+15
     0.995767044E+15
     0.995767044E+15
     0.995767044E+15
     0.995767044E+15
     0.995767044E+15
     0.995767044E+15
     0.995767044E+15
     0.995767044E+15
     0.995767044E+15
     0.995767044E+15
     0.995767044E+15
     0.995767044E+15
     0.995767044E+15
     0.995767044E+15
     0.995767044E+15
     0.995767044E+15
     0.995767044E+15
     0.995767044E+15
     0.995767044E+15
     0.995767044E+15
     0.995767044E+15
     0.995767044E+15
     0.995767044E+15
     0.995767044E+15
     0.995767044E+15
     0.995767044E+15
     0.995767044E+15
     0.995767044E+15
     0.995767044E+15
     0.995767044E+15
     0.995767044E+15
     0.995767044E+15
     0.995767044E+15
     0.995767044E+15
     0.995767044E+15
     0.995767044E+15
     0.995767044E+15
     0.995767044E+15
     0.995767044E+15
     0.995767044E+15
     0.995767044E+15
     0.995767044E+15
     0.995767044E+15
     0.995767044E+15
     0.995767044E+15
     0.995767044E+15
     0.995767044E+15
     0.995767044E+15
     0.995767044E+15
     0.995767044E+15
     0.995767044E+15
     0.995767044E+15
     0.995767044E+15
     0.995767044E+15
     0.995767044E+15
     0.995767044E+15
     0.995767044E+15
     0.995767044E+15
     0.995767044E+15
     0.995767044E+15
     0.995767044E+15
     0.995767044E+15
     0.995767044E+15
     0.995767044E+15
     0.995767044E+15
     0.995767044E+15
     0.995767044E+15
     0.995767044E+15
     0.995767044E+15
     0.995767044E+15
     0.995767044E+15
     0.995767044E+15
     0.995767044E+15
     0.995767044E+15
     0.995767044E+15
     0.995767044E+15
     0.995767044E+15
     0.995767044E+15
     0.995767044E+15
     0.995767044E+15
     0.995767044E+15
     0.995767044E+15
     0.995767044E+15
     0.995767044E+15
     0.995767044E+15
     0.995767044E+15
     0.995767044E+15
     0.995767044E+15
     0.995767044E+15
     0.995767044E+15
     0.995767044E+15
     0.995767044E+15
     0.995767044E+15
     0.995767044E+15
     0.995767044E+15
     0.995767044E+15
     0.995767044E+15
     0.995767044E+15
     0.995767044E+15
     0.995767044E+15
     0.995767044E+15
     0.995767044E+15
     0.995767044E+15
     0.995767044E+15
     0.995767044E+15
     0.995767044E+15
     0.995767044E+15
     0.995767044E+15
     0.995767044E+15
     0.995767044E+15
     0.995767044E+15
     0.995767044E+15
     0.995767044E+15
     0.995767044E+15
     0.995767044E+15
     0.995767044E+15
     0.995767044E+15
     0.995767044E+15
     0.995767044E+15
     0.995767044E+15
     0.995767044E+15
     0.995767044E+15
     0.995767044E+15
     0.995767044E+15
     0.995767044E+15
     0.995767044E+15
     0.995767044E+15
     0.995767044E+15
     0.995767044E+15
     0.995767044E+15
     0.995767044E+15
     0.995767044E+15
     0.995767044E+15
     0.995767044E+15
     0.995767044E+15
     0.995767044E+15
     0.995767044E+15
     0.995767044E+15
     0.995767044E+15
     0.995767044E+15
     0.995767044E+15
     0.995767044E+15
     0.995767044E+15
     0.995767044E+15
     0.995767044E+15
     0.995767044E+15
     0.995767044E+15
     0.995767044E+15
     0.995767044E+15
     0.995767044E+15
     0.995767044E+15
     0.995767044E+15
     0.995767044E+15
     0.995767044E+15
     0.995767044E+15
     0.995767044E+15
     0.995767044E+15
     0.995767044E+15
     0.995767044E+15
     0.995767044E+15
     0.995767044E+15
     0.995767044E+15
     0.995767044E+15
     0.995767044E+15
     0.995767044E+15
     0.995767044E+15
     0.995767044E+15
     0.995767044E+15
     0.995767044E+15
     0.995767044E+15
     0.995767044E+15
     0.995767044E+15
     0.995767044E+15
     0.995767044E+15
     0.995767044E+15
     0.995767044E+15
     0.995767044E+15
     0.995767044E+15
     0.995767044E+15
     0.995767044E+15
     0.995767044E+15
     0.995767044E+15
     0.995767044E+15
     0.995767044E+15
     0.995767044E+15
     0.995767044E+15
     0.995767044E+15
     0.995767044E+15
     0.995767044E+15
     0.995767044E+15
     0.995767044E+15
     0.995767044E+15
     0.995767044E+15
     0.995767044E+15
     0.995767044E+15
     0.995767044E+15
     0.995767044E+15
     0.995767044E+15
     0.995767044E+15
     0.995767044E+15
     0.995767044E+15
     0.995767044E+15
     0.995767044E+15
     0.995767044E+15
     0.995767044E+15
     0.995767044E+15
     0.995767044E+15
     0.995767044E+15
     0.995767044E+15
     0.995767044E+15
     0.995767044E+15
     0.995767044E+15
     0.995767044E+15
     0.995767044E+15
     0.995767044E+15
     0.995767044E+15
     0.995767044E+15
     0.995767044E+15
     0.995767044E+15
     0.995767044E+15
     0.995767044E+15
     0.995767044E+15
     0.995767044E+15
     0.995767044E+15
     0.995767044E+15
     0.995767044E+15
     0.995767044E+15
     0.995767044E+15
     0.995767044E+15
     0.995767044E+15
     0.995767044E+15
     0.995767044E+15
     0.995767044E+15
     0.995767044E+15
     0.995767044E+15
     0.995767044E+15
     0.995767044E+15
     0.995767044E+15
     0.995767044E+15
     0.995767044E+15
     0.995767044E+15
     0.995767044E+15
     0.995767044E+15
     0.995767044E+15
     0.995767044E+15
     0.995767044E+15
     0.995767044E+15
     0.995767044E+15
     0.995767044E+15
     0.995767044E+15
     0.995767044E+15
     0.995767044E+15
     0.995767044E+15
     0.995767044E+15
     0.995767044E+15
     0.995767044E+15
     0.995767044E+15
     0.995767044E+15
     0.995767044E+15
     0.995767044E+15
     0.995767044E+15
     0.995767044E+15
     0.995767044E+15
     0.995767044E+15
     0.995767044E+15
     0.995767044E+15
     0.995767044E+15
     0.995767044E+15
     0.995767044E+15
     0.995767044E+15
     0.995767044E+15
     0.995767044E+15
     0.995767044E+15
     0.995767044E+15
     0.995767044E+15
     0.995767044E+15
     0.995767044E+15
     0.995767044E+15
     0.995767044E+15
     0.995767044E+15
     0.995767044E+15
     0.995767044E+15
     0.995767044E+15
     0.995767044E+15
     0.995767044E+15
     0.995767044E+15
     0.995767044E+15
     0.995767044E+15
     0.995767044E+15
     0.995767044E+15
     0.995767044E+15
     0.995767044E+15
     0.995767044E+15
     0.995767044E+15
     0.995767044E+15
     0.995767044E+15
     0.995767044E+15
     0.995767044E+15
     0.995767044E+15
     0.995767044E+15
     0.995767044E+15
     0.995767044E+15
     0.995767044E+15
     0.995767044E+15
     0.995767044E+15
     0.995767044E+15
     0.995767044E+15
     0.995767044E+15
     0.995767044E+15
     0.995767044E+15
     0.995767044E+15
     0.995767044E+15
     0.995767044E+15
     0.995767044E+15
     0.995767044E+15
     0.995767044E+15
     0.995767044E+15
     0.995767044E+15
     0.995767044E+15
     0.995767044E+15
     0.995767044E+15
     0.995767044E+15
     0.995767044E+15
     0.995767044E+15
     0.995767044E+15
     0.995767044E+15
     0.995767044E+15
     0.995767044E+15
     0.995767044E+15
     0.995767044E+15
     0.995767044E+15
     0.995767044E+15
     0.995767044E+15
     0.995767044E+15
     0.995767044E+15
     0.995767044E+15
     0.995767044E+15
     0.995767044E+15
     0.995767044E+15
     0.995767044E+15
     0.995767044E+15
     0.995767044E+15
     0.995767044E+15
     0.995767044E+15
     0.995767044E+15
     0.995767044E+15
     0.995767044E+15
     0.995767044E+15
     0.995767044E+15
     0.995767044E+15
     0.995767044E+15
     0.995767044E+15
     0.995767044E+15
     0.995767044E+15
     0.995767044E+15
     0.995767044E+15
     0.995767044E+15
     0.995767044E+15
     0.995767044E+15
     0.995767044E+15
     0.995767044E+15
     0.995767044E+15
     0.995767044E+15
     0.995767044E+15
     0.995767044E+15
     0.995767044E+15
     0.995767044E+15
     0.995767044E+15
     0.995767044E+15
     0.995767044E+15
     0.995767044E+15
     0.995767044E+15
     0.995767044E+15
     0.995767044E+15
     0.995767044E+15
     0.995767044E+15
     0.995767044E+15
     0.995767044E+15
     0.995767044E+15
     0.995767044E+15
     0.995767044E+15
     0.995767044E+15
     0.995767044E+15
     0.995767044E+15
     0.995767044E+15
     0.995767044E+15
     0.995767044E+15
     0.995767044E+15
     0.995767044E+15
     0.995767044E+15
     0.995767044E+15
     0.995767044E+15
     0.995767044E+15
     0.995767044E+15
     0.995767044E+15
     0.995767044E+15
     0.995767044E+15
     0.995767044E+15
     0.995767044E+15
     0.995767044E+15
     0.995767044E+15
     0.995767044E+15
     0.995767044E+15
     0.995767044E+15
     0.995767044E+15
     0.995767044E+15
     0.995767044E+15
     0.995767044E+15
     0.995767044E+15
     0.995767044E+15
     0.995767044E+15
     0.995767044E+15
     0.995767044E+15
     0.995767044E+15
     0.995767044E+15
     0.995767044E+15
     0.995767044E+15
     0.995767044E+15
     0.995767044E+15
     0.995767044E+15
     0.995767044E+15
     0.995767044E+15
     0.995767044E+15
     0.995767044E+15
     0.995767044E+15
     0.995767044E+15
     0.995767044E+15
     0.995767044E+15
     0.995767044E+15
     0.995767044E+15
     0.995767044E+15
     0.995767044E+15
     0.995767044E+15
     0.995767044E+15
     0.995767044E+15
     0.995767044E+15
     0.995767044E+15
     0.995767044E+15
     0.995767044E+15
     0.995767044E+15
     0.995767044E+15
     0.995767044E+15
     0.995767044E+15
     0.995767044E+15
     0.995767044E+15
     0.995767044E+15
     0.995767044E+15
     0.995767044E+15
     0.995767044E+15
     0.995767044E+15
     0.995767044E+15
     0.995767044E+15
     0.995767044E+15
     0.995767044E+15
     0.995767044E+15
     0.995767044E+15
     0.995767044E+15
     0.995767044E+15
     0.995767044E+15
     0.995767044E+15
     0.995767044E+15
     0.995767044E+15
     0.995767044E+15
     0.995767044E+15
     0.995767044E+15
     0.995767044E+15
     0.995767044E+15
     0.995767044E+15
     0.995767044E+15
     0.995767044E+15
     0.995767044E+15
     0.995767044E+15
     0.995767044E+15
     0.995767044E+15
     0.995767044E+15
     0.995767044E+15
     0.995767044E+15
     0.995767044E+15
     0.995767044E+15
     0.995767044E+15
     0.995767044E+15
     0.995767044E+15
     0.995767044E+15
     0.995767044E+15
     0.995767044E+15
     0.995767044E+15
     0.995767044E+15
     0.995767044E+15
     0.995767044E+15
     0.995767044E+15
     0.995767044E+15
     0.995767044E+15
     0.995767044E+15
     0.995767044E+15
     0.995767044E+15
     0.995767044E+15
     0.995767044E+15
     0.995767044E+15
     0.995767044E+15
     0.995767044E+15
     0.995767044E+15
     0.995767044E+15
     0.995767044E+15
     0.995767044E+15
     0.995767044E+15
     0.995767044E+15
     0.995767044E+15
     0.995767044E+15
     0.995767044E+15
     0.995767044E+15
     0.995767044E+15
     0.995767044E+15
     0.995767044E+15
     0.995767044E+15
     0.995767044E+15
     0.995767044E+15
     0.995767044E+15
     0.995767044E+15
     0.995767044E+15
     0.995767044E+15
     0.995767044E+15
     0.995767044E+15
     0.995767044E+15
     0.995767044E+15
     0.995767044E+15
     0.995767044E+15
     0.995767044E+15
     0.995767044E+15
     0.995767044E+15
     0.995767044E+15
     0.995767044E+15
     0.995767044E+15
     0.995767044E+15
     0.995767044E+15
     0.995767044E+15
     0.995767044E+15
     0.995767044E+15
     0.995767044E+15
     0.995767044E+15
     0.995767044E+15
     0.995767044E+15
     0.995767044E+15
     0.995767044E+15
     0.995767044E+15
     0.995767044E+15
     0.995767044E+15
     0.995767044E+15
     0.995767044E+15
     0.995767044E+15
     0.995767044E+15
     0.995767044E+15
     0.995767044E+15
     0.995767044E+15
     0.995767044E+15
     0.995767044E+15
     0.995767044E+15
     0.995767044E+15
     0.995767044E+15
     0.995767044E+15
     0.995767044E+15
     0.995767044E+15
     0.995767044E+15
     0.995767044E+15
     0.995767044E+15
     0.995767044E+15
     0.995767044E+15
     0.995767044E+15
     0.995767044E+15
     0.995767044E+15
     0.995767044E+15
     0.995767044E+15
     0.995767044E+15
     0.995767044E+15
     0.995767044E+15
     0.995767044E+15
     0.995767044E+15
     0.995767044E+15
     0.995767044E+15
     0.995767044E+15
     0.995767044E+15
     0.995767044E+15
     0.995767044E+15
     0.995767044E+15
     0.995767044E+15
     0.995767044E+15
     0.995767044E+15
     0.995767044E+15
     0.995767044E+15
     0.995767044E+15
     0.995767044E+15
     0.995767044E+15
     0.995767044E+15
     0.995767044E+15
     0.995767044E+15
     0.995767044E+15
     0.995767044E+15
     0.995767044E+15
     0.995767044E+15
     0.995767044E+15
     0.995767044E+15
     0.995767044E+15
     0.995767044E+15
     0.995767044E+15
     0.995767044E+15
     0.995767044E+15
     0.995767044E+15
     0.995767044E+15
     0.995767044E+15
     0.995767044E+15
     0.995767044E+15
     0.995767044E+15
     0.995767044E+15
     0.995767044E+15
     0.995767044E+15
     0.995767044E+15
     0.995767044E+15
     0.995767044E+15
     0.995767044E+15
     0.995767044E+15
     0.995767044E+15
     0.995767044E+15
     0.995767044E+15
     0.995767044E+15
     0.995767044E+15
     0.995767044E+15
     0.995767044E+15
     0.995767044E+15
     0.995767044E+15
     0.995767044E+15
     0.995767044E+15
     0.995767044E+15
     0.995767044E+15
     0.995767044E+15
     0.995767044E+15
     0.995767044E+15
     0.995767044E+15
     0.995767044E+15
     0.995767044E+15
     0.995767044E+15
     0.995767044E+15
     0.995767044E+15
     0.995767044E+15
     0.995767044E+15
     0.995767044E+15
     0.995767044E+15
     0.995767044E+15
     0.995767044E+15
     0.995767044E+15
     0.995767044E+15
     0.995767044E+15
     0.995767044E+15
     0.995767044E+15
     0.995767044E+15
     0.995767044E+15
     0.995767044E+15
     0.995767044E+15
     0.995767044E+15
     0.995767044E+15
     0.995767044E+15
     0.995767044E+15
     0.995767044E+15
     0.995767044E+15
     0.995767044E+15
     0.995767044E+15
     0.995767044E+15
     0.995767044E+15
     0.995767044E+15
     0.995767044E+15
     0.995767044E+15
     0.995767044E+15
     0.995767044E+15
     0.995767044E+15
     0.995767044E+15
     0.995767044E+15
     0.995767044E+15
     0.995767044E+15
     0.995767044E+15
     0.995767044E+15
     0.995767044E+15
     0.995767044E+15
     0.995767044E+15
     0.995767044E+15
     0.995767044E+15
     0.995767044E+15
     0.995767044E+15
     0.995767044E+15
     0.995767044E+15
     0.995767044E+15
     0.995767044E+15
     0.995767044E+15
     0.995767044E+15
     0.995767044E+15
     0.995767044E+15
     0.995767044E+15
     0.995767044E+15
     0.995767044E+15
     0.995767044E+15
     0.995767044E+15
     0.995767044E+15
     0.995767044E+15
     0.995767044E+15
     0.995767044E+15
     0.995767044E+15
     0.995767044E+15
     0.995767044E+15
     0.995767044E+15
     0.995767044E+15
     0.995767044E+15
     0.995767044E+15
     0.995767044E+15
     0.995767044E+15
     0.995767044E+15
     0.995767044E+15
     0.995767044E+15
     0.995767044E+15
     0.995767044E+15
     0.995767044E+15
     0.995767044E+15
     0.995767044E+15
     0.995767044E+15
     0.995767044E+15
     0.995767044E+15
     0.995767044E+15
     0.995767044E+15
     0.995767044E+15
     0.995767044E+15
     0.995767044E+15
     0.995767044E+15
     0.995767044E+15
     0.995767044E+15
     0.995767044E+15
     0.995767044E+15
     0.995767044E+15
     0.995767044E+15
     0.995767044E+15
     0.995767044E+15
     0.995767044E+15
     0.995767044E+15
     0.995767044E+15
     0.995767044E+15
     0.995767044E+15
     0.995767044E+15
     0.995767044E+15
     0.995767044E+15
     0.995767044E+15
     0.995767044E+15
     0.995767044E+15
     0.995767044E+15
     0.995767044E+15
     0.995767044E+15
     0.995767044E+15
     0.995767044E+15
     0.995767044E+15
     0.995767044E+15
     0.995767044E+15
     0.995767044E+15
     0.995767044E+15
     0.995767044E+15
     0.995767044E+15
     0.995767044E+15
     0.995767044E+15
     0.995767044E+15
     0.995767044E+15
     0.995767044E+15
     0.995767044E+15
     0.995767044E+15
     0.995767044E+15
     0.995767044E+15
     0.995767044E+15
     0.995767044E+15
     0.995767044E+15
     0.995767044E+15
     0.995767044E+15
     0.995767044E+15
     0.995767044E+15
     0.995767044E+15
     0.995767044E+15
     0.995767044E+15
     0.995767044E+15
     0.995767044E+15
     0.995767044E+15
     0.995767044E+15
     0.995767044E+15
     0.995767044E+15
     0.995767044E+15
     0.995767044E+15
     0.995767044E+15
     0.995767044E+15
     0.995767044E+15
     0.995767044E+15
     0.995767044E+15
     0.995767044E+15
     0.995767044E+15
     0.995767044E+15
     0.995767044E+15
     0.995767044E+15
     0.995767044E+15
     0.995767044E+15
     0.995767044E+15
     0.995767044E+15
     0.995767044E+15
     0.995767044E+15
     0.995767044E+15
     0.995767044E+15
     0.995767044E+15
     0.995767044E+15
     0.995767044E+15
     0.995767044E+15
     0.995767044E+15
     0.995767044E+15
     0.995767044E+15
     0.995767044E+15
     0.995767044E+15
     0.995767044E+15
     0.995767044E+15
     0.995767044E+15
     0.995767044E+15
     0.995767044E+15
     0.995767044E+15
     0.995767044E+15
     0.995767044E+15
     0.995767044E+15
     0.995767044E+15
     0.995767044E+15
     0.995767044E+15
     0.995767044E+15
     0.995767044E+15
     0.995767044E+15
     0.995767044E+15
     0.995767044E+15
     0.995767044E+15
     0.995767044E+15
     0.995767044E+15
     0.995767044E+15
     0.995767044E+15
     0.995767044E+15
     0.995767044E+15
     0.995767044E+15
     0.995767044E+15
     0.995767044E+15
     0.995767044E+15
     0.995767044E+15
     0.995767044E+15
     0.995767044E+15
     0.995767044E+15
     0.995767044E+15
     0.995767044E+15
     0.995767044E+15
     0.995767044E+15
     0.995767044E+15
     0.995767044E+15
     0.995767044E+15
     0.995767044E+15
     0.995767044E+15
     0.995767044E+15
     0.995767044E+15
     0.995767044E+15
     0.995767044E+15
     0.995767044E+15
     0.995767044E+15
     0.995767044E+15
     0.995767044E+15
     0.995767044E+15
     0.995767044E+15
     0.995767044E+15
     0.995767044E+15
     0.995767044E+15
     0.995767044E+15
     0.995767044E+15
     0.995767044E+15
     0.995767044E+15
     0.995767044E+15
     0.995767044E+15
     0.995767044E+15
     0.995767044E+15
     0.995767044E+15
     0.995767044E+15
     0.995767044E+15
     0.995767044E+15
     0.995767044E+15
     0.995767044E+15
     0.995767044E+15
     0.995767044E+15
     0.995767044E+15
     0.995767044E+15
     0.995767044E+15
     0.995767044E+15
     0.995767044E+15
     0.995767044E+15
     0.995767044E+15
     0.995767044E+15
     0.995767044E+15
     0.995767044E+15
     0.995767044E+15
     0.995767044E+15
     0.995767044E+15
     0.995767044E+15
     0.995767044E+15
     0.995767044E+15
     0.995767044E+15
     0.995767044E+15
     0.995767044E+15
     0.995767044E+15
     0.995767044E+15
     0.995767044E+15
     0.995767044E+15
     0.995767044E+15
     0.995767044E+15
     0.995767044E+15
     0.995767044E+15
     0.995767044E+15
     0.995767044E+15
     0.995767044E+15
     0.995767044E+15
     0.995767044E+15
     0.995767044E+15
     0.995767044E+15
     0.995767044E+15
     0.995767044E+15
     0.995767044E+15
     0.995767044E+15
     0.995767044E+15
     0.995767044E+15
     0.995767044E+15
     0.995767044E+15
     0.995767044E+15
     0.995767044E+15
     0.995767044E+15
     0.995767044E+15
     0.995767044E+15
     0.995767044E+15
     0.995767044E+15
     0.995767044E+15
     0.995767044E+15
     0.995767044E+15
     0.995767044E+15
     0.995767044E+15
     0.995767044E+15
     0.995767044E+15
     0.995767044E+15
     0.995767044E+15
     0.995767044E+15
     0.995767044E+15
     0.995767044E+15
     0.995767044E+15
     0.995767044E+15
     0.995767044E+15
     0.995767044E+15
     0.995767044E+15
     0.995767044E+15
     0.995767044E+15
     0.995767044E+15
     0.995767044E+15
     0.995767044E+15
     0.995767044E+15
     0.995767044E+15
     0.995767044E+15
     0.995767044E+15
     0.995767044E+15
     0.995767044E+15
     0.995767044E+15
     0.995767044E+15
     0.995767044E+15
     0.995767044E+15
     0.995767044E+15
     0.995767044E+15
     0.995767044E+15
     0.995767044E+15
     0.995767044E+15
     0.995767044E+15
     0.995767044E+15
     0.995767044E+15
     0.995767044E+15
     0.995767044E+15
     0.995767044E+15
     0.995767044E+15
     0.995767044E+15
     0.995767044E+15
     0.995767044E+15
     0.995767044E+15
     0.995767044E+15
     0.995767044E+15
     0.995767044E+15
     0.995767044E+15
     0.995767044E+15
     0.995767044E+15
     0.995767044E+15
     0.995767044E+15
     0.995767044E+15
     0.995767044E+15
     0.995767044E+15
     0.995767044E+15
     0.995767044E+15
     0.995767044E+15
     0.995767044E+15
     0.995767044E+15
     0.995767044E+15
     0.995767044E+15
     0.995767044E+15
     0.995767044E+15
     0.995767044E+15
     0.995767044E+15
     0.995767044E+15
     0.995767044E+15
     0.995767044E+15
     0.995767044E+15
     0.995767044E+15
     0.995767044E+15
     0.995767044E+15
     0.995767044E+15
     0.995767044E+15
     0.995767044E+15
     0.995767044E+15
     0.995767044E+15
     0.995767044E+15
     0.995767044E+15
     0.995767044E+15
     0.995767044E+15
     0.995767044E+15
     0.995767044E+15
     0.995767044E+15
     0.995767044E+15
     0.995767044E+15
     0.995767044E+15
     0.995767044E+15
     0.995767044E+15
     0.995767044E+15
     0.995767044E+15
     0.995767044E+15
     0.995767044E+15
     0.995767044E+15
     0.995767044E+15
     0.995767044E+15
     0.995767044E+15
     0.995767044E+15
     0.995767044E+15
     0.995767044E+15
     0.995767044E+15
     0.995767044E+15
     0.995767044E+15
     0.995767044E+15
     0.995767044E+15
     0.995767044E+15
     0.995767044E+15
     0.995767044E+15
     0.995767044E+15
     0.995767044E+15
     0.995767044E+15
     0.995767044E+15
     0.995767044E+15
     0.995767044E+15
     0.995767044E+15
     0.995767044E+15
     0.995767044E+15
     0.995767044E+15
     0.995767044E+15
     0.995767044E+15
     0.995767044E+15
     0.995767044E+15
     0.995767044E+15
     0.995767044E+15
     0.995767044E+15
     0.995767044E+15
     0.995767044E+15
     0.995767044E+15
     0.995767044E+15
     0.995767044E+15
     0.995767044E+15
     0.995767044E+15
     0.995767044E+15
     0.995767044E+15
     0.995767044E+15
     0.995767044E+15
     0.995767044E+15
     0.995767044E+15
     0.995767044E+15
     0.995767044E+15
     0.995767044E+15
     0.995767044E+15
     0.995767044E+15
     0.995767044E+15
     0.995767044E+15
     0.995767044E+15
     0.995767044E+15
     0.995767044E+15
     0.995767044E+15
     0.995767044E+15
     0.995767044E+15
     0.995767044E+15
     0.995767044E+15
     0.995767044E+15
     0.995767044E+15
     0.995767044E+15
     0.995767044E+15
     0.995767044E+15
     0.995767044E+15
     0.995767044E+15
     0.995767044E+15
     0.995767044E+15
     0.995767044E+15
     0.995767044E+15
     0.995767044E+15
     0.995767044E+15
     0.995767044E+15
     0.995767044E+15
     0.995767044E+15
     0.995767044E+15
     0.995767044E+15
     0.995767044E+15
     0.995767044E+15
     0.995767044E+15
     0.995767044E+15
     0.995767044E+15
     0.995767044E+15
     0.995767044E+15
     0.995767044E+15
     0.995767044E+15
     0.995767044E+15
     0.995767044E+15
     0.995767044E+15
     0.995767044E+15
     0.995767044E+15
     0.995767044E+15
     0.995767044E+15
     0.995767044E+15
     0.995767044E+15
     0.995767044E+15
     0.995767044E+15
     0.995767044E+15
     0.995767044E+15
     0.995767044E+15
     0.995767044E+15
     0.995767044E+15
     0.995767044E+15
     0.995767044E+15
     0.995767044E+15
     0.995767044E+15
     0.995767044E+15
     0.995767044E+15
     0.995767044E+15
     0.995767044E+15
     0.995767044E+15
     0.995767044E+15
     0.995767044E+15
     0.995767044E+15
     0.995767044E+15
     0.995767044E+15
     0.995767044E+15
     0.995767044E+15
     0.995767044E+15
     0.995767044E+15
     0.995767044E+15
     0.995767044E+15
     0.995767044E+15
     0.995767044E+15
     0.995767044E+15
     0.995767044E+15
     0.995767044E+15
     0.995767044E+15
     0.995767044E+15
     0.995767044E+15
     0.995767044E+15
     0.995767044E+15
     0.995767044E+15
     0.995767044E+15
     0.995767044E+15
     0.995767044E+15
     0.995767044E+15
     0.995767044E+15
     0.995767044E+15
     0.995767044E+15
     0.995767044E+15
     0.995767044E+15
     0.995767044E+15
     0.995767044E+15
     0.995767044E+15
     0.995767044E+15
     0.995767044E+15
     0.995767044E+15
     0.995767044E+15
     0.995767044E+15
     0.995767044E+15
     0.995767044E+15
     0.995767044E+15
     0.995767044E+15
     0.995767044E+15
     0.995767044E+15
     0.995767044E+15
     0.995767044E+15
     0.995767044E+15
     0.995767044E+15
     0.995767044E+15
     0.995767044E+15
     0.995767044E+15
     0.995767044E+15
     0.995767044E+15
     0.995767044E+15
     0.995767044E+15
     0.995767044E+15
     0.995767044E+15
     0.995767044E+15
     0.995767044E+15
     0.995767044E+15
     0.995767044E+15
     0.995767044E+15
     0.995767044E+15
     0.995767044E+15
     0.995767044E+15
     0.995767044E+15
     0.995767044E+15
     0.995767044E+15
     0.995767044E+15
     0.995767044E+15
     0.995767044E+15
     0.995767044E+15
     0.995767044E+15
     0.995767044E+15
     0.995767044E+15
     0.995767044E+15
     0.995767044E+15
     0.995767044E+15
     0.995767044E+15
     0.995767044E+15
     0.995767044E+15
     0.995767044E+15
     0.995767044E+15
     0.995767044E+15
     0.995767044E+15
     0.995767044E+15
     0.995767044E+15
     0.995767044E+15
     0.995767044E+15
     0.995767044E+15
     0.995767044E+15
     0.995767044E+15
     0.995767044E+15
     0.995767044E+15
     0.995767044E+15
     0.995767044E+15
     0.995767044E+15
     0.995767044E+15
     0.995767044E+15
     0.995767044E+15
     0.995767044E+15
     0.995767044E+15
     0.995767044E+15
     0.995767044E+15
     0.995767044E+15
     0.995767044E+15
     0.995767044E+15
     0.995767044E+15
     0.995767044E+15
     0.995767044E+15
     0.995767044E+15
     0.995767044E+15
     0.995767044E+15
     0.995767044E+15
     0.995767044E+15
     0.995767044E+15
     0.995767044E+15
     0.995767044E+15
     0.995767044E+15
     0.995767044E+15
     0.995767044E+15
     0.995767044E+15
     0.995767044E+15
     0.995767044E+15
     0.995767044E+15
     0.995767044E+15
     0.995767044E+15
     0.995767044E+15
     0.995767044E+15
     0.995767044E+15
     0.995767044E+15
     0.995767044E+15
     0.995767044E+15
     0.995767044E+15
     0.995767044E+15
     0.995767044E+15
     0.995767044E+15
     0.995767044E+15
     0.995767044E+15
     0.995767044E+15
     0.995767044E+15
     0.995767044E+15
     0.995767044E+15
     0.995767044E+15
     0.995767044E+15
     0.995767044E+15
     0.995767044E+15
     0.995767044E+15
     0.995767044E+15
     0.995767044E+15
     0.995767044E+15
     0.995767044E+15
     0.995767044E+15
     0.995767044E+15
     0.995767044E+15
     0.995767044E+15
     0.995767044E+15
     0.995767044E+15
     0.995767044E+15
     0.995767044E+15
     0.995767044E+15
     0.995767044E+15
     0.995767044E+15
     0.995767044E+15
     0.995767044E+15
     0.995767044E+15
     0.995767044E+15
     0.995767044E+15
     0.995767044E+15
     0.995767044E+15
     0.995767044E+15
     0.995767044E+15
     0.995767044E+15
     0.995767044E+15
     0.995767044E+15
     0.995767044E+15
     0.995767044E+15
     0.995767044E+15
     0.995767044E+15
     0.995767044E+15
     0.995767044E+15
     0.995767044E+15
     0.995767044E+15
     0.995767044E+15
     0.995767044E+15
     0.995767044E+15
     0.995767044E+15
     0.995767044E+15
     0.995767044E+15
     0.995767044E+15
     0.995767044E+15
     0.995767044E+15
     0.995767044E+15
     0.995767044E+15
     0.995767044E+15
     0.995767044E+15
     0.995767044E+15
     0.995767044E+15
     0.995767044E+15
     0.995767044E+15
     0.995767044E+15
     0.995767044E+15
     0.995767044E+15
     0.995767044E+15
     0.995767044E+15
     0.995767044E+15
     0.995767044E+15
     0.995767044E+15
     0.995767044E+15
     0.995767044E+15
     0.995767044E+15
     0.995767044E+15
     0.995767044E+15
     0.995767044E+15
     0.995767044E+15
     0.995767044E+15
     0.995767044E+15
     0.995767044E+15
     0.995767044E+15
     0.995767044E+15
     0.995767044E+15
     0.995767044E+15
     0.995767044E+15
     0.995767044E+15
     0.995767044E+15
     0.995767044E+15
     0.995767044E+15
     0.995767044E+15
     0.995767044E+15
     0.995767044E+15
     0.995767044E+15
     0.995767044E+15
     0.995767044E+15
     0.995767044E+15
     0.995767044E+15
     0.995767044E+15
     0.995767044E+15
     0.995767044E+15
     0.995767044E+15
     0.995767044E+15
     0.995767044E+15
     0.995767044E+15
     0.995767044E+15
     0.995767044E+15
     0.995767044E+15
     0.995767044E+15
     0.995767044E+15
     0.995767044E+15
     0.995767044E+15
     0.995767044E+15
     0.995767044E+15
     0.995767044E+15
     0.995767044E+15
     0.995767044E+15
     0.995767044E+15
     0.995767044E+15
     0.995767044E+15
     0.995767044E+15
     0.995767044E+15
     0.995767044E+15
     0.995767044E+15
     0.995767044E+15
     0.995767044E+15
     0.995767044E+15
     0.995767044E+15
     0.995767044E+15
     0.995767044E+15
     0.995767044E+15
     0.995767044E+15
     0.995767044E+15
     0.995767044E+15
     0.995767044E+15
     0.995767044E+15
     0.995767044E+15
     0.995767044E+15
     0.995767044E+15
     0.995767044E+15
     0.995767044E+15
     0.995767044E+15
     0.995767044E+15
     0.995767044E+15
     0.995767044E+15
     0.995767044E+15
     0.995767044E+15
     0.995767044E+15
     0.995767044E+15
     0.995767044E+15
     0.995767044E+15
     0.995767044E+15
     0.995767044E+15
     0.995767044E+15
     0.995767044E+15
     0.995767044E+15
     0.995767044E+15
     0.995767044E+15
     0.995767044E+15
     0.995767044E+15
     0.995767044E+15
     0.995767044E+15
     0.995767044E+15
     0.995767044E+15
     0.995767044E+15
     0.995767044E+15
     0.995767044E+15
     0.995767044E+15
     0.995767044E+15
     0.995767044E+15
     0.995767044E+15
     0.995767044E+15
     0.995767044E+15
     0.995767044E+15
     0.995767044E+15
     0.995767044E+15
     0.995767044E+15
     0.995767044E+15
     0.995767044E+15
     0.995767044E+15
     0.995767044E+15
     0.995767044E+15
     0.995767044E+15
     0.995767044E+15
     0.995767044E+15
     0.995767044E+15
     0.995767044E+15
     0.995767044E+15
     0.995767044E+15
     0.995767044E+15
     0.995767044E+15
     0.995767044E+15
     0.995767044E+15
     0.995767044E+15
     0.995767044E+15
     0.995767044E+15
     0.995767044E+15
     0.995767044E+15
     0.995767044E+15
     0.995767044E+15
     0.995767044E+15
     0.995767044E+15
     0.995767044E+15
     0.995767044E+15
     0.995767044E+15
     0.995767044E+15
     0.995767044E+15
     0.995767044E+15
     0.995767044E+15
     0.995767044E+15
     0.995767044E+15
     0.995767044E+15
     0.995767044E+15
     0.995767044E+15
     0.995767044E+15
     0.995767044E+15
     0.995767044E+15
     0.995767044E+15
     0.995767044E+15
     0.995767044E+15
     0.995767044E+15
     0.995767044E+15
     0.995767044E+15
     0.995767044E+15
     0.995767044E+15
     0.995767044E+15
     0.995767044E+15
     0.995767044E+15
     0.995767044E+15
     0.995767044E+15
     0.995767044E+15
     0.995767044E+15
     0.995767044E+15
     0.995767044E+15
     0.995767044E+15
     0.995767044E+15
     0.995767044E+15
     0.995767044E+15
     0.995767044E+15
     0.995767044E+15
     0.995767044E+15
     0.995767044E+15
     0.995767044E+15
     0.995767044E+15
     0.995767044E+15
     0.995767044E+15
     0.995767044E+15
     0.995767044E+15
     0.995767044E+15
     0.995767044E+15
     0.995767044E+15
     0.995767044E+15
     0.995767044E+15
     0.995767044E+15
     0.995767044E+15
     0.995767044E+15
     0.995767044E+15
     0.995767044E+15
     0.995767044E+15
     0.995767044E+15
     0.995767044E+15
     0.995767044E+15
     0.995767044E+15
     0.995767044E+15
     0.995767044E+15
     0.995767044E+15
     0.995767044E+15
     0.995767044E+15
     0.995767044E+15
     0.995767044E+15
     0.995767044E+15
     0.995767044E+15
     0.995767044E+15
     0.995767044E+15
     0.995767044E+15
     0.995767044E+15
     0.995767044E+15
     0.995767044E+15
     0.995767044E+15
     0.995767044E+15
     0.995767044E+15
     0.995767044E+15
     0.995767044E+15
     0.995767044E+15
     0.995767044E+15
     0.995767044E+15
     0.995767044E+15
     0.995767044E+15
     0.995767044E+15
     0.995767044E+15
     0.995767044E+15
     0.995767044E+15
     0.995767044E+15
     0.995767044E+15
     0.995767044E+15
     0.995767044E+15
     0.995767044E+15
     0.995767044E+15
     0.995767044E+15
     0.995767044E+15
     0.995767044E+15
     0.995767044E+15
     0.995767044E+15
     0.995767044E+15
     0.995767044E+15
     0.995767044E+15
     0.995767044E+15
     0.995767044E+15
