4.427774369669413867880774046876973	4.3741594435508379073015187527117364	4.3217455354898519341942164465589827	4.2704693357313688737079628612751821	4.2202712283404388590426030884465785	4.1710949284227281959876806558123949	4.1228871577131908377251278441384012	4.0755973540182957189177306811318817	4.0291774104794883634431890173567054	3.9835814410539636206706804010271395	3.9387655689905146707351635551917838	3.8946877354179314319507043269178213	3.8513075254656028861857792854177102	3.8085860096045451376630840076406134	3.7664855981342281848730709254486586	3.7249699069497616775673573494598699	3.6840036329066028364196894216346215	3.6435524372580858343263643159576834	3.6035828357765415559613367239076514	3.5640620942823380475445443321222706	3.5249581283981895275375678810548737	3.4862394064193142383874543451329794	3.447874854243674455224050015929087	3.4098337613409274994307187189933894	3.372085686753541923205534296886443	3.3346003641181746124898878974389097	3.297347604668638237061923543017312	3.260297197131756665567741089601673	3.2234188033521222242537552641280089	3.1866818483770112803187337466838976	3.1500554035950614232960367254298488	3.1135080613450881547265278112495222	3.0770077991874652228874171271912891	3.04052183175013738404318040397923	3.0040164477114238778037744684284873	2.9674568290463849769666759655249517	2.9308068491209551958334829770167587	2.8940288455402733866168943176184682	2.8570833628082191598571818778837453	2.8199288587852603308352467201558372	2.7825213675764849422576675587575925	2.7448141097540431058950327015778271	2.7067570386005312629607943142697383	2.6682963081900442120569264977180599	2.6293736453791082094877769532427831	2.5899256028481811933072143172720859	2.5498826637749489466606262715036456	2.509168159900716276949815183586976	2.4676969527534251821761230588746684	2.4253738112590287368190466065155985	2.382091395877526130451568118706433	2.337727726637772535094579846725166	2.2921429651843275259741347248245333	2.245175271497000041136479824731338	2.1966353917412239883609534704802332	2.146299473700760104292828363272039	2.093899354016755821224229432170214	2.0391091518120404398471526214817966	1.98152631478675500178728708335398	1.9206440599136155843565542011141871	1.8558099457033833696253756930890144	1.7861610469496658281033540466402882	1.7105173911651359305958219421585653	1.6271956001553519889711531841984324	1.5336559052798322197776085289438077	1.4257580314875856214297679796383676	1.2959339569660422741739160196294358	1.127469327380180596671304993235608	0.86535033717597639705933067847740046	2.070063197250098896058712462718585	7.1473859333642125985538269008604446	11.55015899415445866715767742388615	15.678270282773290967681744017425591	19.642037665164790224369311110510225	23.491852628007018909885915695179231	27.255676226149842120480566161886396	30.950874502052772439718342600276666	34.589101845784606888486680751200495	38.178633393630428951332559422512231	41.725569231304855120132693655580297	45.234471693211843687483655488875286
4.4277570477281340821458988508678837	4.3741409048896765429359710410415683	4.3217257271942901444101212238037027	4.2704482031472945137616639184244171	4.2202487150872439653060187038529086	4.1710709764004293081629155174515496	4.1228617070996168224921460900980248	4.0755703432529930350579028687255542	4.0291487762315889057132951575540473	3.9835511181717401001780489906652253	3.9387334904308210728916013253548033	3.8946538321540509569643664772177442	3.8512717263723316457129477444834014	3.8085482413195019040717653270506565	3.7664457848945047301962285850145822	3.7249279704030526217485421758678429	3.6839594918959096512457511096387998	3.643506007578971285282480380572007	3.6035340299057230407193067888392875	3.5640108210761520885055762271513444	3.5249042927591300711861317380863952	3.4861829089284483922709761097758471	3.4478155907562591853036820796577072	3.4097716225419905788848761411955341	3.3720205576695209812259245378700472	3.3345321235799422583470735554509046	3.2972761247203309144110780406100812	3.2602223423787799161247307461975938	3.2233404302404089106470468854411078	3.1865998043942156008571965121373674	3.1499695263825347461721718055450462	3.1134181777074355803777934248591251	3.0769137239839489835623484323666514	3.0404233666491466623394417278166781	3.003913379785531964268764902224497	2.9673489291809784969101329122316239	2.9306938702038522802538868200914217	2.8939105203928188395159606873495529	2.8569594018097351132251707940543196	2.8197989471318843928573238310642518	2.78238516210175304234176092048765	2.7446712352210350307610754745114866	2.7066070833529997206575159831412535	2.6681388190207801628161455279864996	2.629208121435705684203451455908385	2.589751488346014990677170548992318	2.5496993392199791370750769191613687	2.5089749314339495037026322738402604	2.4674930391048392440452934628940194	2.4251583276268855638684051563707594	2.3818633338075458323886391719117053	2.3374859286315929432571980334711839	2.2918860922656401691096909893530138	2.2449017612206788559535101396814481	2.1963434030057324195671828347142177	2.1459868129776827999890498512188289	2.0935633748242477121561591483547664	2.03874661466825514782563930921003	1.9811331870366252711856282656202399	1.9202152208445355839135409282623696	1.8553387361874333879968270987951606	1.7856385508507204976372694762039703	1.7099312248852978142704380767556072	1.6265277288220072773765496366654312	1.532878334034409999378720678196612	1.424823202133002997841893027759093	1.2947491670964447426040969540302192	1.125805159874969880842532925390589	0.86221340193306390143282960160816306	2.1216505464467808537812275914073215	7.1880844742217600286348129446181283	11.588013805481183184137467817528834	15.714712856602163398190256894641847	19.677624629446213666539947013158342	23.526859331074133402787058499524273	27.290256218060099153727043261625183	30.985119627938998000354531679119928	34.62306937157182717507860350652237	38.212359536143878523659823544295168	41.759076195098432459302526278536769	45.267771285449341705693124109278028
4.4277281546556287295927304274951326	4.3741099830834427880420631453660753	4.3216926884380711789061232032579193	4.2704129563221177152658530712188349	4.2202111661931485025013137518082963	4.17103102856819908933029683687226	4.1228192605859256010455078624237907	4.0755252954133879103117606490369582	4.0291010214666995663188196910239514	3.9835005478429542510491481535258578	3.9386799927423831926950188998868877	3.8945972919991778434222323694519694	3.8512120251413244178021257600256163	3.8084852566682211143112224470548397	3.7663793904717091242771202544674109	3.724858035535169967659943239668487	3.6838858812277248201544079906753854	3.6434285806685223677613046630962051	3.6034526407713811795951167352166644	3.5639253176934315119528620532385703	3.524814516504227045444118635465192	3.48608869396483584158058330015794	3.4477167633598706508414864642183434	3.4096680003595835745885134904628949	3.3719119489036942311659424921310795	3.3344183260930067172296195188817339	3.2971569250477087485307186513034195	3.2600975146408441335573889030376376	3.2232097349395854446964518302223984	3.1864629870817073626854244196492794	3.149826316176095915971062037687226	3.1132682856381225355636329006648636	3.0767568411455723505408167979398612	3.0402591621190451519850465146951003	3.0037414982791260486764321231547304	2.9671689883949716991174442971880541	2.9305054577936227598371904920202099	2.8937131905180193834118499547864242	2.8567526711676649121781880312621827	2.8195822903801338777273671435733165	2.7821580065486518216743490862917413	2.7444329546332878575364195448836834	2.706356990692268621551390822348001	2.6678761578722933180581888384162804	2.6289320558282795390583457245676216	2.589461090578627532420348913470418	2.5493935751975983688955613959293695	2.508652642863646918557185811891513	2.4671529216952988109173552156493221	2.424798904147265661677336838790129	2.381482920457114276981050017508756	2.3370825925942702458690557921467306	2.2914575974842610972045178194707695	2.2444454981816225359737742285881061	2.1958562964396340705097190382306807	2.1454651984553238453474810205170006	2.0930028305548179923569251802212804	2.0381417271082321120707313789345876	1.980477215759485667841893275372154	1.9194996046579124182962688884601957	1.8545523385128156483324178046674095	1.7847664549734281414362310638166884	1.7089527031578243986692351681232247	1.6254125755532075551037581047914588	1.5315796215590064361295401824175514	1.4232611083586902056476198979678029	1.2927677857234675377857269985382741	1.1230171784873130612276072098007951	0.85692240028314063378780349191216284	2.2070718934649842033316293979463564	7.2558510522453489046414229422925073	11.651085947460444762885992588940708	15.775445672706313340340859732942362	19.736937695486794523400057928687395	23.585208379496978908601426214260466	27.34789565697146111401010938894381	31.042201729705789791809915575222855	34.679689114477232056360643925661758	38.26857698868778175465978144070169	41.814928159807375181076601920721385	45.323277278164411744126293341824388
4.427687655660116973385327379984059	4.374066642038530971569139221881148	4.3216463817875773298729657494074151	4.2703635564389208536419081148820751	4.2201585414093935552254164074364289	4.1709750431914406349043916907235645	4.1227597748919811337050324423712311	4.0754621656080981029863922965467513	4.0290340996101403787570124862320619	3.9834296817308344763653883832360847	3.938605025740394825455070445842934	3.8945180628268602660102632423604828	3.8511283676027138903345024881417822	3.8083969993269118795464432561101731	3.7662863562682634594456433974833474	3.724760041344860992676650851535752	3.6837827373564753847543780960468758	3.6433200902846519866569449167645268	3.6033385992703047045082780170358071	3.5638055119918674547611022333940137	3.5246887242596930401344152672741944	3.4859566827152770078406498245869036	3.4475782895771385549389254699421386	3.4095228084091686117007126711215864	3.3717597699015481650340798358880982	3.3342588766484925436457253733152663	3.296989905879586826891025252139973	3.2599226090507161226047238496263942	3.2230266071242887823056627985786941	3.1862712802626947174914719979191549	3.1496256505197063334177832465645312	3.1130582559357621087293343904975073	3.0765370142168463223677555170348468	3.0400290738938221012815136204795207	3.003500650505747619550954017300181	2.9669168449112226760289562132001306	2.9302414402839180978239445000946859	2.8934366736641235257946098617874255	2.8564629770798953628719840205976077	2.8192786821705529786501847200815218	2.7818396808756316873611725413001436	2.7440990330055735934420315377949024	2.7060065092679618638360808854089214	2.6675080554196024187253876979377882	2.6285451594252220157101744947116474	2.5890540985103767218501334175944614	2.5489650363519347737887695539656419	2.5082009317111022723128725747957683	2.4666762076484461196621776927158562	2.4242951136884085976682413792785478	2.380949689854062065318674684128355	2.3365172082103256966474346710787306	2.2908569195050162582585279419345045	2.2438058618267315707538981445608878	2.1951733820682765100744501921547837	2.1447338578431442525807205917998526	2.0922168500222723174017554955688226	2.037293497301426282751657984501683	1.979557259278508942385408581006505	1.9184958795235644606428383943732048	1.8534491731780736122430988986614428	1.7835428466371113628238382006676422	1.7075794462765057300166470727039218	1.6238470696293534340673182608007643	1.5297555960973985391996809582135261	1.4210656253672060054635569975416118	1.2899795849082115811546792091267533	1.1190833877566736660891426366161563	0.84937842072374876434255376344952308	2.3255608733057994118472989114595202	7.3505917020658614547841915816808925	11.739347244915095737959871824438556	15.860461771408915527858179587781461	19.819979167477115863002913555785406	23.66690664434328836081313013581249	27.428603747086904328092887889768154	31.122131153740683213072528028852136	34.758971872311846860792274425165284	38.347296564484147080539436710555753	41.893135648229080829120485151374707	45.40099966020745173166367183803356
4.4276355019605681197538832239145222	4.3740108311494792820471593767563748	4.3215867547592546825479071404277583	4.270299949075235682692669487468668	4.2200907843063982141876453868124351	4.1709029617576022272034701312732795	4.1226831893383913326248188340831314	4.0753808908985922837007956045388791	4.0289479453630294759878114408606983	3.9833384520654837972729062650953329	3.9385085190631932505918734966578812	3.8944160715522039597288492753192243	3.8510206778054295774604320607206081	3.8082833903231111751595873064247974	3.7661666001219604629378118697563958	3.7246339022977367771672891060590055	3.683649971178051449072598613074242	3.6431804435397663757180614901021403	3.603191808500214527061075800096293	3.5636513028045207668158903493906987	3.5245268103237176068834941484848439	3.4857867646510286750968287161224323	3.4474000537366873291405997507932824	3.4093359255354132005300840296280347	3.3715638936546294005538270788394706	3.3340536419853472768511149507890325	3.2967749272697183473485975799493803	3.2596974785081057322982098753006611	3.222790892031510664389606845925374	3.1860245209588858271925425822808398	3.1493673576187226279294215442847034	3.1127879073344221084122158808365549	3.0762540517456787789170828191083493	3.039732899553323969567041890998151	3.0031906222200229545814318608169381	2.9665922717171373506762635459486578	2.9299015768568937772474548926282381	2.8930807140607282181772800638233116	2.8560900475512253113088256924615558	2.8188878328674134159999245682630272	2.7814298762248919628529469122809902	2.7436691404838778068293875031531665	2.7055552862306250061375901372742507	2.6670341335538553997591132961666527	2.628047026280874888770326374073816	2.5885300754075973943977198202698553	2.5484132517607734283738212631757401	2.5076192889206302530324887091569368	2.4660623451644517967154506917244904	2.4236463562736292845609519460964814	2.3802629873863658120277076323574299	2.3357890584787021315594820060117681	2.2900832695276489242035978433678398	2.2429819799972903488897187787650203	2.1942936899818659682276614534735562	2.1437917052839153860680470613575779	2.0912042080125041534739127932142604	2.0362005299504055440194018138304521	1.9783717109268774242981546965113665	1.9172021703695568973365870526988158	1.8520270152307492754787260297168254	1.7819650297265147248022805875155773	1.7058080968015503976948942295436628	1.6218268733550398182301174380786581	1.5274003541121841675172160399684209	1.4182280616032202852616937299442143	1.2863699788473698033756397023951432	1.1139720795927496718008857279552462	0.83943268133296360803312189165859012	2.4761652380277437726242516052887196	7.4721797330290554299884308168085717	11.852759505806292760731295930226359	15.96975190254484465367196828656619	19.926752499642494089355624634963992	23.771963855688576571189537538044828	27.532393424615364856244193775188511	31.224922401345818093942950561958025	34.860932757468969733511978404283506	38.448533383254211694590797815349176	41.993713362447441472687679007733441	45.500952376466666765733068421064122
4.4275716307139466980532095173041361	4.3739424852243289044078316283004253	4.3215137397428862883101796627821113	4.2702220641240102091994078572509045	4.220007822192177934388640487301613	4.1708147088917825722418796796623408	4.1225894257590141542990507154186392	4.075281390208280992551391420291817	4.0288424746076185862489205071322081	3.983226771545070584117863558979256	3.9383903820689539831535921770632034	3.8942912240236096513050949188588765	3.8508888579035055456758698982500167	3.8081443279160590678213103263625854	3.7660200161798538589420967277299149	3.7244795081930925396759135548383515	3.6834874678889102254048745524094976	3.6430095207514604482913795591613506	3.6030121436012942844170976358343728	3.5634625597713765245340627526741876	3.5243286384871581074610306115666528	3.485578797336668583371448900853977	3.4471819067691297235800857453586388	3.409107195594179216294293901807293	3.3713241564672938423797045999888076	3.3338024503404856110434601747848448	3.2965118088288670815482410637517318	3.2594219333920489132712252015328948	3.2225023901515082008492625822862054	3.1857224990579855529108872265595296	3.1490512159817729150437394626118438	3.1124570061175539388646264064601625	3.0759077068666895535069326935237685	3.0393703780729841643447093677758494	3.0028111371305264717465328669942373	2.9661949760370345505175802200741684	2.9294855569108952432185544390306358	2.8926449817970993583184824382827719	2.855633531717051894221591432741683	2.8184093688216550514018597422468543	2.7809281941176621006513812060050119	2.7431428514650272549091005105928858	2.7050028662664199367402424301605796	2.6664539043212825566286573888949171	2.6274371324660488657223301366620351	2.5878884575455548774609314707222674	2.5477376135011614444511917875074464	2.5069070572621208849887514533249965	2.4653106217332472433302070710311826	2.4228518570730478338064754712810247	2.3794219675323079283183913397330201	2.334897217131054906995978524181338	2.289135628329145482285180746278257	2.2419727255123022967733528538929284	2.1932159663505403069609057842191976	2.1426373366538442101096622291569991	2.0899633196672186521813494633412461	2.0348610194745273028754159662310137	1.9769184906194820827350606622188956	1.9156160482219910386948730660735662	1.8502829804011092941601476670796271	1.7800295060037679599867241581094235	1.7036342931839444689652028265741551	1.6193463424507258778902615011380521	1.5245061953871098395470777679000388	1.4147370376296766861087222243384019	1.2819197437375582194525343674084395	1.1076408447929896973189342265659134	0.82687407690555443025896292653987292	2.6578315110804248293570943678198675	7.6204601956258932419095809207142373	11.991275713103424041792513144570746	16.103305000367922379362330598615768	20.057262517009497488593573045955949	23.900392709460684098335531092011676	27.659281406015377031999895591308728	31.350594143814891225693142204829126	34.985591191507205711205987923241332	38.572306851772839727749145490482131	42.116680153422698375113164897187519	45.623153287798842130750051331661688
4.4274959649213582074535890975664792	4.373861524388330337237872209024835	4.3214272539026025284134289685838831	4.2701298156916361307870494723242564	4.2199095660070758606565111309012428	4.1707101922478272674504914313655821	4.1224783883880416480498955471403338	4.0751635642051847922605380063063448	4.0287175842851057113640585551873164	3.9830945332083210509427614939496496	3.9382505037023138813601365572503812	3.8941434048829810286700672759174692	3.8507327880092772551173512541418834	3.8079796874422229484299820008769411	3.7658464747354006375150168606469597	3.7242967239918984642280989857081472	3.6832950868040826419640595038679921	3.6428071752496372780026712234360717	3.6027994515514610854935353586829781	3.5632391231216924372929213786156682	3.5240940418018322193526559013818111	3.4853326061830881627454699988535162	3.4469236659434119960307268360370493	3.4088364271707393352388789673962712	3.3710403576551973131282811544685445	3.3335050911258048178077004008135435	3.2962003293784186236062452651322419	3.2590957411890197883178128416539875	3.2221608568281183088866243364718634	3.1853649568836651031008922117462758	3.1486769539576321739591555146969088	3.1120652656186233852405512066635553	3.07549767676218655977020798441284	3.0389411892413471531355756770267382	3.0023618562695911588713425244503852	2.9657245986493855014900313879398612	2.928992999319800705881810070915596	2.8921290720175317384349501860622873	2.8550929989678609573030907307662506	2.8178428314166629170842124209304761	2.780334145412236725843955403857554	2.7425196434565970359523384361533315	2.7043486903468516863987622175624546	2.6657667685486852243490061749485099	2.6267148345527196736663535604294111	2.5871285525328529798418563112801054	2.546937374790067829924174598725598	2.5060634292598598355074077478408269	2.4644201618173088969723875407157528	2.4219106637983099035597914919424698	2.3784255909149174918940363603579219	2.3338405452802676411378941253297809	2.288012742422521342771273287249148	2.2407767117290662412756757682143115	2.1919386682436949072580740333917345	2.1412690234484447800191747249171479	2.0884922331721882903322129780553946	2.0332727411277991605878047954502176	1.9751950338584453276675935523487282	1.9137345162807044615656310200263366	1.8482135069600463384462352767876499	1.7777319506058167176273583870578024	1.7010526350868237342407584100433643	1.6163984737763094865130661757095884	1.5210635369008842282781380203297727	1.4105783240130421520405097013668104	1.2766046372559536778337987304606018	1.10003518625553361664222746541388	0.8114093198067846465495045351445388	2.8694794816064027789923676109716751	7.7952551136673068415802057010240215	12.154841474326102138002045479722328	16.261108768751122202431862623975399	20.211515688719436360428712225001167	24.052208999601515948409566224667111	27.80928824712244909623015407094924	31.499169240023675454769246803908814	35.132970896948761171735013170954711	38.718640637822850343249257421016811	42.26205898102611931867276809027717	45.76762411869653259951305074109487
4.4274084133128628592893885785192483	4.3737678539657591640190819463354526	4.3213271990553703221253112907271071	4.2700231019727660158072911436034846	4.2197959101945263500482559400268665	4.170589302374607455562579861028321	4.1223499637213426696336153508855371	4.0750272951578396944265699710025836	4.0285731522455602119489078050738954	3.9829416102778705765397667841227982	3.9380887523305245623747464929145943	3.8939724773939851647128772387123175	3.8505523260129952218233839351865423	3.8077893211254570666391342476506264	3.7656458220282971219713989619510845	3.7240853896053543708542916929629318	3.6830726611334417487692493490843718	3.6425732331393788559531906993880487	3.6025535509146117780974411567955731	3.5629808034063566718823750579091836	3.5238228222955509392872791792499565	3.4850479841436760148298779341406924	3.4466251145424638665890095856087005	3.4085233932330978888256666400000531	3.3707122591742790313863976017390255	3.3331613145307086350056019106864378	3.2958402265240718686516195879482611	3.2587186260352084391264991930795393	3.2217660017667643623380391496886028	3.1849515886661576939812776765426103	3.148244249164945796716597705261386	3.111612345606170757369309562462566	3.0750236019982840382621617558036027	3.0384449529425587366113863234093987	3.0018423772168582776962533404357612	2.9651807130455872606253738199704973	2.9284234515203424062909848544622475	2.8915325039297276766174722742382402	2.8544679378700785748148753809427812	2.8171876758918768544955460585956324	2.7796471490191958132705402960535943	2.7417988956708718782623257183378607	2.7035920941865484587330387478566205	2.6649720141475954642850314381814713	2.6258793677440877173862951193106911	2.5862495372430724205929904881132081	2.5460116476886404551365531785228284	2.5050874446344410646235191709093932	2.4633899239887356175869381698978512	2.4208216434825231964040148104352658	2.37727262065989319266482210026728	2.3326176872744785950885425753205179	2.2867131193025407940580375421701087	2.2393922870451356149283451685604525	2.1904599572095121384865233513725648	2.1396847051991097235331719204242338	2.0867886206797450185952751868488304	2.0314330399594264912051652920742422	1.973198278049670085213344234775618	1.9115539925608659766987514786341982	1.8458143330555588322597603388720033	1.775067181353976763219186550192971	1.6980566397966221419409189552356508	1.6129748393070836155361307003437909	1.5170608032980254922393333253923249	1.4057346329452673244771371064154453	1.2703949002651339365442283202559743	1.0910866271505082102818776475393272	0.79263096399207353457525668388262516	3.1100592876672558467985394245075565	7.996369181639775627213662023151765	12.343396674443782996458915230340447	16.443150359319650497431638832836637	20.389520446526643961056086158965737	24.227431771851669198318353974702091	27.982438411063916040901253867341079	31.670674755229897562200663047942818	35.303099885390866060793849457997709	38.887562636925878480991316435851644	42.42987686391582240270062964588153	45.934390392079498773830693594119551
4.4273088702106584692073280864679546	4.3736613643395160155715385941343958	4.3212134615266440517246585229802303	4.2699018051015866256411579654115766	4.2196667325474843400681578670053269	4.1704519125571141662742453704330081	4.1222040203516708458434966753501207	4.0748724467640205024153939920279409	4.0284090370695153495067995777508374	3.9827678559740246194733935696479537	3.9379049755486147150899430086065021	3.8937782832378017994694892678115004	3.8503473073682652928521004361618001	3.807573057851173237277065972887076	3.7654178800063310696930191427353292	3.7238453196433117719592723727207123	3.6828199977154419567299325150706102	3.6423074930186905641439768903437561	3.6022742315409668034775815283702097	3.5626873811792352579039062757387764	3.5235147506328049971014465335147491	3.4847246913524964169935809536915262	3.446286001476900651530406512638521	3.4081678307190278528035696543277984	3.3703395851788091349256414525159721	3.3327708310485151064159046167286339	3.2954311961478153438868530704408241	3.2582902681709481334377677698484571	3.2213174884479557534271378692860653	3.1844820399111068524496252782584114	3.1477527278122771744574260212701913	3.1110978515504620941339171132117934	3.0744850657331554586412762158476979	3.0378812283004817168494492046730841	3.0012522331730133119150176833058068	2.9645628244261952197106272093537276	2.9277763884228608969301689259594555	2.8908547196210595464236460677150574	2.8537577548776707593561174536710262	2.816443269938021759062661692995107	2.778866530366884101408539699108296	2.7409798873451158163593457254620066	2.7027323064003939103222395509379077	2.6640688140873317090702420715506333	2.624929843638909867411485258411979	2.5852504553411839202883053690201156	2.5449594003557528785025016133776728	2.5039779872413688281554774914915698	2.4622186975016048025848489618731768	2.4195834786234257144047929921830623	2.3759616180309963995976270857751603	2.3312270657258756977161345397630295	2.2852350217414727118784021228076858	2.2378175282969314725990435187548054	2.1887776915595244168942443576619715	2.1378819803513284570406696538312243	2.0848497673773925618709038618645632	2.0293388175017663028368938049263209	1.9709246459756859576413842086378393	1.9090702888850605661113050935606769	1.8430804692159624245350104432040929	1.7720291213990189933422872204673474	1.6946386889444268798035597406966962	1.6090655049638968079320992837627057	1.5124842911072580221921573350554653	1.4001853565682824818851560164863143	1.2632546167964325921603412492152578	1.0807101566627980422518639899071706	0.76996420260802735641489755327401428	3.3785898503877102474211450512284485	8.2235956327924222528295493820501515	12.556877273358938519068066246073134	16.649417123000486723349417349383997	20.591287540037023072960132865130792	24.426083494868634950438502654363794	28.178760342531868036999611082802939	31.865141979562360313472954770654173	35.496010440835796620347619883523001	39.079104931049402459826524593925518	42.620164818468042008574672028734957	46.123481350468377325630620091220697
4.4271972153702969622461413237542208	4.3735419307881791918562658907807432	4.3210859119827993028417830253390642	4.2697657909791484589708384303433294	4.2195218940301200654829068504490801	4.1702978786319276133034306720495552	4.1220404087772631721254165388222242	4.0746988639517815934931987546994288	4.0282250778606939716441060590675569	3.9825731032983490494007069297986773	3.9376989999529720880403463084535244	3.8935606422757120323832058113390654	3.8501175448426190057635622655567876	3.807330702903765156563729715549936	3.765162446048442647648467061525107	3.7235763031216406536689219487517813	3.682536876707389865110572383841566	3.6420097256501182991203749282848351	3.6019612542183450960056624496274766	3.5623586066263125773928023894543401	3.5231695657197887518130767334365006	3.4843624547030679676150104067266646	3.4459060408352195262127579970755826	3.4077694400551494404418623055588519	3.369922021506560164087176675536014	3.3323333109247607354993081662162767	3.2949728918160282864793933177549495	3.2578103033050103103329564199323477	3.2208149334437808973330166175755238	3.1839559066638669568656522558003171	3.1472019639053799421680472051043602	3.1105213337684169107950170350403381	3.0738815927935941240105479420815964	3.0372495126803530686313945302323432	3.0005908918790795003578887974580712	2.9638703685295969997598981341130802	2.9270512111400314790642352484477205	2.8900950826767634346312861526537721	2.8529617728277702875215060136653977	2.8156088920565035973498052654068459	2.7779915196088209640117593151652358	2.7400617957788563549850294651080817	2.701768446349600154637346195925287	2.6630562240252007672286239599890023	2.6238652476168211141286523920271609	2.5841302143895377867829259615553261	2.5437794538335700074179652419905433	2.5027337814864805269950070167181217	2.4609050982768077104434619817822389	2.4181946626629419536818422986644739	2.374490937311574956772895916490403	2.3296668756769733668915581371600075	2.283576461090187860253025667027747	2.2360502330006521770339007442741985	2.1868894172912856203725743198514194	2.1358580955204895540800373436209419	2.0826725585951279683934752830421307	2.026986516044831883376679962336255	1.9683700262347739792210317261604946	1.906278585960886478633747417911092	1.8400061656341448728001943468993759	1.7686107546093110370971569267252834	1.6907899645603467354929841911075422	1.604658932528151180556588512306199	1.5073180030495599587154971406341222	1.393906242769967154767069757647936	1.2551408996857371926081103510136074	1.068800780551831921152954280897913	0.74257361056295216647595159096671952	3.674181127565015217011199893193887	8.4767220130820173203723807086425972	12.795217188098873862058864473113834	16.8798974141425198430163693202052	20.816830419447443477190629756369609	24.648190243912251490941667883423138	28.398286545661954803294993287218271	32.082606444406657009605410424513781	35.711739097005083652425764505616623	39.293303738115579403244403202683454	42.832957785857391286114860452992533	46.33492986264487700254155139131513
4.427073313799520782594902428275627	4.3734094133000613341214267535463323	4.3209444052398965432694775576758662	4.269614909076286318513650672897504	4.2193612385742681668240989876428171	4.1701270387765272966098473589162367	4.121858961183284010625060751138017	4.0745063726522265811418557415546184	4.028021094009245143852348720804387	3.9823571647864366630797461317365723	3.937470630882594949251726011274072	3.893319352277773053395417071396685	3.849862828232394137154195528922691	3.8070620376664043107529141914629816	3.7648792926480371572805749515379149	3.723278103127562097246684386707924	3.6822230512311326157089199579915643	3.6416796735850327291726209468003521	3.6016143502731213966252665729671251	3.5619941991412295529619304739787866	3.5227869742522627123597543601601147	3.4839609673660855757607196924770234	3.445484911368695904682331804634169	3.4073278846061072888803904529639355	3.3694592150890923934595572639329839	3.3318483835250843683885691153171746	3.2944649241011814815458981093646727	3.257278321885951185048523933723418	3.2202579056343074403202980383640035	3.1833727346659225207324042241265653	3.1465914783381037036996723233913014	3.1098822864427696006971090295422018	3.0732126486156237930012438312546841	3.0365492405431745077858956555183089	2.999857754376107119703039573741235	2.9631027102873716387209050244006267	2.9262472455271090918185091899959535	2.8892528765928876778302989193538169	2.8520792292124693231426030659563788	2.8146837296741783083874126268900512	2.7770212495632650691535351931640952	2.7390436940772246652446760966642625	2.7006995216643993109694073658562776	2.6619331795799886637596563007009525	2.6226844358289637660274277383449866	2.5828875825157414951694756137950002	2.5424704783447459665445912917976273	2.501353388194787570117005887680071	2.4594475642720012564855008055303619	2.41665349477155217993732734440399	2.3728587198949511854778618837870652	2.3279350778601709726022945586697995	2.2817351895314378815220694810565676	2.2340879103708119096596279677039364	2.1847923575691884102217007162950907	2.1336099330249258364184581192107202	2.0802534648222430640874918083379058	2.0243721003280444041410238742177274	1.9655297504175925670606618754957625	1.9031734042237248169323148133733676	1.8365848737633505654312536441240382	1.7648040729754094404262097986929625	1.6865003732538798329333304151050228	1.5997418624289420571281920163645607	1.5015434477859339230376258899712071	1.3868689964228076811084002258330406	1.2460028574512144613272490198106188	1.0552288278336666323965125075930971	0.70918721765949153406846311719789639	3.996044106573652656304648760326637	8.7555356417713200362530330270374047	13.058350201712973377578083110211322	17.134581425855860601863329575485409	21.066165636036947376087234570344907	24.893781891981886707723558316309188	28.641053662538038785324088969166612	32.32310793483627074982542513480808	35.950326607256040785605527061044795	39.53019935131601577531653219029846	43.068294546250902341517891289683488	46.568772314769133963104028760744853
4.4269370155542655703900748524153517	4.373263656363796327522504137848387	4.3207887800482955171356212413082104	4.2694489922115954723969269257204405	4.2191845928500929434100033282768545	4.1699392132718628805017401606635012	4.1216594911954711127578534063353338	4.0742947795433425346529708039677319	4.0277968849247715427885979007528242	3.9821198322290611728945363569754065	3.937219652127246500703215624811241	3.8930541886166780690525707918807539	3.849582924040978614309564604346546	3.8067668192821941409900025212476168	3.7645681670554727487036721805500643	3.7229504564417216288764316148762636	3.6818782469728999260603817172318084	3.6413170507392025911313524569071736	3.6012332211193573682615844648117958	3.56159384684560493865266345786223	3.5223666502044882474031582516561176	3.4835198882441726369266209100763979	3.4450222559089348875736181745058651	3.4068427900515862337454500724051608	3.3689507732846246571682662762973206	3.331315636620020951351065845871136	3.2939068598142238607983353718704877	3.2566938682773345567282026978784469	3.2196459253204812333447701367602652	3.1827320183996892676561158459489826	3.145920737862680513209976165686046	3.1091801465109156726522812463511632	3.0724776380440789074039590515942924	3.0357797821473415341171862114002625	2.999052153599065960789903998481788	2.9622591422995784368875394898829032	2.925363740526289380211266966129841	2.8883273029757871580764135921803983	2.8511092742176115627487353654739094	2.8136668770033189795058939516481883	2.7759547533735568779878554968014533	2.7379245485876306646522512170116073	2.6995244254290788794611107490154268	2.6606984932326260414476774226855341	2.6213861317756985428648097637765022	2.5815211846215174243511304455640011	2.541030989077581442644242492248449	2.4998351999054266876300028514412376	2.4578443502053029760116322576726969	2.4149580739005233744428345735816586	2.3710628875401795611508140156931583	2.3260293909987915089834446346108301	2.2797086912230291799245878087761459	2.2319277710404450176501976446735653	2.1824834006693872195674751585180599	2.1311339965775824615039112553598679	2.0775885244817472827050972021085989	2.0214910364483449655759870599727187	1.9623985667482574075160687584762189	1.8997485700603218379991717177106307	1.8328092016595726922805830791137476	1.7606000151508356050247661975913835	1.6817584570409493278913881668634185	1.5942991746564477320786443085063367	1.4951393992239403898813419116545934	1.3790407904068608120047576978156862	1.2357802816508498668754588727991936	1.0398334806936734117270852965077788	0.66772886365642657409611171233456401	4.3434924331722980577937098182663022	9.0598285933876323588817663192426737	13.346211845319389548908760153548599	17.413462035478304761340222999021457	21.339313250455080824685747001270248	25.162892303066638521494259191171961	28.907102549159559040153687529675227	32.586690495935368379492880311345866	36.211817905587431237986043478116096	39.789836066831190897036689351544916	43.326217618923049265812458620999947	46.825048484793581363093879579537287
4.4267881555112919054428697868753092	4.3731044887349128257552040087011248	4.3206188588524983276350662860632604	4.2692678563038585149440696127170307	4.2189917660102889940774101668911751	4.1697342042374971770305642851783011	4.1214417936052933505673647262333974	4.0740638717641296162762565363977594	4.0275522297383366518127487191984032	3.9818608763608743818487715444544883	3.9369458256015302244725772770864508	3.8927649039258359774675231345388368	3.8492775751193482245677954314320901	3.8064447802755312299093066986916484	3.7642287908784542715522701041695207	3.7225930731157218440499931176359322	3.6815021617358432946130623433945058	3.6409215419181062782589134637147236	3.600817537754413186988264948177303	3.5611572060522902423451522806599607	3.521908234257242649638899449239977	3.4830388413615242495913793817482378	3.4445176807156932679373463116249234	3.4063137436886040806426294052531506	3.3683962631307259403543234948781611	3.3307346155836495918426226515220213	3.2932982211443164867177692959603316	3.2560564398332343018606713927419159	3.2189784632294621298774281024050312	3.1820332000172443490694780838771275	3.1451891539347673356659684049002787	3.1084142924182334729321805043578016	3.0716759039854178981098084617165907	3.0349404420910930771002432813175027	2.9981733527980237302663455915040929	2.9613388831222730192171352891821395	2.92439986630665227156317491798528	2.8873174795187329140837410174398313	2.850050968518078664261674258222078	2.8125573326351192745053922119331466	2.774790961876211391758991692042879	2.7367032160151537326319840232851631	2.6982419330129538927531548204322253	2.6593508508355318403034238710532483	2.6199689224504178134025933316641907	2.5800294981087860873934808143074978	2.5394593414317191529388310664380854	2.4981774355612257015300014058342178	2.4560935215960219143573212222833552	2.4131062920593125324149922490200826	2.3691011347428319235018027129596474	2.3239472830896530047179567119508736	2.2774941722585728169237582832685154	2.2295667153946092815236338434153793	2.1799590862792354356547140453437329	2.1284263949980213457397030158070304	2.0746733242834868505896411839360318	2.0183382677483131908895379069757494	1.9589706098679030011784415398341097	1.8959971769572863395512803179936604	1.8286708623941584186383557598164594	1.7559883950659657668569832513294085	1.6765512890132468419562672934991881	1.588313724400822839033568799054548	1.4880816079474703568195883938665507	1.370383665975185686398670822904635	1.2244019708049175492409768542275757	1.0224136920671921399207442778437194	0.61442693183160740129168001097820556	4.7159388667789003460693924881412629	9.3894020907753857346849830936504279	13.658741206052003569811544540010445	17.716535640018236270016363772660921	21.636297238913980030650194023390836	25.455559522078992267600047736395719	29.196478345583548042749123873661687	32.873402430875263089243695090930818	36.496262056969499877171824741388689	40.072262098781312073808473104406262	43.606773146986760528070062005270654	47.103801398847481454100343917471483
4.4266265531168409587124495228640766	4.3729317231777577233194578244465075	4.320434447525612909587534391079851	4.269071300098234594917637052612244	4.2187825494071366928654075889453324	4.1695117953385646253633412603014192	4.1212056440657567671397783330016048	4.0738134165981465385461138455961242	4.0272868869725347426721035547931484	3.9815800465156490176244319907113023	3.9366488909838682611582739776990312	3.8924512277205182149566746488826068	3.8489465002676861583697122139433569	3.8060956281323715862816006366820881	3.7638608596389580200732844050543731	3.7222056360035360005887594133638494	3.6810944649436365319287419910689332	3.640492802290173250693615901953903	3.6003669401991153096983239071316173	3.5606839006694880074902443095781886	3.5214113331626520462277173990028488	3.4825174151859384828645816453145792	3.4439707547523132946113711795808304	3.4057402936561827014442487762591007	3.3677952105136645838011300708065507	3.3301048225026490553996971492469444	3.2926384847021550790235549441164208	3.2553654858698319257944427763210086	3.2182549394079556867324599784946022	3.1812756681481257357531459036471749	3.1443960814276586952465735001659748	3.1075840427298980859527481644732029	3.0708067259072287587925180600965491	3.0340304576887462272518432599254501	2.9972205437786713316342535500369851	2.9603410753585134957735378285078749	2.9233547121900017305282501215508643	2.8862224377448487525801980440346307	2.8489032808177080492292161558803148	2.8113539968534235687579598243387842	2.773528700661943261779600222037955	2.7353784402001058849581188478064184	2.6968506985286106303136651190602038	2.6578888077095359045353850827658358	2.61843125402554727819055718940366	2.5784108480956793696557028237790781	2.5377537256932489461979865161301731	2.4963781345568951993982118722937015	2.4541929480807348821465009156164684	2.411095826769199198280252231248361	2.3669709201629724275038079088157302	2.3216859615981164104341101902724713	2.2750885493624670878694737089801339	2.2270013204151537240979183973778612	2.1772155900243275968318785932820509	2.1254828237836977204510349603871185	2.0715029769475389189459899553430151	2.0149081874077884767809292702923088	1.9552393663814500146010460991624542	1.89191154103479473560785848665579	1.8241606147312979769663635139420518	1.750957819336626065007515455844628	1.6708643516532548264642179380995898	1.5817661482072979296459056169124394	1.4803424553487254919346240089706013	1.3608537956186936349823777688101895	1.2117835735172228166157328887601335	1.0027151391969135479492937464100451	0.54107793623998827924605848813752416	5.1128888878205524452570719900147061	9.7440702496497107455165354345178798	13.995882621216172201689789984334158	18.043802962928736096674968107022208	21.957145887705726937011929306721324	25.771825956065462172644985593883407	29.509230536914170958401941087215505	33.18329628844182826017786704557406	36.8037121954497574078143119375627	40.377529479514659798968034160895587	43.910010765271164156692989285701246	47.405077168127043042127122320894524
4.4264520121107171948626657525024798	4.3727451561821034449817111257608757	4.3202353350776961222317821987684119	4.2688591048654611087571675963985675	4.2185567162815926422067443290982103	4.1692717514636915018029494681545949	4.1209507987570150543549381043464465	4.0735431611255557978990884159233697	4.0270005941785921911030170494857777	3.9812770702469792508964244342367275	3.9363285653192000467822497501657702	3.8921128659808066904338939072488048	3.8485893937967361214817135049870206	3.8057190448379307725829837737513742	3.7634640422850925718850032197717934	3.721787800245151848599796629753669	3.680654797093306550249230105954377	3.6400304568060187562868725173247654	3.5998810368803431776966420914163258	3.5601735215433961803108288901295233	3.5208755190433200937326698052423868	3.4819551618805310478196540225745431	3.443381008885781107964261292681765	3.4051219480791016868033931413634013	3.3671470992508492803065183816046382	3.3294257151918835093796479815163531	3.2919270804626475812668621403872526	3.254620406528539973469850182991498	3.2174747219984485520996039526691408	3.1804587565806312601334692971083137	3.1435408172097472864706736639991121	3.1066886545945392424434088850785024	3.0698693181771146102754225577939179	3.0330489971724618131610414022583026	2.996192844953304311742157503667179	2.9592647835430078086778883783237629	2.9222272843517164140881874634010966	2.8850411205043831069973822923748563	2.8476650851203503857467630383753073	2.8100556686537606244523330330785277	2.7721666868128585146024564321484559	2.7339488485388982548849464507009543	2.6953492508962506714822350346074898	2.6563107843045169455332510287862046	2.6167714270536253655378246183266434	2.5766634020915547913713942441177708	2.5359121611036576902701770186348424	2.4944351501048754884241691321299227	2.4521402959569711464430071000165255	2.4089241326372875297150358147152042	2.3646694570442891795601693360021072	2.3192423624866371691892361632640396	2.2724884372234734642403882009626929	2.2242278249194546279260801483246867	2.1742487060767631388132791232594546	2.1222985443547799983450585106294095	2.0680720960566432676019316371061149	2.0111946074160675729258804713703676	1.9511976357232716573608983317385226	1.8874831503288816573979722821321451	1.819268195111697368724136957986393	1.7454955919313939023967694084370299	1.6646813951182706106048514040269118	1.5746346354273213176599376338999402	1.4718905384746572220372047124344427	1.3504005728967168067313840702247118	1.1978247840787478046409659351053676	0.9804109434847044658337114219859504	0.42169758753060083987126665100524358	5.5339330152464566315887553599141348	10.123663157909689675033454160699515	14.357587227093086116301545454858775	18.395269815507602700499528248923854	22.30189216700239349468298163570987	26.111738541429100552912029126820196	29.845413001797809480366883884355209	33.516428837684465792728134613882708	37.134225447962365934669631530312366	40.705693943998157210163757751443693	44.235983449767369083253921716904134	47.728924804677043139517395837774736
4.4262643202250012264684963262103633	4.3725445676536486168697396809853486	4.3200212933371674314515736691035094	4.2686310340732116864457370889934031	4.2183140214235192502881016907542373	4.169013818372940367353104447747024	4.1206769940207484241585131661087522	4.0732528318425661094997684962663358	4.0266930675393700527255608360948929	3.9809516529132197459703447225739841	3.9359845425840950013985168022399958	3.8917495006949899689111488794074445	3.8482059250473758900334907762549316	3.8053146863702271989414095051948275	3.763037980656165290671239555034607	3.7213391927005371269871124637566078	3.6801827691552667003333155272513298	3.6395340995614320402419616978167395	3.5993594039536333889246760898269582	3.5596256257367866217677609678555564	3.5203003286229221479153050925176895	3.4813515964820510831124921788250594	3.4427479350080641356499883162588576	3.404458174127171915182170564224843	3.3664513700824090718039474012630936	3.3286967061122021991749305587173021	3.2911633906022167122210951903554699	3.2538205515254486150769770580380338	3.2166371258927311227490271635090717	3.1795817428104102679124551688434566	3.1426225985782788707815474406169807	3.1057273220522404782886287803824091	3.0688628282326886348237301720603065	3.0319951577106349472887205006083997	2.995089299192200072460636005984726	2.9581089918093497975135012386019726	2.9210165032844115925813416252505977	2.8837723792126492301822230416824358	2.8463351577169940079231077367611066	2.8086610424507896899148387972181781	2.770703525296993360741841838477528	2.7324129480271309526370716706246888	2.6937359894903581446741390816364204	2.6546150613967791148713056172178153	2.6149875911528849048529103243007266	2.5747851640960788579429835947777593	2.533932489282563266466416253945744	2.4923461418724606783753691807629766	2.4499330199005891076676044257057068	2.4065884319875623143516913540284534	2.3621937025491679246395213115247855	2.3166131379867742559091677372533012	2.2696901343576766757194160704908705	2.2212421130585754184480137359340624	2.1710538276764438859740970907390586	2.1188683607578450997613053692274766	2.0643747677574582624816689126614721	2.0071907235502125771646113235099351	1.9468374858216852101144948099715025	1.8827026070714214130443592801494183	1.8139822398028263321154100476140474	1.7395876042487847728693718077547726	1.6579842722273596342473964173872417	1.5668946584667638604966752638881895	1.4626901702425030017757743807712856	1.3389654817229287412428678889021295	1.1824056493832989429720485690497656	0.95507217219950513204120021249840839	0.27433149603178425446579847455055491	5.9787388049791512440912422773962152	10.528029306376720144090353024977041	14.743814339009212555687111314415062	18.770947798444035302034589131821894	22.670574075601768235441643658520751	26.47534889212738039526200847024421	30.205084045137284063852316768315815	33.872861027294261713771917102249592	37.487862842131770545049515028884597	41.056814796217018812817316067371366	44.584747346886734918428456306672758	48.075396014282773573861887842682451
4.426063248856584429013706840660713	4.3723297205776035981922875572204418	4.3197920766044362751622868148957969	4.2683868330286864861906292664354835	4.2180542008020780785674067351450197	4.1687377223147059964978195066048813	4.120383945962212091978632113465268	4.0729421342470863710595732810056805	4.0263640014370078212842021377975844	3.9806034772253174473346755828355594	3.9356164932128436179034704923699989	3.8913607893618036019233397884754096	3.8477957378667741239024273947193129	3.8048821821476461327249948996991479	3.7625822888990261600689334643137193	3.7208594113318657017332723056308374	3.6796779619182610728687043422985073	3.6390032931016825608725983674612344	3.598801584563146291906913108653555	3.5590397357406322841194491266300662	3.5196852623851434031667868406562525	3.4807061960023832966521115455356518	3.4420709850750218348589652604148075	3.403748396985917100618256031036049	3.3657074195675021930208948650325542	3.3279171611856155832706387048801978	3.2903467482254757814236511779004008	3.2529652187813850179812426822857379	3.2157414112563261600192199918479761	3.1786438464494686630091837036551717	3.1416406015419801832714789169072434	3.1046991741786236935833600482255623	3.0677863345735801022672107658454818	3.0308679632326802383624226301387422	2.9939088714643357588220733619184888	2.9568726013275314770842423354601457	2.9197212010106384962211826556174343	2.8824149708135168740647677286859469	2.8449121738720341054996527484427238	2.8071687044552931997092047494411149	2.7691377049990579622960214235396065	2.730769120901140810320950433666855	2.692009179341915430892826680370058	2.6527997747929521890283652426087382	2.6130777391428689628406951836419734	2.5727739680830500211729936515684885	2.5318123669589426560006378860780631	2.4901085678378280636245905799145672	2.4475683537957579170005084703378981	2.4040857044769730085792217157044318	2.3595403459244583025206854191545808	2.3137946430121740262662686783443373	2.266689607376224569586827770806532	2.2180396959212584660385930061062655	2.1676259253724874700570763437381474	2.1151865935814551229852237017655784	2.0604045189869321522667184510519081	2.0028890759220840691575476077141499	1.9421502029538484972959638490936662	1.877559562083315650024519319407981	1.8082901958585899356143657495485597	1.7332182083782423943667242639340238	1.6507527461520744821173627311430472	1.5585186537041216279597216652428745	1.4527007752368346557056815643103586	1.3264806808352975770734322598052671	1.1653816308703368446889885202138302	0.92612074254678839388496862547428229	1.0349770951488302575347208629678796	6.447043089318146876348223083146622	10.957037411395271573621508728672112	15.1545326469967274424963770577427	19.170854931441533849043912091502892	23.063234949129494809808213676190067	26.862713424122815147256396470688285	30.588306411847163853932041900766175	34.252657927342275424965776224359468	37.864689195730331580201508618425759	41.430954755881864201845661935323941	44.956361580659159734627729799207392	48.444544964532282385730312051564202
4.4258485527127307604535575784360112	4.3721003606544089583743618041437013	4.3195474212767418536056751925390284	4.268126228491410884217970193158528	4.2177769711651975734216714850278192	4.1684431696104973431106231742795358	4.1200713500187351536959301126720097	4.0726107523893351324297457437374344	4.0260130679838126230846074594035879	3.9802322027560574833117797766589392	3.9352240635829273760953111329024713	3.8909463644498455189964832226315125	3.8473584500392258090989051459168983	3.8044211344285664154865031945118969	3.7620965528335195388464268101585236	3.7203480245316369923920418740420679	3.6791399252767583417117625661409169	3.6384375676644263973312272609247596	3.5982070880360564033618633824479823	3.5584153386155977612240250080004314	3.5190297836574829453503008408946239	3.4800183984494838454683279959028816	3.4413495700588014115657378838726318	3.4029919987342215936386361799472179	3.364914598880468932079225784784509	3.3270863985025525624217190970301618	3.2894764359754496474838888651014763	3.2520536529261137198876108235754353	3.2147867819169121953203018445747516	3.1776442274878678906719609820082961	3.1405939389439885694827142486907467	3.1036032730556506396157536292639479	3.0666388445651978393084390898141757	3.0296663620490571673260104944976853	2.9926504462549237070803852928540954	2.9555544274979407709366947799157519	2.918340118029506144860004422359136	2.8809675544514846457445687956167441	2.8433947041898437600009290689323594	2.8055771286996925955133603853096537	2.7674675943637942694330895879081603	2.729015619851519676578868849374603	2.6901669458662504786184058402688113	2.6508629095064511181939211349881478	2.611039700591513720613892574545656	2.5706274708247054400278367351788595	2.5295492579600154062632197250603478	2.4877196753059839871141268217658697	2.4450433006085582433665549662326196	2.401412675615568074765522717475742	2.3567057954012406707597566816224038	2.3107829200962600266788620204791036	2.263482473516039141161620811959878	2.2146156910680890574886422994416415	2.1639595227637364754762931222121836	2.1112470507995528728872703606543094	2.0561542818498272656031157132048253	1.9982815045877010093762775876610183	1.9371262350787003356640182681233616	1.872042640235987553318222287971505	1.8021782192705717531480477874333886	1.7263700708541803673609116524758832	1.6429642658967093311959422512299136	1.5494756428540430888080465889237618	1.4418761553518947236440431814233757	1.3128672153336978192772834039269624	1.1465768823081881279543505674005279	0.89275013459571613354776252726016882	1.7127341117753999919246851383180243	6.9386447477043111918401133030376175	11.410577684870750679253249282551791	15.589721218349405816451109908357507	19.595016201279963636892744346660345	23.479923725144114032281818775937244	27.273893451739507553828227592563075	30.995147278559131493401022723578928	34.655888650956540129444022696376725	38.264772986136756505618760545687218	41.828179783342946742753775003746537	45.350888035819383934744788076043455	48.836428025939907723260359466741348
4.425619969428607639693081905154111	4.3718562159065835873186898980518953	4.3192870454431529607657517398495888	4.267848928255107201333020602106308	4.2174820296069337223326378014112502	4.1681298462062161258819596030544734	4.1197388804933315617327434117836953	4.0722583483859239878547409799486808	4.0256399165148862285850599525622211	3.9798374654090716994478320007272473	3.9348068754581276919863696693380098	3.8905058328122626701329637628129895	3.8468936526697312304124724612499331	3.8039311176608506062032756301229816	3.7615803292647247256850925151851837	3.7198045703942077212446710310425618	3.6785681774580098063281655213524798	3.6378364203582392039581470181245993	3.5975753890081462752871769566457669	3.5577518850598679195203133695535486	3.5183333176161203884819419014841864	3.4792876017635613489621228775861835	3.440583058809143385829002674664396	3.4021883171240042851797458750454023	3.3640722125014291162135783994071397	3.326203686915266128134861251137894	3.2885516845208466855716575953504364	3.251085043669762304863349894160519	3.2137723836089678588509355234231963	3.1765819843996811544243017205015172	3.1394816584158958516005629814115676	3.1024386115589262275553196199685427	3.0654192920429198184460935424501768	3.0283892242540210038756513757456085	2.9913128247460603719936672927538038	2.9541531968866076774305940836812415	2.9168718999801805615928549146490909	2.8794286878334891227997101962853609	2.8417812106406348911977285744247094	2.8038846726885542571564550034532538	2.7656914366256396906685260396025748	2.7271505627789425964984531689894294	2.6882072690830779782059618163027404	2.6488022933685838827983215409130882	2.6088711347304287659880289179993172	2.5683431440070502400672987956230378	2.5271404244005764141458310333252892	2.4851764910182706276274581279483951	2.44235462122664748886822853555932	2.3985658040988481488626478221634589	2.353686163719314809711418655250545	2.3075736827227166922602846474856266	2.2600639812722174392443891164722297	2.2109647997956893810851200834545607	2.160048669485033644285074086400814	2.1070429952156309962485335385341308	2.0516163537143871639332367608053386	1.9933590996284310577394087086224377	1.9317551278133223090974397717234704	1.8661393557462499148347313939638343	1.7956310583757928610482492934595954	1.7190240036392405307796017921011175	1.6345937034945316383993014218702814	1.5397307818241842906946131744899252	1.4301635914770575774813900941564909	1.2980327326361926835497823133584707	1.1257749045446308995594205154871066	0.85378258085449807203942910789215386	2.3710574263460936442758493325322204	7.4533981316610831467927425101947095	11.888562615075406624536797737282039	16.04937030440576248294054292259523	20.04346402107758627998840907529602	23.920695159579007511805640291132271	27.708955251991998936849486325655376	31.425678220390577688947403571819841	35.082626253589824100960519031294413	38.688186197158708792998422567349281	42.248558880599930197409597327731943	45.768391114583186103484215229976004	49.251103483832046845110761591897879
4.4253772191557559445299071391949396	4.3715969962555989264379187202438171	4.3190106484485741899978283226932764	4.2675546206974450241290892124142688	4.2171690531014234759940617910742321	4.1677974171886827523529981134177967	4.11938619005193980403342837744366	4.0718845618959019953991870987284739	4.0252441730408095141677281803143196	3.9794188768458576290815701086527282	3.9343645253873483222097809949974462	3.8900387750546661832985986918904555	3.8464009095180368299104454114510835	3.8034116777788166837153912498090559	3.761033145239375993370181458136538	3.7192285559278969721010929356210393	3.6779622041857538358956543669156815	3.637199314273489882906689137252195	3.5969059264770116869337530141778082	3.5570487883994669252595956426131855	3.5175952502076057438431243104456872	3.478513162663960620430613439009602	3.4397707768186425648752127511049169	3.4013366442564380628804414231513345	3.3631795167953776402402383126027337	3.3252682445108999727814103522856602	3.2875716709133716065231930053377738	3.2500585240335131350086855159851134	3.2126973020660973212725667183156531	3.1754561520837811515500766707953059	3.1383027401524225003111221712061738	3.1012041109502179246499524136248131	3.0641265347042876303721044103376527	3.0270353388972530004301493731893509	2.9898947217451442160842639973620962	2.9526675438847632460454869616061706	2.9153150940035513763823696944420101	2.8777968232595619625434620213334995	2.8400700422222519974845275145452981	2.8020895726480106531264246642580277	2.7638073445953545444618767678080215	2.7251719270593599505949628060220102	2.6861279772913768012338192562653609	2.6466155900319263206404456564652089	2.6065695226900193120545285810769642	2.5659182655806067943208356160271255	2.5245829170087288729147620597000368	2.4824758102809030001099520253940543	2.4394988221775500404700732016103161	2.3955412678489717871698363359754357	2.3504772521527280758825327961588276	2.3041622968991331209779659914686512	2.2564289889486159204624631842471008	2.2070812819021941880973012796193315	2.1558869111492566451149177325621394	2.1025671081314754066231096441221455	2.0467823525254287938060277576733704	1.9881121450164285689698404028505478	1.9260254520727504549397266047644424	1.8598360158403412966585564654544056	1.7886319201997175141513105848071317	1.7111587683627590663438527952074412	1.6256130453769512593316542346536186	1.5292448205328551858548356628509906	1.417502736341391606730841377640639	1.2818685292150742503840858778718497	1.102705229769285281339287520594511	0.80738790175024741716293417335824294	3.0270785744197770381909149539128914	7.991207167781557520687823176154285	12.390927323768948428901702967950488	16.533481953827327178698552108726683	20.516238595767479939013924878746768	24.385609989960794835670936192642275	28.167970093406245105625378466892048	31.879975150013312084770973522506552	35.53294760743232977888855374321537	39.135004141279247874872428191026943	42.692163866105397596160516742560642	46.208937464743166169248734206308612	49.688631218524865026966222226989343
4.4251200041203829570072944440262178	4.3713223930675762899253281220108416	4.3187179104254771087399127052697347	4.2672429742962873854907395679605246	4.2168376980020113092012379381258029	4.1674455262658331473753731561104019	4.1190129091827509997007702333544324	4.0714890095570262483309366079542048	4.0248254396585536193972766577034702	3.9789760238688273988453668345762203	3.9338965840570595685752026578932506	3.889544744854004147033543205874808	3.8458797562807260910733578951931607	3.8028623314450590386587622780811544	3.7604544972436478310588982420838362	3.7186194562046366866406962774303498	3.6773214577772627320612909381235945	3.6365256775219503951921149799477338	3.5961981027789837585215806828907323	3.5563054234967733391021378275807764	3.5168149269827764212295129247304249	3.477694395401659818143457056465793	3.4389120048864463786807532641483752	3.4004362251487635444797183636215009	3.3622357184732277051769348688498602	3.3242792369570254402396548069740642	3.2865355168070659513014001407469528	3.248973168431061019795598924089625	3.2115605609515512603737823081824728	3.1742656996290998063895286342122629	3.1370560944954728593438320923001559	3.0998986182624373088394814685717505	3.062759351275239222270096107969043	3.0256034109091483650979449219725282	2.988394762344131712443651882464651	2.9510960070739149055651550627334982	2.9136681447811127059212339981395061	2.8760703032990845838289397325743008	2.8382594302320424680295674013390933	2.8001899383450687865194817886225305	2.7618132949710448659456319580734492	2.7230775432817143364689935932157737	2.6839267401575829509092305307832655	2.6443002913186386272984085578044409	2.6041321590003840447301520986029562	2.563349910284500137988413796815293	2.5218735645161254051986453387601592	2.4796141850287464482482247551550943	2.4364721421271688580398023716600236	2.3923349486482209408503558680509603	2.3470745328965614895865609010655468	2.3005437608042458798172662869710658	2.2525719409179391848424767493743527	2.2029589276930024544805147019290683	2.1514672559122279336094983854461625	2.0978114488065810283570742751201269	2.0416431667543042400041510782867012	1.982530055461957846335139295450538	1.9199247222193005832850514443022187	1.8531176110459756241171626174499651	1.7811623169391863766707773423799655	1.7027508489483348034189694267287883	1.6159910284799404064502140334595552	1.5179734523988871506189328427057112	1.4038242381874657456328115376326601	1.2642456775486545846763507245358052	1.0770238890244687451316338358756567	0.75045744565025165490132530487772073	3.6886653588967127469994204207399553	8.552020108175410787049085454106414	12.917629563338283428698305314214321	17.042070438567666348637787156166045	21.013388190865571649351620188748476	24.874735041824534302375499137120712	28.651014226283451163641475871155715	32.358118226430697210541741886577538	36.006933248716078899711145436519182	39.605305254843329107152758291356433	43.159069120944774092896679558878401	46.672595676530930281373745459591329	50.149072351112224140933006242174635
4.4248480081501909348545839755291639	4.3710320786664879512466055752314007	4.3184084917919698375134574960885353	4.2669136371110073533213914145374575	4.2164875995040083075598200172886995	4.1670737952089558842897272106980178	4.1186186456157909218175550478848016	4.0710712843803989035423353367794128	4.0243832939186427737817324164329814	3.9785084677582504936424671823055071	3.933402595595065611077135664790752	3.889023268225929557594605561115181	3.8453296998187062598194938961779198	3.8022825652342685679230407498418796	3.7598438503391903946585707997885017	3.7179767134437547045447335762346169	3.6766453561700725959622941058088166	3.635814902201188517500980571570587	3.5954512824854915624320638084740404	3.5555211255726207872414797754250536	3.5159916518377880237275073546730392	3.4768305704118824664548943681112832	3.4380059776743658646048702296996613	3.3994862561850504666683460382760541	3.3612399729275680829290525697401132	3.3232357757118361928860355243524148	3.2854422865312302094842041442216799	3.2478279905913734536881000649355676	3.2103611196166446635998434077702443	3.1730095278929332161225845544106846	3.1357405593148923194222174312958934	3.0985209034634885649681060980460062	3.0613164384351956008873917424318204	3.0240920577627469216493042123728383	2.9868114782909659907118985350283255	2.9494370252757335820119661258998648	2.9119293902280574993425662548446252	2.8742473560869067024974520243040507	2.836347483119908410819338681777412	2.7981837474445471063807571177859765	2.7597071221373081843977860620736266	2.7208650884173581613474124997003535	2.681601061170586288932457062603303	2.6418537088609413821295004429516472	2.6015561422975584214844175548714523	2.5606349392743504072483655495613815	2.5190089620321396199502108342753828	2.4765879107303581008539634178206954	2.433270537047844248148539551850771	2.3889424152330093974888856440678647	2.3434731296568230387653056606324223	2.2967126823162912756631272545283524	2.2484868413537413700603665723734361	2.1985910269286685752471462928304026	2.1467821372786662568565572994511498	2.09276740920792604593769812670148	2.0361888993114994246728800863350704	1.9766013053039163530681991311590734	1.9134393033605212735526322135274016	1.8459676900352922603115437282108058	1.7732018892028086625991566760735841	1.6937741866417120437132454830478925	1.6056927092062612927908558870126084	1.5058665258319608478213688478829182	1.3890480130827036044942955367300428	1.2450098638664317431420853034599875	1.0482837510423873761202511982103772	0.67692877065054484532388845606671706	4.3602784098502092049808285281515405	9.135824870648276990817086075892441	13.468649413146374714509198947410336	17.57516250162144676875385116136621	21.534969303440702490174177531685342	25.388143275678508221977141651322139	29.158168831826938922748978771091274	32.860191731088760599645135189161984	36.504667195341043790360594234903992	40.099170863722571114832129625963973	43.649351303778919577377034811932368	47.159435945496988465448607147043618	50.632488851981169254022767768116276
4.4245608961684019440620216840904093	4.3707257058134429432426355115682644	4.3180820327147361453808323409264433	4.2665662362272805208058812296564875	4.2161183710694053850659738311896235	4.1666818232552198610818816847806826	4.1182029837009260234934070741782947	4.070630955101448125836914791746283	4.0239172881463891491991491927084517	3.9780157435607593057544133202021299	3.9328820768230820805810461880424714	3.8884738427379792183540551483703804	3.844750217327173480290882408270992	3.8016718347558922660251714615154426	3.7592006372340222692665129441583972	3.7172997360262799239371638594429535	3.6759332818744173715844041910732122	3.6350663432794379395054602576251776	3.594664791214128751621379223595096	3.5546951889368118592773929221242812	3.5151246856567397332354323635798877	3.4759209128607205659197574738733621	3.4370518821487573461796913740456207	3.3984858834437072566840165555691944	3.360191382435251368835837904791675	3.3221369160901877975873222605532632	3.2842909850072059678011572209619742	3.2466219413122179945737961807035976	3.2090978706754733795271107210565361	3.1716864668797189953384007270381819	3.1343548971721346234445339759020908	3.0970696563834646100875336164399242	3.0597964074840307908412868196897152	3.0224998058537214264262296801117297	2.9851433040524326193814524613829833	2.9476889332636718058554570749533502	2.9100970568149498365446670831223695	2.8723260902108372087072902738417245	2.8343321808907900397753014961581522	2.796068839367843786724949316283794	2.7574865114122328958573797475386648	2.7185320783755513924168673476930084	2.6791482694120613878370541308109289	2.6392729649748984086082480570042086	2.5988383651676808197792261271031358	2.5577699887761329494722063904789392	2.5159854583116745987035007069606405	2.4733930120285772871766749615103646	2.4298896639313207638491973374946667	2.3853589047000210874648256379422894	2.3396677962644565113746341678167858	2.2926632542039853777529776857876178	2.2441672251635150825332335358517622	2.1939703343732191507806215424573963	2.1418233727098111556706295313252573	2.0874256634712433867019848104896584	2.0304088046371746935175776535345188	1.9703133483420105135319781348473546	1.9065543061828325838781340270795684	1.8383682165288018852284774036720501	1.764728201897963232052764859595191	1.6841998700198177716652885051159825	1.5946789501580768660351206651901056	1.4928670813741050909783293691707043	1.3730810522065264753466062676934098	1.2239743786164925355064579658491131	1.015887554519512885495157647672848	0.57163970983686904174719566797713072	5.0447798141324848489842252971287674	9.7426449002427549990083787300739423	14.043988728315082596140316400283765	18.132797437681030018236723898783034	22.081046735771905093146140034497009	25.925913772738586283118691655833066	29.689519927922442348681051836745416	33.386283908974902636532372790038455	37.026236732714881548458466851534512	40.616684916974997119555824831355427	44.163089031795945461108151320258027	47.669529698473875814063088607428663	51.138943108941210483610655540291201
4.4242583136535086688947594444937077	4.370402907150510304756523839735689	4.317738152535172317463579278154806	4.2662003771636269322377959507083533	4.2157296038117002435522335500945805	4.1662691864684679687295297767962822	4.1177654837421898206973918902375601	4.0701675654850268211823371107486445	4.0234269487148060339147802002344748	3.9774973593269165089050923116697043	3.932334516455439359520432638247625	3.8878959366655911743302048075118857	3.8441407554448983942039837155870873	3.8010295637122076226241163853561879	3.7585242572845772083814293678653391	3.7165878974356995270739506430426817	3.6751845808469900286270728798964312	3.6342793173961779247585785439435455	3.5938379143493165504336388357330509	3.5538268656214926685506956720832024	3.5142132448497120442939643055212055	3.4749646010791831826279050986711039	3.4360488559008842844254579056634907	3.3974342008937513177467849671771246	3.3590889942180921834626666087285811	3.3209816551761014705671415749539241	3.2830805554988246570871612987413999	3.2453539060331249642670449447536689	3.2077696373835131594873290053389397	3.1702952729063894951798949339487625	3.1328977922515160348548751765252736	3.0955434833884873625789638283725832	3.0581977807323243064204036771097059	3.0208250865777918378512917588370379	2.9833885725456456655330653194665836	2.9458499571109996623254577875703442	2.9081692544897366185290200425319046	2.8703044891588434690966490499747868	2.8322113690211096331536135626715215	2.7938429086138626476124174457922904	2.7551489916974158216156407064265696	2.7160758598945177522385765799937375	2.6765655105844077497464326384387276	2.6365549827017583351801386862439453	2.5959755030535845987533887033219125	2.5547514576789276580468721941087328	2.5127991418153052692501720481755129	2.4700252269979771545394882442024906	2.4263248629061453231145885747608983	2.3815793020566318440589678403120839	2.3356528931106895791582989895965044	2.288389226731738116607977544974885	2.239606125813967898121979602432437	2.1890890315518824430809200386539764	2.1365821175270399115959482535476651	2.0817761114030449518557635409156871	2.0242912180541987117861659109794049	1.9636525273152558999772750847570318	1.8992534674047186308557529534156823	1.8302994052655110029458045886258231	1.7557165077392553900482537107906245	1.6739957707320178079124750023982058	1.5829058053272339847748520249927176	1.4789101661949214806174040120927063	1.3558146043018334263202080572625412	1.2009103929181081113425518388834976	0.97900959905742429740498882891169283	0.36010133805882034406450733751505587	5.7441697529872548573025268109166294	10.372535482403718129444579585793257	14.643670387512918669900845215696198	18.71502701907285681432785197756178	22.651693573498243079627245105153904	26.488131658421741949931745784560287	30.245158229780126307145877126703464	33.936486772567733778324964496328801	37.571732164986688301218522482030592	41.157933685657705310151565460217414	44.700362524692006313354548765880282	48.202949179446838039840882213802914	51.668497451620110073319128730652008
4.4239398860631453639835318542858742	4.370063294607411088686933596030531	4.3173764491569784895578117337310338	4.2658156432378257711554820840190693	4.2153208658388760558524711927432865	4.165835437056308627013366048995495	4.1173056812861854755233450372551633	4.0696806335822476049332648445591121	4.0229117752666796460277765947517817	3.9769527952950013294320098216795311	3.9317593742408408532434120702069208	3.8872889880877953494048353800475173	3.84350072929935201455523750717607	3.8003551428880871923974904798736711	3.7578140754248520841481686452074004	3.7158405351208028565687973215239279	3.6743985612813194626194428054894416	3.6334531015732849679529608291188153	3.5929698956668922655520446712389722	3.5529153639112174077196335798717518	3.5132564997796128292478873686458336	3.4739607648772180118130098454670538	3.4349959853378406642422120305688955	3.3963302484511609314796497988302935	3.3579317983521113524404462097660294	3.3197689295711978691531942611005426	3.2818098771848030709411618149458839	3.2440227022151174905520117598838326	3.206375170806089381900679391075031	3.1688346255390577360604623818427789	3.1313678470422185223230598947952137	3.0939409037824825773837495692819302	3.0565189875943975608499945522230462	3.0190662320827566092083355464480841	2.981545510512728605592489614731696	2.9439182091471162982407338878803912	2.9061439711687069793736698332077834	2.8681804052910366597565989898565686	2.8299827518499335889052991994686711	2.7915034974979145030770774155391993	2.7526919274813585200463734343236802	2.7134936017115266256848898347914784	2.6738497372323067848147229821242914	2.6336964749435586635064912475932101	2.5929640021395652416144779950666371	2.5515754939689967024408539637816506	2.5094458254480108187348540301130572	2.46647998988558148868922030330548	2.4225711376011345762336697408861975	2.377598117725915536145565493148401	2.3314223611736740219656767199802917	2.2838838773962995183609309929458279	2.234796039695282783364313440673496	2.183938684268971949898649055694637	2.1310488135269706669236057468427733	2.0758078152446216176139713586483829	2.0178234763116476522938811632951573	1.9566039714965768098425324361022386	1.8915190135624270888294589939546869	1.8217395334165525584890994985980004	1.7461394721986728542057185224884623	1.6631261133534269687088024618196485	1.5703237787811856677688129857969861	1.4639213609543712227002632737452502	1.3371205044000450226360877638834364	1.1755331313441512055488270088851388	0.93645638970684906827373987078042534	0.94791204775382367135868714323688424	6.4599393626530028788221258264118478	11.025580441747171426841911475348596	15.267737379657459064276462816788511	19.321915279991221218039024384218825	23.246991071119042758257481352306087	27.074887963253370726089987846604052	30.825178963925662948707572895048246	34.510895866608852883650695850944111	38.141246529455023843915536317962835	41.72300542398130735366374697313437	45.261253208530814326811625330704461	48.759766991938491162575231939466324	52.221213628524663629603665806052919
4.4236052182203755902766261257037213	4.3697064587692383513947425575110555	4.3169964983932963467343793384928706	4.2654115948911991244000443936545846	4.214891701552351239294742410048171	4.1653801026410248422287031024929974	4.1168230863621171141615715815644029	4.0691696509364057959912557965609219	4.0223712398829191271374839545718521	3.9763815030180621840428754453521535	3.9311560800440386155541171125433571	3.8866524039190438418460294978528021	3.8428295214839056574384580513775923	3.7996479290683378751153444235707806	3.7570694210182306665721349240084657	3.7150569492758171130764227594679402	3.6735744923094912176179765703115034	3.6325869318310565178166595522612258	3.5920599358564938473557739005252153	3.5519598467630008025904459990036612	3.5122535730704351044923544535944901	3.4729084837298676411844885012752371	3.433892303735237768651859545447507	3.3951730098857019290008746117501143	3.3567187255149076296327812398672448	3.3184976129675571286410379982360945	3.2804777625406353373054703222481469	3.2426270765133225395967197472302897	3.2049131467614960404113105713578575	3.1673031242842081102874603967429224	3.1297635787525127633484486432461256	3.0922603459165428879289970741958746	3.054758360361365593591353707197258	3.0172214706699993652928574805744524	2.979612233510996772975045651931431	2.9418916824910405451888255336505551	2.9040190667617254709539548197366124	2.8659515532975370361314670133656837	2.8276438854013743281255206612567426	2.7890479882596016010175730433344173	2.7501125101407015163581048504061983	2.7107822849493728738560719943595912	2.670997698086271004095793606207812	2.6306939326110448445040646986482448	2.5898000661199293371721102619234102	2.5482379798957719793999450188091859	2.505921029848871172554933100752111	2.4627524121844635085560798670073504	2.4186231335762362209506753829310668	2.3734094627914478012826260639206605	2.3269696933751286036652167011126331	2.2791399774725009959613671805483122	2.2297288866200744067655766944353936	2.1785101953687492893126305517310155	2.1252131316326265262853520677111205	2.0695089287902551955249202415674368	2.0109918280615104767362783160148205	1.9491514805906523952836559489080248	1.8833315053862651855392262426547986	1.8126647230381338774910698495706627	1.7359668522524290475454180455513211	1.651550964639541397573474264609494	1.5568769242536451372447807397589977	1.447814930374464638167347211186389	1.316846314135390168733593007420974	1.1474816291331920148153469867290181	0.88639661001596520308423965066956844	1.9542430225455191570927546491537475	7.1932591303818193917142446480587556	11.701889166502610458432992490976837	15.916251763103353813770567543463324	19.953538172180011235115570192908115	23.867028448519907344102927697397323	27.686279421395857996445774511184303	31.429681634290370351806250536508024	35.10960999151329142030052657977784	38.734875271446873140636645702898363	42.311989989714340482912416986434093	45.845843276057816364307932647758816	49.340055594268407958592503900596727	52.79715223287056111304290379709812
4.423253893660489138189990204820267	4.3693319682032600212261275527807824	4.3165978532712803410934303573601132	4.2649877689685171404384450954902537	4.2144416308995742050194458780585217	4.1649026854819686809326492828577726	4.1163171826707925069532767885076448	4.06863408173515869128083716583289	4.0218047861941911712681036207368009	3.9757829044309407760429236590142455	3.9305240328638140975814595185997488	3.8859855588733964282590383391573615	3.8421264809630104184132666806693495	3.7989072438782090148306017813426947	3.7562895866271624258336205775571219	3.7142364015325858015451408738546024	3.6727116026095653113531880619928512	3.6316800017029429304537514802966784	3.5911071909349710929943094319469496	3.550959430109018652799681393447965	3.5112035377889539349245471236077437	3.4718067848267278148046824876974115	3.4327367891420889697457953751901085	3.3939614105677471887362545802103917	3.3554486445595593908934972143690404	3.31716651353240850250243699186993	3.2790829545160139350850413591263416	3.2411657017271905281607689689353327	3.203382162521976264295846784724381	3.1656992850158565991007146232655705	3.1280834154358007072297646821698744	3.0905001429831386248224228109123565	3.0529141296292294558972647779181413	3.0152889218177654590422954384047177	2.9775867404875824688690261413081332	2.9397682451276709106939765017454782	2.9017922666933880640327026157590382	2.863615503099276780228459559175761	2.8251921695898715636256654128773915	2.786473594485304607164969235332615	2.747407748477888538431953315971388	2.7079386926491670028167459378515653	2.6680059264484012582266407205630926	2.6275436116924051560305857835870261	2.5864796417456881726749061617724032	2.544734515747135105563922173293296	2.5022199650879843526066311062632909	2.4588372618706750539965310416909496	2.414475114618574367572233556394802	2.3690070217383048069295814855569676	2.3222879029696735478634156326428154	2.274149754999741183806583717641763	2.2243959659928857550040257273794141	2.1727937521432065922349542464077723	2.1190639077960759104972838202713985	2.0628666177993597193947806810012211	2.0037813327854876884099605473331026	1.9412773927774002182787265144178269	1.8746696594659260979599068920867854	1.8030486891795387996734531588275174	1.7251651193959401289541529926945624	1.6392256233949133715290393571535651	1.542501742613706849525350153485233	1.4304914747069668432235454484612156	1.294808772732161489708785818907761	1.1162880570048467928735810461371194	0.82577319845662315201741909087031372	2.8915406397219856100119831239065558	7.945087631574845110629951970997548	12.401593905739660780539571750718542	16.589293525188326564141414475096094	20.609983104983769131841917208423076	24.51190260277399361717606669100143	28.322408207436218123872675782608309	32.058769739348901929702226272637106	35.732730883433876699322563905376518	39.352715876757648561195699201489642	42.924978420559077904453082799132147	46.454215199833202481106761935616588	49.94388674375756065476584135447285	53.396372072988012882247390609290162
4.4228854739363384840413247005662245	4.3689393687426841337705231462302102	4.3161800432918731897360079479416797	4.2645436779511804448192380315616187	4.2139701485777473161138007378149418	4.1644026616466685604777558636125547	4.1157874267196864994832757879828438	4.0680733619058695720335405128859548	4.0212118284324969028970253771875559	3.9751563908536763911243134074168247	3.9298625997834715193727281435394488	3.8852877943568844134105745926588662	3.8413909219008067291205785553047722	3.798132372542160808439311404952462	3.7554738266954174040931133737778066	3.7133781135590758041384885634320886	3.6718090789124473102088513931137777	3.6307314606421993569735088235477916	3.5901107705434742661655402372406404	3.5499131810338838632337301484412712	3.5101054154910298193245868074558258	3.4706546409750610934292541992212883	3.4315283621273661317165169550989905	3.3926943150435737946470847600283648	3.3541203599024992663114022415492692	3.3157743710907780913732521568764476	3.2776241234925890778324809466004406	3.2396371735116740742332643756097793	3.201780733254139476247953420136097	3.1640215361184114582144447576866721	3.126325691805853271199537986901492	3.0886585284703065369895048489857037	3.0509844193543381067575088410825636	3.0132665907954471224030010520212424	2.9754669079044101830439359911099699	2.9375456334887558560870497070594012	2.8994611548774068302454935205865287	2.8611696721440037284170982083278852	2.8226248397546655297735508699931183	2.7837773517846199920606351758252465	2.7445744584265806154520377895709634	2.7049593983715436708192118992605135	2.664870727531185910321919080555677	2.6242415191402544196753592568280844	2.5829984030309858255360040267697812	2.5410604020959692664471235291201022	2.4983375106089716084564953014200067	2.454728940612133488255664467730461	2.4101209366749792808640594695320776	2.3643840224136531919220082302210579	2.3173694886279107244013930556916535	2.2689048537877180668979376126359025	2.2187879081167914477564274092666599	2.1667787676973850670053003875314689	2.112589071240289504880425487321323	2.0558669704595066362791941736417024	1.9961757464198429083413758433482537	1.9329624343225443505580360615374708	1.8655101432065729050314858185949284	1.7928624470222211187192169368942071	1.7136970149668221095235864234122654	1.6260998867388046281570289876899707	1.5271258197164064557648467321773274	1.4118349090776657295888962794539042	1.2707847888662402456813054363883164	1.0813292635498785535299790101172299	0.74878380945265566722937205557103972	3.8047067520961154669073231156067662	8.716238061977499721974759455602743	13.124847293600038026523816429854373	17.286959364978969556422024912076283	21.291348382168998427209744442141099	25.181717739841383611631094489547461	28.983381612348276491707364036018438	32.712550439266042446912654115514602	36.380362848807856655744439607453465	39.994867458765458513993080457662296	43.562062462919076586845937562431382	47.086451194255143536865588249132897	50.571330885683770804850263345842222	54.018929482742116555744024790587583
4.4224994978799494004340245543543369	4.3685281827250220961646089437191846	4.3157425736423464738213629682337068	4.2640788091410702301468774922719874	4.2134767231858502531950698481709732	4.1638794801276795794206860280486608	4.1152332469009715089697225289060328	4.0674868981507439797852494122408467	4.0205917504190496908305774048196207	3.9745013219274183349063547892407892	3.929171114849604930798857940221051	3.8845584172835420963579671228965796	3.8406221224083500584134173270901717	3.7973225625555927864288985119342838	3.7546213561371744411898406046743097	3.712481265557965208706339493456802	3.670866064401433490046351532991116	3.6297404123130831223303957564327052	3.5890697361201107323472338415686514	3.5488201158177145010009838050537219	3.5089581741229670111159850702191187	3.4694509683461168964648889922517152	3.4302658833567278014289018995404614	3.3913705244264952928241470103148672	3.3527326087114657979462234470290479	3.3143198540908354289869587559687682	3.2760998640053091389067668193459383	3.2380400068307907293781567514284145	3.2001072881783911863328251283462797	3.1622682143225362053506674005369345	3.1244886447164744395003219292638632	3.0867336312483303498476999676969864	3.0489672415057632676582220155185913	3.0111523628349522725886250539569514	2.9732504833757423872617098889688288	2.9352214454964027463870411299225449	2.8970231660971023597221179500678502	2.8586113170444177236845617917403706	2.8199389574638645091507949611732622	2.7809561076533783022250581581960012	2.74160925184835700520049858560669	2.7018407537791152984922926064765285	2.661588164649667031120996752228783	2.6207833974622598281010776133842758	2.5793517339863085560310748617021864	2.5372106203630986702266149764498378	2.4942681932346999749502309880575505	2.450421458733065000522958660473903	2.4055540191615140046767427244741539	2.3595332028921513101439154606232002	2.3122063958261918160471335390949448	2.2633962879577859230889533709663547	2.2128946200218362763536902702879324	2.1604538154724472105940485878180909	2.1057755639747395092239750798818742	2.0484948964380002027207311737119339	1.9881573915963274771648764245578777	1.9241855476588880830488936717554852	1.8558273382086676084097308257736923	1.7820739698455721546271530377897832	1.7015210226374150115040749411956358	1.6121171612358409229448508457595341	1.5106661267791623227463285928244808	1.3917085223382064768687859036737851	1.2444987540526150224150957704440681	1.0417462120458085286794200513185395	0.64165344608335805358791274010699737	4.7108970160171482723257773375591511	9.5074208102152296965915440865541187	13.871820061483559471235970878980593	18.009361417780599652732468949513494	21.997742547218554327288825006759177	25.876584930949932042325834793485334	29.669311659743799516250077822837505	33.39113417213000201949919943361866	37.052612350919840885734980167419811	40.661430297060528017706545178182738	44.223334049279391816230218196178552	47.742632622264607050434556998369934	51.22245648244829301741431967648538	54.664877567011980129482685788388209
4.4220954808181234223094758752357319	4.3680979081826171523133889536927122	4.3152849243589442633379669293488189	4.2635926237922439762699217719125678	4.2129607963220778597846645020851503	4.16333256190207492275541916733109	4.1146540425090322913372774396935231	4.0668740669180996278893535951331162	4.0199439044845833427995467333777278	3.9738170244786128678390898465104438	3.9284488778746067201304751866974506	3.8837966988101832658343634988078936	3.8398193232040237898871054794670688	3.7964770222638105851433445664654024	3.7537313488266590391773147197432777	3.7115449946584589008345097930841751	3.6698816569969728832217908023791553	3.6287059127584527395744256051415185	3.5879830989393906169613516758975167	3.5476791978353301413698937272533364	3.5077607257672515425843100943604341	3.4681946240530507308240267127539107	3.4289481509867294609988439561316369	3.3899887735899532380054553801679371	3.3512840578782762240076021003220884	3.3128015563352122842868358882932141	3.2745086912088682091989353865217708	3.23637263213319830147273881015116	3.1983601664248825937147165453171897	3.160437560209437265077995918958402	3.1225704082781248053271213829058593	3.0847234702584342444732789040693818	3.0468604902807196102951343952610094	3.0089439968216351293411476534491983	2.9709350787764530759205587105049529	2.9327931330222601279293553704583997	2.8944755777395644611444631638255316	2.8559375244996457590075078430839512	2.8171314005216751156770474271351132	2.7780065104482153963839204881337733	2.7385085243354893619008846341083523	2.6985788751029064782320078437693806	2.6581540441553635277794857778685392	2.6171647078866081573008172389989195	2.5755347097290484108399106415595889	2.5331798115218029067990464086178572	2.4900061630302991494898014139503317	2.4459084076889572915641179591245121	2.4007673133552721639600727228777938	2.3544467748872758389323895682356281	2.3067899740998825816249488237162037	2.2576143914638741380389080057407951	2.2067052251041829124026572962525303	2.1538065559972769425221689024105208	2.0986092503374437993561324040367263	2.0407340127951709199039020135186403	1.9797070100171535525888886514416624	1.9149236942009673996018015532005729	1.845593066110569084462753487153567	1.7706477875888119758406980493189028	1.6885907387532466194775438740926086	1.5972133773818574692774037754023372	1.493026876314326887691906670055169	1.3699497513263003481996518214578086	1.2156041774128511698328220203822724	0.99630112370224370406642826188272942	0.44810486697218560346869752400456502	5.6190872254590731863617322830846388	10.319271658657938346125210176393723	14.64269890530919032050073514133992	18.756625936399298964969122258131866	22.729283647965734469331502772354641	26.596621598442932578097653782720212	30.380314663499411454008134231046817	34.094634218112014394721575460612234	37.749587546253158122625431364964558	41.352505323957823340610381302642622	44.908884720053727922006388715000286	48.422839342186792927644780053067622	51.897329278076577674818869643241851	55.334265376788967327873838033220214
4.4216729137394068635052596844750059	4.3676480179825862868067229076136861	4.3148065494367644488481010319714703	4.263084556187468096702085238276385	4.2124217816233568699296566217795503	4.1627612989300204386524879063393982	4.1140491826938224739498303195559285	4.0662342133057869392996955108920583	4.0192676103177619718801277131339675	3.9731027913068510530071613970471582	3.9276951531579308620555985250511696	3.88300187298451268638267629978678	3.8389817261813952265297089944135365	3.7955949193418044339490263577209838	3.7528029359814539647479959963124923	3.7105683931939242681399440141616308	3.6688549075185486913450927427622219	3.6276269684349516277951762682038127	3.5868498180087320914491100961701222	3.5464893353010129456315737720546426	3.5065119242212712133825900764024008	3.4668844035477937606324550552021673	3.427573897862641991182040373697783	3.3885477281473123823539773892669898	3.3497733007596872854585560880714438	3.3112179934598306105068929488229986	3.2728490370689300470478736354576282	3.2346333912276054057402383835484052	3.1965376125614844154005808103833103	3.1585277133562158741573180545158582	3.1205690085812946571446352265730956	3.0826259487699667836373605877875722	3.0446619358457852802881855032320515	3.0066391184632442593036165475497217	2.9685181627745430385110117388252739	2.9302579937106097112910153881860566	2.891815500825234979784010939966547	2.8531452014345343883135124481616211	2.8141988521048747103607097289272671	2.7749249973888641635786962556799211	2.7352684419244870612257137762761042	2.6951696283839106600058752226706115	2.6545638989868715258463065349561468	2.6133806119577794722488221508903262	2.5715420758034057073097893906867423	2.5289622527469055634583566454011335	2.4855451667904432826612839551710914	2.4411829297740184167802639468001981	2.3957532675329483615591460527979924	2.3491163832985681510680915379446875	2.3011109296517300257764690367134723	2.2515487619517014606821868426583716	2.2002079957514397207147382525466056	2.1468236547836991523241952285359469	2.091074815097221333399074902631362	2.0325665147113162440421748504672829	1.9708035939893420162289294033721763	1.9051516273579663829690410874739063	1.8347762695472254284285292649864937	1.7585445131481656618723323857172029	1.6748541156136175253291127147271912	1.5813156521450534625006109913643422	1.4740967842728878505652470113895737	1.3463631240043311960001319993684966	1.1836562239847568191213780805000008	0.94310195795688486188389699643978648	0.94885562133572620636603835040372802	6.5347744171943330506679562427196599	11.152370966099951066145657806993313	15.437684480494428977938188079249819	19.528891941199995472650890663002663	23.486098430509793460998537128152472	27.341950935689043001302838071922314	31.116510727819947109155237202275888	34.823166210294558212233396546964592	38.471397767444912460761780878858973	42.068193555135166763096574399087513	45.618804985427767904081189700422162	49.127148989849313627601804222149066	52.596011492761130156639277631573991	56.0271370078703816493320283162384
4.4212312624096604835786325462752482	4.3671779589132525653478071722411472	4.3143068758837905675705313349585059	4.2625540126562313550782388140033334	4.2118590637434682865401303723572289	4.1621650530887299578044575233661559	4.1134180053460015604284956203929567	4.065566649892445140797307641558717	4.0185621537370237678223839281108217	3.972357879891367110904576707983482	3.9269091681206785421539678817285806	3.8821731353007388376332143912135741	3.838108492878109562787646955264773	3.794675379168041918966996602143998	3.751835204431996958589403531856277	3.7095505068571411846189367762212008	3.6677848177147838393744204200060982	3.6265025341060618527712605003904474	3.5856687978114606801379008059732927	3.5452493788472199355188306511665676	3.5052105623961340344083122138315279	3.4655190378229685041662988808691536	3.4261417885046303857530669499677022	3.3870459812015989579700383641941276	3.3481988536679216231957961080134954	3.30956759913999229503500511929263	3.2711192462558994379141014924749054	3.2328205328331181479939417970969011	3.194637771766252875695730667064879	3.1565367070919090915496902715512637	3.1184823579929838335180710347353968	3.0804388481688651330295266289518118	3.0423692175625926510031709748906424	3.0042352128906689843227909994453497	2.9659970527365518362447694214515354	2.9276131621075503627602657725991333	2.8890398702682479135246164756606488	2.8502310642837949635197678026475364	2.811137788946158803682643629211976	2.7717077814947130606002685711144478	2.7318849266138347278626817092244143	2.6916086133677373264527286989970276	2.6508129706968018772800875560371526	2.6094259514001441472831863302798959	2.5673682255199462850472937562972504	2.5245518317857430789086103122187813	2.4808785188871347541363938800084854	2.4362376847450559546519898020204848	2.3905037884734149514576141858987542	2.3435330614252064007746287143505612	2.2951592727304950718905788891173513	2.2451881982153629214923362644169357	2.1933902779957566568723722720971225	2.1394906900954486014038026033912311	2.0831556483857203033699797107419727	2.0239730285894644537450791322099531	1.9614241935369438728125427396340264	1.8948416302094071886440166649016043	1.8233426391058001753922596174402062	1.7457202801136623931787528987466526	1.6602525452764565546091748884209998	1.5643406249269391434815657948997739	1.4537455261539950398666273732603566	1.3207105287882955360465059544601271	1.1480690259854613651711419174457086	0.87900642944224486577887210835905036	2.2072425532936825998226431804155797	7.4616770583092325287968681228338215	12.007256973987579093833270279084208	16.256989502146371963308078049314463	20.326309848612191348468544090275991	24.268321471378218998010035048474166	28.112701265323136710987165404955854	31.87802319042414434836841687899379	35.576847590517944177389854676932588	39.218152949874041096028704425088383	42.808595460185234030732660275583346	46.353183622384620619745817129131844	49.85563619070016751837977929874517	53.318560941695455584284998799629344	56.743530616401876321878696237893399
4.4207699664332537161404386994858721	4.3666871507139023260195276472080472	4.3137853027156866683698546476281059	4.2620003705306994761372244359641743	4.2112719972659418383422836929596025	4.1615431550376741551560701308471674	4.112759815909453107659665313235444	4.0648706554918732092381796185759848	4.0178267853808558874324588359058596	3.9715815110106756444098529335786161	3.9260901118476214895790196309050169	3.881309641156238895921771152665082	3.8371987428388875128211223142026712	3.793717483084670658848553493018231	3.7508271947690829729275469903444895	3.7084903327242111302544158243430829	3.6666703381519889037233962106566861	3.6253315105823698691745882400744106	3.584438885884673387931578106579144	3.5439581189245933210757466753146441	3.5038553695218711573937864312981268	3.4640971904035859967064535390924225	3.4246504158655044204879387135017922	3.3854820498467702021053780248066118	3.3465591520905249042390397182518998	3.307848721001305401045031419860497	3.2693175717163912821332921178758295	3.230932207777354233689619060775947	3.1926586846144266670576536015840198	3.1544624628310689567653178661538352	3.1163082489895324657515663118155685	3.0781598212363243277146098979989113	3.0399798366520620398918719899766861	3.0017296166396063977784005206878706	2.9633689059485441940160170266236371	2.9248556000323236421437113887849652	2.8861454342953467801299704150904373	2.8471916273397711107307440616371932	2.8079444684722989344368409668104039	2.7683508373510629886218894812649654	2.7283536405666855960412623080697224	2.6878911459155806559614479585204898	2.6468961897971778223247409746731742	2.6052952260661480537592931639244119	2.5630071751009006873247632935920274	2.519942018798805059769676807928902	2.4759990691780180468445894861509854	2.4310648130017837013459880612159024	2.3850101988867932173769827314840932	2.3376871813068731464604820757712687	2.2889242591052776564199539168333945	2.2385206303914666905635085802321598	2.1862384070761403318758642333476767	2.131792049099435158209183625199702	2.0748337154101828703752828721746808	2.0149324446158459864424430648051085	1.9515436947547915421776399791165169	1.883963211045141880483217217712022	1.8112541748802964218623340234828342	1.7321260711101978709549342359040787	1.6447197412175086226194338033095092	1.5461923647639698634908304801537138	1.4318190794117131788776510403124734	1.2926974701684508113680461912556437	1.1080461077341047010470260857185193	0.79809689072301369336744401581020018	3.3580597790429610650863273306199228	8.4024936751170098345444532740926528	12.884435158730660888368904090629781	17.100836932190492728573224191062211	21.149040085790784169590595847140955	25.076094255869956701102925933413404	28.909005339593561594216998702560997	32.664978009306254471492041362714212	36.355797008346504261397643392956243	39.989962998220774685002051170831675	43.573810268469328756213750983130185	47.112106901669522516595137527115302	50.60837169625938076777034793049285	54.065030071891076593733316468839737	57.483477343604486402452725773941549
4.4202884382565938719803543391774865	4.3661749850444076028546532008505346	4.3132411998876632021940203006614712	4.2614229770356954790119203760048831	4.2106599055475368856596720088044893	4.1608949030106407382625199647620062	4.1120738861164386003467446180538472	4.0641454738253574771477653878756469	4.0170607193108845497321127242829558	3.9707728672694439290972430534038753	3.9252371335301672966908570063964677	3.8804105042023654849802251207277444	3.8362515518650511894950142579980146	3.7927202665359140072274286862573713	3.7497778993603501409161835244037862	3.7073868171374314684759350740123265	3.665510365950535135213748038695662	3.6241127422974449235841931891767438	3.583158870219231453246996098309176	3.5426142830092302649152932356100093	3.5024450081434950475849094696205419	3.4626174541116929897457571561014024	3.4230982978415984742385190207214421	3.3838543714002002576975780410008838	3.3448525466172474298245831539872545	3.3060596162109098457118650296634446	3.2674421698953373547226113360466948	3.2289664638123466281485949106998179	3.1905982814465811093388370432260665	3.1523027839479035554166266503450872	3.1140443474845492194147501935674043	3.0757863848719551503869223163683993	3.0374911482464966032030322116209578	2.999119508956057313632017457934474	2.9606307100892510340364150679654316	2.9219820861193439205088308630545879	2.8831287429431187256871908290074937	2.8440231900730693006457243773314118	2.8046149147942717687876073075756171	2.7648498855880405687274640937803036	2.724669968864656672869580049578112	2.6840122387777208989230479407487922	2.6428081542456827398940188300011276	2.600982569762514179796119978163433	2.5584525363890457798161674133911575	2.5151258353842184200975236080432362	2.4708991676343683351858098861397349	2.4256558949125892550686267090036083	2.3792631902685299510499970156746304	2.3315683985714946213297045948823152	2.2823943248554761967031275983141612	2.2315330418917517508461975374883121	2.1787376126011380471735778951967276	2.1237108106396721693321991489079131	2.0660894085081739245626239911398015	2.0054217252709055242621366696267103	1.9411345641244129658799003926273209	1.8724827483647942019278324256260965	1.7984686682591258472781362879157165	1.7177069098480936640514825112042788	1.6281803610065104912383209040396703	1.5267597066708595430079261479985978	1.4081334961501546867623652347635092	1.2619531029879214241030531028261468	1.0624600901184146542568672705244195	0.68652676377518183091629131522838826	4.4698065555982769816322883407797476	9.3592893937738850105374149473092487	13.784384849413490697872830027401742	17.96945823881892292910099191295043	21.997251697562691070748614506159166	25.909564209447231632780694720475069	29.730999585971494328626116215483831	33.477503092850855363424114887635461	37.16013366043168819596000048864442	40.786937088925496191566642592343291	44.363935205157691422776730740305521	47.895657739043728343431838319483595	51.385421438743554286039038514027028	54.835464909983034492226916026411347	58.247000140791308005274040806270133
4.4197860621104760801394313560584904	4.3656408243909798551677481381734375	4.3126739071595189497522214469912279	4.2608211481084834438755052717800649	4.2100220794878499307314903004269648	4.1602195615297162323990244406345692	4.1113594526401725060689270958765442	4.0633903121064395669767167245811493	4.0162631315218254152596980959068902	3.9699310915260393023181879029213356	3.9243493408032499621817245614988277	3.8794747945816486454874501242200447	3.8352659501422641806579318265809185	3.7916827170756405944798022144819526	3.7486862602259799867908331572673181	3.7062388534363599806967783832862158	3.6643037423573641029852177466291135	3.6228450147064806860996600482217251	3.5818274764678867416716209547544796	3.5412165326019497121222335186022236	3.5009780708913558582519041613074032	3.4610783475855691870560356095747672	3.4214838735164774708017068124304397	3.3821612993440100024588788868309632	3.3430772985493525358820263904538966	3.3041984467217104322188931402734181	3.2654910955786917415962312106671666	3.2269212400148766836505941825379234	3.1884543762811698164643868824939838	3.1500553491499753671766272744123282	3.1116881856066765022985505817760886	3.0733159122109632427381181688483831	3.0349003527729752036481250154948819	2.9964019023628470798850800040735609	2.9577792728844774020427281837510014	2.9189892044513809106225935417078286	2.8799861355439125703827659093692264	2.8407218233245801921017133314411802	2.8011449034342581805944870207969593	2.7612003759409429340733685496963376	2.7208290006624016697797532395756489	2.6799665805565184523246357105585453	2.6385431058723222228516582261306979	2.5964817237208326820221935933639021	2.5536974868457831618692982742182136	2.510095820460792305713813166783693	2.4655706252998108413966256345117339	2.4200019058153224602088756254345979	2.373252770602405421394160873192884	2.3251655910738115422457686308202276	2.2755570135713506653234732924658298	2.2242113819072638160487072247289227	2.1708719117736047943429731251097994	2.1152286125503634221898205934292313	2.0569013786293870504057044895815909	1.995415685551166445967936362164103	1.9301665523251828594082890624911886	1.860363074869567023489359987242118	1.7849390856923606613990819051385617	1.7024008818065495264756142419496736	1.6105482932955317280661861418244749	1.5059128160519684028058411919654555	1.3824664130617805792461435563346543	1.2280002532839211298963770490872505	1.0096282770740963137363117280727526	0.49020150121023458860581422250743578	5.5665486473419526962334228562702363	10.333711940710983718896383978858021	14.707563908856350855919495959976939	18.863091716703991704140880163040593	22.871120950453774142480967378650007	26.768883687920322578952951018058962	30.578823300390997949422989517696009	34.315727572560023481276670488951122	37.989976567320076146259215184769688	41.609182903801814950498684249414324	45.179064651937736786877846455908508	48.703914764685220671549016801582054	52.186845497151666809862764778475682	55.629903913183645253752297026002322	59.034112484170395964675192312844744
4.4192621928874397041975378151111156	4.3650840009040079954175651324840176	4.3120827328894877618373007196769793	4.2601941671437219163708410637427449	4.2093577762200834355608769722762667	4.1595163600360524296802489094652682	4.1106157156591608081158831471513897	4.0626043395319383360310303419695892	4.0154331583516779150974260962936732	3.9690552852136487338925992638542702	3.9234257979684439315540854106355913	3.8785015370431547452607781845466725	3.8342409202374584531861230447154457	3.7906037722342106380912664771351588	3.7475511667628279081445068631910236	3.7050452795253533083978739078791246	3.6630492501417584698780652338046961	3.6215270514937433923642577851195565	3.5804433649461595504341731696323394	3.5397634600026692113147674646087961	3.4994530770069924039076667982148141	3.4594783115330586530804371885807746	3.4198054991150798537956569973190458	3.3804010989506398705284512416533162	3.3412315751639995853955047946878055	3.302263274139633563379144699008813	3.2634622963233230282386437122175527	3.2247943607344044789626060060128526	3.1862246602305646728654256244673352	3.1477177053063894926788298126473162	3.109237153876732360975355187525887	3.0707456240790270292619646669716345	3.0322044866053244708672382744476794	2.9935736324166338359897030343613121	2.954811210863975958011519507400731	2.9158733321951941749852407791616056	2.8767137271001051064180853221734282	2.8372833542555199562381242749371345	2.7975299446604629946346047945736252	2.7573974687446340143390834615113578	2.7168255085739485965062380226707649	2.675748512663893970309905300634557	2.6340949045201304821442925729535708	2.5917860074479205779981702261951436	2.5487347365268282828785231195495917	2.5048439926395145603166179240113822	2.4600046711354275978094165569634193	2.4140931661537092763654442742702815	2.3669682062487721389211489886632862	2.3184667904960081265471015311150837	2.2683988949119467316710668254493154	2.2165404671188355739851608763966074	2.1626239888638827539758356746103338	2.1063255010305421620413607296202133	2.0472463427436552083748236930872776	1.9848867397491250314515228184848276	1.9186063495675434965505703275351519	1.8475629873156952099450730720419392	1.7706128310247409287244570429556115	1.6861379372837848632194387010471143	1.5917245041138262229200825942999322	1.4834986911134755997181446096439027	1.3545452147606507656877407940333825	1.1902085812146300011529718469851931	0.94684912075223041946059690906659718	1.0224292137550400411453265602076637	6.6604807586248033965631981102236399	11.32712082846034890455977251008175	15.654412014904762728487746463220247	19.781980859004536866475803422309482	23.770829937441095163319591666561904	27.654208930992366735002938495318088	31.452617789590758072736228242415971	35.179781016797950905294755638920724	38.845443783848681798796058785780542	42.456805789635736701292187925953494	46.019289226283326080442361957181722	49.536951304110333205151310696501554	53.012696967433963195415328243366142	56.448376714410904648395269311979113	59.844816966699483958042438679605078
4.418716154949980967219639243411329	4.3645038151635637446376400998241211	4.3114669527522298754010682405670604	4.2595412836586584066138262887813965	4.2086662177176130043879978387190855	4.1587844914315433989702670614895488	4.1098418373271636636517305527269889	4.0617866856726514605580687196400316	4.014569894784992137543671782891491	3.9681445065472437378927648332656917	3.9224655240948897268459520165464034	3.8774897089267678850120943741808924	3.8331753949549435064887691402836143	3.7894823172338442926820856751921727	3.7463714533052036637169299885296993	3.7038048752646880278725070421000707	3.661745610800338548456216798049818	3.6201575115733396509789406283591733	3.5790051274090808846767529084502728	3.5382535848413335750646128588298439	3.4978684686043786268692333151981156	3.4578157046966518465267954363196513	3.418061443643609257513170342347928	3.3785719425653722924588935293302162	3.3393134446038541477681217613640104	3.3002520541806968620195315015344725	3.2613536064376515101852201695249018	3.2225835290481415279461614768676782	3.1839066943755099926463150603620464	3.1452872596799236545164230514472818	3.1066884927281507974329029834863966	3.0680725797225300704462707301198127	3.0294004119147326110971395366678755	2.9906313465771927589343005063049106	2.9517229371327236716873262914149957	2.9126306261403299080046654187810935	2.8733073934346841148259027225980739	2.8337033499281808015508161213312128	2.7937652652847906845814231137652307	2.7534360146962148949664517908634286	2.7126539261001429957815658279026961	2.671352004052884781626375383476808	2.62945699964365605645008308593697	2.5868882866557334850066290414509064	2.543556491680745720005224966236996	2.4993618086606896165221560408997539	2.4541919042420055341581112216706126	2.4079192861287409833767079457377648	2.360397957251388973265806066671611	2.3114591059482514078469477005579664	2.2609054732907863474114894291512705	2.2085038710082698519298785583630658	2.1539750587832475845183804297045352	2.0969797591192800933571990132390831	2.0370988629480132891444430993399008	1.9738046084912102747145198457872376	1.9064171825496929794522027167699262	1.8340366656147896258841980695912844	1.7554308560708272772947138648832781	1.6688384150427557303360893364756628	1.571594296445248961195374841388451	1.459335175690945042639751508834894	1.3240300987876184302585830530037522	1.1477177693598905392311495594552093	0.86929547607801093248721129226342235	2.490603026384764682340958008690383	7.7589363663125812582885352625797616	12.340668723375940829595999794355782	16.62535291236364883033407661517615	20.726372774268938404817895547702598	24.696565185999947555641778269816073	28.565698982461657196363332716542293	32.352525462948175376813425520793705	36.069792583011464023022038697529704	39.72665153849372545503097928597352	43.32990783786546023820050309627787	46.884694772635210561503127947374666	50.394834263359970508371863951747597	53.863020728537910428429577694554193	57.290902751148067503738920203687986	60.679103751150552601724465599864848
4.4181472408650837097705110086784393	4.3638995348678242428756010616071484	4.3108258083758548385943592532809633	4.2588617118730691680945224194690349	4.2079465893106055183076487429957123	4.1580231105252704933941868759275373	4.1090369401419893594775198614722691	4.0609364387564301140234140604128479	4.0136723926413700535896371996388337	3.967197768607846673105224764587162	3.9214674909888073031836301904854362	3.8764382380064574286571672727729743	3.832068255040880710320248148291157	3.7883171825405544354897512537548262	3.7451458965093180951955359606815841	3.7025163596711387061037902296167152	3.6603914815557649767806422280269538	3.6187349858663848108909500739769744	3.5775112835852041728083355769864353	3.5366853503450148146093761934422572	3.496222606643933040572023004704348	3.456088799505624425360313125370511	3.4162498841879235649501738653701589	3.3766719045158106406806628993286733	3.3373208703585555775011871095479677	3.2981626306811094855840290490261063	3.2591627404720220255742860880159278	3.2202863196776533212752017830840554	3.1814979020476406778548868359953045	3.1427612715074768134848936324613461	3.1040392833085487796311424595565519	3.065293666744326900488113642573808	3.0264848056411228907505275490003466	2.987571492101535106757242450242619	2.9485106480581953182854134151518234	2.9092570080301354980389154036855063	2.8697627549924600685786343579128245	2.8299770993744793193101995702126346	2.7898457887604914483371066912687072	2.749310532699239889296822739336274	2.7083083228821397405459016810222345	2.6667706234741395125890540018393984	2.6246223990744330144894036756055041	2.5817809379292985668574849069195829	2.5381544145660138050628421761840482	2.4936401174129773246725779517149579	2.4481222408748365984103995667863721	2.4014691041494936836290920359969082	2.3535296051745495545200555583325713	2.3041286384483922551651082927086848	2.2530610852485053390906611656905057	2.200083798876556712628475794119507	2.1449047122028703952303173222674253	2.0871677107173414414938034566306473	2.026431092140205247007530286975249	1.962135978281063715095526162996359	1.8935583406559691408965049575230864	1.8197329799793758421790781994368418	1.7393265797320229601928493444316637	1.6504112029730184198765733333311418	1.5500237764660159695146804135470773	1.4332028366548371578745016458673744	1.2904891006363957690374762482621048	1.0993036649865985472614454588520583	0.76669790623101333216910057077534586	3.8239223682527983413811257266867661	8.8668117382534898976590655338292062	13.375354801363193083186788206131209	17.62079589704107444401472706486305	21.696516642910935409004289844556682	25.648516270948841058858002541572977	29.503514579021874625312171863981967	33.278688873088511781504321493275992	36.985890105059836276938822429850602	40.633713296290819112938389417143464	44.228586877756913073457379925442268	47.77536125825255646280803920154086	51.277622910542817172267722778150655	54.737852095056040660091414065336262	58.157489765553413179655636513458048	61.536948864119936438618737381320477
4.4175547100602388310172026442868484	4.363270393439170199975383683106782	4.310158505892480075192415814972469	4.258154629198028873170408611206814	4.2071980381062441630156141652598388	4.1572313323778177474309076379243591	4.1082001052058446307814218775281958	4.0600526438357465993610876380863018	4.0127396586406573090303550118313521	3.9662140372948660456065793276748635	3.9204306210215272732462462831586157	3.8753460001815500881471115460229627	3.830918326724145193688328058078044	3.7871071412397090593087965324165223	3.7438732125472278086862357492346421	3.7011783879124294132660262200673545	3.658985452132158784648829693666369	3.6172579938358842304668923715292319	3.5759602774473530453049900592421719	3.535057119318600052992429720504603	3.4945137665945355386528368518889281	3.4542957773878515880384344498628768	3.4143689008403141287608404792262062	3.3746989556149113919884085984419012	3.3352517053012375734886097424776631	3.2959927291196602534249383820673196	3.2568872861737393963607416710841562	3.2179001713172682469114335636880812	3.1789955604643944682648156978504079	3.1401368428664200593565887186615236	3.1012864374928922006174348031603718	3.0624055901676937986304234064423663	3.0234541474982951443758244498409794	2.9843903028650156409341149618246138	2.9451703087635257679998730521076837	2.9057481485604417794334470691574091	2.8660751591505912182322595602615822	2.8260995939918467887376201442367225	2.7857661133961651941433415938418323	2.7450151855786370186299163363512273	2.7037823775375246346828517095926655	2.6619975089746205730322323219919335	2.6195836346231823260974337618098606	2.576455809743429454441332897693692	2.5325195790238359019468635848270231	2.48766910897940765602969264004755	2.4417848555774510035232892043901092	2.3947306182555956547338847340828464	2.3463497724381664198850421753558991	2.2964603849712263340755584559959887	2.2448487838176261366537688159637423	2.1912609463255051821816445573891698	2.1353907391653588419925426954758093	2.0768634958650947119582609548059884	2.0152124799910709871469752641088345	1.9498441039430028068421177206704744	1.8799846157866153673827151327386775	1.8045946587922309918930978186689595	1.7222245630762262090555293178894307	1.6307514210226354190592610361485636	1.5268552283775587457876709822628357	1.4048337030154994510254754677046976	1.2533599107455538709547158618049752	1.0431259678536670869695316447315758	0.60798094187183267756245872153767967	5.1076160045591203680233379842915762	9.9876201245137298511006961014217084	14.432060861263470980061974968253548	18.641136720351223131335719149958679	22.692662209072578573398448598760233	26.626874432490695832137910193654873	30.467817008166697385614363230944854	34.231249703119503135996452661696683	37.928199111012717069665768323849842	41.566738739071073495293498146512032	45.152935375808264672333333733473505	48.691361565827336775512591718171703	52.185367544981645569300064984792886	55.637215345799976093615243502291425	59.048132160509358989077819164981253	62.418312304290519627020644735047098
4.4169377873955898042460533345627323	4.362615588542327813661966536563369	4.3094642143962354644046955673484851	4.2574191746270755046788021464358606	4.2064196713057319659965830225598078	4.1564082305360457017498729009358234	4.1073303703691643158480760671536342	4.0591343008310371323613782172382934	4.0117706523353873316237059066572983	3.9651922291362574312148185648011251	3.9193537848049807906139351726941969	3.8742118170039770948825859393811319	3.8297243790804913087505814011444603	3.7858509062208932531744214366808981	3.7425520540946270734197109061768021	3.6997895480785002693872679334147197	3.6575260412884711268241467145119431	3.6157249797587803886307667181962006	3.5743504731975689237068782190384177	3.5333671698142168235771010280227808	3.4927401337562143264458174079363798	3.4524347237111640538845547545496773	3.4124164712212845245387953716060176	3.3726509572209511060009729417813729	3.3331036852395063656320268890827517	3.2937399496072042834049498681748687	3.2545246968566852367062373104695112	3.2154223783181225007693498595699672	3.1763967916540800989239325250224644	3.1374109087578452748016554654621313	3.098426687031034728737861375175397	3.0594048605415493230763967250951636	3.0203047069155204254759805419159956	2.9810837850000972927427764658766234	2.941697637303071886933890075495038	2.9020994499061849505428766691954674	2.8622396608799511112723386025969054	2.8220655060853852105817879431459176	2.7815204884788601407740902185307382	2.7405437534279253630888173236088392	2.6990693478032318359015181382521016	2.6570253343175341156164699118587644	2.6143327241422951189274339686738025	2.5709041793836341937975554258411944	2.5266424212768937235360053613086478	2.4814382580719368099717804452330757	2.4351681156566855656479570589198444	2.3876909095512167249029828523725059	2.3388440319469713618666582168000873	2.288438130531199216025027997489602	2.2362502078789559116624110735956589	2.1820143385327925559608896732858678	2.125408927524510007676307756005992	2.0660388120716462154210125363050159	2.0034094315116357095296169909869695	1.9368883419787015787893316606697196	1.8656456359665869028900321823218928	1.7885572816334009707050363628156505	1.7040388698599037445324560707890561	1.6097374663185673154580503716045987	1.5019009584715814084363577974278865	1.3738952591388244854951736075741954	1.2118888990998948388536760042369272	0.97619956468332948329107030611059137	0.43051065054140633403733817115663125	6.3707538618855719227428341131229882	11.124019985529132391739420504812196	15.511576385211868049019120044556423	19.68675805285135332935942772589672	23.715058304323658915661503701312174	27.631831198602739815298911583025221	31.458766934047229988614347054411527	35.210347697053401481504671926681325	38.896841765731982495299069597545164	42.525832655786033008331257749848488	46.103039233362350629088848369375271	49.632760174205891567745186267949701	53.118108044152802044100393107568396	56.561122115692752040581658287868288	59.96280919230848098938795294078771	63.323135928698323344600687095083892
4.4162956616464310961470459301272902	4.3619342805084144771027601673673266	4.308742064302161628647594784960762	4.2566544470227078759579624601726762	4.2056105544103959693938347669101601	4.1555528351501872160177481437427018	4.1064267282491733312803847157433714	4.0581803624403674949457383476832956	4.0107642839002228064316469362908695	3.964131208945435046506450655473666	3.91823579870257366669962207031411	3.8730344530282928700618685566267411	3.828485121205608552641758246389053	3.7845471271563319951045907602286969	3.7411810070952636704991745923678922	3.6983483577106805138215478693678569	3.656011693089116357282594169102555	3.6141343087124190535920832899571787	3.5726801509412411745376959671392385	3.5316136904619915006465081293221172	3.4908997982131687526393624043565541	3.4505036223208069666720695330905596	3.4103904645594956507893017799896882	3.370525654813275644918897044082752	3.3308744219353158506776513603093838	3.291401759293047454813108228172671	3.2520722831295899433040164488075401	3.2128500816661146807631337330378425	3.1736985526020908575572468002361414	3.1345802263292372388622469531536636	3.0954565717429720375454292918128965	3.0562877809902702583499489981413818	3.0170325288067336403670435539787227	2.9776477012299901848416075663688654	2.9380880873816764883875585757937676	2.8983060266188549987220965534018051	2.8582510015783143808648421374120226	2.8178691653520353625604117164468308	2.7771027880720973170351206702962053	2.7358896043185913523633562558733856	2.6941620376721017735673680333884811	2.6518462719578702314655126460227133	2.6088611296188962319664004113881562	2.5651167052619477441652564800513412	2.520512685344836323911184015154831	2.4749362611183614763446091807368894	2.4282595080982451067295548952380674	2.3803360565330437930167351156351523	2.3309968056054259638224076747591418	2.280044326490109308661984937895077	2.2272454341372749394340568851295598	2.1723211471296508108690063419724984	2.1149328317892948968429252649809168	2.0546626153404371546503838112198692	1.990984908683452265857758075402171	1.9232235997575400063887527818136352	1.8504850672505244446225644143131222	1.7715480506439857190732153506881206	1.6846710165965078471739395346581316	1.5872271931513086994448930665694445	1.4749349448297154333734059489028765	1.3399670183434538391199559664321762	1.16502835748259908049184686289583	0.89310512579438523854026634401961917	2.2315517762713014865218135614895823	7.6279060753058602351507462204935418	12.278106758028655460506245822834261	16.614616270457956390848209653741239	20.758029609924489561608297078468622	24.763951399815331818540942403331333	28.663577009559728745163574248811198	32.476523188524636390441923360547092	36.216119528423797261470679717036074	39.89193573122217686215638887530269	43.511093734796701266295278300731289	47.078976473641499801988191071962405	50.59961171770065589164041333679042	54.07587227724042245810703890051638	57.509569635717615098452014894941265	60.901482974871663738580051914291555	64.251341066191018053169981928176192
4.415627483889789835214026168367141	4.361225590658136102905163491419793	4.3079911455988404782458308329456866	4.2558595032905537796615383135349618	4.2047697093087510575834035359910407	4.1546641309643571389656358000233042	4.1054881241135423312064881145289331	4.0571897319050142707164818171672639	4.0097194117671780149842795342708086	3.963029787312647244149937656178288	3.9170754221620165023580675976938545	3.8718126129699770308578540678667614	3.8271991991812680055855324238860415	3.7831943872555805374368793706285868	3.739758587283072926416283253125074	3.6968532600680659860829072081798024	3.6544407728891162063841784717046359	3.612484262250438913019048924823619	3.5709475020228554170489007744589867	3.5297947754316165469225129044299747	3.4889907493836426603021990561098371	3.4485003496359550661379337968412321	3.4082886352888279531560769183974686	3.3683206710387548738583012210284737	3.3285613955437649346241551205935512	3.2889754841323627463938961749085357	3.249527203920901972022233465292894	3.2101802591842803852309300782070408	3.1708976245408620425415948455195622	3.1316413631503573363378969081972447	3.0923724266653659742402042848725941	3.0530504330993265132519497585965864	3.0136334180451521519872871773247629	2.974077553759393710260240129956412	2.9343368294617748184214923857273856	2.8943626847175728044321562440497757	2.8541035858737388340869570585315047	2.8135045330760296009982755668834234	2.7725064822232768038172612985027612	2.731045662064892560826806048750783	2.6890527611664447712307765450458466	2.6464519521564246121213211941938778	2.6031597108068038920493940960443203	2.5590833740430304210391834386165239	2.5141193623747547159664455986555891	2.4681509661499488928015870241481913	2.4210455578761818924268567469656934	2.3726510390075086930627423660977608	2.3227912500642782321573147552056066	2.2712599529527029313327152781401352	2.217812808891610669570454944532656	2.1621564808475801079134500136877874	2.1039335070046272969939206448163269	2.0427007730863858859686014003389539	1.977897963271625837487634047535195	1.908799681413564828675238780340491	1.8344396508876587268788244347420138	1.7534842778382399893687317469213226	1.6640073797838670350663486966417116	1.5630528985807407347568034457386738	1.4456812622715028409349419292226615	1.3025050329504026597544564537828278	1.1112510804800199138572469328078759	0.78198305757307751283126111315598039	3.76644068030524923997760520128376	8.88777458379825974045132064534115	13.451585917442116443275600090617774	17.741833562766350786952530028304772	21.855308017524030786143764679299807	25.839584183218611277164731285695316	29.722299840789168602444804505067657	33.521241522760389310778197784198478	37.248697600416913673398289513549005	40.913592936750548342607562021798279	44.522613249096459409294796695711398	48.080815808530446165668581456465817	51.591959413385411960639527062624519	55.058674372242595832781140598833333	58.482538801855578408061466687292548	61.864096261850122009996489392361657	65.202825784383757812691909348450002
4.4149323657881826457101135643603378	4.3604885995168384103942124206513912	4.3072105059869123949547007595720963	4.2550333564327380431482053254702718	4.2038961122354112889951898180355946	4.1537410551707156171269941989372512	4.104513453618667745772612803795221	4.0561612606195643116234719611782439	4.0086348400941801160587030605811911	3.9618867179173958112998353160181977	3.9158713548556101066166609635034336	3.8705449386560339035865890806842944	3.8258651928170556764454004440366438	3.7817911997773944240081801595375983	3.7382832364410739539253351761808222	3.6953026201081239417112878333099808	3.652811563008523486941652338920598	3.610773033740335137087881055583478	3.5691506239928775423570625317189609	3.5279084189912357026946948179537223	3.4870108701294555045937043203426076	3.446422668264223524361916084828662	3.4061086161171106212860094568828177	3.3660334981783183280251493449770804	3.3261619464145073065757130573747051	3.2864582999523169980485049740497584	3.2468864567309236610031013435006062	3.2074097148825205380791782266671968	3.1679906012974308937156350246588399	3.1285906844457719747256875319441693	3.0891703680408190601781003218887736	3.0496886615151880635250448649211404	3.0101029225061251007464283366515406	2.9703685655672898648613416561853299	2.9304387300824904486255579217372987	2.8902638987740667655541978063674461	2.8497914561698781772592389872594305	2.8089651737738332534247459217260691	2.7677246052791456157113403793238773	2.7260043706950764025492045679143586	2.6837333023419694254131635054635233	2.6408334177551589700691301438571828	2.5972186738331597862739029401903296	2.5527934419077695232779307743754988	2.5074506230759706815905668589764243	2.4610692945017147404507527744785156	2.4135117364364113547475232440300915	2.3646196300682656325952946009832419	2.3142091277490071649797611141019509	2.2620643627128701656499987472473333	2.207928756220443645161643623140853	2.1514931453053694195007537588854797	2.0923792011162572112499885088661027	2.0301156592929742396151292790215738	1.964103185899770464740607010079288	1.8935605059623504985630715582055779	1.8174380324475411688659887123060683	1.7342715041276183802082009104454375	1.6419158744584345952426384843467057	1.5370146261573923116420062384066595	1.4137976310397128171888145185025882	1.2607858465314422246151522687928639	1.048184295227372469036783648764354	0.60435551485413500050842335340865353	5.2225920833845183359384121472086586	10.156134868862482237580018981679777	14.645881355558586383873105790697177	18.893828698580416685790707330458363	22.978936477120408131826265587139869	26.942194155980394438781423268188316	30.80818381853186001428549757702671	34.593073312750031437579299506374536	38.308208769513073811217267032648582	41.96191824915044204542689334951661	45.560473624352709631639856324833742	49.108615074540529362741308899846972	52.609833344381807591639833636607702	56.066512820961218016303574304331625	59.479992048463961938800907353374617	62.850569960079791401271700628756161	66.177461699145501674946694309166305
4.4142093777631147775153352885853117	4.3597223449134588915571106539156884	4.3063991488949341631146602517175332	4.2541749734713738503320373875955515	4.2029886915919930251341518056068524	4.1527824951166980104136255450156702	4.1035015603909711246878244956437366	4.0550937455740445076379460284541083	4.0075093160534390604872403834320356	3.9607006946471369560142238882708905	3.9146222336118296972006402872192152	3.8692300057503380072526932534647201	3.8244816121485664973924616911472761	3.780336004277781786254500783655312	3.7367533183740470441920491685887507	3.6936947201562152825289093473033563	3.6511222580682833474999237954202648	3.608998723332022886341191028943599	3.567287515171907329312632476477355	3.5259525096261566234310603592267704	3.4849579303839362015722841769222788	3.4442682200884787409992660567951364	3.4038479105159320772330828805674084	3.3636614899775262169980530244516812	3.3236732661937380391286233831805501	3.2838472227477138406375716179008882	3.2441468670339772709425112315913806	3.2045350673682092290040659924477297	3.1649738766018635915244892742106747	3.1254243391756990205213721202792139	3.0858462780284294334713100349099512	3.046198057122530988035701520975187	3.0064363145238156767723276614248185	2.9665156599269973750165804266443306	2.9263883291924261162823730683074624	2.8860037867654723276629738115274112	2.8453082646747508039929050370082775	2.8042442239917391184913875251010766	2.7627497209665065258850087054111027	2.7207576552309334960155153394112862	2.6781948710570386561131528047178233	2.6349810740667156568407645498653712	2.5910275141307868307675128993390537	2.5462353691772711216695465717069324	2.5004937423194109496560946234666391	2.453677153175410880681410015537303	2.4056423589274792255343724303846705	2.3562242743358584421882478242698024	2.3052306608627884110560493009382309	2.2524351037264202932012017706068347	2.1975675585191208533733359834564237	2.1403013663169002447719054320062967	2.0802349977717911790228693104073826	2.0168656798885333468166335076122946	1.9495500524885249770761501044861394	1.8774431659836968256337853739747092	1.799399325485702844079666143675556	1.7138011346628429982580073235173699	1.6182416383698194514104960826607389	1.5088710476970728260218301737724138	1.3788513428469956519106871657111176	1.2138133421586750743685587366250003	0.9717910312797904275550188651902212	0.75392882401424320320332449142329406	6.6451745855606349472054973766710195	11.437104908713071149939446750550852	15.862206194521672073595506051995098	20.0711562592042365453484031366426	24.129244274613486566391018953025385	28.072012245207887538068786449966322	31.921407820736219046401681808765821	35.692164210334732527380762488075668	39.394772982527797600933145553659228	43.037008032712011703272894010351482	46.624746878790961842870990394668859	50.162419526173602305372998452288486	53.653248585259071194189804840515153	57.099368402482521564773534761073914	60.501870993490935570367706244124432	63.860800307910279296894851853417258	67.175090152163849854507193606106928
4.4134575470501208383189903471375166	4.3589258199545633827222368768417318	4.3055560313631885563739454912632845	4.2532832732320381557153421890495703	4.2020463256191493212708887499340597	4.1517872858534790726874419652236255	4.1024512334386026889023574913879118	4.0539859266143089297112240490603211	4.0063415269247058054421349559742731	3.9594703485059789744159829291912672	3.9133266291204499034856192449137265	3.8678663202343512698640294563216531	3.823046893670783119200684417212484	3.7788271625709046957971754792552189	3.7351671145693698807360755275121562	3.6920277552359864088108137228887098	3.6493709599566945276155605256884349	3.6071593325234195058323932210886208	3.5653560687746462459097842261953347	3.5239248236760907340247715488776282	3.4828295802524656885144206085171556	3.442034518775241125290982998827993	3.4015038845752164453344075206511942	3.3612018527785776773507650429107904	3.3210923881568335242010780726802316	3.2811390981283588327784243337867544	3.2413050767439267418518105904339145	3.2015527372210832481218056419719121	3.1618436302483398716867093415213646	3.1221382448436859338428857630447088	3.0823957879990004646814771316772657	3.0425739386447769013791192615792577	3.0026285705875839833851476364620917	2.9625134379562653992743964765450389	2.9221798152717765911366774437331856	2.8815760824388388701717441008109836	2.8406472426195251134948527580526817	2.7993343579182239664860075621660939	2.7575738838471951810262441905127649	2.7152968783207496148404983313959826	2.6724280539742754289107132702440826	2.628884633249144832056479607970267	2.5845749529477312855789914984430163	2.5393967473982917146058190693936452	2.4932350148096357712797988131843303	2.4459593365223653818683424956008056	2.3974204685038936277517319156901768	2.3474459503364866207234274956048481	2.2958343656207659327357192664756957	2.2423477164876446191943457326966595	2.1867011044789122406190907419043967	2.1285484698561969786827401415485961	2.0674623996049499075463370435396797	2.0029047132535222648504958486171896	1.9341821439063377489753296380586864	1.8603767855102514124074347065675303	1.7802313326193570530618325755799173	1.6919474298884755664772023472155015	1.5928013339774752416655781703183243	1.478326767324028010005677577481476	1.3402827951179657822946871632019664	1.1601536272240190053914138636403666	0.87416377057271338851157382976998566	2.6731057232075374480304664860064682	8.0546876861459687929608389310770941	12.733777715300916178999533881101746	17.101610651260475892488735465410632	21.274329921410131239557998901474976	25.306546166512109567090443561701478	29.229261422791789382465386538646869	33.062144053584178178690738724019718	36.818652728973398627229025227578398	40.50850181586342408147135762012112	44.138948586943209233021599547694845	47.715492922750490721098551075267321	51.242259973516807230906846812614904	54.722203153039021606089067110231959	58.157201900376986490917144325173976	61.548093810798974459528549503657929	64.89465562007602244627788254659296	68.19551746773992607998219341164518
4.4126758556264394923932017369006869	4.3580979708640136961791967641302853	4.304680061785275519518896861535485	4.2523571239762167876460607701379739	4.2010678399078827374671078588496302	4.1507542075129492302241444050872907	4.1013612043796075997682769573998501	4.0528364835056290538023736941006245	4.0051300969769038778022560013958499	3.9581942442954860351589783926895937	3.9119830423916889383774201836928423	3.8664523146217970450786175890109426	3.8215593962832608343887998605468792	3.7772629543772618240521329915979935	3.7335228195178863353038735926330222	3.690299828029601833317669833855741	3.6475556723922444428001198722919616	3.6052527582853560659466334489537491	3.5633540665519448709705558337357173	3.521823018444738736806441768735873	3.480623342534499010752616606443892	3.4397189416479447723943809497087647	3.3990737581596564834537328663679612	3.3586516358839552415077343804832953	3.3184161766941667959065239626454472	3.2783305898316266830331054169760084	3.2383575316462559375343152281142452	3.1984589332237691342929330347829333	3.1585958129873304259473602677073176	3.1187280708945807797004886311869048	3.0788142602609975202661852607254386	3.0388113324943045636735698917911354	2.9986743490816116550976597650038847	2.9583561539741714034776778730018001	2.9178069979894290367457870085132393	2.8769741048967036509347158679923803	2.8358011663334454941758609645084293	2.7942277494258826093549407969999056	2.7521885967005271271173552765102086	2.709612792204296367628434507461326	2.6664227601820136151645920925248361	2.6225330524407129602437663932358038	2.5778488665681599924235389162647208	2.5322642178456587333594447840264194	2.4856596605558191930532077057749384	2.4378994156726698891254397446552906	2.3888277057288629791161488372321495	2.338264014503098197352631576553598	2.2859968634414055023813202082491446	2.2317755019488075905228562782569182	2.1752985985401389807668714575071246	2.1161985102445762674456844941029686	2.0540188396078448220285349920558166	1.9881814467656709622833723264761512	1.9179362076674768584543407080485871	1.8422811224556473651476544419833008	1.7598283189453054158848155752380608	1.6685636248213983292285910211333705	1.5653754890765646888098360918186196	1.4450141829031518504032746665970643	1.2973479123068304352860624249730673	1.0976167256687023868347944481082194	0.73531261164879876878829325938220508	4.353048777932316620505852862355727	9.4627372234618356157761133340484661	14.048569509414137854354817406534151	18.365015289342312750546463897735261	22.503826081011950743418590564492862	26.511141667151933910711801615588805	30.414155322278018464813788806923554	34.230556591621511939769479571136804	37.972668751635321518664741095068052	41.649496903724913237136902208742645	45.267814449009023954640065803733555	48.832757704542606676148836987309294	52.348150748920388654744331683951594	55.816675763546767784861147676527179	59.239951580849611907678451968452968	62.618552266266292261992265865664537	65.951972447887422566142130157614784	69.238508778200015341985854086757471
4.4118632380015552661840512306886779	4.357237694677734112734939818027762	4.3037700974961855223537013418231959	4.2513953408706861932005868371767997	4.2000520047370601920643399855280033	4.1496819824989953850514373468133392	4.1002301444712419447240180408765882	4.0516440327827688659325630288186154	4.0038735841201323190890714040981748	3.956870877047803889811289718771354	3.9105899009477767697356639641051279	3.8649863438836843748854694477167001	3.8200173969211831542616853161748774	3.7756415726306093310535587555899482	3.7318185356634840852684415332017	3.6885089434333609881668207798892154	3.6456742950448691357059588917490109	3.603276786703802100293394188579145	3.5612791719046720155058331352189333	3.5196446247304806131232597942786289	3.4783366046103328396321178703115772	3.4373187208621521919081566297109714	3.3965545952969463106990368809023319	3.3560077210734557220798828236536223	3.3156413158626842669822306149331395	3.2754181672027846716770568653705676	3.2353004676878504295443464555163193	3.1952496373263800043007642741604804	3.1552261300119200318133651580312476	3.1151892205487816060448953622542676	3.0750967680438123080135865232577075	3.0349049506761454109723063498625499	2.9945679658452165703510971437066714	2.9540376884118315947128350458850006	2.9132632781064275751594413247407301	2.8721907250728442446199156103121612	2.8307623197941416918338830022397617	2.7889160301026871306160447251978589	2.7465847633213815427525056233185074	2.7036954854108752454070953101227585	2.6601681607299404932640079225173768	2.6159144648166946184482309346682291	2.5708362072401070713934801347165343	2.5248233802254699432592211543628024	2.4777517186513949741118461742818609	2.4294796138600702920310656152108036	2.3798441607425438184573787720845598	2.3286560238019228111142185874429008	2.2756926651658684755097289059144914	2.2206892547055895895857782171197733	2.1633262245246530571766731432268528	2.1032118361236323248502219462477658	2.0398571050339819842115143038311619	1.9726385849998970029865499936755509	1.9007410210364752111564070629515706	1.8230648424120793156279136343358856	1.7380681924582101447928729604602787	1.6434768479876361825796211312910834	1.5356979881439557452266759389020593	1.4084667795192639344872717080341167	1.2490224714965232436445103502029758	1.0225683605648982550239993601455216	0.45150138177079342360228627719088012	5.9537963075330990301194028304305024	10.876756527207179961459448801843486	15.38342579639577669254886419662922	19.653234643154979759342740251718034	23.760086486500571670688431008786932	27.743314252465281787891589489038809	31.626896841601027356207418068422987	35.426799867221566533070327706378226	39.154331946305050851197085521424896	42.817848240941186505940689680112328	46.423666546534217718492318481923269	49.976571187704035226440035564801186	53.480087484934522945059336217233808	56.936623367335982108218864794202292	60.347530387156155747568492744302223	63.713108324949433003325701337909527	67.03255091138925901738207043834075	70.303779432613990383883318472320188
4.4110185788599258544540101420764362	4.356343836782192135544045557126339	4.3028249421945305824034829991640244	4.2503966832805072019944974886115924	4.1989975322227964461260907789966461	4.1485692724775900010267516713221074	4.0990566614235823179603940317443268	4.0504071243682945788959730076540671	4.0025704763079622382764386831086884	3.9554986681893130500465574065724058	3.9091455547230584160370481264623965	3.8634666810575479270897553688581341	3.8184190858436384880787450317368645	3.7739611184121270629913585375071757	3.7300522679467044319292756524552663	3.6866530026704727284184991229377335	3.6437246171734309719394231924413531	3.6012290860928629186695793828425353	3.5591289224177046160243556743231138	3.5173870387209324510481322650472515	3.4759666096289974497532481709452702	3.4348309338120219434759345246388734	3.3939432937193129420893187578771685	3.3532668111873774611339951567509129	3.3127642969059824831565107320618203	3.2723980915341219973423569333431489	3.2321298960024057192817526003042162	3.1919205882077516713775513641313427	3.1517300228843535644203222823775256	3.1115168108991741233063645584694472	3.0712380735420577857496163625014368	3.0308491665230318643895097374641724	2.9903033673016965120406559420621012	2.9495515179895722497225228123151193	2.9085416142971364907633377471343425	2.8672183287209620836384405286555206	2.8255224532184446414702995362817863	2.7833902427683348585224444501280604	2.7407526361459738127283736789533518	2.6975343235007203970223242151682936	2.653652621263507738260612579183121	2.6090161025964062859899276531929543	2.5635229146409928045095475786357735	2.5170586901574014726494210716595162	2.4694939276124050268764368550503679	2.4206806654576613931637145550807786	2.3704482054233196045067178167496345	2.3185975334004596139111299417597263	2.2648939235691505603856783386420099	2.2090569550267266531937968739624305	2.1507467544719629274585061078206911	2.0895445812082826407862301246658289	2.024924654143911023482502508635511	1.9562118981495676309452102744418794	1.8825160019325490950155130445075423	1.8026233645285200704082833504518404	1.7148088869798086650988923494880317	1.6164813550192492978153468586833782	1.5034413120810356381930768918111152	1.3680783777620821844307550230356396	1.1938325666527369008680124302608644	0.92816959156365292708713744076578868	1.8867921694624522560380849793084348	7.5199750899747824787190937324825505	12.301904121701621821553579195172215	16.739950290999636860460919455600379	20.966994314369322144003010473871822	25.043520123699576943345024918040478	29.003330488374857364514165076822597	32.867676716958964514836238240188721	36.651017092555582574715691708274425	40.363750072294117870567233975539074	44.013632344312081125792830153561488	47.606550185152405693767593343155618	51.146945142692006964264495726021448	54.638044681736426889199541724313245	58.081978431295218873754123935488093	61.479822787255548975160138672185579	64.831590188560413858916039750013646	68.136148789407265332339583910591951	71.390981830393062649624354519887408
4.410140710544173378768200070086465	4.3554151882839303316541154611299164	4.3018433431854880000249581132530987	4.2493598518709998838497454109848711	4.1979030732639167007934869321652715	4.1474146751485741583282801398818746	4.0978392959788275602329431964290061	4.049124237938785038320270089663345	4.0012191876679770297064914407072361	3.9540759614106761834465332945502998	3.9076482716462386466219071671713446	3.861891512511862911983780681214505	3.8167625615472183497378870613019829	3.7722195954768640783721778825113886	3.7282219179038104131679377559165009	3.6847297969184546912580891763732223	3.6417043107324121518083425903047895	3.59910719952650070271727570091242	3.5569007217564945464290148330392306	3.5150475131875135759542372747959594	3.4735104469264423609729701458017233	3.4322524926890712214389933041206239	3.3912365734702675820561568100861846	3.3504254176774932667404717120105075	3.3097814046329868184580290363210599	3.2692664011401379167158072795916528	3.228841586533815534534767451330454	3.1884672632790506271370852384262211	3.1481026497286064187533872906663373	3.1077056510743973284847075507200618	3.0672326037989697363847289592197938	3.0266379880099596674247131769657422	2.9858741008691285043957296238283699	2.9448906828335183041694431915561163	2.9036344865134126810552766556900904	2.8620487754852400630900308728960955	2.8200727371951149816962185933969065	2.7776407898965035502068447536419874	2.7346817580283272654664560999013621	2.6911178830529126384918015775946107	2.6468636268124605557537526483148642	2.6018242108704196403783500644701492	2.5558938165159752989014661272399155	2.5089533437688750004105981224752202	2.4608675902116279828930890724368045	2.4114816561343966732397841944390653	2.3606163022346914879343184336324418	2.3080618650681109510789201289951534	2.2535701484213138181733190638539362	2.1968434118653531735044520563925434	2.1375190915631444021404190529980682	2.0751480634873168111422073296374202	2.0091628006547198306759869143484323	1.9388290697128023436871940727811824	1.8631694960427066574443835907289039	1.7808361426948655146559078170991695	1.6898836544403970104964027660729099	1.5873293432249398132286415929136294	1.4681952341538525161322154327963042	1.323038209696193392044370458254171	1.1295279093468747594620342378460404	0.79843017108281868142090920818149385	3.8117039856380361976068906157395425	9.0725399758322349316292440485383469	13.741967683426136103712989284166841	18.119489180262716295992358034873183	22.306943532876235372359147028282868	26.354504524190744527611872774662244	30.291439085043105475988321829728041	34.136672050302278070838634218160149	37.903338595004006676438622539206701	41.60101715903646382919585397051979	45.236910255201306739076298002475853	48.816492853413376289015725744127954	52.343870733222088018460096068769638	55.82197303655747850161269759075425	59.252645919706533465446807086030036	62.636681182887183496258639908233026	65.973787540563278752304452811007367	69.262473610216482618945631565864582	72.49968186128947969380664239193416
4.4092284103658721745224687785554328	4.3544504831964782912321023679484176	4.3008239884295045543507727398674612	4.2482834855027406031674312724977726	4.1967672142661026846497704426149672	4.1462167207802524622496436062765578	4.0965765182357696412084304100406554	4.0477937790166357806697883747828016	3.9998180543361518687798274625748582	3.9526010182165239123349294183617924	3.9060962328754831377512923566399007	3.8602589328336173647441410200548428	3.8150458252697050826294949655150848	3.7704149043334820901858738918176653	3.7263252772784387555474784568056355	3.6827370004037879656776461361328386	3.6396109228954770676189062151715013	3.5969085367310222631349451366634422	3.5545918308619139430100154418384563	3.5126231479085887077491498925812982	3.4709650415945239159622079434649886	3.429580133105011641241677867037566	3.3884309644781890927284402847062982	3.3474798470158354799217166947478058	3.3066887025320704315948750243258821	3.2660188950304822751043406593376879	3.2254310501022843244460365309362712	3.1848848589549870589300511078516283	3.144338863492229312122099103150729	3.1037502182460333614041520482734695	3.063074424176821752300776201849455	3.0222650283619442972937464898349955	2.9812732823269034592042995955133085	2.9400477501583950102879770276601718	2.8985338554633529490367391384854107	2.8566733535586991972144364110756742	2.8144037117872832265249150577198848	2.7716573762761738622276282877284086	2.7283608973857064151133145980590693	2.6844338779770245432978479671070302	2.6397876976352522788225686764485504	2.594323950929554366430125025186003	2.5479325168899195860417936854797282	2.5004891474383931197601038400283751	2.4518524203674407343164733434188145	2.401859841048928235124682662660379	2.3503227857926949411746418212779582	2.2970198411059218170636529010259873	2.2416878770985521828170326172606583	2.1840098471655888455422699210932966	2.1235977332634067111672560930411875	2.0599680721870529708134952132222564	1.9925057334824323797242131388282535	1.920408289477219429794483750892063	1.8425966432273453391984359541163552	1.7575631904737896726377461908852735	1.6630948373520635337511505385139653	1.5557182058921524523949831414816119	1.4294350718852221414246860824163182	1.2722218318335664351979999495166761	1.0523758472799553103388055739560022	0.57087577335187471755265108143908557	5.5938070033568175489074177972274279	10.623543361476913240319965736157419	15.199846079978585318480993995137595	19.523188177545563380545980408984851	23.673664497839857685977604033244495	27.69338662048481725227545467290819	31.607869871711614492380839560010018	35.434044769866151054851526719500056	39.183880044739865061226775271543159	42.866211537453192456958547140213907	46.487725364265985761872406854974222	50.053501825557537485867029033338383	53.567315873298888836703703514106168	57.031796498963905641259649421400141	60.448499909687533076275466808905787	63.81792174160700334609817455738952	67.139445628541015726957569087270844	70.411171213360394365157658297555263	73.629300512101783271636499853022918