4.4082803977298573554092402974950453	4.3534483954292626294039975544710691	4.2997655033803882830898680550192647	4.2471661579017689891309759135441218	4.1955884736255414073614683376002954	4.1449738684859351279824634206866038	4.0952667236967848143824710838041543	4.0464140747627030845562722599927179	3.99836532996796139864452939147317	3.9510720131252162418189087249134033	3.9044875276538922454232518463649419	3.858566939303247655166094507949873	3.8132667750445387820883974930627528	3.768544835834099242342298193451826	3.7243600210980333979492745186333419	3.6806721629109750393667814886440297	3.6374418679373630196002492620143906	3.5946303652734530867854498404694938	3.5521993583713347956690906627477758	3.5101108792411723248416295484497709	3.4683271431116731008005749969600618	3.4268104016789963369780337585450599	3.3855227929855528528159663282505896	3.3444261858371427409216401175944678	3.3034820164816123057815532721578449	3.2626511150248657356633357703762709	3.2218935187380028806933342039966741	3.1811682689951111165032859519309681	3.1404331880545381256196703873919205	3.0996446312272365149061226012885646	3.0587572091279367115070252033720942	3.0177234736289380897771335203919012	2.9764935597655947717670933209295491	2.9350147740899392796638671236024154	2.8932311177137685587620748391081258	2.8510827293620625579607542903043281	2.8085052299454986279387288713806171	2.7654289451421123492374822216293375	2.7217779758077853121196070210610268	2.6774690770763335675688525368712113	2.6324102948391174109993066936983893	2.5864992915523581001212955598152617	2.5396212699725971673544741799694397	2.4916463703688983777843236500431547	2.4424263691865477081540148092573831	2.3917904373934388251973544218567873	2.3395396123785178652204824615807557	2.2854394774822181098089843866868073	2.2292102921593714450571708177219171	2.1705134094469884187005722503360449	2.1089321372448076702757502571782636	2.0439440160714341216742305255651889	1.974879329551994183755038634490703	1.9008565198031506966890246630679386	1.8206766900528083836754990720396418	1.7326405765334564164112239369409586	1.6342054782924019796194183653862918	1.5212723934815699285035588929848205	1.3864725351182080590419536945518896	1.2139950430725217256541026546271944	0.95535693269607782938075342584648332	1.4982603867391990042920580534136327	7.3174230779007814201448780217511898	12.180764699940484191198727634804481	16.677828147882532381697434545787377	20.952032296129885111880585222014311	25.067679386845062817597867473381214	29.06048323351140024527016283452694	32.952832680809910998304003647793325	36.759940000117506177834185492245209	40.492740550601252262456276350754261	44.159393702044224641988233519930704	47.766101037770772086446084126121966	51.317561539610200919498346675155118	54.817222324780721513307288463016449	58.267409002778205850792339526885308	61.669379746295017719192873156006927	65.023319434690970433629385948796175	68.328257527779653393970129469643008	71.581807195871904637577433911364983	74.778929998656157249099419719220362
4.4072953310564654449190902159312132	4.3524075355619978106262809795502907	4.2986664475948298113894035353775111	4.2460063740855535355381686253482758	4.1943652979508755909385740976670126	4.1436845022194442708268352290336344	4.0939082290121329851203424157139428	4.0449833694423752077313589760124433	3.9968591808963255053971194905240541	3.9494870284857658258627702563446268	3.9028201477492465943597674599879812	3.8568134259173098615355309830475841	3.8114231992623099923396448185618107	3.7666070642259355219493024248552846	3.7223237001617677873666939610303721	3.6785327016470608939858237510455782	3.6351944184087975189734820903797806	3.5922698009732769225422046442543838	3.5497202501853751608438253257398832	3.5075074687514024599879982449469846	3.4655933129352894268999585650392868	3.4239396424778736959555656570870124	3.382508166709060563523516959362591	3.3412602846750304892773503097558588	3.300156916900057230782104897448196	3.2591583261335584095155733998835669	3.2182239240837208081450934085357605	3.1773120606913449201538727245412519	3.1363797919275896452121675487007642	3.0953826213757460102019472765722936	3.0542742099397788363069603502415587	3.0130060468556971463507448272635972	2.971527073694410309474083238033575	2.929783251137921949731758971573259	2.8877170558524407744989541816213526	2.845266891589827819197903246761462	2.8023663944704893125942746226018427	2.7589436068830794723518195171227865	2.7149199870780965655320612078054988	2.6702092116130492257533583458315148	2.6247157142779599770479178276914932	2.5783328864379229425220462341724682	2.5309408375377648798359096408493302	2.4824035772394960950055697643911096	2.4325654266984140200055036313655814	2.3812463868565879035147145951676563	2.3282360716124333279467255070007047	2.2732856284515191756747949075900891	2.2160967752865494477281126591972918	2.1563066016488849804842378395105235	2.093465967978244624544614088154767	2.0270078989784871052058204602275624	1.9561997040333852449184542979428363	1.880067337841905683493491773932735	1.7972695624614971372089621964884817	1.705874492787951637846606175270181	1.6029277765139471545464849898379074	1.4835168269473009408404975689462178	1.3383760174214768985003914008926028	1.1458287571761021968492414281563582	0.82207691438396248574639649836908434	3.6527556553132061815014276348966648	9.0152447815410490289718009753999184	13.7496175533211602339130112260306	18.177764132280624684051124479322529	22.406874260712862566590089472347283	26.489455642075439197919832551740872	30.456081249129660625378393829213967	34.326516124225937620665851387790614	38.114484315206601914443480728169402	41.830000599405166767461964707128999	45.480603980559473044973386949571413	49.072038022435453364244908696634539	52.608630723727863981213173866905138	56.093502495941190457041572510055552	59.528670805160173846404472905720183	62.915085594690675314796018236211692	66.252601924498218755557679963088907	69.539853321411870638878241722453113	72.773830315628746908289010782608817	75.948279756364845084448830520618972
4.4062718044846417823913031476797647	4.3513264473859924027483831851430501	4.2975253110932748505272195492649182	4.2448025665230803903853980320662203	4.1930960580000475938870460922638279	4.1423469264640155669542125538110734	4.0924992673938692123767618422844753	4.0434998195345879067765606004517332	3.9952976809029956560544149755956996	3.9478440488754211388602058928522899	3.9010919814378683216147553314806207	3.8549961769145790170137584301245955	3.8095127696905081867653039894627253	3.7645991396108934552973378244539196	3.7202137328803479684639647889086028	3.6763158923955623156146343067712371	3.6328656955311174734815038411633127	3.5898237974561333027571065758509608	3.5471512780896769718630735223740611	3.5048094908029597087576353558208526	3.4627599109431996028242168990954307	3.4209639821834683506460821608057884	3.3793829585898466217402870299918918	3.3379777401341122310279962922330148	3.296708699158185937023339447877093	3.2555354950037131186827446568803507	3.2144168736411173619183877760220198	3.173310448647112214711826007845934	3.1321724592619629525111229328295692	3.0909575004737430191396190329096159	3.0496182190813898474506192360158683	3.0081049684206166303078748287257771	2.9663654128179033566376664128253906	2.9243440707577850539061918921137416	2.881981783060731378675331590179844	2.8392150888691706411231956792905026	2.7959754876447084338841277243542783	2.7521885592925701542648013116764972	2.7077729063828701867645485308290261	2.6626388714146877872388729632432876	2.6166869669698898619329180464307326	2.5698059356463589678031517923546239	2.5218703271463252082979195173464294	2.47273743765674548727561182789533	2.4222433951299354111495384971261607	2.370198082654640797796027281715147	2.3163784532476826039316632711421019	2.2605195731597580645696339014457428	2.2023023844189013061383495787811262	2.1413366043179680618064259832397704	2.0771361957021045659163312207032084	2.0090830781334946974611204589248859	1.936371423766827676164666353864255	1.8579182200610676252442205970609267	1.772211434071801150421416712472508	1.6770333027702166312450424019840093	1.5689068212597600474517128021107479	1.4418365448189217703500876523137269	1.2838336532181736708502451127991313	1.0634439974510537180202096405816521	0.58866688998530554746779936557309736	5.6046709146349980691842825255849464	10.70443788911820044225419038284424	15.334072490860077264773828446940449	19.701176331624479619896023494922074	23.888455223075114298081572221816159	27.939409954938033426866253762166725	31.880437517508027458041119260917224	35.729086239364830761016124687691425	39.497783846255901730809600806934217	43.1957198112485245358683685238106	46.829859985906295955307077929322173	50.405511602542143380482171377547281	53.926639236935410451414593212240999	57.396035887045717667682117500149428	60.8154043315589446055072762094134	64.185373166565028088228122188943877	67.505441681475329389503097905355969	70.773783444039820415885392485892179	73.986445289145875685615214180737429	77.137192967715689438870338852656672
4.4052083443370563699591157230872501	4.3502036041920572047330592208842166	4.2963405104503032680614012315477963	4.2435530910052287246032144637415921	4.1917790443060485231998644146995104	4.1409593615863776122088429337494315	4.0910379836684206207247557210801708	4.0419614884501240854048521216025148	3.9936788055663783875878524448017754	3.9461409550371720396388022614052333	3.8993008069878398426102290820806611	3.8531128597563726719446648208517142	3.8075330338971157289044431894427028	3.7625184797528722393860528896150506	3.718027396401016974812929808223996	3.6740188598858386690144113630034652	3.6304526587285133882510101866742267	3.5872891347581174431687952616439714	3.5444890273300275898499636322927569	3.502013318989728231629405665651299	3.4598230805971825843796579577466859	3.4178793138447759534930848063504286	3.376142788974374757898782770946858	3.3345738753191812080819066230159562	3.2931323620523193081116667997045034	3.2517772662050170464659303764766657	3.2104666246049718110238061070688655	3.1691572658584121480347845396899835	3.1278045578284560217120515343145794	3.0863621252107612156599906751400429	3.0447815307244045704593318888262692	3.0030119120551297731687252434704704	2.9609995649207863112288815583809112	2.9186874603537080443030547342996165	2.876014681346459842749276581843451	2.8329157601581886307969592407635541	2.789319892509658534618128446626263	2.7451499981561821649791349600586517	2.7003215882753707139912153371631515	2.6547413878071730093519817667762722	2.608305643962551052012419743028135	2.56089802851629209037583347411311	2.5123870080843095759266423308917758	2.4626225084810999490416960579731677	2.4114316287181167190099133020792493	2.3586130546333280938660199879022054	2.3039296604578706315999603158140738	2.2470985324862777305754008722204115	2.1877772375706612000287829378603531	2.1255444701072684902868577390055149	2.0598720112102212748298189019145552	1.9900827465960810093107793498206255	1.9152852834808770599081659811315816	1.8342670826630097018196837619938591	1.7453089063020314014309094660438447	1.6458366647851802223708084787811786	1.5316970214925359381363539938258064	1.3954128291643082158651333224493368	1.2208999621248881297948833316360085	0.9585331734842516572347477359075563	1.6030183694391070641568853239754242	7.4792564867889488953310065916902089	12.395473148859659268996572137369726	16.937154903873405087891284300796577	21.249333350272499998359539414980546	25.397420125497487228741700760482827	29.417911241004601189162505992375374	33.333778490798969087626987153158922	37.160684978327882778968566650555669	40.909922212084239682175531266328928	44.58993448205563110697641640439477	48.207153822823016847092583688671072	51.766468478026498384668720588062605	55.271484579820583082016133155504977	58.724665106559432739384497153749211	62.127389373741590858523852747654168	65.479947257162905240806549278406293	68.78144516782392167614913981362516	72.029488900854779338877353422781073	75.218665036958873134061205048349241	78.345453906862716475644124570149783
4.4041034053263767737262125341481016	4.3490374047826049330734213783328801	4.2951103845900564826043362537375839	4.2422562221989772795022072035247574	4.1904124624628460010045286807243222	4.139519938824585933905663684475473	4.0895224289335153677243555836109181	4.040366340821524104085319540398911	3.992000426144565124963081957675246	3.9443755173118915010608944692688475	3.8974442855916216266569863020448038	3.8511610175058385336981165782458205	3.805481407017081590480246932649899	3.7603623611653766661571151585063469	3.7157618169430244594045662953906247	3.6716385672949479898028901495940585	3.6279520942055544076363761232121481	3.5846624068778734205108499570704914	3.5417298830260456689291503469995702	3.4991151112847624867331281177187149	3.4567787326855075792662947215254198	3.4146812790547089868575671562729041	3.3727830060459164438701549671488606	3.3310437183186707783100916360487795	3.2894225841101574495786534057191016	3.2478779360967570060350578838162714	3.2063670549935300158732015697482572	3.1648459317662167094282309775678268	3.1232690035999099367612597860920756	3.0815888578411574402825066738180772	3.0397558969489843104605542309535734	2.9977179559819885947723638828600353	2.9554198622141344931055948180672512	2.9128029239752442279241119101474083	2.8698043325684971313027810870953938	2.8263564568692826668913100482797125	2.7823860045973896056122424884319398	2.7378130167664483924284702926910848	2.6925496517165006619608167420761933	2.6464987013563486576615732197177908	2.5995517631963765935634228153294163	2.5515869650516760008939776104328518	2.502466101275717604028635110885892	2.4520309843087293115672178208762713	2.4000987340018141743322079157631185	2.3464556045067358887641813840933924	2.2908487589846186844633164484648253	2.2329751014763661011659409139310844	2.1724657825027943219507210866126136	2.1088641587750445429090667696174656	2.0415935087136705085629564618776857	1.9699080615223727691811236947318066	1.8928155069919547690111698154121993	1.8089478131180536952865369031196606	1.7163312307573112105877969977519153	1.6119403049045749333806372804607528	1.4907268150029207467320465858470158	1.3431167445236130869453785836461674	1.1464784042444508354079713447862472	0.81045390388198217194060344131547801	3.9202191217307600295327537449173994	9.3190523279262641807867518099481578	14.095348978545471274789367113689576	18.561235549274112767083391958453677	22.8233015639716296344828759439008	26.934329247619665326574951526222587	30.925282805280334933990487881365153	34.81629959953063755279852247251602	38.621428508156675354322318898139418	42.350958239951658063043081931371944	46.012654882703889482212353321719118	49.612449018079993104680390873746174	53.154823324600535168251392304454906	56.643028014435696456722419764499416	60.079191345994650850024083469440989	63.464357401939224149685093638243167	66.798453466308212300971725302991016	70.080136660051114981058234576588264	73.306229642503929128130879698435299	76.470422662378694444422589490108763	79.572844774004991763287899018349535
4.4029553664797432497889154063785774	4.3478261691829136107388059948586779	4.2938331902598109495297885881967082	4.2409101488561519910969596331739976	4.1889944280395149189636609807299956	4.1380266948747343723014885938340371	4.0879505547813747804571336848896462	4.0387122363227917243186381087664135	3.9902603029475604122526919625652424	3.9425453885144414949624900872837412	3.8955199536922338544970720599620199	3.8491380605446854440018841905086634	3.803355162793467932073832128198692	3.758127909403825766158034983447059	3.7134139592595858432396615413211142	3.6691718047886090385587587744433873	3.6253606024661047237998033481280788	3.5819400081606081037804093721191606	3.5388700152941477686131181659283836	3.4961107937607622159541364448021776	3.4536225274820049825850780733149876	3.4113652483691936549242937306089318	3.3692986643019619351769532760843018	3.3273819785121761119220572017477572	3.2855736974693871625080423301235392	3.2438314239825085458886470986879148	3.2021116317421114052039233136815844	3.1603694169020404961304056323106556	3.1185582215026108791151292860855766	3.0766295225245782965251577981285241	3.0345324790713472346634765845990299	2.9922135285247948282184592785586531	2.9496159203956454633227186887131761	2.9066791738414125532960664895448577	2.8633384412441289177955522990907493	2.8195237555359134541540190668124819	2.775159132723787205726586558308417	2.7301614927126747790918813209207349	2.6844393502150308085173740800576497	2.6378912120320242586039023044897418	2.5904035954559001000109357294882416	2.5418485521875374283499892521028953	2.4920805386795181959109042802493031	2.440932410403792620686009523107131	2.3882102232132353243274120237135178	2.3336863814853791659719626146627317	2.2770904489490654439333052260687287	2.2180965789718016545858403783635023	2.1563059257117021043949117690870602	2.0912213727812542608613290693389574	2.0222100736906070339858122425395385	1.9484458121997169336882139750931315	1.8688161810931141442571842157653015	1.7817644091254951094416988450021818	1.6849997070024017212803969694374433	1.574914120353747349604893082583944	1.4452437183003030236869207860580966	1.2833197494597904946178765605114603	1.0551059038245887137302589883425064	0.51926112618208768738097104270125961	6.0183454909098449811286013073742472	11.145239266084801179058981614904734	15.80903858558938399418442961520593	20.208210649218730379993683843608363	24.423981768334183525086463464114348	28.499666961609561047286739069657341	32.461803831120456001056921146826681	36.328164356479445160122082394634914	40.111405288289466668862530072755325	43.820923441214328477377101992332377	47.46386228112200647962305700202409	51.045677137433220872781565879189857	54.570454984834837808706573002861235	58.041090206908821190902352691209293	61.459369143748799766608675591080216	64.825984601296192838579571345483704	68.140466944322361821596049480222198	71.400930738392906917752032458604784	74.602804544069913514282664591526368	77.74148385977802647039752697046766	80.819145934352018970147556859242381
4.4017625267559276089197536027234363	4.3465681340241336183870852359135782	4.2925070971517073330944648363240195	4.2395129686441252914174971782188095	4.1875229610870750304579468722987133	4.136477566037745080260299150061638	4.0863202070454818341524724174544754	4.0369969229721787590766320991533674	3.9884560781473412803863512662154202	3.9406480961971467384638410360523338	3.8935252146405248441686229338923608	3.8470412575580896620061768214666636	3.8011514238166960175328036222721859	3.7558120884775466670128109047674546	3.710980615131950578288101016911705	3.6666151769962197559476681018213852	3.6226745846564635161534806851552867	3.5791181183832379282309789556554816	3.5359053629333609174188820378136531	3.4929960427180561794942527689835923	3.4503498551380961837969233363213324	3.407926299762114160849812914161706	3.36568450084503028178306594868072	3.32358302043968338637399513343838	3.2815796590325711850789571730207351	3.2396312402167739409428095195310718	3.1976933753789901719159728268266331	3.1557202036931855709330345834606059	3.1136641018427194785678980375957885	3.0714753567833895060205297641698046	3.0291017934433140317422407270554462	2.9864883474403604985276658356833748	2.9435765705580605432841557001324083	2.9003040536859103855493167793775195	2.8566037479638352563734915200820798	2.8124031596420695682193297864752913	2.7676233872110096721450868015685906	2.7221779600012872824726902867768661	2.6759714247320723198665959840788376	2.6288976089630976627953453468710249	2.580837465939316123207040344487865	2.5316563706292083251648942461672866	2.4812006867521114386261281121687184	2.4292933511485096972233468631036814	2.3757281117288962267557083880108222	2.3202618862398427748892299980026328	2.2626044428287859819483572958163256	2.2024041711504836727271392446190865	2.1392279866205189892068375826911111	2.0725321412441883804114513416709161	2.0016183913029185112872677504887598	1.9255654820984115929537870741393592	1.843116648917914293986266761456922	1.7524831564355701497867335507240862	1.6509728978336428917434510493834721	1.5342096863212974385236421844603781	1.3942245838810648629044918825605569	1.2135268396219676431903718534045512	0.93540556831153180335447816152254572	2.2272752738901150338383022010739142	8.032601553149771818614665543075042	12.970332380089447052770766598931373	17.540231518139894998849570688758223	21.879618991929361439708293425700291	26.052135870536192614477062523262444	30.093848387233130772679618199526107	34.027710277105117459504461403317279	37.869503165502311730621280104574127	41.630673887352620407202586854130074	45.319819205072084147979995668019397	48.943505650274671153675305386739179	52.506734043649369058257235725516607	56.013202220033343033093621552163972	59.465446265177429684974018528649063	62.864900171394984481803223551439536	66.211882962569363360872562289484706	69.505475796684930663422615555617334	72.743073631390774651312088355254916	75.918737440570304789417626959418625	79.031612875980430036280752212556398	82.084136118662488249004899432185492
4.4005231003270075440062069230222832	4.3452614475673653597853346478892989	4.2911301826394415888725712787072799	4.2380626825622603268783391822747352	4.1859959801984575189261995916744143	4.1348703818828908343440297286669058	4.0846291190236015181009112715662698	4.0352180298658543360022280389499167	3.9865852679682845417233180663346736	3.938681034237261769541990966736178	3.8914573296134131493048531838530979	3.8448677257102874112807680595417228	3.7988671508758113286122406814511075	3.7534116892859263397859020783079569	3.7084583907891929225482637550781799	3.6639650893013695410257364235103006	3.6198902276003917825649233188833154	3.57619268639265917596490006855852	3.5328316155084599647870759146898328	3.4897662650345075364419429866308867	3.4469558140988295157173670183901521	3.4043591948811190982784409369396979	3.3619349092218625332202228692418626	3.3196408349331215410633630432337837	3.277434018559536052448500068856697	3.2352704508791752592158206892136082	3.1931048208465097437891517792444772	3.15089024292947613263569815701067	3.1085779518381337754667846516774802	3.0661169574241224787124562434735376	3.023453650972410136351475838090776	2.9805313521060875434688815924183321	2.9372897829393271005956193967527821	2.893664452750719265838441844125239	2.8495859320396104974876560602037838	2.8049789889953410347891822737144163	2.7597615536181204590385079017213079	2.7138434642100139884583875039744343	2.6671249365800383368874821579819243	2.6194946764100664136828787178740892	2.5708275272897339326106027383096149	2.5209815070772618838700561153044311	2.4697940274026825539856003030297678	2.4170770055383470359375662375367452	2.3626104484351305409092586587835889	2.3061338881895401927460012702417353	2.2473347288149656313853007061582426	2.1858320392209776838552976313569026	2.1211534326680344164918650644193116	2.0527010830541516704169953686059184	1.9796999608237100731948714318477369	1.9011155012509730525942247936656877	1.8155154667013849137248096109023989	1.7208219815314842384334615913991731	1.6138254636261349577678806828714812	1.4891102009816582185318288434210932	1.3362200361474207648475806020826444	1.1295779277333074843563785188639622	0.7545620820335983440774289456593875	4.6356887271649500736421069802204914	10.008747088011599715328648013115676	14.802505484703336868860440618816194	19.291750628400581339474508647203818	23.576721091338931986286250172296226	27.708406684928551796186549521308	31.717224414967196902913920278323093	35.623195229644302179445758037583914	39.440411807236391120184109504953108	43.17926049913518694936624992063348	46.847613670266483547842078476451175	50.451498018184840887732050339526013	53.995475735621627532877919281847942	57.482858922286855680673487201708689	60.915819977055029579401592454831849	64.295425606001512532638068745374674	67.621588193754182837802051553077354	70.892853546213602896464538806484969	74.105382960470941483002295524987782	77.25389382356134823413813380522205	80.340572753708397300625570890272846	83.367592583819595436397699139848178
4.3992352114931334846203059555397291	4.343904164334810357235131752847679	4.289700426092899424362875650235939	4.2365571889037488700849041714967166	4.1844112960775289524075833556938662	4.1332028583798346479942379278245998	4.0828749041238577637629361946854439	4.0333730592840785203647261978712488	3.9846452541935527963712603422192795	3.9366414536772071372312358305286274	3.8893134077144284143096974299782531	3.8426144199235441037609780638049416	3.79649913132487889967658172240803	3.7509233169708214416493005615713555	3.705843693133562210484387683684413	3.6612177328137622553485034245263044	3.6170034873762138955620226766638812	3.5731594121294776211454386612709682	3.5296441936421951126928557717115937	3.4864165765258739511754579155291063	3.4434351873052603887798825764249524	3.4006583528363410640301777030364594	3.358043910508467732774897665417269	3.3155490071679129019993348713936725	3.2731298833090332387014507710082631	3.2307416385750978444959467902297451	3.1883379739648340435105042876694281	3.1458709053174303505778711319582425	3.1032904415983291693726930300679981	3.0605442201672247511769916089301255	3.0175770894912174026261910626033769	2.9743306275534736812658863571204668	2.9307425813412719784595060946221345	2.886746209057080112906254279378927	2.8422695017758161804082888871534978	2.7972342547386315730785782313963121	2.7515549497114600564077672585433508	2.7051373979526299078755102015619189	2.6578770770169245900573308084844672	2.6096570719163032662149919091229896	2.5603454990853922308674326793673416	2.5097922455552804716857465385746215	2.4578247884250235066426249770073887	2.404242759304427407966292815779281	2.3488107651773259216890223137027371	2.2912487372859710353612308128710204	2.2312186931368836329773626175745809	2.1683061528952378089565560120596895	2.1019933371071086853032636584620043	2.0316192562688309657280983562980735	1.9563179582288943126975157327356201	1.8749183990371156858872505058828908	1.7857723366916152073674396214469637	1.6864356281798402761146046871587532	1.5730169171931173529273820299979782	1.4386498032521427993755796593783299	1.2690632863864606268480762968200699	1.0235830470017636462716667237803559	0.33609899149554781576849105360276832	6.8556788651860997717223080200664284	11.969492755571234224084049993136235	16.647457235246180726352066954443859	21.065803390928634804811601115909993	25.300554447682776412123312750941663	29.393332808597612642558657772247432	33.370085412344119849205487199326066	37.248408730279910047002955827931449	41.040949565742148117058247015533159	44.75715611511083760884343282414466	48.404238230380544829650144300189649	51.987712405708824740707017561476819	55.511713685619577368384607334352799	58.979168637019771505684168772941699	62.391876940439045526559710609310921	65.750516336035087732371068400008494	69.054541957218662907606680165157487	72.301803522675202545177529667597207	75.48680397964163534056836419483446	78.608019158015647114432690453932279	81.668125524282265206037331912183069	84.669291232634692486965925576397455
4.3978968891956568837958477592843602	4.3424942393102162126987572245507519	4.2882157027295589925408579901291911	4.2349942767178588081615477657507588	4.1827666045678906424568855886768709	4.131472590444953229835380577335682	4.0810550478745602297077383883379585	4.0314593781044034279326807990269439	3.9826332749151747427719297767004952	3.9345264527377587173795547469106513	3.8870903951679184319112134517684295	3.8402781211621882061402572158107366	3.7940439663552071871491909940137697	3.7483433770635843147157541076140674	3.7031327146356383331589684598742012	3.6583690678708264486830714052374799	3.6140100712660585887632983793405404	3.570013726846586807867375486185511	3.5263382273027336888085141917924565	3.4829417780759735845740710726363469	3.4397824159119560312050157565910707	3.3968178212157710902237243715246222	3.3540051212946769361726752417256174	3.3113006812419779363439810777071867	3.2686598787838223436117325319542565	3.2260368588550512340108667683539202	3.1833842629589116033560410208668316	3.1406529274586814521078119658481654	3.0977915437907760691666569651945825	3.0547462721083482837538742700399437	3.0114602979621680440015490183527244	2.9678733191711146731724958428760018	2.9239209468447441066643717906308832	2.8795340003456307376837639312558513	2.8346376704665898122223496500851923	2.7891505177507332245432319834234262	2.742983262985085777722957315144486	2.6960373134120393332980924105459121	2.6482029495896702829376826400492923	2.5993570717821150958606117087304404	2.5493603677376412069880542468237133	2.4980537101902806615760464561696878	2.4452535135708505494145268017742982	2.3907456607711413164964919379416963	2.334277428002634446482797551334183	2.2755465464746005712464230944733646	2.2141860674883182629686020111414226	2.1497428996130384790389764696790378	2.0816464821609566085929759258257373	2.0091614673573906672996870860995213	1.9313132257486417599557705883814935	1.8467644362111002060266550695962609	1.7535971232256738009687897565960449	1.6488944750215314493615787908437964	1.5278437885512851710870688574331465	1.3814760086985998704680423303907735	1.1892658157847078820630681203666445	0.87680644437280638521840610413399037	3.3342938406545190605818307363859582	8.9982655822112975934143598280966736	13.928201610434735886672071815736516	18.509342615707872025637322718363626	22.864141828791803990423687238152682	27.05197316055688605669584982395493	31.107359875683043172779421524433309	35.052663820541513001847961514791154	38.903457078248687889158075008092447	42.671136956072905932904929894682012	46.364313307449165837642348108537734	49.989583620681212210973991351581752	53.551977280312793437335179443650008	57.05520955459594674058452611054433	60.501818165264700095099833079886856	63.893216077238829769790764012281929	67.229659612603113772240203021841387	70.510062619550697422202299166237979	73.731171892177644030439235484372084	76.887328142104809908949196444908692	79.980858496908541371744065122735467	83.014032348927016814276031897118974	85.989006692792644815492621149281668
4.3965060610898043697031482050151698	4.341029521666354615900507277448132	4.286673776956611127053569019123798	4.233371618722290907947794904418654	4.1810594790863258151576522377865684	4.1296770438416084341679559108722283	4.0791668992310096037278324763879746	4.0294742084483837435415145741835641	3.980546414446629733759625491332411	3.9323329659141355696175054433602234	3.884785063507174151912847112351014	3.8378554236107845309541352328769784	3.7914980570498280585116503970432634	3.7456680602888422903101794451695029	3.7003214167453497541620427740180541	3.6554148058967371712803559543925958	3.6109054178841970850772409689154887	3.5667507713059921993145842770482105	3.5229085318425723622782141497023177	3.4793363292620821751894150506927031	3.435991570209519283205753061457427	3.3928312439767012980488607929641593	3.3498117181707712702397331061105246	3.3068885208309834140374862977908879	3.2640161050655962518444611483129172	3.2211475916671055405507157285820688	3.1782344843788486231568674911410758	3.1352263514843945471992299574330567	3.0920704661100713025675011804240525	3.0487113959905022013150194396638567	3.0050905313351369309437854758862559	2.9611455367005476664844233660767466	2.9168097092111974564966434056444719	2.8720112207926709887444345283850238	2.8266722158805136846602340200471692	2.7807077277685272742078724886259691	2.7340243655299235113028073116388046	2.6865187080647057547966762784878859	2.6380753204842190396032326017091803	2.5885642779933782127983560660238827	2.5378380394385220119711183973234128	2.4857274500770648284486045528770365	2.4320365601226081664000735955337665	2.3765358043834189374526103132967707	2.3189528684187837529520839676935663	2.2589602144512496240795496470406878	2.1961576576947567013784407629570554	2.1300473835620056700518849018027386	2.0599970033300185892779034984848503	1.9851828654552563585456681100294234	1.9044990725263208063248939404546201	1.8164030902433055591805298972023279	1.7186345545250804709025253606721011	1.6076533306188673663600577937972877	1.4773630989525441577838229000254236	1.3155977159642235642687388074604092	1.0905637732267954296491239245584654	0.61216040373580981847447315718256856	5.8023973937310537918453641421266592	11.10531247739865586085140785368542	15.893552971739648444863970378710944	20.391287134799834565052157535354558	24.688168822909277969521834358382913	28.831676930998433614926290105620702	32.850849053817955706412255743080804	36.765135773111828102712558361773837	40.58840159157918003283537299803894	44.330953008081694540851766053997273	48.000642570420600764121053739119626	51.603495521337011494598508086753286	55.144071425653233468748637270580124	58.625669104911389533861010328597117	62.050429876918352989335424786959782	65.419358647666107865365612068422707	68.732239332517011664289515743948366	71.987287339562049495047213797426356	75.179377335216965880921941274529202	78.30668151416123837559642257321748	81.372156645932345419352102683509092	84.378053608952749911142471613472441	87.326512355554525607867231320793499
4.3950605471336793256246863138781503	4.3395077479725550520611155715352566	4.2850722951524565132070350561314992	4.2316867636093747995565685811738716	4.1792873623992228782200548817496679	4.1278135463663412734582142136685855	4.0772076611045445112099350125638146	4.0274146174791521121307186676695946	3.9783815923063142909082368859122814	3.9300577520535801746763602257933897	3.8823939966436998039931673599740204	3.8353427206209590445220955835989704	3.7888575890804085420388044510329837	3.742893325868889719636949090898578	3.6974055116440478206365128727545655	3.6523503894229624185379972146764834	3.6076846752646399619543699361009024	3.5633653717064533636586655936590901	3.5193495815101522303649843566982936	3.4755943191610152995582048241259684	3.4320563173967951839110708788210879	3.3886918258106086119886760747308811	3.3454563982593473175341532441552587	3.3023046654000469279010249598057045	3.259190088147286779508995953087695	3.2160646871649102578781084979738063	3.1728787426370490293825173828515646	3.1295804574530107001638972868171068	3.0861155755202199765052985871851699	3.0424269450956910191985069249609579	2.9984540146731501432340027961282629	2.9541322459087747227086507586174592	2.9093924240748589820300287732573613	2.8641598412660302740128563681417462	2.8183533205773310618633874131790804	2.7718840400560758474358364161591317	2.7246541024243483798110440920192283	2.6765547789397245427421525697016321	2.6274643311558299659525217256789992	2.5772452794766925549192263711680178	2.5257409371602262522374218064804739	2.4727709546831643534023103736118243	2.418125508874363180595770196645309	2.361557601735317471926203993343881	2.3027726670034905562158366876808092	2.2414142495837878082891763373223927	2.1770437962034266545312935951199584	2.1091113264345893926701549245215042	2.0369114323898859360195424705950728	1.9595145756242270949983683344561237	1.8756544258866976692063282663494172	1.7835314395383702396461087610326933	1.6804423501698171946011658124186618	1.5620037753375718872775838738061831	1.420263105829505277608552387802244	1.2378774478581518075131119836842263	0.95950367820478466355040124922895526	2.1145829827869948649298161550982592	8.1289261187410049283161239545767805	13.198417204640198948086379893159263	17.871554510657191500056848378763828	22.295692630490760201582916470980382	26.539011341021674338249748240255586	30.640232620141415327769084896757854	34.624083357231801715050475693314424	38.507621814503784866086948652657346	42.303256799286035085248759095950471	46.020332056746566282055578208159876	49.666008159012510176389645572243832	53.245769589995856791775137498111774	56.763718080090983053636327131720898	60.222735028723863557897448288662925	63.624552120104382088113026263854667	66.969733120789196169980313247033498	70.257503396113235811825778910220653	73.484996771703859856170199330615464	76.646511468186589901091902001414855	79.744590706600755794060272249505199	82.781658264303194009991241360597965	85.759948945950889352654620569109872	88.681580375502282779041398562662309
4.3935580526453483839669247530356736	4.3379265348296210892890055496500659	4.2834087778300053579191214733092485	4.2299371276830262930544364098576586	4.1774475576725604913771261809424804	4.125879278244678346145133713432091	4.0751743800295455184872542498201426	4.0252775062566290672952733932998206	3.9761355511687498049072697297059349	3.9276973812997054413661966731557155	3.8799135766901044712105593133241113	3.8327361892847750859838594583123468	3.786118515887848988699332275358622	3.7400148831511080219951278681043908	3.6943804421388140530718039590321357	3.6491709700471778494642766075282426	3.6043426766569065099283735189664726	3.5598520130593616786047261099582329	3.5156554801155841170103652396478161	3.471709433975583219740218732560548	3.427969885794350983813658825318137	3.3843922925180987916324366574318773	3.340931335265308947484044871296354	3.2975406813712120898911209070443866	3.2541727255762420405256762125223634	3.2107783050852003094308985327935517	3.16730638225942475290213594835202	3.1237036874710523604639129096616523	3.0799143130675493108995859089491284	3.0358792473603432448190695532836281	2.9915358349199785213105759143679137	2.9468171460335553498360878023225602	2.9016512336848684123273005173515678	2.85596025046808500666486049008372	2.8096593898958706640125522588424207	2.7626556058252524685462624026701412	2.7148460490500664506305197231620017	2.6661161397919753728992662367979213	2.6163371662892145894561708113412691	2.5653632589749027530439373104886051	2.5130275306379696348385280188520039	2.4591370854784948011391553316871111	2.403466467630569738102391896799799	2.345748914575910883228373827857613	2.2856644539097367931350690781548179	2.222823344085660634555853942346922	2.1567424423331657594563710851590446	2.08681045072830217308696234031225	2.0122349411508945714068702838923339	1.9319580182472209645800709118381923	1.8445146459777963343859315803210252	1.7477779481275860775262463702113008	1.6384589768486823926582745418003123	1.5109981398189329325091411795126036	1.3546293969308066495340563192374805	1.1428617875648321598198297523274348	0.75432805041576771003790079744819002	4.8915903589284868862706960250689657	10.392413102301140412140805689043325	15.290525311117347463104053025954846	19.866546882497314589000144126300434	24.224429949207989838939899069541298	28.417572353457040550001260415032521	32.478090401979896150397585426422422	36.427272159031322109822709906783034	40.280186756884068558945473180521842	44.047988027205028858626401346979574	47.739159980892517343440538986989742	51.360223346420518379168697710784728	54.916145800253539354054393359982822	58.410578120125056515920159139257728	61.845978236034187581540156714376948	65.223646645278792485617088292663063	68.543652533021985822654595798378892	71.804498822816706944910721255528588	75.001293035279634186504076488541142	78.13228993373198007097960283225924	81.200782984769754669007182924830146	84.209107903566826093986535012886004	87.159477253971721329708355311560405	90.0539816332374049610502492960091
4.3919961607739825159824810856565384	4.3362833708731509486630923847772954	4.2816806111172577143201312087429852	4.2281199857556698664100325824235202	4.1755372187176096555492672282581158	4.123871261650657611551402061123313	4.0730639348734273182550519115671194	4.0230595975453126329780224603381605	3.9738048436667918451576399807391578	3.9252482207739361501513387500450525	3.8773399683920605351380556393299002	3.8300317734732690390272799724146845	3.7832765401662225458784396467676165	3.7370281713563893708719847250703638	3.6912413594721730133457554415402789	3.6458713840755673022352377640184562	3.6008739137430593009880464953171303	3.5562048096890108342347074012082666	3.5118199284840269355171492383621672	3.4676749210666987399206208713971931	3.4237250250290061768697984592033814	3.3799248468591914349660617885753544	3.3362281304348427213564045228051145	3.2925875075508767211073691019516903	3.248954225611936187012720428311692	3.2052778467804373966512480357815428	3.1615059117976610180311904394181846	3.1175835603209835115729141100454377	3.0734530978546132580128987242207114	3.029053497074401971249086341737675	2.9843198183927459765131314177902551	2.9391825307503066173698732913642095	2.8935667085390280566321560453347655	2.8473910738074843108853068972000138	2.8005668438342612686587361967634821	2.7529963318508109203720560049473061	2.7045712317878858223748491650902933	2.6551704943716184174077673828339725	2.604657668606845455468632204296297	2.5528775348469478128425459441343328	2.4996517856339990795969889398200569	2.4447734059116574986226386729620225	2.3879992443897364716636176799194928	2.3290400172138213943358162638769656	2.2675465803739293482324847688731732	2.2030906314495783448362809190491344	2.1351368282070007271706830461426645	2.0630011817837712637092963987088028	1.9857865060074375690990702348385841	1.9022773974151965600765239763193302	1.8107589508474359784529812280542853	1.7086792184746849429868800264294446	1.5919543582253304492697304098251087	1.4533215629727650520680355567626549	1.2774812825750914478138451736366633	1.0194748868414306707278441001632512	0.96152453383649449920664805482269283	7.4190150379924657046015714398819064	12.627079430430069677009777503985167	17.390115785521350944848947629661416	21.881758714375637257216645926971662	26.178966061350440735032443325742808	30.324568467989855857474284069027095	34.345595841418622891767679504330623	38.260554151967928578887273957860645	42.082838685633474055414738780515091	45.82250833082282866252531167690316	49.487269819677684426980673367202633	53.083044993610505109424403418876179	56.614301902050658504891097154384351	60.08424193436471024957610376187528	63.494886831343652432311986461521479	66.847071001345893018297690959032605	70.14027636688642571468641688513157	73.371877418388680149754288886662747	76.536239668154027782162593981635982	79.636420717502006991610994535057199	82.674986301821795056804760280540413	85.654249987319886688387758400171153	88.576396626407267121683659743691074	91.443485663519660723059871911260044
4.3903723243246483564749711553763743	4.3345756080792216760470564910528626	4.2798850374826595985074595002254063	4.2262324612254374256409440746615149	4.1735533393445872730481575464598547	4.1217863492531379461649943986268726	4.0708730244823817585481054384293038	4.0207574224555644218823788170097443	3.971385817912652879729975588754462	3.922706418846808881207883816333958	3.874669102005127958132886556601318	3.8272251651566533406560689058891448	3.7803270934444347091841623978543499	3.733928337217986975769934183470481	3.6879830987881095330207901289810099	3.6424461255567423305634669446498832	3.5972725069466354196727668938562717	3.5524174724851524032737882939843506	3.5078361882759633031460526332621207	3.4634835489135065710680416680360493	3.4193139616462180195650333962357714	3.3752811192602290978662309826642445	3.3313377577168500692097545001080431	3.2874353940088582074560475123442934	3.2435240389703868465834118279835945	3.1995518788391191350539385834005526	3.1554649181708913062515144634169344	3.1112065751696714264174845382224995	3.0667172185174284630537086338616683	3.0219336322295522420864124021474158	2.9767883917316870006932852494108735	2.931209129988381221255150424387881	2.8851176667425664733351842616558767	2.8384289662225483224830619019291434	2.7910498782842643492713353488484037	2.7428776037817388134332916205446115	2.6937978053686578381557797864619294	2.6436822574751204414120846988906734	2.5923858901154032542477560182875162	2.5397430245695447229754337166085445	2.4855625154041053485558512943670696	2.4296213872387708599242845551911172	2.3716563598989441314273655576271212	2.3113523463411937113940146432015889	2.248326501193106230590161094271989	2.1821055379032044318135947881128815	2.1120925114078941928407272799815807	2.0375164396356548589187805067272812	1.9573525892813637670184820534340897	1.8701895819551158035706558906379276	1.7739927897672280539851362121504157	1.6656456075999314030001983598538533	1.5399511586783567380391986776170204	1.3870615304658566242612482264921098	1.183729005495967435850739548188278	0.83747271870284704215649479544334086	4.1481588669140517509992932457708442	9.8475071840135798953997526560504306	14.851685407341232529404579684869346	19.5030683546608725646639164952706	23.919637044119185671735548337661674	28.160451077266422654567946442319959	32.260557625662933632496642703984519	36.242998777991514202370670418466869	40.123998915887246410783973769756829	43.915527102063701229647371082185447	47.62667471508259105861579145007608	51.264436673085681924623620500919816	54.834167275938804876703650470757466	58.33984571863701024966424628405	61.784219405516897701176195443088662	65.168851400134809788826071595622983	68.49405163518730786128928526223948	71.758532919287125381704853642505849	74.957456413597287766817750796592894	78.089596326184985484710593957039181	81.158613484321849236614589695976324	84.166929259382904098915073389725669	87.116828735675662716842275422966132	90.010464260986153953612628376103358	92.849860551846646494348197094639783
4.3886838568688614270689164634805178	4.3328004522980810125496185600135064	4.2780191456237027787490008560748152	4.2242715152438389404337689352335618	4.1714927417251942316021987932926226	4.1196212116793967525144364043310501	4.0685981541415385035297690897527453	4.0183673057837315929850808039572146	3.9688746015877234321814251332457681	3.920067887831853688389456451925739	3.8718966544295011444025615071757624	3.8243117837968810766333577864533119	3.7772653135309925024388981782037165	3.7307102102469999634332616091799079	3.6846001519574727132732462388702511	3.6388893163724629214066605583279759	3.5935321724553661563929477768645326	3.548483272479676681133614674489544	3.5036970416881612209102137427012971	3.4591275624492318130123134886241685	3.4147283495213543033421386254612117	3.3704521126595569504068653325336385	3.3262505023056096668135992727843686	3.2820738334668398184504463274197725	3.2378707820719548616742666502211828	3.1935880470443331390586771454361074	3.1491699699908178148799991458529331	3.1045581026788691197347815895384252	3.0596907102494819318371208850014219	3.014502195226453335247843313920685	2.9689224236136851468219226429649082	2.9228759294121564097794809056979263	2.8762809673036707089933496661238559	2.82904837441958228420539381597464	2.7810801901444193892452932451221162	2.7322679664826211439074186234997494	2.6824906786814832019205045477244935	2.6316121135798797804169867449818921	2.579477566935379199689292801400468	2.5259096134858286745410864231429711	2.4707026129245955223124417464718178	2.4136154616735156695869590345205682	2.3543618606673214749674734188804418	2.2925969836348957222135584353292789	2.2278987887121198616821245192048204	2.159741107398266279238687888933046	2.087453642175258366863145897493917	2.0101601947231065319413639441895563	1.9266787412674937773607625140742022	1.835350181516470640920960037895265	1.7337224492217283749755139654745588	1.617908454801676460506915265561363	1.4810921087478468311308436224591696	1.3092539246246265161899270366819974	1.0633356354702709172651622430766423	0.33620815659323063304177825880145083	6.8899149417028403925880321165358958	12.229606470090707748289809507210974	17.077836837273919786771582454056034	21.633617417890979759012195335519396	25.982055787149376605407235262138149	30.169779567617376620302488918709098	34.225959611892416037835671707080799	38.170459597543192756239803955267978	42.017607185745437064932835393146944	45.778140172618654174901886496257788	49.460283562496115424287536696230961	53.070371753944228003345497969715863	56.613214330871013796389087035380242	60.092305820928484367091667993602851	63.509926998037939604400159888542269	66.867143944709032293081745846678439	70.163637299173179372903204894237058	73.396873973527218318389695198675833	76.561368011080620654901960947107118	79.661052502519841385977093967945091	82.698579511093931912070772994046386	85.676341000955442789525907475464071	88.596588039107961398010882561197211	91.461436326884944650614748057131636	94.272872802922328007935685465818841
4.3869279230645723409288320554139908	4.330954952932228203869897215968721	4.2760798594268039697480751389417045	4.2222339348726749700849189744736178	4.1693520636520934726472805127527153	4.1173723237720210157469540185547858	4.0662356207118886289362709423480098	4.0158853498979828053413825295216797	3.966267084430654731978389731729862	3.9173282849115423048001704491479054	3.8690180283895022580348038603229195	3.8212867535735743057057498089208451	3.7740860195532512912724235193689261	3.7273682753222789543266809663636739	3.6810866374218580774277151333823045	3.6351946729999639824840501838707165	3.5896461855215352616518335160954317	3.5443950002527961192224438362680044	3.4993947464735833119809156556576158	3.4545986331328170878661369524841304	3.4099592143395943089259441264008004	3.365428140656360512383915916767956	3.3209558916065408758017642484732426	3.2764914840950267741320778199401635	3.2319821505229636600520253026388891	3.187372979202418981926318089528326	3.1426065081674608688418909922116866	3.0976222615349068755381012620788886	3.052356215054635110411079633208825	3.0067401742192643434488276289299579	2.9607010440176874054945316408377817	2.9141599637552946231194345446687935	2.8670312728138834870825832071110863	2.8192212630509090348287673770239693	2.7706266596728889745379279395128852	2.7211327532795996201061105180451659	2.6706110789889650755752570326901572	2.6189165004791160335254998338093938	2.565883501735711216604395723210493	2.5113214081781075063368609546220636	2.4550081367487710606258717200051408	2.3966818863546773873660979942300054	2.3360298820023704603257937418763987	2.2726727992107261164017048760700596	2.2061426717945591962645237097179072	2.1358506350015467600604550875669848	2.0610381746522672123539520925768757	1.9807003136041275642134456759251492	1.8934582211635764277690227333367202	1.7973339123162159071586142414796524	1.6893172742529169989701232175726138	1.5644353856496404192187916867562382	1.4134005550894191801919512002827336	1.2148709801667766907121535026136326	0.89053798040372589560264550782781305	3.6039331028826555927737225315898043	9.4890819008684546332615615102687781	14.591488201906713881031102489391995	19.313261511698107871081367805007504	23.784888103902124478215881220824087	28.070453398429148330325060879571577	32.207634700737497115404489827661587	36.221071163257650165046443657869981	40.128053277153278321229514906344595	43.941309866675770816781252640688883	47.670501031264778870656528833313022	51.323065158027422434729248862101578	54.904715393088068245914237532630435	58.419731453271907308585408903996764	61.871119810384216833297838613687774	65.260670119942016497511154581959628	68.588884744018225493493396156690715	71.854599789885191709316241196304818	75.052828878380628440377327045264664	78.18340168936273831506514706728198	81.250300487755137437967797513275544	84.256031537985637501068497855835506	87.202951044321463471520070224527154	90.093271286992384435169656048398917	92.929067798466492434174525883968844	95.712287184839772737616233635070589
4.3851015280997290660112565388695163	4.329035991664516490703349753891301	4.2740639258946340789253808982619541	4.2201163201154547513162264350264929	4.1671277445685351964180402357874099	4.1150359494984638684393554467531024	4.0637814962876828021933997716457948	4.0133074169957620172290958413132739	3.9635588989292128892706677985202627	3.9144829910778359887915628288941953	3.8660283294140423963388483851038754	3.8181448781694646984687474312250775	3.7707836842830764381796495351203666	3.7238966422573436120213480071501028	3.6774362666636301908048557702229778	3.6313554695017451575319993687198773	3.585607339536251030972071461159257	3.5401449205964316375332427788438145	3.4949209856283220264596590178029622	3.4498878030124316429741246389257834	3.4049968912935805646846657326069859	3.3601987579875077540282953604554562	3.3154426175042964590529609788114811	3.2706760824253219701211277746072312	3.2258448213383777023271269627644242	3.180892175111325046218840682101246	3.1357587217822465632273001970589261	3.0903817780466978134586401266342046	3.0446948224722249580708711746436231	2.9986268218496259251959263225064687	2.9521014371954467159826900119889566	2.9050360794255682434152754634006957	2.8573407760175736974724420810607333	2.8089167981922305436955063107991524	2.7596549819872865483699698849574379	2.7094336541517122107244448609777435	2.6581160421548142647084272107072521	2.6055470022905545445667539982749219	2.5515488337751414667007745981185162	2.4959158484200226583645974019437092	2.4384072158722529490813253921392323	2.3787373709845281729428328999061588	2.3165628949941437132820235103272178	2.2514641600930693723223512982256363	2.1829189549263080276949514559612678	2.1102633785944741290236314524967661	2.0326316339720123782538394250023233	1.9488589895751823846658250354526742	1.8573162333643511920849381809877779	1.7556061111136521574758290320476492	1.6399512749060643906927089192668986	1.5037866651488316736838850806969789	1.3338075680558960322210438246496725	1.0941050319479389200490598348857072	0.52039170606154510394671172035421224	6.5654076440575590866409363337864832	12.022594542760244164085457492213025	16.948458476665391469163369496967623	21.563354406440826473798558263017656	25.959219720211216046373405666080437	30.185927089894519701665890939613843	34.274520409077082828245195004413205	38.246076838255198204958636551673321	42.115771453620767850508936044269619	45.894965803634360317444139753486815	49.592363051784440903499078771514959	53.214677144447421695951417464435501	56.767028687411825396244988954498891	60.253174224999662589870260068775299	63.675618858514687984637498884005075	67.035617122624940192304581730484898	70.332982551269020896800851125721728	73.565074232659622797448126055776434	76.726796392061518815244910995409581	79.823228927782474875180502774233453	82.857035164712006247385838258259501	85.830683546318613554997046855403833	88.746489059983139349474806762956421	91.606621156727941380151546658980301	94.413112260567996244362355172251829	97.167866553103068709581282256019512
4.3832015061624524415741705373904399	4.3270402701297311357499076716161416	4.2719679019232911397280557571227701	4.2179150696934948732890433639913567	4.164816010224149657992915639181581	4.1126081253533940274938536016877461	4.061231610196308349907320724318638	4.0106291095342012121696039472537026	3.9607453989939398766691343945226871	3.9115270878385059447467905032163239	3.8629223403386681392317304311114294	3.8148806128011116546077254544538614	3.7673524033946908064754825388493974	3.7202890119441871781999836884934406	3.6736423068490970137371646895037844	3.6273644962292813304989473496727393	3.5814079002942088130039927947469435	3.5357247217701672265378540985496353	3.4902668109873769797465278944678325	3.4449854219139114800746911124466798	3.3998309550049793836531803903752601	3.3547526821903471770280176890498919	3.3096984486175002857453050043423322	3.2646143448611300963579475107765966	3.2194443421443945745290884694050019	3.1741298816211287593822683073649326	3.1286094068396020853742160653489623	3.0828178260138554286072941937718578	3.0366858874820459027376265811074151	2.9901394474775268394702739926130461	2.9430986037200515313377408832845006	2.895476660845010584252350772875686	2.8471788836028714138278220192681651	2.7981009800234965691374215087974434	2.7481272377924669033393195744333262	2.697128210588234659883795754926173	2.6449578135005150727222243686049098	2.5914496323000701375678411531672874	2.5364121713327372613351094839038167	2.4796226445467287095670062249599541	2.4208187290257171360725649277000082	2.3596874076175664226241927395884941	2.2958495498634746364888881916093447	2.2288380742674236940978928613773582	2.1580661173710283974850126536901231	2.0827790223075485481951204589982476	2.0019788697160645380446376464565947	1.9142996811275907523696253583622221	1.8177875230645502897730856741922223	1.7094799985368143911492589894358851	1.5845085893103978413590079737012871	1.4338538410055177753275863258802441	1.2370936829512706480052384968945414	0.92232426838916489736528835901761297	3.2964363792295647393031466562364311	9.3367584621957225159262502709968206	14.525269449904680185531808547621024	19.31032514125761940491997414562252	23.831998100339081086936391430668246	28.15837192732268255875262005785311	32.329299064370389736909523493908788	36.370784865012153212044562055195184	40.301056426364168283467301756249634	44.13352267003933644366467622334656	47.878358272991142633381048184054248	51.543403957826313998170321105379722	55.134696648681489006040286205610331	58.656783287838615166299993668987844	62.112894529065545259423639095568412	65.505005964303747221562077438687073	68.833756788256319578425970140325089	72.09799782603850852208927220494796	75.292410890509001328323597840364848	78.4185404140184390455757913365424	81.480525169767387331510974281489008	84.480953715373848049877925972075404	87.422250472432731174825166245612362	90.306684603287607054772536057641827	93.136379369757100779138844442812441	95.913321690573319536936136935108396	98.639371658838951296196200411926325
4.3812245078282200952858473761853614	4.3249642964089806019533801517128677	4.2697881397961984214277977697832147	4.2156263654191359011182187587740134	4.162412855793208210374086527475979	4.1100846420716884047228540892087309	4.058581529137534034102487634989535	4.0078457486066017085000052341219749	3.9578216363593918069382882897068572	3.9084553314039603028752468463562773	3.859694493008396983710240341047165	3.8114880331332715039512157122161936	3.7637858612461172321275176667935313	3.716538638611651232759298431692625	3.66969753912087422774228435031282	3.6232140136451133931637883088428724	3.577039554770721187370976750271596	3.5311254585762353085044546445689114	3.4854225798444841738555523905655256	3.439881076739902177240111645659353	3.3944501405048672986432917176448623	3.3490777051093819781052337731878437	3.3037101309902547891198304694206215	3.2582918559885585217918566406252354	3.2127650052750207108800715223796872	3.1670689503548100231995599149516777	3.1211398050509436178571357295918746	3.0749098435201531636538720818448807	3.0283068216404430601723293105016217	2.9812531782231181906650739713291031	2.9336650860191128884451420856472497	2.8854513138056466989433606214837186	2.8365118490813915199755927365259088	2.786736214787779734016626444097999	2.7360013911065586650198183836580706	2.6841692218766478540544858588888313	2.6310831400693669773237427043326486	2.5765639810302083570762280019681046	2.5204045544731124483423482678853536	2.4623624976429538786733190808935529	2.4021507004150283424139529769093993	2.3394242214165938935558117445926996	2.27376199807866603119364540815408	2.2046405928798423928708955195631729	2.1313953111409713748235720926759447	2.0531604185376392577703546029343358	1.9687729396577916273094075140237613	1.8766088632964108807395978999675592	1.774283566947649489956886784767633	1.6580499447287813414439344070725977	1.5214213784393381655298854926449578	1.3513379189539936985383650123689692	1.1130314371523711586181104079798252	0.57407375709094150278882297534610682	6.4701479028307999184532472886347752	12.023346015584533943908312271597364	17.016436536356367052665677324709038	21.683741358977571407505026524429601	26.12203718016296183630139175934068	30.383661870682888234303964676983734	34.50116389163634193543446335222896	38.496637379675611047529254994100407	42.385989408678496410496270842459645	46.181130879862150170495316023561882	49.89119011390178722737306013387827	53.523218558316963351235486148676548	57.082610660105234870918236600584249	60.573348481711383403941248684423836	63.998121553122725734398067297363454	67.358322697867229454224383937701955	70.653817143355686837244644177720005	73.881460531370787632286862474372536	77.037451411312876435679431550180163	80.127715241701842745795712589115189	83.154969438361664943487349216796091	86.121755252163474225242759797456591	89.030447867436585154563639028862716	91.883266808326436583026846409508931	94.682286421112288808542951469613917	97.42944622271875062899802418441892	100.12656094569341462316358219764578
4.3791669862399436715989034514288002	4.3228043702098662657826434855010211	4.267520771243244377444913204183952	4.2132461549982297836925740740461899	4.1599140272687477759641981262787128	4.1074610244441089894420315802985582	4.0558265352299193751235057705267592	4.0049523500049631038642814052224105	3.9547823344212148027206432939990431	3.9052621240265749024814875781130212	3.8563388368116865871550940594162514	3.8079608006595638123285131162180762	3.7600772927123624824283713007245496	3.7126382876633850314153798564471374	3.6655942119310862218256236625272453	3.6188957005708978907632888713952414	3.5724933536210337831146437949603235	3.5263374883499552574586514940381565	3.4803778835604901519832318467921693	3.4345635116900838631142670479407532	3.3888422539028049248595678398431538	3.3431605926648519137346081680039428	3.2974632753882507612730145513690222	3.2516929415610884930376477339541908	3.2057897042828359327090217998548959	3.1596906751890065582984547660691362	3.1133294192459531997422277662270624	3.066635322636953650263323496023	3.0195328526894403386638246750121383	2.9719406831506615776947697376558993	2.92377065059775359150781723935313	2.8749264976404509108132971314329876	2.8253023447825491473682699831404134	2.7747808137886764495068919723730864	2.7232306988124094779126217674388659	2.6705040437913448752181487172673236	2.6164324301058363393515755770057672	2.5608221982910905958989752610092426	2.5034482070493638412700884667880597	2.4440455472972074152541031713196437	2.3822983356833455648730813363565352	2.3178242339157104428432004691163034	2.2501525330813933619541645494605938	2.1786922232698024193486259647963994	2.1026838546865284142360769038015077	2.0211239070120685654289144032343876	1.9326398006721365174422002947534988	1.8352698322412179140955314918873151	1.7260427980525434934655866219528258	1.6000820592345055988777930736458071	1.448370649093536085369897744027837	1.2505630878152224094255626670045914	0.93569380675268281251541178055202896	3.2634514427578277419866596721698752	9.4103750810789490770152136124518261	14.668900854025068551738602401375174	19.508067164790969108524190695345894	24.073385919624066657343768833764738	28.435570762637504216436614280081601	32.636058348185461762537249186255267	36.701922611843552502735964568989898	40.652160110891825709205671585011596	44.500756803860630160647889533957376	48.258332216714149657228384179584408	51.933077341937832094429969943941784	55.531309759840406524102385335756398	59.057803962564267639064999496308502	62.515974083990780101694091123032643	65.907934098078389163676539057777393	69.234392038405533246295156000088816	72.494058400152164956793658926911346	75.681221516654515952081696071728668	78.799861579483744255262062763167109	81.853980289414852862999617786896577	84.846243862702039664436054887446453	87.779140386368940115820266674150194	90.654991513176278929504681932754139	93.475964051979409703609421379868452	96.244081289298743931771153219272989	98.961233900196731025444571333289454	101.62919033997931177909469287300482
4.3770251819400863112031259111447645	4.3205565665769794473087417826727853	4.2651616898927229240958422786400919	4.2107701330704095978229666973813941	4.1573150009193601903482826273987247	4.1047325089977644220898831240847733	4.052961601698106737838655533284456	4.0019435976700126550543941777973007	3.9516218591736068673386617251045143	3.9019414821145781741658087021379414	3.852849003618941085892038477478984	3.8042921240668658213460739602575048	3.7562194405228441330186390016881121	3.7085801884732049381361950731012308	3.6613239887077199353095398840631977	3.6144005960536391097612259059026431	3.5677596464781705317126230836682724	3.52135039880697727976034029295473	3.4751214669441356389914300420860132	3.4290205380019223669274479639517696	3.3829940711274391901176616932566072	3.3369869710106775270930067780521231	3.2909422290253876987565360338980658	3.2448005236249493482419473802612825	3.1984997699036788278014492902747555	3.1519746060217146622731863108004702	3.1051558013192253899648633129863513	3.0579695671938848598821050335803862	3.0103367468783157729278212401641337	2.9621718537030954178642823042584195	2.9133819186539367373113060915856798	2.8638650961465831964041657657125286	2.8135089606576399880801019054777806	2.7621884042380627423149553192210171	2.7097630130844072044657945694617453	2.6560737557433880417938458385380221	2.600938749066781618953544558190286	2.5441477692164456013473908448692794	2.4854550247558113637565109218731533	2.424569474507368094272489453824536	2.361141596685851212858794220947434	2.2947448918983320830182248642784358	2.2248493280129295636516352788710519	2.1507820016746115013185899726673285	2.0716666317729627239511661290256926	1.9863261433148352508825616594147981	1.8931166963934618938252584605844546	1.7896238890502747059178413714929951	1.6720518184357157206594576566847205	1.5338235659520332422596630076050254	1.3616772127621421114847288808467304	1.1201920881830808482931151972435606	0.56724739139840904917576324482754769	6.6275153895847898653510137161811561	12.249300500866143524108094056502582	17.296679811478192059315972865606228	22.008080379595212147353310634374806	26.482619934149554387339375033148868	30.774141927253091543688453810310672	34.91624787752363802049577604824796	38.931807087465053299909592357011602	42.837315498560232238167410683174722	46.645140596036447278115613373930844	50.364769955798669656045164402194556	54.003540966386729319515879229770356	57.567077272581491597830531887714698	61.059543414003524437877287747234705	64.48376636633253933916434051457947	67.84121622142446797844530001357232	71.131700333725179907543259101528757	74.351155950606034226401106591002144	77.498265206537712116726757062639111	80.579279672375659578322281008872393	83.59699948282312399969724982191629	86.554033131950304683814921349562605	89.452810746877388017029842155963697	92.295597004964898682036816260113024	95.08450359659290814016220589494276	97.821501133384035520748227735683445	100.50843042064328241056837045070712	103.14701303863393421714747862171915
4.3747951061944672648081689363908434	4.3182167179552725466046439104133226	4.2627065319194497308748099373505668	4.208193720268270255591210546713418	4.1546109605645232712404490896677228	4.1018940192683841117698037812283901	4.0499813658951127296911394302789632	3.9988138141850244637079144303955657	3.9483341868600848651520561944168498	3.8984870006837544929501859159528274	3.8492181686315569606180966349818111	3.8004747160234075550691752531316785	3.7522045074671120728650639583357369	3.7043559814141011943771774505842941	3.6568778890276439290035449509537351	3.6097190339052131387212744767693105	3.5628280089662933119603044846794386	3.5161529265029963387685775393225627	3.4696411369719259465907460457634812	3.4232389315571028341481965103616212	3.3768912228227915698355231219467962	3.3305411968576170275976243972230651	3.2841299291304962199967583831498837	3.2375959547586362124292117878824832	3.1908747819259727464126931709220719	3.1438983346485328379078808252492631	3.0965943077722960492345796136192045	3.048885412747682551692153688169254	3.000688486987448900122655682121101	2.9519134319639415958842402554864637	2.9024619348962247211693123419134347	2.8522259148388390887450715965759255	2.8010856146185481289387421131981511	2.7489072329822612872427059878015091	2.695539952855086868127234243876312	2.6408121660441655442514917989350383	2.5845266129222179355411376781468865	2.5264540326082211012978750951509787	2.4663247296947368411936388573988256	2.4038171637343340291061863372216633	2.3385421783857001609492258221766997	2.2700206599129114664449000761029698	2.1976509583349753727968816813938799	2.1206597165141561449395876178531141	2.038024508863027968801733815072014	1.9483457636093432597511941221331977	1.8496207512786417000046069205886602	1.7388106102715443624865178398700711	1.6109140336299943531341538519167116	1.4566435599134822100046097465980441	1.2548774683730657941507859288170837	0.93031287545888829910162632565219195	3.5342359100960890521657569650568884	9.728986866765293145464104234580854	15.038408157020360880632865727762835	19.920693916167568240964256968785783	24.521933651802605971447334027345849	28.913879932791739689309071607327386	33.138864951080849202424281888156122	37.224681510301033286889468411450578	41.190896878641674484950326472593793	45.051950031370745699736408068815273	48.818820819828812658359374408680456	52.499987473976001246967170003339739	56.101996528000147319531739564429467	59.629803007613247199125807131980989	63.086956386972483755742370510659722	66.475651395953984109133825594077973	69.796575869289608005857201777579948	73.048037107586335097357357971483017	76.224274512111004210704311299464221	79.332207153186015420845521532853958	82.37535014489505862394859060151413	85.356440570292363401886153355525726	88.278023893398322612826014149781823	91.142468462461053104456613615486951	93.951979311627989326011217767249787	96.70861121975132533438692642069591	99.414280984109036814480410187395498	102.07077888052384327739152157941898	104.67977929946783910267228246892498
4.3724725226252029470233261763609136	4.3157803944038858113913076921769984	4.2601506546639488977082296366935904	4.2055120400447437218506481920277017	4.151796772388317081684954864348104	4.0989401383505466062165302262990838	4.0468800993072114026040287802790495	3.9955569279168467074342953484626034	3.9449128678900822523390966667914201	3.8948918136408637354771515794471448	3.8454390065679217623520431200451035	3.7965007447389937993477176534480493	3.748024102727105870345816261144194	3.6999566582742407723987843385051499	3.6522462223284920283478894030920914	3.604840568805758094436033138800994	3.557687160154874294452888661685469	3.5107328644378659606196886269495941	3.4639236591522517353857097566224525	3.4172043163912919845624472637214584	3.3705180631220035004233287821473645	3.3238062093086148466997311691052913	3.2770077352550674679025262121177638	3.2300588277938989792206417961712476	3.1828923526905807685889511689447364	3.1354372476977040125951447322841027	3.0876178168574486747682313310909663	3.0393529015998957102095611144846042	2.9905548974783806153077385186523375	2.9411285763932478254457851894481184	2.8909696619757640458353638868843948	2.8399630891038833794719306805587931	2.7879808553228285884950631262415496	2.7348793392401923952012095631568604	2.6804959141126955547543293017184595	2.6246446164969159800835780770800471	2.5671105281083915186517434231799762	2.5076423741587857665384267733773097	2.4459425995324394562402687274040306	2.3816537952123466836243249018481916	2.314339700925944075689594615602204	2.2434578939716541281445173874142532	2.168319260984140782158847384040038	2.0880255267358152716265064760599592	2.001368402074300271454915096682122	1.9066571731241289605670096192156483	1.801401749911699035128438979406755	1.6816716500834550777810568858817571	1.5406158022032520648904469652760562	1.3642803389553459669015292817121974	1.1145943021538039286120523723001069	0.48343171291179482403422738291698394	7.0576116371262930857332959527555553	12.717478094750017476042874019831399	17.804269889008077763266311547101944	22.550023782406167909248036202403788	27.053479549581417787739313444957808	31.368926439928136330601528072940945	35.530512912667894307813165952427743	39.561607851805538944995524343169536	43.47913013665544245248806910264121	47.295794715090744637530790945717084	51.02137024060468024164045730719804	54.66341882837722649692972115874194	58.227740516422219748905177028761105	61.718631378923465818159336224530306	65.138999123144014258858866216767092	68.490312804364539855969790579397443	71.772156955309613253971923803177543	74.979288044956147051869095597093154	78.114151001059656104138967335950288	81.182671046076160417877116093965472	84.187722764433546358830967658058819	87.131974372232267860450683422105605	90.017904111337883494346336945746972	92.847815620699008853842384346106147	95.62385232324742966010723585942762	98.348010839428754449033319603443442	101.02215343566823224224502772009564	103.64801952377559477802383733485489	106.22723623804084157534903619738008
4.370052926943971608984083659537633	4.3132428817287246707615452917559731	4.2574891129647292125530001974816255	4.2027198929805640289000307163407746	4.148866956969120757138588395970122	4.0958650783640673204079206669628644	4.0436516741343651775122128506942574	3.9921664363450100295868788667252272	3.9413509865024532994644251066834165	3.891148549310842219741122606690153	3.8415036425185748717389099643075782	3.7923617795373920741425142452219741	3.7436691814684886131283242777621526	3.6953724950681527616265409617616099	3.6474185130222563406100545362495309	3.599753892664143533657678648564371	3.5523248689485253972854307702242375	3.5050769570659391123414399108016215	3.4579546395210424725506618731469677	3.4109010317706390214861927471770087	3.3638575195778574214926543922065638	3.3167633600286740825407270032989812	3.2695552365980136887079048248181125	3.2221667566379354489158902254173296	3.1745278770489433166093679999898376	3.1265642404899783332634833344467353	3.0781964000141887950348044733356368	3.0293389041072550053943615879534816	2.9798992062176604384074902914583508	2.9297763522360352894647521052798764	2.8788593848842031981109848545904947	2.8270253839618982566913368799097707	2.7741370333830027658764947593982234	2.720039566102795592707345362463881	2.6645568804318585534869770524761282	2.6074865363050106948473809352363252	2.5485932121515453275181601371571496	2.4876000056091404869252202915114855	2.4241766482304594460284686613080267	2.3579231920344567395071597761425098	2.2883468570259135935631250420777892	2.2148281938715925746829931136620688	2.136569871415863234442101937146402	2.0525158239422905720587924095258771	1.9612168122365291778211012732654008	1.8605918870596071993631694381995972	1.7474681826079982364343251192880552	1.6165868288647542437438697203606074	1.4580729967172163081618197041526474	1.2490045932919444718208963632926397	0.90268337591067281470824083418608538	4.123967902172556527548498072497085	10.310070206315291265116719068023695	15.649610460375774803555609099539997	20.562585437187122000358492510119119	25.190823360842062489731565172208164	29.605465975287461104516211727637535	33.849007630083959277461090675871666	37.94957875806344470179152552803543	41.92709575738084365487991045352102	45.796309494607776157183433908300123	49.568462410793624390805547767759728	53.252246379335680669020090788357489	56.854376256479392970697070940645078	60.379932173875250250851341694281446	63.832541145726296104939393218931886	67.214405874566221448240479762131962	70.526067228182051478185828361865683	73.764757585054250531169844535811202	76.926550957570716813893036251242285	80.020387046388639136314286733819457	83.049287630182970742307018646275298	86.016051677887473906648187253612913	88.923273989172885236360204717249421	91.773362402862401313864389124128759	94.568553716235432800700755297897929	97.310928396644321675756849131699196	100.00242414250479516860629927564881	102.64484834454066077264900059718943	105.23988949982809418263596183764127	107.78912763528975772303649230192498
4.367531524546661365940015824906166	4.3105991572679382260691378527890161	4.2547166329072091327587689020995843	4.1998117282402548401701747400285401	4.1458156581533470717153986626249382	4.0926626464183804222394302889111562	4.0402895259747324383424152603222935	3.9886353650461740229071541733031548	3.937641115572336059181040229331852	3.8872492805224329765887981725973638	3.837403596690533882245234141250858	3.7880487295504641726275013165348216	3.7391299766732633901087987133687889	3.6905929760760173490705346474058089	3.6423834156695297255618531978113549	3.5944467396908694158674347398638932	3.5467278476283498380660546828882811	3.4991707806466795649571962657102703	3.4517183898702939482905249012702957	3.4043119800417354787437315362251921	3.356890920987358153661485010152805	3.3093922179258526664913232665220556	3.2617500298514493719710768253082122	3.2138951228899553263699635516070244	3.165754242489271821362096868957175	3.11724938433366138483745176076787	3.0682969386354103984678373123689879	3.0188066754985846500652490332634972	2.968680529713141231463478413576134	2.9178111306735168885516641847303578	2.866080005734316890576604118080169	2.8133553611400178868037568553308485	2.7594893105403867863462438941374617	2.7043143721404781959914542695179901	2.6476389839879786705510140699648553	2.5892416801966316221820892231069652	2.5288634080778430379028941583104819	2.4661972111296484706760099238686259	2.4008740914986667638730096340419969	2.3324431793503238154311943176325539	2.260343146885275586721765904826718	2.1838596480082120055582556426360578	2.1020594462570667507162564905608595	2.0136835304983982699063396120128502	1.9169632231087009921896091751278729	1.8092793606235320093509314562894334	1.6864655231944937906232110386063317	1.5411740706650014914560295788931688	1.3581423140448346047280118102681754	1.093897213714175637928101594202	0.39912517185290716494235165808763049	7.7763321872369070604982206946358968	13.444051764186602942996702011125006	18.554193365445477000186263611859457	23.323378848883056841738163206763216	27.847372455230419027660206103161724	32.179846209696483858437767092718494	36.354970046818336912716756685509614	40.396317750260311482064191042228106	44.321048959747606866528670527652119	48.142103559198124945783207492786932	51.869441988118059497090391970316473	55.510780335316144220304284647232634	59.072033337353754668366256093768268	62.557567923478687089142854429224881	65.97030191859481825598735439316048	69.311595891557675870232526500005381	72.580521711549654432024587231702383	75.770901252561878913464735058127961	78.889975367218160493902626845466428	81.942593354545225161587320285401782	84.931693550962393064555051387213655	87.85999443657678363276871224181506	90.730013988485385717545021396574252	93.544087366079626054936584325513309	96.304383100491413949168098539604619	99.012917908148905275293154728158045	101.6715702242092448496968090655327	104.28209254139306302134373172793994	106.84612263581500541591934900182961	109.36519375976901834695381849581104
4.3649032056949774870445609463100928	4.3078438630245784590657881098950804	4.2518275826475255002036789011403612	4.1967816117937251341351611530367536	4.1426366083429700557753312334532984	4.0893262065900975613972788535827822	4.0367866120657936517312905173099678	3.9849562217139140922176481003538499	3.9337752658574136991793072605802876	3.883185468450986294622020900423829	3.8331297221265017169214358750293104	3.7835517744890025388574755007226222	3.734395922015005384117657352120257	3.6856067077337945175365282590869316	3.6371286186274360931318256689532622	3.5889057783500258271199934200551342	3.5408816304216543363611943615337188	3.4929986064699670431564624032545767	3.4451977733378709907875327248570242	3.3974184519006066775286316003704525	3.3495977991797586768157774160309782	3.3016703437216266464782057221180171	3.253567462113067081720637869368205	3.2052167817892888329023289052242313	3.15654149173996262884972422587466	3.1074595380586997783869769335253293	3.0578826751087498717767774954333196	3.0077153348311404276592837899682915	2.9568532655909997320644995369076776	2.9051818767620492875721657011603442	2.8525742042415081730826430975683798	2.7988883826312091110073229932998078	2.7439644678691485085787979017412441	2.6876203932994610800197884007223871	2.6296467523290072777520887551654251	2.5697999651385041958173695699997986	2.5077931768726609542007905792849795	2.4432839003894835019035247350576392	2.3758568672313072407111629178713931	2.3049996141991830347039326371898931	2.2300666691723670016329564235554	2.1502250963913423887955301582330604	2.0643680332191310359171310075176792	1.9709698958381157792036067764705702	1.867827148848909400506202777656712	1.7515522904850664162400290755675548	1.6164630598833300323200886657520362	1.4516852494434864650795631507781311	1.2310571879006488631571695891382604	0.84370886401080660371023219899605227	5.0365458035384563639132855978169457	11.169161136813663563853402545240282	16.517830872980004462549274389053638	21.448072282570218957486605328803441	26.093356342180430282302034076347105	30.522679745440853161444687095073477	34.777979544139110671892816797236874	38.887334539570173759139289825705833	42.870776264152480038619914208760845	46.743214088306978413629237857019922	50.516044282668101131911320520870794	54.198088935864353331869563120089297	57.796161354380753684025790872800979	61.31540149234709499255006159532658	64.759442971976397895473074121545466	68.130399409503804179311426258504511	71.428462708107450018875627992554625	74.648753884887538559441678926568034	77.792968502743590710554653306831328	80.869150985013756668019744731189861	83.880388285857271298448336474464932	86.829530158179244870719381118909165	89.719211003500807229845776930038658	92.551869588537034293507899098378019	95.329766915294957129886132668078644	98.055002444193121323677897240217583	100.72952882257806168787135358712063	103.35516524553695396631592882956789	105.93360956163735037854726090596259	108.46644922741736268063791777076927	110.95517120804459165288772329455163
4.3621625179692628757121416811768237	4.3049712757938740116949611131433271	4.2488159399165676456372935163793277	4.1936231909602661789176456543506606	4.1393230896977960083915662016173343	4.0858486373503666916762358951744709	4.0331353644441145203712335329227747	3.9811209444897895653903042977206404	3.929744828859865408143710836606912	3.8789478992788692425705871543357896	3.8286721343244960320491055381652263	3.7788602862579511154332308144141301	3.7294555643607120124312909321622148	3.6804013207421161432115402718642498	3.6316407342858453316167550771212632	3.583116488006407985847345785588187	3.5347704345632066969253727589276536	3.4865432440010035921945401548220937	3.4383740269060642183899256839640958	3.3901999250347017510963086670747408	3.3419556600099256902292997567873928	3.293573028795694086772952003481932	3.2449803322134186100888182291469114	3.1961017195821959341568229431582047	3.1468564283939462261999801054970584	3.0971578924316100957039466509867235	3.0469126844143488886439668013043125	2.9960192494123046701067737721550313	2.9443663719054471502484369387855129	2.8918313009818563065315971337434351	2.8382774325615465264398016302877659	2.7835514113097120269065982596983533	2.7274794628128493645127513294496341	2.6698626902744886835435797117418405	2.6104709558275696498541696362782347	2.5490347917377366977520519106894211	2.4852345118474478327781351249632698	2.4186852480549227564669175329363618	2.348915889234017103579446090290741	2.2753385958859608107480018538831829	2.1972031822577654089218654849745539	2.1135260714541167254908944287721318	2.0229741241874618812479917163493393	1.923662824303521511976202001470152	1.8127775729242368506293772850276035	1.6857864930751466622591582751718766	1.5345494022824981797636785248995959	1.3416157642286588715890311547791516	1.053527153501850361982872019434899	1.8466281115308356371867156963420206	8.795839859517640251541713583716079	14.444117990236533196895210035025593	19.561107842639287282277019953086952	24.34190498853982340542803148170943	28.877125002570646177259798843285396	33.218850694365273270510652195305891	37.400764874818808028730690618661566	41.446348221005030428527363845520499	45.372810108141599571305839249001637	49.193182967101706025269040197897378	52.917520136381872423000656160546143	56.553611593676264441230359874319495	60.107415167761567556881650998380322	63.583295340260225586386343419831877	66.984088186570028649991667276701369	70.310884310263373146268361685374919	73.561554870256052347185096851264315	76.730957355066367547504035981084725	79.830527196297849759593745748939352	82.863677178492431263017903184058324	85.833396393213018224358151072086757	88.742442298457139976527269480417652	91.593362765641464904363158309997553	94.388515857689820246229573577463959	97.130087636614055824495160698854918	99.820108223174943288968738143244516	102.46046628660176464949888905066905	105.05292211506166090008948703139792	107.59911939971374862363379533669788	110.10059585235075573406819501278014	112.5587927664224983949926104921789
4.3593036356281329546885137842250065	4.3019752738775790208788152582515065	4.2456752557469596829928231727310854	4.1903296547603483151223913331324012	4.1358678906718313376119819575211022	4.082222283784954890126062987490447	4.0293276372784368210106926217558976	3.9771208437577771291438000016433641	3.9255405123366691019015801854621406	3.8745266125672729129914041640353552	3.8240201314897871872263480826124486	3.7739627399584622389404052456143654	3.7242964642192331853388208567072738	3.6749633584529459575227834691703533	3.6259051736428646508604270066077368	3.5770630176547172756054535035897607	3.528377000803534906634383202218505	3.4797858603869376204431659120935322	3.4312265566384384027384897813294914	3.382633831232662294321374813105555	3.3339397177683751896017750333307307	3.2850729914477547996616638399091236	3.2359585423018419428876048139293959	3.1865166525633813322694650486112264	3.1366621538568133915636163577383029	3.0863034333351837428495319966377937	3.0353412491422322624591164611662868	2.9836673037450773919723342109441331	2.9311625074988498187712124723914876	2.8776948423848134366379116455652515	2.8231167043555901346826084903291538	2.767261557734263512081902322572095	2.7099396697297308731873798333299443	2.6509325961893534565612439803089305	2.5899859427409987042647637715405704	2.526799696931229575700575629713863	2.4610150612771979058871320674334574	2.392196112561529610399477750103069	2.3198035751620922154731418663666564	2.2431561376185569835715918714989488	2.1613712425514917590824254851882186	2.073270296315007763536859150960732	1.9772182938278431575925667074549094	1.8708329403443816831241028639511125	1.7504071197488032124907172620791096	1.609610646294866362188528111401174	1.4359768504948192585721791485372375	1.1977757792564013975974788303941917	0.72763710136784232010394169924390288	6.2717373511961443788014036275135887	12.31995496626827444492024254419583	17.657698990743554483126162359774619	22.591222340404132765932622633808535	27.242758067275569321315458488124455	31.677882205587188023976411916246295	35.937322253269500451236879203496792	40.048730906136717405907477958026183	44.032019123786948073386684829243506	47.9020944022646473003013892812602	51.670389572106031546609110366414947	55.345764516238708801918506326413122	58.935051334252381672735352762611136	62.443372311928679152032885012580573	65.874277512305807638089110636641588	69.229651759196117606804931381021009	72.508955562108732124692853580956126	75.705594601247405066776007563806381	78.828347238617939693509952971898424	81.883157115111861112425417017883705	84.87316119448207445567899059183719	87.801246959432301940773445087770388	90.670077123872349614972880048858044	93.482111572019623628587661389417469	96.239626943965221643436572608195075	98.944734176144883315634368544829607	101.59939423689270553023997585989589	104.20543225384455628456197536438909	106.76455020089274545570082833027288	109.27833829160307613128610283563444	111.74828521003421052686053181040833	114.17578729679512356323458194813841
4.3563203254532987885043678645640276	4.2988492999127214123824699852467156	4.2423986138915246548906193140538234	4.1868936894760881567756862183087619	4.1322632572062032793793192783712763	4.0784389038386948369660644255374162	4.025354647502207031250214977383979	3.972946536405599691602895489068883	3.921152267319144837535298468078776	3.8699108200334236732360039569531966	3.8191621039175074033646232472948859	3.7688466125461105613879634135268423	3.7189050821361250769320642299206758	3.669278149215840655720221963610819	3.6199060025254192829023954952855537	3.5707280235910913054708031538296242	3.521682409693875006151963609009669	3.4727057720216065788869572827417996	3.4237327005919993162199056975024748	3.374695285985799692281273463844017	3.3255225859275143706224351133469057	3.276140022154654330154928555491247	3.2264686896312754860618885874653306	3.1764245557202827760476970830005368	3.1259175210583817549097319677065153	3.0748503060516280676348321593290604	3.0231171163730231699045378151875662	2.9706020265024459361963020205784044	2.9171770005888015325207390604096965	2.862699442310543520376525909152101	2.8070091262603237871112130658778043	2.7499243069003291894509724990071202	2.6912367180875473621759143478580659	2.6307050514296281597627316187309018	2.5680463097672221383154876093220136	2.5029241285150267407777123103984429	2.4349326623726592855827201449524198	2.3635737979121245143548857846633659	2.2882239792583193837409771385149651	2.2080842165355927410795359879788449	2.1221015530042364161735784346848109	2.0288392640540783811454535929182872	1.926248306515056675079119446963611	1.8112309373665548917636958668934795	1.6787120667240526968704856095391594	1.5193295797112047389897243503595156	1.3120426364947613370099616227105118	0.98417767556647747845554676363273073	3.4755365152330889141689652506538845	10.125902384284881665300391381497216	15.731652154668906898000662844160043	20.839145714952231554124289624553044	25.619106076416683028863146842720804	30.155439592324003581168828450468913	34.49783152031289280760656802356721	38.679016968514526856596757023741358	42.722096854570951299893494937751618	46.644137780633702669552328476248354	50.458126195997007281208662235508061	54.174101458702872382935218591920582	57.799838016742818788471625888759316	61.341253443484619908932486097535847	64.80261870278034544394367191875864	68.186560519560652435272952847396393	71.49362233511418192070182647558854	74.718598296918649123007940172740147	77.864298068436162986690978477808717	80.940483300240106693501190017809724	83.95044781172254626419010589405588	86.897216395316555705470144710582712	89.78357256602891980337570348576914	92.612082941070809035218697754490777	95.385118815993601827037761078649048	98.104875349451457118038709779209996	100.77338867158923953347654881438662	103.39255116796402015035168503343303	105.96412514816020137413845363066216	108.48975507777317275534376551841883	110.97097852945726266195492904773174	113.40923599046903376099387335181684	115.80587964896094208844487097451256
4.3532059085903543575518084108221939	4.295586319265236885757962044863044	4.238978585314153363224856454358706	4.183307428720566526369911740144089	4.128500837785306599796765789280517	4.0744896076825142219566753501643913	4.02120690771752442690726908876693	3.968587871377687883974549093810069	3.9165692052942222254091882778278401	3.8650888131841835892292518506924452	3.8140854307207119082096027946616734	3.7634982670814849075736145294208608	3.7132666486428105151281209684485024	3.6633296599030551438338871709953892	3.6136257762133274165427535388224128	3.5640924822360519378556433546973626	3.5146658692013344550495140006889629	3.4652802029357958357814644801981268	3.4158674532264184132747507244508735	3.3663567732594728779405507105690274	3.3166739155140654681654030263078328	3.266740567418445084185637170327676	3.2164735860579911418759996725506172	3.1657841059269914788656652250764476	3.1145764866791833781554324762026507	3.0627470583960964324416757291380962	3.0101826091048476164445474898563733	2.9567585417471362768740943109821197	2.9023366034491152599208489967002106	2.8467620556179871743372596678864839	2.7898601042170343603043714975245444	2.7314313378228510107995329238343647	2.6712458142244405640260252305149708	2.6090352734901048346410865586635308	2.5444827007061934969434563481081232	2.4772080511427243044430628319476216	2.4067482665000534020813955667640834	2.332528525877374276940077585531011	2.2538195294784885098197313046740985	2.1696715237413706635837728773192635	2.0788074980389565143614681321680876	1.9794399574216273127948163610611762	1.8689326789049101396025473564507096	1.7431132789397350099543405782433014	1.5946758130499269905187736896418357	1.4086221871266827588623228786039266	1.1433157274728349671270121934768835	0.38038523559887819761013863899705501	7.8303902423100432029305630494584261	13.774686465386523735639194779881439	19.08302783527915346627319750750586	24.005636318150410558433880438654576	28.651969198488105424251597738093744	33.08324822291690520206463545904393	37.338445080418187494469262883995164	41.444445504404227328912782840182785	45.420812144841928996542247057941167	49.282288357798922859054016443731887	53.04022023769330974157384299550255	56.703404660136409019960194242411147	60.278601776172809946550740282451994	63.770822148388975393683345568864469	67.183410957594714382421812770964638	70.517799294216101762855122931424808	73.771660383783635346738641550488742	76.940131658244762882771343789008517	80.037372118009637865774556150146329	83.066937171863594690890125840164925	86.03199649277324638174263773274558	88.93546054730535217770420140637709	91.78000772211333997730344956289794	94.568108122347888908267554469424663	97.302044577925367621537842457570916	99.983931261670534881107975240812927	102.6157302365345457941796031765129	105.19926618986426549085501292394655	107.73623957055429399645030130076936	110.22823831353113811924245316200288	112.6767483115892376564962083903644	115.08316277481888486714036104176767	117.44879060132767365869946835290664
4.3499532178160935127672054615884494	4.2921787733475060314164247363711056	4.2354071770290493236045270662616506	4.1795623971959315749031274264003296	4.1245716214245322251781327044157558	4.0703647891413160674556473989492043	4.0168741501569568504904851571831352	3.9640338451288968153759043243967741	3.9117795039486406085866356228512182	3.8600478579630351212894678686236362	3.8087763617729192603209980976427581	3.7579028201026317162950537981248973	3.7073650148871621137677231350268726	3.6571003272630601744159492140746084	3.6070453485473845978025462827732614	3.5571354735098935404851542947319616	3.5073044682400615239183326079429978	3.4574840036176559888757202560940634	3.4076031437286326644642192970661499	3.3575877764126437903913308248364896	3.3073599703286590038326405958929555	3.2568372392705901419507742369329478	3.2059316896607689267727705703757783	3.1545490207879898315005931895679254	3.1025873388572043915877013584885896	3.0499357344487302697264577668698829	2.996472557333032373536672888802037	2.942063300958873542837987502671708	2.8865579786234772021802877920872315	2.8297878301910686485344032045191352	2.7715611357319729259113828798222822	2.7116578201324105736395986241951848	2.6498223932915136497199597228557847	2.5857545545817065152320989922595699	2.5190964462349923854846245975611863	2.4494149742625766071557038486013652	2.3761766492531584289649532408584385	2.2987106791166831557481497402652046	2.2161528311888324967363278572309833	2.1273562247270876121049328659456214	2.0307417693131026024210199799185293	1.9240300544282868461867978639993367	1.8037173860484650795113123026420234	1.6639244867969023636908647514422883	1.4933904170640589236361027409720882	1.2649732152313039456415807223857136	0.86279102076493504140318201380757508	5.3738655670925419521929005608881522	11.775244173009652737193749442811592	17.31956428875478131956953346938803	22.401741594158796626527776057639352	27.168015407157774419409733125861921	31.694681368712500518002762569964917	36.028421980895538853383480937698758	40.200633793848921366805640506533082	44.233774474833097219560929562975308	48.144580384169369929755570961649966	51.945850759963736767302483960073334	55.647497392898533014761545392411713	59.257179696060309357586747484998818	62.780676223619197365852604984195437	66.222045469955739002406685035338929	69.583509208617313589878802864219641	72.864469058872695351997380513280392	76.057668476650114732987268354590124	79.175604116248178089837325588807314	82.224370444346559952315144146655397	85.20728982625621557090731837938067	88.127405982495343159127959380007157	90.987514194972186838969953129816469	93.79018757808072141799979893583938	96.537800096977780592344411847786074	99.232546841888076133523701369611657	101.87646195219341463488679486981514	104.47143450522414293960432903357177	107.01922262867529342637452064291302	109.52146605423239806441151250259942	111.97969729828239807997878828559327	114.39535163039401112683390588519273	116.7697759696278185991962723323906	119.10423683144804290217551831554452
4.346554549567594653157144338469161	4.2886185271095863399089296778456589	4.2316757744393232595487742307287541	4.1756494471760832872575763276055809	4.1204658674911354691037213302350024	4.0660540479275821178996256839705994	4.0123452402651399627064683755973627	3.9592725053257752852110712332692366	3.9067702995705018722044154380941864	3.8547740742069794232221596285712545	3.803219882310243778248366997693368	3.752043989147735240692025722744751	3.7011824804787120069598542174178692	3.650570863045739571134025447278538	3.6001436507591579028999149816625453	3.5498339291515431920151007036529353	3.4995728894898657417633361275572025	3.4492893224017427581495301407818794	3.3989090588942338867849761266455487	3.348354344080154615160320063957883	3.29754312558670683277469047172573	3.2463882342429199481544323083003333	3.1947964288607881236186926854767606	3.1426672692269198236850428139863324	3.0898917710724735635003509600781557	3.0363507827279618775464187777343233	2.981913003832772813079844563142364	2.9264325395176521120621519691111673	2.8697458453462879265161647414570876	2.8116678634361582884537635576478947	2.7519870697282193964395629642423446	2.6904590318901721992243026415006465	2.6267978924730400311263660122379912	2.5606649005213915334452005658806433	2.4916526409676199596444594009875608	2.4192628130346874755461151064553259	2.3428740096461993719621321018850353	2.2616933813570884686499910167312616	2.1746810957223029916198863066657704	2.0804262514615004917291988152786419	1.9769300897860540640072183189655226	1.8611963748676991471884191261873448	1.7283725286687732255477768527068365	1.5696611319208962579919345066973055	1.3658908959666523181475442503281376	1.0559047499472319459589236208265837	2.6026762344615003396388979973295568	9.7162129052127361073631318740462858	15.544531565687974077683610538996634	20.806720108275997165963718178655616	25.704241912684284281225633879392472	30.333420337217212092194685783071628	34.750547585579170286706796146220148	38.992419047995253028204666986524344	43.084859036793893714060076337048902	47.046869802428734827837122163328988	50.89287076958754485991564614325505	54.63399395186358745378604744577606	58.278863835936426032284799395345855	61.834063732093907848821486946710686	65.304373089329628646937571844113909	68.692753737064213559739707903479365	71.999751450349469725453596249754345	75.218801123285621826296303063552863	78.357027096753757778879491841532183	81.424551674335345829779856940840838	84.424857905680304359593564637520977	87.361129166943973493418666266313964	90.23628280495300975477122058656433	93.052999149107637672273575391156991	95.813746744574408710555081916306815	98.520804437882649500540078001464414	101.17628079759998077423797770364364	103.7821312508322447396033977189922	106.34017324402403209910721617561704	108.8520996835324857729037972656437	111.31949087123618001015662995131088	113.74382511895370561910696278609804	116.12648820009287270053894470354363	118.46878177605461061823899248864692	120.77193091737290567723284542086728
4.3430016099544830971835992076025576	4.2848968098235680935888085586335928	4.2277750761754941915549541731131388	4.1715586865761387479655117779126497	4.1161730260589271732013018066433387	4.0615461011923381074472568615664267	4.0076080781893168798284645886646239	3.9542908408235238344287046807407514	3.901527563827769764084974899889918	3.8492522972689138133515040112804987	3.7973995571162521299742880844488487	3.7459039168372092931429589037182722	3.6946995943451968038054947911195965	3.6437200279622963176224883610934651	3.5928974342050696469786518971713727	3.5421623391023311063049624226533674	3.4914430733400508855082343181685622	3.440665219705122841859650141945441	3.389750998940693095877460190883474	3.3386185770585834576421948283128294	3.2871812731429700579257645478581455	3.2353466413974485606733930019932528	3.1830153941761303791341665503627341	3.1300801233473734070451798821078217	3.0764237646283820416128032271018634	3.0219177321290391319858388193390044	2.9664196262131084166143855959579334	2.9097703838364353829831787064338963	2.8517906919809663665642678005395242	2.7922764141237790682417769953233596	2.7309926746498829039150279704582077	2.6676660863650264719543414868761702	2.6019743568691456384649449953384068	2.5335321084318594924830497419394411	2.461871078714886242011270974927295	2.3864117160941037039793417369503658	2.3064210996937759336191285688221655	2.2209481561375767074021089524466378	2.1287191695580155078194398994033367	2.0279593295679288598218731373276601	1.9160652773556936337469994746711591	1.7889452741893652251387788656749164	1.6395055251830383207987004198358786	1.4534202047078138012602028556563835	1.1922821943069480110089142308434911	0.58430212907876020321611930601216906	7.5699646572286960395033539908957034	13.752370924579242759964975209028725	19.219747134396142177861434117656139	24.261458160659267793598774281855283	29.000966800518381086775399968670445	33.506643649557065522088355399917356	37.821771606287280529799829500877456	41.976098144229941710571244745472781	45.991205302633341918249936999133269	49.883321809810164503081172222142627	53.664918369731314036308410971090187	57.345659241399010705052752786103806	60.932976688718061223596416879720803	64.432388326353695841522017688372508	67.847571468788013752206891454099193	71.179994100092148132705221544284565	74.425498094847565618444040605431565	77.583559287910151916055697067701002	80.669350460189511877048696124417258	83.686523438576085371476638526225428	86.63840768869742945286132616337154	89.528047778798095189670159467971918	92.358235416590543446373448630986366	95.131537111271075733694899019030767	97.850318233098856400130307269943023	100.51676405555973189309270570026142	103.13289823629522717376003399886381	105.70059910178623367623602580095366	108.22161403424899123838594597086478	110.69757220916372607760957539953948	113.12999589311870854290616471776627	115.52031048087167819141480830565048	117.86985342551738864985131273813164	120.17988219494182442934787832071608	122.45158137034390032048391711143178
4.3392854538391614816510346835194387	4.2810041481233611819592298427972104	4.2236950202533506816488260228941135	4.1672793972610936483796418170169618	4.1116816472533370153011269689951371	4.0568286826199743625158691265428906	4.0026494861349746476783535753254751	3.9490746555551966963078224683866652	3.8960359621826545679006694917749915	3.8434659186155345482595621884680773	3.7912973505660319837187496772859937	3.7394629671546678632049954763488236	3.6878949234762034980231025114281435	3.6365243684390130359567771539606863	3.5852809698579718853307880124027367	3.5340924074692376760231714756176875	3.4828838228457755917264089199549059	3.4315772130108030175627676018545857	3.380090751715382081488253984514371	3.3283380186524953195491438525098962	3.2762271120284162477044345907571623	3.2236596134907881119736003570984031	3.1705293658402001728833394445839045	3.1167210123926304063049110217496051	3.0621082311034713286408453013385198	3.0065515748141185817290837110239164	2.9498957985433801707998049483127115	2.891966511478049134334200684935347	2.8325659287257940842794729580130704	2.7714674055548935739917885270736077	2.7084082975374655179637744819910927	2.6430804744837820159940422310526361	2.5751174729041374556993431753928169	2.5040767073093376811161916873401726	2.4294141973424410382129387693612548	2.3504475530958440618421731606362806	2.2662997589621190434682711960371976	2.1758099748073675587045692058189876	2.0773842395481066043233710616452003	1.9687284429123758170516115415465427	1.8463282824354452015298230792808989	1.7043128066243516026565022774434873	1.5315130407335876683933016658927877	1.3013502491362629581329205679373733	0.90498655140628096136765446787054639	5.2851367782629277885390690058800541	11.935488941100562831270595618992928	17.639834024128371321792909128134788	22.840652373383545007164420924944337	27.699072636842359748069564473649558	32.298786471218524084115581514584011	36.690901775676369142529220122678046	40.909744423979842091011848478229013	44.979835473748497198151928035198651	48.919425418083253996069837313773584	52.74245545870721800236275496466183	56.459712907421323698412178363328143	60.079529839918824053826564872962145	63.608186739970760585267436629142054	67.050068165016870120194245555925393	70.407451433516813230734808821902823	73.678830418590678709961151080498494	76.857192566994867040942386341138538	79.9607046437967267327223882049556	82.994172576656120219517815321626994	85.961078303144926456934447207949774	88.864598686337763233216336364244124	91.7076408742670143792837287380023	94.492872613658245123900779058247964	97.222748452132631468541936129813918	99.899532530652594874684250086767229	102.5253185080894947307873729026758	105.10204704682127421429044205263216	107.63152120620528357913923569619809	110.11542002948587566696948217884364	112.55531056268963502784039978713469	114.95265850711535695617937559815311	117.30883767735189377526663079078316	119.62513841248439417568818278964848	121.90277506799231620400261873142647	124.1428926988968010337548996973528
4.3353964159057058193898044203973857	4.2769302900727854056918152546163569	4.219424700151322044103664070754508	4.1627999419912493048881276919947329	4.1069792777464450315734282183186291	4.0518884269461491089924391506461727	3.9974550791343809321913576746158596	3.9436084234887374725298970834658516	3.8902786906312655592600769508190816	3.8373967015351013619271767508702468	3.7848934180004732155777575441433167	3.7326994886025918404915682423281754	3.6807447832741024575555177935477807	3.6289579087305514262932112238513392	3.5772656957237353087431993410992605	3.5255926475341158014015169010895154	3.4738603370851888442673143903556492	3.42198673743596693403986464245111	3.3698854669886516844156173227584994	3.3174649262679409467924558968445982	3.2646272972153057122358340848318302	3.2112673680710780096848857080927374	3.1572711363419440472921921307853813	3.1025141279918491544676196496422744	3.0468593512606493337662350757256207	2.9901547760320476107967057854162184	2.9322301908202052601809156967403896	2.8728932335838364967067830820382466	2.8119243107233015600814652005700669	2.7490699960656963248728521995535767	2.6840343136181378028100413902653772	2.6164670113136107797208608555077429	2.5459474502567113132535556208583434	2.4719619197268244346215602931100431	2.3938707580526447534774584928127901	2.3108590294822899132592737584516448	2.2218594086738630488892881422733462	2.1254254079397145508921001818512479	2.0195096849867052305421327850365328	1.9010448280207007138665374281549523	1.7650640251437672675788587658487216	1.6025626709906565274360670511915512	1.3939145216724846055991738114776804	1.0764533358518849240406715410811123	2.7349297395084234225109829661279411	10.082992646110617473912788965273883	16.065767177146965895561863396599087	21.44303300198586014920894780250675	26.429784956296596322636145048800538	31.12934410372854803289866593904285	35.60228947968926707220402740746371	39.888294603021164723400721395623809	44.015228276473206352204161126973039	48.003599504707940070992968655706881	51.868965055344339364201858815001014	55.623326701814778921128482963341544	59.275973105734236963328370021236943	62.833978308321825007964015673434896	66.302436838704203814648872987364382	69.684372731683606018766371177514898	72.979694832860057494979717703995876	76.17999568895751827599923619187715	79.300622973061179175912221669625877	82.349757108500573281725801972092553	85.33103873415188485144175098248532	88.247781914006256324128197504628231	91.103013126943046633485889474445175	93.899504461363884444183784194593721	96.63980213248148377120768413044538	99.326251156048186148891333171462867	101.96101681692371107770276699418165	104.54610343308033558468470212908823	107.08337081592639265279246240365374	109.57454875379285925415759155924415	112.02124978907945925122712436652489	114.42498051566743545834160298085912	116.78715158830824071781694965482002	119.10908660744211022951692937824269	121.39203001967407762002922980757927	123.63715415479941045389735672872155	125.8455655040107094128691452749226
4.3313240324394485747085834845374975	4.2726641188052002295985072439765508	4.2149522691406106113061211198484009	4.1581076580908818406592979820444964	4.1020523421975276095904597502075431	4.0467107373502702753521864836561224	3.9920091162719304407930878981521726	3.9378751212109916166614339223323526	3.8842372867497388406748308374735627	3.8310245672454575071160698244298491	3.7781658628918463395236621399746197	3.7255895376957118911354936213324704	3.673222921768805961312085053741524	3.6209917891871531013893822657239481	3.5688198011962783524528565657721041	3.5166279026447593686823970213729486	3.4643336570783028063057611894108944	3.4118505027438435283670966986837687	3.3590869075932736848615264120201913	3.3059453958999294929044797711904385	3.2523214118338039123990932108959672	3.1981019756076612599041477005468003	3.1431640746381711680664673699916439	3.0873727141433582876656649872900877	3.0305785266126568857481851073638802	2.9726148044452191137022469757231143	2.9132937698172227204233541781503688	2.8524018226925217237173955891907905	2.7896933991579368619887761646713513	2.7248829067309491900884734647251193	2.6576339444824318566822858691789422	2.5875445985878404723387199706712957	2.5141269076664328267353927862477371	2.4367773840659849388896712808022933	2.3547332859174781721569543692267996	2.2670051551513242819747767380385652	2.1722676842670305965970032733060051	2.0686726332730041759716209303510868	1.9535040140303254354258304760072698	1.8224796488288907953315911632484813	1.6681379841736662454097584453632804	1.4752807559941816524749756459559069	1.2023995354709528277142457394337668	0.5044672819149745207261242213078272	8.1781629731904166488778026339506433	14.496014278375270177539720199895303	20.070081021153110807275502074605921	25.195499491003387591168040491047395	30.001018482359227430510740560276044	34.558716653942754896730427706211532	38.914514730260726119187432750783856	43.100091124448777800738321920566701	47.138474785683567445771627764655077	51.046995918311940113438219038465554	54.838969612184505866508697903307977	58.524702989034355886420502087514515	62.11209908095609996388556416619863	65.606972772559751340984808846915051	69.013059599544215387164095576814195	72.33131865664736806146357463574094	75.554117465800912577955953300007003	78.691187684773121664881329409914728	81.755296550330154414343531385413948	84.750249357081476553859894976894018	87.679502008767115008301711897682654	90.546203951591187489712115780325856	93.353234481728310531707012507969283	96.103233751276909875531116674051285	98.798629454367129367113472683278248	101.44165993957851726834415436173048	104.03439432899175907098792507731487	106.57875010460551749118852830113451	109.07650853449995076103325239890913	111.52932824432393237156506600760397	113.9387571880506675943013009129667	116.30624323123838711754129203305001	118.63314352736960985898009140199272	120.9207328412283604063133486308322	123.17021095131476239771899591936643	125.38270924497704826091491141534418	127.55929660452662768167241248178438
4.3270569522981965886908259732454682	4.2681935539979827743487499995663371	4.2102648308754811141264412036984067	4.1531887355454588562084998409801039	4.0968860069868655251405810151478762	4.04127963264648148240048294122613	3.9862943287855599369997180391083197	3.9318560339557418751800891405029251	3.8778914101434165373440294054517318	3.8243273456326002869326354261953863	3.7710904529879612096328875944360891	3.718106554717185624964058669043271	3.6653001480897759359166075256065793	3.6125938392015277650516971513505997	3.559907734591208249033321100889151	3.5071587764174992747525007404935916	3.4542600042251765882691253519427251	3.4011197224450211591540742403835741	3.3476405476712284943528081471028715	3.2937183030101556997167009373997208	3.2392407177810874280722624174198573	3.1840858786977991141902168032257355	3.1281203620916334023382645219137806	3.0711969538665333565556985767584198	3.013151831864491092936654280103222	2.9538010398025669035305108927459894	2.8929360160588275123348694796010294	2.8303178432996503190570520922768823	2.7656697379138497948573623784546985	2.6986670702105334422501932395487606	2.6289238420251994563067833890222572	2.555973946398686274079586252731814	2.4792445007932642549253477118818492	2.3980166945181767495440645488420568	2.3113661116276561945542232515280027	2.218067576069656988948753973596207	2.116434887645994979067073108524546	2.0040319841356366960257912916912803	1.8771051780349586187259955409346183	1.7293272149304830783508586823496446	1.5484858590044217951463898296418713	1.3046960225389145375074387442143191	0.8629655218662731158885516082491891	6.192619755545907544891464817487098	12.928574984907009539692449574722105	18.723616262883031495477298873359116	23.999023708954894100828200867273099	28.916892759389102932671707445334002	33.563302291523047202530969482531907	37.991466615077286777265564013846922	42.237391333959141939362090541653116	46.326911046656488072598776618973804	50.279299089724814250754296216381593	54.109289175207184663291289447920883	57.828272894170567160631188824921669	61.445021298741966306296545333876683	64.966085369452883942290162361560341	68.395893295807324474104940412677563	71.736279435822225553220521785759941	74.981789825628925222743686670990266	78.134556942952172480380424497491754	81.212880075336505543601449026626038	84.220734708997316514184776854029028	87.16172284208645248814515011972976	90.039120174624076629807315321651626	92.855915759288221050682855917471564	95.614845667384070323014175065617396	98.318421815936726628511664143347671	100.96895682127917026123984717114232	103.56858554734858141929370833555569	106.11928387515048166306545116107802	108.62288511559111858231813290473346	111.08109440948151197677798142379167	113.49550139832749383018870594909602	115.86759140241425013446620029166927	118.19875530518796643716637590868792	120.49029831262113085191266689151029	122.74344773142416396002436680277344	124.95935988941340216958466586484958	127.13912630417168627971319913705801	129.28377919167645553457450162654397
4.3225828352619899249575482511006816	4.2635054391027270969439328064813093	4.2053483138505241889472246655638118	4.1480280767622433373769893951223935	4.0914640230363112685161079848287722	4.0355775705406076648627439622690661	3.9802917206835851447122798765796982	3.9255305299628122249060715236660437	3.8712185862805367522404622009020636	3.8172804835101019219237537206840078	3.7636402870026635991420164363288184	3.7102209816987810475106855140069856	3.656943893195326575614898418390684	3.6037280704325639600592024167087631	3.5504896164971920076272797364707862	3.4971409512323029458508758116035534	3.4435899856967361344735904879193633	3.389739183737572066445409166189398	3.3354844796320754671982246171954245	3.2807140123587815215411503436525677	3.225306625771339522399933047988473	3.1691300686182145893758151559492208	3.1120388072729377025989970220361857	3.0538713346689229133926815913681201	2.9944468173812243557159231063749402	2.9335608629909466826027609096703111	2.8709801021058678871513803306196913	2.8064351476893639285201500502134786	2.7396112916164135333369644794209813	2.6701359771296337923892988459882075	2.5975615598404781210887249960079224	2.5213409760438283982815990961887257	2.4407923536298069312153002406989444	2.3550456619215474369274405515975846	2.2629587454034584363603646787924988	2.1629781101739273278779817309516643	2.0528929105271852955563844920211026	1.9293637287541085899157133010042724	1.7869175764668791914925074199818808	1.6154436459484276323704206683160429	1.3921477099330763996869137112490243	1.0374755162386130549560528403816566	4.069225297223004946960613084776056	11.360732792250286323567822722629396	17.405882043690355900052120950507854	22.843651051011425969805770892884704	27.880483935355655215044254955544073	32.619539835937041249983805358191326	37.122535094848747913465927917542127	41.430376566857259247526935773220504	45.57201290578901230969765059338327	49.568840440439013619637923200976427	53.437121867284667783851011772396144	57.189402210610930067587633228475224	60.835361995657790822535177492010101	64.382307610125054260232996642838315	67.835351256407144369477611360339238	71.197102826245599947703127351196507	74.46502984246539239267820870495526	77.632967052232537296539261838423622	80.724668208522667540002052251494176	83.744584759528413664512821918908542	86.696468533240005801497657624608448	89.583724309814728527890888973418509	92.409453039193804866096613361371892	95.176488332179860183725938561313036	97.887427551530887431436665861229667	100.54465849911052164214506194472695	103.15038246330764940007658317157653	105.70663422473472740440172382322189	108.21529949643935092137048298104955	110.67813018374554897129753039990644	113.09675777928558757756541972667914	115.47270515469512524967162205140322	117.80739696767207199072766633109666	120.10216886876844244874946726450484	122.35827566436583390241152169132829	124.57689856932659855283213152175349	126.75915166375086505074720387599031	128.90608765231403490578218601420148	131.01870301121381358948329720426262
4.3178882355874448134157572426497875	4.258585411830564234083399019280601	4.2001873268367667621128875597415458	4.142609134646249298992790512111303	4.0857685438200370657869983832061817	4.0295852424006625617843919520133438	3.9739803365380450820032743716364325	3.9188757968817603432637186519860674	3.8641939062807656527967356084176978	3.8098567015822280422983290774550029	3.7557854013482160551527075567681944	3.7018998100581752539372836973015756	3.6481176877620538576652409329850542	3.5943540720899547795842778164634004	3.540520536867133300410051858950534	3.4865243681356538928958517229726719	3.4322676338794216673349601794021871	3.3776461178193558507155476256142752	3.3225480797735673688832705148462991	3.2668527945284940292197445251926928	3.2104288068864975372003130314781034	3.1531318209946999574566056373171858	3.0948021149191072086754758716020855	3.0352613332130506406470741731986486	2.9743084555163299856431289496623309	2.9117146594039294526902834635736655	2.8472166766878028592110882611260751	2.7805080604899804452728118279925233	2.7112274944249591139765657418803008	2.6389428108445697904732294458736514	2.5631286030924516137016734007482366	2.4831339451366297107794409139165614	2.398134214887238103621627367135276	2.3070561574787109762551484857871088	2.2084553733925968072147700674084383	2.1003035313868179694855028679764273	1.9795898305738341319908333682886619	1.8414970314560832688164778579028291	1.677442286413765623035912779272775	1.4692700427687787930159927449696161	1.1629973228260130502162896876265535	1.638466982270309891412449316165732	9.7886202720903847926475846905964	16.119653766049006419109480158400142	21.733247595430477675153743710943986	26.89580054927961108916489415274377	31.731336339549581867088376894744073	36.311455531066560606488587920954888	40.682594730149729065889277603952109	44.877144618333376730035218092529389	48.91881202014831037927802213143264	52.825502152646868911307290620672259	56.610983938008587185196881472549672	60.285889980281689629780236134733433	63.858303411922457278662370691543158	67.334018131148600222094637315400674	70.716357453814657140761429358806099	74.004432048218819132256216018524224	77.188734347567568937713577859914708	80.292894198176556353508333758952463	83.323955862132245257317403163377926	86.285824059270172386889378219350218	89.182034890885944738693006123653229	92.015802834538496118024419588526164	94.790060214299000266518766463211711	97.507490669634279101474054341171807	100.17055776077344360502870258746949	102.78152957862855122635785712735224	105.3425000344305697603242834883932	107.85540736339311867554284587868051	110.32205027177454844119804558595574	112.74410207700550135040724281333911	115.12312312891526275325902672018471	117.46057175164476427476129560919253	119.7578139071877558765669000287774	122.01613175027089572521515256014921	124.23673121875330933668788371306669	126.42074878265778358875801675724004	128.56925745740085095409989858614789	130.68327217208756500226210530125534	132.76375457132672930201664626597971
4.3129584681483101596588296234927036	4.2534177548701682047686729995722178	4.1947649917945315100962282593127974	4.1369137249163590849763241828457551	4.079779913804332907347372710950298	4.0232813339566596595265591730234388	3.9673369898776664138382995285199309	3.9118665324438247052074382425473201	3.856789673425129275594434204129286	3.8020255891028912130775792921387067	3.7474923037297222200069086150695693	3.6931060420449996403494707164925622	3.6387805380923056836049869520015445	3.5844262850530085687022621578981842	3.5299497075315424771144522780485253	3.4752522334553195055237418974816977	3.4202292371411502762189201349107017	3.3647688176529032755392268843630402	3.3087503666496858013827015673236855	3.2520428665316498328768964851506983	3.1945028414110955230939737337858413	3.1359718581747599599067977212219584	3.0762734394930727688248846655311591	3.0152092001896943707663066614050685	2.9525539452038988756322725939504316	2.8880493589366044413064330163616117	2.8213957511468733826242814544550414	2.7522410676075314735540781618625874	2.6801659596872500160703730123813284	2.6046630155256853588167273277017327	2.5251070533412416534578922091291826	2.4407111929870409088275399334673476	2.3504592527686828652415069003895892	2.2529966049594918647393987615889795	2.1464434700946586957830173750832395	2.0280519622887721086235720770479865	1.8935156182431157385692890307552678	1.7353908202146529960514838660660942	1.5387115021890120255769313411605421	1.2636916714005288837583684555574391	0.6419833296329235480729428723763479	8.2064031562596250309294879993929728	14.868379072595065060731351299224087	20.672352115429624725707699682225009	25.96740469498422604358543889048616	30.903052436521347463443899644120877	35.56234067345849835869624676857142	39.997912607725556769843722019842875	44.245943325362674211924503271538444	48.332641725301581031598439324899051	52.277669799217483129051303390631231	56.096090554702891300695514460739474	59.799531007097682816973651548585365	63.396872938746900527732780575157329	66.894593216489860553575022824469003	70.296687278629910191274712270478607	73.603405718127623848506618917740642	76.80425664007269008758260087733728	79.919864956661510898635380629259509	82.961071289596275488179803326273351	85.9319354651676233977943895223233	88.836126420879295285538498231983423	91.676973167229601614818139681978725	94.457507374624421398506572429819395	97.18049932040076474698963193093062	99.848488486096785627021514076163691	102.46380978424235524412108386022455	105.02861617219528455389216349547125	107.54489824914621897412627318192226	110.01450131261992978940760657695728	112.43914026021523182681806584078684	114.82041265262402196744763091007864	117.15981019947366788169540654456948	119.45872888629999904207429066048471	121.71847792621451615360187128545102	123.94028769158127149112506830612212	126.12531675782861100421698809538	128.27465817231337481193605539191084	130.38934504512569468242432355714569	132.47035554526433958319201283724125	134.51861737424135726505854967337829
4.3077774539923678363214103571103996	4.2479852231671840256125141313250527	4.1890627499921735119626050862180133	4.1309218076729609010574125900409734	4.0734764214656364309615314903450903	4.016642245037649941742224262124882	3.9603359440284901926789024578762873	3.9044745797180817155227679904416728	3.8489749848344063081668130413416981	3.793753122386850679041006521692749	3.7387234169394781587717481872649483	3.6837980458492750785901180191190098	3.628886175565262226642541292543063	3.5738931249465380501238969681015759	3.5187194334775181627615999593023078	3.4632598069150490049856526767259279	3.4074019058467282184624452507979624	3.3510249332383016504962110522071233	3.293997964401067751230719053155047	3.2361779456061605370627339629860578	3.177407263886729306171052242287182	3.1175107575082146223898103348836445	3.0562919897164921433144906313748906	2.9935285407325210640983760233767837	2.9289659733257386677924123483941184	2.8623099769956790029371022370096262	2.7932159628060590052107955467508356	2.7212750081968510931958648067262222	2.6459944332879362474186666708951002	2.5667702245861407160725019539950932	2.4828466021014678703519168644964956	2.3932543975704197901752080082129564	2.2967126791663419926022954738023098	2.191462707923711608243981915008805	2.0749680312112042535970758524658842	1.9433242330167858589960314804695719	1.7899533439722090363176390687266467	1.602164117430216148506641049475114	1.3489095510952491241633590591942971	0.88969819635439550062919589199956923	6.6045982003761762431905479124694766	13.656359587792742550584324687424638	19.666289747932767202290499487098212	25.100476915155483411172784472218108	30.139541709034959808202516288343016	34.879705722567057062603125094632814	39.380532286874038276790762754891084	43.682329996121321149379964297056437	47.81400068464202075316617962890731	51.797074986453895999662279321033691	55.647977761939641448428100068086936	59.379370877717807222647038046326795	63.000955772367180207929865482003138	66.519895009002060535890124295808152	69.940826721206974521719154526018648	73.264906818257029404387978223081183	76.482014073790467593005266402812087	79.607961441874948672454832137690861	82.658221239377834387353657017874833	85.637009572210056139601850543401098	88.548128846965498688413551972948281	91.395022860435598140028487352495513	94.180822617776915927387097007260442	96.908384839796342387873691324962712	99.580324611178885700219510743117651	102.19904326667591806682978570132129	104.76675235975096481990482202229414	107.28549437489361019379605014511941	109.75716070923346751283765795682199	112.18350734697019256737773144515181	114.56616857190195491178144734833717	116.9066690024528919794078574771633	119.20643418553596333634393236054715	121.4667999471542863753166443143751	123.68902066655107757655702960058892	125.87427661531410201632087020094899	128.02368048189791173468173955275606	130.13828318462317927002522679469544	132.21907906166279528823184386131489	134.26701051427624229998968238124245	136.28297216920068230957591394431775
4.3023275414573740698544921824051729	4.2422688432801602211318991932666064	4.1830601360937456021349308898369077	4.1246112320753236881882932672777514	4.0668340096510159067250067914209775	4.0096417597852302309691592733836717	3.9529485352280631687038973738559094	3.8966684948067942978500234667690083	3.8407152337518122939078113249265647	3.7850010896273747336560785660711308	3.7294364116134803792447576731444671	3.6739287785405836257277978384663359	3.6183821480556612349287683873750686	3.5626959153764020920483042878499931	3.5067638549661279665985075958483248	3.4504729117133383307622499663274395	3.3937017992325675990483984301881219	3.3363193508733736348868489236689745	3.2781825527141576181895679623901757	3.2191341654411714923302456874327954	3.1589998109064711227355665900373942	3.0975843552596207031207560232775222	3.0346673575139575698009265058906212	2.9699972600915006156788358877507979	2.9032838594718351623346104185567923	2.8341883819234690081447128195215014	2.762310150623511817370259839749244	2.6871682729619141657657328116102463	2.6081758219167607760932218314963787	2.524602277335790118639010307852758	2.435516791265480368284965161922102	2.3396985245876841552933501977998433	2.235487080751376472365749517745626	2.1205162604082342722643070933670967	1.9912001077247226199737144476060294	1.8416273367450077141621531595460707	1.6607733222046042747815684206109674	1.4233413655989074382790157885543522	1.0363647293763395331844784577602746	4.9660916283075175129635653420512294	12.488987284880876140146513705329882	18.721298100524457222031407124396932	24.300881538941159743403953405862269	29.44618744943031034163351414297551	34.268490067698074020486952757467267	38.835004209886171861271563105538898	43.19051715312442448432121424315918	47.366807648575199148241697321326894	51.387380647331692429940119035717649	55.270085674057913914659507945211611	59.028656156569836738975990633846658	62.673631767889949403862192597561212	66.212863127513380609797809045554131	69.651608111735151458744212228404466	72.991787530455977797606601085682565	76.2245692192166387319678019134889	79.359638326269547634085202994407342	82.41776217367009888103660496620194	85.403313064793476426606058063639108	88.32022645436144639186795639584877	91.172060287830551333629008429763615	93.962044135379639696256842275606034	96.693120317980943653472654570748775	99.367978646905367147657300138565855	101.98908599683544791142924003176611	104.55871164781699456894404454593033	107.07894912499354434176001037133109	109.551735112935106407054453782916	111.97886590717846303020786075599196	114.36201177845721100952879735680018	116.70272955756116007490169211098149	119.00247369567955944893083096861989	121.26260601282201671883375857092274	123.48440431287343957757681180798132	125.66907001615084866220318680660038	127.81773493759550119301327802149301	129.93146731992372619344853652327325	132.01127721538588779831130741099825	134.0581212966397764686457953497965	136.07290716617199941229903605071488	138.05649722431733234422283540784177
4.2965892981252107567992116352459384	4.236247679302635787700586500666411	4.1767345137542972416865783864064737	4.1179574365168149777916685246488914	4.0598259342740621970068424498130844	4.0022506566350096045719797710909777	3.9451427252231584361058943904592162	3.8884130316309796387420387674256788	3.831971513922100941407797947701682	3.7757263995941430031944796772364944	3.7195834006392591722651757689346251	3.6634448434073218462020946830479205	3.6072087121806553671071574400965751	3.5507675804203454943635894768965447	3.4940073971429966409859830648951658	3.4368060872696827025879745282487245	3.3790319132621548053726451397868815	3.3205415297800311565336852427203934	3.2611776417892351361750065836355638	3.2007661470501452949182209622959045	3.1391126024615163070214217707417584	3.0759977945057266232788472703488444	3.0111721077734693579583412173041664	2.9443482569655052026219350909925656	2.8751917510328686751934703557700388	2.8033081475461482054500466526195856	2.7282256474100171166181497857860899	2.6493707153223043939036987296623776	2.5660328739598035149078362628185494	2.4773119566840732606117660842054083	2.3820355004273954006541921600072399	2.2786223672197348773956137933605398	2.1648429845522288339962733506371663	2.0373640512923232180356260371773382	1.8907918754346217298540734933883854	1.7153460167508173272234675628498726	1.4896897352228087377691426466759054	1.1453685771704337145540709336620741	3.254307943763879628596336928732431	11.373051746196941628256081626023357	17.844662280447791730488905223825904	23.575228738840145593474283277961882	28.828934148595660272543422079598397	33.734073791650065359678031439070568	38.366235439693342768019516295171588	42.775012310433311780472014358910698	46.995229562561078208602623405649697	51.052461415438905990314813480948327	54.966036975457108865132579570766089	58.750792145486307260558165114637377	62.41811936160170872605186124376114	65.976557628363110044864049261897576	69.431964449849594822488080190214535	72.78692946904055913860655821917636	76.03456619630320795797431917871244	79.17742277268912327583347646450464	82.242115335890963951608848571082568	85.233170816588551850433272406465317	88.154656056572086155721704077625679	91.010241470937406162119817017340088	93.80325354455940302877372977257303	96.53671860592709832584310715818694	99.213399675002175642105749720173494	101.8358277323019339269095333863514	104.40632843783863720544563475901172	106.92704509841544493774014425330863	109.39995851252164722134513149824946	111.82690419541712284755423127173602	114.20958739066530861220808088964684	116.54959620000088413169606097903325	118.84841310517828086842052049416443	121.10742510926622592560180535061887	123.32793268780911786775499094624878	125.511157710255737272270940908586	127.65825046750326824934097664252238	129.77029592116230952221579606247815	131.84831927333903285764835579309284	133.89329094168297202405271276321954	135.90613101264681862718767498218509	137.88771323593526981690661557877679	139.83886861466558844174234581394115
4.290541267802282558408480219820857	4.2298985585386077333027959311663806	4.1700607646980474516051799362722439	4.1109330948016782403196672901920723	4.0524223600526156099260441369900014	3.9944362445709291089704908732631314	3.9368825671451724389987310190818681	3.8796685242481723236266983514479322	3.8226999023430521443929980841089958	3.7658802452840931292349937498813048	3.7091099597555614641167679843055777	3.6522853379911001650145951365543132	3.5952974722022448446559807058388013	3.5380310288341969291582492728457916	3.4803628424241490602621519488884057	3.4221602777061297870337015882610085	3.3632792936038353483663366719577119	3.3035621223061892299547870607012234	3.2428344484090554068927272022231956	3.1809019336326319068884149575404287	3.1175458764899434207756128823952371	3.0525177149607436857169419805392326	2.9855319597345496128023669649582184	2.9162569623760553059161008905856743	2.8443026353837506927921737827050678	2.7692037739067730334945036650572686	2.6903968379218413565679040488669493	2.6071866542443886973913089250456424	2.5186969041000328783968712444073319	2.4237932168379689306145084502237324	2.3209573461782284968669947681793158	2.2080682975813116610083886189493977	2.0819923730364199599263878280250565	1.9377385343400591032373598574032768	1.7664656153499445005976529644208095	1.5496491065462145491502565321102331	1.2333292733601408736911534147535435	1.3561009317536787012082448478442103	10.317136922338083676914011690458862	17.044851684056897582868270978146384	22.930927997090229521457235441609008	28.294310305229295883454878000579555	33.282286640103481120417882251749397	37.979491495347668583825112461037881	42.440615912220675011217715701099781	46.703677417852663528926764593122134	50.796398497248545735541295457383484	54.739631535309458936994936405518113	58.549337740421622038829659646534029	62.237771070115895133072794416835888	65.814155626333884896157263999941415	NaN	NaN	NaN	NaN	NaN	NaN	NaN	NaN	NaN	NaN	NaN	NaN	NaN	NaN	NaN	NaN	NaN	NaN	NaN	NaN	NaN	NaN	NaN	NaN	NaN	NaN	NaN	NaN	NaN	NaN
4.2841596853244436116096839260849844	4.2231957484508916237922757420869019	4.1630109212440565893356236861542434	4.1035076963864453853418904168272124	4.0445898790191450246334601166261716	3.9861618085067115398351300656649509	3.9281275639539004224507069475420587	3.8703901415563688738228360327372684	3.8128505896909884837782018294441396	3.755407084841272326112994353696358	3.6979539278217284770114183653508922	3.6403804350467816036157809198657936	3.5825696934172561139812606010474341	3.524397139256316601033247522275722	3.4657289108894978478534740431997846	3.406419909898849409355724553053957	3.3463114862903800315697480099709612	3.285228635603062446381810060725701	3.2229765580661116414278318192372441	3.1593363762356784323009830284381011	3.0940597301910628726851770652411479	3.0268618554420658330538108128738142	2.9574125765469583383764574086505129	2.8853243811190494160424042312762648	2.8101363052415950579859440672419223	2.7312916307752753393244809702913368	2.6481061074649887675476623669517092	2.5597210339182065934443147425620316	2.4650309218583850494424054972051467	2.3625660787553873271137433755548434	2.2502901595789624943104569448317774	2.1252252366963110223131441781628614	1.9826917661107118658949317550978438	1.814559738798712370226765175349716	1.604339047954117080968557020024555	1.3073205727619422693343755341525201	0.56580311163593309364617935189274011	9.3321244553092480459357338510279237	16.331646150455363295836396245257844	22.376225876316058786595128786601182	27.849438416304792066739186012961343	32.919406790111616959690923899879845	37.680389913539741783393923037893076	42.192412450487157268318881715777215	NaN	NaN	NaN	NaN	NaN	NaN	NaN	NaN	NaN	NaN	NaN	NaN	NaN	NaN	NaN	NaN	NaN	NaN	NaN	NaN	NaN	NaN	NaN	NaN	NaN	NaN	NaN	NaN	NaN	NaN	NaN	NaN	NaN	NaN	NaN	NaN	NaN
4.2774181402007718533126524754466554	4.2161105742505390512359305067909426	4.1555537296326182334143200369796548	4.0956470455640684800443024019354617	4.0362909336239275397054584697769879	3.9773859418196863577137279053971262	3.9188318927412920136071753302966408	3.8605269817391537470098906541510513	3.8023668182893816241330758577222914	3.7442433901207735381786769540082176	3.6860439250198050052189968370302604	3.6276496191442628983249592312435866	3.5689341926658940676432152944389506	3.509762222922900354123377710903186	3.449987191000180600723825223324436	3.3894491583290394153039975824159472	3.3279719634130483878714912401131967	3.2653597920185957385565661595116718	3.201392922361254063030216891742888	3.135822372549849801719143777715944	3.0683630688166897097309734625512743	2.998684989809280931820488664857887	2.9264014894294573865804902502638027	2.851053594563443213424316483972763	2.7720883930217683380344160182683716	2.6888284301444421365457532328313415	2.6004268244972862281470883509519622	2.5057985406532218434871415002169661	2.4035095885962841735576069278056414	2.291587360141578702775698201215037	2.1671725236980838222494434166684353	2.0258225691631483383502759087997611	1.8599418204857913001179796669256781	1.6545207647059647017827166695300176	1.3710196653675900229299861947524652	0.79327977313033757219220967921694696	8.4318082978500262189319232351918639	15.716232266905533767182705197943157	21.920219195402876496783324683832	27.502027380591138009182591715464077	32.652146472704070632023145404411111	37.47488356131588497040957505133263	42.035753394435167519956871095454782	46.379449528743865492467323431327975	50.538134445529008786379966231672637	54.535774673797512652069801246432249	58.390605653573782206740657393931961	62.116598511468587810522391988826195	65.724315580987960147729339066848018	69.221283749660215368336405909422989	72.61170083524266362364903774559177	75.893601024133402310965977078862457	NaN	NaN	NaN	NaN	NaN	NaN	NaN	NaN	NaN	NaN	NaN	NaN	NaN	NaN	NaN	NaN	NaN	NaN	NaN	NaN	NaN	NaN	NaN	NaN	NaN	NaN	NaN	NaN	NaN
4.2702871778010157340281171006875626	4.2086109636930145012342650096387205	4.1476541280855186493635793683121096	4.0873126602668806280710317413322662	4.0274831210581935664239995492775287	3.9680617376036339742329870802482616	3.9089434601017455023322814112696718	3.850020963620170855265640225158972	3.7911835745685743635418628900736139	3.7323160967713478679820785340152274	3.6732975060339960027349400767506114	3.6139994741485834904242034166589024	3.5542846727464948104107682429319682	3.494004793311800632123879679104796	3.4329982006197722370767731730777655	3.3710871108387585839058504722876291	3.3080741495338678161718022070393047	3.2437380943089308436577675429856283	3.1778285348001177092021177735048405	3.1100590779375087842295315822893817	3.0400985700925400707083445734703057	2.9675595673855701073393033033917072	2.8919829016791423586322165515531696	2.8128165492329398205080193898206677	2.729385885613860671516359785567752	2.640850337419806570243285798607748	2.5461374257711791817774500775969205	2.4438370570233230319953554048314975	2.3320215986142558332443391411726028	2.2079178828060344960087158443888101	2.0672576557285819318521655130136084	1.9028373385465089207133829834970519	1.7007145251564100502605757496450886	1.4265448088019078079772565039606833	0.91939033249511426867049898974674777	7.6335881865826407661500222211801452	15.211242919079147331806929938750874	21.572833291388071435140782983070432	27.260342169126455496101397047692965	32.487621378664284922567687388387582	37.369231708425327240729933547360296	41.976230614398467229848889933604458	46.356693475862080028143435460000133	50.54501169468300970839056722675819	54.566700937987846388008028335563011	58.441116551073467403408432206622557	62.183064636478081596689727372738714	65.803745988304494634156029078607102	69.311188506215192043311852886842988	72.710012611452742290965820720161902	75.998918749120854075084168993202965	79.162546130659003596719775919855788	NaN	NaN	NaN	NaN	NaN	NaN	NaN	NaN	NaN	NaN	NaN	NaN	NaN	NaN	NaN	NaN	NaN	NaN	NaN	NaN	NaN	NaN	NaN	NaN	NaN	NaN	NaN	NaN	NaN
4.2627338237745599276992096792508408	4.2006609019630532974088816049152696	4.1392726190061558521481514667533801	4.0784610455651180389883891373952522	4.0181183484524645958811651569016593	3.9581358014676295875001443258778474	3.8984027427451649704602440414843876	3.8388054580758238060374909263654233	3.7792259650199076135510488021580849	3.7195406665746388632541923399580431	3.6596188352017701526695289978149688	3.599320877490957637140130449042681	3.5384963156733564499940061510546825	3.4769814032398782891854912823359137	3.4145962660832951515482692161690325	3.3511414249683816903711930000599981	3.2863935053822874681730608790599736	3.2200998702267883448835527995866874	3.1519718087498481662390669953530421	3.0816757639602669481065279875521978	3.0088218500909661418059426466789023	2.932948545879986358477707447227978	2.8535018418065636063299560448174176	2.7698060553939972569163748483966987	2.6810215612446167040577755900082464	2.5860808564490147383366847159672283	2.4835866084700003073158450741277602	2.3716388480431305867491102243653025	2.2475213907143822216358447027162444	2.1070854383173747938500101946403276	1.9434003863034652059793249407128369	1.7432666256033562202619114139025149	1.4751719524072456077432694036189981	1.007094114244266493080413875586492	6.9591241450669391916240059293256598	14.830706523315642543282069804202751	21.344754543789526784994955099158914	27.133145662971543033369030076825977	32.433300886303902247942241995063809	37.369957023229416952422586125742152	42.019639172989926801496498693733158	46.433746624356856074142468364332032	50.648852870960574722485948389680012	54.691982871617836094479903960824112	58.583576718497018246791377020839122	62.339243060867313401105438705857053	65.970788761877284135710701903251006	69.48670519260994097962067144961014	72.891977501091996265451652683823278	76.185764911106127594249815715437794	79.351066312279686406241159986787007	82.424917755207584965506148621541992	85.420790063605266356888398258453095	88.343324288667872304619980006684509	91.196679974127048225625189309459066	93.984603211512176436431634108599548	96.710482583014250295287886135002766	99.377395635307656319948501119667644	101.9881478424147744760694989478957	104.54530553309388287425737064547451	107.0512239123367330930603111775487	109.50807105444038322337139794708416	111.91784855840230968488748470195494	114.28240941601088677365014409684332	116.60347353597321301815748150701	118.88264128465259589094763078253106	121.12140533937098519924404383980081	123.32116109895218425534470695569253	125.48321585532286880796147970195636	127.60879689694862262979676640782367	129.69905868801200925690598989304316	131.75508924522601792725248045969102	133.77791581595687709922729177440065	135.76850994622597446776335220900966	137.7277920145171298670310360050466	139.65663529670765780517601304140277	141.55586961848275338705502437977503	143.42628464400537608239947361260741	145.26863284315890242201921814589697	147.08363217417100496564140579935812	148.87196851370779422431597797455249
4.2547210134067373909939084437840064	4.1922197746354074290778706607502283	4.1303645086669693967941495710089012	4.0690428093872856492107314181065035	4.0081417991285506809608156597868147	3.9475470367275930111811472668828855	3.8871413522726051566255772322871018	3.826803583082129323611315990805935	3.7664071793447304158494823298881164	3.7058186398161873787744596203066092	3.6448957273487711763324382780853832	3.5834853998618979302861280280229051	3.5214213732973419786898897841064503	3.4585212071819253086592882730490573	3.3945827677954502150324721250939518	3.3293798743713061209548983014983721	3.2626568637755579856536581152632001	3.1941217085799945326835084396011012	3.1234371756796363543170708628446806	3.0502092889918532566432044959879628	2.9739720079751180468478070310979524	2.8941664525960463075402221619718348	2.8101119891377724759872692467748475	2.7209646051519331167279680935762867	2.6256543079611158371536671806527531	2.5227857291948716799235361631228045	2.4104701015669207703669426675574788	2.2860210795538081803787076690354782	2.1453596161176689490502078267851292	1.9817237323615202743171784712056436	1.7823881313793818530817825655695983	1.5176595043347805933012965073185863	1.0718861940456789960116914196958026	6.4346769981062748577804458106543317	14.589870249202912401369293738242728	21.247307387350811892166792242641882	27.129608205009275727657581936033841	32.496936587083452310205332531580886	37.483787053482963444773621241957494	42.171928732536725700592566264444384	46.615948275606893650465238609869337	50.85450712570952328302266289812131	54.916069055213230920882992011229238	58.822103073249461594131770341713606	62.588973585329851174400462707362658	66.229050859310234391898876681643674	69.751244637578185696143266788386864	73.16084223309499949481402066957879	76.457288847352210910208164564637479	79.622137880281336369117167996515333	82.692129798722462951414154085526113	85.683570341481886056132951655669062	88.60118432217553311076935288260757	91.449202477111215318180043361440964	94.231431859172280841059407295025096	96.951313600601196385709631353897832	99.611970819271402027987807558138425	102.21624872100237709849190299299902	104.76674844228481358907170977696912	107.26585581385053003385818567855125	109.71576596049165984410789882297365	112.11850445651133275600284355799474	114.47594560899528282213542560440856	116.78982832901731532455409511986066	119.06176996441910899062496853692124	121.29327840027874497441326464648907	123.4857626798344019072956770487869	125.64054235609656655145886094699201	127.75885575004234985623103072442556	129.84186726349078643457855974634478	131.89067387186895853605367433129882	133.90631090335286178101902321806958	135.88975719519508731676897780282801	137.8419397050498118032397134256446	139.76373764417087149442707907648202	141.65598619014833356493767334294379	143.51947982904961377922552800533366	145.35497537020477880567048500322049	147.16319467122589991481840947843683	148.94482710601423491441797094602311	150.70053180435989993612697134460013