     0.100000000E+01
     0.101812177E+01
     0.102755005E+01
     0.105587387E+01
     0.109477492E+01
     0.108248310E+01
     0.100181218E+01
     0.100272194E+01
     0.100545127E+01
     0.100910181E+01
     0.100795962E+01
     0.100910185E+01
     0.101171521E+01
     0.101302947E+01
     0.101697235E+01
     0.102225305E+01
     0.102059996E+01
     0.101093733E+01
     0.101185881E+01
     0.101462329E+01
     0.101832087E+01
     0.101716395E+01
     0.101832091E+01
     0.102027871E+01
     0.102126182E+01
     0.102421120E+01
     0.102815679E+01
     0.102692219E+01
     0.102815683E+01
     0.103019709E+01
     0.103122174E+01
     0.103429576E+01
     0.103840850E+01
     0.103712155E+01
     0.103840855E+01
     0.104056551E+01
     0.104164899E+01
     0.104489951E+01
     0.104924907E+01
     0.104788793E+01
     0.104924913E+01
     0.105150056E+01
     0.105263167E+01
     0.105602506E+01
     0.106056633E+01
     0.105914513E+01
     0.106056639E+01
     0.106289602E+01
     0.106406654E+01
     0.106757817E+01
     0.107227808E+01
     0.107080719E+01
     0.107227815E+01
     0.107467329E+01
     0.107587682E+01
     0.107948749E+01
     0.108432023E+01
     0.108280774E+01
     0.108432031E+01
     0.108677062E+01
     0.108800194E+01
     0.109169598E+01
     0.109664050E+01
     0.109509300E+01
     0.109664058E+01
     0.109913734E+01
     0.110039203E+01
     0.110415620E+01
     0.110919471E+01
     0.110761778E+01
     0.110919479E+01
     0.111173041E+01
     0.111300466E+01
     0.111682747E+01
     0.112194454E+01
     0.112034301E+01
     0.112194462E+01
     0.112451241E+01
     0.112580281E+01
     0.112967411E+01
     0.113485607E+01
     0.113323424E+01
     0.113485615E+01
     0.113745008E+01
     0.113875361E+01
     0.114266426E+01
     0.114789883E+01
     0.114626054E+01
     0.114789891E+01
     0.115051352E+01
     0.115182740E+01
     0.115576911E+01
     0.116104514E+01
     0.115939389E+01
     0.116104523E+01
     0.116367550E+01
     0.116499721E+01
     0.116896240E+01
     0.117426970E+01
     0.117260868E+01
     0.117426979E+01
     0.117691114E+01
     0.117823835E+01
     0.118222005E+01
     0.118754926E+01
     0.118588140E+01
     0.118754934E+01
     0.119019753E+01
     0.119152810E+01
     0.119551990E+01
     0.120086238E+01
     0.119919040E+01
     0.120086246E+01
     0.120351359E+01
     0.120484555E+01
     0.120884151E+01
     0.121418933E+01
     0.121251571E+01
     0.121418940E+01
     0.121683985E+01
     0.121817139E+01
     0.122216606E+01
     0.122751187E+01
     0.122583891E+01
     0.122751194E+01
     0.123015839E+01
     0.123148781E+01
     0.123547616E+01
     0.124081319E+01
     0.123914302E+01
     0.124081326E+01
     0.124345263E+01
     0.124477840E+01
     0.124875577E+01
     0.125407779E+01
     0.125241236E+01
     0.125407786E+01
     0.125670733E+01
     0.125802801E+01
     0.126199012E+01
     0.126729138E+01
     0.126563248E+01
     0.126729145E+01
     0.126990839E+01
     0.127122267E+01
     0.127516556E+01
     0.128044077E+01
     0.127879007E+01
     0.128044084E+01
     0.128304283E+01
     0.128434949E+01
     0.128826953E+01
     0.129351379E+01
     0.129187281E+01
     0.129351385E+01
     0.129609867E+01
     0.129739658E+01
     0.130129038E+01
     0.130649917E+01
     0.130486934E+01
     0.130649923E+01
     0.130906480E+01
     0.131035293E+01
     0.131421736E+01
     0.131938649E+01
     0.131776911E+01
     0.131938654E+01
     0.132193093E+01
     0.132320830E+01
     0.132704045E+01
     0.133216602E+01
     0.133056232E+01
     0.133216608E+01
     0.133468747E+01
     0.133595317E+01
     0.133975033E+01
     0.134482871E+01
     0.134323982E+01
     0.134482876E+01
     0.134732546E+01
     0.134857864E+01
     0.135233823E+01
     0.135736600E+01
     0.135579299E+01
     0.135736605E+01
     0.135983644E+01
     0.136107630E+01
     0.136479591E+01
     0.136976982E+01
     0.136821371E+01
     0.136976987E+01
     0.137221529E+01
     0.137344250E+01
     0.137712417E+01
     0.138204698E+01
     0.138050690E+01
     0.138204702E+01
     0.138446659E+01
     0.138568070E+01
     0.138932308E+01
     0.139419299E+01
     0.139266951E+01
     0.139419304E+01
     0.139658528E+01
     0.139778558E+01
     0.140138648E+01
     0.140620059E+01
     0.140469460E+01
     0.140620063E+01
     0.140856413E+01
     0.140974989E+01
     0.141330719E+01
     0.141806264E+01
     0.141657505E+01
     0.141806268E+01
     0.142039605E+01
     0.142156657E+01
     0.142507816E+01
     0.142977215E+01
     0.142830383E+01
     0.142977218E+01
     0.143207401E+01
     0.143322859E+01
     0.143669237E+01
     0.144132210E+01
     0.143987393E+01
     0.144132214E+01
     0.144359101E+01
     0.144472895E+01
     0.144814280E+01
     0.145270545E+01
     0.145127830E+01
     0.145270548E+01
     0.145493994E+01
     0.145606052E+01
     0.145942227E+01
     0.146391494E+01
     0.146250971E+01
     0.146391497E+01
     0.146611352E+01
     0.146721598E+01
     0.147052337E+01
     0.147494306E+01
     0.147356070E+01
     0.147494308E+01
     0.147710413E+01
     0.147818768E+01
     0.148143834E+01
     0.148578188E+01
     0.148442338E+01
     0.148578190E+01
     0.148790376E+01
     0.148896754E+01
     0.149215892E+01
     0.149642293E+01
     0.149508935E+01
     0.149642295E+01
     0.149850376E+01
     0.149954687E+01
     0.150267621E+01
     0.150685700E+01
     0.150554948E+01
     0.150685702E+01
     0.150889475E+01
     0.150991617E+01
     0.151298041E+01
     0.151707392E+01
     0.151579374E+01
     0.151707394E+01
     0.151906631E+01
     0.152006489E+01
     0.152306061E+01
     0.152706228E+01
     0.152581086E+01
     0.152706230E+01
     0.152900669E+01
     0.152998112E+01
     0.153290442E+01
     0.153680903E+01
     0.153558800E+01
     0.153680904E+01
     0.153870242E+01
     0.153965118E+01
     0.154249747E+01
     0.154629893E+01
     0.154511019E+01
     0.154629894E+01
     0.154813766E+01
     0.154905894E+01
     0.155182278E+01
     0.155551382E+01
     0.155435965E+01
     0.155551383E+01
     0.155729344E+01
     0.155818501E+01
     0.156085971E+01
     0.156443144E+01
     0.156331461E+01
     0.156443145E+01
     0.156614631E+01
     0.156700536E+01
     0.156958248E+01
     0.157302361E+01
     0.157194765E+01
     0.157302362E+01
     0.157466633E+01
     0.157548913E+01
     0.157795753E+01
     0.158125321E+01
     0.158022276E+01
     0.158125321E+01
     0.158281342E+01
     0.158359480E+01
     0.158593895E+01
     0.158906843E+01
     0.158808998E+01
     0.158906844E+01
     0.159053048E+01
     0.159126261E+01
     0.159345898E+01
     0.159639089E+01
     0.159547426E+01
     0.159639090E+01
     0.159772766E+01
     0.159839694E+01
     0.160040480E+01
     0.160308474E+01
     0.160224691E+01
     0.159752295E+01
     0.159808963E+01
     0.159978966E+01
     0.160205838E+01
     0.160134916E+01
     0.160205838E+01
     0.160320841E+01
     0.160378408E+01
     0.160551111E+01
     0.160781585E+01
     0.160709537E+01
     0.160781586E+01
     0.160907403E+01
     0.160970390E+01
     0.161159350E+01
     0.161411539E+01
     0.161332700E+01
     0.161411539E+01
     0.161549010E+01
     0.161617837E+01
     0.161824318E+01
     0.162099908E+01
     0.162013751E+01
     0.162099908E+01
     0.162246570E+01
     0.162320003E+01
     0.162540302E+01
     0.162834349E+01
     0.162742421E+01
     0.162834349E+01
     0.162988609E+01
     0.163065849E+01
     0.163297571E+01
     0.163606873E+01
     0.163510174E+01
     0.163606873E+01
     0.163767598E+01
     0.163848078E+01
     0.164089518E+01
     0.164411798E+01
     0.164311042E+01
     0.164411799E+01
     0.164578134E+01
     0.164661424E+01
     0.164911294E+01
     0.165244830E+01
     0.165140554E+01
     0.165244831E+01
     0.165416100E+01
     0.165501861E+01
     0.165759144E+01
     0.166102575E+01
     0.165995206E+01
     0.166102576E+01
     0.166278227E+01
     0.166366181E+01
     0.166630045E+01
     0.166982259E+01
     0.166872144E+01
     0.166982260E+01
     0.167161830E+01
     0.167251745E+01
     0.167521492E+01
     0.167881555E+01
     0.167768987E+01
     0.167881556E+01
     0.168064648E+01
     0.168156325E+01
     0.168431357E+01
     0.168798468E+01
     0.168683697E+01
     0.168798469E+01
     0.168984737E+01
     0.169078002E+01
     0.169357797E+01
     0.169731257E+01
     0.169614502E+01
     0.169731258E+01
     0.169920396E+01
     0.170015095E+01
     0.170299191E+01
     0.170678381E+01
     0.170559836E+01
     0.170678382E+01
     0.170870115E+01
     0.170966109E+01
     0.171254091E+01
     0.171638456E+01
     0.171518295E+01
     0.171638457E+01
     0.171832536E+01
     0.171929700E+01
     0.172221193E+01
     0.172610228E+01
     0.172488608E+01
     0.172610229E+01
     0.172806425E+01
     0.172904645E+01
     0.173199303E+01
     0.173592548E+01
     0.173469614E+01
     0.173592548E+01
     0.173790652E+01
     0.173889821E+01
     0.174187326E+01
     0.174584353E+01
     0.174460239E+01
     0.174584354E+01
     0.174784168E+01
     0.174884188E+01
     0.175184244E+01
     0.175584655E+01
     0.175459486E+01
     0.175584656E+01
     0.175785998E+01
     0.175886776E+01
     0.176189105E+01
     0.176592529E+01
     0.176466421E+01
     0.176592530E+01
     0.176795226E+01
     0.176896674E+01
     0.177201015E+01
     0.177607100E+01
     0.177480162E+01
     0.177607100E+01
     0.177810986E+01
     0.177913022E+01
     0.178219126E+01
     0.178627539E+01
     0.178499877E+01
     0.178627539E+01
     0.178832459E+01
     0.178935003E+01
     0.179242634E+01
     0.179653056E+01
     0.179524770E+01
     0.179653057E+01
     0.179858860E+01
     0.179961838E+01
     0.180270768E+01
     0.180682897E+01
     0.180554080E+01
     0.180682897E+01
     0.180889440E+01
     0.180992778E+01
     0.181302791E+01
     0.181716333E+01
     0.181587078E+01
     0.181716333E+01
     0.181923476E+01
     0.182027106E+01
     0.182337990E+01
     0.182752663E+01
     0.182623059E+01
     0.182752664E+01
     0.182960273E+01
     0.183064125E+01
     0.183375677E+01
     0.183791209E+01
     0.183661340E+01
     0.183791209E+01
     0.183999154E+01
     0.184103163E+01
     0.184415185E+01
     0.184831310E+01
     0.184701260E+01
     0.184831310E+01
     0.185039463E+01
     0.185143565E+01
     0.185455865E+01
     0.185872324E+01
     0.185742174E+01
     0.185872324E+01
     0.186080561E+01
     0.186184693E+01
     0.186497083E+01
     0.186913625E+01
     0.186783454E+01
     0.186913625E+01
     0.187121824E+01
     0.187225925E+01
     0.187538221E+01
     0.187954597E+01
     0.187824483E+01
     0.187954597E+01
     0.188162640E+01
     0.188266649E+01
     0.188578672E+01
     0.188994641E+01
     0.188864659E+01
     0.188994641E+01
     0.189202410E+01
     0.189306269E+01
     0.189617839E+01
     0.190033164E+01
     0.189903389E+01
     0.190033164E+01
     0.190237277E+01
     0.190339295E+01
     0.190645343E+01
     0.191053266E+01
     0.190925808E+01
     0.191053265E+01
     0.191252293E+01
     0.191351757E+01
     0.191650143E+01
     0.192047814E+01
     0.191923564E+01
     0.192047813E+01
     0.192241587E+01
     0.192338413E+01
     0.192628888E+01
     0.193015979E+01
     0.192895039E+01
     0.193015978E+01
     0.193204344E+01
     0.193298458E+01
     0.193580794E+01
     0.193957006E+01
     0.193839469E+01
     0.193957005E+01
     0.194139786E+01
     0.194231099E+01
     0.194505034E+01
     0.194870022E+01
     0.194755996E+01
     0.194870021E+01
     0.195047008E+01
     0.195135417E+01
     0.195400640E+01
     0.195753993E+01
     0.195643605E+01
     0.195753993E+01
     0.195924931E+01
     0.196010311E+01
     0.196266447E+01
     0.196607668E+01
     0.196501073E+01
     0.196607668E+01
     0.196772243E+01
     0.196854438E+01
     0.197101018E+01
     0.197429488E+01
     0.197326879E+01
     0.197429488E+01
     0.197587296E+01
     0.197666105E+01
     0.197902529E+01
     0.198217453E+01
     0.198119077E+01
     0.198217452E+01
     0.198367954E+01
     0.198443110E+01
     0.198668576E+01
     0.198968890E+01
     0.198875080E+01
     0.198968889E+01
     0.199111329E+01
     0.199182457E+01
     0.199395837E+01
     0.199680045E+01
     0.199591267E+01
     0.199680044E+01
     0.199813279E+01
     0.199879809E+01
     0.200079397E+01
     0.200345232E+01
     0.200262194E+01
     0.200345232E+01
     0.200467318E+01
     0.200528282E+01
     0.200711173E+01
     0.200954775E+01
     0.200878681E+01
     0.200451667E+01
     0.200504824E+01
     0.200664296E+01
     0.200876733E+01
     0.200810370E+01
     0.200876733E+01
     0.200983659E+01
     0.201037058E+01
     0.201197255E+01
     0.201410646E+01
     0.201343986E+01
     0.201410646E+01
     0.201518921E+01
     0.201572990E+01
     0.201735193E+01
     0.201951244E+01
     0.201883756E+01
     0.201951244E+01
     0.202069773E+01
     0.202128949E+01
     0.202306477E+01
     0.202542900E+01
     0.202469053E+01
     0.202542900E+01
     0.202669118E+01
     0.202732121E+01
     0.202921129E+01
     0.203172802E+01
     0.203094196E+01
     0.203172802E+01
     0.203305067E+01
     0.203371077E+01
     0.203569102E+01
     0.203832742E+01
     0.203750403E+01
     0.203832742E+01
     0.203969880E+01
     0.204038308E+01
     0.204243589E+01
     0.204516846E+01
     0.204431509E+01
     0.204516845E+01
     0.204657958E+01
     0.204728355E+01
     0.204939543E+01
     0.205220616E+01
     0.205132844E+01
     0.205220615E+01
     0.205364982E+01
     0.205436987E+01
     0.205652998E+01
     0.205940443E+01
     0.205850687E+01
     0.205940442E+01
     0.206087463E+01
     0.206160775E+01
     0.206380709E+01
     0.206673321E+01
     0.206581958E+01
     0.206673321E+01
     0.206822482E+01
     0.206896846E+01
     0.207119930E+01
     0.207416681E+01
     0.207324033E+01
     0.207416680E+01
     0.207567535E+01
     0.207642724E+01
     0.207868285E+01
     0.208168273E+01
     0.208074621E+01
     0.208168272E+01
     0.208320420E+01
     0.208396235E+01
     0.208623672E+01
     0.208926094E+01
     0.208831690E+01
     0.208926093E+01
     0.209079173E+01
     0.209155432E+01
     0.209384202E+01
     0.209688332E+01
     0.209593402E+01
     0.209688331E+01
     0.209842013E+01
     0.209918551E+01
     0.210148156E+01
     0.210453328E+01
     0.210358082E+01
     0.210453327E+01
     0.210607306E+01
     0.210683969E+01
     0.210913949E+01
     0.211219548E+01
     0.211124178E+01
     0.211219547E+01
     0.211373538E+01
     0.211450182E+01
     0.211680109E+01
     0.211985560E+01
     0.211890245E+01
     0.211985558E+01
     0.212139292E+01
     0.212215784E+01
     0.212445252E+01
     0.212750014E+01
     0.212654924E+01
     0.212750013E+01
     0.212903236E+01
     0.212979448E+01
     0.213208074E+01
     0.213511635E+01
     0.213416930E+01
     0.213511634E+01
     0.213664104E+01
     0.213739914E+01
     0.213967334E+01
     0.214269206E+01
     0.214175039E+01
     0.214269204E+01
     0.214420691E+01
     0.214495983E+01
     0.214721848E+01
     0.215021563E+01
     0.214928080E+01
     0.215021561E+01
     0.215171841E+01
     0.215246502E+01
     0.215470476E+01
     0.215767585E+01
     0.215674927E+01
     0.215767584E+01
     0.215916442E+01
     0.215990365E+01
     0.216212124E+01
     0.216506194E+01
     0.216414496E+01
     0.216506192E+01
     0.216653421E+01
     0.216726501E+01
     0.216945731E+01
     0.217236340E+01
     0.217145735E+01
     0.217236338E+01
     0.217381736E+01
     0.217453872E+01
     0.217670269E+01
     0.217957009E+01
     0.217867624E+01
     0.217957007E+01
     0.218100376E+01
     0.218171469E+01
     0.218384735E+01
     0.218667210E+01
     0.218579169E+01
     0.218667207E+01
     0.218808356E+01
     0.218878309E+01
     0.219088155E+01
     0.219365975E+01
     0.219279400E+01
     0.219365973E+01
     0.219504713E+01
     0.219573431E+01
     0.219779573E+01
     0.220052360E+01
     0.219967369E+01
     0.220052357E+01
     0.220188505E+01
     0.220255896E+01
     0.220458056E+01
     0.220725436E+01
     0.220642147E+01
     0.220725434E+01
     0.220858105E+01
     0.220923734E+01
     0.221120609E+01
     0.221380868E+01
     0.221299814E+01
     0.221380866E+01
     0.221509752E+01
     0.221573466E+01
     0.221764598E+01
     0.222017132E+01
     0.221938500E+01
     0.222017130E+01
     0.222142153E+01
     0.222203915E+01
     0.222389189E+01
     0.222633845E+01
     0.222557683E+01
     0.222633843E+01
     0.222754928E+01
     0.222814699E+01
     0.222994001E+01
     0.223230629E+01
     0.223156984E+01
     0.223230626E+01
     0.223347699E+01
     0.223405443E+01
     0.223578662E+01
     0.223807113E+01
     0.223736031E+01
     0.223807110E+01
     0.223920097E+01
     0.223975777E+01
     0.224142805E+01
     0.224362934E+01
     0.224294461E+01
     0.223897066E+01
     0.223941528E+01
     0.224074909E+01
     0.224251125E+01
     0.224196257E+01
     0.224251123E+01
     0.224360983E+01
     0.224415080E+01
     0.224577359E+01
     0.224791095E+01
     0.224724628E+01
     0.224266295E+01
     0.224273865E+01
     0.224296574E+01
     0.224326804E+01
     0.224317363E+01
     0.224326804E+01
     0.224385023E+01
     0.224413896E+01
     0.224500512E+01
     0.224615257E+01
     0.224579490E+01
     0.224332626E+01
     0.224335534E+01
     0.224344260E+01
     0.224355887E+01
     0.224352254E+01
     0.224355887E+01
     0.224384944E+01
     0.224399413E+01
     0.224442821E+01
     0.224500512E+01
     0.224482506E+01
     0.224381697E+01
     0.224394555E+01
     0.224433129E+01
     0.224484415E+01
     0.224468406E+01
     0.224484415E+01
     0.224512208E+01
     0.224526049E+01
     0.224567572E+01
     0.224622762E+01
     0.224605537E+01
     0.224487195E+01
     0.224488584E+01
     0.224492751E+01
     0.224498306E+01
     0.224496570E+01
     0.224498306E+01
     0.224512190E+01
     0.224519118E+01
     0.224539903E+01
     0.224567572E+01
     0.224558931E+01
     0.224507456E+01
     0.224512025E+01
     0.224525732E+01
     0.224543989E+01
     0.224538286E+01
     0.224543989E+01
     0.224556006E+01
     0.224562004E+01
     0.224579998E+01
     0.224603958E+01
     0.224596474E+01
     0.224547444E+01
     0.224549170E+01
     0.224554350E+01
     0.224561253E+01
     0.224559096E+01
     0.224561253E+01
     0.224569173E+01
     0.224573129E+01
     0.224584996E+01
     0.224600805E+01
     0.224595866E+01
     0.224564707E+01
     0.224566434E+01
     0.224571613E+01
     0.224578517E+01
     0.224576360E+01
     0.224578517E+01
     0.224584204E+01
     0.224587045E+01
     0.224595567E+01
     0.224606924E+01
     0.224603376E+01
     0.224581047E+01
     0.224582311E+01
     0.224586104E+01
     0.224591160E+01
     0.224589580E+01
     0.224591160E+01
     0.224595146E+01
     0.224597138E+01
     0.224603113E+01
     0.224611077E+01
     0.224608589E+01
     0.224593112E+01
     0.224594088E+01
     0.224597015E+01
     0.224600916E+01
     0.224599697E+01
     0.224600916E+01
     0.224603743E+01
     0.224605157E+01
     0.224609396E+01
     0.224615046E+01
     0.224613281E+01
     0.224602398E+01
     0.224603139E+01
     0.224605361E+01
     0.224608323E+01
     0.224607397E+01
     0.224608323E+01
     0.224610346E+01
     0.224611358E+01
     0.224614391E+01
     0.224618436E+01
     0.224617172E+01
     0.224609452E+01
     0.224610016E+01
     0.224611709E+01
     0.224613966E+01
     0.224613261E+01
     0.224613966E+01
     0.224615433E+01
     0.224616166E+01
     0.224618365E+01
     0.224621296E+01
     0.224620380E+01
     0.224614830E+01
     0.224615262E+01
     0.224616557E+01
     0.224618285E+01
     0.224617745E+01
     0.224618285E+01
     0.224619362E+01
     0.224619901E+01
     0.224621518E+01
     0.224623673E+01
     0.224622999E+01
     0.224618950E+01
     0.224619283E+01
     0.224620282E+01
     0.224621613E+01
     0.224621197E+01
     0.224621613E+01
     0.224622417E+01
     0.224622819E+01
     0.224624025E+01
     0.224625632E+01
     0.224625130E+01
     0.224622131E+01
     0.224622390E+01
     0.224623166E+01
     0.224624201E+01
     0.224623878E+01
     0.224624201E+01
     0.224624810E+01
     0.224625114E+01
     0.224626027E+01
     0.224627244E+01
     0.224626863E+01
     0.224624608E+01
     0.224624811E+01
     0.224625421E+01
     0.224626233E+01
     0.224625979E+01
     0.224626233E+01
     0.224626700E+01
     0.224626934E+01
     0.224627635E+01
     0.224628569E+01
     0.224628277E+01
     0.224626555E+01
     0.224626716E+01
     0.224627200E+01
     0.224627844E+01
     0.224627642E+01
     0.224627844E+01
     0.224628207E+01
     0.224628389E+01
     0.224628935E+01
     0.224629662E+01
     0.224629434E+01
     0.224628102E+01
     0.224628231E+01
     0.224628617E+01
     0.224629133E+01
     0.224628972E+01
     0.224629133E+01
     0.224629420E+01
     0.224629563E+01
     0.224629993E+01
     0.224630566E+01
     0.224630387E+01
     0.224629341E+01
     0.224629446E+01
     0.224629758E+01
     0.224630175E+01
     0.224630045E+01
     0.224630175E+01
     0.224630404E+01
     0.224630518E+01
     0.224630861E+01
     0.224631318E+01
     0.224631175E+01
     0.224630345E+01
     0.224630430E+01
     0.224630685E+01
     0.224631025E+01
     0.224630919E+01
     0.224631025E+01
     0.224631209E+01
     0.224631302E+01
     0.224631578E+01
     0.224631947E+01
     0.224631832E+01
     0.224631165E+01
     0.224631235E+01
     0.224631445E+01
     0.224631724E+01
     0.224631637E+01
     0.224631724E+01
     0.224631875E+01
     0.224631950E+01
     0.224632175E+01
     0.224632476E+01
     0.224632382E+01
     0.224631840E+01
     0.224631898E+01
     0.224632072E+01
     0.224632304E+01
     0.224632232E+01
     0.224632304E+01
     0.224632428E+01
     0.224632490E+01
     0.224632676E+01
     0.224632923E+01
     0.224632846E+01
     0.224632401E+01
     0.224632450E+01
     0.224632595E+01
     0.224632790E+01
     0.224632729E+01
     0.224632790E+01
     0.224632892E+01
     0.224632944E+01
     0.224633098E+01
     0.224633303E+01
     0.224633239E+01
     0.224632871E+01
     0.224632912E+01
     0.224633035E+01
     0.224633198E+01
     0.224633147E+01
     0.224633198E+01
     0.224633284E+01
     0.224633327E+01
     0.224633456E+01
     0.224633628E+01
     0.224633574E+01
     0.224633267E+01
     0.224633302E+01
     0.224633406E+01
     0.224633545E+01
     0.224633501E+01
     0.224633545E+01
     0.224633617E+01
     0.224633653E+01
     0.224633762E+01
     0.224633907E+01
     0.224633862E+01
     0.224633604E+01
     0.224633633E+01
     0.224633722E+01
     0.224633840E+01
     0.224633803E+01
     0.224633840E+01
     0.224633902E+01
     0.224633933E+01
     0.224634025E+01
     0.224634148E+01
     0.224634110E+01
     0.224633891E+01
     0.224633916E+01
     0.224633993E+01
     0.224634094E+01
     0.224634062E+01
     0.224634094E+01
     0.224634147E+01
     0.224634173E+01
     0.224634252E+01
     0.224634358E+01
     0.224634325E+01
     0.224634138E+01
     0.224634160E+01
     0.224634226E+01
     0.224634313E+01
     0.224634286E+01
     0.224634313E+01
     0.224634359E+01
     0.224634381E+01
     0.224634449E+01
     0.224634540E+01
     0.224634512E+01
     0.224634352E+01
     0.224634371E+01
     0.224634428E+01
     0.224634504E+01
     0.224634480E+01
     0.224634504E+01
     0.224634543E+01
     0.224634563E+01
     0.224634621E+01
     0.224634700E+01
     0.224634675E+01
     0.224634537E+01
     0.224634554E+01
     0.224634603E+01
     0.224634670E+01
     0.224634649E+01
     0.224634670E+01
     0.224634704E+01
     0.224634721E+01
     0.224634772E+01
     0.224634840E+01
     0.224634819E+01
     0.224634699E+01
     0.224634714E+01
     0.224634757E+01
     0.224634815E+01
     0.224634797E+01
     0.224634815E+01
     0.224634845E+01
     0.224634860E+01
     0.224634905E+01
     0.224634964E+01
     0.224634946E+01
     0.224634841E+01
     0.224634854E+01
     0.224634892E+01
     0.224634944E+01
     0.224634927E+01
     0.224634944E+01
     0.224634970E+01
     0.224634983E+01
     0.224635022E+01
     0.224635074E+01
     0.224635058E+01
     0.224634966E+01
     0.224634977E+01
     0.224635011E+01
     0.224635057E+01
     0.224635043E+01
     0.224635057E+01
     0.224635080E+01
     0.224635091E+01
     0.224635126E+01
     0.224635172E+01
     0.224635158E+01
     0.224635077E+01
     0.224635087E+01
     0.224635117E+01
     0.224635157E+01
     0.224635145E+01
     0.224635157E+01
     0.224635178E+01
     0.224635188E+01
     0.224635219E+01
     0.224635259E+01
     0.224635247E+01
     0.224635175E+01
     0.224635184E+01
     0.224635211E+01
     0.224635247E+01
     0.224635236E+01
     0.224635247E+01
     0.224635265E+01
     0.224635274E+01
     0.224635301E+01
     0.224635338E+01
     0.224635326E+01
     0.224635263E+01
     0.224635271E+01
     0.224635295E+01
     0.224635327E+01
     0.224635317E+01
     0.224635327E+01
     0.224635343E+01
     0.224635351E+01
     0.224635375E+01
     0.224635408E+01
     0.224635398E+01
     0.224635341E+01
     0.224635348E+01
     0.224635370E+01
     0.224635398E+01
     0.224635390E+01
     0.224635398E+01
     0.224635413E+01
     0.224635420E+01
     0.224635442E+01
     0.224635471E+01
     0.224635462E+01
     0.224635411E+01
     0.224635418E+01
     0.224635437E+01
     0.224635463E+01
     0.224635455E+01
     0.224635463E+01
     0.224635476E+01
     0.224635483E+01
     0.224635502E+01
     0.224635528E+01
     0.224635520E+01
     0.224635475E+01
     0.224635480E+01
     0.224635498E+01
     0.224635521E+01
     0.224635514E+01
     0.224635521E+01
     0.224635533E+01
     0.224635539E+01
     0.224635556E+01
     0.224635580E+01
     0.224635573E+01
     0.224635532E+01
     0.224635537E+01
     0.224635553E+01
     0.224635574E+01
     0.224635567E+01
     0.224635574E+01
     0.224635584E+01
     0.224635590E+01
     0.224635606E+01
     0.224635627E+01
     0.224635620E+01
     0.224635627E+01
     0.224635636E+01
     0.224635641E+01
     0.224635656E+01
     0.224635675E+01
     0.224635669E+01
     0.224635635E+01
     0.224635640E+01
     0.224635653E+01
     0.224635670E+01
     0.224635664E+01
     0.224635670E+01
     0.224635678E+01
     0.224635683E+01
     0.224635696E+01
     0.224635713E+01
     0.224635708E+01
     0.224635713E+01
     0.224635721E+01
     0.224635725E+01
     0.224635736E+01
     0.224635752E+01
     0.224635747E+01
     0.224635752E+01
     0.224635759E+01
     0.224635763E+01
     0.224635773E+01
     0.224635787E+01
     0.224635783E+01
     0.224635787E+01
     0.224635794E+01
     0.224635797E+01
     0.224635807E+01
     0.224635820E+01
     0.224635816E+01
     0.224635820E+01
     0.224635825E+01
     0.224635828E+01
     0.224635837E+01
     0.224635849E+01
     0.224635845E+01
     0.224635849E+01
     0.224635854E+01
     0.224635857E+01
     0.224635865E+01
     0.224635875E+01
     0.224635872E+01
     0.224635875E+01
     0.224635880E+01
     0.224635883E+01
     0.224635890E+01
     0.224635900E+01
     0.224635897E+01
     0.224635900E+01
     0.224635904E+01
     0.224635906E+01
     0.224635913E+01
     0.224635922E+01
     0.224635919E+01
     0.224635922E+01
     0.224635926E+01
     0.224635928E+01
     0.224635934E+01
     0.224635943E+01
     0.224635940E+01
     0.224635943E+01
     0.224635946E+01
     0.224635948E+01
     0.224635954E+01
     0.224635962E+01
     0.224635959E+01
     0.224635962E+01
     0.224635965E+01
     0.224635967E+01
     0.224635972E+01
     0.224635979E+01
     0.224635977E+01
     0.224635979E+01
     0.224635982E+01
     0.224635984E+01
     0.224635989E+01
     0.224635995E+01
     0.224635993E+01
     0.224635995E+01
     0.224635998E+01
     0.224636000E+01
     0.224636004E+01
     0.224636010E+01
     0.224636008E+01
     0.224636010E+01
     0.224636013E+01
     0.224636014E+01
     0.224636018E+01
     0.224636024E+01
     0.224636022E+01
     0.224636024E+01
     0.224636027E+01
     0.224636028E+01
     0.224636032E+01
     0.224636037E+01
     0.224636035E+01
     0.224636037E+01
     0.224636039E+01
     0.224636041E+01
     0.224636044E+01
     0.224636049E+01
     0.224636047E+01
     0.224636049E+01
     0.224636051E+01
     0.224636052E+01
     0.224636056E+01
     0.224636060E+01
     0.224636059E+01
     0.224636060E+01
     0.224636062E+01
     0.224636063E+01
     0.224636067E+01
     0.224636071E+01
     0.224636069E+01
     0.224636071E+01
     0.224636073E+01
     0.224636074E+01
     0.224636077E+01
     0.224636081E+01
     0.224636079E+01
     0.224636081E+01
     0.224636082E+01
     0.224636083E+01
     0.224636086E+01
     0.224636090E+01
     0.224636089E+01
     0.224636090E+01
     0.224636091E+01
     0.224636092E+01
     0.224636095E+01
     0.224636098E+01
     0.224636097E+01
     0.224636098E+01
     0.224636100E+01
     0.224636101E+01
     0.224636103E+01
     0.224636107E+01
     0.224636105E+01
     0.224636107E+01
     0.224636108E+01
     0.224636109E+01
     0.224636111E+01
     0.224636114E+01
     0.224636113E+01
     0.224636114E+01
     0.224636116E+01
     0.224636116E+01
     0.224636118E+01
     0.224636121E+01
     0.224636120E+01
     0.224636121E+01
     0.224636123E+01
     0.224636123E+01
     0.224636125E+01
     0.224636128E+01
     0.224636127E+01
     0.224636128E+01
     0.224636129E+01
     0.224636130E+01
     0.224636132E+01
     0.224636135E+01
     0.224636134E+01
     0.224636135E+01
     0.224636136E+01
     0.224636136E+01
     0.224636138E+01
     0.224636141E+01
     0.224636140E+01
     0.224636141E+01
     0.224636142E+01
     0.224636142E+01
     0.224636144E+01
     0.224636146E+01
     0.224636146E+01
     0.224636146E+01
     0.224636147E+01
     0.224636148E+01
     0.224636150E+01
     0.224636152E+01
     0.224636151E+01
     0.224636152E+01
     0.224636153E+01
     0.224636153E+01
     0.224636155E+01
     0.224636157E+01
     0.224636156E+01
     0.224636157E+01
     0.224636158E+01
     0.224636158E+01
     0.224636160E+01
     0.224636162E+01
     0.224636161E+01
     0.224636162E+01
     0.224636163E+01
     0.224636163E+01
     0.224636165E+01
     0.224636167E+01
     0.224636166E+01
     0.224636167E+01
     0.224636167E+01
     0.224636168E+01
     0.224636169E+01
     0.224636171E+01
     0.224636170E+01
     0.224636171E+01
     0.224636172E+01
     0.224636172E+01
     0.224636173E+01
     0.224636175E+01
     0.224636175E+01
     0.224636175E+01
     0.224636176E+01
     0.224636176E+01
     0.224636178E+01
     0.224636179E+01
     0.224636179E+01
     0.224636179E+01
     0.224636180E+01
     0.224636180E+01
     0.224636181E+01
     0.224636183E+01
     0.224636182E+01
     0.224636183E+01
     0.224636184E+01
     0.224636184E+01
     0.224636185E+01
     0.224636187E+01
     0.224636186E+01
     0.224636187E+01
     0.224636187E+01
     0.224636188E+01
     0.224636189E+01
     0.224636190E+01
     0.224636190E+01
     0.224636190E+01
     0.224636191E+01
     0.224636191E+01
     0.224636192E+01
     0.224636193E+01
     0.224636193E+01
     0.224636193E+01
     0.224636194E+01
     0.224636194E+01
     0.224636195E+01
     0.224636197E+01
     0.224636196E+01
     0.224636197E+01
     0.224636197E+01
     0.224636197E+01
     0.224636198E+01
     0.224636200E+01
     0.224636199E+01
     0.224636200E+01
     0.224636200E+01
     0.224636200E+01
     0.224636201E+01
     0.224636203E+01
     0.224636202E+01
     0.224636203E+01
     0.224636203E+01
     0.224636203E+01
     0.224636204E+01
     0.224636205E+01
     0.224636205E+01
     0.224636205E+01
     0.224636206E+01
     0.224636206E+01
     0.224636207E+01
     0.224636208E+01
     0.224636208E+01
     0.224636208E+01
     0.224636208E+01
     0.224636209E+01
     0.224636209E+01
     0.224636211E+01
     0.224636210E+01
     0.224636211E+01
     0.224636211E+01
     0.224636211E+01
     0.224636212E+01
     0.224636213E+01
     0.224636213E+01
     0.224636213E+01
     0.224636213E+01
     0.224636214E+01
     0.224636214E+01
     0.224636215E+01
     0.224636215E+01
     0.224636215E+01
     0.224636216E+01
     0.224636216E+01
     0.224636217E+01
     0.224636218E+01
     0.224636217E+01
     0.224636218E+01
     0.224636218E+01
     0.224636218E+01
     0.224636219E+01
     0.224636220E+01
     0.224636219E+01
     0.224636220E+01
     0.224636220E+01
     0.224636220E+01
     0.224636221E+01
     0.224636222E+01
     0.224636222E+01
     0.224636222E+01
     0.224636222E+01
     0.224636222E+01
     0.224636223E+01
     0.224636224E+01
     0.224636224E+01
     0.224636224E+01
     0.224636224E+01
     0.224636224E+01
     0.224636225E+01
     0.224636226E+01
     0.224636225E+01
     0.224636226E+01
     0.224636226E+01
     0.224636226E+01
     0.224636227E+01
     0.224636228E+01
     0.224636227E+01
     0.224636228E+01
     0.224636228E+01
     0.224636228E+01
     0.224636229E+01
     0.224636229E+01
     0.224636229E+01
     0.224636229E+01
     0.224636230E+01
     0.224636230E+01
     0.224636230E+01
     0.224636231E+01
     0.224636231E+01
     0.224636231E+01
     0.224636231E+01
     0.224636232E+01
     0.224636232E+01
     0.224636233E+01
     0.224636233E+01
     0.224636233E+01
     0.224636233E+01
     0.224636233E+01
     0.224636234E+01
     0.224636234E+01
     0.224636234E+01
     0.224636234E+01
     0.224636235E+01
     0.224636235E+01
     0.224636235E+01
     0.224636236E+01
     0.224636236E+01
     0.224636236E+01
     0.224636236E+01
     0.224636236E+01
     0.224636237E+01
     0.224636237E+01
     0.224636237E+01
     0.224636237E+01
     0.224636238E+01
     0.224636238E+01
     0.224636238E+01
     0.224636239E+01
     0.224636239E+01
     0.224636239E+01
     0.224636239E+01
     0.224636239E+01
     0.224636240E+01
     0.224636240E+01
     0.224636240E+01
     0.224636240E+01
     0.224636240E+01
     0.224636241E+01
     0.224636241E+01
     0.224636241E+01
     0.224636241E+01
     0.224636241E+01
     0.224636242E+01
     0.224636242E+01
     0.224636242E+01
     0.224636243E+01
     0.224636243E+01
     0.224636243E+01
     0.224636243E+01
     0.224636243E+01
     0.224636243E+01
     0.224636244E+01
     0.224636244E+01
     0.224636244E+01
     0.224636244E+01
     0.224636244E+01
     0.224636245E+01
     0.224636245E+01
     0.224636245E+01
     0.224636245E+01
     0.224636245E+01
     0.224636246E+01
     0.224636246E+01
     0.224636246E+01
     0.224636246E+01
     0.224636246E+01
     0.224636247E+01
     0.224636247E+01
     0.224636247E+01
     0.224636247E+01
     0.224636247E+01
     0.224636247E+01
     0.224636248E+01
     0.224636248E+01
     0.224636248E+01
     0.224636249E+01
     0.224636248E+01
     0.224636249E+01
     0.224636249E+01
     0.224636249E+01
     0.224636249E+01
     0.224636250E+01
     0.224636249E+01
     0.224636250E+01
     0.224636250E+01
     0.224636250E+01
     0.224636250E+01
     0.224636251E+01
     0.224636250E+01
     0.224636251E+01
     0.224636251E+01
     0.224636251E+01
     0.224636251E+01
     0.224636252E+01
     0.224636251E+01
     0.224636252E+01
     0.224636252E+01
     0.224636252E+01
     0.224636252E+01
     0.224636252E+01
     0.224636252E+01
     0.224636252E+01
     0.224636253E+01
     0.224636253E+01
     0.224636253E+01
     0.224636253E+01
     0.224636253E+01
     0.224636253E+01
     0.224636254E+01
     0.224636254E+01
     0.224636254E+01
     0.224636254E+01
     0.224636254E+01
     0.224636254E+01
     0.224636254E+01
     0.224636254E+01
     0.224636255E+01
     0.224636255E+01
     0.224636255E+01
     0.224636255E+01
     0.224636255E+01
     0.224636255E+01
     0.224636256E+01
     0.224636256E+01
     0.224636256E+01
     0.224636256E+01
     0.224636256E+01
     0.224636256E+01
     0.224636256E+01
     0.224636257E+01
     0.224636257E+01
     0.224636257E+01
     0.224636257E+01
     0.224636257E+01
     0.224636257E+01
     0.224636257E+01
     0.224636257E+01
     0.224636257E+01
     0.224636258E+01
     0.224636258E+01
     0.224636258E+01
     0.224636258E+01
     0.224636258E+01
     0.224636258E+01
     0.224636258E+01
     0.224636258E+01
     0.224636259E+01
     0.224636259E+01
     0.224636259E+01
     0.224636259E+01
     0.224636259E+01
     0.224636259E+01
     0.224636259E+01
     0.224636260E+01
     0.224636259E+01
     0.224636260E+01
     0.224636260E+01
     0.224636260E+01
     0.224636260E+01
     0.224636260E+01
     0.224636260E+01
     0.224636260E+01
     0.224636260E+01
     0.224636260E+01
     0.224636261E+01
     0.224636261E+01
     0.224636261E+01
     0.224636261E+01
     0.224636261E+01
     0.224636261E+01
     0.224636261E+01
     0.224636262E+01
     0.224636261E+01
     0.224636262E+01
     0.224636262E+01
     0.224636262E+01
     0.224636262E+01
     0.224636262E+01
     0.224636262E+01
     0.224636262E+01
     0.224636262E+01
     0.224636262E+01
     0.224636262E+01
     0.224636263E+01
     0.224636263E+01
     0.224636263E+01
     0.224636263E+01
     0.224636263E+01
     0.224636263E+01
     0.224636263E+01
     0.224636263E+01
     0.224636263E+01
     0.224636263E+01
     0.224636263E+01
     0.224636264E+01
     0.224636264E+01
     0.224636264E+01
     0.224636264E+01
     0.224636264E+01
     0.224636264E+01
     0.224636264E+01
     0.224636264E+01
     0.224636264E+01
     0.224636264E+01
     0.224636264E+01
     0.224636264E+01
     0.224636265E+01
     0.224636265E+01
     0.224636265E+01
     0.224636265E+01
     0.224636265E+01
     0.224636265E+01
     0.224636265E+01
     0.224636265E+01
     0.224636265E+01
     0.224636265E+01
     0.224636265E+01
     0.224636265E+01
     0.224636266E+01
     0.224636266E+01
     0.224636266E+01
     0.224636266E+01
     0.224636266E+01
     0.224636266E+01
     0.224636266E+01
     0.224636266E+01
     0.224636266E+01
     0.224636266E+01
     0.224636266E+01
     0.224636266E+01
     0.224636267E+01
     0.224636267E+01
     0.224636267E+01
     0.224636267E+01
     0.224636267E+01
     0.224636267E+01
     0.224636267E+01
     0.224636267E+01
     0.224636267E+01
     0.224636267E+01
     0.224636267E+01
     0.224636267E+01
     0.224636267E+01
     0.224636268E+01
     0.224636268E+01
     0.224636268E+01
     0.224636268E+01
     0.224636268E+01
     0.224636268E+01
     0.224636268E+01
     0.224636268E+01
     0.224636268E+01
     0.224636268E+01
     0.224636268E+01
     0.224636268E+01
     0.224636268E+01
     0.224636268E+01
     0.224636268E+01
     0.224636268E+01
     0.224636269E+01
     0.224636269E+01
     0.224636269E+01
     0.224636269E+01
     0.224636269E+01
     0.224636269E+01
     0.224636269E+01
     0.224636269E+01
     0.224636269E+01
     0.224636269E+01
     0.224636269E+01
     0.224636269E+01
     0.224636269E+01
     0.224636269E+01
     0.224636270E+01
     0.224636269E+01
     0.224636270E+01
     0.224636270E+01
     0.224636270E+01
     0.224636270E+01
     0.224636270E+01
     0.224636270E+01
     0.224636270E+01
     0.224636270E+01
     0.224636270E+01
     0.224636270E+01
     0.224636270E+01
     0.224636270E+01
     0.224636270E+01
     0.224636270E+01
     0.224636270E+01
     0.224636270E+01
     0.224636271E+01
     0.224636270E+01
     0.224636271E+01
     0.224636271E+01
     0.224636271E+01
     0.224636271E+01
     0.224636271E+01
     0.224636271E+01
     0.224636271E+01
     0.224636271E+01
     0.224636271E+01
     0.224636271E+01
     0.224636271E+01
     0.224636271E+01
     0.224636271E+01
     0.224636271E+01
     0.224636271E+01
     0.224636271E+01
     0.224636271E+01
     0.224636271E+01
     0.224636271E+01
     0.224636271E+01
     0.224636272E+01
     0.224636272E+01
     0.224636272E+01
     0.224636272E+01
     0.224636272E+01
     0.224636272E+01
     0.224636272E+01
     0.224636272E+01
     0.224636272E+01
     0.224636272E+01
     0.224636272E+01
     0.224636272E+01
     0.224636272E+01
     0.224636272E+01
     0.224636272E+01
     0.224636272E+01
     0.224636272E+01
     0.224636272E+01
     0.224636272E+01
     0.224636272E+01
     0.224636273E+01
     0.224636272E+01
     0.224636273E+01
     0.224636273E+01
     0.224636273E+01
     0.224636273E+01
     0.224636273E+01
     0.224636273E+01
     0.224636273E+01
     0.224636273E+01
     0.224636273E+01
     0.224636273E+01
     0.224636273E+01
     0.224636273E+01
     0.224636273E+01
     0.224636273E+01
     0.224636273E+01
     0.224636273E+01
     0.224636273E+01
     0.224636273E+01
     0.224636273E+01
     0.224636273E+01
     0.224636273E+01
     0.224636273E+01
     0.224636273E+01
     0.224636273E+01
     0.224636273E+01
     0.224636274E+01
     0.224636274E+01
     0.224636274E+01
     0.224636274E+01
     0.224636274E+01
     0.224636274E+01
     0.224636274E+01
     0.224636274E+01
     0.224636274E+01
     0.224636274E+01
     0.224636274E+01
     0.224636274E+01
     0.224636274E+01
     0.224636274E+01
     0.224636274E+01
     0.224636274E+01
     0.224636274E+01
     0.224636274E+01
     0.224636274E+01
     0.224636274E+01
     0.224636274E+01
     0.224636274E+01
     0.224636274E+01
     0.224636274E+01
     0.224636274E+01
     0.224636274E+01
     0.224636274E+01
     0.224636274E+01
     0.224636274E+01
     0.224636274E+01
     0.224636275E+01
     0.224636275E+01
     0.224636275E+01
     0.224636275E+01
     0.224636275E+01
     0.224636275E+01
     0.224636275E+01
     0.224636275E+01
     0.224636275E+01
     0.224636275E+01
     0.224636275E+01
     0.224636275E+01
     0.224636275E+01
     0.224636275E+01
     0.224636275E+01
     0.224636275E+01
     0.224636275E+01
     0.224636275E+01
     0.224636275E+01
     0.224636275E+01
     0.224636275E+01
     0.224636275E+01
     0.224636275E+01
     0.224636275E+01
     0.224636275E+01
     0.224636275E+01
     0.224636275E+01
     0.224636275E+01
     0.224636275E+01
     0.224636275E+01
     0.224636275E+01
     0.224636275E+01
     0.224636275E+01
     0.224636276E+01
     0.224636276E+01
     0.224636276E+01
     0.224636276E+01
     0.224636276E+01
     0.224636276E+01
     0.224636276E+01
     0.224636276E+01
     0.224636276E+01
     0.224636276E+01
     0.224636276E+01
     0.224636276E+01
     0.224636276E+01
     0.224636276E+01
     0.224636276E+01
     0.224636276E+01
     0.224636276E+01
     0.224636276E+01
     0.224636276E+01
     0.224636276E+01
     0.224636276E+01
     0.224636276E+01
     0.224636276E+01
     0.224636276E+01
     0.224636276E+01
     0.224636276E+01
     0.224636276E+01
     0.224636276E+01
     0.224636276E+01
     0.224636276E+01
     0.224636276E+01
     0.224636276E+01
     0.224636276E+01
     0.224636276E+01
     0.224636276E+01
     0.224636276E+01
     0.224636276E+01
     0.224636276E+01
     0.224636276E+01
     0.224636276E+01
     0.224636276E+01
     0.224636276E+01
     0.224636277E+01
     0.224636276E+01
     0.224636277E+01
     0.224636277E+01
     0.224636277E+01
     0.224636277E+01
     0.224636277E+01
     0.224636277E+01
     0.224636277E+01
     0.224636277E+01
     0.224636277E+01
     0.224636277E+01
     0.224636277E+01
     0.224636277E+01
     0.224636277E+01
     0.224636277E+01
     0.224636277E+01
     0.224636277E+01
     0.224636277E+01
     0.224636277E+01
     0.224636277E+01
     0.224636277E+01
     0.224636277E+01
     0.224636277E+01
     0.224636277E+01
     0.224636277E+01
     0.224636277E+01
     0.224636277E+01
     0.224636277E+01
     0.224636277E+01
     0.224636277E+01
     0.224636277E+01
     0.224636277E+01
     0.224636277E+01
     0.224636277E+01
     0.224636277E+01
     0.224636277E+01
     0.224636277E+01
     0.224636277E+01
     0.224636277E+01
     0.224636277E+01
     0.224636277E+01
     0.224636277E+01
     0.224636277E+01
     0.224636277E+01
     0.224636277E+01
     0.224636277E+01
     0.224636277E+01
     0.224636277E+01
     0.224636277E+01
     0.224636277E+01
     0.224636277E+01
     0.224636277E+01
     0.224636277E+01
     0.224636277E+01
     0.224636277E+01
     0.224636277E+01
     0.224636278E+01
     0.224636278E+01
     0.224636278E+01
     0.224636278E+01
     0.224636278E+01
     0.224636278E+01
     0.224636278E+01
     0.224636278E+01
     0.224636278E+01
     0.224636278E+01
     0.224636278E+01
     0.224636278E+01
     0.224636278E+01
     0.224636278E+01
     0.224636278E+01
     0.224636278E+01
     0.224636278E+01
     0.224636278E+01
     0.224636278E+01
     0.224636278E+01
     0.224636278E+01
     0.224636278E+01
     0.224636278E+01
     0.224636278E+01
     0.224636278E+01
     0.224636278E+01
     0.224636278E+01
     0.224636278E+01
     0.224636278E+01
     0.224636278E+01
     0.224636278E+01
     0.224636278E+01
     0.224636278E+01
     0.224636278E+01
     0.224636278E+01
     0.224636278E+01
     0.224636278E+01
     0.224636278E+01
     0.224636278E+01
     0.224636278E+01
     0.224636278E+01
     0.224636278E+01
     0.224636278E+01
     0.224636278E+01
     0.224636278E+01
     0.224636278E+01
     0.224636278E+01
     0.224636278E+01
     0.224636278E+01
     0.224636278E+01
     0.224636278E+01
     0.224636278E+01
     0.224636278E+01
     0.224636278E+01
     0.224636278E+01
     0.224636278E+01
     0.224636278E+01
     0.224636278E+01
     0.224636278E+01
     0.224636278E+01
     0.224636278E+01
     0.224636278E+01
     0.224636278E+01
     0.224636278E+01
     0.224636278E+01
     0.224636278E+01
     0.224636278E+01
     0.224636278E+01
     0.224636278E+01
     0.224636278E+01
     0.224636278E+01
     0.224636278E+01
     0.224636278E+01
     0.224636278E+01
     0.224636278E+01
     0.224636279E+01
     0.224636278E+01
     0.224636279E+01
     0.224636279E+01
     0.224636279E+01
     0.224636279E+01
     0.224636279E+01
     0.224636279E+01
     0.224636279E+01
     0.224636279E+01
     0.224636279E+01
     0.224636279E+01
     0.224636279E+01
     0.224636279E+01
     0.224636279E+01
     0.224636279E+01
     0.224636279E+01
     0.224636279E+01
     0.224636279E+01
     0.224636279E+01
     0.224636279E+01
     0.224636279E+01
     0.224636279E+01
     0.224636279E+01
     0.224636279E+01
     0.224636279E+01
     0.224636279E+01
     0.224636279E+01
     0.224636279E+01
     0.224636279E+01
     0.224636279E+01
     0.224636279E+01
     0.224636279E+01
     0.224636279E+01
     0.224636279E+01
     0.224636279E+01
     0.224636279E+01
     0.224636279E+01
     0.224636279E+01
     0.224636279E+01
     0.224636279E+01
     0.224636279E+01
     0.224636279E+01
     0.224636279E+01
     0.224636279E+01
     0.224636279E+01
     0.224636279E+01
     0.224636279E+01
     0.224636279E+01
     0.224636279E+01
     0.224636279E+01
     0.224636279E+01
     0.224636279E+01
     0.224636279E+01
     0.224636279E+01
     0.224636279E+01
     0.224636279E+01
     0.224636279E+01
     0.224636279E+01
     0.224636279E+01
     0.224636279E+01
     0.224636279E+01
     0.224636279E+01
     0.224636279E+01
     0.224636279E+01
     0.224636279E+01
     0.224636279E+01
     0.224636279E+01
     0.224636279E+01
     0.224636279E+01
     0.224636279E+01
     0.224636279E+01
     0.224636279E+01
     0.224636279E+01
     0.224636279E+01
     0.224636279E+01
     0.224636279E+01
     0.224636279E+01
     0.224636279E+01
     0.224636279E+01
     0.224636279E+01
     0.224636279E+01
     0.224636279E+01
     0.224636279E+01
     0.224636279E+01
     0.224636279E+01
     0.224636279E+01
     0.224636279E+01
     0.224636279E+01
     0.224636279E+01
     0.224636279E+01
     0.224636279E+01
     0.224636279E+01
     0.224636279E+01
     0.224636279E+01
     0.224636279E+01
     0.224636279E+01
     0.224636279E+01
     0.224636279E+01
     0.224636279E+01
     0.224636279E+01
     0.224636279E+01
     0.224636279E+01
     0.224636279E+01
     0.224636279E+01
     0.224636279E+01
     0.224636279E+01
     0.224636279E+01
     0.224636279E+01
     0.224636279E+01
     0.224636279E+01
     0.224636279E+01
     0.224636279E+01
     0.224636279E+01
     0.224636279E+01
     0.224636279E+01
     0.224636279E+01
     0.224636279E+01
     0.224636279E+01
     0.224636279E+01
     0.224636280E+01
     0.224636280E+01
     0.224636280E+01
     0.224636280E+01
     0.224636280E+01
     0.224636280E+01
     0.224636280E+01
     0.224636280E+01
     0.224636280E+01
     0.224636280E+01
     0.224636280E+01
     0.224636280E+01
     0.224636280E+01
     0.224636280E+01
     0.224636280E+01
     0.224636280E+01
     0.224636280E+01
     0.224636280E+01
     0.224636280E+01
     0.224636280E+01
     0.224636280E+01
     0.224636280E+01
     0.224636280E+01
     0.224636280E+01
     0.224636280E+01
     0.224636280E+01
     0.224636280E+01
     0.224636280E+01
     0.224636280E+01
     0.224636280E+01
     0.224636280E+01
     0.224636280E+01
     0.224636280E+01
     0.224636280E+01
     0.224636280E+01
     0.224636280E+01
     0.224636280E+01
     0.224636280E+01
     0.224636280E+01
     0.224636280E+01
     0.224636280E+01
     0.224636280E+01
     0.224636280E+01
     0.224636280E+01
     0.224636280E+01
     0.224636280E+01
     0.224636280E+01
     0.224636280E+01
     0.224636280E+01
     0.224636280E+01
     0.224636280E+01
     0.224636280E+01
     0.224636280E+01
     0.224636280E+01
     0.224636280E+01
     0.224636280E+01
     0.224636280E+01
     0.224636280E+01
     0.224636280E+01
     0.224636280E+01
     0.224636280E+01
     0.224636280E+01
     0.224636280E+01
     0.224636280E+01
     0.224636280E+01
     0.224636280E+01
     0.224636280E+01
     0.224636280E+01
     0.224636280E+01
     0.224636280E+01
     0.224636280E+01
     0.224636280E+01
     0.224636280E+01
     0.224636280E+01
     0.224636280E+01
     0.224636280E+01
     0.224636280E+01
     0.224636280E+01
     0.224636280E+01
     0.224636280E+01
     0.224636280E+01
     0.224636280E+01
     0.224636280E+01
     0.224636280E+01
     0.224636280E+01
     0.224636280E+01
     0.224636280E+01
     0.224636280E+01
     0.224636280E+01
     0.224636280E+01
     0.224636280E+01
     0.224636280E+01
     0.224636280E+01
     0.224636280E+01
     0.224636280E+01
     0.224636280E+01
     0.224636280E+01
     0.224636280E+01
     0.224636280E+01
     0.224636280E+01
     0.224636280E+01
     0.224636280E+01
     0.224636280E+01
     0.224636280E+01
     0.224636280E+01
     0.224636280E+01
     0.224636280E+01
     0.224636280E+01
     0.224636280E+01
     0.224636280E+01
     0.224636280E+01
     0.224636280E+01
     0.224636280E+01
     0.224636280E+01
     0.224636280E+01
     0.224636280E+01
     0.224636280E+01
     0.224636280E+01
     0.224636280E+01
     0.224636280E+01
     0.224636280E+01
     0.224636280E+01
     0.224636280E+01
     0.224636280E+01
     0.224636280E+01
     0.224636280E+01
     0.224636280E+01
     0.224636280E+01
     0.224636280E+01
     0.224636280E+01
     0.224636280E+01
     0.224636280E+01
     0.224636280E+01
     0.224636280E+01
     0.224636280E+01
     0.224636280E+01
     0.224636280E+01
     0.224636280E+01
     0.224636280E+01
     0.224636280E+01
     0.224636280E+01
     0.224636280E+01
     0.224636280E+01
     0.224636280E+01
     0.224636280E+01
     0.224636280E+01
     0.224636280E+01
     0.224636280E+01
     0.224636280E+01
     0.224636280E+01
     0.224636280E+01
     0.224636280E+01
     0.224636280E+01
     0.224636280E+01
     0.224636280E+01
     0.224636280E+01
     0.224636280E+01
     0.224636280E+01
     0.224636280E+01
     0.224636280E+01
     0.224636280E+01
     0.224636280E+01
     0.224636280E+01
     0.224636280E+01
     0.224636280E+01
     0.224636280E+01
     0.224636281E+01
     0.224636281E+01
     0.224636281E+01
     0.224636281E+01
     0.224636281E+01
     0.224636281E+01
     0.224636281E+01
     0.224636281E+01
     0.224636281E+01
     0.224636281E+01
     0.224636281E+01
     0.224636281E+01
     0.224636281E+01
     0.224636281E+01
     0.224636281E+01
     0.224636281E+01
     0.224636281E+01
     0.224636281E+01
     0.224636281E+01
     0.224636281E+01
     0.224636281E+01
     0.224636281E+01
     0.224636281E+01
     0.224636281E+01
     0.224636281E+01
     0.224636281E+01
     0.224636281E+01
     0.224636281E+01
     0.224636281E+01
     0.224636281E+01
     0.224636281E+01
     0.224636281E+01
     0.224636281E+01
     0.224636281E+01
     0.224636281E+01
     0.224636281E+01
     0.224636281E+01
     0.224636281E+01
     0.224636281E+01
     0.224636281E+01
     0.224636281E+01
     0.224636281E+01
     0.224636281E+01
     0.224636281E+01
     0.224636281E+01
     0.224636281E+01
     0.224636281E+01
     0.224636281E+01
     0.224636281E+01
     0.224636281E+01
     0.224636281E+01
     0.224636281E+01
     0.224636281E+01
     0.224636281E+01
     0.224636281E+01
     0.224636281E+01
     0.224636281E+01
     0.224636281E+01
     0.224636281E+01
     0.224636281E+01
     0.224636281E+01
     0.224636281E+01
     0.224636281E+01
     0.224636281E+01
     0.224636281E+01
     0.224636281E+01
     0.224636281E+01
     0.224636281E+01
     0.224636282E+01
     0.224636282E+01
     0.224636282E+01
     0.224636282E+01
     0.224636282E+01
     0.224636282E+01
     0.224636282E+01
     0.224636282E+01
     0.224636282E+01
     0.224636282E+01
     0.224636282E+01
     0.224636282E+01
     0.224636282E+01
     0.224636282E+01
     0.224636282E+01
     0.224636282E+01
     0.224636282E+01
     0.224636282E+01
     0.224636282E+01
     0.224636282E+01
     0.224636282E+01
     0.224636282E+01
     0.224636282E+01
     0.224636282E+01
     0.224636282E+01
     0.224636282E+01
     0.224636282E+01
     0.224636282E+01
     0.224636282E+01
     0.224636282E+01
     0.224636282E+01
     0.224636282E+01
     0.224636282E+01
     0.224636282E+01
     0.224636282E+01
     0.224636282E+01
     0.224636282E+01
     0.224636282E+01
     0.224636282E+01
     0.224636283E+01
     0.224636282E+01
     0.224636283E+01
     0.224636283E+01
     0.224636283E+01
     0.224636283E+01
     0.224636283E+01
     0.224636283E+01
     0.224636283E+01
     0.224636283E+01
     0.224636283E+01
     0.224636283E+01
     0.224636283E+01
     0.224636283E+01
     0.224636283E+01
     0.224636283E+01
     0.224636283E+01
     0.224636283E+01
     0.224636283E+01
     0.224636283E+01
     0.224636283E+01
     0.224636283E+01
     0.224636283E+01
     0.224636283E+01
     0.224636283E+01
     0.224636283E+01
     0.224636283E+01
     0.224636283E+01
     0.224636283E+01
     0.224636283E+01
     0.224636284E+01
     0.224636284E+01
     0.224636284E+01
     0.224636284E+01
     0.224636284E+01
     0.224636284E+01
     0.224636284E+01
     0.224636284E+01
     0.224636284E+01
     0.224636284E+01
     0.224636284E+01
     0.224636284E+01
     0.224636284E+01
     0.224636284E+01
     0.224636284E+01
     0.224636284E+01
     0.224636284E+01
     0.224636284E+01
     0.224636284E+01
     0.224636284E+01
     0.224636284E+01
     0.224636284E+01
     0.224636285E+01
     0.224636285E+01
     0.224636285E+01
     0.224636285E+01
     0.224636285E+01
     0.224636285E+01
     0.224636285E+01
     0.224636285E+01
     0.224636285E+01
     0.224636285E+01
     0.224636285E+01
     0.224636285E+01
     0.224636285E+01
     0.224636285E+01
     0.224636285E+01
     0.224636285E+01
     0.224636285E+01
     0.224636286E+01
     0.224636286E+01
     0.224636286E+01
     0.224636286E+01
     0.224636286E+01
     0.224636286E+01
     0.224636286E+01
     0.224636286E+01
     0.224636286E+01
     0.224636286E+01
     0.224636286E+01
     0.224636286E+01
     0.224636286E+01
     0.224636286E+01
     0.224636287E+01
     0.224636287E+01
     0.224636287E+01
     0.224636287E+01
     0.224636287E+01
     0.224636287E+01
     0.224636287E+01
     0.224636287E+01
     0.224636287E+01
     0.224636287E+01
     0.224636287E+01
     0.224636287E+01
     0.224636288E+01
     0.224636288E+01
     0.224636288E+01
     0.224636288E+01
     0.224636288E+01
     0.224636288E+01
     0.224636288E+01
     0.224636288E+01
     0.224636288E+01
     0.224636288E+01
     0.224636288E+01
     0.224636289E+01
     0.224636289E+01
     0.224636289E+01
     0.224636289E+01
     0.224636289E+01
     0.224636289E+01
     0.224636289E+01
     0.224636289E+01
     0.224636290E+01
     0.224636290E+01
     0.224636290E+01
     0.224636290E+01
     0.224636290E+01
     0.224636290E+01
     0.224636290E+01
     0.224636290E+01
     0.224636290E+01
     0.224636290E+01
     0.224636291E+01
     0.224636291E+01
     0.224636291E+01
     0.224636291E+01
     0.224636291E+01
     0.224636291E+01
     0.224636291E+01
     0.224636292E+01
     0.224636292E+01
     0.224636292E+01
     0.224636292E+01
     0.224636292E+01
     0.224636292E+01
     0.224636292E+01
     0.224636293E+01
     0.224636293E+01
     0.224636293E+01
     0.224636293E+01
     0.224636293E+01
     0.224636293E+01
     0.224636294E+01
     0.224636294E+01
     0.224636294E+01
     0.224636294E+01
     0.224636294E+01
     0.224636294E+01
     0.224636295E+01
     0.224636295E+01
     0.224636295E+01
     0.224636295E+01
     0.224636295E+01
     0.224636295E+01
     0.224636296E+01
     0.224636296E+01
     0.224636296E+01
     0.224636296E+01
     0.224636296E+01
     0.224636297E+01
     0.224636297E+01
     0.224636297E+01
     0.224636297E+01
     0.224636297E+01
     0.224636297E+01
     0.224636298E+01
     0.224636298E+01
     0.224636298E+01
     0.224636298E+01
     0.224636298E+01
     0.224636299E+01
     0.224636299E+01
     0.224636300E+01
     0.224636299E+01
     0.224636300E+01
     0.224636300E+01
     0.224636300E+01
     0.224636300E+01
     0.224636301E+01
     0.224636301E+01
     0.224636301E+01
     0.224636301E+01
     0.224636301E+01
     0.224636302E+01
     0.224636303E+01
     0.224636302E+01
     0.224636303E+01
     0.224636303E+01
     0.224636303E+01
     0.224636304E+01
     0.224636304E+01
     0.224636304E+01
     0.224636304E+01
     0.224636305E+01
     0.224636305E+01
     0.224636305E+01
     0.224636306E+01
     0.224636306E+01
     0.224636306E+01
     0.224636306E+01
     0.224636307E+01
     0.224636307E+01
     0.224636308E+01
     0.224636308E+01
     0.224636308E+01
     0.224636308E+01
     0.224636309E+01
     0.224636309E+01
     0.224636310E+01
     0.224636310E+01
     0.224636310E+01
     0.224636310E+01
     0.224636311E+01
     0.224636311E+01
     0.224636312E+01
     0.224636312E+01
     0.224636312E+01
     0.224636313E+01
     0.224636313E+01
     0.224636314E+01
     0.224636315E+01
     0.224636314E+01
     0.224636315E+01
     0.224636315E+01
     0.224636315E+01
     0.224636316E+01
     0.224636317E+01
     0.224636317E+01
     0.224636317E+01
     0.224636318E+01
     0.224636318E+01
     0.224636319E+01
     0.224636320E+01
     0.224636320E+01
     0.224636320E+01
     0.224636321E+01
     0.224636321E+01
     0.224636322E+01
     0.224636323E+01
     0.224636323E+01
     0.224636323E+01
     0.224636324E+01
     0.224636324E+01
     0.224636325E+01
     0.224636326E+01
     0.224636326E+01
     0.224636326E+01
     0.224636327E+01
     0.224636327E+01
     0.224636328E+01
     0.224636330E+01
     0.224636329E+01
     0.224636330E+01
     0.224636330E+01
     0.224636331E+01
     0.224636332E+01
     0.224636333E+01
     0.224636333E+01
     0.224636333E+01
     0.224636334E+01
     0.224636334E+01
     0.224636336E+01
     0.224636337E+01
     0.224636337E+01
     0.224636337E+01
     0.224636338E+01
     0.224636339E+01
     0.224636340E+01
     0.224636342E+01
     0.224636341E+01
     0.224636342E+01
     0.224636342E+01
     0.224636343E+01
     0.224636344E+01
     0.224636346E+01
     0.224636346E+01
     0.224636346E+01
     0.224636347E+01
     0.224636348E+01
     0.224636349E+01
     0.224636351E+01
     0.224636350E+01
     0.224636351E+01
     0.224636352E+01
     0.224636353E+01
     0.224636354E+01
     0.224636356E+01
     0.224636356E+01
     0.224636356E+01
     0.224636357E+01
     0.224636358E+01
     0.224636360E+01
     0.224636362E+01
     0.224636361E+01
     0.224636362E+01
     0.224636363E+01
     0.224636364E+01
     0.224636366E+01
     0.224636368E+01
     0.224636367E+01
     0.224636368E+01
     0.224636369E+01
     0.224636370E+01
     0.224636372E+01
     0.224636375E+01
     0.224636374E+01
     0.224636375E+01
     0.224636376E+01
     0.224636377E+01
     0.224636379E+01
     0.224636382E+01
     0.224636381E+01
     0.224636382E+01
     0.224636383E+01
     0.224636384E+01
     0.224636386E+01
     0.224636389E+01
     0.224636388E+01
     0.224636389E+01
     0.224636391E+01
     0.224636392E+01
     0.224636394E+01
     0.224636398E+01
     0.224636396E+01
     0.224636398E+01
     0.224636399E+01
     0.224636400E+01
     0.224636403E+01
     0.224636406E+01
     0.224636405E+01
     0.224636406E+01
     0.224636408E+01
     0.224636409E+01
     0.224636412E+01
     0.224636416E+01
     0.224636415E+01
     0.224636416E+01
     0.224636418E+01
     0.224636419E+01
     0.224636422E+01
     0.224636426E+01
     0.224636425E+01
     0.224636426E+01
     0.224636428E+01
     0.224636429E+01
     0.224636432E+01
     0.224636437E+01
     0.224636435E+01
     0.224636437E+01
     0.224636439E+01
     0.224636440E+01
     0.224636444E+01
     0.224636448E+01
     0.224636447E+01
     0.224636448E+01
     0.224636451E+01
     0.224636452E+01
     0.224636456E+01
     0.224636461E+01
     0.224636459E+01
     0.224636461E+01
     0.224636464E+01
     0.224636465E+01
     0.224636469E+01
     0.224636475E+01
     0.224636473E+01
     0.224636475E+01
     0.224636477E+01
     0.224636479E+01
     0.224636483E+01
     0.224636489E+01
     0.224636487E+01
     0.224636489E+01
     0.224636492E+01
     0.224636494E+01
     0.224636499E+01
     0.224636505E+01
     0.224636503E+01
     0.224636505E+01
     0.224636508E+01
     0.224636510E+01
     0.224636515E+01
     0.224636522E+01
     0.224636519E+01
     0.224636522E+01
     0.224636525E+01
     0.224636527E+01
     0.224636532E+01
     0.224636540E+01
     0.224636537E+01
     0.224636540E+01
     0.224636544E+01
     0.224636545E+01
     0.224636551E+01
     0.224636559E+01
     0.224636557E+01
     0.224636559E+01
     0.224636563E+01
     0.224636565E+01
     0.224636572E+01
     0.224636580E+01
     0.224636577E+01
     0.224636580E+01
     0.224636584E+01
     0.224636587E+01
     0.224636593E+01
     0.224636602E+01
     0.224636600E+01
     0.224636602E+01
     0.224636607E+01
     0.224636610E+01
     0.224636617E+01
     0.224636626E+01
     0.224636623E+01
     0.224636626E+01
     0.224636632E+01
     0.224636634E+01
     0.224636642E+01
     0.224636652E+01
     0.224636649E+01
     0.224636652E+01
     0.224636658E+01
     0.224636661E+01
     0.224636669E+01
     0.224636680E+01
     0.224636677E+01
     0.224636680E+01
     0.224636686E+01
     0.224636689E+01
     0.224636698E+01
     0.224636710E+01
     0.224636706E+01
     0.224636710E+01
     0.224636717E+01
     0.224636720E+01
     0.224636729E+01
     0.224636742E+01
     0.224636738E+01
     0.224636742E+01
     0.224636749E+01
     0.224636753E+01
     0.224636763E+01
     0.224636777E+01
     0.224636773E+01
     0.224636777E+01
     0.224636784E+01
     0.224636788E+01
     0.224636799E+01
     0.224636814E+01
     0.224636809E+01
     0.224636814E+01
     0.224636822E+01
     0.224636826E+01
     0.224636838E+01
     0.224636854E+01
     0.224636849E+01
     0.224636854E+01
     0.224636863E+01
     0.224636867E+01
     0.224636880E+01
     0.224636897E+01
     0.224636892E+01
     0.224636897E+01
     0.224636906E+01
     0.224636911E+01
     0.224636925E+01
     0.224636943E+01
     0.224636937E+01
     0.224636943E+01
     0.224636953E+01
     0.224636958E+01
     0.224636973E+01
     0.224636993E+01
     0.224636987E+01
     0.224636993E+01
     0.224637003E+01
     0.224637009E+01
     0.224637025E+01
     0.224637046E+01
     0.224637039E+01
     0.224637046E+01
     0.224637058E+01
     0.224637063E+01
     0.224637081E+01
     0.224637103E+01
     0.224637096E+01
     0.224637103E+01
     0.224637116E+01
     0.224637122E+01
     0.224637140E+01
     0.224637165E+01
     0.224637157E+01
     0.224637165E+01
     0.224637178E+01
     0.224637185E+01
     0.224637205E+01
     0.224637231E+01
     0.224637223E+01
     0.224637231E+01
     0.224637246E+01
     0.224637253E+01
     0.224637274E+01
     0.224637303E+01
     0.224637294E+01
     0.224637303E+01
     0.224637318E+01
     0.224637325E+01
     0.224637348E+01
     0.224637379E+01
     0.224637369E+01
     0.224637379E+01
     0.224637396E+01
     0.224637404E+01
     0.224637428E+01
     0.224637461E+01
     0.224637451E+01
     0.224637461E+01
     0.224637479E+01
     0.224637488E+01
     0.224637514E+01
     0.224637550E+01
     0.224637539E+01
     0.224637550E+01
     0.224637569E+01
     0.224637578E+01
     0.224637607E+01
     0.224637645E+01
     0.224637633E+01
     0.224637645E+01
     0.224637665E+01
     0.224637675E+01
     0.224637706E+01
     0.224637747E+01
     0.224637734E+01
     0.224637747E+01
     0.224637769E+01
     0.224637780E+01
     0.224637813E+01
     0.224637857E+01
     0.224637843E+01
     0.224637857E+01
     0.224637880E+01
     0.224637892E+01
     0.224637928E+01
     0.224637975E+01
     0.224637960E+01
     0.224637975E+01
     0.224638000E+01
     0.224638013E+01
     0.224638051E+01
     0.224638102E+01
     0.224638086E+01
     0.224638102E+01
     0.224638129E+01
     0.224638143E+01
     0.224638183E+01
     0.224638238E+01
     0.224638221E+01
     0.224638238E+01
     0.224638267E+01
     0.224638282E+01
     0.224638326E+01
     0.224638385E+01
     0.224638366E+01
     0.224638385E+01
     0.224638416E+01
     0.224638432E+01
     0.224638479E+01
     0.224638542E+01
     0.224638522E+01
     0.224638542E+01
     0.224638576E+01
     0.224638593E+01
     0.224638644E+01
     0.224638711E+01
     0.224638690E+01
     0.224638711E+01
     0.224638748E+01
     0.224638766E+01
     0.224638821E+01
     0.224638893E+01
     0.224638871E+01
     0.224638893E+01
     0.224638933E+01
     0.224638952E+01
     0.224639011E+01
     0.224639089E+01
     0.224639065E+01
     0.224639089E+01
     0.224639131E+01
     0.224639152E+01
     0.224639215E+01
     0.224639299E+01
     0.224639273E+01
     0.224639299E+01
     0.224639344E+01
     0.224639367E+01
     0.224639435E+01
     0.224639525E+01
     0.224639497E+01
     0.224639525E+01
     0.224639574E+01
     0.224639598E+01
     0.224639671E+01
     0.224639768E+01
     0.224639738E+01
     0.224639768E+01
     0.224639820E+01
     0.224639847E+01
     0.224639925E+01
     0.224640029E+01
     0.224639997E+01
     0.224640029E+01
     0.224640085E+01
     0.224640114E+01
     0.224640198E+01
     0.224640310E+01
     0.224640275E+01
     0.224640310E+01
     0.224640370E+01
     0.224640400E+01
     0.224640491E+01
     0.224640612E+01
     0.224640574E+01
     0.224640612E+01
     0.224640676E+01
     0.224640709E+01
     0.224640806E+01
     0.224640936E+01
     0.224640895E+01
     0.224640936E+01
     0.224641006E+01
     0.224641040E+01
     0.224641145E+01
     0.224641284E+01
     0.224641241E+01
     0.224641284E+01
     0.224641359E+01
     0.224641397E+01
     0.224641509E+01
     0.224641659E+01
     0.224641612E+01
     0.224641659E+01
     0.224641740E+01
     0.224641780E+01
     0.224641901E+01
     0.224642062E+01
     0.224642011E+01
     0.224642062E+01
     0.224642148E+01
     0.224642191E+01
     0.224642321E+01
     0.224642494E+01
     0.224642440E+01
     0.224642494E+01
     0.224642587E+01
     0.224642634E+01
     0.224642774E+01
     0.224642960E+01
     0.224642901E+01
     0.224642960E+01
     0.224643060E+01
     0.224643110E+01
     0.224643260E+01
     0.224643460E+01
     0.224643397E+01
     0.224643460E+01
     0.224643567E+01
     0.224643621E+01
     0.224643782E+01
     0.224643997E+01
     0.224643930E+01
     0.224643997E+01
     0.224644112E+01
     0.224644170E+01
     0.224644344E+01
     0.224644575E+01
     0.224644502E+01
     0.224644575E+01
     0.224644699E+01
     0.224644761E+01
     0.224644947E+01
     0.224645195E+01
     0.224645118E+01
     0.224645195E+01
     0.224645329E+01
     0.224645396E+01
     0.224645596E+01
     0.224645863E+01
     0.224645779E+01
     0.224645863E+01
     0.224646006E+01
     0.224646078E+01
     0.224646293E+01
     0.224646580E+01
     0.224646490E+01
     0.224646580E+01
     0.224646734E+01
     0.224646811E+01
     0.224647042E+01
     0.224647351E+01
     0.224647254E+01
     0.224647351E+01
     0.224647516E+01
     0.224647599E+01
     0.224647848E+01
     0.224648179E+01
     0.224648076E+01
     0.224648179E+01
     0.224648357E+01
     0.224648446E+01
     0.224648714E+01
     0.224649070E+01
     0.224648959E+01
     0.224649070E+01
     0.224649261E+01
     0.224649357E+01
     0.224649644E+01
     0.224650027E+01
     0.224649907E+01
     0.224650027E+01
     0.224650233E+01
     0.224650336E+01
     0.224650644E+01
     0.224651056E+01
     0.224650927E+01
     0.224651056E+01
     0.224651277E+01
     0.224651388E+01
     0.224651719E+01
     0.224652162E+01
     0.224652023E+01
     0.224652162E+01
     0.224652399E+01
     0.224652518E+01
     0.224652875E+01
     0.224653350E+01
     0.224653201E+01
     0.224653350E+01
     0.224653605E+01
     0.224653733E+01
     0.224654116E+01
     0.224654627E+01
     0.224654468E+01
     0.224654627E+01
     0.224654902E+01
     0.224655039E+01
     0.224655451E+01
     0.224656000E+01
     0.224655828E+01
     0.224656000E+01
     0.224656295E+01
     0.224656443E+01
     0.224656885E+01
     0.224657476E+01
     0.224657291E+01
     0.224657476E+01
     0.224657793E+01
     0.224657951E+01
     0.224658427E+01
     0.224659061E+01
     0.224658863E+01
     0.224659061E+01
     0.224659402E+01
     0.224659573E+01
     0.224660084E+01
     0.224660766E+01
     0.224660553E+01
     0.224660766E+01
     0.224661132E+01
     0.224661315E+01
     0.224661865E+01
     0.224662597E+01
     0.224662368E+01
     0.224662597E+01
     0.224662991E+01
     0.224663188E+01
     0.224663779E+01
     0.224664566E+01
     0.224664320E+01
     0.224664566E+01
     0.224664989E+01
     0.224665201E+01
     0.224665836E+01
     0.224666682E+01
     0.224666417E+01
     0.224666682E+01
     0.224667137E+01
     0.224667364E+01
     0.224668046E+01
     0.224668956E+01
     0.224668671E+01
     0.224668956E+01
     0.224669444E+01
     0.224669689E+01
     0.224670422E+01
     0.224671399E+01
     0.224671094E+01
     0.224671399E+01
     0.224671925E+01
     0.224672187E+01
     0.224672975E+01
     0.224674026E+01
     0.224673698E+01
     0.224674026E+01
     0.224674590E+01
     0.224674873E+01
     0.224675719E+01
     0.224676848E+01
     0.224676495E+01
     0.224676848E+01
     0.224677455E+01
     0.224677758E+01
     0.224678668E+01
     0.224679881E+01
     0.224679502E+01
     0.224679881E+01
     0.224680533E+01
     0.224680859E+01
     0.224681837E+01
     0.224683141E+01
     0.224682734E+01
     0.224683141E+01
     0.224683842E+01
     0.224684192E+01
     0.224685243E+01
     0.224686644E+01
     0.224686206E+01
     0.224686644E+01
     0.224687397E+01
     0.224687774E+01
     0.224688903E+01
     0.224690409E+01
     0.224689938E+01
     0.224690409E+01
     0.224691218E+01
     0.224691622E+01
     0.224692836E+01
     0.224694454E+01
     0.224693948E+01
     0.224694454E+01
     0.224695323E+01
     0.224695758E+01
     0.224697062E+01
     0.224698801E+01
     0.224698257E+01
     0.224698801E+01
     0.224699735E+01
     0.224700202E+01
     0.224701604E+01
     0.224703472E+01
     0.224702888E+01
     0.224703472E+01
     0.224704476E+01
     0.224704978E+01
     0.224706484E+01
     0.224708491E+01
     0.224707864E+01
     0.224708491E+01
     0.224709570E+01
     0.224710109E+01
     0.224711727E+01
     0.224713884E+01
     0.224713210E+01
     0.224713884E+01
     0.224715044E+01
     0.224715623E+01
     0.224717362E+01
     0.224719679E+01
     0.224718955E+01
     0.224719679E+01
     0.224720925E+01
     0.224721548E+01
     0.224723416E+01
     0.224725906E+01
     0.224725128E+01
     0.224725906E+01
     0.224727244E+01
     0.224727913E+01
     0.224729920E+01
     0.224732596E+01
     0.224731760E+01
     0.224732596E+01
     0.224734034E+01
     0.224734753E+01
     0.224736909E+01
     0.224739784E+01
     0.224738885E+01
     0.224739784E+01
     0.224741329E+01
     0.224742101E+01
     0.224744417E+01
     0.224747506E+01
     0.224746541E+01
     0.224747506E+01
     0.224749166E+01
     0.224749995E+01
     0.224752484E+01
     0.224755802E+01
     0.224754765E+01
     0.224755802E+01
     0.224757585E+01
     0.224758476E+01
     0.224761150E+01
     0.224764715E+01
     0.224763601E+01
     0.224764715E+01
     0.224766630E+01
     0.224767587E+01
     0.224770460E+01
     0.224774289E+01
     0.224773092E+01
     0.224774289E+01
     0.224776346E+01
     0.224777375E+01
     0.224780460E+01
     0.224784573E+01
     0.224783288E+01
     0.224784573E+01
     0.224786783E+01
     0.224787888E+01
     0.224791202E+01
     0.224795620E+01
     0.224794240E+01
     0.224795620E+01
     0.224797994E+01
     0.224799181E+01
     0.224802740E+01
     0.224807486E+01
     0.224806003E+01
     0.224807486E+01
     0.224810035E+01
     0.224811310E+01
     0.224815133E+01
     0.224820229E+01
     0.224818637E+01
     0.224820229E+01
     0.224822967E+01
     0.224824336E+01
     0.224828442E+01
     0.224833916E+01
     0.224832205E+01
     0.224833916E+01
     0.224836856E+01
     0.224838326E+01
     0.224842735E+01
     0.224848613E+01
     0.224846777E+01
     0.224848613E+01
     0.224851771E+01
     0.224853349E+01
     0.224858084E+01
     0.224864396E+01
     0.224862424E+01
     0.224864396E+01
     0.224867787E+01
     0.224869481E+01
     0.224874566E+01
     0.224881343E+01
     0.224879225E+01
     0.224881343E+01
     0.224884983E+01
     0.224886803E+01
     0.224892261E+01
     0.224899537E+01
     0.224897264E+01
     0.224899537E+01
     0.224903446E+01
     0.224905400E+01
     0.224911260E+01
     0.224919071E+01
     0.224916630E+01
     0.224919071E+01
     0.224923267E+01
     0.224925364E+01
     0.224931655E+01
     0.224940040E+01
     0.224937420E+01
     0.224940040E+01
     0.224944544E+01
     0.224946794E+01
     0.224953547E+01
     0.224962547E+01
     0.224959735E+01
     0.224962547E+01
     0.224967381E+01
     0.224969797E+01
     0.224977044E+01
     0.224986703E+01
     0.224983685E+01
     0.224986703E+01
     0.224991890E+01
     0.224994483E+01
     0.225002260E+01
     0.225012625E+01
     0.225009386E+01
     0.225012625E+01
     0.225018192E+01
     0.225020974E+01
     0.225029319E+01
     0.225040440E+01
     0.225036965E+01
     0.225040440E+01
     0.225046413E+01
     0.225049397E+01
     0.225058350E+01
     0.225070281E+01
     0.225066554E+01
     0.225070281E+01
     0.225076689E+01
     0.225079890E+01
     0.225089495E+01
     0.225102293E+01
     0.225098294E+01
     0.225102293E+01
     0.225109166E+01
     0.225112599E+01
     0.225122901E+01
     0.225136627E+01
     0.225132338E+01
     0.225136627E+01
     0.225143998E+01
     0.225147680E+01
     0.225158727E+01
     0.225173446E+01
     0.225168847E+01
     0.225173446E+01
     0.225181349E+01
     0.225185298E+01
     0.225197142E+01
     0.225212923E+01
     0.225207993E+01
     0.225212923E+01
     0.225221396E+01
     0.225225629E+01
     0.225238326E+01
     0.225255242E+01
     0.225249958E+01
     0.225255242E+01
     0.225264324E+01
     0.225268861E+01
     0.225282469E+01
     0.225300599E+01
     0.225294935E+01
     0.225300599E+01
     0.225310332E+01
     0.225315193E+01
     0.225329775E+01
     0.225349201E+01
     0.225343132E+01
     0.225349201E+01
     0.225359629E+01
     0.225364836E+01
     0.225380458E+01
     0.225401268E+01
     0.225394767E+01
     0.225401268E+01
     0.225412437E+01
     0.225418015E+01
     0.225434747E+01
     0.225457034E+01
     0.225450072E+01
     0.225457034E+01
     0.225468994E+01
     0.225474966E+01
     0.225492882E+01
     0.225516744E+01
     0.225509290E+01
     0.225516744E+01
     0.225529549E+01
     0.225535942E+01
     0.225555120E+01
     0.225580660E+01
     0.225572683E+01
     0.225580660E+01
     0.225594364E+01
     0.225601205E+01
     0.225621728E+01
     0.225649057E+01
     0.225640521E+01
     0.225649057E+01
     0.225663719E+01
     0.225671038E+01
     0.225692992E+01
     0.225722225E+01
     0.225713095E+01
     0.225722225E+01
     0.225737906E+01
     0.225745732E+01
     0.225769210E+01
     0.225800468E+01
     0.225790705E+01
     0.225800468E+01
     0.225817233E+01
     0.225825599E+01
     0.225850696E+01
     0.225884106E+01
     0.225873672E+01
     0.225884106E+01
     0.225902023E+01
     0.225910962E+01
     0.225937779E+01
     0.225973474E+01
     0.225962327E+01
     0.225973474E+01
     0.225992614E+01
     0.226002161E+01
     0.226030803E+01
     0.226068923E+01
     0.226057019E+01
     0.226068923E+01
     0.226089359E+01
     0.226099552E+01
     0.226130129E+01
     0.226170818E+01
     0.226158112E+01
     0.226170818E+01
     0.226192627E+01
     0.226203503E+01
     0.226236128E+01
     0.226279537E+01
     0.226265983E+01
     0.226279537E+01
     0.226302800E+01
     0.226314398E+01
     0.226349191E+01
     0.226395475E+01
     0.226381024E+01
     0.226395475E+01
     0.226420274E+01
     0.226432635E+01
     0.226469716E+01
     0.226519037E+01
     0.226503639E+01
     0.226519037E+01
     0.226545458E+01
     0.226558623E+01
     0.226598119E+01
     0.226650641E+01
     0.226634245E+01
     0.226650641E+01
     0.226678770E+01
     0.226692783E+01
     0.226734822E+01
     0.226790714E+01
     0.226773267E+01
     0.226790714E+01
     0.226820640E+01
     0.226835545E+01
     0.226880257E+01
     0.226939692E+01
     0.226921141E+01
     0.226939692E+01
     0.226971506E+01
     0.226987346E+01
     0.227034865E+01
     0.227098014E+01
     0.227078306E+01
     0.227098014E+01
     0.227131808E+01
     0.227148627E+01
     0.227199086E+01
     0.227266125E+01
     0.227245205E+01
     0.227266125E+01
     0.227301989E+01
     0.227319833E+01
     0.227373364E+01
     0.227444465E+01
     0.227422280E+01
     0.227444465E+01
     0.227482490E+01
     0.227501402E+01
     0.227558137E+01
     0.227633472E+01
     0.227609968E+01
     0.227633472E+01
     0.227673747E+01
     0.227693769E+01
     0.227753837E+01
     0.227833570E+01
     0.227808697E+01
     0.227833570E+01
     0.227876181E+01
     0.227897356E+01
     0.227960879E+01
     0.228045170E+01
     0.228018879E+01
     0.228045169E+01
     0.228090199E+01
     0.228112565E+01
     0.228179660E+01
     0.228268657E+01
     0.228240902E+01
     0.228268657E+01
     0.228316182E+01
     0.228339774E+01
     0.228410549E+01
     0.228504389E+01
     0.228475129E+01
     0.228504388E+01
     0.228554478E+01
     0.228579329E+01
     0.228653880E+01
     0.228752682E+01
     0.228721880E+01
     0.228752681E+01
     0.228805396E+01
     0.228831532E+01
     0.228909942E+01
     0.229013805E+01
     0.228981431E+01
     0.229013804E+01
     0.229069193E+01
     0.229096636E+01
     0.229178967E+01
     0.229287967E+01
     0.229253999E+01
     0.229287965E+01
     0.229346065E+01
     0.229374830E+01
     0.229461124E+01
     0.229575305E+01
     0.229539731E+01
     0.229575304E+01
     0.229636133E+01
     0.229666225E+01
     0.229756502E+01
     0.229875875E+01
     0.229838692E+01
     0.229875873E+01
     0.229939434E+01
     0.229970849E+01
     0.230065094E+01
     0.230189630E+01
     0.230150850E+01
     0.230189628E+01
     0.230255899E+01
     0.230288622E+01
     0.230386790E+01
     0.230516411E+01
     0.230476060E+01
     0.230516409E+01
     0.230585345E+01
     0.230619347E+01
     0.230721353E+01
     0.230855928E+01
     0.230814048E+01
     0.230855925E+01
     0.230927452E+01
     0.230962690E+01
     0.231068404E+01
     0.231207742E+01
     0.231164396E+01
     0.231207738E+01
     0.231281749E+01
     0.231318163E+01
     0.231427405E+01
     0.231571244E+01
     0.231526516E+01
     0.231571240E+01
     0.231647592E+01
     0.231685103E+01
     0.231797636E+01
     0.231945639E+01
     0.231899637E+01
     0.231945634E+01
     0.232017697E+01
     0.232053098E+01
     0.232159304E+01
     0.232298981E+01
     0.232255567E+01
     0.232298976E+01
     0.232364395E+01
     0.232396553E+01
     0.232493028E+01
     0.232619968E+01
     0.232580506E+01
     0.232357110E+01
     0.232385742E+01
     0.232471638E+01
     0.232584825E+01
     0.232549618E+01
     0.232584823E+01
     0.232641169E+01
     0.232668911E+01
     0.232752138E+01
     0.232861781E+01
     0.232827679E+01
     0.232861778E+01
     0.232921210E+01
     0.232950421E+01
     0.233038052E+01
     0.233153338E+01
     0.233117501E+01
     0.233153335E+01
     0.233217194E+01
     0.233248503E+01
     0.233342432E+01
     0.233465768E+01
     0.233427458E+01
     0.233465763E+01
     0.233532495E+01
     0.233565135E+01
     0.233663057E+01
     0.233791396E+01
     0.233751561E+01
     0.233791390E+01
     0.233859921E+01
     0.233893359E+01
     0.233993674E+01
     0.234124897E+01
     0.234084198E+01
     0.234124890E+01
     0.234194363E+01
     0.234228171E+01
     0.234329599E+01
     0.234462000E+01
     0.234420969E+01
     0.234461990E+01
     0.234531671E+01
     0.234565482E+01
     0.234666917E+01
     0.234799021E+01
     0.234758120E+01
     0.234799010E+01
     0.234868238E+01
     0.234901718E+01
     0.235002160E+01
     0.235132626E+01
     0.235092275E+01
     0.235132613E+01
     0.235200770E+01
     0.235233605E+01
     0.235332113E+01
     0.235459672E+01
     0.235420269E+01
     0.235459656E+01
     0.235526147E+01
     0.235558033E+01
     0.235653690E+01
     0.235777099E+01
     0.235739035E+01
     0.235777080E+01
     0.235837275E+01
     0.235866065E+01
     0.235952435E+01
     0.236063619E+01
     0.236029356E+01
     0.236063600E+01
     0.236116371E+01
     0.236141563E+01
     0.236217137E+01
     0.236314269E+01
     0.236284355E+01
     0.236314251E+01
     0.236358300E+01
     0.236379325E+01
     0.236442400E+01
     0.236523455E+01
     0.236498495E+01
     0.236523441E+01
     0.236565427E+01
     0.236585327E+01
     0.236645027E+01
     0.236721302E+01
     0.236697869E+01
     0.236721286E+01
     0.236763650E+01
     0.236783450E+01
     0.236842850E+01
     0.236917858E+01
     0.236894925E+01
     0.236917834E+01
     0.236958198E+01
     0.236976720E+01
     0.237032284E+01
     0.237101350E+01
     0.237080372E+01
     0.237101316E+01
     0.237137603E+01
     0.237153811E+01
     0.237202431E+01
     0.237261421E+01
     0.237243689E+01
     0.237261376E+01
     0.237291566E+01
     0.237304454E+01
     0.237343109E+01
     0.237388012E+01
     0.237374777E+01
     0.237387954E+01
     0.237410051E+01
     0.237418627E+01
     0.237444342E+01
     0.237471211E+01
     0.237463704E+01
     0.237471140E+01
     0.237483183E+01
     0.237486476E+01
     0.237496334E+01
     0.237501309E+01
     0.237500732E+01
     0.237501221E+01
     0.237501292E+01
     0.237498346E+01
     0.237489478E+01
     0.237468751E+01
     0.237476291E+01
     0.237468645E+01
     0.237454804E+01
     0.237444643E+01
     0.237414124E+01
     0.237363782E+01
     0.237380663E+01
     0.237363654E+01
     0.237333810E+01
     0.237315368E+01
     0.237259995E+01
     0.237175708E+01
     0.237203290E+01
     0.237175556E+01
     0.237129483E+01
     0.237102951E+01
     0.237023298E+01
     0.236906713E+01
     0.236944378E+01
     0.236906554E+01
     0.236845314E+01
     0.236811354E+01
     0.236709413E+01
     0.236563566E+01
     0.236610321E+01
     0.236563411E+01
     0.236487152E+01
     0.236445776E+01
     0.236321584E+01
     0.236146349E+01
     0.236202255E+01
     0.236146193E+01
     0.236054990E+01
     0.236006210E+01
     0.235859802E+01
     0.235655145E+01
     0.235720221E+01
     0.235654988E+01
     0.235548967E+01
     0.235492836E+01
     0.235324371E+01
     0.235090479E+01
     0.235164670E+01
     0.235090321E+01
     0.234969719E+01
     0.234906356E+01
     0.234716192E+01
     0.234453540E+01
     0.234536697E+01
     0.234453381E+01
     0.234318576E+01
     0.234248174E+01
     0.234036894E+01
     0.233746274E+01
     0.233838149E+01
     0.233746115E+01
     0.233597632E+01
     0.233520463E+01
     0.233288879E+01
     0.232971396E+01
     0.233071641E+01
     0.232971239E+01
     0.232809458E+01
     0.232725710E+01
     0.232474389E+01
     0.232130798E+01
     0.232239176E+01
     0.232130643E+01
     0.231956215E+01
     0.231866222E+01
     0.231596163E+01
     0.231227820E+01
     0.231343906E+01
     0.231227668E+01
     0.231041403E+01
     0.230945579E+01
     0.230658028E+01
     0.230266618E+01
     0.230389882E+01
     0.230266470E+01
     0.230069269E+01
     0.229968071E+01
     0.229664403E+01
     0.229251783E+01
     0.229381642E+01
     0.229251640E+01
     0.229044469E+01
     0.228938389E+01
     0.228620075E+01
     0.228188231E+01
     0.228324062E+01
     0.228188093E+01
     0.227971967E+01
     0.227861518E+01
     0.227530098E+01
     0.227081099E+01
     0.227222254E+01
     0.227080969E+01
     0.226856931E+01
     0.226742638E+01
     0.226399694E+01
     0.225935661E+01
     0.226081474E+01
     0.225935537E+01
     0.225704648E+01
     0.225587046E+01
     0.225234177E+01
     0.224757257E+01
     0.224907057E+01
     0.224757140E+01
     0.224520470E+01
     0.224400096E+01
     0.224038914E+01
     0.223551263E+01
     0.223704375E+01
     0.223551154E+01
     0.223309782E+01
     0.223187177E+01
     0.222819308E+01
     0.222323097E+01
     0.222478842E+01
     0.222322996E+01
     0.222078021E+01
     0.221953735E+01
     0.221580830E+01
     0.221078265E+01
     0.221235953E+01
     0.221078172E+01
     0.220830730E+01
     0.220705333E+01
     0.220329099E+01
     0.219822462E+01
     0.219981379E+01
     0.219822377E+01
     0.219573676E+01
     0.219447774E+01
     0.219070028E+01
     0.218561744E+01
     0.218721132E+01
     0.218561666E+01
     0.218313044E+01
     0.218187305E+01
     0.217810057E+01
     0.217302808E+01
     0.217461828E+01
     0.217302738E+01
     0.217055745E+01
     0.216930949E+01
     0.216556534E+01
     0.216053442E+01
     0.216211118E+01
     0.216053380E+01
     0.215809941E+01
     0.215687054E+01
     0.215318369E+01
     0.214823312E+01
     0.214978431E+01
     0.214823258E+01
     0.214585963E+01
     0.214466287E+01
     0.214107240E+01
     0.213625445E+01
     0.213776371E+01
     0.213625400E+01
     0.213398156E+01
     0.213283657E+01
     0.212940146E+01
     0.212479517E+01
     0.212623775E+01
     0.212479480E+01
     0.212269369E+01
     0.212163614E+01
     0.211846340E+01
     0.211421220E+01
     0.211554319E+01
     0.211421193E+01
     0.211215146E+01
     0.211111493E+01
     0.210800525E+01
     0.210384021E+01
     0.210514403E+01
     0.210383997E+01
     0.210149406E+01
     0.210031347E+01
     0.209677158E+01
     0.209202645E+01
     0.209351199E+01
     0.209202612E+01
     0.208942419E+01
     0.208811453E+01
     0.208418545E+01
     0.207892115E+01
     0.208056926E+01
     0.207892073E+01
     0.207606709E+01
     0.207463072E+01
     0.207032147E+01
     0.206454805E+01
     0.206635551E+01
     0.206454755E+01
     0.206142891E+01
     0.205985930E+01
     0.205515040E+01
     0.204884241E+01
     0.205081709E+01
     0.204884180E+01
     0.204542300E+01
     0.204370268E+01
     0.203854168E+01
     0.203162971E+01
     0.203379323E+01
     0.203162898E+01
     0.202783494E+01
     0.202592638E+01
     0.202020077E+01
     0.201253527E+01
     0.201493429E+01
     0.201253438E+01
     0.200818303E+01
     0.200599497E+01
     0.199943106E+01
     0.199064753E+01
     0.199339584E+01
     0.199064634E+01
     0.198627583E+01
     0.198408128E+01
     0.197749809E+01
     0.196869863E+01
     0.197145072E+01
     0.196869758E+01
     0.196465180E+01
     0.196262375E+01
     0.195654011E+01
     0.194841823E+01
     0.195095726E+01
     0.194841750E+01
     0.194460994E+01
     0.194270399E+01
     0.193698669E+01
     0.192936174E+01
     0.193174450E+01
     0.192936121E+01
     0.192573891E+01
     0.192392797E+01
     0.191849570E+01
     0.191125763E+01
     0.191351869E+01
     0.191125723E+01
     0.190778129E+01
     0.190604554E+01
     0.190083886E+01
     0.189390746E+01
     0.189607199E+01
     0.189390715E+01
     0.189055542E+01
     0.188888356E+01
     0.188386859E+01
     0.187719811E+01
     0.187928047E+01
     0.187719787E+01
     0.187395635E+01
     0.187234125E+01
     0.186749657E+01
     0.186105803E+01
     0.186306732E+01
     0.186105785E+01
     0.185791554E+01
     0.185635161E+01
     0.185166041E+01
     0.184543118E+01
     0.184737450E+01
     0.184543103E+01
     0.184237850E+01
     0.184086095E+01
     0.183630891E+01
     0.183026976E+01
     0.183215314E+01
     0.183026965E+01
     0.182729795E+01
     0.182582231E+01
     0.182139601E+01
     0.181552901E+01
     0.181735804E+01
     0.181552892E+01
     0.181262857E+01
     0.181119013E+01
     0.180687543E+01
     0.180116188E+01
     0.180294239E+01
     0.180116181E+01
     0.179832126E+01
     0.179691434E+01
     0.179269422E+01
     0.178711182E+01
     0.178885073E+01
     0.178711175E+01
     0.178431461E+01
     0.178293125E+01
     0.177878183E+01
     0.177329947E+01
     0.177500641E+01
     0.177329941E+01
     0.177051796E+01
     0.176914481E+01
     0.176502599E+01
     0.175959182E+01
     0.176128279E+01
     0.175959176E+01
     0.175676674E+01
     0.175537533E+01
     0.175120181E+01
     0.174570595E+01
     0.174741480E+01
     0.174570589E+01
     0.174285192E+01
     0.174145006E+01
     0.173724527E+01
     0.173172052E+01
     0.173343681E+01
     0.173172044E+01
     0.172906625E+01
     0.172776461E+01
     0.172386033E+01
     0.171873674E+01
     0.172032764E+01
     0.171873666E+01
     0.171641718E+01
     0.171528006E+01
     0.171186913E+01
     0.170739363E+01
     0.170878323E+01
     0.171685192E+01
     0.171592447E+01
     0.171314236E+01
     0.170948039E+01
     0.171061886E+01
     0.170948035E+01
     0.170760813E+01
     0.170668851E+01
     0.170392987E+01
     0.170030407E+01
     0.170143064E+01
     0.170786972E+01
     0.170707660E+01
     0.170469738E+01
     0.170156374E+01
     0.170253822E+01
     0.170156371E+01
     0.169998702E+01
     0.169921159E+01
     0.169688546E+01
     0.169382482E+01
     0.169477621E+01
     0.170020830E+01
     0.169954013E+01
     0.169753573E+01
     0.169489333E+01
     0.169571536E+01
     0.169489331E+01
     0.169356459E+01
     0.169291025E+01
     0.169094730E+01
     0.168836163E+01
     0.168916575E+01
     0.169380928E+01
     0.169327393E+01
     0.169166793E+01
     0.168954755E+01
     0.169020758E+01
     0.168954754E+01
     0.168846929E+01
     0.168793726E+01
     0.168634123E+01
     0.168423549E+01
     0.168489078E+01
     0.168423547E+01
     0.168312959E+01
     0.168258470E+01
     0.168095009E+01
     0.167879592E+01
     0.167946598E+01
     0.167879590E+01
     0.167765774E+01
     0.167709792E+01
     0.167541849E+01
     0.167320831E+01
     0.167389541E+01
     0.167320828E+01
     0.167206752E+01
     0.167150729E+01
     0.166982663E+01
     0.166761759E+01
     0.166830399E+01
     0.166761755E+01
     0.166649279E+01
     0.166594124E+01
     0.166428659E+01
     0.166211430E+01
     0.166278896E+01
     0.166211426E+01
     0.166101767E+01
     0.166048070E+01
     0.165886982E+01
     0.165675746E+01
     0.165741320E+01
     0.165675741E+01
     0.165569731E+01
     0.165517898E+01
     0.165362398E+01
     0.165158728E+01
     0.165221924E+01
     0.165158723E+01
     0.165056952E+01
     0.165007267E+01
     0.164858207E+01
     0.164663207E+01
     0.164723683E+01
     0.164663202E+01
     0.164566096E+01
     0.164518762E+01
     0.164376756E+01
     0.164191212E+01
     0.164248727E+01
     0.164191207E+01
     0.164099080E+01
     0.164054246E+01
     0.163919737E+01
     0.163744218E+01
     0.163798597E+01
     0.163744212E+01
     0.163657296E+01
     0.163615069E+01
     0.163488382E+01
     0.163323296E+01
     0.163374414E+01
     0.163323289E+01
     0.163241755E+01
     0.163202215E+01
     0.163083584E+01
     0.162929218E+01
     0.162976989E+01
     0.162929211E+01
     0.162853185E+01
     0.162816385E+01
     0.162705976E+01
     0.162562529E+01
     0.162606894E+01
     0.162562523E+01
     0.162491510E+01
     0.162457216E+01
     0.162354323E+01
     0.162220891E+01
     0.162262127E+01
     0.162220884E+01
     0.162155011E+01
     0.162123280E+01
     0.162028073E+01
     0.161904859E+01
     0.161942905E+01
     0.161904852E+01
     0.161844230E+01
     0.161815108E+01
     0.161727730E+01
     0.161614900E+01
     0.161649708E+01
     0.161614893E+01
     0.161559609E+01
     0.161533131E+01
     0.161453683E+01
     0.161351348E+01
     0.161382886E+01
     0.161351341E+01
     0.161301462E+01
     0.161277651E+01
     0.161206204E+01
     0.161114426E+01
     0.161142679E+01
     0.161114419E+01
     0.161070005E+01
     0.161048879E+01
     0.160985485E+01
     0.160904291E+01
     0.160929256E+01
     0.160904284E+01
     0.160865406E+01
     0.160846981E+01
     0.160791693E+01
     0.160721099E+01
     0.160742776E+01
     0.160721093E+01
     0.160687876E+01
     0.160672189E+01
     0.160625115E+01
     0.160565187E+01
     0.160583567E+01
     0.160565181E+01
     0.160537960E+01
     0.160525131E+01
     0.160486636E+01
     0.160437718E+01
     0.160452709E+01
     0.160437714E+01
     0.160413506E+01
     0.160402193E+01
     0.160368243E+01
     0.160325407E+01
     0.160338495E+01
     0.160325402E+01
     0.160301493E+01
     0.160290561E+01
     0.160257747E+01
     0.160217133E+01
     0.160229441E+01
     0.160217126E+01
     0.160195213E+01
     0.160185515E+01
     0.160156393E+01
     0.160121414E+01
     0.160131874E+01
     0.160121404E+01
     0.160102934E+01
     0.160095230E+01
     0.160072079E+01
     0.160045874E+01
     0.160053493E+01
     0.160045862E+01
     0.160032422E+01
     0.160027594E+01
     0.160013053E+01
     0.159999402E+01
     0.160002968E+01
     0.159999384E+01
     0.159993183E+01
     0.159992587E+01
     0.159990710E+01
     0.159995752E+01
     0.159993258E+01
     0.159995725E+01
     0.160001867E+01
     0.160009069E+01
     0.160030461E+01
     0.160071232E+01
     0.160057007E+01
     0.160001238E+01
     0.160007326E+01
     0.160025434E+01
     0.160059506E+01
     0.160047654E+01
     0.160059463E+01
     0.160079319E+01
     0.160092303E+01
     0.160131105E+01
     0.160191908E+01
     0.160171809E+01
     0.160077171E+01
     0.160088458E+01
     0.160122212E+01
     0.160174473E+01
     0.160157261E+01
     0.160174446E+01
     0.160202632E+01
     0.160218953E+01
     0.160267810E+01
     0.160339570E+01
     0.160316344E+01
     0.160339547E+01
     0.160375692E+01
     0.160395618E+01
     0.160455311E+01
     0.160540402E+01
     0.160513146E+01
     0.160540383E+01
     0.160583658E+01
     0.160606911E+01
     0.160676591E+01
     0.160774278E+01
     0.160743174E+01
     0.160774263E+01
     0.160822616E+01
     0.160848143E+01
     0.160924656E+01
     0.161030659E+01
     0.160997052E+01
     0.161030647E+01
     0.161082591E+01
     0.161109678E+01
     0.161190883E+01
     0.161302445E+01
     0.161267186E+01
     0.161302436E+01
     0.161356767E+01
     0.161384849E+01
     0.161469048E+01
     0.161584009E+01
     0.161547759E+01
     0.161584002E+01
     0.161639657E+01
     0.161668231E+01
     0.161753915E+01
     0.161870353E+01
     0.161833702E+01
     0.161870348E+01
     0.161926396E+01
     0.161955023E+01
     0.162040873E+01
     0.162157109E+01
     0.162120573E+01
     0.162157105E+01
     0.162212749E+01
     0.162241054E+01
     0.162325943E+01
     0.162440541E+01
     0.162404559E+01
     0.162440538E+01
     0.162495108E+01
     0.162522775E+01
     0.162605756E+01
     0.162717517E+01
     0.162682457E+01
     0.162717515E+01
     0.162770450E+01
     0.162797218E+01
     0.162877506E+01
     0.162985434E+01
     0.162951601E+01
     0.162985433E+01
     0.163036267E+01
     0.163061917E+01
     0.163138855E+01
     0.163242118E+01
     0.163209767E+01
     0.163242117E+01
     0.163290443E+01
     0.163314785E+01
     0.163387800E+01
     0.163485674E+01
     0.163455026E+01
     0.163485673E+01
     0.163531105E+01
     0.163553955E+01
     0.163622499E+01
     0.163714284E+01
     0.163685554E+01
     0.163714284E+01
     0.163756391E+01
     0.163777543E+01
     0.163840996E+01
     0.163925889E+01
     0.163899325E+01
     0.163752054E+01
     0.163771020E+01
     0.163827912E+01
     0.163904002E+01
     0.163880196E+01
     0.163904002E+01
     0.163942266E+01
     0.163961469E+01
     0.164019076E+01
     0.164096095E+01
     0.164072001E+01
     0.163937121E+01
     0.163953734E+01
     0.164003571E+01
     0.164070179E+01
     0.164049345E+01
     0.164070179E+01
     0.164103926E+01
     0.164120849E+01
     0.164171616E+01
     0.164239451E+01
     0.164218235E+01
     0.164239451E+01
     0.164272045E+01
     0.164288383E+01
     0.164337395E+01
     0.164402862E+01
     0.164382389E+01
     0.164402861E+01
     0.164438335E+01
     0.164456114E+01
     0.164509448E+01
     0.164580680E+01
     0.164558405E+01
     0.164580680E+01
     0.164618028E+01
     0.164636742E+01
     0.164692881E+01
     0.164767846E+01
     0.164744406E+01
     0.164767846E+01
     0.164806418E+01
     0.164825739E+01
     0.164883699E+01
     0.164961077E+01
     0.164936885E+01
     0.164961077E+01
     0.165000392E+01
     0.165020079E+01
     0.165079135E+01
     0.165157957E+01
     0.165133316E+01
     0.165157957E+01
     0.165197640E+01
     0.165217504E+01
     0.165277093E+01
     0.165356604E+01
     0.165331750E+01
     0.165356604E+01
     0.165396353E+01
     0.165416244E+01
     0.165475912E+01
     0.165555510E+01
     0.165530631E+01
     0.165555510E+01
     0.165595078E+01
     0.165614871E+01
     0.165674250E+01
     0.165753441E+01
     0.165728692E+01
     0.165753441E+01
     0.165792625E+01
     0.165812220E+01
     0.165871004E+01
     0.165949384E+01
     0.165924890E+01
     0.165949384E+01
     0.165988015E+01
     0.166007328E+01
     0.166065266E+01
     0.166142503E+01
     0.166118368E+01
     0.166142503E+01
     0.166180442E+01
     0.166199405E+01
     0.166256291E+01
     0.166332111E+01
     0.166308421E+01
     0.166332111E+01
     0.166369245E+01
     0.166387802E+01
     0.166443468E+01
     0.166517650E+01
     0.166494474E+01
     0.166517650E+01
     0.166553888E+01
     0.166571992E+01
     0.166626304E+01
     0.166698670E+01
     0.166676062E+01
     0.166698670E+01
     0.166733939E+01
     0.166751556E+01
     0.166804407E+01
     0.166874815E+01
     0.166852820E+01
     0.166874815E+01
     0.166909060E+01
     0.166926163E+01
     0.166977470E+01
     0.167045814E+01
     0.167024465E+01
     0.167045814E+01
     0.167078992E+01
     0.167095560E+01
     0.167145263E+01
     0.167211464E+01
     0.167190785E+01
     0.167211464E+01
     0.167243547E+01
     0.167259566E+01
     0.167307623E+01
     0.167371625E+01
     0.167351633E+01
     0.167371625E+01
     0.167402594E+01
     0.167418056E+01
     0.167464440E+01
     0.167526211E+01
     0.167506917E+01
     0.167526211E+01
     0.167556057E+01
     0.167570957E+01
     0.167615656E+01
     0.167675179E+01
     0.167656588E+01
     0.167675179E+01
     0.167703902E+01
     0.167718240E+01
     0.167761253E+01
     0.167818529E+01
     0.167800639E+01
     0.167818529E+01
     0.167846133E+01
     0.167859912E+01
     0.167901249E+01
     0.167956290E+01
     0.167939099E+01
     0.167956290E+01
     0.167982788E+01
     0.167996014E+01
     0.168035692E+01
     0.168088523E+01
     0.168072022E+01
     0.168088523E+01
     0.168113930E+01
     0.168126611E+01
     0.168164655E+01
     0.168215309E+01
     0.168199489E+01
     0.168215309E+01
     0.168239646E+01
     0.168251793E+01
     0.168288233E+01
     0.168336752E+01
     0.168321598E+01
     0.168336752E+01
     0.168360040E+01
     0.168371664E+01
     0.168406536E+01
     0.168452967E+01
     0.168438465E+01
     0.168452967E+01
     0.168475234E+01
     0.168486349E+01
     0.168519691E+01
     0.168564086E+01
     0.168550220E+01
     0.168564086E+01
     0.168585360E+01
     0.168595978E+01
     0.168627833E+01
     0.168670248E+01
     0.168657001E+01
     0.168670248E+01
     0.168690558E+01
     0.168700696E+01
     0.168731108E+01
     0.168771602E+01
     0.168758955E+01
     0.168771602E+01
     0.168790979E+01
     0.168800651E+01
     0.168829666E+01
     0.168868301E+01
     0.168856234E+01
     0.168868301E+01
     0.168886775E+01
     0.168895997E+01
     0.168923662E+01
     0.168960500E+01
     0.168948994E+01
     0.168960500E+01
     0.168978105E+01
     0.168986893E+01
     0.169013255E+01
     0.169048360E+01
     0.169037396E+01
     0.169048360E+01
     0.169065127E+01
     0.169073496E+01
     0.169098605E+01
     0.169132040E+01
     0.169121597E+01
     0.169132040E+01
     0.169148001E+01
     0.169155968E+01
     0.169179870E+01
     0.169211700E+01
     0.169201758E+01
     0.169211700E+01
     0.169226886E+01
     0.169234467E+01
     0.169257210E+01
     0.169287497E+01
     0.169278037E+01
     0.169287497E+01
     0.169301940E+01
     0.169309150E+01
     0.169330782E+01
     0.169359589E+01
     0.169350591E+01
     0.169359589E+01
     0.169373319E+01
     0.169380174E+01
     0.169400740E+01
     0.169428128E+01
     0.169419573E+01
     0.169428128E+01
     0.169441177E+01
     0.169447692E+01
     0.169467236E+01
     0.169493266E+01
     0.169485136E+01
     0.169493266E+01
     0.169505662E+01
     0.169511852E+01
     0.169530420E+01
     0.169555150E+01
     0.169547425E+01
     0.169555150E+01
     0.169566922E+01
     0.169572800E+01
     0.169590435E+01
     0.169613923E+01
     0.169606586E+01
     0.169613922E+01
     0.169625099E+01
     0.169630680E+01
     0.169647422E+01
     0.169669723E+01
     0.169662757E+01
     0.169669723E+01
     0.169680330E+01
     0.169685628E+01
     0.169701519E+01
     0.169722686E+01
     0.169716074E+01
     0.169722686E+01
     0.169732751E+01
     0.169737777E+01
     0.169752856E+01
     0.169772942E+01
     0.169766668E+01
     0.169772942E+01
     0.169782490E+01
     0.169787258E+01
     0.169801563E+01
     0.169820618E+01
     0.169814665E+01
     0.169820617E+01
     0.169829672E+01
     0.169834194E+01
     0.169847761E+01
     0.169865833E+01
     0.169860187E+01
     0.169865833E+01
     0.169874418E+01
     0.169878706E+01
     0.169891569E+01
     0.169908706E+01
     0.169903353E+01
     0.169908706E+01
     0.169916844E+01
     0.169920909E+01
     0.169933103E+01
     0.169949348E+01
     0.169944273E+01
     0.169949348E+01
     0.169957061E+01
     0.169960913E+01
     0.169972470E+01
     0.169987867E+01
     0.169983057E+01
     0.169987867E+01
     0.169995176E+01
     0.169998826E+01
     0.170009777E+01
     0.170024367E+01
     0.170019809E+01
     0.170024367E+01
     0.170031291E+01
     0.170034749E+01
     0.170045124E+01
     0.170058947E+01
     0.170054629E+01
     0.170058947E+01
     0.170065505E+01
     0.170068781E+01
     0.170078608E+01
     0.170091702E+01
     0.170087611E+01
     0.170091702E+01
     0.170097912E+01
     0.170101014E+01
     0.170110321E+01
     0.170122721E+01
     0.170118847E+01
     0.170122721E+01
     0.170128601E+01
     0.170131539E+01
     0.170140351E+01
     0.170152093E+01
     0.170148425E+01
     0.170152093E+01
     0.170157659E+01
     0.170160440E+01
     0.170168783E+01
     0.170179900E+01
     0.170176427E+01
     0.170179900E+01
     0.170185168E+01
     0.170187801E+01
     0.170195698E+01
     0.170206220E+01
     0.170202933E+01
     0.170206220E+01
     0.170211207E+01
     0.170213698E+01
     0.170221172E+01
     0.170231131E+01
     0.170228019E+01
     0.170231131E+01
     0.170235843E+01
     0.170238198E+01
     0.170245261E+01
     0.170254673E+01
     0.170251733E+01
     0.170254673E+01
     0.170259121E+01
     0.170261343E+01
     0.170268010E+01
     0.170276894E+01
     0.170274118E+01
     0.170276894E+01
     0.170281092E+01
     0.170283190E+01
     0.170289483E+01
     0.170297869E+01
     0.170295249E+01
     0.170297869E+01
     0.170301832E+01
     0.170303812E+01
     0.170309753E+01
     0.170317670E+01
     0.170315196E+01
     0.170317670E+01
     0.170321411E+01
     0.170323281E+01
     0.170328890E+01
     0.170336364E+01
     0.170334029E+01
     0.170336364E+01
     0.170339897E+01
     0.170341663E+01
     0.170346958E+01
     0.170354016E+01
     0.170351811E+01
     0.170354016E+01
     0.170357352E+01
     0.170359019E+01
     0.170364020E+01
     0.170370685E+01
     0.170368602E+01
     0.170370685E+01
     0.170373835E+01
     0.170375409E+01
     0.170380131E+01
     0.170386425E+01
     0.170384459E+01
     0.170386425E+01
     0.170389400E+01
     0.170390887E+01
     0.170395347E+01
     0.170401291E+01
     0.170399434E+01
     0.170401291E+01
     0.170404101E+01
     0.170405505E+01
     0.170409718E+01
     0.170415332E+01
     0.170413578E+01
     0.170415332E+01
     0.170417986E+01
     0.170419312E+01
     0.170423291E+01
     0.170428594E+01
     0.170426937E+01
     0.170428594E+01
     0.170431100E+01
     0.170432353E+01
     0.170436111E+01
     0.170441120E+01
     0.170439555E+01
     0.170441120E+01
     0.170443488E+01
     0.170444672E+01
     0.170448222E+01
     0.170452954E+01
     0.170451475E+01
     0.170452954E+01
     0.170455190E+01
     0.170456308E+01
     0.170459662E+01
     0.170464132E+01
     0.170462735E+01
     0.170464132E+01
     0.170466245E+01
     0.170467301E+01
     0.170470470E+01
     0.170474692E+01
     0.170473373E+01
     0.170474692E+01
     0.170476689E+01
     0.170477686E+01
     0.170480680E+01
     0.170484669E+01
     0.170483423E+01
     0.170484669E+01
     0.170486555E+01
     0.170487498E+01
     0.170490326E+01
     0.170494095E+01
     0.170492917E+01
     0.170494095E+01
     0.170495877E+01
     0.170496767E+01
     0.170499439E+01
     0.170503000E+01
     0.170501888E+01
     0.170503000E+01
     0.170504684E+01
     0.170505525E+01
     0.170508050E+01
     0.170511414E+01
     0.170510363E+01
     0.170511414E+01
     0.170513005E+01
     0.170513800E+01
     0.170516185E+01
     0.170519364E+01
     0.170518371E+01
     0.170519364E+01
     0.170520867E+01
     0.170521619E+01
     0.170523872E+01
     0.170526876E+01
     0.170525938E+01
     0.170526876E+01
     0.170528296E+01
     0.170529006E+01
     0.170531135E+01
     0.170533974E+01
     0.170533087E+01
     0.170533974E+01
     0.170535316E+01
     0.170535986E+01
     0.170537998E+01
     0.170540680E+01
     0.170539842E+01
     0.170540680E+01
     0.170541948E+01
     0.170542582E+01
     0.170544483E+01
     0.170547017E+01
     0.170546225E+01
     0.170547017E+01
     0.170548215E+01
     0.170548814E+01
     0.170550611E+01
     0.170553005E+01
     0.170552257E+01
     0.170553005E+01
     0.170554137E+01
     0.170554703E+01
     0.170556401E+01
     0.170558663E+01
     0.170557956E+01
     0.170558663E+01
     0.170559733E+01
     0.170560268E+01
     0.170561872E+01
     0.170564010E+01
     0.170563342E+01
     0.170564010E+01
     0.170565021E+01
     0.170565526E+01
     0.170567042E+01
     0.170569062E+01
     0.170568431E+01
     0.170569062E+01
     0.170570017E+01
     0.170570495E+01
     0.170571927E+01
     0.170573836E+01
     0.170573240E+01
     0.170573836E+01
     0.170574739E+01
     0.170575190E+01
     0.170576543E+01
     0.170578347E+01
     0.170577784E+01
     0.170578347E+01
     0.170579200E+01
     0.170579627E+01
     0.170580906E+01
     0.170582610E+01
     0.170582078E+01
     0.170582610E+01
     0.170583416E+01
     0.170583819E+01
     0.170585027E+01
     0.170586638E+01
     0.170586135E+01
     0.170586638E+01
     0.170587400E+01
     0.170587781E+01
     0.170588923E+01
     0.170590445E+01
     0.170589969E+01
     0.170590445E+01
     0.170591164E+01
     0.170591524E+01
     0.170592603E+01
     0.170594042E+01
     0.170593592E+01
     0.170594042E+01
     0.170594721E+01
     0.170595061E+01
     0.170596081E+01
     0.170597440E+01
     0.170597015E+01
     0.170597440E+01
     0.170598083E+01
     0.170598404E+01
     0.170599367E+01
     0.170600652E+01
     0.170600250E+01
     0.170600652E+01
     0.170601259E+01
     0.170601562E+01
     0.170602473E+01
     0.170603686E+01
     0.170603307E+01
     0.170603686E+01
     0.170604260E+01
     0.170604547E+01
     0.170605407E+01
     0.170606554E+01
     0.170606195E+01
     0.170606554E+01
     0.170607096E+01
     0.170607367E+01
     0.170608180E+01
     0.170609263E+01
     0.170608925E+01
     0.170609263E+01
     0.170609776E+01
     0.170610032E+01
     0.170610800E+01
     0.170611824E+01
     0.170611504E+01
     0.170611824E+01
     0.170612307E+01
     0.170612549E+01
     0.170613275E+01
     0.170614243E+01
     0.170613940E+01
     0.170614243E+01
     0.170614700E+01
     0.170614928E+01
     0.170615614E+01
     0.170616528E+01
     0.170616243E+01
     0.170616528E+01
     0.170616960E+01
     0.170617176E+01
     0.170617824E+01
     0.170618688E+01
     0.170618418E+01
     0.170618688E+01
     0.170619096E+01
     0.170619300E+01
     0.170619913E+01
     0.170620729E+01
     0.170620474E+01
     0.170620729E+01
     0.170621115E+01
     0.170621307E+01
     0.170621886E+01
     0.170622657E+01
     0.170622416E+01
     0.170622657E+01
     0.170623021E+01
     0.170623204E+01
     0.170623750E+01
     0.170624479E+01
     0.170624251E+01
     0.170624479E+01
     0.170624823E+01
     0.170624995E+01
     0.170625511E+01
     0.170626200E+01
     0.170625985E+01
     0.170626200E+01
     0.170626525E+01
     0.170626688E+01
     0.170627176E+01
     0.170627826E+01
     0.170627623E+01
     0.170627826E+01
     0.170628133E+01
     0.170628287E+01
     0.170628748E+01
     0.170629363E+01
     0.170629171E+01
     0.170629363E+01
     0.170629653E+01
     0.170629798E+01
     0.170630234E+01
     0.170630814E+01
     0.170630633E+01
     0.170630814E+01
     0.170631088E+01
     0.170631226E+01
     0.170631637E+01
     0.170632186E+01
     0.170632014E+01
     0.170632186E+01
     0.170632445E+01
     0.170632574E+01
     0.170632963E+01
     0.170633481E+01
     0.170633319E+01
     0.170633481E+01
     0.170633726E+01
     0.170633849E+01
     0.170634216E+01
     0.170634705E+01
     0.170634552E+01
     0.170634705E+01
     0.170634937E+01
     0.170635052E+01
     0.170635399E+01
     0.170635862E+01
     0.170635717E+01
     0.170635862E+01
     0.170636080E+01
     0.170636189E+01
     0.170636517E+01
     0.170636954E+01
     0.170636818E+01
     0.170636954E+01
     0.170637161E+01
     0.170637264E+01
     0.170637573E+01
     0.170637986E+01
     0.170637857E+01
     0.170637986E+01
     0.170638181E+01
     0.170638279E+01
     0.170638571E+01
     0.170638961E+01
     0.170638839E+01
     0.170638961E+01
     0.170639145E+01
     0.170639237E+01
     0.170639514E+01
     0.170639882E+01
     0.170639767E+01
     0.170639882E+01
     0.170640056E+01
     0.170640143E+01
     0.170640404E+01
     0.170640752E+01
     0.170640643E+01
     0.170640752E+01
     0.170640917E+01
     0.170640999E+01
     0.170641245E+01
     0.170641574E+01
     0.170641471E+01
     0.170641574E+01
     0.170641729E+01
     0.170641807E+01
     0.170642040E+01
     0.170642350E+01
     0.170642253E+01
     0.170642350E+01
     0.170642497E+01
     0.170642570E+01
     0.170642790E+01
     0.170643084E+01
     0.170642992E+01
     0.170643084E+01
     0.170643222E+01
     0.170643291E+01
     0.170643499E+01
     0.170643776E+01
     0.170643690E+01
     0.170643776E+01
     0.170643907E+01
     0.170643973E+01
     0.170644169E+01
     0.170644431E+01
     0.170644349E+01
     0.170644431E+01
     0.170644554E+01
     0.170644616E+01
     0.170644801E+01
     0.170645049E+01
     0.170644971E+01
     0.170645049E+01
     0.170645165E+01
     0.170645224E+01
     0.170645399E+01
     0.170645632E+01
     0.170645559E+01
     0.170645632E+01
     0.170645743E+01
     0.170645798E+01
     0.170645963E+01
     0.170646184E+01
     0.170646115E+01
     0.170646184E+01
     0.170646288E+01
     0.170646340E+01
     0.170646496E+01
     0.170646704E+01
     0.170646639E+01
     0.170646704E+01
     0.170646803E+01
     0.170646852E+01
     0.170646999E+01
     0.170647196E+01
     0.170647135E+01
     0.170647196E+01
     0.170647289E+01
     0.170647335E+01
     0.170647475E+01
     0.170647661E+01
     0.170647602E+01
     0.170647661E+01
     0.170647748E+01
     0.170647792E+01
     0.170647924E+01
     0.170648099E+01
     0.170648044E+01
     0.170648099E+01
     0.170648182E+01
     0.170648223E+01
     0.170648348E+01
     0.170648513E+01
     0.170648462E+01
     0.170648513E+01
     0.170648592E+01
     0.170648631E+01
     0.170648748E+01
     0.170648905E+01
     0.170648856E+01
     0.170648905E+01
     0.170648979E+01
     0.170649016E+01
     0.170649126E+01
     0.170649274E+01
     0.170649228E+01
     0.170649274E+01
     0.170649344E+01
     0.170649379E+01
     0.170649484E+01
     0.170649623E+01
     0.170649580E+01
     0.170649623E+01
     0.170649689E+01
     0.170649722E+01
     0.170649821E+01
     0.170649953E+01
     0.170649912E+01
     0.170649953E+01
     0.170650015E+01
     0.170650046E+01
     0.170650139E+01
     0.170650264E+01
     0.170650225E+01
     0.170650264E+01
     0.170650323E+01
     0.170650352E+01
     0.170650440E+01
     0.170650558E+01
     0.170650521E+01
     0.170650558E+01
     0.170650613E+01
     0.170650641E+01
     0.170650724E+01
     0.170650835E+01
     0.170650801E+01
     0.170650835E+01
     0.170650888E+01
     0.170650914E+01
     0.170650992E+01
     0.170651097E+01
     0.170651065E+01
     0.170651097E+01
     0.170651147E+01
     0.170651172E+01
     0.170651246E+01
     0.170651345E+01
     0.170651314E+01
     0.170651345E+01
     0.170651391E+01
     0.170651415E+01
     0.170651485E+01
     0.170651578E+01
     0.170651549E+01
     0.170651578E+01
     0.170651622E+01
     0.170651645E+01
     0.170651711E+01
     0.170651799E+01
     0.170651771E+01
     0.170651799E+01
     0.170651841E+01
     0.170651861E+01
     0.170651924E+01
     0.170652007E+01
     0.170651981E+01
     0.170652007E+01
     0.170652047E+01
     0.170652066E+01
     0.170652125E+01
     0.170652204E+01
     0.170652179E+01
     0.170652204E+01
     0.170652241E+01
     0.170652260E+01
     0.170652315E+01
     0.170652390E+01
     0.170652366E+01
     0.170652390E+01
     0.170652425E+01
     0.170652442E+01
     0.170652495E+01
     0.170652565E+01
     0.170652543E+01
     0.170652565E+01
     0.170652598E+01
     0.170652615E+01
     0.170652664E+01
     0.170652730E+01
     0.170652710E+01
     0.170652730E+01
     0.170652762E+01
     0.170652777E+01
     0.170652824E+01
     0.170652887E+01
     0.170652867E+01
     0.170652887E+01
     0.170652916E+01
     0.170652931E+01
     0.170652975E+01
     0.170653034E+01
     0.170653016E+01
     0.170653034E+01
     0.170653062E+01
     0.170653076E+01
     0.170653118E+01
     0.170653173E+01
     0.170653156E+01
     0.170653173E+01
     0.170653200E+01
     0.170653213E+01
     0.170653252E+01
     0.170653305E+01
     0.170653289E+01
     0.170653305E+01
     0.170653330E+01
     0.170653342E+01
     0.170653379E+01
     0.170653429E+01
     0.170653414E+01
     0.170653429E+01
     0.170653453E+01
     0.170653464E+01
     0.170653499E+01
     0.170653546E+01
     0.170653532E+01
     0.170653546E+01
     0.170653568E+01
     0.170653579E+01
     0.170653613E+01
     0.170653657E+01
     0.170653643E+01
     0.170653657E+01
     0.170653678E+01
     0.170653688E+01
     0.170653720E+01
     0.170653761E+01
     0.170653748E+01
     0.170653761E+01
     0.170653781E+01
     0.170653791E+01
     0.170653820E+01
     0.170653860E+01
     0.170653848E+01
     0.170653860E+01
     0.170653878E+01
     0.170653888E+01
     0.170653916E+01
     0.170653953E+01
     0.170653941E+01
     0.170653953E+01
     0.170653970E+01
     0.170653979E+01
     0.170654006E+01
     0.170654041E+01
     0.170654030E+01
     0.170654041E+01
     0.170654057E+01
     0.170654066E+01
     0.170654090E+01
     0.170654124E+01
     0.170654113E+01
     0.170654124E+01
     0.170654139E+01
     0.170654147E+01
     0.170654171E+01
     0.170654202E+01
     0.170654192E+01
     0.170654202E+01
     0.170654217E+01
     0.170654224E+01
     0.170654246E+01
     0.170654276E+01
     0.170654266E+01
     0.170654276E+01
     0.170654290E+01
     0.170654297E+01
     0.170654318E+01
     0.170654345E+01
     0.170654337E+01
     0.170654345E+01
     0.170654359E+01
     0.170654365E+01
     0.170654385E+01
     0.170654411E+01
     0.170654403E+01
     0.170654411E+01
     0.170654424E+01
     0.170654430E+01
     0.170654448E+01
     0.170654473E+01
     0.170654466E+01
     0.170654473E+01
     0.170654485E+01
     0.170654491E+01
     0.170654508E+01
     0.170654532E+01
     0.170654525E+01
     0.170654532E+01
     0.170654543E+01
     0.170654548E+01
     0.170654565E+01
     0.170654587E+01
     0.170654580E+01
     0.170654587E+01
     0.170654598E+01
     0.170654603E+01
     0.170654618E+01
     0.170654639E+01
     0.170654633E+01
     0.170654639E+01
     0.170654649E+01
     0.170654654E+01
     0.170654669E+01
     0.170654689E+01
     0.170654682E+01
     0.170654689E+01
     0.170654698E+01
     0.170654703E+01
     0.170654716E+01
     0.170654735E+01
     0.170654729E+01
     0.170654735E+01
     0.170654744E+01
     0.170654748E+01
     0.170654761E+01
     0.170654779E+01
     0.170654773E+01
     0.170654779E+01
     0.170654787E+01
     0.170654791E+01
     0.170654804E+01
     0.170654820E+01
     0.170654815E+01
     0.170654820E+01
     0.170654828E+01
     0.170654832E+01
     0.170654844E+01
     0.170654859E+01
     0.170654854E+01
     0.170654859E+01
     0.170654867E+01
     0.170654870E+01
     0.170654881E+01
     0.170654896E+01
     0.170654892E+01
     0.170654896E+01
     0.170654903E+01
     0.170654907E+01
     0.170654917E+01
     0.170654931E+01
     0.170654927E+01
     0.170654931E+01
     0.170654938E+01
     0.170654941E+01
     0.170654951E+01
     0.170654964E+01
     0.170654960E+01
     0.170654964E+01
     0.170654970E+01
     0.170654973E+01
     0.170654982E+01
     0.170654995E+01
     0.170654991E+01
     0.170654995E+01
     0.170655001E+01
     0.170655003E+01
     0.170655012E+01
     0.170655024E+01
     0.170655020E+01
     0.170655024E+01
     0.170655029E+01
     0.170655032E+01
     0.170655040E+01
     0.170655051E+01
     0.170655048E+01
     0.170655051E+01
     0.170655057E+01
     0.170655059E+01
     0.170655067E+01
     0.170655077E+01
     0.170655074E+01
     0.170655077E+01
     0.170655082E+01
     0.170655085E+01
     0.170655092E+01
     0.170655102E+01
     0.170655099E+01
     0.170655102E+01
     0.170655107E+01
     0.170655109E+01
     0.170655116E+01
     0.170655125E+01
     0.170655122E+01
     0.170655125E+01
     0.170655129E+01
     0.170655132E+01
     0.170655138E+01
     0.170655147E+01
     0.170655144E+01
     0.170655147E+01
     0.170655151E+01
     0.170655153E+01
     0.170655159E+01
     0.170655168E+01
     0.170655165E+01
     0.170655168E+01
     0.170655171E+01
     0.170655173E+01
     0.170655179E+01
     0.170655187E+01
     0.170655184E+01
     0.170655187E+01
     0.170655191E+01
     0.170655192E+01
     0.170655198E+01
     0.170655205E+01
     0.170655203E+01
     0.170655205E+01
     0.170655209E+01
     0.170655210E+01
     0.170655216E+01
     0.170655222E+01
     0.170655220E+01
     0.170655222E+01
     0.170655226E+01
     0.170655227E+01
     0.170655232E+01
     0.170655239E+01
     0.170655237E+01
     0.170655239E+01
     0.170655242E+01
     0.170655243E+01
     0.170655248E+01
     0.170655254E+01
     0.170655252E+01
     0.170655254E+01
     0.170655257E+01
     0.170655258E+01
     0.170655263E+01
     0.170655269E+01
     0.170655267E+01
     0.170655269E+01
     0.170655271E+01
     0.170655273E+01
     0.170655277E+01
     0.170655282E+01
     0.170655281E+01
     0.170655282E+01
     0.170655285E+01
     0.170655286E+01
     0.170655290E+01
     0.170655295E+01
     0.170655294E+01
     0.170655295E+01
     0.170655298E+01
     0.170655299E+01
     0.170655302E+01
     0.170655307E+01
     0.170655306E+01
     0.170655307E+01
     0.170655310E+01
     0.170655311E+01
     0.170655314E+01
     0.170655319E+01
     0.170655317E+01
     0.170655319E+01
     0.170655321E+01
     0.170655322E+01
     0.170655325E+01
     0.170655330E+01
     0.170655328E+01
     0.170655330E+01
     0.170655332E+01
     0.170655333E+01
     0.170655336E+01
     0.170655340E+01
     0.170655339E+01
     0.170655340E+01
     0.170655342E+01
     0.170655343E+01
     0.170655346E+01
     0.170655349E+01
     0.170655348E+01
     0.170655349E+01
     0.170655351E+01
     0.170655352E+01
     0.170655355E+01
     0.170655358E+01
     0.170655357E+01
     0.170655358E+01
     0.170655360E+01
     0.170655361E+01
     0.170655364E+01
     0.170655367E+01
     0.170655366E+01
     0.170655367E+01
     0.170655369E+01
     0.170655369E+01
     0.170655372E+01
     0.170655375E+01
     0.170655374E+01
     0.170655375E+01
     0.170655377E+01
     0.170655377E+01
     0.170655380E+01
     0.170655383E+01
     0.170655382E+01
     0.170655383E+01
     0.170655384E+01
     0.170655385E+01
     0.170655387E+01
     0.170655390E+01
     0.170655389E+01
     0.170655390E+01
     0.170655391E+01
     0.170655392E+01
     0.170655394E+01
     0.170655397E+01
     0.170655396E+01
     0.170655397E+01
     0.170655398E+01
     0.170655398E+01
     0.170655400E+01
     0.170655403E+01
     0.170655402E+01
     0.170655403E+01
     0.170655404E+01
     0.170655405E+01
     0.170655406E+01
     0.170655409E+01
     0.170655408E+01
     0.170655409E+01
     0.170655410E+01
     0.170655411E+01
     0.170655412E+01
     0.170655414E+01
     0.170655414E+01
     0.170655414E+01
     0.170655416E+01
     0.170655416E+01
     0.170655418E+01
     0.170655420E+01
     0.170655419E+01
     0.170655420E+01
     0.170655421E+01
     0.170655421E+01
     0.170655423E+01
     0.170655425E+01
     0.170655424E+01
     0.170655425E+01
     0.170655426E+01
     0.170655426E+01
     0.170655428E+01
     0.170655430E+01
     0.170655429E+01
     0.170655430E+01
     0.170655430E+01
     0.170655431E+01
     0.170655432E+01
     0.170655434E+01
     0.170655433E+01
     0.170655434E+01
     0.170655435E+01
     0.170655435E+01
     0.170655436E+01
     0.170655438E+01
     0.170655438E+01
     0.170655438E+01
     0.170655439E+01
     0.170655439E+01
     0.170655441E+01
     0.170655442E+01
     0.170655442E+01
     0.170655442E+01
     0.170655443E+01
     0.170655443E+01
     0.170655444E+01
     0.170655446E+01
     0.170655445E+01
     0.170655446E+01
     0.170655447E+01
     0.170655447E+01
     0.170655448E+01
     0.170655449E+01
     0.170655449E+01
     0.170655449E+01
     0.170655450E+01
     0.170655450E+01
     0.170655451E+01
     0.170655453E+01
     0.170655452E+01
     0.170655453E+01
     0.170655453E+01
     0.170655454E+01
     0.170655454E+01
     0.170655456E+01
     0.170655455E+01
     0.170655456E+01
     0.170655456E+01
     0.170655457E+01
     0.170655457E+01
     0.170655459E+01
     0.170655458E+01
     0.170655459E+01
     0.170655459E+01
     0.170655459E+01
     0.170655460E+01
     0.170655461E+01
     0.170655461E+01
     0.170655461E+01
     0.170655462E+01
     0.170655462E+01
     0.170655463E+01
     0.170655464E+01
     0.170655464E+01
     0.170655464E+01
     0.170655464E+01
     0.170655465E+01
     0.170655465E+01
     0.170655466E+01
     0.170655466E+01
     0.170655466E+01
     0.170655467E+01
     0.170655467E+01
     0.170655468E+01
     0.170655469E+01
     0.170655468E+01
     0.170655469E+01
     0.170655469E+01
     0.170655469E+01
     0.170655470E+01
     0.170655471E+01
     0.170655471E+01
     0.170655471E+01
     0.170655471E+01
     0.170655472E+01
     0.170655472E+01
     0.170655473E+01
     0.170655473E+01
     0.170655473E+01
     0.170655473E+01
     0.170655473E+01
     0.170655474E+01
     0.170655475E+01
     0.170655475E+01
     0.170655475E+01
     0.170655475E+01
     0.170655475E+01
     0.170655476E+01
     0.170655477E+01
     0.170655476E+01
     0.170655477E+01
     0.170655477E+01
     0.170655477E+01
     0.170655478E+01
     0.170655478E+01
     0.170655478E+01
     0.170655478E+01
     0.170655479E+01
     0.170655479E+01
     0.170655479E+01
     0.170655480E+01
     0.170655480E+01
     0.170655480E+01
     0.170655480E+01
     0.170655480E+01
     0.170655481E+01
     0.170655481E+01
     0.170655481E+01
     0.170655481E+01
     0.170655482E+01
     0.170655482E+01
     0.170655482E+01
     0.170655483E+01
     0.170655483E+01
     0.170655483E+01
     0.170655483E+01
     0.170655483E+01
     0.170655484E+01
     0.170655484E+01
     0.170655484E+01
     0.170655484E+01
     0.170655484E+01
     0.170655485E+01
     0.170655485E+01
     0.170655485E+01
     0.170655485E+01
     0.170655485E+01
     0.170655486E+01
     0.170655486E+01
     0.170655486E+01
     0.170655487E+01
     0.170655486E+01
     0.170655487E+01
     0.170655487E+01
     0.170655487E+01
     0.170655487E+01
     0.170655488E+01
     0.170655487E+01
     0.170655488E+01
     0.170655488E+01
     0.170655488E+01
     0.170655488E+01
     0.170655489E+01
     0.170655489E+01
     0.170655489E+01
     0.170655489E+01
     0.170655489E+01
     0.170655489E+01
     0.170655490E+01
     0.170655490E+01
     0.170655490E+01
     0.170655490E+01
     0.170655490E+01
     0.170655490E+01
     0.170655491E+01
     0.170655490E+01
     0.170655491E+01
     0.170655491E+01
     0.170655491E+01
     0.170655491E+01
     0.170655491E+01
     0.170655491E+01
     0.170655491E+01
     0.170655492E+01
     0.170655492E+01
     0.170655492E+01
     0.170655492E+01
     0.170655492E+01
     0.170655492E+01
     0.170655492E+01
     0.170655492E+01
     0.170655493E+01
     0.170655493E+01
     0.170655493E+01
     0.170655493E+01
     0.170655493E+01
     0.170655493E+01
     0.170655493E+01
     0.170655494E+01
     0.170655494E+01
     0.170655494E+01
     0.170655494E+01
     0.170655494E+01
     0.170655494E+01
     0.170655494E+01
     0.170655494E+01
     0.170655494E+01
     0.170655494E+01
     0.170655494E+01
     0.170655495E+01
     0.170655495E+01
     0.170655495E+01
     0.170655495E+01
     0.170655495E+01
     0.170655495E+01
     0.170655495E+01
     0.170655495E+01
     0.170655495E+01
     0.170655495E+01
     0.170655496E+01
     0.170655496E+01
     0.170655496E+01
     0.170655496E+01
     0.170655496E+01
     0.170655496E+01
     0.170655496E+01
     0.170655496E+01
     0.170655496E+01
     0.170655497E+01
     0.170655496E+01
     0.170655497E+01
     0.170655497E+01
     0.170655497E+01
     0.170655497E+01
     0.170655497E+01
     0.170655497E+01
     0.170655497E+01
     0.170655497E+01
     0.170655497E+01
     0.170655497E+01
     0.170655497E+01
     0.170655497E+01
     0.170655497E+01
     0.170655497E+01
     0.170655498E+01
     0.170655498E+01
     0.170655498E+01
     0.170655498E+01
     0.170655498E+01
     0.170655498E+01
     0.170655498E+01
     0.170655498E+01
     0.170655498E+01
     0.170655498E+01
     0.170655498E+01
     0.170655498E+01
     0.170655498E+01
     0.170655498E+01
     0.170655499E+01
     0.170655498E+01
     0.170655499E+01
     0.170655499E+01
     0.170655499E+01
     0.170655499E+01
     0.170655499E+01
     0.170655499E+01
     0.170655499E+01
     0.170655499E+01
     0.170655499E+01
     0.170655499E+01
     0.170655499E+01
     0.170655499E+01
     0.170655499E+01
     0.170655499E+01
     0.170655499E+01
     0.170655499E+01
     0.170655499E+01
     0.170655499E+01
     0.170655499E+01
     0.170655500E+01
     0.170655500E+01
     0.170655500E+01
     0.170655500E+01
     0.170655500E+01
     0.170655500E+01
     0.170655500E+01
     0.170655500E+01
     0.170655500E+01
     0.170655500E+01
     0.170655500E+01
     0.170655500E+01
     0.170655500E+01
     0.170655500E+01
     0.170655500E+01
     0.170655500E+01
     0.170655500E+01
     0.170655500E+01
     0.170655500E+01
     0.170655500E+01
     0.170655500E+01
     0.170655500E+01
     0.170655500E+01
     0.170655500E+01
     0.170655500E+01
     0.170655500E+01
     0.170655501E+01
     0.170655501E+01
     0.170655501E+01
     0.170655501E+01
     0.170655501E+01
     0.170655501E+01
     0.170655501E+01
     0.170655501E+01
     0.170655501E+01
     0.170655501E+01
     0.170655501E+01
     0.170655501E+01
     0.170655501E+01
     0.170655501E+01
     0.170655501E+01
     0.170655501E+01
     0.170655501E+01
     0.170655501E+01
     0.170655501E+01
     0.170655501E+01
     0.170655501E+01
     0.170655501E+01
     0.170655501E+01
     0.170655501E+01
     0.170655501E+01
     0.170655501E+01
     0.170655501E+01
     0.170655501E+01
     0.170655501E+01
     0.170655501E+01
     0.170655501E+01
     0.170655501E+01
     0.170655501E+01
     0.170655501E+01
     0.170655501E+01
     0.170655501E+01
     0.170655501E+01
     0.170655501E+01
     0.170655501E+01
     0.170655501E+01
     0.170655501E+01
     0.170655501E+01
     0.170655501E+01
     0.170655502E+01
     0.170655501E+01
     0.170655501E+01
     0.170655501E+01
     0.170655501E+01
     0.170655502E+01
     0.170655501E+01
     0.170655502E+01
     0.170655502E+01
     0.170655502E+01
     0.170655502E+01
     0.170655502E+01
     0.170655502E+01
     0.170655502E+01
     0.170655502E+01
     0.170655502E+01
     0.170655502E+01
     0.170655502E+01
     0.170655502E+01
     0.170655502E+01
     0.170655502E+01
     0.170655502E+01
     0.170655502E+01
     0.170655502E+01
     0.170655502E+01
     0.170655502E+01
     0.170655502E+01
     0.170655502E+01
     0.170655502E+01
     0.170655502E+01
     0.170655502E+01
     0.170655502E+01
     0.170655502E+01
     0.170655502E+01
     0.170655502E+01
     0.170655502E+01
     0.170655502E+01
     0.170655502E+01
     0.170655502E+01
     0.170655502E+01
     0.170655502E+01
     0.170655502E+01
     0.170655502E+01
     0.170655502E+01
     0.170655502E+01
     0.170655502E+01
     0.170655502E+01
     0.170655502E+01
     0.170655502E+01
     0.170655502E+01
     0.170655502E+01
     0.170655502E+01
     0.170655502E+01
     0.170655502E+01
     0.170655502E+01
     0.170655502E+01
     0.170655502E+01
     0.170655502E+01
     0.170655502E+01
     0.170655502E+01
     0.170655502E+01
     0.170655502E+01
     0.170655502E+01
     0.170655502E+01
     0.170655502E+01
     0.170655502E+01
     0.170655502E+01
     0.170655502E+01
     0.170655502E+01
     0.170655502E+01
     0.170655502E+01
     0.170655502E+01
     0.170655502E+01
     0.170655502E+01
     0.170655502E+01
     0.170655502E+01
     0.170655502E+01
     0.170655502E+01
     0.170655502E+01
     0.170655502E+01
     0.170655502E+01
     0.170655502E+01
     0.170655502E+01
     0.170655502E+01
     0.170655502E+01
     0.170655502E+01
     0.170655502E+01
     0.170655502E+01
     0.170655502E+01
     0.170655502E+01
     0.170655502E+01
     0.170655502E+01
     0.170655502E+01
     0.170655502E+01
     0.170655502E+01
     0.170655502E+01
     0.170655502E+01
     0.170655502E+01
     0.170655502E+01
     0.170655502E+01
     0.170655502E+01
     0.170655502E+01
     0.170655502E+01
     0.170655502E+01
     0.170655502E+01
     0.170655502E+01
     0.170655502E+01
     0.170655502E+01
     0.170655502E+01
     0.170655502E+01
     0.170655502E+01
     0.170655502E+01
     0.170655502E+01
     0.170655502E+01
     0.170655502E+01
     0.170655502E+01
     0.170655502E+01
     0.170655502E+01
     0.170655502E+01
     0.170655502E+01
     0.170655502E+01
     0.170655502E+01
     0.170655502E+01
     0.170655502E+01
     0.170655502E+01
     0.170655502E+01
     0.170655502E+01
     0.170655502E+01
     0.170655502E+01
     0.170655502E+01
     0.170655502E+01
     0.170655502E+01
     0.170655502E+01
     0.170655502E+01
     0.170655502E+01
     0.170655502E+01
     0.170655502E+01
     0.170655502E+01
     0.170655502E+01
     0.170655502E+01
     0.170655502E+01
     0.170655502E+01
     0.170655502E+01
     0.170655502E+01
     0.170655502E+01
     0.170655502E+01
     0.170655502E+01
     0.170655502E+01
     0.170655502E+01
     0.170655502E+01
     0.170655502E+01
     0.170655502E+01
     0.170655502E+01
     0.170655502E+01
     0.170655502E+01
     0.170655502E+01
     0.170655502E+01
     0.170655502E+01
     0.170655502E+01
     0.170655502E+01
     0.170655502E+01
     0.170655502E+01
     0.170655502E+01
     0.170655502E+01
     0.170655502E+01
     0.170655502E+01
     0.170655502E+01
     0.170655502E+01
     0.170655502E+01
     0.170655502E+01
     0.170655502E+01
     0.170655502E+01
     0.170655502E+01
     0.170655502E+01
     0.170655502E+01
     0.170655502E+01
     0.170655502E+01
     0.170655502E+01
     0.170655502E+01
     0.170655502E+01
     0.170655502E+01
     0.170655502E+01
     0.170655502E+01
     0.170655502E+01
     0.170655502E+01
     0.170655502E+01
     0.170655502E+01
     0.170655502E+01
     0.170655502E+01
     0.170655502E+01
     0.170655502E+01
     0.170655502E+01
     0.170655502E+01
     0.170655502E+01
     0.170655502E+01
     0.170655502E+01
     0.170655502E+01
     0.170655502E+01
     0.170655502E+01
     0.170655502E+01
     0.170655502E+01
     0.170655502E+01
     0.170655502E+01
     0.170655502E+01
     0.170655502E+01
     0.170655502E+01
     0.170655502E+01
     0.170655502E+01
     0.170655502E+01
     0.170655502E+01
     0.170655502E+01
     0.170655502E+01
     0.170655502E+01
     0.170655502E+01
     0.170655502E+01
     0.170655502E+01
     0.170655502E+01
     0.170655502E+01
     0.170655502E+01
     0.170655502E+01
     0.170655502E+01
     0.170655502E+01
     0.170655502E+01
     0.170655502E+01
     0.170655502E+01
     0.170655502E+01
     0.170655502E+01
     0.170655502E+01
     0.170655502E+01
     0.170655502E+01
     0.170655502E+01
     0.170655502E+01
     0.170655502E+01
     0.170655502E+01
     0.170655502E+01
     0.170655502E+01
     0.170655502E+01
     0.170655502E+01
     0.170655502E+01
     0.170655502E+01
     0.170655502E+01
     0.170655502E+01
     0.170655502E+01
     0.170655502E+01
     0.170655502E+01
     0.170655502E+01
     0.170655502E+01
     0.170655502E+01
     0.170655502E+01
     0.170655502E+01
     0.170655502E+01
     0.170655502E+01
     0.170655502E+01
     0.170655502E+01
     0.170655502E+01
     0.170655502E+01
     0.170655502E+01
     0.170655502E+01
     0.170655502E+01
     0.170655502E+01
     0.170655502E+01
     0.170655502E+01
     0.170655502E+01
     0.170655502E+01
     0.170655502E+01
     0.170655502E+01
     0.170655502E+01
     0.170655502E+01
     0.170655502E+01
     0.170655502E+01
     0.170655502E+01
     0.170655502E+01
     0.170655502E+01
     0.170655502E+01
     0.170655502E+01
     0.170655502E+01
     0.170655502E+01
     0.170655502E+01
     0.170655502E+01
     0.170655502E+01
     0.170655502E+01
     0.170655502E+01
     0.170655502E+01
     0.170655502E+01
     0.170655502E+01
     0.170655502E+01
     0.170655502E+01
     0.170655502E+01
     0.170655502E+01
     0.170655502E+01
     0.170655502E+01
     0.170655502E+01
     0.170655502E+01
     0.170655502E+01
     0.170655502E+01
     0.170655502E+01
     0.170655502E+01
     0.170655502E+01
     0.170655502E+01
     0.170655502E+01
     0.170655502E+01
     0.170655502E+01
     0.170655502E+01
     0.170655502E+01
     0.170655502E+01
     0.170655502E+01
     0.170655502E+01
     0.170655502E+01
     0.170655502E+01
     0.170655502E+01
     0.170655502E+01
     0.170655502E+01
     0.170655502E+01
     0.170655502E+01
     0.170655502E+01
     0.170655502E+01
     0.170655502E+01
     0.170655502E+01
     0.170655502E+01
     0.170655502E+01
     0.170655502E+01
     0.170655502E+01
     0.170655502E+01
     0.170655502E+01
     0.170655502E+01
     0.170655502E+01
     0.170655502E+01
     0.170655502E+01
     0.170655502E+01
     0.170655502E+01
     0.170655502E+01
     0.170655502E+01
     0.170655502E+01
     0.170655502E+01
     0.170655502E+01
     0.170655502E+01
     0.170655502E+01
     0.170655502E+01
     0.170655502E+01
     0.170655502E+01
     0.170655502E+01
     0.170655502E+01
     0.170655502E+01
     0.170655502E+01
     0.170655502E+01
     0.170655502E+01
     0.170655502E+01
     0.170655502E+01
     0.170655502E+01
     0.170655502E+01
     0.170655502E+01
     0.170655502E+01
     0.170655502E+01
     0.170655502E+01
     0.170655502E+01
     0.170655502E+01
     0.170655502E+01
     0.170655502E+01
     0.170655502E+01
     0.170655502E+01
     0.170655502E+01
     0.170655502E+01
     0.170655502E+01
     0.170655502E+01
     0.170655502E+01
     0.170655502E+01
     0.170655502E+01
     0.170655502E+01
     0.170655502E+01
     0.170655502E+01
     0.170655502E+01
     0.170655502E+01
     0.170655502E+01
     0.170655502E+01
     0.170655502E+01
     0.170655502E+01
     0.170655502E+01
     0.170655502E+01
     0.170655502E+01
     0.170655502E+01
     0.170655502E+01
     0.170655502E+01
     0.170655502E+01
     0.170655502E+01
     0.170655502E+01
     0.170655502E+01
     0.170655502E+01
     0.170655502E+01
     0.170655502E+01
     0.170655502E+01
     0.170655502E+01
     0.170655502E+01
     0.170655502E+01
     0.170655502E+01
     0.170655502E+01
     0.170655502E+01
     0.170655502E+01
     0.170655502E+01
     0.170655502E+01
     0.170655502E+01
     0.170655502E+01
     0.170655502E+01
     0.170655502E+01
     0.170655502E+01
     0.170655502E+01
     0.170655502E+01
     0.170655502E+01
     0.170655502E+01
     0.170655502E+01
     0.170655502E+01
     0.170655502E+01
     0.170655502E+01
     0.170655502E+01
     0.170655502E+01
     0.170655502E+01
     0.170655502E+01
     0.170655502E+01
     0.170655502E+01
     0.170655502E+01
     0.170655502E+01
     0.170655502E+01
     0.170655502E+01
     0.170655502E+01
     0.170655502E+01
     0.170655502E+01
     0.170655502E+01
     0.170655502E+01
     0.170655502E+01
     0.170655502E+01
     0.170655502E+01
     0.170655502E+01
     0.170655502E+01
     0.170655502E+01
     0.170655502E+01
     0.170655502E+01
     0.170655502E+01
     0.170655502E+01
     0.170655502E+01
     0.170655502E+01
     0.170655502E+01
     0.170655502E+01
     0.170655502E+01
     0.170655502E+01
     0.170655502E+01
     0.170655502E+01
     0.170655502E+01
     0.170655502E+01
     0.170655502E+01
     0.170655502E+01
     0.170655502E+01
     0.170655502E+01
     0.170655502E+01
     0.170655502E+01
     0.170655502E+01
     0.170655502E+01
     0.170655502E+01
     0.170655502E+01
     0.170655502E+01
     0.170655502E+01
     0.170655502E+01
     0.170655502E+01
     0.170655502E+01
     0.170655502E+01
     0.170655502E+01
     0.170655502E+01
     0.170655502E+01
     0.170655502E+01
     0.170655502E+01
     0.170655502E+01
     0.170655502E+01
     0.170655502E+01
     0.170655502E+01
     0.170655502E+01
     0.170655502E+01
     0.170655502E+01
     0.170655502E+01
     0.170655502E+01
     0.170655502E+01
     0.170655502E+01
     0.170655502E+01
     0.170655502E+01
     0.170655502E+01
     0.170655502E+01
     0.170655502E+01
     0.170655502E+01
     0.170655502E+01
     0.170655502E+01
     0.170655502E+01
     0.170655502E+01
     0.170655502E+01
     0.170655502E+01
     0.170655502E+01
     0.170655502E+01
     0.170655502E+01
     0.170655502E+01
     0.170655502E+01
     0.170655502E+01
     0.170655502E+01
     0.170655502E+01
     0.170655502E+01
     0.170655502E+01
     0.170655502E+01
     0.170655502E+01
     0.170655502E+01
     0.170655502E+01
     0.170655502E+01
     0.170655502E+01
     0.170655502E+01
     0.170655502E+01
     0.170655502E+01
     0.170655502E+01
     0.170655502E+01
     0.170655502E+01
     0.170655502E+01
     0.170655502E+01
     0.170655502E+01
     0.170655502E+01
     0.170655502E+01
     0.170655502E+01
     0.170655502E+01
     0.170655502E+01
     0.170655502E+01
     0.170655502E+01
     0.170655502E+01
     0.170655502E+01
     0.170655502E+01
     0.170655502E+01
     0.170655502E+01
     0.170655502E+01
     0.170655502E+01
     0.170655502E+01
     0.170655502E+01
     0.170655502E+01
     0.170655502E+01
     0.170655502E+01
     0.170655502E+01
     0.170655502E+01
     0.170655502E+01
     0.170655502E+01
     0.170655502E+01
     0.170655502E+01
     0.170655502E+01
     0.170655502E+01
     0.170655502E+01
     0.170655502E+01
     0.170655502E+01
     0.170655502E+01
     0.170655502E+01
     0.170655502E+01
     0.170655502E+01
     0.170655502E+01
     0.170655502E+01
     0.170655502E+01
     0.170655502E+01
     0.170655502E+01
     0.170655502E+01
     0.170655502E+01
     0.170655502E+01
     0.170655502E+01
     0.170655502E+01
     0.170655502E+01
     0.170655502E+01
     0.170655502E+01
     0.170655502E+01
     0.170655502E+01
     0.170655502E+01
     0.170655502E+01
     0.170655502E+01
     0.170655502E+01
     0.170655502E+01
     0.170655502E+01
     0.170655502E+01
     0.170655502E+01
     0.170655502E+01
     0.170655502E+01
     0.170655502E+01
     0.170655502E+01
     0.170655502E+01
     0.170655502E+01
     0.170655502E+01
     0.170655502E+01
     0.170655502E+01
     0.170655502E+01
     0.170655502E+01
     0.170655502E+01
     0.170655502E+01
     0.170655502E+01
     0.170655502E+01
     0.170655502E+01
     0.170655502E+01
     0.170655502E+01
     0.170655502E+01
     0.170655502E+01
     0.170655502E+01
     0.170655502E+01
     0.170655502E+01
     0.170655502E+01
     0.170655502E+01
     0.170655502E+01
     0.170655502E+01
     0.170655502E+01
     0.170655502E+01
     0.170655502E+01
     0.170655502E+01
     0.170655502E+01
     0.170655502E+01
     0.170655502E+01
     0.170655502E+01
     0.170655502E+01
     0.170655502E+01
     0.170655502E+01
     0.170655502E+01
     0.170655502E+01
     0.170655502E+01
     0.170655502E+01
     0.170655502E+01
     0.170655502E+01
     0.170655502E+01
     0.170655502E+01
     0.170655502E+01
     0.170655502E+01
     0.170655502E+01
     0.170655502E+01
     0.170655502E+01
     0.170655502E+01
     0.170655502E+01
     0.170655502E+01
     0.170655502E+01
     0.170655502E+01
     0.170655502E+01
     0.170655502E+01
     0.170655502E+01
     0.170655502E+01
     0.170655502E+01
     0.170655502E+01
     0.170655502E+01
     0.170655502E+01
     0.170655502E+01
     0.170655502E+01
     0.170655502E+01
     0.170655502E+01
     0.170655502E+01
     0.170655502E+01
     0.170655502E+01
     0.170655502E+01
     0.170655502E+01
     0.170655502E+01
     0.170655502E+01
     0.170655502E+01
     0.170655502E+01
     0.170655502E+01
     0.170655502E+01
     0.170655502E+01
     0.170655502E+01
     0.170655502E+01
     0.170655502E+01
     0.170655502E+01
     0.170655502E+01
     0.170655502E+01
     0.170655502E+01
     0.170655502E+01
     0.170655502E+01
     0.170655502E+01
     0.170655502E+01
     0.170655502E+01
     0.170655502E+01
     0.170655502E+01
     0.170655502E+01
     0.170655502E+01
     0.170655502E+01
     0.170655502E+01
     0.170655502E+01
     0.170655502E+01
     0.170655502E+01
     0.170655502E+01
     0.170655502E+01
     0.170655502E+01
     0.170655502E+01
     0.170655502E+01
     0.170655502E+01
     0.170655502E+01
     0.170655502E+01
     0.170655502E+01
     0.170655502E+01
     0.170655502E+01
     0.170655502E+01
     0.170655502E+01
     0.170655502E+01
     0.170655502E+01
     0.170655502E+01
     0.170655502E+01
     0.170655502E+01
     0.170655502E+01
     0.170655502E+01
     0.170655502E+01
     0.170655502E+01
     0.170655502E+01
     0.170655502E+01
     0.170655502E+01
     0.170655502E+01
     0.170655502E+01
     0.170655502E+01
     0.170655502E+01
     0.170655502E+01
     0.170655502E+01
     0.170655502E+01
     0.170655502E+01
     0.170655502E+01
     0.170655502E+01
     0.170655502E+01
     0.170655502E+01
     0.170655502E+01
     0.170655502E+01
     0.170655502E+01
     0.170655502E+01
     0.170655502E+01
     0.170655502E+01
     0.170655502E+01
     0.170655502E+01
     0.170655502E+01
     0.170655502E+01
     0.170655502E+01
     0.170655502E+01
     0.170655502E+01
     0.170655502E+01
     0.170655502E+01
     0.170655502E+01
     0.170655502E+01
     0.170655502E+01
     0.170655502E+01
     0.170655502E+01
     0.170655502E+01
     0.170655502E+01
     0.170655502E+01
     0.170655502E+01
     0.170655502E+01
     0.170655502E+01
     0.170655502E+01
     0.170655502E+01
     0.170655502E+01
     0.170655502E+01
     0.170655502E+01
     0.170655502E+01
     0.170655502E+01
     0.170655502E+01
     0.170655502E+01
     0.170655502E+01
     0.170655502E+01
     0.170655502E+01
     0.170655502E+01
     0.170655502E+01
     0.170655502E+01
     0.170655502E+01
     0.170655502E+01
     0.170655502E+01
     0.170655502E+01
     0.170655502E+01
     0.170655502E+01
     0.170655502E+01
     0.170655502E+01
     0.170655502E+01
     0.170655502E+01
     0.170655502E+01
     0.170655502E+01
     0.170655502E+01
     0.170655502E+01
     0.170655502E+01
     0.170655502E+01
     0.170655502E+01
     0.170655502E+01
     0.170655502E+01
     0.170655502E+01
     0.170655502E+01
     0.170655502E+01
     0.170655502E+01
     0.170655502E+01
     0.170655502E+01
     0.170655502E+01
     0.170655502E+01
     0.170655502E+01
     0.170655502E+01
     0.170655502E+01
     0.170655502E+01
     0.170655502E+01
     0.170655502E+01
     0.170655502E+01
     0.170655502E+01
     0.170655502E+01
     0.170655502E+01
     0.170655502E+01
     0.170655502E+01
     0.170655502E+01
     0.170655502E+01
     0.170655502E+01
     0.170655502E+01
     0.170655502E+01
     0.170655502E+01
     0.170655502E+01
     0.170655502E+01
     0.170655502E+01
     0.170655502E+01
     0.170655502E+01
     0.170655502E+01
     0.170655502E+01
     0.170655502E+01
     0.170655502E+01
     0.170655502E+01
     0.170655502E+01
     0.170655502E+01
     0.170655502E+01
     0.170655502E+01
     0.170655502E+01
     0.170655502E+01
     0.170655502E+01
     0.170655502E+01
     0.170655502E+01
     0.170655502E+01
     0.170655502E+01
     0.170655502E+01
     0.170655502E+01
     0.170655502E+01
     0.170655502E+01
     0.170655502E+01
     0.170655502E+01
     0.170655502E+01
     0.170655502E+01
     0.170655502E+01
     0.170655502E+01
     0.170655502E+01
     0.170655502E+01
     0.170655502E+01
     0.170655502E+01
     0.170655502E+01
     0.170655502E+01
     0.170655502E+01
     0.170655502E+01
     0.170655502E+01
     0.170655502E+01
     0.170655502E+01
     0.170655502E+01
     0.170655502E+01
     0.170655502E+01
     0.170655502E+01
     0.170655502E+01
     0.170655502E+01
     0.170655502E+01
     0.170655502E+01
     0.170655502E+01
     0.170655502E+01
     0.170655502E+01
     0.170655502E+01
     0.170655502E+01
     0.170655502E+01
     0.170655502E+01
     0.170655502E+01
     0.170655502E+01
     0.170655502E+01
     0.170655502E+01
     0.170655502E+01
     0.170655502E+01
     0.170655502E+01
     0.170655502E+01
     0.170655502E+01
     0.170655502E+01
     0.170655502E+01
     0.170655502E+01
     0.170655502E+01
     0.170655502E+01
     0.170655502E+01
     0.170655502E+01
     0.170655502E+01
     0.170655502E+01
     0.170655502E+01
     0.170655502E+01
     0.170655502E+01
     0.170655502E+01
     0.170655502E+01
     0.170655502E+01
     0.170655502E+01
     0.170655502E+01
     0.170655502E+01
     0.170655502E+01
     0.170655502E+01
     0.170655502E+01
     0.170655502E+01
     0.170655502E+01
     0.170655502E+01
     0.170655502E+01
     0.170655502E+01
     0.170655502E+01
     0.170655502E+01
     0.170655502E+01
     0.170655502E+01
     0.170655502E+01
     0.170655502E+01
     0.170655502E+01
     0.170655502E+01
     0.170655502E+01
     0.170655502E+01
     0.170655502E+01
     0.170655502E+01
     0.170655502E+01
     0.170655502E+01
     0.170655502E+01
     0.170655502E+01
     0.170655502E+01
     0.170655502E+01
     0.170655502E+01
     0.170655502E+01
     0.170655502E+01
     0.170655502E+01
     0.170655502E+01
     0.170655502E+01
     0.170655502E+01
     0.170655502E+01
     0.170655502E+01
     0.170655502E+01
     0.170655502E+01
     0.170655502E+01
     0.170655502E+01
     0.170655502E+01
     0.170655502E+01
     0.170655502E+01
     0.170655502E+01
     0.170655502E+01
     0.170655502E+01
     0.170655502E+01
     0.170655502E+01
     0.170655502E+01
     0.170655502E+01
     0.170655502E+01
     0.170655502E+01
     0.170655502E+01
     0.170655502E+01
     0.170655502E+01
     0.170655502E+01
     0.170655502E+01
     0.170655502E+01
     0.170655502E+01
     0.170655502E+01
     0.170655502E+01
     0.170655502E+01
     0.170655502E+01
     0.170655502E+01
     0.170655502E+01
     0.170655502E+01
     0.170655502E+01
     0.170655502E+01
     0.170655502E+01
     0.170655502E+01
     0.170655502E+01
     0.170655502E+01
     0.170655502E+01
     0.170655502E+01
     0.170655502E+01
     0.170655502E+01
     0.170655502E+01
     0.170655502E+01
     0.170655502E+01
     0.170655502E+01
     0.170655502E+01
     0.170655502E+01
     0.170655502E+01
     0.170655502E+01
     0.170655502E+01
     0.170655502E+01
     0.170655502E+01
     0.170655502E+01
     0.170655502E+01
     0.170655502E+01
     0.170655502E+01
     0.170655502E+01
     0.170655502E+01
     0.170655502E+01
     0.170655502E+01
     0.170655502E+01
     0.170655502E+01
     0.170655502E+01
     0.170655502E+01
     0.170655502E+01
     0.170655502E+01
     0.170655502E+01
     0.170655502E+01
     0.170655502E+01
     0.170655502E+01
     0.170655502E+01
     0.170655502E+01
     0.170655502E+01
     0.170655502E+01
     0.170655502E+01
     0.170655502E+01
     0.170655502E+01
     0.170655502E+01
     0.170655502E+01
     0.170655502E+01
     0.170655502E+01
     0.170655502E+01
     0.170655502E+01
     0.170655502E+01
     0.170655502E+01
     0.170655502E+01
     0.170655502E+01
     0.170655502E+01
     0.170655502E+01
     0.170655502E+01
     0.170655502E+01
     0.170655502E+01
     0.170655502E+01
     0.170655502E+01
     0.170655502E+01
     0.170655502E+01
     0.170655502E+01
     0.170655502E+01
     0.170655502E+01
     0.170655502E+01
     0.170655502E+01
     0.170655502E+01
     0.170655502E+01
     0.170655502E+01
     0.170655502E+01
     0.170655502E+01
     0.170655502E+01
     0.170655502E+01
     0.170655502E+01
     0.170655502E+01
     0.170655502E+01
     0.170655502E+01
     0.170655502E+01
     0.170655502E+01
     0.170655502E+01
     0.170655502E+01
     0.170655502E+01
     0.170655502E+01
     0.170655502E+01
     0.170655502E+01
     0.170655502E+01
     0.170655502E+01
     0.170655502E+01
     0.170655502E+01
     0.170655502E+01
     0.170655502E+01
     0.170655502E+01
     0.170655502E+01
     0.170655502E+01
     0.170655502E+01
     0.170655502E+01
     0.170655502E+01
     0.170655502E+01
     0.170655502E+01
     0.170655502E+01
     0.170655502E+01
     0.170655502E+01
     0.170655502E+01
     0.170655502E+01
     0.170655502E+01
     0.170655502E+01
     0.170655502E+01
     0.170655502E+01
     0.170655502E+01
     0.170655502E+01
     0.170655502E+01
     0.170655502E+01
     0.170655502E+01
     0.170655502E+01
     0.170655502E+01
     0.170655502E+01
     0.170655502E+01
     0.170655502E+01
     0.170655502E+01
     0.170655502E+01
     0.170655502E+01
     0.170655502E+01
     0.170655502E+01
     0.170655502E+01
     0.170655502E+01
     0.170655502E+01
     0.170655502E+01
     0.170655502E+01
     0.170655502E+01
     0.170655502E+01
     0.170655502E+01
     0.170655502E+01
     0.170655502E+01
     0.170655502E+01
     0.170655502E+01
     0.170655502E+01
     0.170655502E+01
     0.170655502E+01
     0.170655502E+01
     0.170655502E+01
     0.170655502E+01
     0.170655502E+01
     0.170655502E+01
     0.170655502E+01
     0.170655502E+01
     0.170655502E+01
     0.170655502E+01
     0.170655502E+01
     0.170655502E+01
     0.170655502E+01
     0.170655502E+01
     0.170655502E+01
     0.170655502E+01
     0.170655502E+01
     0.170655502E+01
     0.170655502E+01
     0.170655502E+01
     0.170655502E+01
     0.170655502E+01
     0.170655502E+01
     0.170655502E+01
     0.170655502E+01
     0.170655502E+01
     0.170655502E+01
     0.170655502E+01
     0.170655502E+01
     0.170655502E+01
     0.170655502E+01
     0.170655502E+01
     0.170655502E+01
     0.170655502E+01
     0.170655502E+01
     0.170655502E+01
     0.170655502E+01
     0.170655502E+01
     0.170655502E+01
     0.170655502E+01
     0.170655502E+01
     0.170655502E+01
     0.170655502E+01
     0.170655502E+01
     0.170655502E+01
     0.170655502E+01
     0.170655502E+01
     0.170655502E+01
     0.170655502E+01
     0.170655502E+01
     0.170655502E+01
     0.170655502E+01
     0.170655502E+01
     0.170655502E+01
     0.170655502E+01
     0.170655502E+01
     0.170655502E+01
     0.170655502E+01
     0.170655502E+01
     0.170655502E+01
     0.170655502E+01
     0.170655502E+01
     0.170655502E+01
     0.170655502E+01
     0.170655502E+01
     0.170655502E+01
     0.170655502E+01
     0.170655502E+01
     0.170655502E+01
     0.170655502E+01
     0.170655502E+01
     0.170655502E+01
     0.170655502E+01
     0.170655502E+01
     0.170655502E+01
     0.170655502E+01
     0.170655502E+01
     0.170655502E+01
     0.170655502E+01
     0.170655502E+01
     0.170655502E+01
     0.170655502E+01
     0.170655502E+01
     0.170655502E+01
     0.170655502E+01
     0.170655502E+01
     0.170655502E+01
     0.170655502E+01
     0.170655502E+01
     0.170655502E+01
     0.170655502E+01
     0.170655502E+01
     0.170655502E+01
     0.170655502E+01
     0.170655502E+01
     0.170655502E+01
     0.170655502E+01
     0.170655502E+01
     0.170655502E+01
     0.170655502E+01
     0.170655502E+01
     0.170655502E+01
     0.170655502E+01
     0.170655502E+01
     0.170655502E+01
     0.170655502E+01
     0.170655502E+01
     0.170655502E+01
     0.170655502E+01
     0.170655502E+01
     0.170655502E+01
     0.170655502E+01
     0.170655502E+01
     0.170655502E+01
     0.170655502E+01
     0.170655502E+01
     0.170655502E+01
     0.170655502E+01
     0.170655502E+01
     0.170655502E+01
     0.170655502E+01
     0.170655502E+01
     0.170655502E+01
     0.170655502E+01
     0.170655502E+01
     0.170655502E+01
     0.170655502E+01
     0.170655502E+01
     0.170655502E+01
     0.170655502E+01
     0.170655502E+01
     0.170655502E+01
     0.170655502E+01
     0.170655502E+01
     0.170655502E+01
     0.170655502E+01
     0.170655502E+01
     0.170655502E+01
     0.170655502E+01
     0.170655502E+01
     0.170655502E+01
     0.170655502E+01
     0.170655502E+01
     0.170655502E+01
     0.170655502E+01
     0.170655502E+01
     0.170655502E+01
     0.170655502E+01
     0.170655502E+01
     0.170655502E+01
     0.170655502E+01
     0.170655502E+01
     0.170655502E+01
     0.170655502E+01
     0.170655502E+01
     0.170655502E+01
     0.170655502E+01
     0.170655502E+01
     0.170655502E+01
     0.170655502E+01
     0.170655502E+01
     0.170655502E+01
     0.170655502E+01
     0.170655502E+01
     0.170655502E+01
     0.170655502E+01
     0.170655502E+01
     0.170655502E+01
     0.170655502E+01
     0.170655502E+01
     0.170655502E+01
     0.170655502E+01
     0.170655502E+01
     0.170655502E+01
     0.170655502E+01
     0.170655502E+01
     0.170655502E+01
     0.170655502E+01
     0.170655502E+01
     0.170655502E+01
     0.170655502E+01
     0.170655502E+01
     0.170655502E+01
     0.170655502E+01
     0.170655502E+01
     0.170655502E+01
     0.170655502E+01
     0.170655502E+01
     0.170655502E+01
     0.170655502E+01
     0.170655502E+01
     0.170655502E+01
     0.170655502E+01
     0.170655502E+01
     0.170655502E+01
     0.170655502E+01
     0.170655502E+01
     0.170655502E+01
     0.170655502E+01
     0.170655502E+01
     0.170655502E+01
     0.170655502E+01
     0.170655502E+01
     0.170655502E+01
     0.170655502E+01
     0.170655502E+01
     0.170655502E+01
     0.170655502E+01
     0.170655502E+01
     0.170655502E+01
     0.170655502E+01
     0.170655502E+01
     0.170655502E+01
     0.170655502E+01
     0.170655502E+01
     0.170655502E+01
     0.170655502E+01
     0.170655502E+01
     0.170655502E+01
     0.170655502E+01
     0.170655502E+01
     0.170655502E+01
     0.170655502E+01
     0.170655502E+01
     0.170655502E+01
     0.170655502E+01
     0.170655502E+01
     0.170655502E+01
     0.170655502E+01
     0.170655502E+01
     0.170655502E+01
     0.170655502E+01
     0.170655502E+01
     0.170655502E+01
     0.170655502E+01
     0.170655502E+01
     0.170655502E+01
     0.170655502E+01
     0.170655502E+01
     0.170655502E+01
     0.170655502E+01
     0.170655502E+01
     0.170655502E+01
     0.170655502E+01
     0.170655502E+01
     0.170655502E+01
     0.170655502E+01
     0.170655502E+01
     0.170655502E+01
     0.170655502E+01
     0.170655502E+01
     0.170655502E+01
     0.170655502E+01
     0.170655502E+01
     0.170655502E+01
     0.170655502E+01
     0.170655502E+01
     0.170655502E+01
     0.170655502E+01
     0.170655502E+01
     0.170655502E+01
     0.170655502E+01
     0.170655502E+01
     0.170655502E+01
     0.170655502E+01
     0.170655502E+01
     0.170655502E+01
     0.170655502E+01
     0.170655502E+01
     0.170655502E+01
     0.170655502E+01
     0.170655502E+01
     0.170655502E+01
     0.170655502E+01
     0.170655502E+01
     0.170655502E+01
     0.170655502E+01
     0.170655502E+01
     0.170655502E+01
     0.170655502E+01
     0.170655502E+01
     0.170655502E+01
     0.170655502E+01
     0.170655502E+01
     0.170655502E+01
     0.170655502E+01
     0.170655502E+01
     0.170655502E+01
     0.170655502E+01
     0.170655502E+01
     0.170655502E+01
     0.170655502E+01
     0.170655502E+01
     0.170655502E+01
     0.170655502E+01
     0.170655502E+01
     0.170655502E+01
     0.170655502E+01
     0.170655502E+01
     0.170655502E+01
     0.170655502E+01
     0.170655502E+01
     0.170655502E+01
     0.170655502E+01
     0.170655502E+01
     0.170655502E+01
     0.170655502E+01
     0.170655502E+01
     0.170655502E+01
     0.170655502E+01
     0.170655502E+01
     0.170655502E+01
     0.170655502E+01
     0.170655502E+01
     0.170655502E+01
     0.170655502E+01
     0.170655502E+01
     0.170655502E+01
     0.170655502E+01
     0.170655502E+01
     0.170655502E+01
     0.170655502E+01
     0.170655502E+01
     0.170655502E+01
     0.170655502E+01
     0.170655502E+01
     0.170655502E+01
     0.170655502E+01
     0.170655502E+01
     0.170655502E+01
     0.170655502E+01
     0.170655502E+01
     0.170655502E+01
     0.170655502E+01
     0.170655502E+01
     0.170655502E+01
     0.170655502E+01
     0.170655502E+01
     0.170655502E+01
     0.170655502E+01
     0.170655502E+01
     0.170655502E+01
     0.170655502E+01
     0.170655502E+01
     0.170655502E+01
     0.170655502E+01
     0.170655502E+01
     0.170655502E+01
     0.170655502E+01
     0.170655502E+01
     0.170655502E+01
     0.170655502E+01
     0.170655502E+01
     0.170655502E+01
     0.170655502E+01
     0.170655502E+01
     0.170655502E+01
     0.170655502E+01
     0.170655502E+01
     0.170655502E+01
     0.170655502E+01
     0.170655502E+01
     0.170655502E+01
     0.170655502E+01
     0.170655502E+01
     0.170655502E+01
     0.170655502E+01
     0.170655502E+01
     0.170655502E+01
     0.170655502E+01
     0.170655502E+01
     0.170655502E+01
     0.170655502E+01
     0.170655502E+01
     0.170655502E+01
     0.170655502E+01
     0.170655502E+01
     0.170655502E+01
     0.170655502E+01
     0.170655502E+01
     0.170655502E+01
     0.170655502E+01
     0.170655502E+01
     0.170655502E+01
     0.170655502E+01
     0.170655502E+01
     0.170655502E+01
     0.170655502E+01
     0.170655502E+01
     0.170655502E+01
     0.170655502E+01
     0.170655502E+01
     0.170655502E+01
     0.170655502E+01
     0.170655502E+01
     0.170655502E+01
     0.170655502E+01
     0.170655502E+01
     0.170655502E+01
     0.170655502E+01
     0.170655502E+01
     0.170655502E+01
     0.170655502E+01
     0.170655502E+01
     0.170655502E+01
     0.170655502E+01
     0.170655502E+01
     0.170655502E+01
     0.170655502E+01
     0.170655502E+01
     0.170655502E+01
     0.170655502E+01
     0.170655502E+01
     0.170655502E+01
     0.170655502E+01
     0.170655502E+01
     0.170655502E+01
     0.170655502E+01
     0.170655502E+01
     0.170655502E+01
     0.170655502E+01
     0.170655502E+01
     0.170655502E+01
     0.170655502E+01
     0.170655502E+01
     0.170655502E+01
     0.170655502E+01
     0.170655502E+01
     0.170655502E+01
     0.170655502E+01
     0.170655502E+01
     0.170655502E+01
     0.170655502E+01
     0.170655502E+01
     0.170655502E+01
     0.170655502E+01
     0.170655502E+01
     0.170655502E+01
     0.170655502E+01
     0.170655502E+01
     0.170655502E+01
     0.170655502E+01
     0.170655502E+01
     0.170655502E+01
     0.170655502E+01
     0.170655502E+01
     0.170655502E+01
     0.170655502E+01
     0.170655502E+01
     0.170655502E+01
     0.170655502E+01
     0.170655502E+01
     0.170655502E+01
     0.170655502E+01
     0.170655502E+01
     0.170655502E+01
     0.170655502E+01
     0.170655502E+01
     0.170655502E+01
     0.170655502E+01
     0.170655502E+01
     0.170655502E+01
     0.170655502E+01
     0.170655502E+01
     0.170655502E+01
     0.170655502E+01
     0.170655502E+01
     0.170655502E+01
     0.170655502E+01
     0.170655502E+01
     0.170655502E+01
     0.170655502E+01
     0.170655502E+01
     0.170655502E+01
     0.170655502E+01
     0.170655502E+01
     0.170655502E+01
     0.170655502E+01
     0.170655502E+01
     0.170655502E+01
     0.170655502E+01
     0.170655502E+01
     0.170655502E+01
     0.170655502E+01
     0.170655502E+01
     0.170655502E+01
     0.170655502E+01
     0.170655502E+01
     0.170655502E+01
     0.170655502E+01
     0.170655502E+01
     0.170655502E+01
     0.170655502E+01
     0.170655502E+01
     0.170655502E+01
     0.170655502E+01
     0.170655502E+01
     0.170655502E+01
     0.170655502E+01
     0.170655502E+01
     0.170655502E+01
     0.170655502E+01
     0.170655502E+01
     0.170655502E+01
     0.170655502E+01
     0.170655502E+01
     0.170655502E+01
     0.170655502E+01
     0.170655502E+01
     0.170655502E+01
     0.170655502E+01
     0.170655502E+01
     0.170655502E+01
     0.170655502E+01
     0.170655502E+01
     0.170655502E+01
     0.170655502E+01
     0.170655502E+01
     0.170655502E+01
     0.170655502E+01
     0.170655502E+01
     0.170655502E+01
     0.170655502E+01
     0.170655502E+01
     0.170655502E+01
     0.170655502E+01
     0.170655502E+01
     0.170655502E+01
     0.170655502E+01
     0.170655502E+01
     0.170655502E+01
     0.170655502E+01
     0.170655502E+01
     0.170655502E+01
     0.170655502E+01
     0.170655502E+01
     0.170655502E+01
     0.170655502E+01
     0.170655502E+01
     0.170655502E+01
     0.170655502E+01
     0.170655502E+01
     0.170655502E+01
     0.170655502E+01
     0.170655502E+01
     0.170655502E+01
     0.170655502E+01
     0.170655502E+01
     0.170655502E+01
     0.170655502E+01
     0.170655502E+01
     0.170655502E+01
     0.170655502E+01
     0.170655502E+01
     0.170655502E+01
     0.170655502E+01
     0.170655502E+01
     0.170655502E+01
     0.170655502E+01
     0.170655502E+01
     0.170655502E+01
     0.170655502E+01
     0.170655502E+01
     0.170655502E+01
     0.170655502E+01
     0.170655502E+01
     0.170655502E+01
     0.170655502E+01
     0.170655502E+01
     0.170655502E+01
     0.170655502E+01
     0.170655502E+01
     0.170655502E+01
     0.170655502E+01
     0.170655502E+01
     0.170655502E+01
     0.170655502E+01
     0.170655502E+01
     0.170655502E+01
     0.170655502E+01
     0.170655502E+01
     0.170655502E+01
     0.170655502E+01
     0.170655502E+01
     0.170655502E+01
     0.170655502E+01
     0.170655502E+01
     0.170655502E+01
     0.170655502E+01
     0.170655502E+01
     0.170655502E+01
     0.170655502E+01
     0.170655502E+01
     0.170655502E+01
     0.170655502E+01
     0.170655502E+01
     0.170655502E+01
     0.170655502E+01
     0.170655502E+01
     0.170655502E+01
     0.170655502E+01
     0.170655502E+01
     0.170655502E+01
     0.170655502E+01
     0.170655502E+01
     0.170655502E+01
     0.170655502E+01
     0.170655502E+01
     0.170655502E+01
     0.170655502E+01
     0.170655502E+01
     0.170655502E+01
     0.170655502E+01
     0.170655502E+01
     0.170655502E+01
     0.170655502E+01
     0.170655502E+01
     0.170655502E+01
     0.170655502E+01
     0.170655502E+01
     0.170655502E+01
     0.170655502E+01
     0.170655502E+01
     0.170655502E+01
     0.170655502E+01
     0.170655502E+01
     0.170655502E+01
     0.170655502E+01
     0.170655502E+01
     0.170655502E+01
     0.170655502E+01
     0.170655502E+01
     0.170655502E+01
     0.170655502E+01
     0.170655502E+01
     0.170655502E+01
     0.170655502E+01
     0.170655502E+01
     0.170655502E+01
     0.170655502E+01
     0.170655502E+01
     0.170655502E+01
     0.170655502E+01
     0.170655502E+01
     0.170655502E+01
     0.170655502E+01
     0.170655502E+01
     0.170655502E+01
     0.170655502E+01
     0.170655502E+01
     0.170655502E+01
     0.170655502E+01
     0.170655502E+01
     0.170655502E+01
     0.170655502E+01
     0.170655502E+01
     0.170655502E+01
     0.170655502E+01
     0.170655502E+01
     0.170655502E+01
     0.170655502E+01
     0.170655502E+01
     0.170655502E+01
     0.170655502E+01
     0.170655502E+01
     0.170655502E+01
     0.170655502E+01
     0.170655502E+01
     0.170655502E+01
     0.170655502E+01
     0.170655502E+01
     0.170655502E+01
     0.170655502E+01
     0.170655502E+01
     0.170655502E+01
     0.170655502E+01
     0.170655502E+01
     0.170655502E+01
     0.170655502E+01
     0.170655502E+01
     0.170655502E+01
     0.170655502E+01
     0.170655502E+01
     0.170655502E+01
     0.170655502E+01
     0.170655502E+01
     0.170655502E+01
     0.170655502E+01
     0.170655502E+01
     0.170655502E+01
     0.170655502E+01
     0.170655502E+01
     0.170655502E+01
     0.170655502E+01
     0.170655502E+01
     0.170655502E+01
     0.170655502E+01
     0.170655502E+01
     0.170655502E+01
     0.170655502E+01
     0.170655502E+01
     0.170655502E+01
     0.170655502E+01
     0.170655502E+01
     0.170655502E+01
     0.170655502E+01
     0.170655502E+01
     0.170655502E+01
     0.170655502E+01
     0.170655502E+01
     0.170655502E+01
     0.170655502E+01
     0.170655502E+01
     0.170655502E+01
     0.170655502E+01
     0.170655502E+01
     0.170655502E+01
     0.170655502E+01
     0.170655502E+01
     0.170655502E+01
     0.170655502E+01
     0.170655502E+01
     0.170655502E+01
     0.170655502E+01
     0.170655502E+01
     0.170655502E+01
     0.170655502E+01
     0.170655502E+01
     0.170655502E+01
     0.170655502E+01
     0.170655502E+01
     0.170655502E+01
     0.170655502E+01
     0.170655502E+01
     0.170655502E+01
     0.170655502E+01
     0.170655502E+01
     0.170655502E+01
     0.170655502E+01
     0.170655502E+01
     0.170655502E+01
     0.170655502E+01
     0.170655502E+01
     0.170655502E+01
     0.170655502E+01
     0.170655502E+01
     0.170655502E+01
     0.170655502E+01
     0.170655502E+01
     0.170655502E+01
     0.170655502E+01
     0.170655502E+01
     0.170655502E+01
     0.170655502E+01
     0.170655502E+01
     0.170655502E+01
     0.170655502E+01
     0.170655502E+01
     0.170655502E+01
     0.170655502E+01
     0.170655502E+01
     0.170655502E+01
     0.170655502E+01
     0.170655502E+01
     0.170655502E+01
     0.170655502E+01
     0.170655502E+01
     0.170655502E+01
     0.170655502E+01
     0.170655502E+01
     0.170655502E+01
     0.170655502E+01
     0.170655502E+01
     0.170655502E+01
     0.170655502E+01
     0.170655502E+01
     0.170655502E+01
     0.170655502E+01
     0.170655502E+01
     0.170655502E+01
     0.170655502E+01
     0.170655502E+01
     0.170655502E+01
     0.170655502E+01
     0.170655502E+01
     0.170655502E+01
     0.170655502E+01
     0.170655502E+01
     0.170655502E+01
     0.170655502E+01
     0.170655502E+01
     0.170655502E+01
     0.170655502E+01
     0.170655502E+01
     0.170655502E+01
     0.170655502E+01
     0.170655502E+01
     0.170655502E+01
     0.170655502E+01
     0.170655502E+01
     0.170655502E+01
     0.170655502E+01
     0.170655502E+01
     0.170655502E+01
     0.170655502E+01
     0.170655502E+01
     0.170655502E+01
     0.170655502E+01
     0.170655502E+01
     0.170655502E+01
     0.170655502E+01
     0.170655502E+01
     0.170655502E+01
     0.170655502E+01
     0.170655502E+01
     0.170655502E+01
     0.170655502E+01
     0.170655502E+01
     0.170655502E+01
     0.170655502E+01
     0.170655502E+01
     0.170655502E+01
     0.170655502E+01
     0.170655502E+01
     0.170655502E+01
     0.170655502E+01
     0.170655502E+01
     0.170655502E+01
     0.170655502E+01
     0.170655502E+01
     0.170655502E+01
     0.170655502E+01
     0.170655502E+01
     0.170655502E+01
     0.170655502E+01
     0.170655502E+01
     0.170655502E+01
     0.170655502E+01
     0.170655502E+01
     0.170655502E+01
     0.170655502E+01
     0.170655502E+01
     0.170655502E+01
     0.170655502E+01
     0.170655502E+01
     0.170655502E+01
     0.170655502E+01
     0.170655502E+01
     0.170655502E+01
     0.170655502E+01
     0.170655502E+01
     0.170655502E+01
     0.170655502E+01
     0.170655502E+01
     0.170655502E+01
     0.170655502E+01
     0.170655502E+01
     0.170655502E+01
     0.170655502E+01
     0.170655502E+01
     0.170655502E+01
     0.170655502E+01
     0.170655502E+01
     0.170655502E+01
     0.170655502E+01
     0.170655502E+01
     0.170655502E+01
     0.170655502E+01
     0.170655502E+01
     0.170655502E+01
     0.170655502E+01
     0.170655502E+01
     0.170655502E+01
     0.170655502E+01
     0.170655502E+01
     0.170655502E+01
     0.170655502E+01
     0.170655502E+01
     0.170655502E+01
     0.170655502E+01
     0.170655502E+01
     0.170655502E+01
     0.170655502E+01
     0.170655502E+01
     0.170655502E+01
     0.170655502E+01
     0.170655502E+01
     0.170655502E+01
     0.170655502E+01
     0.170655502E+01
     0.170655502E+01
     0.170655502E+01
     0.170655502E+01
     0.170655502E+01
     0.170655502E+01
     0.170655502E+01
     0.170655502E+01
     0.170655502E+01
     0.170655502E+01
     0.170655502E+01
     0.170655502E+01
     0.170655502E+01
     0.170655502E+01
     0.170655502E+01
     0.170655502E+01
     0.170655502E+01
     0.170655502E+01
     0.170655502E+01
     0.170655502E+01
     0.170655502E+01
     0.170655502E+01
     0.170655502E+01
     0.170655502E+01
     0.170655502E+01
     0.170655502E+01
     0.170655502E+01
     0.170655502E+01
     0.170655502E+01
     0.170655502E+01
     0.170655502E+01
     0.170655502E+01
     0.170655502E+01
     0.170655502E+01
     0.170655502E+01
     0.170655502E+01
     0.170655502E+01
     0.170655502E+01
     0.170655502E+01
     0.170655502E+01
     0.170655502E+01
     0.170655502E+01
     0.170655502E+01
     0.170655502E+01
     0.170655502E+01
     0.170655502E+01
     0.170655502E+01
     0.170655502E+01
     0.170655502E+01
     0.170655502E+01
     0.170655502E+01
     0.170655502E+01
     0.170655502E+01
     0.170655502E+01
     0.170655502E+01
     0.170655502E+01
     0.170655502E+01
     0.170655502E+01
     0.170655502E+01
     0.170655502E+01
     0.170655502E+01
     0.170655502E+01
     0.170655502E+01
     0.170655502E+01
     0.170655502E+01
     0.170655502E+01
     0.170655502E+01
     0.170655502E+01
     0.170655502E+01
     0.170655502E+01
     0.170655502E+01
     0.170655502E+01
     0.170655502E+01
     0.170655502E+01
     0.170655502E+01
     0.170655502E+01
     0.170655502E+01
     0.170655502E+01
     0.170655502E+01
     0.170655502E+01
     0.170655502E+01
     0.170655502E+01
     0.170655502E+01
     0.170655502E+01
     0.170655502E+01
     0.170655502E+01
     0.170655502E+01
     0.170655502E+01
     0.170655502E+01
     0.170655502E+01
     0.170655502E+01
     0.170655502E+01
     0.170655502E+01
     0.170655502E+01
     0.170655502E+01
     0.170655502E+01
     0.170655502E+01
     0.170655502E+01
     0.170655502E+01
     0.170655502E+01
     0.170655502E+01
     0.170655502E+01
     0.170655502E+01
     0.170655502E+01
     0.170655502E+01
     0.170655502E+01
     0.170655502E+01
     0.170655502E+01
     0.170655502E+01
     0.170655502E+01
     0.170655502E+01
     0.170655502E+01
     0.170655502E+01
     0.170655502E+01
     0.170655502E+01
     0.170655502E+01
     0.170655502E+01
     0.170655502E+01
     0.170655502E+01
     0.170655502E+01
     0.170655502E+01
     0.170655502E+01
     0.170655502E+01
     0.170655502E+01
     0.170655502E+01
     0.170655502E+01
     0.170655502E+01
     0.170655502E+01
     0.170655502E+01
     0.170655502E+01
     0.170655502E+01
     0.170655502E+01
     0.170655502E+01
     0.170655502E+01
     0.170655502E+01
     0.170655502E+01
     0.170655502E+01
     0.170655502E+01
     0.170655502E+01
     0.170655502E+01
     0.170655502E+01
     0.170655502E+01
     0.170655502E+01
     0.170655502E+01
     0.170655502E+01
     0.170655502E+01
     0.170655502E+01
     0.170655502E+01
     0.170655502E+01
     0.170655502E+01
     0.170655502E+01
     0.170655502E+01
     0.170655502E+01
     0.170655502E+01
     0.170655502E+01
     0.170655502E+01
     0.170655502E+01
     0.170655502E+01
     0.170655502E+01
     0.170655502E+01
     0.170655502E+01
     0.170655502E+01
     0.170655502E+01
     0.170655502E+01
     0.170655502E+01
     0.170655502E+01
     0.170655502E+01
     0.170655502E+01
     0.170655502E+01
     0.170655502E+01
     0.170655502E+01
     0.170655502E+01
     0.170655502E+01
     0.170655502E+01
     0.170655502E+01
     0.170655502E+01
     0.170655502E+01
     0.170655502E+01
     0.170655502E+01
     0.170655502E+01
     0.170655502E+01
     0.170655502E+01
     0.170655502E+01
     0.170655502E+01
     0.170655502E+01
     0.170655502E+01
     0.170655502E+01
     0.170655502E+01
     0.170655502E+01
     0.170655502E+01
     0.170655502E+01
     0.170655502E+01
     0.170655502E+01
     0.170655502E+01
     0.170655502E+01
     0.170655502E+01
     0.170655502E+01
     0.170655502E+01
     0.170655502E+01
     0.170655502E+01
     0.170655502E+01
     0.170655502E+01
     0.170655502E+01
     0.170655502E+01
     0.170655502E+01
     0.170655502E+01
     0.170655502E+01
     0.170655502E+01
     0.170655502E+01
     0.170655502E+01
     0.170655502E+01
     0.170655502E+01
     0.170655502E+01
     0.170655502E+01
     0.170655502E+01
     0.170655502E+01
     0.170655502E+01
     0.170655502E+01
     0.170655502E+01
     0.170655502E+01
     0.170655502E+01
     0.170655502E+01
     0.170655502E+01
     0.170655502E+01
     0.170655502E+01
     0.170655502E+01
     0.170655502E+01
     0.170655502E+01
     0.170655502E+01
     0.170655502E+01
     0.170655502E+01
     0.170655502E+01
     0.170655502E+01
     0.170655502E+01
     0.170655502E+01
     0.170655502E+01
     0.170655502E+01
     0.170655502E+01
     0.170655502E+01
     0.170655502E+01
     0.170655502E+01
     0.170655502E+01
     0.170655502E+01
     0.170655502E+01
     0.170655502E+01
     0.170655502E+01
     0.170655502E+01
     0.170655502E+01
     0.170655502E+01
     0.170655502E+01
     0.170655502E+01
     0.170655502E+01
     0.170655502E+01
     0.170655502E+01
     0.170655502E+01
     0.170655502E+01
     0.170655502E+01
     0.170655502E+01
     0.170655502E+01
     0.170655502E+01
     0.170655502E+01
     0.170655502E+01
     0.170655502E+01
     0.170655502E+01
     0.170655502E+01
     0.170655502E+01
     0.170655502E+01
     0.170655502E+01
     0.170655502E+01
     0.170655502E+01
     0.170655502E+01
     0.170655502E+01
     0.170655502E+01
     0.170655502E+01
     0.170655502E+01
     0.170655502E+01
     0.170655502E+01
     0.170655502E+01
     0.170655502E+01
     0.170655502E+01
     0.170655502E+01
     0.170655502E+01
     0.170655502E+01
     0.170655502E+01
     0.170655502E+01
     0.170655502E+01
     0.170655502E+01
     0.170655502E+01
     0.170655502E+01
     0.170655502E+01
     0.170655502E+01
     0.170655502E+01
     0.170655502E+01
     0.170655502E+01
     0.170655502E+01
     0.170655502E+01
     0.170655502E+01
     0.170655502E+01
     0.170655502E+01
     0.170655502E+01
     0.170655502E+01
     0.170655502E+01
     0.170655502E+01
     0.170655502E+01
     0.170655502E+01
     0.170655502E+01
     0.170655502E+01
     0.170655502E+01
     0.170655502E+01
     0.170655502E+01
     0.170655502E+01
     0.170655502E+01
     0.170655502E+01
     0.170655502E+01
     0.170655502E+01
     0.170655502E+01
     0.170655502E+01
     0.170655502E+01
     0.170655502E+01
     0.170655502E+01
     0.170655502E+01
     0.170655502E+01
     0.170655502E+01
     0.170655502E+01
     0.170655502E+01
     0.170655502E+01
     0.170655502E+01
     0.170655502E+01
     0.170655502E+01
     0.170655502E+01
     0.170655502E+01
     0.170655502E+01
     0.170655502E+01
     0.170655502E+01
     0.170655502E+01
     0.170655502E+01
     0.170655502E+01
     0.170655502E+01
     0.170655502E+01
     0.170655502E+01
     0.170655502E+01
     0.170655502E+01
     0.170655502E+01
     0.170655502E+01
     0.170655502E+01
     0.170655502E+01
     0.170655502E+01
     0.170655502E+01
     0.170655502E+01
     0.170655502E+01
     0.170655502E+01
     0.170655502E+01
     0.170655502E+01
     0.170655502E+01
     0.170655502E+01
     0.170655502E+01
     0.170655502E+01
     0.170655502E+01
     0.170655502E+01
     0.170655502E+01
     0.170655502E+01
     0.170655502E+01
     0.170655502E+01
     0.170655502E+01
     0.170655502E+01
     0.170655502E+01
     0.170655502E+01
     0.170655502E+01
     0.170655502E+01
     0.170655502E+01
     0.170655502E+01
     0.170655502E+01
     0.170655502E+01
     0.170655502E+01
     0.170655502E+01
     0.170655502E+01
     0.170655502E+01
     0.170655502E+01
     0.170655502E+01
     0.170655502E+01
     0.170655502E+01
     0.170655502E+01
     0.170655502E+01
     0.170655502E+01
     0.170655502E+01
     0.170655502E+01
     0.170655502E+01
     0.170655502E+01
     0.170655502E+01
     0.170655502E+01
     0.170655502E+01
     0.170655502E+01
     0.170655502E+01
     0.170655502E+01
     0.170655502E+01
     0.170655502E+01
     0.170655502E+01
     0.170655502E+01
     0.170655502E+01
     0.170655502E+01
     0.170655502E+01
     0.170655502E+01
     0.170655502E+01
     0.170655502E+01
     0.170655502E+01
     0.170655502E+01
     0.170655502E+01
     0.170655502E+01
     0.170655502E+01
     0.170655502E+01
     0.170655502E+01
     0.170655502E+01
     0.170655502E+01
     0.170655502E+01
     0.170655502E+01
     0.170655502E+01
     0.170655502E+01
     0.170655502E+01
     0.170655502E+01
     0.170655502E+01
     0.170655502E+01
     0.170655502E+01
     0.170655502E+01
     0.170655502E+01
     0.170655502E+01
     0.170655502E+01
     0.170655502E+01
     0.170655502E+01
     0.170655502E+01
     0.170655502E+01
     0.170655502E+01
     0.170655502E+01
     0.170655502E+01
     0.170655502E+01
     0.170655502E+01
     0.170655502E+01
     0.170655502E+01
     0.170655502E+01
     0.170655502E+01
     0.170655502E+01
     0.170655502E+01
     0.170655502E+01
     0.170655502E+01
     0.170655502E+01
     0.170655502E+01
     0.170655502E+01
     0.170655502E+01
     0.170655502E+01
     0.170655502E+01
     0.170655502E+01
     0.170655502E+01
     0.170655502E+01
     0.170655502E+01
     0.170655502E+01
     0.170655502E+01
     0.170655502E+01
     0.170655502E+01
     0.170655502E+01
     0.170655502E+01
     0.170655502E+01
     0.170655502E+01
     0.170655502E+01
     0.170655502E+01
     0.170655502E+01
     0.170655502E+01
     0.170655502E+01
     0.170655502E+01
     0.170655502E+01
     0.170655502E+01
     0.170655502E+01
     0.170655502E+01
     0.170655502E+01
     0.170655502E+01
     0.170655502E+01
     0.170655502E+01
     0.170655502E+01
     0.170655502E+01
     0.170655502E+01
     0.170655502E+01
     0.170655502E+01
     0.170655502E+01
     0.170655502E+01
     0.170655502E+01
     0.170655502E+01
     0.170655502E+01
     0.170655502E+01
     0.170655502E+01
     0.170655502E+01
     0.170655502E+01
     0.170655502E+01
     0.170655502E+01
     0.170655502E+01
     0.170655502E+01
     0.170655502E+01
     0.170655502E+01
     0.170655502E+01
     0.170655502E+01
     0.170655502E+01
     0.170655502E+01
     0.170655502E+01
     0.170655502E+01
     0.170655502E+01
     0.170655502E+01
     0.170655502E+01
     0.170655502E+01
     0.170655502E+01
     0.170655502E+01
     0.170655502E+01
     0.170655502E+01
     0.170655502E+01
     0.170655502E+01
     0.170655502E+01
     0.170655502E+01
     0.170655502E+01
     0.170655502E+01
     0.170655502E+01
     0.170655502E+01
     0.170655502E+01
     0.170655502E+01
     0.170655502E+01
     0.170655502E+01
     0.170655502E+01
     0.170655502E+01
     0.170655502E+01
     0.170655502E+01
     0.170655502E+01
     0.170655502E+01
     0.170655502E+01
     0.170655502E+01
     0.170655502E+01
     0.170655502E+01
     0.170655502E+01
     0.170655502E+01
     0.170655502E+01
     0.170655502E+01
     0.170655502E+01
     0.170655502E+01
     0.170655502E+01
     0.170655502E+01
     0.170655502E+01
     0.170655502E+01
     0.170655502E+01
     0.170655502E+01
     0.170655502E+01
     0.170655502E+01
     0.170655502E+01
     0.170655502E+01
     0.170655502E+01
     0.170655502E+01
     0.170655502E+01
     0.170655502E+01
     0.170655502E+01
     0.170655502E+01
     0.170655502E+01
     0.170655502E+01
     0.170655502E+01
     0.170655502E+01
     0.170655502E+01
     0.170655502E+01
     0.170655502E+01
     0.170655502E+01
     0.170655502E+01
     0.170655502E+01
     0.170655502E+01
     0.170655502E+01
     0.170655502E+01
     0.170655502E+01
     0.170655502E+01
     0.170655502E+01
     0.170655502E+01
     0.170655502E+01
     0.170655502E+01
     0.170655502E+01
     0.170655502E+01
     0.170655502E+01
     0.170655502E+01
     0.170655502E+01
     0.170655502E+01
     0.170655502E+01
     0.170655502E+01
     0.170655502E+01
     0.170655502E+01
     0.170655502E+01
     0.170655502E+01
     0.170655502E+01
     0.170655502E+01
     0.170655502E+01
     0.170655502E+01
     0.170655502E+01
     0.170655502E+01
     0.170655502E+01
     0.170655502E+01
     0.170655502E+01
     0.170655502E+01
     0.170655502E+01
     0.170655502E+01
     0.170655502E+01
     0.170655502E+01
     0.170655502E+01
     0.170655502E+01
     0.170655502E+01
     0.170655502E+01
     0.170655502E+01
     0.170655502E+01
     0.170655502E+01
     0.170655502E+01
     0.170655502E+01
     0.170655502E+01
     0.170655502E+01
     0.170655502E+01
     0.170655502E+01
     0.170655502E+01
     0.170655502E+01
     0.170655502E+01
     0.170655502E+01
     0.170655502E+01
     0.170655502E+01
     0.170655502E+01
     0.170655502E+01
     0.170655502E+01
     0.170655502E+01
     0.170655502E+01
     0.170655502E+01
     0.170655502E+01
     0.170655502E+01
     0.170655502E+01
     0.170655502E+01
     0.170655502E+01
     0.170655502E+01
     0.170655502E+01
     0.170655502E+01
     0.170655502E+01
     0.170655502E+01
     0.170655502E+01
     0.170655502E+01
     0.170655502E+01
     0.170655502E+01
     0.170655502E+01
     0.170655502E+01
     0.170655502E+01
     0.170655502E+01
     0.170655502E+01
     0.170655502E+01
     0.170655502E+01
     0.170655502E+01
     0.170655502E+01
     0.170655502E+01
     0.170655502E+01
     0.170655502E+01
     0.170655502E+01
     0.170655502E+01
     0.170655502E+01
     0.170655502E+01
     0.170655502E+01
     0.170655502E+01
     0.170655502E+01
     0.170655502E+01
     0.170655502E+01
     0.170655502E+01
     0.170655502E+01
     0.170655502E+01
     0.170655502E+01
     0.170655502E+01
     0.170655502E+01
     0.170655502E+01
     0.170655502E+01
     0.170655502E+01
     0.170655502E+01
     0.170655502E+01
     0.170655502E+01
     0.170655502E+01
     0.170655502E+01
     0.170655502E+01
     0.170655502E+01
     0.170655502E+01
     0.170655502E+01
     0.170655502E+01
     0.170655502E+01
     0.170655502E+01
     0.170655502E+01
     0.170655502E+01
     0.170655502E+01
     0.170655502E+01
     0.170655502E+01
     0.170655502E+01
     0.170655502E+01
     0.170655502E+01
     0.170655502E+01
     0.170655502E+01
     0.170655502E+01
     0.170655502E+01
     0.170655502E+01
     0.170655502E+01
     0.170655502E+01
     0.170655502E+01
     0.170655502E+01
     0.170655502E+01
     0.170655502E+01
     0.170655502E+01
     0.170655502E+01
     0.170655502E+01
     0.170655502E+01
     0.170655502E+01
     0.170655502E+01
     0.170655502E+01
     0.170655502E+01
     0.170655502E+01
     0.170655502E+01
     0.170655502E+01
     0.170655502E+01
     0.170655502E+01
     0.170655502E+01
     0.170655502E+01
     0.170655502E+01
     0.170655502E+01
     0.170655502E+01
     0.170655502E+01
     0.170655502E+01
     0.170655502E+01
     0.170655502E+01
     0.170655502E+01
     0.170655502E+01
     0.170655502E+01
     0.170655502E+01
     0.170655502E+01
     0.170655502E+01
     0.170655502E+01
     0.170655502E+01
     0.170655502E+01
     0.170655502E+01
     0.170655502E+01
     0.170655502E+01
     0.170655502E+01
     0.170655502E+01
     0.170655502E+01
     0.170655502E+01
     0.170655502E+01
     0.170655502E+01
     0.170655502E+01
     0.170655502E+01
     0.170655502E+01
     0.170655502E+01
     0.170655502E+01
     0.170655502E+01
     0.170655502E+01
     0.170655502E+01
     0.170655502E+01
     0.170655502E+01
     0.170655502E+01
     0.170655502E+01
     0.170655502E+01
     0.170655502E+01
     0.170655502E+01
     0.170655502E+01
     0.170655502E+01
     0.170655502E+01
     0.170655502E+01
     0.170655502E+01
     0.170655502E+01
     0.170655502E+01
     0.170655502E+01
     0.170655502E+01
     0.170655502E+01
     0.170655502E+01
     0.170655502E+01
     0.170655502E+01
     0.170655502E+01
     0.170655502E+01
     0.170655502E+01
     0.170655502E+01
     0.170655502E+01
     0.170655502E+01
     0.170655502E+01
     0.170655502E+01
     0.170655502E+01
     0.170655502E+01
     0.170655502E+01
     0.170655502E+01
     0.170655502E+01
     0.170655502E+01
     0.170655502E+01
     0.170655502E+01
     0.170655502E+01
     0.170655502E+01
     0.170655502E+01
     0.170655502E+01
     0.170655502E+01
     0.170655502E+01
     0.170655502E+01
     0.170655502E+01
     0.170655502E+01
     0.170655502E+01
     0.170655502E+01
     0.170655502E+01
     0.170655502E+01
     0.170655502E+01
     0.170655502E+01
     0.170655502E+01
     0.170655502E+01
     0.170655502E+01
     0.170655502E+01
     0.170655502E+01
     0.170655502E+01
     0.170655502E+01
     0.170655502E+01
     0.170655502E+01
     0.170655502E+01
     0.170655502E+01
     0.170655502E+01
     0.170655502E+01
     0.170655502E+01
     0.170655502E+01
     0.170655502E+01
     0.170655502E+01
     0.170655502E+01
     0.170655502E+01
     0.170655502E+01
     0.170655502E+01
     0.170655502E+01
     0.170655502E+01
     0.170655502E+01
     0.170655502E+01
     0.170655502E+01
     0.170655502E+01
     0.170655502E+01
     0.170655502E+01
     0.170655502E+01
     0.170655502E+01
     0.170655502E+01
     0.170655502E+01
     0.170655502E+01
     0.170655502E+01
     0.170655502E+01
     0.170655502E+01
     0.170655502E+01
     0.170655502E+01
     0.170655502E+01
     0.170655502E+01
     0.170655502E+01
     0.170655502E+01
     0.170655502E+01
     0.170655502E+01
     0.170655502E+01
     0.170655502E+01
     0.170655502E+01
     0.170655502E+01
     0.170655502E+01
     0.170655502E+01
     0.170655502E+01
     0.170655502E+01
     0.170655502E+01
     0.170655502E+01
     0.170655502E+01
     0.170655502E+01
     0.170655502E+01
     0.170655502E+01
     0.170655502E+01
     0.170655502E+01
     0.170655502E+01
     0.170655502E+01
     0.170655502E+01
     0.170655502E+01
     0.170655502E+01
     0.170655502E+01
     0.170655502E+01
     0.170655502E+01
     0.170655502E+01
     0.170655502E+01
     0.170655502E+01
     0.170655502E+01
     0.170655502E+01
     0.170655502E+01
     0.170655502E+01
     0.170655502E+01
     0.170655502E+01
     0.170655502E+01
     0.170655502E+01
     0.170655502E+01
     0.170655502E+01
     0.170655502E+01
     0.170655502E+01
     0.170655502E+01
     0.170655502E+01
     0.170655502E+01
     0.170655502E+01
     0.170655502E+01
     0.170655502E+01
     0.170655502E+01
     0.170655502E+01
     0.170655502E+01
     0.170655502E+01
     0.170655502E+01
     0.170655502E+01
     0.170655502E+01
     0.170655502E+01
     0.170655502E+01
     0.170655502E+01
     0.170655502E+01
     0.170655502E+01
     0.170655502E+01
     0.170655502E+01
     0.170655502E+01
     0.170655502E+01
     0.170655502E+01
     0.170655502E+01
     0.170655502E+01
     0.170655502E+01
     0.170655502E+01
     0.170655502E+01
     0.170655502E+01
     0.170655502E+01
     0.170655502E+01
     0.170655502E+01
     0.170655502E+01
     0.170655502E+01
     0.170655502E+01
     0.170655502E+01
     0.170655502E+01
     0.170655502E+01
     0.170655502E+01
     0.170655502E+01
     0.170655502E+01
     0.170655502E+01
     0.170655502E+01
     0.170655502E+01
     0.170655502E+01
     0.170655502E+01
     0.170655502E+01
     0.170655502E+01
     0.170655502E+01
     0.170655502E+01
     0.170655502E+01
     0.170655502E+01
     0.170655502E+01
     0.170655502E+01
     0.170655502E+01
     0.170655502E+01
     0.170655502E+01
     0.170655502E+01
     0.170655502E+01
     0.170655502E+01
     0.170655502E+01
     0.170655502E+01
     0.170655502E+01
     0.170655502E+01
     0.170655502E+01
     0.170655502E+01
     0.170655502E+01
     0.170655502E+01
     0.170655502E+01
     0.170655502E+01
     0.170655502E+01
     0.170655502E+01
     0.170655502E+01
     0.170655502E+01
     0.170655502E+01
     0.170655502E+01
     0.170655502E+01
     0.170655502E+01
     0.170655502E+01
     0.170655502E+01
     0.170655502E+01
     0.170655502E+01
     0.170655502E+01
     0.170655502E+01
     0.170655502E+01
     0.170655502E+01
     0.170655502E+01
     0.170655502E+01
     0.170655502E+01
     0.170655502E+01
     0.170655502E+01
     0.170655502E+01
     0.170655502E+01
     0.170655502E+01
     0.170655502E+01
     0.170655502E+01
     0.170655502E+01
     0.170655502E+01
     0.170655502E+01
     0.170655502E+01
     0.170655502E+01
     0.170655502E+01
     0.170655502E+01
     0.170655502E+01
     0.170655502E+01
     0.170655502E+01
     0.170655502E+01
     0.170655502E+01
     0.170655502E+01
     0.170655502E+01
     0.170655502E+01
     0.170655502E+01
     0.170655502E+01
     0.170655502E+01
     0.170655502E+01
     0.170655502E+01
     0.170655502E+01
     0.170655502E+01
     0.170655502E+01
     0.170655502E+01
     0.170655502E+01
     0.170655502E+01
     0.170655502E+01
     0.170655502E+01
     0.170655502E+01
     0.170655502E+01
     0.170655502E+01
     0.170655502E+01
     0.170655502E+01
     0.170655502E+01
     0.170655502E+01
     0.170655502E+01
     0.170655502E+01
     0.170655502E+01
     0.170655502E+01
     0.170655502E+01
     0.170655502E+01
     0.170655502E+01
     0.170655502E+01
     0.170655502E+01
     0.170655502E+01
     0.170655502E+01
     0.170655502E+01
     0.170655502E+01
     0.170655502E+01
     0.170655502E+01
     0.170655502E+01
     0.170655502E+01
     0.170655502E+01
     0.170655502E+01
     0.170655502E+01
     0.170655502E+01
     0.170655502E+01
     0.170655502E+01
     0.170655502E+01
     0.170655502E+01
     0.170655502E+01
     0.170655502E+01
     0.170655502E+01
     0.170655502E+01
     0.170655502E+01
     0.170655502E+01
     0.170655502E+01
     0.170655502E+01
     0.170655502E+01
     0.170655502E+01
     0.170655502E+01
     0.170655502E+01
     0.170655502E+01
     0.170655502E+01
     0.170655502E+01
     0.170655502E+01
     0.170655502E+01
     0.170655502E+01
     0.170655502E+01
     0.170655502E+01
     0.170655502E+01
     0.170655502E+01
     0.170655502E+01
     0.170655502E+01
     0.170655502E+01
     0.170655502E+01
     0.170655502E+01
     0.170655502E+01
     0.170655502E+01
     0.170655502E+01
     0.170655502E+01
     0.170655502E+01
     0.170655502E+01
     0.170655502E+01
     0.170655502E+01
     0.170655502E+01
     0.170655502E+01
     0.170655502E+01
     0.170655502E+01
     0.170655502E+01
     0.170655502E+01
     0.170655502E+01
     0.170655502E+01
     0.170655502E+01
     0.170655502E+01
     0.170655502E+01
     0.170655502E+01
     0.170655502E+01
     0.170655502E+01
     0.170655502E+01
     0.170655502E+01
     0.170655502E+01
     0.170655502E+01
     0.170655502E+01
     0.170655502E+01
     0.170655502E+01
     0.170655502E+01
     0.170655502E+01
     0.170655502E+01
     0.170655502E+01
     0.170655502E+01
     0.170655502E+01
     0.170655502E+01
     0.170655502E+01
     0.170655502E+01
     0.170655502E+01
     0.170655502E+01
     0.170655502E+01
     0.170655502E+01
     0.170655502E+01
     0.170655502E+01
     0.170655502E+01
     0.170655502E+01
     0.170655502E+01
     0.170655502E+01
     0.170655502E+01
     0.170655502E+01
     0.170655502E+01
     0.170655502E+01
     0.170655502E+01
     0.170655502E+01
     0.170655502E+01
     0.170655502E+01
     0.170655502E+01
     0.170655502E+01
     0.170655502E+01
     0.170655502E+01
     0.170655502E+01
     0.170655502E+01
     0.170655502E+01
     0.170655502E+01
     0.170655502E+01
     0.170655502E+01
     0.170655502E+01
     0.170655502E+01
     0.170655502E+01
     0.170655502E+01
     0.170655502E+01
     0.170655502E+01
     0.170655502E+01
     0.170655502E+01
     0.170655502E+01
     0.170655502E+01
     0.170655502E+01
     0.170655502E+01
     0.170655502E+01
     0.170655502E+01
     0.170655502E+01
     0.170655502E+01
     0.170655502E+01
     0.170655502E+01
     0.170655502E+01
     0.170655502E+01
     0.170655502E+01
     0.170655502E+01
     0.170655502E+01
     0.170655502E+01
     0.170655502E+01
     0.170655502E+01
     0.170655502E+01
     0.170655502E+01
     0.170655502E+01
     0.170655502E+01
     0.170655502E+01
     0.170655502E+01
     0.170655502E+01
     0.170655502E+01
     0.170655502E+01
     0.170655502E+01
     0.170655502E+01
     0.170655502E+01
     0.170655502E+01
     0.170655502E+01
     0.170655502E+01
     0.170655502E+01
     0.170655502E+01
     0.170655502E+01
     0.170655502E+01
     0.170655502E+01
     0.170655502E+01
     0.170655502E+01
     0.170655502E+01
     0.170655502E+01
     0.170655502E+01
     0.170655502E+01
     0.170655502E+01
     0.170655502E+01
     0.170655502E+01
     0.170655502E+01
     0.170655502E+01
     0.170655502E+01
     0.170655502E+01
     0.170655502E+01
     0.170655502E+01
     0.170655502E+01
     0.170655502E+01
     0.170655502E+01
     0.170655502E+01
     0.170655502E+01
     0.170655502E+01
     0.170655502E+01
     0.170655502E+01
     0.170655502E+01
     0.170655502E+01
     0.170655502E+01
     0.170655502E+01
     0.170655502E+01
     0.170655502E+01
     0.170655502E+01
     0.170655502E+01
     0.170655502E+01
     0.170655502E+01
     0.170655502E+01
     0.170655502E+01
     0.170655502E+01
     0.170655502E+01
     0.170655502E+01
     0.170655502E+01
     0.170655502E+01
     0.170655502E+01
     0.170655502E+01
     0.170655502E+01
     0.170655502E+01
     0.170655502E+01
     0.170655502E+01
     0.170655502E+01
     0.170655502E+01
     0.170655502E+01
     0.170655502E+01
     0.170655502E+01
     0.170655502E+01
     0.170655502E+01
     0.170655502E+01
     0.170655502E+01
     0.170655502E+01
     0.170655502E+01
     0.170655502E+01
     0.170655502E+01
     0.170655502E+01
     0.170655502E+01
     0.170655502E+01
     0.170655502E+01
     0.170655502E+01
     0.170655502E+01
     0.170655502E+01
     0.170655502E+01
     0.170655502E+01
     0.170655502E+01
     0.170655502E+01
     0.170655502E+01
     0.170655502E+01
     0.170655502E+01
     0.170655502E+01
     0.170655502E+01
     0.170655502E+01
     0.170655502E+01
     0.170655502E+01
     0.170655502E+01
     0.170655502E+01
     0.170655502E+01
     0.170655502E+01
     0.170655502E+01
     0.170655502E+01
     0.170655502E+01
     0.170655502E+01
     0.170655502E+01
     0.170655502E+01
     0.170655502E+01
     0.170655502E+01
     0.170655502E+01
     0.170655502E+01
     0.170655502E+01
     0.170655502E+01
     0.170655502E+01
     0.170655502E+01
     0.170655502E+01
     0.170655502E+01
     0.170655502E+01
     0.170655502E+01
     0.170655502E+01
     0.170655502E+01
     0.170655502E+01
     0.170655502E+01
     0.170655502E+01
     0.170655502E+01
     0.170655502E+01
     0.170655502E+01
     0.170655502E+01
     0.170655502E+01
     0.170655502E+01
     0.170655502E+01
     0.170655502E+01
     0.170655502E+01
     0.170655502E+01
     0.170655502E+01
     0.170655502E+01
     0.170655502E+01
     0.170655502E+01
     0.170655502E+01
     0.170655502E+01
     0.170655502E+01
     0.170655502E+01
     0.170655502E+01
     0.170655502E+01
     0.170655502E+01
     0.170655502E+01
     0.170655502E+01
     0.170655502E+01
     0.170655502E+01
     0.170655502E+01
     0.170655502E+01
     0.170655502E+01
     0.170655502E+01
     0.170655502E+01
     0.170655502E+01
     0.170655502E+01
     0.170655502E+01
     0.170655502E+01
     0.170655502E+01
     0.170655502E+01
     0.170655502E+01
     0.170655502E+01
     0.170655502E+01
     0.170655502E+01
     0.170655502E+01
     0.170655502E+01
     0.170655502E+01
     0.170655502E+01
     0.170655502E+01
     0.170655502E+01
     0.170655502E+01
     0.170655502E+01
     0.170655502E+01
     0.170655502E+01
     0.170655502E+01
     0.170655502E+01
     0.170655502E+01
     0.170655502E+01
     0.170655502E+01
     0.170655502E+01
     0.170655502E+01
     0.170655502E+01
     0.170655502E+01
     0.170655502E+01
     0.170655502E+01
     0.170655502E+01
     0.170655502E+01
     0.170655502E+01
     0.170655502E+01
     0.170655502E+01
     0.170655502E+01
     0.170655502E+01
     0.170655502E+01
     0.170655502E+01
     0.170655502E+01
     0.170655502E+01
     0.170655502E+01
     0.170655502E+01
     0.170655502E+01
     0.170655502E+01
     0.170655502E+01
     0.170655502E+01
     0.170655502E+01
     0.170655502E+01
     0.170655502E+01
     0.170655502E+01
     0.170655502E+01
     0.170655502E+01
     0.170655502E+01
     0.170655502E+01
     0.170655502E+01
     0.170655502E+01
     0.170655502E+01
     0.170655502E+01
     0.170655502E+01
     0.170655502E+01
     0.170655502E+01
     0.170655502E+01
     0.170655502E+01
     0.170655502E+01
     0.170655502E+01
     0.170655502E+01
     0.170655502E+01
     0.170655502E+01
     0.170655502E+01
     0.170655502E+01
     0.170655502E+01
     0.170655502E+01
     0.170655502E+01
     0.170655502E+01
     0.170655502E+01
     0.170655502E+01
     0.170655502E+01
     0.170655502E+01
     0.170655502E+01
     0.170655502E+01
     0.170655502E+01
     0.170655502E+01
     0.170655502E+01
     0.170655502E+01
     0.170655502E+01
     0.170655502E+01
     0.170655502E+01
     0.170655502E+01
     0.170655502E+01
     0.170655502E+01
     0.170655502E+01
     0.170655502E+01
     0.170655502E+01
     0.170655502E+01
     0.170655502E+01
     0.170655502E+01
     0.170655502E+01
     0.170655502E+01
     0.170655502E+01
     0.170655502E+01
     0.170655502E+01
     0.170655502E+01
     0.170655502E+01
     0.170655502E+01
     0.170655502E+01
     0.170655502E+01
     0.170655502E+01
     0.170655502E+01
     0.170655502E+01
     0.170655502E+01
     0.170655502E+01
     0.170655502E+01
     0.170655502E+01
     0.170655502E+01
     0.170655502E+01
     0.170655502E+01
     0.170655502E+01
     0.170655502E+01
     0.170655502E+01
     0.170655502E+01
     0.170655502E+01
     0.170655502E+01
     0.170655502E+01
     0.170655502E+01
     0.170655502E+01
     0.170655502E+01
     0.170655502E+01
     0.170655502E+01
     0.170655502E+01
     0.170655502E+01
     0.170655502E+01
     0.170655502E+01
     0.170655502E+01
     0.170655502E+01
     0.170655502E+01
     0.170655502E+01
     0.170655502E+01
     0.170655502E+01
     0.170655502E+01
     0.170655502E+01
     0.170655502E+01
     0.170655502E+01
     0.170655502E+01
     0.170655502E+01
     0.170655502E+01
     0.170655502E+01
     0.170655502E+01
     0.170655502E+01
     0.170655502E+01
     0.170655502E+01
     0.170655502E+01
     0.170655502E+01
     0.170655502E+01
     0.170655502E+01
     0.170655502E+01
     0.170655502E+01
     0.170655502E+01
     0.170655502E+01
     0.170655502E+01
     0.170655502E+01
     0.170655502E+01
     0.170655502E+01
     0.170655502E+01
     0.170655502E+01
     0.170655502E+01
     0.170655502E+01
     0.170655502E+01
     0.170655502E+01
     0.170655502E+01
     0.170655502E+01
     0.170655502E+01
     0.170655502E+01
     0.170655502E+01
     0.170655502E+01
     0.170655502E+01
     0.170655502E+01
     0.170655502E+01
     0.170655502E+01
     0.170655502E+01
     0.170655502E+01
     0.170655502E+01
     0.170655502E+01
     0.170655502E+01
     0.170655502E+01
     0.170655502E+01
     0.170655502E+01
     0.170655502E+01
     0.170655502E+01
     0.170655502E+01
     0.170655502E+01
     0.170655502E+01
     0.170655502E+01
     0.170655502E+01
     0.170655502E+01
     0.170655502E+01
     0.170655502E+01
     0.170655502E+01
     0.170655502E+01
     0.170655502E+01
     0.170655502E+01
     0.170655502E+01
     0.170655502E+01
     0.170655502E+01
     0.170655502E+01
     0.170655502E+01
     0.170655502E+01
     0.170655502E+01
     0.170655502E+01
     0.170655502E+01
     0.170655502E+01
     0.170655502E+01
     0.170655502E+01
     0.170655502E+01
     0.170655502E+01
     0.170655502E+01
     0.170655502E+01
     0.170655502E+01
     0.170655502E+01
     0.170655502E+01
     0.170655502E+01
     0.170655502E+01
     0.170655502E+01
     0.170655502E+01
     0.170655502E+01
     0.170655502E+01
     0.170655502E+01
     0.170655502E+01
     0.170655502E+01
     0.170655502E+01
     0.170655502E+01
     0.170655502E+01
     0.170655502E+01
     0.170655502E+01
     0.170655502E+01
     0.170655502E+01
     0.170655502E+01
     0.170655502E+01
     0.170655502E+01
     0.170655502E+01
     0.170655502E+01
     0.170655502E+01
     0.170655502E+01
     0.170655502E+01
     0.170655502E+01
     0.170655502E+01
     0.170655502E+01
     0.170655502E+01
     0.170655502E+01
     0.170655502E+01
     0.170655502E+01
     0.170655502E+01
     0.170655502E+01
     0.170655502E+01
     0.170655502E+01
     0.170655502E+01
     0.170655502E+01
     0.170655502E+01
     0.170655502E+01
     0.170655502E+01
     0.170655502E+01
     0.170655502E+01
     0.170655502E+01
     0.170655502E+01
     0.170655502E+01
     0.170655502E+01
     0.170655502E+01
     0.170655502E+01
     0.170655502E+01
     0.170655502E+01
     0.170655502E+01
     0.170655502E+01
     0.170655502E+01
     0.170655502E+01
     0.170655502E+01
     0.170655502E+01
     0.170655502E+01
     0.170655502E+01
     0.170655502E+01
     0.170655502E+01
     0.170655502E+01
     0.170655502E+01
     0.170655502E+01
     0.170655502E+01
     0.170655502E+01
     0.170655502E+01
     0.170655502E+01
     0.170655502E+01
     0.170655502E+01
     0.170655502E+01
     0.170655502E+01
     0.170655502E+01
     0.170655502E+01
     0.170655502E+01
     0.170655502E+01
     0.170655502E+01
     0.170655502E+01
     0.170655502E+01
     0.170655502E+01
     0.170655502E+01
     0.170655502E+01
     0.170655502E+01
     0.170655502E+01
     0.170655502E+01
     0.170655502E+01
     0.170655502E+01
     0.170655502E+01
     0.170655502E+01
     0.170655502E+01
     0.170655502E+01
     0.170655502E+01
     0.170655502E+01
     0.170655502E+01
     0.170655502E+01
     0.170655502E+01
     0.170655502E+01
     0.170655502E+01
     0.170655502E+01
     0.170655502E+01
     0.170655502E+01
     0.170655502E+01
     0.170655502E+01
     0.170655502E+01
     0.170655502E+01
     0.170655502E+01
     0.170655502E+01
     0.170655502E+01
     0.170655502E+01
     0.170655502E+01
     0.170655502E+01
     0.170655502E+01
     0.170655502E+01
     0.170655502E+01
     0.170655502E+01
     0.170655502E+01
     0.170655502E+01
     0.170655502E+01
     0.170655502E+01
     0.170655502E+01
     0.170655502E+01
     0.170655502E+01
     0.170655502E+01
     0.170655502E+01
     0.170655502E+01
     0.170655502E+01
     0.170655502E+01
     0.170655502E+01
     0.170655502E+01
     0.170655502E+01
     0.170655502E+01
     0.170655502E+01
     0.170655502E+01
     0.170655502E+01
     0.170655502E+01
     0.170655502E+01
     0.170655502E+01
     0.170655502E+01
     0.170655502E+01
     0.170655502E+01
     0.170655502E+01
     0.170655502E+01
     0.170655502E+01
     0.170655502E+01
     0.170655502E+01
     0.170655502E+01
     0.170655502E+01
     0.170655502E+01
     0.170655502E+01
     0.170655502E+01
     0.170655502E+01
     0.170655502E+01
     0.170655502E+01
     0.170655502E+01
     0.170655502E+01
     0.170655502E+01
     0.170655502E+01
     0.170655502E+01
     0.170655502E+01
     0.170655502E+01
     0.170655502E+01
     0.170655502E+01
     0.170655502E+01
     0.170655502E+01
     0.170655502E+01
     0.170655502E+01
     0.170655502E+01
     0.170655502E+01
     0.170655502E+01
     0.170655502E+01
     0.170655502E+01
     0.170655502E+01
     0.170655502E+01
     0.170655502E+01
     0.170655502E+01
     0.170655502E+01
     0.170655502E+01
     0.170655502E+01
     0.170655502E+01
     0.170655502E+01
     0.170655502E+01
     0.170655502E+01
     0.170655502E+01
     0.170655502E+01
     0.170655502E+01
     0.170655502E+01
     0.170655502E+01
     0.170655502E+01
     0.170655502E+01
     0.170655502E+01
     0.170655502E+01
     0.170655502E+01
     0.170655502E+01
     0.170655502E+01
     0.170655502E+01
     0.170655502E+01
     0.170655502E+01
     0.170655502E+01
     0.170655502E+01
     0.170655502E+01
     0.170655502E+01
     0.170655502E+01
     0.170655502E+01
     0.170655502E+01
     0.170655502E+01
     0.170655502E+01
     0.170655502E+01
     0.170655502E+01
     0.170655502E+01
     0.170655502E+01
     0.170655502E+01
     0.170655502E+01
     0.170655502E+01
     0.170655502E+01
     0.170655502E+01
     0.170655502E+01
     0.170655502E+01
     0.170655502E+01
     0.170655502E+01
     0.170655502E+01
     0.170655502E+01
     0.170655502E+01
     0.170655502E+01
     0.170655502E+01
     0.170655502E+01
     0.170655502E+01
     0.170655502E+01
     0.170655502E+01
     0.170655502E+01
     0.170655502E+01
     0.170655502E+01
     0.170655502E+01
     0.170655502E+01
     0.170655502E+01
     0.170655502E+01
     0.170655502E+01
     0.170655502E+01
     0.170655502E+01
     0.170655502E+01
     0.170655502E+01
     0.170655502E+01
     0.170655502E+01
     0.170655502E+01
     0.170655502E+01
     0.170655502E+01
     0.170655502E+01
     0.170655502E+01
     0.170655502E+01
     0.170655502E+01
     0.170655502E+01
     0.170655502E+01
     0.170655502E+01
     0.170655502E+01
     0.170655502E+01
     0.170655502E+01
     0.170655502E+01
     0.170655502E+01
     0.170655502E+01
     0.170655502E+01
     0.170655502E+01
     0.170655502E+01
     0.170655502E+01
     0.170655502E+01
     0.170655502E+01
     0.170655502E+01
     0.170655502E+01
     0.170655502E+01
     0.170655502E+01
     0.170655502E+01
     0.170655502E+01
     0.170655502E+01
     0.170655502E+01
     0.170655502E+01
     0.170655502E+01
     0.170655502E+01
     0.170655502E+01
     0.170655502E+01
     0.170655502E+01
     0.170655502E+01
     0.170655502E+01
     0.170655502E+01
     0.170655502E+01
     0.170655502E+01
     0.170655502E+01
     0.170655502E+01
     0.170655502E+01
     0.170655502E+01
     0.170655502E+01
     0.170655502E+01
     0.170655502E+01
     0.170655502E+01
     0.170655502E+01
     0.170655502E+01
     0.170655502E+01
     0.170655502E+01
     0.170655502E+01
     0.170655502E+01
     0.170655502E+01
     0.170655502E+01
     0.170655502E+01
     0.170655502E+01
     0.170655502E+01
     0.170655502E+01
     0.170655502E+01
     0.170655502E+01
     0.170655502E+01
     0.170655502E+01
     0.170655502E+01
     0.170655502E+01
     0.170655502E+01
     0.170655502E+01
     0.170655502E+01
     0.170655502E+01
     0.170655502E+01
     0.170655502E+01
     0.170655502E+01
     0.170655502E+01
     0.170655502E+01
     0.170655502E+01
     0.170655502E+01
     0.170655502E+01
     0.170655502E+01
     0.170655502E+01
     0.170655502E+01
     0.170655502E+01
     0.170655502E+01
     0.170655502E+01
     0.170655502E+01
     0.170655502E+01
     0.170655502E+01
     0.170655502E+01
     0.170655502E+01
     0.170655502E+01
     0.170655502E+01
     0.170655502E+01
     0.170655502E+01
     0.170655502E+01
     0.170655502E+01
     0.170655502E+01
     0.170655502E+01
     0.170655502E+01
     0.170655502E+01
     0.170655502E+01
     0.170655502E+01
     0.170655502E+01
     0.170655502E+01
     0.170655502E+01
     0.170655502E+01
     0.170655502E+01
     0.170655502E+01
     0.170655502E+01
     0.170655502E+01
     0.170655502E+01
     0.170655502E+01
     0.170655502E+01
     0.170655502E+01
     0.170655502E+01
     0.170655502E+01
     0.170655502E+01
     0.170655502E+01
     0.170655502E+01
     0.170655502E+01
     0.170655502E+01
     0.170655502E+01
     0.170655502E+01
     0.170655502E+01
     0.170655502E+01
     0.170655502E+01
     0.170655502E+01
     0.170655502E+01
     0.170655502E+01
     0.170655502E+01
     0.170655502E+01
     0.170655502E+01
     0.170655502E+01
     0.170655502E+01
     0.170655502E+01
     0.170655502E+01
     0.170655502E+01
     0.170655502E+01
     0.170655502E+01
     0.170655502E+01
     0.170655502E+01
     0.170655502E+01
     0.170655502E+01
     0.170655502E+01
     0.170655502E+01
     0.170655502E+01
     0.170655502E+01
     0.170655502E+01
     0.170655502E+01
     0.170655502E+01
     0.170655502E+01
     0.170655502E+01
     0.170655502E+01
     0.170655502E+01
     0.170655502E+01
     0.170655502E+01
     0.170655502E+01
     0.170655502E+01
     0.170655502E+01
     0.170655502E+01
     0.170655502E+01
     0.170655502E+01
     0.170655502E+01
     0.170655502E+01
     0.170655502E+01
     0.170655502E+01
     0.170655502E+01
     0.170655502E+01
     0.170655502E+01
     0.170655502E+01
     0.170655502E+01
     0.170655502E+01
     0.170655502E+01
     0.170655502E+01
     0.170655502E+01
     0.170655502E+01
     0.170655502E+01
     0.170655502E+01
     0.170655502E+01
     0.170655502E+01
     0.170655502E+01
     0.170655502E+01
     0.170655502E+01
     0.170655502E+01
     0.170655502E+01
     0.170655502E+01
     0.170655502E+01
     0.170655502E+01
     0.170655502E+01
     0.170655502E+01
     0.170655502E+01
     0.170655502E+01
     0.170655502E+01
     0.170655502E+01
     0.170655502E+01
     0.170655502E+01
     0.170655502E+01
     0.170655502E+01
     0.170655502E+01
     0.170655502E+01
     0.170655502E+01
     0.170655502E+01
     0.170655502E+01
     0.170655502E+01
     0.170655502E+01
     0.170655502E+01
     0.170655502E+01
     0.170655502E+01
     0.170655502E+01
     0.170655502E+01
     0.170655502E+01
     0.170655502E+01
     0.170655502E+01
     0.170655502E+01
     0.170655502E+01
     0.170655502E+01
     0.170655502E+01
     0.170655502E+01
     0.170655502E+01
     0.170655502E+01
     0.170655502E+01
     0.170655502E+01
     0.170655502E+01
     0.170655502E+01
     0.170655502E+01
     0.170655502E+01
     0.170655502E+01
     0.170655502E+01
     0.170655502E+01
     0.170655502E+01
     0.170655502E+01
     0.170655502E+01
     0.170655502E+01
     0.170655502E+01
     0.170655502E+01
     0.170655502E+01
     0.170655502E+01
     0.170655502E+01
     0.170655502E+01
     0.170655502E+01
     0.170655502E+01
     0.170655502E+01
     0.170655502E+01
     0.170655502E+01
     0.170655502E+01
     0.170655502E+01
     0.170655502E+01
     0.170655502E+01
     0.170655502E+01
     0.170655502E+01
     0.170655502E+01
     0.170655502E+01
     0.170655502E+01
     0.170655502E+01
     0.170655502E+01
     0.170655502E+01
     0.170655502E+01
     0.170655502E+01
     0.170655502E+01
     0.170655502E+01
     0.170655502E+01
     0.170655502E+01
     0.170655502E+01
     0.170655502E+01
     0.170655502E+01
     0.170655502E+01
     0.170655502E+01
     0.170655502E+01
     0.170655502E+01
     0.170655502E+01
     0.170655502E+01
     0.170655502E+01
     0.170655502E+01
     0.170655502E+01
     0.170655502E+01
     0.170655502E+01
     0.170655502E+01
     0.170655502E+01
     0.170655502E+01
     0.170655502E+01
     0.170655502E+01
     0.170655502E+01
     0.170655502E+01
     0.170655502E+01
     0.170655502E+01
     0.170655502E+01
     0.170655502E+01
     0.170655502E+01
     0.170655502E+01
     0.170655502E+01
     0.170655502E+01
     0.170655502E+01
     0.170655502E+01
     0.170655502E+01
     0.170655502E+01
     0.170655502E+01
     0.170655502E+01
     0.170655502E+01
     0.170655502E+01
     0.170655502E+01
     0.170655502E+01
     0.170655502E+01
     0.170655502E+01
     0.170655502E+01
     0.170655502E+01
     0.170655502E+01
     0.170655502E+01
     0.170655502E+01
     0.170655502E+01
     0.170655502E+01
     0.170655502E+01
     0.170655502E+01
     0.170655502E+01
     0.170655502E+01
     0.170655502E+01
     0.170655502E+01
     0.170655502E+01
     0.170655502E+01
     0.170655502E+01
     0.170655502E+01
     0.170655502E+01
     0.170655502E+01
     0.170655502E+01
     0.170655502E+01
     0.170655502E+01
     0.170655502E+01
     0.170655502E+01
     0.170655502E+01
     0.170655502E+01
     0.170655502E+01
     0.170655502E+01
     0.170655502E+01
     0.170655502E+01
     0.170655502E+01
     0.170655502E+01
     0.170655502E+01
     0.170655502E+01
     0.170655502E+01
     0.170655502E+01
     0.170655502E+01
     0.170655502E+01
     0.170655502E+01
     0.170655502E+01
     0.170655502E+01
     0.170655502E+01
     0.170655502E+01
     0.170655502E+01
     0.170655502E+01
     0.170655502E+01
     0.170655502E+01
     0.170655502E+01
     0.170655502E+01
     0.170655502E+01
     0.170655502E+01
     0.170655502E+01
     0.170655502E+01
     0.170655502E+01
     0.170655502E+01
     0.170655502E+01
     0.170655502E+01
     0.170655502E+01
     0.170655502E+01
     0.170655502E+01
     0.170655502E+01
     0.170655502E+01
     0.170655502E+01
     0.170655502E+01
     0.170655502E+01
     0.170655502E+01
     0.170655502E+01
     0.170655502E+01
     0.170655502E+01
     0.170655502E+01
     0.170655502E+01
     0.170655502E+01
     0.170655502E+01
     0.170655502E+01
     0.170655502E+01
     0.170655502E+01
     0.170655502E+01
     0.170655502E+01
     0.170655502E+01
     0.170655502E+01
     0.170655502E+01
     0.170655502E+01
     0.170655502E+01
     0.170655502E+01
     0.170655502E+01
     0.170655502E+01
     0.170655502E+01
     0.170655502E+01
     0.170655502E+01
     0.170655502E+01
     0.170655502E+01
     0.170655502E+01
     0.170655502E+01
     0.170655502E+01
     0.170655502E+01
     0.170655502E+01
     0.170655502E+01
     0.170655502E+01
     0.170655502E+01
     0.170655502E+01
     0.170655502E+01
     0.170655502E+01
     0.170655502E+01
     0.170655502E+01
     0.170655502E+01
     0.170655502E+01
     0.170655502E+01
     0.170655502E+01
     0.170655502E+01
     0.170655502E+01
     0.170655502E+01
     0.170655502E+01
     0.170655502E+01
     0.170655502E+01
     0.170655502E+01
     0.170655502E+01
     0.170655502E+01
     0.170655502E+01
     0.170655502E+01
     0.170655502E+01
     0.170655502E+01
     0.170655502E+01
     0.170655502E+01
     0.170655502E+01
     0.170655502E+01
     0.170655502E+01
     0.170655502E+01
     0.170655502E+01
     0.170655502E+01
     0.170655502E+01
     0.170655502E+01
     0.170655502E+01
     0.170655502E+01
     0.170655502E+01
     0.170655502E+01
     0.170655502E+01
     0.170655502E+01
     0.170655502E+01
     0.170655502E+01
     0.170655502E+01
     0.170655502E+01
     0.170655502E+01
     0.170655502E+01
     0.170655502E+01
     0.170655502E+01
     0.170655502E+01
     0.170655502E+01
     0.170655502E+01
     0.170655502E+01
     0.170655502E+01
     0.170655502E+01
     0.170655502E+01
     0.170655502E+01
     0.170655502E+01
     0.170655502E+01
     0.170655502E+01
     0.170655502E+01
     0.170655502E+01
     0.170655502E+01
     0.170655502E+01
     0.170655502E+01
     0.170655502E+01
     0.170655502E+01
     0.170655502E+01
     0.170655502E+01
     0.170655502E+01
     0.170655502E+01
     0.170655502E+01
     0.170655502E+01
     0.170655502E+01
     0.170655502E+01
     0.170655502E+01
     0.170655502E+01
     0.170655502E+01
     0.170655502E+01
     0.170655502E+01
     0.170655502E+01
     0.170655502E+01
     0.170655502E+01
     0.170655502E+01
     0.170655502E+01
     0.170655502E+01
     0.170655502E+01
     0.170655502E+01
     0.170655502E+01
     0.170655502E+01
     0.170655502E+01
     0.170655502E+01
     0.170655502E+01
     0.170655502E+01
     0.170655502E+01
     0.170655502E+01
     0.170655502E+01
     0.170655502E+01
     0.170655502E+01
     0.170655502E+01
     0.170655502E+01
     0.170655502E+01
     0.170655502E+01
     0.170655502E+01
     0.170655502E+01
     0.170655502E+01
     0.170655502E+01
     0.170655502E+01
     0.170655502E+01
     0.170655502E+01
     0.170655502E+01
     0.170655502E+01
     0.170655502E+01
     0.170655502E+01
     0.170655502E+01
     0.170655502E+01
     0.170655502E+01
     0.170655502E+01
     0.170655502E+01
     0.170655502E+01
     0.170655502E+01
     0.170655502E+01
     0.170655502E+01
     0.170655502E+01
     0.170655502E+01
     0.170655502E+01
     0.170655502E+01
     0.170655502E+01
     0.170655502E+01
     0.170655502E+01
     0.170655502E+01
     0.170655502E+01
     0.170655502E+01
     0.170655502E+01
     0.170655502E+01
     0.170655502E+01
     0.170655502E+01
     0.170655502E+01
     0.170655502E+01
     0.170655502E+01
     0.170655502E+01
     0.170655502E+01
     0.170655502E+01
     0.170655502E+01
     0.170655502E+01
     0.170655502E+01
     0.170655502E+01
     0.170655502E+01
     0.170655502E+01
     0.170655502E+01
     0.170655502E+01
     0.170655502E+01
     0.170655502E+01
     0.170655502E+01
     0.170655502E+01
     0.170655502E+01
     0.170655502E+01
     0.170655502E+01
     0.170655502E+01
     0.170655502E+01
     0.170655502E+01
     0.170655502E+01
     0.170655502E+01
     0.170655502E+01
     0.170655502E+01
     0.170655502E+01
     0.170655502E+01
     0.170655502E+01
     0.170655502E+01
     0.170655502E+01
     0.170655502E+01
     0.170655502E+01
     0.170655502E+01
     0.170655502E+01
     0.170655502E+01
     0.170655502E+01
     0.170655502E+01
     0.170655502E+01
     0.170655502E+01
     0.170655502E+01
     0.170655502E+01
     0.170655502E+01
     0.170655502E+01
     0.170655502E+01
     0.170655502E+01
     0.170655502E+01
     0.170655502E+01
     0.170655502E+01
     0.170655502E+01
     0.170655502E+01
     0.170655502E+01
     0.170655502E+01
     0.170655502E+01
     0.170655502E+01
     0.170655502E+01
     0.170655502E+01
     0.170655502E+01
     0.170655502E+01
     0.170655502E+01
     0.170655502E+01
     0.170655502E+01
     0.170655502E+01
     0.170655502E+01
     0.170655502E+01
     0.170655502E+01
     0.170655502E+01
     0.170655502E+01
     0.170655502E+01
     0.170655502E+01
     0.170655502E+01
     0.170655502E+01
     0.170655502E+01
     0.170655502E+01
     0.170655502E+01
     0.170655502E+01
     0.170655502E+01
     0.170655502E+01
     0.170655502E+01
     0.170655502E+01
     0.170655502E+01
     0.170655502E+01
     0.170655502E+01
     0.170655502E+01
     0.170655502E+01
     0.170655502E+01
     0.170655502E+01
     0.170655502E+01
     0.170655502E+01
     0.170655502E+01
     0.170655502E+01
     0.170655502E+01
     0.170655502E+01
     0.170655502E+01
     0.170655502E+01
     0.170655502E+01
     0.170655502E+01
     0.170655502E+01
     0.170655502E+01
     0.170655502E+01
     0.170655502E+01
     0.170655502E+01
     0.170655502E+01
     0.170655502E+01
     0.170655502E+01
     0.170655502E+01
     0.170655502E+01
     0.170655502E+01
     0.170655502E+01
     0.170655502E+01
     0.170655502E+01
     0.170655502E+01
     0.170655502E+01
     0.170655502E+01
     0.170655502E+01
     0.170655502E+01
     0.170655502E+01
     0.170655502E+01
     0.170655502E+01
     0.170655502E+01
     0.170655502E+01
     0.170655502E+01
     0.170655502E+01
     0.170655502E+01
     0.170655502E+01
     0.170655502E+01
     0.170655502E+01
     0.170655502E+01
     0.170655502E+01
     0.170655502E+01
     0.170655502E+01
     0.170655502E+01
     0.170655502E+01
     0.170655502E+01
     0.170655502E+01
     0.170655502E+01
     0.170655502E+01
     0.170655502E+01
     0.170655502E+01
     0.170655502E+01
     0.170655502E+01
     0.170655502E+01
     0.170655502E+01
     0.170655502E+01
     0.170655502E+01
     0.170655502E+01
     0.170655502E+01
     0.170655502E+01
     0.170655502E+01
     0.170655502E+01
     0.170655502E+01
     0.170655502E+01
     0.170655502E+01
     0.170655502E+01
     0.170655502E+01
     0.170655502E+01
     0.170655502E+01
     0.170655502E+01
     0.170655502E+01
     0.170655502E+01
     0.170655502E+01
     0.170655502E+01
     0.170655502E+01
     0.170655502E+01
     0.170655502E+01
     0.170655502E+01
     0.170655502E+01
     0.170655502E+01
     0.170655502E+01
     0.170655502E+01
     0.170655502E+01
     0.170655502E+01
     0.170655502E+01
     0.170655502E+01
     0.170655502E+01
     0.170655502E+01
     0.170655502E+01
     0.170655502E+01
     0.170655502E+01
     0.170655502E+01
     0.170655502E+01
     0.170655502E+01
     0.170655502E+01
     0.170655502E+01
     0.170655502E+01
     0.170655502E+01
     0.170655502E+01
     0.170655502E+01
     0.170655502E+01
     0.170655502E+01
     0.170655502E+01
     0.170655502E+01
     0.170655502E+01
     0.170655502E+01
     0.170655502E+01
     0.170655502E+01
     0.170655502E+01
     0.170655502E+01
     0.170655502E+01
     0.170655502E+01
     0.170655502E+01
     0.170655502E+01
     0.170655502E+01
     0.170655502E+01
     0.170655502E+01
     0.170655502E+01
     0.170655502E+01
     0.170655502E+01
     0.170655502E+01
     0.170655502E+01
     0.170655502E+01
     0.170655502E+01
     0.170655502E+01
     0.170655502E+01
     0.170655502E+01
     0.170655502E+01
     0.170655502E+01
     0.170655502E+01
     0.170655502E+01
     0.170655502E+01
     0.170655502E+01
     0.170655502E+01
     0.170655502E+01
     0.170655502E+01
     0.170655502E+01
     0.170655502E+01
     0.170655502E+01
     0.170655502E+01
     0.170655502E+01
     0.170655502E+01
     0.170655502E+01
     0.170655502E+01
     0.170655502E+01
     0.170655502E+01
     0.170655502E+01
     0.170655502E+01
     0.170655502E+01
     0.170655502E+01
     0.170655502E+01
     0.170655502E+01
     0.170655502E+01
     0.170655502E+01
     0.170655502E+01
     0.170655502E+01
     0.170655502E+01
     0.170655502E+01
     0.170655502E+01
     0.170655502E+01
     0.170655502E+01
     0.170655502E+01
     0.170655502E+01
     0.170655502E+01
     0.170655502E+01
     0.170655502E+01
     0.170655502E+01
     0.170655502E+01
     0.170655502E+01
     0.170655502E+01
