     0.169774885E-13
     0.169774885E-13
     0.169774885E-13
     0.169774885E-13
     0.169774885E-13
     0.169774885E-13
     0.169774885E-13
     0.169774885E-13
     0.169774885E-13
     0.169774885E-13
     0.169774885E-13
     0.169774885E-13
     0.169774885E-13
     0.169774885E-13
     0.169774885E-13
     0.169774885E-13
     0.169774885E-13
     0.169774885E-13
     0.169774885E-13
     0.169774885E-13
     0.169774885E-13
     0.169774885E-13
     0.169774885E-13
     0.169774885E-13
     0.169774885E-13
     0.169774885E-13
     0.169774885E-13
     0.169774885E-13
     0.169774885E-13
     0.169774885E-13
     0.169774885E-13
     0.169774885E-13
     0.169774885E-13
     0.169774885E-13
     0.169774885E-13
     0.169774885E-13
     0.169774885E-13
     0.169774885E-13
     0.169774885E-13
     0.169774885E-13
     0.169774885E-13
     0.169774885E-13
     0.169774885E-13
     0.169774885E-13
     0.169774885E-13
     0.169774885E-13
     0.169774885E-13
     0.169774885E-13
     0.169774885E-13
     0.169774885E-13
     0.169774885E-13
     0.169774885E-13
     0.169774885E-13
     0.169774885E-13
     0.169774885E-13
     0.169774885E-13
     0.169774885E-13
     0.169774885E-13
     0.169774885E-13
     0.169774885E-13
     0.169774885E-13
     0.169774885E-13
     0.169774885E-13
     0.169774885E-13
     0.169774885E-13
     0.169774885E-13
     0.169774885E-13
     0.169774885E-13
     0.169774885E-13
     0.169774885E-13
     0.169774885E-13
     0.169774885E-13
     0.169774885E-13
     0.169774885E-13
     0.169774885E-13
     0.169774885E-13
     0.169774885E-13
     0.169774885E-13
     0.169774885E-13
     0.169774885E-13
     0.169774885E-13
     0.169774885E-13
     0.169774885E-13
     0.169774885E-13
     0.169774885E-13
     0.169774885E-13
     0.169774885E-13
     0.169774885E-13
     0.169774885E-13
     0.169774885E-13
     0.169774885E-13
     0.169774885E-13
     0.169774885E-13
     0.169774885E-13
     0.169774885E-13
     0.169774885E-13
     0.169774885E-13
     0.169774885E-13
     0.169774885E-13
     0.169774885E-13
     0.169774885E-13
     0.169774885E-13
     0.169774885E-13
     0.169774885E-13
     0.169774885E-13
     0.169774885E-13
     0.169774885E-13
     0.169774885E-13
     0.169774885E-13
     0.169774885E-13
     0.169774885E-13
     0.169774885E-13
     0.169774885E-13
     0.169774885E-13
     0.169774885E-13
     0.169774885E-13
     0.169774885E-13
     0.169774885E-13
     0.169774885E-13
     0.169774885E-13
     0.169774885E-13
     0.169774885E-13
     0.169774885E-13
     0.169774885E-13
     0.169774885E-13
     0.169774885E-13
     0.169774885E-13
     0.169774885E-13
     0.169774885E-13
     0.169774885E-13
     0.169774885E-13
     0.169774885E-13
     0.169774885E-13
     0.169774885E-13
     0.169774885E-13
     0.169774885E-13
     0.169774885E-13
     0.169774885E-13
     0.169774885E-13
     0.169774885E-13
     0.169774885E-13
     0.169774885E-13
     0.169774885E-13
     0.169774885E-13
     0.169774885E-13
     0.169774885E-13
     0.169774885E-13
     0.169774885E-13
     0.169774885E-13
     0.169774885E-13
     0.169774885E-13
     0.169774885E-13
     0.169774885E-13
     0.169774885E-13
     0.169774885E-13
     0.169774885E-13
     0.169774885E-13
     0.169774885E-13
     0.169774885E-13
     0.169774885E-13
     0.169774885E-13
     0.169774885E-13
     0.169774885E-13
     0.169774885E-13
     0.169774885E-13
     0.169774885E-13
     0.169774885E-13
     0.169774885E-13
     0.169774885E-13
     0.169774885E-13
     0.169774885E-13
     0.169774885E-13
     0.169774885E-13
     0.169774885E-13
     0.169774885E-13
     0.169774885E-13
     0.169774885E-13
     0.169774885E-13
     0.169774885E-13
     0.169774885E-13
     0.169774885E-13
     0.169774885E-13
     0.169774885E-13
     0.169774885E-13
     0.169774885E-13
     0.169774885E-13
     0.169774885E-13
     0.169774885E-13
     0.169774885E-13
     0.169774885E-13
     0.169774885E-13
     0.169774885E-13
     0.169774885E-13
     0.169774885E-13
     0.169774885E-13
     0.169774885E-13
     0.169774885E-13
     0.169774885E-13
     0.169774885E-13
     0.169774885E-13
     0.169774885E-13
     0.169774885E-13
     0.169774885E-13
     0.169774885E-13
     0.169774885E-13
     0.169774885E-13
     0.169774885E-13
     0.169774885E-13
     0.169774885E-13
     0.169774885E-13
     0.169774885E-13
     0.169774885E-13
     0.169774885E-13
     0.169774885E-13
     0.169774885E-13
     0.169774885E-13
     0.169774885E-13
     0.169774885E-13
     0.169774885E-13
     0.169774885E-13
     0.169774885E-13
     0.169774885E-13
     0.169774885E-13
     0.169774885E-13
     0.169774885E-13
     0.169774885E-13
     0.169774885E-13
     0.169774885E-13
     0.169774885E-13
     0.169774885E-13
     0.169774885E-13
     0.169774885E-13
     0.169774885E-13
     0.169774885E-13
     0.169774885E-13
     0.169774885E-13
     0.169774885E-13
     0.169774885E-13
     0.169774885E-13
     0.169774885E-13
     0.169774885E-13
     0.169774885E-13
     0.169774885E-13
     0.169774885E-13
     0.169774885E-13
     0.169774885E-13
     0.169774885E-13
     0.169774885E-13
     0.169774885E-13
     0.169774885E-13
     0.169774885E-13
     0.169774885E-13
     0.169774885E-13
     0.169774885E-13
     0.169774885E-13
     0.169774885E-13
     0.169774885E-13
     0.169774885E-13
     0.169774885E-13
     0.169774885E-13
     0.169774885E-13
     0.169774885E-13
     0.169774885E-13
     0.169774885E-13
     0.169774885E-13
     0.169774885E-13
     0.169774885E-13
     0.169774885E-13
     0.169774885E-13
     0.169774885E-13
     0.169774885E-13
     0.169774885E-13
     0.169774885E-13
     0.169774885E-13
     0.169774885E-13
     0.169774885E-13
     0.169774885E-13
     0.169774885E-13
     0.169774885E-13
     0.169774885E-13
     0.169774885E-13
     0.169774885E-13
     0.169774885E-13
     0.169774885E-13
     0.169774885E-13
     0.169774885E-13
     0.169774885E-13
     0.169774885E-13
     0.169774885E-13
     0.169774885E-13
     0.169774885E-13
     0.169774885E-13
     0.169774885E-13
     0.169774885E-13
     0.169774885E-13
     0.169774885E-13
     0.169774885E-13
     0.169774885E-13
     0.169774885E-13
     0.169774885E-13
     0.169774885E-13
     0.169774885E-13
     0.169774885E-13
     0.169774885E-13
     0.169774885E-13
     0.169774885E-13
     0.169774885E-13
     0.169774885E-13
     0.169774885E-13
     0.169774885E-13
     0.169774885E-13
     0.169774885E-13
     0.169774885E-13
     0.169774885E-13
     0.169774885E-13
     0.169774885E-13
     0.169774885E-13
     0.169774885E-13
     0.169774885E-13
     0.169774885E-13
     0.169774885E-13
     0.169774885E-13
     0.169774885E-13
     0.169774885E-13
     0.169774885E-13
     0.169774885E-13
     0.169774885E-13
     0.169774885E-13
     0.169774885E-13
     0.169774885E-13
     0.169774885E-13
     0.169774885E-13
     0.169774885E-13
     0.169774885E-13
     0.169774885E-13
     0.169774885E-13
     0.169774885E-13
     0.169774885E-13
     0.169774885E-13
     0.169774885E-13
     0.169774885E-13
     0.169774885E-13
     0.169774885E-13
     0.169774885E-13
     0.169774885E-13
     0.169774885E-13
     0.169774885E-13
     0.169774885E-13
     0.169774885E-13
     0.169774885E-13
     0.169774885E-13
     0.169774885E-13
     0.169774885E-13
     0.169774885E-13
     0.169774885E-13
     0.169774885E-13
     0.169774885E-13
     0.169774885E-13
     0.169774885E-13
     0.169774885E-13
     0.169774885E-13
     0.169774885E-13
     0.169774885E-13
     0.169774885E-13
     0.169774885E-13
     0.169774885E-13
     0.169774885E-13
     0.169774885E-13
     0.169774885E-13
     0.169774885E-13
     0.169774885E-13
     0.169774885E-13
     0.169774885E-13
     0.169774885E-13
     0.169774885E-13
     0.169774885E-13
     0.169774885E-13
     0.169774885E-13
     0.169774885E-13
     0.169774885E-13
     0.169774885E-13
     0.169774885E-13
     0.169774885E-13
     0.169774885E-13
     0.169774885E-13
     0.169774885E-13
     0.169774885E-13
     0.169774885E-13
     0.169774885E-13
     0.169774885E-13
     0.169774885E-13
     0.169774885E-13
     0.169774885E-13
     0.169774885E-13
     0.169774885E-13
     0.169774885E-13
     0.169774885E-13
     0.169774885E-13
     0.169774885E-13
     0.169774885E-13
     0.169774885E-13
     0.169774885E-13
     0.169774885E-13
     0.169774885E-13
     0.169774885E-13
     0.169774885E-13
     0.169774885E-13
     0.169774885E-13
     0.169774885E-13
     0.169774885E-13
     0.169774885E-13
     0.169774885E-13
     0.169774885E-13
     0.169774885E-13
     0.169774885E-13
     0.169774885E-13
     0.169774885E-13
     0.169774885E-13
     0.169774885E-13
     0.169774885E-13
     0.169774885E-13
     0.169774885E-13
     0.169774885E-13
     0.169774885E-13
     0.169774885E-13
     0.169774885E-13
     0.169774885E-13
     0.169774885E-13
     0.169774885E-13
     0.169774885E-13
     0.169774885E-13
     0.169774885E-13
     0.169774885E-13
     0.169774885E-13
     0.169774885E-13
     0.169774885E-13
     0.169774885E-13
     0.169774885E-13
     0.169774885E-13
     0.169774885E-13
     0.169774885E-13
     0.169774885E-13
     0.169774885E-13
     0.169774885E-13
     0.169774885E-13
     0.169774885E-13
     0.169774885E-13
     0.169774885E-13
     0.169774885E-13
     0.169774885E-13
     0.169774885E-13
     0.169774885E-13
     0.169774885E-13
     0.169774885E-13
     0.169774885E-13
     0.169774885E-13
     0.169774885E-13
     0.169774885E-13
     0.169774885E-13
     0.169774885E-13
     0.169774885E-13
     0.169774885E-13
     0.169774885E-13
     0.169774885E-13
     0.169774885E-13
     0.169774885E-13
     0.169774885E-13
     0.169774885E-13
     0.169774885E-13
     0.169774885E-13
     0.169774885E-13
     0.169774885E-13
     0.169774885E-13
     0.169774885E-13
     0.169774885E-13
     0.169774885E-13
     0.169774885E-13
     0.169774885E-13
     0.169774885E-13
     0.169774885E-13
     0.169774885E-13
     0.169774885E-13
     0.169774885E-13
     0.169774885E-13
     0.169774885E-13
     0.169774885E-13
     0.169774885E-13
     0.169774885E-13
     0.169774885E-13
     0.169774885E-13
     0.169774885E-13
     0.169774885E-13
     0.169774885E-13
     0.169774885E-13
     0.169774885E-13
     0.169774885E-13
     0.169774885E-13
     0.169774885E-13
     0.169774885E-13
     0.169774885E-13
     0.169774885E-13
     0.169774885E-13
     0.169774885E-13
     0.169774885E-13
     0.169774885E-13
     0.169774885E-13
     0.169774885E-13
     0.169774885E-13
     0.169774885E-13
     0.169774885E-13
     0.169774885E-13
     0.169774885E-13
     0.169774885E-13
     0.169774885E-13
     0.169774885E-13
     0.169774885E-13
     0.169774885E-13
     0.169774885E-13
     0.169774885E-13
     0.169774885E-13
     0.169774885E-13
     0.169774885E-13
     0.169774885E-13
     0.169774885E-13
     0.169774885E-13
     0.169774885E-13
     0.169774885E-13
     0.169774885E-13
     0.169774885E-13
     0.169774885E-13
     0.169774885E-13
     0.169774885E-13
     0.169774885E-13
     0.169774885E-13
     0.169774885E-13
     0.169774885E-13
     0.169774885E-13
     0.169774885E-13
     0.169774885E-13
     0.169774885E-13
     0.169774885E-13
     0.169774885E-13
     0.169774885E-13
     0.169774885E-13
     0.169774885E-13
     0.169774885E-13
     0.169774885E-13
     0.169774885E-13
     0.169774885E-13
     0.169774885E-13
     0.169774885E-13
     0.169774885E-13
     0.169774885E-13
     0.169774885E-13
     0.169774885E-13
     0.169774885E-13
     0.169774885E-13
     0.169774885E-13
     0.169774885E-13
     0.169774885E-13
     0.169774885E-13
     0.169774885E-13
     0.169774885E-13
     0.169774885E-13
     0.169774885E-13
     0.169774885E-13
     0.169774885E-13
     0.169774885E-13
     0.169774885E-13
     0.169774885E-13
     0.169774885E-13
     0.169774885E-13
     0.169774885E-13
     0.169774885E-13
     0.169774885E-13
     0.169774885E-13
     0.169774885E-13
     0.169774885E-13
     0.169774885E-13
     0.169774885E-13
     0.169774885E-13
     0.169774885E-13
     0.169774885E-13
     0.169774885E-13
     0.169774885E-13
     0.169774885E-13
     0.169774885E-13
     0.169774885E-13
     0.169774885E-13
     0.169774885E-13
     0.169774885E-13
     0.169774885E-13
     0.169774885E-13
     0.169774885E-13
     0.169774885E-13
     0.169774885E-13
     0.169774885E-13
     0.169774885E-13
     0.169774885E-13
     0.169774885E-13
     0.169774885E-13
     0.169774885E-13
     0.169774885E-13
     0.169774885E-13
     0.169774885E-13
     0.169774885E-13
     0.169774885E-13
     0.169774885E-13
     0.169774885E-13
     0.169774885E-13
     0.169774885E-13
     0.169774885E-13
     0.169774885E-13
     0.169774885E-13
     0.169774885E-13
     0.169774885E-13
     0.169774885E-13
     0.169774885E-13
     0.169774885E-13
     0.169774885E-13
     0.169774885E-13
     0.169774885E-13
     0.169774885E-13
     0.169774885E-13
     0.169774885E-13
     0.169774885E-13
     0.169774885E-13
     0.169774885E-13
     0.169774885E-13
     0.169774885E-13
     0.169774885E-13
     0.169774885E-13
     0.169774885E-13
     0.169774885E-13
     0.169774885E-13
     0.169774885E-13
     0.169774885E-13
     0.169774885E-13
     0.169774885E-13
     0.169774885E-13
     0.169774885E-13
     0.169774885E-13
     0.169774885E-13
     0.169774885E-13
     0.169774885E-13
     0.169774885E-13
     0.169774885E-13
     0.169774885E-13
     0.169774885E-13
     0.169774885E-13
     0.169774885E-13
     0.169774885E-13
     0.169774885E-13
     0.169774885E-13
     0.169774885E-13
     0.169774885E-13
     0.169774885E-13
     0.169774885E-13
     0.169774885E-13
     0.169774885E-13
     0.169774885E-13
     0.169774885E-13
     0.169774885E-13
     0.169774885E-13
     0.169774885E-13
     0.169774885E-13
     0.169774885E-13
     0.169774885E-13
     0.169774885E-13
     0.169774885E-13
     0.169774885E-13
     0.169774885E-13
     0.169774885E-13
     0.169774885E-13
     0.169774885E-13
     0.169774885E-13
     0.169774885E-13
     0.169774885E-13
     0.169774885E-13
     0.169774885E-13
     0.169774885E-13
     0.169774885E-13
     0.169774885E-13
     0.169774885E-13
     0.169774885E-13
     0.169774885E-13
     0.169774885E-13
     0.169774885E-13
     0.169774885E-13
     0.169774885E-13
     0.169774885E-13
     0.169774885E-13
     0.169774885E-13
     0.169774885E-13
     0.169774885E-13
     0.169774885E-13
     0.169774885E-13
     0.169774885E-13
     0.169774885E-13
     0.169774885E-13
     0.169774885E-13
     0.169774885E-13
     0.169774885E-13
     0.169774885E-13
     0.169774885E-13
     0.169774885E-13
     0.169774885E-13
     0.169774885E-13
     0.169774885E-13
     0.169774885E-13
     0.169774885E-13
     0.169774885E-13
     0.169774885E-13
     0.169774885E-13
     0.169774885E-13
     0.169774885E-13
     0.169774885E-13
     0.169774885E-13
     0.169774885E-13
     0.169774885E-13
     0.169774885E-13
     0.169774885E-13
     0.169774885E-13
     0.169774885E-13
     0.169774885E-13
     0.169774885E-13
     0.169774885E-13
     0.169774885E-13
     0.169774885E-13
     0.169774885E-13
     0.169774885E-13
     0.169774885E-13
     0.169774885E-13
     0.169774885E-13
     0.169774885E-13
     0.169774885E-13
     0.169774885E-13
     0.169774885E-13
     0.169774885E-13
     0.169774885E-13
     0.169774885E-13
     0.169774885E-13
     0.169774885E-13
     0.169774885E-13
     0.169774885E-13
     0.169774885E-13
     0.169774885E-13
     0.169774885E-13
     0.169774885E-13
     0.169774885E-13
     0.169774885E-13
     0.169774885E-13
     0.169774885E-13
     0.169774885E-13
     0.169774885E-13
     0.169774885E-13
     0.169774885E-13
     0.169774885E-13
     0.169774885E-13
     0.169774885E-13
     0.169774885E-13
     0.169774885E-13
     0.169774885E-13
     0.169774885E-13
     0.169774885E-13
     0.169774885E-13
     0.169774885E-13
     0.169774885E-13
     0.169774885E-13
     0.169774885E-13
     0.169774885E-13
     0.169774885E-13
     0.169774885E-13
     0.169774885E-13
     0.169774885E-13
     0.169774885E-13
     0.169774885E-13
     0.169774885E-13
     0.169774885E-13
     0.169774885E-13
     0.169774885E-13
     0.169774885E-13
     0.169774885E-13
     0.169774885E-13
     0.169774885E-13
     0.169774885E-13
     0.169774885E-13
     0.169774885E-13
     0.169774885E-13
     0.169774885E-13
     0.169774885E-13
     0.169774885E-13
     0.169774885E-13
     0.169774885E-13
     0.169774885E-13
     0.169774885E-13
     0.169774885E-13
     0.169774885E-13
     0.169774886E-13
     0.169774886E-13
     0.169774886E-13
     0.169774886E-13
     0.169774886E-13
     0.169774886E-13
     0.169774887E-13
     0.169774887E-13
     0.169774887E-13
     0.169774887E-13
     0.169774888E-13
     0.169774890E-13
     0.169774899E-13
     0.169774898E-13
     0.169774887E-13
     0.169774888E-13
     0.169774889E-13
     0.169774893E-13
     0.169774892E-13
     0.169774894E-13
     0.169774899E-13
     0.169774911E-13
     0.169774999E-13
     0.169783696E-13
     0.169777674E-13
     0.169774895E-13
     0.169774895E-13
     0.169774896E-13
     0.169774899E-13
     0.169774898E-13
     0.169774899E-13
     0.169774904E-13
     0.169774912E-13
     0.169774947E-13
     0.169775227E-13
     0.169780038E-13
     0.169774899E-13
     0.169774900E-13
     0.169774901E-13
     0.169774902E-13
     0.169774901E-13
     0.169774902E-13
     0.169774905E-13
     0.169774909E-13
     0.169774920E-13
     0.169774952E-13
     0.169774942E-13
     0.169774905E-13
     0.169774908E-13
     0.169774917E-13
     0.169774940E-13
     0.169774932E-13
     0.169774942E-13
     0.169774963E-13
     0.169774993E-13
     0.169775129E-13
     0.169776147E-13
     0.169784530E-13
     0.169774944E-13
     0.169774945E-13
     0.169774949E-13
     0.169774954E-13
     0.169774953E-13
     0.169774954E-13
     0.169774968E-13
     0.169774981E-13
     0.169775025E-13
     0.169775149E-13
     0.169775110E-13
     0.169774963E-13
     0.169774970E-13
     0.169774993E-13
     0.169775039E-13
     0.169775023E-13
     0.169775040E-13
     0.169775080E-13
     0.169775124E-13
     0.169775288E-13
     0.169775910E-13
     0.169775809E-13
     0.169775051E-13
     0.169775059E-13
     0.169775081E-13
     0.169775119E-13
     0.169775106E-13
     0.169775119E-13
     0.169775169E-13
     0.169775215E-13
     0.169775379E-13
     0.169775859E-13
     0.169775714E-13
     0.169775141E-13
     0.169775155E-13
     0.169775200E-13
     0.169775279E-13
     0.169775252E-13
     0.169775280E-13
     0.169775357E-13
     0.169775428E-13
     0.169775672E-13
     0.169776336E-13
     0.169776124E-13
     0.169775314E-13
     0.169775337E-13
     0.169775408E-13
     0.169775531E-13
     0.169775489E-13
     0.169775532E-13
     0.169775646E-13
     0.169775744E-13
     0.169776074E-13
     0.169776894E-13
     0.169776620E-13
     0.169775588E-13
     0.169775625E-13
     0.169775739E-13
     0.169775936E-13
     0.169775869E-13
     0.169775938E-13
     0.169776106E-13
     0.169776244E-13
     0.169776698E-13
     0.169777748E-13
     0.169777388E-13
     0.169776026E-13
     0.169776083E-13
     0.169776261E-13
     0.169776567E-13
     0.169776463E-13
     0.169776569E-13
     0.169776813E-13
     0.169777004E-13
     0.169777624E-13
     0.169778967E-13
     0.169778502E-13
     0.169776705E-13
     0.169776793E-13
     0.169777064E-13
     0.169777525E-13
     0.169777369E-13
     0.169777528E-13
     0.169777875E-13
     0.169778137E-13
     0.169778976E-13
     0.169780698E-13
     0.169780101E-13
     0.169777732E-13
     0.169777863E-13
     0.169778267E-13
     0.169778945E-13
     0.169778715E-13
     0.169778948E-13
     0.169779434E-13
     0.169779789E-13
     0.169780914E-13
     0.169783118E-13
     0.169782354E-13
     0.169779248E-13
     0.169779439E-13
     0.169780024E-13
     0.169780996E-13
     0.169780669E-13
     0.169781000E-13
     0.169781670E-13
     0.169782144E-13
     0.169783635E-13
     0.169786445E-13
     0.169785475E-13
     0.169781432E-13
     0.169781703E-13
     0.169782533E-13
     0.169783896E-13
     0.169783438E-13
     0.169783901E-13
     0.169784809E-13
     0.169785434E-13
     0.169787388E-13
     0.169790952E-13
     0.169789727E-13
     0.169784507E-13
     0.169784884E-13
     0.169786037E-13
     0.169787909E-13
     0.169787282E-13
     0.169787915E-13
     0.169789126E-13
     0.169789941E-13
     0.169792473E-13
     0.169796964E-13
     0.169795428E-13
     0.169788750E-13
     0.169789264E-13
     0.169790833E-13
     0.169793357E-13
     0.169792514E-13
     0.169793363E-13
     0.169794956E-13
     0.169796005E-13
     0.169799249E-13
     0.169804869E-13
     0.169802956E-13
     0.169794493E-13
     0.169795181E-13
     0.169797280E-13
     0.169800622E-13
     0.169799509E-13
     0.169800630E-13
     0.169802694E-13
     0.169804030E-13
     0.169808144E-13
     0.169815124E-13
     0.169812759E-13
     0.169802131E-13
     0.169803038E-13
     0.169805799E-13
     0.169810158E-13
     0.169808710E-13
     0.169810166E-13
     0.169812808E-13
     0.169814490E-13
     0.169819654E-13
     0.169828260E-13
     0.169825357E-13
     0.169812130E-13
     0.169813308E-13
     0.169816886E-13
     0.169822489E-13
     0.169820632E-13
     0.169822498E-13
     0.169825840E-13
     0.169827937E-13
     0.169834356E-13
     0.169844889E-13
     0.169841351E-13
     0.169825032E-13
     0.169826539E-13
     0.169831115E-13
     0.169838224E-13
     0.169835874E-13
     0.169838234E-13
     0.169842415E-13
     0.169845004E-13
     0.169852913E-13
     0.169865711E-13
     0.169861428E-13
     0.169841461E-13
     0.169843366E-13
     0.169849145E-13
     0.169858058E-13
     0.169855119E-13
     0.169858069E-13
     0.169863247E-13
     0.169866415E-13
     0.169876075E-13
     0.169891519E-13
     0.169886369E-13
     0.169862128E-13
     0.169864509E-13
     0.169871725E-13
     0.169882780E-13
     0.169879142E-13
     0.169882792E-13
     0.169889144E-13
     0.169892989E-13
     0.169904695E-13
     0.169923207E-13
     0.169917053E-13
     0.169887843E-13
     0.169890788E-13
     0.169899703E-13
     0.169913280E-13
     0.169908821E-13
     0.169913293E-13
     0.169921017E-13
     0.169925648E-13
     0.169939727E-13
     0.169961776E-13
     0.169954468E-13
     0.169919516E-13
     0.169923122E-13
     0.169934032E-13
     0.169950555E-13
     0.169945139E-13
     0.169950568E-13
     0.169959885E-13
     0.169965424E-13
     0.169982237E-13
     0.170008340E-13
     0.169999713E-13
     0.169958164E-13
     0.169962541E-13
     0.169975777E-13
     0.169995715E-13
     0.169989192E-13
     0.169995730E-13
     0.170006884E-13
     0.170013462E-13
     0.170033409E-13
     0.170064136E-13
     0.170054007E-13
     0.170004922E-13
     0.170010191E-13
     0.170026118E-13
     0.170049993E-13
     0.170042194E-13
     0.170050008E-13
     0.170063269E-13
     0.170071032E-13
     0.170094552E-13
     0.170130525E-13
     0.170118694E-13
     0.170061045E-13
     0.170067342E-13
     0.170086362E-13
     0.170114747E-13
     0.170105490E-13
     0.170114763E-13
     0.170130426E-13
     0.170139535E-13
     0.170167107E-13
     0.170209005E-13
     0.170195256E-13
     0.170127918E-13
     0.170135389E-13
     0.170157948E-13
     0.170191470E-13
     0.170180554E-13
     0.170191487E-13
     0.170209876E-13
     0.170220504E-13
     0.170252651E-13
     0.170301213E-13
     0.170285309E-13
     0.170207061E-13
     0.170215869E-13
     0.170242451E-13
     0.170281798E-13
     0.170269003E-13
     0.170281816E-13
     0.170303284E-13
     0.170315620E-13
     0.170352911E-13
     0.170408937E-13
     0.170390623E-13
     0.170300139E-13
     0.170310459E-13
     0.170341595E-13
     0.170387514E-13
     0.170372602E-13
     0.170387533E-13
     0.170412463E-13
     0.170426712E-13
     0.170469762E-13
     0.170534119E-13
     0.170513119E-13
     0.170408963E-13
     0.170420988E-13
     0.170457255E-13
     0.170510557E-13
     0.170493269E-13
     0.170510577E-13
     0.170539384E-13
     0.170555768E-13
     0.170605243E-13
     0.170678865E-13
     0.170654880E-13
     0.170535504E-13
     0.170549443E-13
     0.170591467E-13
     0.170653031E-13
     0.170633086E-13
     0.170653051E-13
     0.170686184E-13
     0.170704941E-13
     0.170761559E-13
     0.170845450E-13
     0.170818161E-13
     0.170681900E-13
     0.170697977E-13
     0.170746434E-13
     0.170817207E-13
     0.170794304E-13
     0.170817229E-13
     0.170855171E-13
     0.170876559E-13
     0.170941092E-13
     0.171036334E-13
     0.171005396E-13
     0.170850456E-13
     0.170868915E-13
     0.170924536E-13
     0.171005541E-13
     0.170979354E-13
     0.171005564E-13
     0.171048833E-13
     0.171073128E-13
     0.171146402E-13
     0.171254148E-13
     0.171219195E-13
     0.171043662E-13
     0.171064765E-13
     0.171128337E-13
     0.171220673E-13
     0.171190853E-13
     0.171220697E-13
     0.171269853E-13
     0.171297351E-13
     0.171380255E-13
     0.171501747E-13
     0.171462383E-13
     0.171264199E-13
     0.171288226E-13
     0.171360593E-13
     0.171465439E-13
     0.171431610E-13
     0.171465464E-13
     0.171521106E-13
     0.171552122E-13
     0.171645607E-13
     0.171782168E-13
     0.171737973E-13
     0.171514939E-13
     0.171542193E-13
     0.171624260E-13
     0.171742876E-13
     0.171704638E-13
     0.171742901E-13
     0.171805668E-13
     0.171840540E-13
     0.171945618E-13
     0.172098656E-13
     0.172049182E-13
     0.171798961E-13
     0.171829764E-13
     0.171922499E-13
     0.172056232E-13
     0.172013156E-13
     0.172056258E-13
     0.172126834E-13
     0.172165922E-13
     0.172283675E-13
     0.172454698E-13
     0.172399466E-13
     0.172119557E-13
     0.172154255E-13
     0.172258695E-13
     0.172408989E-13
     0.172360618E-13
     0.172409017E-13
     0.172488128E-13
     0.172531817E-13
     0.172663396E-13
     0.172853999E-13
     0.172792504E-13
     0.172854043E-13
     0.172944067E-13
     0.172993653E-13
     0.173142964E-13
     0.173358753E-13
     0.173289191E-13
     0.172934895E-13
     0.172978999E-13
     0.173111709E-13
     0.173301869E-13
     0.173240765E-13
     0.173301899E-13
     0.173401668E-13
     0.173456453E-13
     0.173621381E-13
     0.173859088E-13
     0.173782539E-13
     0.173859134E-13
     0.173971778E-13
     0.174033490E-13
     0.174219240E-13
     0.174486414E-13
     0.174400441E-13
     0.174486462E-13
     0.174612687E-13
     0.174681662E-13
     0.174889234E-13
     0.175187119E-13
     0.175091345E-13
     0.175187168E-13
     0.175328124E-13
     0.175404962E-13
     0.175636158E-13
     0.175967235E-13
     0.175860874E-13
     0.175967284E-13
     0.176124209E-13
     0.176209555E-13
     0.176466312E-13
     0.176833256E-13
     0.176715462E-13
     0.176833307E-13
     0.177007524E-13
     0.177102072E-13
     0.177386470E-13
     0.177792153E-13
     0.177662015E-13
     0.177792205E-13
     0.177985102E-13
     0.178089575E-13
     0.178403786E-13
     0.178851203E-13
     0.178707773E-13
     0.178851256E-13
     0.179064314E-13
     0.179179485E-13
     0.179525831E-13
     0.180018185E-13
     0.179860449E-13
     0.180018239E-13
     0.180253026E-13
     0.180379713E-13
     0.180760648E-13
     0.181301326E-13
     0.181128211E-13
     0.181301381E-13
     0.181559536E-13
     0.181698593E-13
     0.182116679E-13
     0.182709208E-13
     0.182519598E-13
     0.182709264E-13
     0.182992536E-13
     0.183144874E-13
     0.183602849E-13
     0.184250999E-13
     0.184043701E-13
     0.184251056E-13
     0.184561318E-13
     0.184727916E-13
     0.185228714E-13
     0.185936535E-13
     0.185710266E-13
     0.185936593E-13
     0.186275774E-13
     0.186457633E-13
     0.187004264E-13
     0.187775896E-13
     0.187529346E-13
     0.187775955E-13
     0.188146111E-13
     0.188344302E-13
     0.188939977E-13
     0.189779840E-13
     0.189511612E-13
     0.189779901E-13
     0.190183242E-13
     0.190398917E-13
     0.191047097E-13
     0.191959958E-13
     0.191668542E-13
     0.191960020E-13
     0.192398876E-13
     0.192633248E-13
     0.193337573E-13
     0.194328448E-13
     0.194012256E-13
     0.194328511E-13
     0.194805337E-13
     0.195059684E-13
     0.195823989E-13
     0.196898157E-13
     0.196555519E-13
     0.196898223E-13
     0.197415608E-13
     0.197691277E-13
     0.198519609E-13
     0.199682638E-13
     0.199311793E-13
     0.199682705E-13
     0.200243428E-13
     0.200541867E-13
     0.201438569E-13
     0.202696445E-13
     0.202295497E-13
     0.202696514E-13
     0.203303478E-13
     0.203626197E-13
     0.204595802E-13
     0.205954763E-13
     0.205521739E-13
     0.205954833E-13
     0.206611184E-13
     0.206959822E-13
     0.208007252E-13
     0.209474080E-13
     0.209006833E-13
     0.209474152E-13
     0.210183050E-13
     0.210559247E-13
     0.211689424E-13
     0.213270875E-13
     0.212767269E-13
     0.213270949E-13
     0.214036043E-13
     0.214441705E-13
     0.215660350E-13
     0.217364330E-13
     0.216821860E-13
     0.217364406E-13
     0.218189336E-13
     0.218626356E-13
     0.219939150E-13
     0.221773469E-13
     0.221189665E-13
     0.221773548E-13
     0.222662243E-13
     0.223132665E-13
     0.224545747E-13
     0.226518860E-13
     0.225891047E-13
     0.226518941E-13
     0.227475567E-13
     0.227981559E-13
     0.229501439E-13
     0.231622308E-13
     0.230947648E-13
     0.231622391E-13
     0.232651507E-13
     0.233195449E-13
     0.234829267E-13
     0.237107741E-13
     0.236383117E-13
     0.237107827E-13
     0.238213931E-13
     0.238798156E-13
     0.240552917E-13
     0.242998615E-13
     0.242220985E-13
     0.242998704E-13
     0.244187106E-13
     0.244814390E-13
     0.246698427E-13
     0.249322866E-13
     0.248488580E-13
     0.249322958E-13
     0.250598910E-13
     0.251271984E-13
     0.253293498E-13
     0.256107961E-13
     0.255213450E-13
     0.256108057E-13
     0.257477202E-13
     0.258199004E-13
     0.260366814E-13
     0.263383446E-13
     0.262424866E-13
     0.263383545E-13
     0.264852029E-13
     0.265625764E-13
     0.267949489E-13
     0.271181552E-13
     0.270154704E-13
     0.271181655E-13
     0.272755999E-13
     0.273585066E-13
     0.276074911E-13
     0.279536476E-13
     0.278436904E-13
     0.279536582E-13
     0.281223417E-13
     0.282111262E-13
     0.284777572E-13
     0.288482866E-13
     0.287306071E-13
     0.288482977E-13
     0.290289872E-13
     0.291240447E-13
     0.294095089E-13
     0.298060494E-13
     0.296801285E-13
     0.298060608E-13
     0.299995348E-13
     0.301012708E-13
     0.304067857E-13
     0.308310148E-13
     0.306963216E-13
     0.308310267E-13
     0.310381305E-13
     0.311469862E-13
     0.314738755E-13
     0.319276195E-13
     0.317835756E-13
     0.319276319E-13
     0.321492360E-13
     0.322656643E-13
     0.326152884E-13
     0.331004202E-13
     0.329464329E-13
     0.331004332E-13
     0.333374784E-13
     0.334619698E-13
     0.338358004E-13
     0.343543485E-13
     0.341897756E-13
     0.343543620E-13
     0.346079039E-13
     0.347410098E-13
     0.351407030E-13
     0.356949552E-13
     0.355190718E-13
     0.356949692E-13
     0.359660169E-13
     0.361082614E-13
     0.365353902E-13
     0.371275080E-13
     0.369396305E-13
     0.371275227E-13
     0.374172826E-13
     0.375692964E-13
     0.380257545E-13
     0.386583551E-13
     0.384576542E-13
     0.386583705E-13
     0.389680438E-13
     0.391304524E-13
     0.396181175E-13
     0.402937873E-13
     0.400794442E-13
     0.402938034E-13
     0.406247122E-13
     0.407982054E-13
     0.413191486E-13
     0.420407450E-13
     0.418118549E-13
     0.420407618E-13
     0.423943017E-13
     0.425796073E-13
     0.431360131E-13
     0.439065484E-13
     0.436621574E-13
     0.439065660E-13
     0.442842287E-13
     0.444821247E-13
     0.450763288E-13
     0.458990244E-13
     0.456381125E-13
     0.458990430E-13
     0.463023875E-13
     0.465136861E-13
     0.471481271E-13
     0.480263430E-13
     0.477478464E-13
     0.480263625E-13
     0.484571008E-13
     0.486826953E-13
     0.493600548E-13
     0.502974915E-13
     0.500002382E-13
     0.502975119E-13
     0.507574749E-13
     0.509983209E-13
     0.517214677E-13
     0.527220836E-13
     0.524048199E-13
     0.527221051E-13
     0.532131756E-13
     0.534702537E-13
     0.542421320E-13
     0.553099835E-13
     0.549714254E-13
     0.553100061E-13
     0.558342669E-13
     0.561086642E-13
     0.569325375E-13
     0.580721283E-13
     0.577108493E-13
     0.580721521E-13
     0.586317865E-13
     0.589246416E-13
     0.598039277E-13
     0.610199707E-13
     0.606344785E-13
     0.610199958E-13
     0.616173607E-13
     0.619299034E-13
     0.628682945E-13
     0.641658837E-13
     0.637545649E-13
     0.641659101E-13
     0.648034813E-13
     0.651370023E-13
     0.661383732E-13
     0.675228514E-13
     0.670840144E-13
     0.675228792E-13
     0.682033340E-13
     0.685592301E-13
     0.696277746E-13
     0.711049274E-13
     0.706367398E-13
     0.711049568E-13
     0.718311332E-13
     0.722108847E-13
     0.733510467E-13
     0.749270034E-13
     0.744275242E-13
     0.749270344E-13
     0.757019504E-13
     0.761071314E-13
     0.773236362E-13
     0.790049136E-13
     0.784720793E-13
     0.790049464E-13
     0.798318557E-13
     0.802641638E-13
     0.815621081E-13
     0.833557381E-13
     0.827873216E-13
     0.833557728E-13
     0.842381092E-13
     0.846993353E-13
     0.860840955E-13
     0.879974929E-13
     0.873911461E-13
     0.879975295E-13
     0.889389751E-13
     0.894310400E-13
     0.909083826E-13
     0.929495015E-13
     0.923027055E-13
     0.929495403E-13
     0.939540195E-13
     0.944789702E-13
     0.960550410E-13
     0.982323590E-13
     0.975424291E-13
     0.982324000E-13
     0.993041030E-13
     0.998641256E-13
     0.101545487E-12
     0.103868057E-12
     0.103132126E-12
     0.103868100E-12
     0.105011502E-12
     0.105608931E-12
     0.107402591E-12
     0.109880081E-12
     0.109095087E-12
     0.109880127E-12
     0.111099970E-12
     0.111737278E-12
     0.113650664E-12
     0.116293316E-12
     0.115456016E-12
     0.116293364E-12
     0.117594741E-12
     0.118274587E-12
     0.120315674E-12
     0.123134491E-12
     0.122241401E-12
     0.123134542E-12
     0.124522857E-12
     0.125248058E-12
     0.127425308E-12
     0.130431961E-12
     0.129479385E-12
     0.130432016E-12
     0.131913077E-12
     0.132686665E-12
     0.135009178E-12
     0.138216221E-12
     0.137200182E-12
     0.138216279E-12
     0.139796224E-12
     0.140621399E-12
     0.143098784E-12
     0.146519472E-12
     0.145435773E-12
     0.146519534E-12
     0.148204958E-12
     0.149085162E-12
     0.151727750E-12
     0.155376334E-12
     0.154220462E-12
     0.155376400E-12
     0.157174318E-12
     0.158113208E-12
     0.160931985E-12
     0.164823618E-12
     0.163590774E-12
     0.164823687E-12
     0.166741575E-12
     0.167743053E-12
     0.170749726E-12
     0.174900559E-12
     0.173585628E-12
     0.174900633E-12
     0.176946475E-12
     0.178014706E-12
     0.181221781E-12
     0.185649064E-12
     0.184246583E-12
     0.185649142E-12
     0.187831454E-12
     0.188970880E-12
     0.192391691E-12
     0.197113819E-12
     0.195617963E-12
     0.197113902E-12
     0.199441764E-12
     0.200657122E-12
     0.204305891E-12
     0.209342482E-12
     0.207747038E-12
     0.209342570E-12
     0.211825669E-12
     0.213122012E-12
     0.217013911E-12
     0.222385893E-12
     0.220684234E-12
     0.222385987E-12
     0.225034649E-12
     0.226417365E-12
     0.230568566E-12
     0.236298248E-12
     0.234483308E-12
     0.236298348E-12
     0.239123601E-12
     0.240598443E-12
     0.245026220E-12
     0.251137429E-12
     0.249201663E-12
     0.251137535E-12
     0.254151132E-12
     0.255724229E-12
     0.260446984E-12
     0.266965107E-12
     0.264900475E-12
     0.266965220E-12
     0.270179691E-12
     0.271857582E-12
     0.276894942E-12
     0.283847052E-12
     0.281644979E-12
     0.283847172E-12
     0.287275899E-12
     0.289065565E-12
     0.294438487E-12
     0.301853497E-12
     0.299504828E-12
     0.301853625E-12
     0.305510858E-12
     0.307419733E-12
     0.313150536E-12
     0.321059231E-12
     0.318554216E-12
     0.321059367E-12
     0.324960325E-12
     0.326996347E-12
     0.333108865E-12
     0.341544122E-12
     0.338872350E-12
     0.341544267E-12
     0.345705181E-12
     0.347876818E-12
     0.354396472E-12
     0.363393359E-12
     0.360543723E-12
     0.363393514E-12
     0.367831683E-12
     0.370147961E-12
     0.377101844E-12
     0.386697737E-12
     0.383658401E-12
     0.386697901E-12
     0.391431794E-12
     0.393902347E-12
     0.401319385E-12
     0.411554183E-12
     0.408312512E-12
     0.411554358E-12
     0.416603659E-12
     0.419238756E-12
     0.427149777E-12
     0.438066008E-12
     0.434608533E-12
     0.438066194E-12
     0.443451908E-12
     0.446262506E-12
     0.454700408E-12
     0.466343451E-12
     0.462655800E-12
     0.466343649E-12
     0.472088177E-12
     0.475085963E-12
     0.484085828E-12
     0.496504081E-12
     0.492570928E-12
     0.496504292E-12
     0.502631528E-12
     0.505828967E-12
     0.515428220E-12
     0.528673305E-12
     0.524478302E-12
     0.528673530E-12
     0.535208962E-12
     0.538619351E-12
     0.548857908E-12
     0.562984891E-12
     0.558510599E-12
     0.562985130E-12
     0.569955941E-12
     0.573593459E-12
     0.584513892E-12
     0.599581499E-12
     0.594809319E-12
     0.599581754E-12
     0.607016936E-12
     0.610896710E-12
     0.622544427E-12
     0.638615298E-12
     0.633525393E-12
     0.638615569E-12
     0.646546054E-12
     0.650684220E-12
     0.663107666E-12
     0.680248626E-12
     0.674819834E-12
     0.680248915E-12
     0.688707695E-12
     0.693121466E-12
     0.706372313E-12
     0.724654645E-12
     0.718864390E-12
     0.724654953E-12
     0.733677212E-12
     0.738384941E-12
     0.752518293E-12
     0.772018010E-12
     0.765842220E-12
     0.772018337E-12
     0.781641612E-12
     0.786662882E-12
     0.801737527E-12
     0.822535725E-12
     0.815948718E-12
     0.822536075E-12
     0.832800399E-12
     0.838156096E-12
     0.854234735E-12
     0.876417908E-12
     0.869392291E-12
     0.876418280E-12
     0.887366362E-12
     0.893078764E-12
     0.910228284E-12
     0.933888702E-12
     0.926395254E-12
     0.933889098E-12
     0.945566490E-12
     0.951659363E-12
     0.969951109E-12
     0.995187189E-12
     0.987194742E-12
     0.995187611E-12
     0.100764291E-11
     0.101414160E-11
     0.103365168E-11
     0.106056841E-11
     0.105204372E-11
     0.106056886E-11
     0.107385389E-11
     0.108078545E-11
     0.110159504E-11
     0.113030440E-11
     0.112121199E-11
     0.113030488E-11
     0.114447493E-11
     0.115186820E-11
     0.117406389E-11
     0.120468535E-11
     0.119498740E-11
     0.120468586E-11
     0.121979992E-11
     0.122768566E-11
     0.125135984E-11
     0.128402082E-11
     0.127367697E-11
     0.128402136E-11
     0.130014235E-11
     0.130855339E-11
     0.133380460E-11
     0.136864103E-11
     0.135760824E-11
     0.136864161E-11
     0.138583665E-11
     0.139480801E-11
     0.142174136E-11
     0.145889826E-11
     0.144713059E-11
     0.145889888E-11
     0.147723956E-11
     0.148680859E-11
     0.151553622E-11
     0.155516829E-11
     0.154261676E-11
     0.155516895E-11
     0.157473166E-11
     0.158493821E-11
     0.161557976E-11
     0.165785204E-11
     0.164446437E-11
     0.165785274E-11
     0.167871897E-11
     0.168960554E-11
     0.172228864E-11
     0.176737718E-11
     0.175309762E-11
     0.176737792E-11
     0.178963460E-11
     0.180124656E-11
     0.183610737E-11
     0.188419999E-11
     0.186896907E-11
     0.188420079E-11
     0.190794067E-11
     0.192032640E-11
     0.195751018E-11
     0.200880729E-11
     0.199256153E-11
     0.200880813E-11
     0.203413017E-11
     0.204734130E-11
     0.208700303E-11
     0.214171842E-11
     0.212439011E-11
     0.214171932E-11
     0.216872909E-11
     0.218282069E-11
     0.222512574E-11
     0.228348752E-11
     0.226500443E-11
     0.228348848E-11
     0.231229863E-11
     0.232732948E-11
     0.237245427E-11
     0.243470585E-11
     0.241499089E-11
     0.243470687E-11
     0.246543759E-11
     0.248147040E-11
     0.252960319E-11
     0.259600427E-11
     0.257497519E-11
     0.259600536E-11
     0.262878491E-11
     0.264588658E-11
     0.269722826E-11
     0.276805595E-11
     0.274562499E-11
     0.276805711E-11
     0.280302236E-11
     0.282126431E-11
     0.287602923E-11
     0.295157926E-11
     0.292765277E-11
     0.295158049E-11
     0.298887749E-11
     0.300833591E-11
     0.306675284E-11
     0.314734079E-11
     0.312181882E-11
     0.314734210E-11
     0.318712672E-11
     0.320788293E-11
     0.327019601E-11
     0.335615867E-11
     0.332893456E-11
     0.335616007E-11
     0.339859866E-11
     0.342073945E-11
     0.348720925E-11
     0.357890609E-11
     0.354986600E-11
     0.357890757E-11
     0.362417771E-11
     0.364779572E-11
     0.371870034E-11
     0.381651504E-11
     0.378553745E-11
     0.381651662E-11
     0.386480782E-11
     0.389000194E-11
     0.396563826E-11
     0.406998036E-11
     0.403693558E-11
     0.406998205E-11
     0.412149665E-11
     0.414837244E-11
     0.422905737E-11
     0.434036410E-11
     0.430511364E-11
     0.434036588E-11
     0.439531989E-11
     0.442399006E-11
     0.451006194E-11
     0.462880007E-11
     0.459119612E-11
     0.462880197E-11
     0.468742602E-11
     0.471801089E-11
     0.480983098E-11
     0.493649891E-11
     0.489638362E-11
     0.493650093E-11
     0.499904129E-11
     0.503166937E-11
     0.512962344E-11
     0.526475338E-11
     0.522195820E-11
     0.526475552E-11
     0.533147521E-11
     0.536628373E-11
     0.547078376E-11
     0.561494411E-11
     0.556928901E-11
     0.561494638E-11
     0.568612631E-11
     0.572326185E-11
     0.583474789E-11
     0.598854575E-11
     0.593983847E-11
     0.598854816E-11
     0.606448843E-11
     0.610410756E-11
     0.622304969E-11
     0.638713365E-11
     0.633516876E-11
     0.638713620E-11
     0.646815742E-11
     0.651042745E-11
     0.663732794E-11
     0.681239095E-11
     0.675694899E-11
     0.681239365E-11
     0.689883844E-11
     0.694393815E-11
     0.707933371E-11
     0.726611630E-11
     0.720696274E-11
     0.726611917E-11
     0.735835372E-11
     0.740647419E-11
     0.755093849E-11
     0.775023219E-11
     0.768711633E-11
     0.775023522E-11
     0.784865100E-11
     0.789999653E-11
     0.805414285E-11
     0.826679387E-11
     0.819944769E-11
     0.826679707E-11
     0.837181267E-11
     0.842660169E-11
     0.859108584E-11
     0.881799906E-11
     0.874613597E-11
     0.881800244E-11
     0.893006557E-11
     0.898853174E-11
     0.916405514E-11
     0.940619846E-11
     0.932951190E-11
     0.940620202E-11
     0.952579166E-11
     0.958818496E-11
     0.977549810E-11
     0.100339071E-10
     0.995206905E-11
     0.100339108E-10
     0.101615396E-10
     0.102281276E-10
     0.104280336E-10
     0.107038166E-10
     0.106164761E-10
     0.107038206E-10
     0.108400373E-10
     0.109111063E-10
     0.111244652E-10
     0.114188090E-10
     0.113255900E-10
     0.114188131E-10
     0.115642055E-10
     0.116400624E-10
     0.118677951E-10
     0.121819706E-10
     0.120824706E-10
     0.121819749E-10
     0.123371727E-10
     0.124181462E-10
     0.126612396E-10
     0.129966087E-10
     0.128903964E-10
     0.129966132E-10
     0.131622914E-10
     0.132487339E-10
     0.135082459E-10
     0.138662688E-10
     0.137528816E-10
     0.138662735E-10
     0.140431560E-10
     0.141354455E-10
     0.144125106E-10
     0.147947534E-10
     0.146736952E-10
     0.147947583E-10
     0.149836221E-10
     0.150821641E-10
     0.153780001E-10
     0.157861434E-10
     0.156568819E-10
     0.157861485E-10
     0.159878277E-10
     0.160930578E-10
     0.164089723E-10
     0.168448213E-10
     0.167067846E-10
     0.168448266E-10
     0.170602175E-10
     0.171726038E-10
     0.175100019E-10
     0.179754965E-10
     0.178280700E-10
     0.179755018E-10
     0.182055684E-10
     0.183256142E-10
     0.186860070E-10
     0.191832335E-10
     0.190257564E-10
     0.191832389E-10
     0.194290185E-10
     0.195572656E-10
     0.199422797E-10
     0.204734839E-10
     0.203052446E-10
     0.204734895E-10
     0.207360994E-10
     0.208731316E-10
     0.212845194E-10
     0.218521213E-10
     0.216723531E-10
     0.218521268E-10
     0.221327722E-10
     0.222792190E-10
     0.227188705E-10
     0.233254803E-10
     0.231333562E-10
     0.233254857E-10
     0.236254676E-10
     0.237820088E-10
     0.242519647E-10
     0.249004010E-10
     0.246950280E-10
     0.249004063E-10
     0.252211309E-10
     0.253885015E-10
     0.258909682E-10
     0.265842789E-10
     0.263646911E-10
     0.265842840E-10
     0.269272736E-10
     0.271062693E-10
     0.276436357E-10
     0.283851213E-10
     0.281502728E-10
     0.283851260E-10
     0.287520312E-10
     0.289435149E-10
     0.295183713E-10
     0.303116115E-10
     0.300603679E-10
     0.303116157E-10
     0.307042290E-10
     0.309091381E-10
     0.315242989E-10
     0.323731829E-10
     0.321043116E-10
     0.323731864E-10
     0.327934586E-10
     0.330128134E-10
     0.336713415E-10
     0.345801038E-10
     0.342922626E-10
     0.345801063E-10
     0.350301646E-10
     0.352650783E-10
     0.359703150E-10
     0.369435756E-10
     0.366353000E-10
     0.369435769E-10
     0.374257466E-10
     0.376774362E-10
     0.384330354E-10
     0.394758476E-10
     0.391455356E-10
     0.394758473E-10
     0.399926775E-10
     0.402624775E-10
     0.410724454E-10
     0.421903518E-10
     0.418362461E-10
     0.421903494E-10
     0.427446423E-10
     0.430340206E-10
     0.439027635E-10
     0.451018619E-10
     0.447220289E-10
     0.451018569E-10
     0.456967037E-10
     0.460072802E-10
     0.469396610E-10
     0.482266836E-10
     0.478189882E-10
     0.482266753E-10
     0.488654991E-10
     0.491990685E-10
     0.502004748E-10
     0.515828831E-10
     0.511449585E-10
     0.515828706E-10
     0.522694783E-10
     0.526280376E-10
     0.537044645E-10
     0.551905651E-10
     0.547197761E-10
     0.551905475E-10
     0.559291935E-10
     0.563149760E-10
     0.574731277E-10
     0.590722148E-10
     0.585656121E-10
     0.590721907E-10
     0.598676562E-10
     0.602831737E-10
     0.615305902E-10
     0.632531224E-10
     0.627073865E-10
     0.632530902E-10
     0.641107831E-10
     0.645588788E-10
     0.659040950E-10
     0.677619195E-10
     0.671732892E-10
     0.677618771E-10
     0.686879594E-10
     0.691718760E-10
     0.706246267E-10
     0.726312660E-10
     0.719954470E-10
     0.726312109E-10
     0.736327644E-10
     0.741562332E-10
     0.757277189E-10
     0.778987455E-10
     0.772107906E-10
     0.778986745E-10
     0.789839217E-10
     0.795512801E-10
     0.812545219E-10
     0.836080581E-10
     0.828622078E-10
     0.836079668E-10
     0.847865707E-10
     0.854029237E-10
     0.872532465E-10
     0.898106465E-10
     0.890001108E-10
     0.898105293E-10
     0.910940126E-10
     0.917654586E-10
     0.937811696E-10
     0.965679789E-10
     0.956846309E-10
     0.965678284E-10
     0.979701817E-10
     0.987041405E-10
     0.100907514E-09
     0.103954867E-09
     0.102988795E-09
     0.103954673E-09
     0.105493272E-09
     0.106298983E-09
     0.108717755E-09
     0.112064496E-09
     0.111003324E-09
     0.112064245E-09
     0.113761315E-09
     0.114650630E-09
     0.117320386E-09
     0.121016477E-09
     0.119844273E-09
     0.121016149E-09
     0.122901262E-09
     0.123890013E-09
     0.126858285E-09
     0.130970668E-09
     0.129666057E-09
     0.130970231E-09
     0.133084986E-09
     0.134195554E-09
     0.137529545E-09
     0.142153233E-09
     0.140685832E-09
     0.142152638E-09
     0.144560697E-09
     0.145827556E-09
     0.149630795E-09
     0.154912923E-09
     0.153235588E-09
     0.154912081E-09
     0.157725696E-09
     0.159210195E-09
     0.163666948E-09
     0.169871321E-09
     0.167899287E-09
     0.169870044E-09
     0.173354071E-09
     0.175203096E-09
     0.180754731E-09
     0.188520646E-09
     0.186047581E-09
     0.188518358E-09
     0.195123792E-09
     0.198769516E-09
     0.209727992E-09
     0.225571321E-09
     0.220460381E-09
     0.191671927E-09
     0.193325773E-09
     0.198289624E-09
     0.205165180E-09
     0.202984074E-09
     0.205163609E-09
     0.209579754E-09
     0.211924438E-09
     0.218962995E-09
     0.228811138E-09
     0.225674555E-09
     0.208766156E-09
     0.210658067E-09
     0.216336249E-09
     0.224209850E-09
     0.221711027E-09
     0.224207663E-09
     0.228371314E-09
     0.230561450E-09
     0.237134356E-09
     0.246260345E-09
     0.243362533E-09
     0.246257218E-09
     0.250461795E-09
     0.252661801E-09
     0.259263338E-09
     0.268389270E-09
     0.265496411E-09
     0.268386346E-09
     0.272722086E-09
     0.274982595E-09
     0.281764989E-09
     0.291113363E-09
     0.288153405E-09
     0.291110448E-09
     0.295641822E-09
     0.297998074E-09
     0.305067176E-09
     0.314789600E-09
     0.311713818E-09
     0.314786576E-09
     0.319558516E-09
     0.322034533E-09
     0.329462454E-09
     0.339660435E-09
     0.336436420E-09
     0.339657234E-09
     0.344708445E-09
     0.347324550E-09
     0.355172270E-09
     0.365930431E-09
     0.362531312E-09
     0.365926999E-09
     0.371295285E-09
     0.374071083E-09
     0.382397399E-09
     0.393796493E-09
     0.390196732E-09
     0.393792782E-09
     0.399517688E-09
     0.402473513E-09
     0.411339403E-09
     0.423462593E-09
     0.419635962E-09
     0.423458555E-09
     0.429583120E-09
     0.432740981E-09
     0.442212434E-09
     0.455149304E-09
     0.451067603E-09
     0.455144889E-09
     0.461717130E-09
     0.465101495E-09
     0.475251861E-09
     0.489101685E-09
     0.484733701E-09
     0.489096836E-09
     0.496171252E-09
     0.499809823E-09
     0.510722144E-09
     0.525597077E-09
     0.520907576E-09
     0.525591731E-09
     0.533230986E-09
     0.537155563E-09
     0.548925157E-09
     0.564953758E-09
     0.559902375E-09
     0.564947842E-09
     0.573224790E-09
     0.577472299E-09
     0.590209852E-09
     0.607541254E-09
     0.602081184E-09
     0.607534682E-09
     0.616534893E-09
     0.621148670E-09
     0.634984076E-09
     0.653793176E-09
     0.647869541E-09
     0.653785845E-09
     0.663610859E-09
     0.668642300E-09
     0.683729600E-09
     0.704223708E-09
     0.697771474E-09
     0.704215496E-09
     0.714987117E-09
     0.720497847E-09
     0.737021746E-09
     0.759449357E-09
     0.752390578E-09
     0.759440113E-09
     0.771306213E-09
     0.777371031E-09
     0.795555701E-09
     0.820218349E-09
     0.812458451E-09
     0.820207885E-09
     0.833350469E-09
     0.840061424E-09
     0.860182739E-09
     0.887451456E-09
     0.878874070E-09
     0.887439533E-09
     0.902086276E-09
     0.909558517E-09
     0.931961558E-09
     0.962300457E-09
     0.952760018E-09
     0.962286761E-09
     0.978728138E-09
     0.987108595E-09
     0.101223366E-08
     0.104623497E-08
     0.103554572E-08
     0.104621908E-08
     0.106474713E-08
     0.107418246E-08
     0.110246911E-08
     0.114072073E-08
     0.112869870E-08
     0.114070233E-08
     0.116136759E-08
     0.117187849E-08
     0.120338933E-08
     0.124596018E-08
     0.123258571E-08
     0.124593983E-08
     0.126924450E-08
     0.128108511E-08
     0.131658182E-08
     0.136449696E-08
     0.134944847E-08
     0.136447395E-08
     0.139113843E-08
     0.140467353E-08
     0.144524909E-08
     0.149997993E-08
     0.148279573E-08
     0.149995313E-08
     0.153116073E-08
     0.154699055E-08
     0.159444315E-08
     0.165841376E-08
     0.163833279E-08
     0.165838089E-08
     0.169649176E-08
     0.171581693E-08
     0.177374183E-08
     0.185180930E-08
     0.182730519E-08
     0.185176447E-08
     0.190443482E-08
     0.193117137E-08
     0.201128435E-08
     0.211934236E-08
     0.208541107E-08
     0.211925631E-08
     0.218652304E-08
     0.222063673E-08
     0.232284372E-08
     0.246060292E-08
     0.241735609E-08
     0.217388769E-08
     0.220152078E-08
     0.228434781E-08
     0.239576115E-08
     0.236081686E-08
     0.239569813E-08
     0.244828580E-08
     0.247480121E-08
     0.255430303E-08
     0.266098576E-08
     0.262755949E-08
     0.266094784E-08
     0.271274469E-08
     0.273881131E-08
     0.281698055E-08
     0.292172189E-08
     0.288892401E-08
     0.292169611E-08
     0.297530924E-08
     0.300226035E-08
     0.308308840E-08
     0.319130187E-08
     0.315742847E-08
     0.319128078E-08
     0.324778384E-08
     0.327616554E-08
     0.336128833E-08
     0.347518380E-08
     0.343954054E-08
     0.347516532E-08
     0.353511910E-08
     0.356521553E-08
     0.365548460E-08
     0.377620903E-08
     0.373843596E-08
     0.377619236E-08
     0.384003057E-08
     0.387206068E-08
     0.396813240E-08
     0.409656742E-08
     0.405638818E-08
     0.409655214E-08
     0.416467594E-08
     0.419884169E-08
     0.430132166E-08
     0.443827899E-08
     0.439543937E-08
     0.443826484E-08
     0.451107189E-08
     0.454757310E-08
     0.465706056E-08
     0.480334227E-08
     0.475759121E-08
     0.480332907E-08
     0.488122661E-08
     0.492026766E-08
     0.503737558E-08
     0.519380126E-08
     0.514488235E-08
     0.519378887E-08
     0.527720147E-08
     0.531899521E-08
     0.544436205E-08
     0.561178481E-08
     0.555943121E-08
     0.561177313E-08
     0.570114803E-08
     0.574591857E-08
     0.588021653E-08
     0.605953406E-08
     0.600346506E-08
     0.605952302E-08
     0.615533444E-08
     0.620331925E-08
     0.634726074E-08
     0.653942410E-08
     0.647934234E-08
     0.653941363E-08
     0.664216644E-08
     0.669361830E-08
     0.684796153E-08
     0.705398269E-08
     0.698957180E-08
     0.705397274E-08
     0.716420596E-08
     0.721939463E-08
     0.738494890E-08
     0.760590775E-08
     0.753683015E-08
     0.760589827E-08
     0.772418839E-08
     0.778340238E-08
     0.796103311E-08
     0.819808428E-08
     0.812397907E-08
     0.819807524E-08
     0.832503969E-08
     0.838858790E-08
     0.857922179E-08
     0.883360153E-08
     0.875408228E-08
     0.883359289E-08
     0.896989349E-08
     0.903810702E-08
     0.924273734E-08
     0.951577054E-08
     0.943042316E-08
     0.951576227E-08
     0.966210893E-08
     0.973534290E-08
     0.995503494E-08
     0.102481425E-07
     0.101565229E-07
     0.102481346E-07
     0.104052892E-07
     0.104839246E-07
     0.107198216E-07
     0.110345282E-07
     0.109361599E-07
     0.110345206E-07
     0.112033009E-07
     0.112877470E-07
     0.115410760E-07
     0.118790183E-07
     0.117733897E-07
     0.118790110E-07
     0.120602953E-07
     0.121509912E-07
     0.124230699E-07
     0.127860053E-07
     0.126725672E-07
     0.127859983E-07
     0.129807298E-07
     0.130781472E-07
     0.133703910E-07
     0.137602066E-07
     0.136383693E-07
     0.137601999E-07
     0.139693920E-07
     0.140740377E-07
     0.143879667E-07
     0.148066898E-07
     0.146758196E-07
     0.148066834E-07
     0.150314247E-07
     0.151438430E-07
     0.154810904E-07
     0.159308989E-07
     0.157903153E-07
     0.159308927E-07
     0.161723528E-07
     0.162931288E-07
     0.166554493E-07
     0.171386831E-07
     0.169876547E-07
     0.171386771E-07
     0.173981129E-07
     0.175278749E-07
     0.179171539E-07
     0.184363272E-07
     0.182740685E-07
     0.184363215E-07
     0.187150835E-07
     0.188545070E-07
     0.192727706E-07
     0.198305850E-07
     0.196562515E-07
     0.198305795E-07
     0.201301190E-07
     0.202799297E-07
     0.207293552E-07
     0.213287139E-07
     0.211413984E-07
     0.213287086E-07
     0.216505854E-07
     0.218115632E-07
     0.222944904E-07
     0.229385134E-07
     0.227372409E-07
     0.229385083E-07
     0.232843987E-07
     0.234573818E-07
     0.239763252E-07
     0.246683655E-07
     0.244520882E-07
     0.246683606E-07
     0.250400661E-07
     0.252259555E-07
     0.257836176E-07
     0.265272786E-07
     0.262948704E-07
     0.265272739E-07
     0.269267308E-07
     0.271264945E-07
     0.277257799E-07
     0.285249346E-07
     0.282751851E-07
     0.285249300E-07
     0.289542193E-07
     0.291688979E-07
     0.298129283E-07
     0.306717389E-07
     0.304033475E-07
     0.306717346E-07
     0.311330929E-07
     0.313638048E-07
     0.320559353E-07
     0.329788756E-07
     0.326904441E-07
     0.329788714E-07
     0.334747027E-07
     0.337226500E-07
     0.344664866E-07
     0.354583648E-07
     0.351483907E-07
     0.354583608E-07
     0.359912490E-07
     0.362577235E-07
     0.370571421E-07
     0.381231262E-07
     0.377899944E-07
     0.381231223E-07
     0.386958445E-07
     0.389822349E-07
     0.398414013E-07
     0.409870459E-07
     0.406290206E-07
     0.409870421E-07
     0.416025832E-07
     0.419103820E-07
     0.428337738E-07
     0.440650490E-07
     0.436802646E-07
     0.440650454E-07
     0.447266137E-07
     0.450574251E-07
     0.460498549E-07
     0.473731775E-07
     0.469596287E-07
     0.473731740E-07
     0.480842180E-07
     0.484397663E-07
     0.495064068E-07
     0.509286741E-07
     0.504842054E-07
     0.509286707E-07
     0.516928968E-07
     0.520750352E-07
     0.532214463E-07
     0.547500715E-07
     0.542723663E-07
     0.547500683E-07
     0.555714605E-07
     0.559821811E-07
     0.572143387E-07
     0.588572900E-07
     0.583438583E-07
     0.588572868E-07
     0.597401273E-07
     0.601815711E-07
     0.615058987E-07
     0.632717404E-07
     0.627199058E-07
     0.632717374E-07
     0.642206288E-07
     0.646950972E-07
     0.661184988E-07
     0.680164366E-07
     0.674233223E-07
     0.680164337E-07
     0.690363232E-07
     0.695462899E-07
     0.710761863E-07
     0.731161148E-07
     0.724786287E-07
     0.731161120E-07
     0.742123172E-07
     0.747604409E-07
     0.764048086E-07
     0.785973630E-07
     0.779121816E-07
     0.785973603E-07
     0.797755968E-07
     0.803647353E-07
     0.821321477E-07
     0.844887595E-07
     0.837523105E-07
     0.844887569E-07
     0.857551681E-07
     0.863883933E-07
     0.882880657E-07
     0.908210220E-07
     0.900294656E-07
     0.908210195E-07
     0.921822087E-07
     0.928628223E-07
     0.949046598E-07
     0.976271676E-07
     0.967763766E-07
     0.976271651E-07
     0.990902302E-07
     0.998217810E-07
     0.102016430E-06
     0.104942685E-06
     0.104028223E-06
     0.104942683E-06
     0.106515253E-06
     0.107301555E-06
     0.109660460E-06
     0.112805721E-06
     0.111822820E-06
     0.112805718E-06
     0.114495993E-06
     0.115341148E-06
     0.117876609E-06
     0.121257275E-06
     0.120200810E-06
     0.121257273E-06
     0.123074067E-06
     0.123982481E-06
     0.126707719E-06
     0.130341420E-06
     0.129205882E-06
     0.130341418E-06
     0.132294206E-06
     0.133270615E-06
     0.136199842E-06
     0.140105526E-06
     0.138884993E-06
     0.140105523E-06
     0.142204488E-06
     0.143253986E-06
     0.146402476E-06
     0.150600509E-06
     0.149288617E-06
     0.150600507E-06
     0.152856594E-06
     0.153984652E-06
     0.157368824E-06
     0.161881098E-06
     0.160471007E-06
     0.161881096E-06
     0.164306071E-06
     0.165518573E-06
     0.169156075E-06
     0.174006121E-06
     0.172490476E-06
     0.174006119E-06
     0.176612627E-06
     0.177915895E-06
     0.181825696E-06
     0.187038806E-06
     0.185409704E-06
     0.187038804E-06
     0.189840440E-06
     0.191241270E-06
     0.195443760E-06
     0.201047119E-06
     0.199296064E-06
     0.201047118E-06
     0.204058490E-06
     0.205564189E-06
     0.210081283E-06
     0.216104113E-06
     0.214221974E-06
     0.216104111E-06
     0.219340925E-06
     0.220959344E-06
     0.225814599E-06
     0.232288309E-06
     0.230265270E-06
     0.232288308E-06
     0.235767443E-06
     0.237507022E-06
     0.242725758E-06
     0.249684109E-06
     0.247509620E-06
     0.249684107E-06
     0.253423708E-06
     0.255293520E-06
     0.260902954E-06
     0.268382232E-06
     0.266044953E-06
     0.268382231E-06
     0.272401800E-06
     0.274411595E-06
     0.280440980E-06
     0.288480192E-06
     0.285967934E-06
     0.288480190E-06
     0.292800690E-06
     0.294960950E-06
     0.301441729E-06
     0.310082800E-06
     0.307382461E-06
     0.310082798E-06
     0.314726761E-06
     0.317048752E-06
     0.324014724E-06
     0.333302717E-06
     0.330400215E-06
     0.333302715E-06
     0.338294359E-06
     0.340790191E-06
     0.348277684E-06
     0.358261037E-06
     0.355141236E-06
     0.358261036E-06
     0.363626394E-06
     0.366309082E-06
     0.374357145E-06
     0.385087923E-06
     0.381734551E-06
     0.385087922E-06
     0.390854975E-06
     0.393738510E-06
     0.402389115E-06
     0.413923281E-06
     0.410318851E-06
     0.413923280E-06
     0.420122104E-06
     0.423221525E-06
     0.432519785E-06
     0.444917491E-06
     0.441043205E-06
     0.444917490E-06
     0.451580414E-06
     0.454911884E-06
     0.464906292E-06
     0.478232195E-06
     0.474067847E-06
     0.478232194E-06
     0.485393965E-06
     0.488974859E-06
     0.499717538E-06
     0.514041133E-06
     0.509565007E-06
     0.514041132E-06
     0.521739101E-06
     0.525588093E-06
     0.537135068E-06
     0.552531057E-06
     0.547719808E-06
     0.552531056E-06
     0.560805369E-06
     0.564942533E-06
     0.577354023E-06
     0.593902697E-06
     0.588731234E-06
     0.593902696E-06
     0.602796506E-06
     0.607243418E-06
     0.620584151E-06
     0.638371816E-06
     0.632813168E-06
     0.638371815E-06
     0.647931504E-06
     0.652711355E-06
     0.667050906E-06
     0.686170326E-06
     0.680195505E-06
     0.686170325E-06
     0.696445749E-06
     0.701583467E-06
     0.716996619E-06
     0.737547506E-06
     0.731125352E-06
     0.737547505E-06
     0.748592252E-06
     0.754114631E-06
     0.770681766E-06
     0.792771296E-06
     0.785868316E-06
     0.792771296E-06
     0.804642966E-06
     0.810578806E-06
     0.828386325E-06
     0.852129698E-06
     0.844709892E-06
     0.852129698E-06
     0.864890204E-06
     0.871270461E-06
     0.890411233E-06
     0.915932275E-06
     0.907956948E-06
     0.915932274E-06
     0.929648164E-06
     0.936506113E-06
     0.957079960E-06
     0.984511767E-06
     0.975939325E-06
     0.984511766E-06
     0.999254570E-06
     0.100662598E-05
     0.102874019E-05
     0.105822582E-05
     0.104901156E-05
     0.105822582E-05
     0.107407243E-05
     0.108199573E-05
     0.110576565E-05
     0.113745887E-05
     0.112755474E-05
     0.113745887E-05
     0.115449192E-05
     0.116300845E-05
     0.118855802E-05
     0.122262413E-05
     0.121197847E-05
     0.122262413E-05
     0.124093244E-05
     0.125008661E-05
     0.127754909E-05
     0.131416573E-05
     0.130272303E-05
     0.131416573E-05
     0.133384480E-05
     0.134368433E-05
     0.137320293E-05
     0.141256107E-05
     0.140026166E-05
     0.141256107E-05
     0.143371352E-05
     0.144428974E-05
     0.147601841E-05
     0.151832330E-05
     0.150510302E-05
     0.151832330E-05
     0.154105943E-05
     0.155242750E-05
     0.158653170E-05
     0.163200396E-05
     0.161779388E-05
     0.163200396E-05
     0.165644235E-05
     0.166866155E-05
     0.170531913E-05
     0.175419590E-05
     0.173892191E-05
     0.175419590E-05
     0.178046400E-05
     0.179359804E-05
     0.183300018E-05
     0.188553635E-05
     0.186911880E-05
     0.188553635E-05
     0.191377114E-05
     0.192788853E-05
     0.197024070E-05
     0.202671025E-05
     0.200906352E-05
     0.202671025E-05
     0.205705897E-05
     0.207223333E-05
     0.211775639E-05
     0.217845380E-05
     0.215948586E-05
     0.217845380E-05
     0.221107472E-05
     0.222738518E-05
     0.227631654E-05
     0.234155834E-05
     0.232117028E-05
     0.234155834E-05
     0.237662157E-05
     0.239415318E-05
     0.244674801E-05
     0.251687442E-05
     0.249495992E-05
     0.251687442E-05
     0.255456283E-05
     0.257340701E-05
     0.262993958E-05
     0.270531631E-05
     0.268176108E-05
     0.270531631E-05
     0.274582641E-05
     0.276608145E-05
     0.282684656E-05
     0.290786667E-05
     0.288254789E-05
     0.290786667E-05
     0.295140972E-05
     0.297318123E-05
     0.303849576E-05
     0.312558175E-05
     0.309836738E-05
     0.312558175E-05
     0.317238482E-05
     0.319578633E-05
     0.326599088E-05
     0.335959688E-05
     0.333034501E-05
     0.335959688E-05
     0.340990402E-05
     0.343505757E-05
     0.351051823E-05
     0.361113235E-05
     0.357969045E-05
     0.361113235E-05
     0.366520591E-05
     0.369224266E-05
     0.377335291E-05
     0.388149983E-05
     0.384770393E-05
     0.388149983E-05
     0.393962177E-05
     0.396868270E-05
     0.405586551E-05
     0.417210915E-05
     0.413578302E-05
     0.417210915E-05
     0.423458254E-05
     0.426581920E-05
     0.435952917E-05
     0.448447568E-05
     0.444542991E-05
     0.448447568E-05
     0.455162629E-05
     0.458520155E-05
     0.468592732E-05
     0.482022823E-05
     0.477825921E-05
     0.482022822E-05
     0.489240620E-05
     0.492849513E-05
     0.503676193E-05
     0.518111751E-05
     0.513600641E-05
     0.518111751E-05
     0.525869920E-05
     0.529748998E-05
     0.541386234E-05
     0.556902529E-05
     0.552053689E-05
     0.556902529E-05
     0.565241523E-05
     0.569411013E-05
     0.581919482E-05
     0.598597420E-05
     0.593385567E-05
     0.598597420E-05
     0.607560718E-05
     0.612042359E-05
     0.625487282E-05
     0.643413821E-05
     0.637811781E-05
     0.643413821E-05
     0.653048159E-05
     0.657865319E-05
     0.672316797E-05
     0.691585406E-05
     0.685563969E-05
     0.691585406E-05
     0.701941015E-05
     0.707118809E-05
     0.722652191E-05
     0.743363333E-05
     0.736891105E-05
     0.743363333E-05
     0.754494207E-05
     0.760059631E-05
     0.776755903E-05
     0.799017561E-05
     0.792060797E-05
     0.799017560E-05
     0.810981730E-05
     0.816963801E-05
     0.834910012E-05
     0.858838248E-05
     0.851360680E-05
     0.858838248E-05
     0.871698090E-05
     0.878127995E-05
     0.897417707E-05
     0.923137271E-05
     0.915099914E-05
     0.923137271E-05
     0.936959829E-05
     0.943871089E-05
     0.964604867E-05
     0.992249843E-05
     0.983610795E-05
     0.992249843E-05
     0.100710718E-04
     0.101453582E-04
     0.103682175E-04
     0.106653626E-04
     0.105725049E-04
     0.106653626E-04
     0.108250582E-04
     0.109049058E-04
     0.111444485E-04
     0.114638378E-04
     0.113640288E-04
     0.114638378E-04
     0.116354882E-04
     0.117213131E-04
     0.119787878E-04
     0.123220865E-04
     0.122148058E-04
     0.123220865E-04
     0.125065864E-04
     0.125988360E-04
     0.128755849E-04
     0.132445822E-04
     0.131292707E-04
     0.132445822E-04
     0.134428934E-04
     0.135420486E-04
     0.138395142E-04
     0.142361337E-04
     0.141121902E-04
     0.142361337E-04
     0.144492898E-04
     0.145558673E-04
     0.148756001E-04
     0.153019089E-04
     0.151686876E-04
     0.153019089E-04
     0.155310209E-04
     0.156455764E-04
     0.159892428E-04
     0.164474629E-04
     0.163042693E-04
     0.164474629E-04
     0.166937249E-04
     0.168168553E-04
     0.171862464E-04
     0.176787660E-04
     0.175248538E-04
     0.176787660E-04
     0.179434614E-04
     0.180758083E-04
     0.184728493E-04
     0.190022350E-04
     0.188368022E-04
     0.190022350E-04
     0.192867432E-04
     0.194289965E-04
     0.198557563E-04
     0.204247669E-04
     0.202469514E-04
     0.204247669E-04
     0.207305705E-04
     0.208834713E-04
     0.213421739E-04
     0.219537742E-04
     0.217626495E-04
     0.219537742E-04
     0.222824667E-04
     0.224468118E-04
     0.229398472E-04
     0.235972241E-04
     0.233917943E-04
     0.235972241E-04
     0.239505180E-04
     0.241271637E-04
     0.246571006E-04
     0.253636792E-04
     0.251428739E-04
     0.253636792E-04
     0.257434151E-04
     0.259332816E-04
     0.265028810E-04
     0.272623423E-04
     0.270250112E-04
     0.272623423E-04
     0.276704986E-04
     0.278745750E-04
     0.284868042E-04
     0.293031044E-04
     0.290480112E-04
     0.293031044E-04
     0.297418071E-04
     0.299611564E-04
     0.306192044E-04
     0.314965956E-04
     0.312224116E-04
     0.314965956E-04
     0.319681297E-04
     0.322038945E-04
     0.329111887E-04
     0.338542406E-04
     0.335595378E-04
     0.338542406E-04
     0.343610620E-04
     0.346144700E-04
     0.353746941E-04
     0.363883180E-04
     0.360715615E-04
     0.363883180E-04
     0.369330659E-04
     0.372054368E-04
     0.380225495E-04
     0.391120235E-04
     0.387715640E-04
     0.391120235E-04
     0.396975345E-04
     0.399902864E-04
     0.408685422E-04
     0.420395389E-04
     0.416736038E-04
     0.420395389E-04
     0.426688613E-04
     0.429835184E-04
     0.439274897E-04
     0.451861054E-04
     0.447927895E-04
     0.451861054E-04
     0.458625152E-04
     0.462007154E-04
     0.472153160E-04
     0.485681020E-04
     0.481453582E-04
     0.485681020E-04
     0.492951200E-04
     0.496586235E-04
     0.507491341E-04
     0.522031312E-04
     0.517487592E-04
     0.522031312E-04
     0.529845408E-04
     0.533752393E-04
     0.545473348E-04
     0.561101091E-04
     0.556217445E-04
     0.561101091E-04
     0.569499763E-04
     0.573699026E-04
     0.586296815E-04
     0.603093640E-04
     0.597844660E-04
     0.603093640E-04
     0.612120581E-04
     0.616633968E-04
     0.630174126E-04
     0.648227409E-04
     0.642585790E-04
     0.648227409E-04
     0.657929572E-04
     0.662780557E-04
     0.677333509E-04
     0.696737144E-04
     0.690673545E-04
     0.696737144E-04
     0.707164984E-04
     0.712378792E-04
     0.728020216E-04
     0.748875097E-04
     0.742357989E-04
     0.748875097E-04
     0.760082832E-04
     0.765686570E-04
     0.782497783E-04
     0.804912329E-04
     0.797907833E-04
     0.804912329E-04
     0.816958218E-04
     0.822981012E-04
     0.841049395E-04
     0.865140104E-04
     0.857611815E-04
     0.865140104E-04
     0.878086746E-04
     0.884559893E-04
     0.903979336E-04
     0.929871386E-04
     0.921780186E-04
     0.929871386E-04
     0.943786043E-04
     0.950743172E-04
     0.971614557E-04
     0.999442448E-04
     0.990746308E-04
     0.999442448E-04
     0.101439739E-03
     0.102187463E-03
     0.104430636E-03
     0.107421460E-03
     0.106486836E-03
     0.107421460E-03
     0.109028748E-03
     0.109832366E-03
     0.112243218E-03
     0.115457604E-03
     0.114453118E-03
     0.115457604E-03
     0.117185029E-03
     0.118048710E-03
     0.120639755E-03
     0.124094384E-03
     0.123014824E-03
     0.124094384E-03
     0.125950909E-03
     0.126879135E-03
     0.129663814E-03
     0.133376609E-03
     0.132216374E-03
     0.133376609E-03
     0.135371862E-03
     0.136369447E-03
     0.139362203E-03
     0.143352416E-03
     0.142105490E-03
     0.143352416E-03
     0.145496743E-03
     0.146568858E-03
     0.149785205E-03
     0.154073519E-03
     0.152733439E-03
     0.154073519E-03
     0.156378031E-03
     0.157530232E-03
     0.160986835E-03
     0.165595468E-03
     0.164155291E-03
     0.165595468E-03
     0.168072103E-03
     0.169310357E-03
     0.173025118E-03
     0.177977936E-03
     0.176430204E-03
     0.177977936E-03
     0.180639515E-03
     0.181970231E-03
     0.185962379E-03
     0.191285016E-03
     0.189621720E-03
     0.191285016E-03
     0.194145311E-03
     0.195575374E-03
     0.199865562E-03
     0.205585550E-03
     0.203798086E-03
     0.205585550E-03
     0.208659352E-03
     0.210196155E-03
     0.214806565E-03
     0.220953474E-03
     0.219032602E-03
     0.220953474E-03
     0.224256668E-03
     0.225908153E-03
     0.230862605E-03
     0.237468190E-03
     0.235403988E-03
     0.237468190E-03
     0.241017836E-03
     0.242792528E-03
     0.248116605E-03
     0.255214967E-03
     0.252996778E-03
     0.255214967E-03
     0.259029382E-03
     0.260936438E-03
     0.266657607E-03
     0.274285363E-03
     0.271901747E-03
     0.274285363E-03
     0.278384216E-03
     0.280433468E-03
     0.286581224E-03
     0.294777689E-03
     0.292216360E-03
     0.294777689E-03
     0.299182097E-03
     0.301384099E-03
     0.307990106E-03
     0.316797489E-03
     0.314045259E-03
     0.316797489E-03
     0.321530123E-03
     0.323896207E-03
     0.330994460E-03
     0.340458072E-03
     0.337500782E-03
     0.340458072E-03
     0.345543268E-03
     0.348085597E-03
     0.355712584E-03
     0.365881064E-03
     0.362703517E-03
     0.365881064E-03
     0.371344943E-03
     0.374076573E-03
     0.382271460E-03
     0.393197010E-03
     0.389782894E-03
     0.393197010E-03
     0.399067607E-03
     0.402002547E-03
     0.410807367E-03
     0.422546011E-03
     0.418877822E-03
     0.422546011E-03
     0.428853410E-03
     0.432006696E-03
     0.441466552E-03
     0.454078405E-03
     0.450137359E-03
     0.454078405E-03
     0.460854887E-03
     0.464242650E-03
     0.474405937E-03
     0.487955498E-03
     0.483721443E-03
     0.487955498E-03
     0.495235693E-03
     0.498875239E-03
     0.509793874E-03
     0.524350335E-03
     0.519801652E-03
     0.524350335E-03
     0.532171394E-03
     0.536081285E-03
     0.547810957E-03
     0.563448535E-03
     0.558562035E-03
     0.563448535E-03
     0.571850299E-03
     0.576050444E-03
     0.588650878E-03
     0.605449164E-03
     0.600199981E-03
     0.605449164E-03
     0.614474360E-03
     0.618986106E-03
     0.632521345E-03
     0.650565682E-03
     0.644927152E-03
     0.650565682E-03
     0.660260118E-03
     0.665106353E-03
     0.679645057E-03
     0.699026937E-03
     0.692970475E-03
     0.699026937E-03
     0.709439717E-03
     0.714644972E-03
     0.730260737E-03
     0.751078226E-03
     0.744573194E-03
     0.751078225E-03
     0.762261978E-03
     0.767852544E-03
     0.784624240E-03
     0.806982423E-03
     0.799995992E-03
     0.806982423E-03
     0.818993538E-03
     0.824997581E-03
     0.843009712E-03
     0.867021178E-03
     0.859518173E-03
     0.867021177E-03
     0.879920061E-03
     0.886367755E-03
     0.905710837E-03
     0.931496176E-03
     0.923438925E-03
     0.931496175E-03
     0.945347521E-03
     0.952271176E-03
     0.973042141E-03
     0.100073048E-02
     0.992078648E-03
     0.100073048E-02
     0.101560356E-02
     0.102303776E-02
     0.104534039E-02
     0.107506997E-02
     0.106578036E-02
     0.107506997E-02
     0.109103891E-02
     0.109902069E-02
     0.112296603E-02
     0.115488478E-02
     0.114491120E-02
     0.115488478E-02
     0.117202891E-02
     0.118059787E-02
     0.120630476E-02
     0.124057095E-02
     0.122986395E-02
     0.124057095E-02
     0.125897512E-02
     0.126817363E-02
     0.129576914E-02
     0.133255202E-02
     0.132105874E-02
     0.133255201E-02
     0.135230696E-02
     0.136218030E-02
     0.139180031E-02
     0.143128080E-02
     0.141894472E-02
     0.143128079E-02
     0.145248348E-02
     0.146308005E-02
     0.149486976E-02
     0.153724119E-02
     0.152400194E-02
     0.153724118E-02
     0.155999521E-02
     0.157136671E-02
     0.160548121E-02
     0.165095007E-02
     0.163674316E-02
     0.165095007E-02
     0.167536605E-02
     0.168756768E-02
     0.172417257E-02
     0.177295931E-02
     0.175771588E-02
     0.177295931E-02
     0.179915531E-02
     0.181224597E-02
     0.185151796E-02
     0.190385780E-02
     0.188750440E-02
     0.190385779E-02
     0.193195976E-02
     0.194600228E-02
     0.198812983E-02
     0.204427357E-02
     0.202673188E-02
     0.204427357E-02
     0.207441577E-02
     0.208947710E-02
     0.213466110E-02
     0.219487606E-02
     0.217606261E-02
     0.219487606E-02
     0.222720153E-02
     0.224335301E-02
     0.229180743E-02
     0.235637830E-02
     0.233620420E-02
     0.235637829E-02
     0.239103935E-02
     0.240835689E-02
     0.246030949E-02
     0.252953923E-02
     0.250790990E-02
     0.252953922E-02
     0.256669789E-02
     0.258526224E-02
     0.264095529E-02
     0.271516609E-02
     0.269198093E-02
     0.271516608E-02
     0.275499459E-02
     0.277489158E-02
     0.283458251E-02
     0.291411671E-02
     0.288926886E-02
     0.291411669E-02
     0.295679799E-02
     0.297811872E-02
     0.304208091E-02
     0.312730189E-02
     0.310067793E-02
     0.312730187E-02
     0.317303006E-02
     0.319587120E-02
     0.326439460E-02
     0.335568774E-02
     0.332716739E-02
     0.335568772E-02
     0.340466857E-02
     0.342913253E-02
     0.350252441E-02
     0.360029796E-02
     0.356975382E-02
     0.360029793E-02
     0.365274931E-02
     0.367894450E-02
     0.375753006E-02
     0.386221599E-02
     0.382951327E-02
     0.386221595E-02
     0.391836826E-02
     0.394640928E-02
     0.403053230E-02
     0.414258710E-02
     0.410758338E-02
     0.414258706E-02
     0.420268364E-02
     0.423269145E-02
     0.432271487E-02
     0.444262028E-02
     0.440516527E-02
     0.444262022E-02
     0.450691772E-02
     0.453901987E-02
     0.463532625E-02
     0.476358986E-02
     0.472352525E-02
     0.476358979E-02
     0.483235847E-02
     0.486668915E-02
     0.496968112E-02
     0.510683692E-02
     0.506399620E-02
     0.510683683E-02
     0.518036081E-02
     0.521706102E-02
     0.532716158E-02
     0.547377029E-02
     0.542797862E-02
     0.547377018E-02
     0.555234756E-02
     0.559156516E-02
     0.570921784E-02
     0.586586709E-02
     0.581694130E-02
     0.586586696E-02
     0.594980992E-02
     0.599169960E-02
     0.611736851E-02
     0.628467282E-02
     0.623242140E-02
     0.628467266E-02
     0.637430737E-02
     0.641903064E-02
     0.655320028E-02
     0.673180073E-02
     0.667602395E-02
     0.673180052E-02
     0.682746696E-02
     0.687519199E-02
     0.701836686E-02
     0.720893049E-02
     0.714942059E-02
     0.720893024E-02
     0.731098180E-02
     0.736188320E-02
     0.751458717E-02
     0.771780603E-02
     0.765434752E-02
     0.771780571E-02
     0.782660865E-02
     0.788086719E-02
     0.804364252E-02
     0.826023227E-02
     0.819260241E-02
     0.826023188E-02
     0.837616454E-02
     0.843396667E-02
     0.860737273E-02
     0.883807081E-02
     0.876604018E-02
     0.883807032E-02
     0.896152210E-02
     0.902305944E-02
     0.920767103E-02
     0.945323426E-02
     0.937656752E-02
     0.945323365E-02
     0.958460368E-02
     0.965007227E-02
     0.984647748E-02
     0.101076791E-01
     0.100261359E-01
     0.101076783E-01
     0.102473738E-01
     0.103169733E-01
     0.105257709E-01
     0.108033968E-01
     0.107167331E-01
     0.108033958E-01
     0.109518302E-01
     0.110257626E-01
     0.112475589E-01
     0.115424033E-01
     0.114503727E-01
     0.115424021E-01
     0.116999925E-01
     0.117784612E-01
     0.120138662E-01
     0.123267264E-01
     0.122290817E-01
     0.123267250E-01
     0.124938895E-01
     0.125770976E-01
     0.128267207E-01
     0.131583910E-01
     0.130548862E-01
     0.131583892E-01
     0.133355437E-01
     0.134236925E-01
     0.136881374E-01
     0.140394017E-01
     0.139297943E-01
     0.140393995E-01
     0.142269541E-01
     0.143202409E-01
     0.146000996E-01
     0.149717239E-01
     0.148557774E-01
     0.149717212E-01
     0.151700757E-01
     0.152686919E-01
     0.155645383E-01
     0.159572611E-01
     0.158347481E-01
     0.159572578E-01
     0.161667977E-01
     0.162709261E-01
     0.165833086E-01
     0.169978311E-01
     0.168685360E-01
     0.169978270E-01
     0.172189178E-01
     0.173287302E-01
     0.176581640E-01
     0.180951387E-01
     0.179588618E-01
     0.180951337E-01
     0.183281159E-01
     0.184437699E-01
     0.187907278E-01
     0.192507470E-01
     0.191073079E-01
     0.192507409E-01
     0.194959240E-01
     0.196175602E-01
     0.199824640E-01
     0.204660465E-01
     0.203152883E-01
     0.204660391E-01
     0.207236958E-01
     0.208514345E-01
     0.212346451E-01
     0.217422233E-01
     0.215840168E-01
     0.217422144E-01
     0.219903727E-01
     0.221134053E-01
     0.224824984E-01
     0.229713872E-01
     0.228190048E-01
     0.229713788E-01
     0.232013085E-01
     0.233153437E-01
     0.236574454E-01
     0.241107065E-01
     0.239694138E-01
     0.231757054E-01
     0.232771344E-01
     0.235814189E-01
     0.239848596E-01
     0.238590622E-01
     0.239848547E-01
     0.241864116E-01
     0.242864547E-01
     0.245865817E-01
     0.249844762E-01
     0.248604123E-01
     0.249844714E-01
     0.252009444E-01
     0.253083080E-01
     0.256303960E-01
     0.260571481E-01
     0.259241179E-01
     0.260571420E-01
     0.262945052E-01
     0.264121039E-01
     0.267648965E-01
     0.272319419E-01
     0.270863988E-01
     0.272319336E-01
     0.274858409E-01
     0.276115114E-01
     0.279885184E-01
     0.284872344E-01
     0.283318692E-01
     0.284872240E-01
     0.287549799E-01
     0.288873751E-01
     0.292845563E-01
     0.298095594E-01
     0.296460540E-01
     0.298095470E-01
     0.300892096E-01
     0.302273551E-01
     0.306417873E-01
     0.311891705E-01
     0.310187469E-01
     0.311891560E-01
     0.314792416E-01
     0.316223886E-01
     0.320518259E-01
     0.326185744E-01
     0.324421771E-01
     0.326185579E-01
     0.329179000E-01
     0.330654549E-01
     0.335081171E-01
     0.340918274E-01
     0.339102112E-01
     0.340918091E-01
     0.343994936E-01
     0.345509854E-01
     0.350054602E-01
     0.356042080E-01
     0.354179791E-01
     0.356041879E-01
     0.359195331E-01
     0.360746023E-01
     0.365398119E-01
     0.371521050E-01
     0.369617364E-01
     0.371520832E-01
     0.374543644E-01
     0.376029740E-01
     0.380488078E-01
     0.386354907E-01
     0.384530981E-01
     0.386354716E-01
     0.389176571E-01
     0.390564169E-01
     0.394727029E-01
     0.400205947E-01
     0.398502508E-01
     0.400205793E-01
     0.402726441E-01
     0.403967104E-01
     0.407689167E-01
     0.412591566E-01
     0.411066927E-01
     0.412591458E-01
     0.415168995E-01
     0.416436144E-01
     0.420237694E-01
     0.425240130E-01
     0.423684952E-01
     0.425240017E-01
     0.428068904E-01
     0.429455883E-01
     0.433616995E-01
     0.439081114E-01
     0.437383814E-01
     0.439080970E-01
     0.442093485E-01
     0.443566641E-01
     0.447986383E-01
     0.453778313E-01
     0.451980638E-01
     0.453778149E-01
     0.456924408E-01
     0.458458883E-01
     0.463062715E-01
     0.469083401E-01
     0.467216263E-01
     0.469083228E-01
     0.472317571E-01
     0.473890694E-01
     0.478610626E-01
     0.484769960E-01
     0.482861449E-01
     0.484769791E-01
     0.488048197E-01
     0.489638229E-01
     0.494409076E-01
     0.500621038E-01
     0.498697925E-01
     0.500620887E-01
     0.503901843E-01
     0.505488392E-01
     0.510248996E-01
     0.516433192E-01
     0.514520460E-01
     0.516433071E-01
     0.519679939E-01
     0.521245041E-01
     0.525941528E-01
     0.532027258E-01
     0.530146861E-01
     0.532027176E-01
     0.535210180E-01
     0.536739177E-01
     0.541327583E-01
     0.547256966E-01
     0.545426900E-01
     0.547256925E-01
     0.550353714E-01
     0.551835413E-01
     0.556282176E-01
     0.562010476E-01
     0.560244715E-01
     0.562010474E-01
     0.564866696E-01
     0.566229980E-01
     0.570321516E-01
     0.575581913E-01
     0.573961674E-01
     0.575581941E-01
     0.578149488E-01
     0.579372829E-01
     0.583044428E-01
     0.587758094E-01
     0.586307113E-01
     0.587758131E-01
     0.590073990E-01
     0.591174734E-01
     0.594478458E-01
     0.598711398E-01
     0.597409458E-01
     0.598711431E-01
     0.600794617E-01
     0.601781786E-01
     0.604744705E-01
     0.608531570E-01
     0.607368015E-01
     0.608531587E-01
     0.610393424E-01
     0.611272490E-01
     0.613911016E-01
     0.617273114E-01
     0.616241354E-01
     0.617273108E-01
     0.618921647E-01
     0.619696589E-01
     0.622022650E-01
     0.624975739E-01
     0.624070868E-01
     0.624975704E-01
     0.626417978E-01
     0.627092329E-01
     0.629116515E-01
     0.631674753E-01
     0.630892342E-01
     0.631674687E-01
     0.632917885E-01
     0.633495273E-01
     0.635228468E-01
     0.637406457E-01
     0.636741932E-01
     0.637406358E-01
     0.638460257E-01
     0.638945450E-01
     0.640401957E-01
     0.642218409E-01
     0.641665967E-01
     0.642218279E-01
     0.643091133E-01
     0.643488253E-01
     0.644680441E-01
     0.646151827E-01
     0.645706323E-01
     0.646151666E-01
     0.646852202E-01
     0.647165614E-01
     0.648106583E-01
     0.649250369E-01
     0.648906345E-01
     0.649250182E-01
     0.649787990E-01
     0.650022465E-01
     0.650726533E-01
     0.651561733E-01
     0.651313259E-01
     0.651561525E-01
     0.651946867E-01
     0.652107488E-01
     0.652589907E-01
     0.653136708E-01
     0.652977493E-01
     0.653136483E-01
     0.653380078E-01
     0.653472134E-01
     0.653748779E-01
     0.654028138E-01
     0.653951659E-01
     0.654027901E-01
     0.654140713E-01
     0.654169599E-01
     0.654256664E-01
     0.654289916E-01
     0.654289538E-01
     0.654289672E-01
     0.654282721E-01
     0.654253849E-01
     0.654167582E-01
     0.653976097E-01
     0.654045178E-01
     0.653975851E-01
     0.653860063E-01
     0.653778794E-01
     0.653535280E-01
     0.653140199E-01
     0.653272169E-01
     0.653139955E-01
     0.652926059E-01
     0.652797651E-01
     0.652412677E-01
     0.651834732E-01
     0.652023152E-01
     0.651834493E-01
     0.651532972E-01
     0.651362565E-01
     0.650851552E-01
     0.650111002E-01
     0.650349577E-01
     0.650110771E-01
     0.649731871E-01
     0.649524492E-01
     0.648902530E-01
     0.648019206E-01
     0.648301774E-01
     0.648018986E-01
     0.647572798E-01
     0.647333406E-01
     0.646615378E-01
     0.645608872E-01
     0.645929342E-01
     0.645608664E-01
     0.645105292E-01
     0.644838869E-01
     0.644039722E-01
     0.642929745E-01
     0.643281983E-01
     0.642929553E-01
     0.642379411E-01
     0.642091110E-01
     0.641226311E-01
     0.640033331E-01
     0.640410960E-01
     0.640033155E-01
     0.639447490E-01
     0.639142907E-01
     0.638229247E-01
     0.636975569E-01
     0.637371630E-01
     0.636975413E-01
     0.636367275E-01
     0.636052948E-01
     0.635110040E-01
     0.633821848E-01
     0.634228153E-01
     0.633821712E-01
     0.633208052E-01
     0.632892533E-01
     0.631946035E-01
     0.630657768E-01
     0.631063529E-01
     0.630657656E-01
     0.630065142E-01
     0.629761984E-01
     0.628852553E-01
     0.627619076E-01
     0.628007069E-01
     0.627618993E-01
     0.627017084E-01
     0.626709921E-01
     0.625788470E-01
     0.624541058E-01
     0.624933152E-01
     0.624540984E-01
     0.623834194E-01
     0.623473257E-01
     0.622390498E-01
     0.620924063E-01
     0.621385074E-01
     0.620923959E-01
     0.620114977E-01
     0.619701856E-01
     0.618462564E-01
     0.616784246E-01
     0.617311847E-01
     0.616784113E-01
     0.615868905E-01
     0.615401712E-01
     0.614000225E-01
     0.612102899E-01
     0.612699263E-01
     0.612102735E-01
     0.611071908E-01
     0.610545990E-01
     0.608968354E-01
     0.606833596E-01
     0.607504457E-01
     0.606833398E-01
     0.605669922E-01
     0.605076696E-01
     0.603297183E-01
     0.600890576E-01
     0.601646696E-01
     0.600890335E-01
     0.599562161E-01
     0.598885336E-01
     0.596855091E-01
     0.594110854E-01
     0.594972861E-01
     0.594110555E-01
     0.592544501E-01
     0.591746618E-01
     0.589353339E-01
     0.586119561E-01
     0.587135163E-01
     0.586119155E-01
     0.584501440E-01
     0.583679600E-01
     0.581214485E-01
     0.577890708E-01
     0.578933732E-01
     0.577890344E-01
     0.576354760E-01
     0.575577448E-01
     0.573245859E-01
     0.570110135E-01
     0.571093209E-01
     0.570109880E-01
     0.568633798E-01
     0.567888586E-01
     0.565653267E-01
     0.562652756E-01
     0.563592762E-01
     0.562652567E-01
     0.561221965E-01
     0.560501226E-01
     0.558339304E-01
     0.555441744E-01
     0.556348972E-01
     0.555441601E-01
     0.554045491E-01
     0.553343347E-01
     0.551237200E-01
     0.548417995E-01
     0.549300260E-01
     0.548417883E-01
     0.547050404E-01
     0.546363693E-01
     0.544303831E-01
     0.541549661E-01
     0.542411204E-01
     0.541549572E-01
     0.540207216E-01
     0.539534025E-01
     0.537514718E-01
     0.534817484E-01
     0.535660891E-01
     0.534817414E-01
     0.533497238E-01
     0.532835984E-01
     0.530852478E-01
     0.528205513E-01
     0.529032905E-01
     0.528205457E-01
     0.526904649E-01
     0.526253841E-01
     0.524301668E-01
     0.521698773E-01
     0.522512117E-01
     0.521698729E-01
     0.520414242E-01
     0.519772298E-01
     0.517846714E-01
     0.515281394E-01
     0.516082738E-01
     0.515281358E-01
     0.514009482E-01
     0.513374509E-01
     0.511469835E-01
     0.508934416E-01
     0.509726171E-01
     0.508934386E-01
     0.507670056E-01
     0.507039509E-01
     0.505148108E-01
     0.502632381E-01
     0.503417739E-01
     0.502632357E-01
     0.501367805E-01
     0.500737819E-01
     0.498848104E-01
     0.496336704E-01
     0.497120455E-01
     0.496336683E-01
     0.495058208E-01
     0.494422017E-01
     0.492513693E-01
     0.489979852E-01
     0.490770324E-01
     0.489979832E-01
     0.488657699E-01
     0.488000677E-01
     0.486029887E-01
     0.483415963E-01
     0.484231062E-01
     0.483415940E-01
     0.482052849E-01
     0.481376501E-01
     0.479347752E-01
     0.476660223E-01
     0.477497868E-01
     0.476660196E-01
     0.475362870E-01
     0.474719788E-01
     0.472790783E-01
     0.470237225E-01
     0.471032893E-01
     0.470237199E-01
     0.469075296E-01
     0.468499518E-01
     0.466772349E-01
     0.464486303E-01
     0.465198586E-01
     0.469293073E-01
     0.468824420E-01
     0.467418551E-01
     0.465555073E-01
     0.466136037E-01
     0.465555062E-01
     0.464598458E-01
     0.464124020E-01
     0.462700795E-01
     0.460815593E-01
     0.461403172E-01
     0.464732116E-01
     0.464323500E-01
     0.463097710E-01
     0.461472473E-01
     0.461979223E-01
     0.461472465E-01
     0.460651570E-01
     0.460244209E-01
     0.459022177E-01
     0.457402650E-01
     0.457907530E-01
     0.460766777E-01
     0.460416212E-01
     0.459364551E-01
     0.457969585E-01
     0.458404614E-01
     0.457969579E-01
     0.457265620E-01
     0.456916067E-01
     0.455867439E-01
     0.454476969E-01
     0.454910538E-01
     0.457395258E-01
     0.457109712E-01
     0.456253089E-01
     0.455116029E-01
     0.455470730E-01
     0.455116026E-01
     0.454536015E-01
     0.454247747E-01
     0.453382957E-01
     0.452235388E-01
     0.452593325E-01
     0.452235384E-01
     0.451630696E-01
     0.451330342E-01
     0.450429297E-01
     0.449234181E-01
     0.449606879E-01
     0.449234176E-01
     0.448600380E-01
     0.448285788E-01
     0.447342030E-01
     0.446090956E-01
     0.446481018E-01
     0.446090949E-01
     0.445442502E-01
     0.445120828E-01
     0.444155822E-01
     0.442877177E-01
     0.443275762E-01
     0.442877169E-01
     0.442223093E-01
     0.441898794E-01
     0.440925913E-01
     0.439637352E-01
     0.440038964E-01
     0.439637343E-01
     0.438983530E-01
     0.438659512E-01
     0.437687470E-01
     0.436400483E-01
     0.436801548E-01
     0.436400473E-01
     0.435750981E-01
     0.435429240E-01
     0.434464025E-01
     0.433186490E-01
     0.433584559E-01
     0.433186480E-01
     0.432544228E-01
     0.432226196E-01
     0.431272102E-01
     0.430009655E-01
     0.430402977E-01
     0.430009644E-01
     0.429376817E-01
     0.429063561E-01
     0.428123790E-01
     0.426880623E-01
     0.427267898E-01
     0.426880611E-01
     0.426258912E-01
     0.425951260E-01
     0.425028299E-01
     0.423807654E-01
     0.424187879E-01
     0.423807643E-01
     0.423198464E-01
     0.422897091E-01
     0.421992962E-01
     0.420797472E-01
     0.421169831E-01
     0.420797460E-01
     0.420202008E-01
     0.419907497E-01
     0.419023948E-01
     0.417855875E-01
     0.418219670E-01
     0.417855864E-01
     0.417275264E-01
     0.416988155E-01
     0.416126809E-01
     0.414988252E-01
     0.415342835E-01
     0.414988241E-01
     0.414418937E-01
     0.414137482E-01
     0.413293095E-01
     0.412177156E-01
     0.412524671E-01
     0.412177145E-01
     0.411620146E-01
     0.411344830E-01
     0.410518860E-01
     0.409427423E-01
     0.409767287E-01
     0.409427412E-01
     0.408883887E-01
     0.408615274E-01
     0.407809411E-01
     0.406744665E-01
     0.407076204E-01
     0.406744655E-01
     0.406215935E-01
     0.405954667E-01
     0.405170836E-01
     0.404135272E-01
     0.404457716E-01
     0.404135264E-01
     0.403623011E-01
     0.403369890E-01
     0.402610498E-01
     0.401607242E-01
     0.401919625E-01
     0.401607235E-01
     0.401113724E-01
     0.400869852E-01
     0.400138206E-01
     0.399171559E-01
     0.399472549E-01
     0.399171553E-01
     0.398700211E-01
     0.398467253E-01
     0.397768351E-01
     0.396844830E-01
     0.397132408E-01
     0.396844825E-01
     0.396401445E-01
     0.396182225E-01
     0.395524543E-01
     0.394655232E-01
     0.394925962E-01
     0.394655229E-01
     0.394251539E-01
     0.394051798E-01
     0.393452554E-01
     0.392660030E-01
     0.392906903E-01
     0.392660028E-01
     0.392258512E-01
     0.392059884E-01
     0.391463978E-01
     0.390675981E-01
     0.390921430E-01
     0.390675980E-01
     0.390223760E-01
     0.390000413E-01
     0.389330339E-01
     0.388445369E-01
     0.388720889E-01
     0.388445369E-01
     0.387948945E-01
     0.387704143E-01
     0.386969693E-01
     0.386000836E-01
     0.386302335E-01
     0.386000838E-01
     0.385458996E-01
     0.385192241E-01
     0.384391912E-01
     0.383337472E-01
     0.383665444E-01
     0.383337479E-01
     0.382741114E-01
     0.382448108E-01
     0.381569001E-01
     0.380412511E-01
     0.380772014E-01
     0.380412527E-01
     0.379732244E-01
     0.379399011E-01
     0.378399172E-01
     0.377086775E-01
     0.377494394E-01
     0.377086815E-01
     0.376219412E-01
     0.375797217E-01
     0.374530329E-01
     0.372875087E-01
     0.373388280E-01
     0.376308240E-01
     0.375928233E-01
     0.374787991E-01
     0.373295194E-01
     0.373758384E-01
     0.373295285E-01
     0.372552998E-01
     0.372190504E-01
     0.371102826E-01
     0.369678126E-01
     0.370120286E-01
     0.372633301E-01
     0.372309195E-01
     0.371336739E-01
     0.370060580E-01
     0.370456923E-01
     0.370060665E-01
     0.369427079E-01
     0.369116699E-01
     0.368185440E-01
     0.366962739E-01
     0.367342560E-01
     0.366962842E-01
     0.366381893E-01
     0.366096873E-01
     0.365241723E-01
     0.364117641E-01
     0.364466989E-01
     0.364117744E-01
     0.363570241E-01
     0.363301360E-01
     0.362494647E-01
     0.361433390E-01
     0.361763319E-01
     0.361433498E-01
     0.360925947E-01
     0.360676360E-01
     0.359927546E-01
     0.358941463E-01
     0.359248144E-01
     0.358941568E-01
     0.358471593E-01
     0.358240182E-01
     0.357545912E-01
     0.356630744E-01
     0.356915481E-01
     0.356630842E-01
     0.356195197E-01
     0.355980421E-01
     0.355336071E-01
     0.354485903E-01
     0.354750514E-01
     0.354485993E-01
     0.354082156E-01
     0.353882825E-01
     0.353284816E-01
     0.352495083E-01
     0.352740970E-01
     0.352495164E-01
     0.352121048E-01
     0.351936177E-01
     0.351381553E-01
     0.350648492E-01
     0.350876809E-01
     0.350648563E-01
     0.350302344E-01
     0.350131074E-01
     0.349617257E-01
     0.348937585E-01
     0.349149339E-01
     0.348937646E-01
     0.348617694E-01
     0.348459256E-01
     0.347983940E-01
     0.347354721E-01
     0.347550813E-01
     0.347354773E-01
     0.347059636E-01
     0.346913347E-01
     0.346474479E-01
     0.345893097E-01
     0.346074330E-01
     0.345893141E-01
     0.345621575E-01
     0.345486849E-01
     0.345082670E-01
     0.344546888E-01
     0.344713948E-01
     0.344546923E-01
     0.344297951E-01
     0.344174330E-01
     0.343803468E-01
     0.343311546E-01
     0.343464967E-01
     0.343311574E-01
     0.343084599E-01
     0.342971810E-01
     0.342633445E-01
     0.342184368E-01
     0.342324457E-01
     0.342184389E-01
     0.341979416E-01
     0.341877483E-01
     0.341571686E-01
     0.341165607E-01
     0.341292309E-01
     0.342000524E-01
     0.341909038E-01
     0.341634580E-01
     0.341269970E-01
     0.341383750E-01
     0.341269982E-01
     0.341087337E-01
     0.340996443E-01
     0.340723764E-01
     0.340361472E-01
     0.340474535E-01
     0.341111895E-01
     0.341033173E-01
     0.340797009E-01
     0.340483089E-01
     0.340581073E-01
     0.340483097E-01
     0.340324544E-01
     0.340245583E-01
     0.340008701E-01
     0.339693805E-01
     0.339792096E-01
     0.339693813E-01
     0.339542949E-01
     0.339467795E-01
     0.339242335E-01
     0.338942556E-01
     0.339036137E-01
     0.338942563E-01
     0.338780552E-01
     0.338699859E-01
     0.338457778E-01
     0.338135937E-01
     0.338236400E-01
     0.338135945E-01
     0.337967639E-01
     0.337883812E-01
     0.337632330E-01
     0.337297990E-01
     0.337402356E-01
     0.337297999E-01
     0.337126401E-01
     0.337040928E-01
     0.336784508E-01
     0.336443581E-01
     0.336550005E-01
     0.336443591E-01
     0.336270776E-01
     0.336184686E-01
     0.335926413E-01
     0.335582984E-01
     0.335690194E-01
     0.335582994E-01
     0.335410465E-01
     0.335324501E-01
     0.335066606E-01
     0.334723632E-01
     0.334830706E-01
     0.334723641E-01
     0.334552510E-01
     0.334467224E-01
     0.334211363E-01
     0.333871037E-01
     0.333977292E-01
     0.333871046E-01
     0.333702149E-01
     0.333617956E-01
     0.333365375E-01
     0.333029348E-01
     0.333134268E-01
     0.333029356E-01
     0.332863324E-01
     0.332780538E-01
     0.332532176E-01
     0.332201698E-01
     0.332304893E-01
     0.332201704E-01
     0.332039012E-01
     0.331957869E-01
     0.331714437E-01
     0.331390449E-01
     0.331491625E-01
     0.331390454E-01
     0.331231455E-01
     0.331152131E-01
     0.330914156E-01
     0.330597364E-01
     0.330696301E-01
     0.330597368E-01
     0.330442319E-01
     0.330364944E-01
     0.330132813E-01
     0.329823734E-01
     0.329920271E-01
     0.329823737E-01
     0.329672819E-01
     0.329597484E-01
     0.329371473E-01
     0.329070475E-01
     0.329164496E-01
     0.329070477E-01
     0.328923811E-01
     0.328850578E-01
     0.328630870E-01
     0.328338202E-01
     0.328429628E-01
     0.328338203E-01
     0.328195861E-01
     0.328124766E-01
     0.327911473E-01
     0.327627287E-01
     0.327716071E-01
     0.327627287E-01
     0.327489302E-01
     0.327420363E-01
     0.327213537E-01
     0.326937909E-01
     0.327024027E-01
     0.326937907E-01
     0.326804279E-01
     0.326737498E-01
     0.326537146E-01
     0.326270086E-01
     0.326353534E-01
     0.326270084E-01
     0.326140788E-01
     0.326076154E-01
     0.325882242E-01
     0.325623711E-01
     0.325704500E-01
     0.325623708E-01
     0.325498699E-01
     0.325436191E-01
     0.325248655E-01
     0.324998573E-01
     0.325076729E-01
     0.324998569E-01
     0.324877785E-01
     0.324817373E-01
     0.324636126E-01
     0.324394379E-01
     0.324469936E-01
     0.324394375E-01
     0.324277741E-01
     0.324219390E-01
     0.324044323E-01
     0.323810772E-01
     0.323883773E-01
     0.323810766E-01
     0.323698198E-01
     0.323641866E-01
     0.323472856E-01
     0.323247340E-01
     0.323317835E-01
     0.323247334E-01
     0.323138739E-01
     0.323084380E-01
     0.322921292E-01
     0.322703635E-01
     0.322771678E-01
     0.322703628E-01
     0.322598906E-01
     0.322546473E-01
     0.322389162E-01
     0.322179175E-01
     0.322244825E-01
     0.322179168E-01
     0.322078216E-01
     0.322027659E-01
     0.321875974E-01
     0.321673459E-01
     0.321736778E-01
     0.321673452E-01
     0.321576164E-01
     0.321527430E-01
     0.321381215E-01
     0.321185968E-01
     0.321247018E-01
     0.321185960E-01
     0.321092228E-01
     0.321045265E-01
     0.320904362E-01
     0.320716173E-01
     0.320775021E-01
     0.320716165E-01
     0.320625881E-01
     0.320580634E-01
     0.320444882E-01
     0.320263542E-01
     0.320320252E-01
     0.320263534E-01
     0.320176588E-01
     0.320133004E-01
     0.320002242E-01
     0.319827538E-01
     0.319882176E-01
     0.319827530E-01
     0.319743813E-01
     0.319701840E-01
     0.319575908E-01
     0.319407629E-01
     0.319460261E-01
     0.319407620E-01
     0.319327026E-01
     0.319286610E-01
     0.319165348E-01
     0.319003285E-01
     0.319053976E-01
     0.319003276E-01
     0.318925697E-01
     0.318886785E-01
     0.318770037E-01
     0.318613982E-01
     0.318662797E-01
     0.318613973E-01
     0.318539306E-01
     0.318501848E-01
     0.318389458E-01
     0.318239207E-01
     0.318286209E-01
     0.318239198E-01
     0.318167340E-01
     0.318131284E-01
     0.318023102E-01
     0.317878454E-01
     0.317923706E-01
     0.317878445E-01
     0.317809297E-01
     0.317774593E-01
     0.317670470E-01
     0.317531229E-01
     0.317574791E-01
     0.317531220E-01
     0.317464683E-01
     0.317431283E-01
     0.317331074E-01
     0.317197048E-01
     0.317238981E-01
     0.317197039E-01
     0.317133018E-01
     0.317100876E-01
     0.317004440E-01
     0.316875441E-01
     0.316915803E-01
     0.316875432E-01
     0.316813835E-01
     0.316782905E-01
     0.316690103E-01
     0.316565950E-01
     0.316604798E-01
     0.316565941E-01
     0.316506678E-01
     0.316476915E-01
     0.316387614E-01
     0.316268130E-01
     0.316305519E-01
     0.316268121E-01
     0.316211105E-01
     0.316182466E-01
     0.316096536E-01
     0.315981548E-01
     0.316017532E-01
     0.315981540E-01
     0.315926686E-01
     0.315899129E-01
     0.315816445E-01
     0.315705787E-01
     0.315740417E-01
     0.315705778E-01
     0.315653006E-01
     0.315626489E-01
     0.315546930E-01
     0.315440440E-01
     0.315473768E-01
     0.315440432E-01
     0.315389661E-01
     0.315364147E-01
     0.315287593E-01
     0.315185116E-01
     0.315217189E-01
     0.315185107E-01
     0.315136262E-01
     0.315111712E-01
     0.315038052E-01
     0.314939435E-01
     0.314970301E-01
     0.314939427E-01
     0.314892434E-01
     0.314868811E-01
     0.314797933E-01
     0.314703031E-01
     0.314732736E-01
     0.314703023E-01
     0.314657811E-01
     0.314635081E-01
     0.314566879E-01
     0.314475551E-01
     0.314504138E-01
     0.314475543E-01
     0.314432044E-01
     0.314410171E-01
     0.314344544E-01
     0.314256653E-01
     0.314284166E-01
     0.314256645E-01
     0.314214792E-01
     0.314193745E-01
     0.314130593E-01
     0.314046009E-01
     0.314072487E-01
     0.314046001E-01
     0.314005731E-01
     0.313985477E-01
     0.313924705E-01
     0.313843300E-01
     0.313868785E-01
     0.313843293E-01
     0.313804545E-01
     0.313785053E-01
     0.313726570E-01
     0.313648223E-01
     0.313672751E-01
     0.313648216E-01
     0.313610930E-01
     0.313592172E-01
     0.313535889E-01
     0.313460482E-01
     0.313484090E-01
     0.313460474E-01
     0.313424595E-01
     0.313406542E-01
     0.313352374E-01
     0.313279793E-01
     0.313302518E-01
     0.313279786E-01
     0.313245257E-01
     0.313227882E-01
     0.313175747E-01
     0.313105885E-01
     0.313127759E-01
     0.313105878E-01
     0.313072647E-01
     0.313055924E-01
     0.313005743E-01
     0.312938493E-01
     0.312959550E-01
     0.312938486E-01
     0.312906504E-01
     0.312890406E-01
     0.312842104E-01
     0.312777366E-01
     0.312797637E-01
     0.312777359E-01
     0.312746615E-01
     0.312731138E-01
     0.312684700E-01
     0.312622455E-01
     0.312641946E-01
     0.312622448E-01
     0.312592927E-01
     0.312578065E-01
     0.312533470E-01
     0.312473691E-01
     0.312492411E-01
     0.312473684E-01
     0.312445330E-01
     0.312431054E-01
     0.312388218E-01
     0.312330791E-01
     0.312348775E-01
     0.312330785E-01
     0.312303544E-01
     0.312289828E-01
     0.312248670E-01
     0.312193489E-01
     0.312210770E-01
     0.312193483E-01
     0.312167306E-01
     0.312154123E-01
     0.312114568E-01
     0.312061532E-01
     0.312078141E-01
     0.312061526E-01
     0.312036363E-01
     0.312023691E-01
     0.311985666E-01
     0.311934679E-01
     0.311950647E-01
     0.311934673E-01
     0.311910481E-01
     0.311898296E-01
     0.311861734E-01
     0.311812704E-01
     0.311828060E-01
     0.311812698E-01
     0.311789433E-01
     0.311777714E-01
     0.311742550E-01
     0.311695392E-01
     0.311710162E-01
     0.311695386E-01
     0.311673008E-01
     0.311661734E-01
     0.311627907E-01
     0.311582538E-01
     0.311596748E-01
     0.311582532E-01
     0.311561002E-01
     0.311550154E-01
     0.311517605E-01
     0.311473948E-01
     0.311487622E-01
     0.311473943E-01
     0.311453223E-01
     0.311442784E-01
     0.311411458E-01
     0.311369439E-01
     0.311382600E-01
     0.311369434E-01
     0.311349490E-01
     0.311339441E-01
     0.311309286E-01
     0.311268834E-01
     0.311281505E-01
     0.311268829E-01
     0.311249629E-01
     0.311239953E-01
     0.311210919E-01
     0.311171968E-01
     0.311184169E-01
     0.311171963E-01
     0.311153474E-01
     0.311144156E-01
     0.311116195E-01
     0.311078681E-01
     0.311090432E-01
     0.311078676E-01
     0.311060869E-01
     0.311051893E-01
     0.311024960E-01
     0.310988823E-01
     0.311000144E-01
     0.310988819E-01
     0.310971664E-01
     0.310963017E-01
     0.310937069E-01
     0.310902251E-01
     0.310913158E-01
     0.310902246E-01
     0.310885717E-01
     0.310877384E-01
     0.310852380E-01
     0.310818827E-01
     0.310829338E-01
     0.310818822E-01
     0.310802892E-01
     0.310794861E-01
     0.310770762E-01
     0.310738420E-01
     0.310748552E-01
     0.310738416E-01
     0.310723060E-01
     0.310715318E-01
     0.310692086E-01
     0.310660907E-01
     0.310670675E-01
     0.310660902E-01
     0.310646098E-01
     0.310638633E-01
     0.310616233E-01
     0.310586168E-01
     0.310595587E-01
     0.310586164E-01
     0.310571888E-01
     0.310564689E-01
     0.310543087E-01
     0.310514090E-01
     0.310523175E-01
     0.310514086E-01
     0.310500318E-01
     0.310493374E-01
     0.310472537E-01
     0.310444566E-01
     0.310453329E-01
     0.310444562E-01
     0.310431280E-01
     0.310424581E-01
     0.310404478E-01
     0.310377492E-01
     0.310385947E-01
     0.310377488E-01
     0.310364673E-01
     0.310358208E-01
     0.310338811E-01
     0.310312769E-01
     0.310320928E-01
     0.310312765E-01
     0.310300398E-01
     0.310294159E-01
     0.310275438E-01
     0.310250303E-01
     0.310258179E-01
     0.310250299E-01
     0.310238363E-01
     0.310232340E-01
     0.310214269E-01
     0.310190004E-01
     0.310197608E-01
     0.310190001E-01
     0.310178477E-01
     0.310172663E-01
     0.310155216E-01
     0.310131787E-01
     0.310139129E-01
     0.310131784E-01
     0.310120657E-01
     0.310115042E-01
     0.310098194E-01
     0.310075569E-01
     0.310082659E-01
     0.310075566E-01
     0.310064820E-01
     0.310059397E-01
     0.310043125E-01
     0.310021272E-01
     0.310028120E-01
     0.310021268E-01
     0.310010889E-01
     0.310005650E-01
     0.309989931E-01
     0.309968819E-01
     0.309975435E-01
     0.309968816E-01
     0.309958788E-01
     0.309953727E-01
     0.309938540E-01
     0.309918140E-01
     0.309924533E-01
     0.309918137E-01
     0.309908448E-01
     0.309903557E-01
     0.309888880E-01
     0.309869165E-01
     0.309875344E-01
     0.309869162E-01
     0.309859798E-01
     0.309855071E-01
     0.309840885E-01
     0.309821829E-01
     0.309827801E-01
     0.309821826E-01
     0.309812775E-01
     0.309808205E-01
     0.309794491E-01
     0.309776069E-01
     0.309781843E-01
     0.309776066E-01
     0.309767315E-01
     0.309762896E-01
     0.309749637E-01
     0.309731823E-01
     0.309737406E-01
     0.309731820E-01
     0.309723358E-01
     0.309719085E-01
     0.309706263E-01
     0.309689035E-01
     0.309694435E-01
     0.309689032E-01
     0.309680848E-01
     0.309676715E-01
     0.309664313E-01
     0.309647649E-01
     0.309652872E-01
     0.309647646E-01
     0.309639730E-01
     0.309635731E-01
     0.309623734E-01
     0.309607611E-01
     0.309612665E-01
     0.309607609E-01
     0.309599950E-01
     0.309596081E-01
     0.309584472E-01
     0.309568872E-01
     0.309573762E-01
     0.309568869E-01
     0.309561458E-01
     0.309557714E-01
     0.309546480E-01
     0.309531382E-01
     0.309536115E-01
     0.309531379E-01
     0.309524206E-01
     0.309520583E-01
     0.309509709E-01
     0.309495094E-01
     0.309499676E-01
     0.309495092E-01
     0.309488148E-01
     0.309484641E-01
     0.309474114E-01
     0.309459965E-01
     0.309464400E-01
     0.309459962E-01
     0.309453240E-01
     0.309449843E-01
     0.309439651E-01
     0.309425950E-01
     0.309430245E-01
     0.309425948E-01
     0.309419438E-01
     0.309416149E-01
     0.309406278E-01
     0.309393009E-01
     0.309397169E-01
     0.309393007E-01
     0.309386702E-01
     0.309383517E-01
     0.309373956E-01
     0.309361103E-01
     0.309365132E-01
     0.309361101E-01
     0.309354993E-01
     0.309351907E-01
     0.309342645E-01
     0.309330193E-01
     0.309334097E-01
     0.309330191E-01
     0.309324274E-01
     0.309321283E-01
     0.309312309E-01
     0.309300243E-01
     0.309304026E-01
     0.309300241E-01
     0.309294508E-01
     0.309291610E-01
     0.309282913E-01
     0.309271219E-01
     0.309274885E-01
     0.309271217E-01
     0.309265660E-01
     0.309262851E-01
     0.309254422E-01
     0.309243086E-01
     0.309246640E-01
     0.309243084E-01
     0.309237698E-01
     0.309234975E-01
     0.309226803E-01
     0.309215814E-01
     0.309219259E-01
     0.309215812E-01
     0.309210590E-01
     0.309207950E-01
     0.309200026E-01
     0.309189370E-01
     0.309192712E-01
     0.309189368E-01
     0.309184305E-01
     0.309181744E-01
     0.309174061E-01
     0.309163727E-01
     0.309166967E-01
     0.309163725E-01
     0.309158814E-01
     0.309156330E-01
     0.309148878E-01
     0.309138854E-01
     0.309141997E-01
     0.309138852E-01
     0.309134088E-01
     0.309131679E-01
     0.309124450E-01
     0.309114725E-01
     0.309117774E-01
     0.309114723E-01
     0.309110102E-01
     0.309107764E-01
     0.309100750E-01
     0.309091314E-01
     0.309094273E-01
     0.309091312E-01
     0.309086828E-01
     0.309084559E-01
     0.309077753E-01
     0.309068595E-01
     0.309071467E-01
     0.309068594E-01
     0.309064242E-01
     0.309062040E-01
     0.309055434E-01
     0.309046545E-01
     0.309049333E-01
     0.309046544E-01
     0.309042319E-01
     0.309040182E-01
     0.309033769E-01
     0.309025141E-01
     0.309027846E-01
     0.309025139E-01
     0.309021038E-01
     0.309018963E-01
     0.309012737E-01
     0.309004359E-01
     0.309006986E-01
     0.309004357E-01
     0.309000375E-01
     0.308998360E-01
     0.308992314E-01
     0.308984178E-01
     0.308986730E-01
     0.308984177E-01
     0.308980310E-01
     0.308978353E-01
     0.308972481E-01
     0.308964579E-01
     0.308967057E-01
     0.308964577E-01
     0.308960821E-01
     0.308958921E-01
     0.308953217E-01
     0.308945541E-01
     0.308947948E-01
     0.308945539E-01
     0.308941890E-01
     0.308940044E-01
     0.308934503E-01
     0.308927044E-01
     0.308929384E-01
     0.308927043E-01
     0.308923498E-01
     0.308921704E-01
     0.308916319E-01
     0.308909072E-01
     0.308911345E-01
     0.308909070E-01
     0.308905626E-01
     0.308903882E-01
     0.308898649E-01
     0.308891606E-01
     0.308893815E-01
     0.308891604E-01
     0.308888256E-01
     0.308886561E-01
     0.308881475E-01
     0.308874629E-01
     0.308876776E-01
     0.308874627E-01
     0.308871373E-01
     0.308869725E-01
     0.308864781E-01
     0.308858125E-01
     0.308860212E-01
     0.308858123E-01
     0.308854959E-01
     0.308853357E-01
     0.308848550E-01
     0.308842078E-01
     0.308844108E-01
     0.308842076E-01
     0.308839000E-01
     0.308837442E-01
     0.308832767E-01
     0.308826473E-01
     0.308828447E-01
     0.308826472E-01
     0.308823480E-01
     0.308821965E-01
     0.308817418E-01
     0.308811296E-01
     0.308813216E-01
     0.308811295E-01
     0.308808385E-01
     0.308806911E-01
     0.308802488E-01
     0.308796533E-01
     0.308798401E-01
     0.308796532E-01
     0.308793700E-01
     0.308792267E-01
     0.308787964E-01
     0.308782170E-01
     0.308783987E-01
     0.308782169E-01
     0.308779414E-01
     0.308778019E-01
     0.308773832E-01
     0.308768194E-01
     0.308769963E-01
     0.308768193E-01
     0.308765512E-01
     0.308764155E-01
     0.308760080E-01
     0.308754593E-01
     0.308756314E-01
     0.308754592E-01
     0.308751983E-01
     0.308750662E-01
     0.308746696E-01
     0.308741355E-01
     0.308743030E-01
     0.308741354E-01
     0.308738814E-01
     0.308737528E-01
     0.308733667E-01
     0.308728468E-01
     0.308730099E-01
     0.308728466E-01
     0.308725994E-01
     0.308724742E-01
     0.308720983E-01
     0.308715921E-01
     0.308717509E-01
     0.308715919E-01
     0.308713512E-01
     0.308712293E-01
     0.308708633E-01
     0.308703703E-01
     0.308705250E-01
     0.308703702E-01
     0.308701358E-01
     0.308700170E-01
     0.308696606E-01
     0.308691804E-01
     0.308693311E-01
     0.308691803E-01
     0.308689520E-01
     0.308688363E-01
     0.308684891E-01
     0.308680214E-01
     0.308681682E-01
     0.308680213E-01
     0.308677989E-01
     0.308676862E-01
     0.308673480E-01
     0.308668924E-01
     0.308670353E-01
     0.308668923E-01
     0.308666756E-01
     0.308665658E-01
     0.308662363E-01
     0.308657923E-01
     0.308659316E-01
     0.308657922E-01
     0.308655811E-01
     0.308654741E-01
     0.308651530E-01
     0.308647204E-01
     0.308648561E-01
     0.308647203E-01
     0.308645146E-01
     0.308644103E-01
     0.308640974E-01
     0.308636757E-01
     0.308638080E-01
     0.308636756E-01
     0.308634751E-01
     0.308633734E-01
     0.308630684E-01
     0.308626574E-01
     0.308627864E-01
     0.308626573E-01
     0.308624618E-01
     0.308623628E-01
     0.308620654E-01
     0.308616647E-01
     0.308617904E-01
     0.308616646E-01
     0.308614741E-01
     0.308613775E-01
     0.308610876E-01
     0.308606968E-01
     0.308608194E-01
     0.308606967E-01
     0.308605110E-01
     0.308604168E-01
     0.308601341E-01
     0.308597531E-01
     0.308598726E-01
     0.308597530E-01
     0.308595718E-01
     0.308594799E-01
     0.308592042E-01
     0.308588327E-01
     0.308589493E-01
     0.308588326E-01
     0.308586559E-01
     0.308585663E-01
     0.308582974E-01
     0.308579349E-01
     0.308580486E-01
     0.308579348E-01
     0.308577624E-01
     0.308576750E-01
     0.308574127E-01
     0.308570591E-01
     0.308571701E-01
     0.308570590E-01
     0.308568909E-01
     0.308568056E-01
     0.308565497E-01
     0.308562047E-01
     0.308563130E-01
     0.308562046E-01
     0.308560406E-01
     0.308559573E-01
     0.308557076E-01
     0.308553710E-01
     0.308554766E-01
     0.308553709E-01
     0.308552108E-01
     0.308551296E-01
     0.308548859E-01
     0.308545573E-01
     0.308546605E-01
     0.308545573E-01
     0.308544010E-01
     0.308543218E-01
     0.308540839E-01
     0.308537632E-01
     0.308538639E-01
     0.308537632E-01
     0.308536106E-01
     0.308535333E-01
     0.308533011E-01
     0.308529881E-01
     0.308530863E-01
     0.308529880E-01
     0.308528391E-01
     0.308527636E-01
     0.308525369E-01
     0.308522313E-01
     0.308523272E-01
     0.308522312E-01
     0.308520859E-01
     0.308520121E-01
     0.308517908E-01
     0.308514924E-01
     0.308515860E-01
     0.308514923E-01
     0.308513504E-01
     0.308512784E-01
     0.308510623E-01
     0.308507708E-01
     0.308508623E-01
     0.308507707E-01
     0.308506322E-01
     0.308505618E-01
     0.308503508E-01
     0.308500661E-01
     0.308501555E-01
     0.308500661E-01
     0.308499307E-01
     0.308498620E-01
     0.308496558E-01
     0.308493778E-01
     0.308494651E-01
     0.308493777E-01
     0.308492455E-01
     0.308491784E-01
     0.308489770E-01
     0.308487054E-01
     0.308487906E-01
     0.308487053E-01
     0.308485761E-01
     0.308485106E-01
     0.308483138E-01
     0.308480484E-01
     0.308481317E-01
     0.308480484E-01
     0.308479222E-01
     0.308478581E-01
     0.308476659E-01
     0.308474065E-01
     0.308474879E-01
     0.308474065E-01
     0.308472831E-01
     0.308472205E-01
     0.308470326E-01
     0.308467792E-01
     0.308468588E-01
     0.308467791E-01
     0.308466586E-01
     0.308465974E-01
     0.308464138E-01
     0.308461661E-01
     0.308462439E-01
     0.308461660E-01
     0.308460482E-01
     0.308459884E-01
     0.308458089E-01
     0.308455668E-01
     0.308456428E-01
     0.308455667E-01
     0.308454516E-01
     0.308453931E-01
     0.308452176E-01
     0.308449809E-01
     0.308450552E-01
     0.308449808E-01
     0.308448683E-01
     0.308448111E-01
     0.308446395E-01
     0.308444081E-01
     0.308444807E-01
     0.308444080E-01
     0.308442979E-01
     0.308442420E-01
     0.308440743E-01
     0.308438479E-01
     0.308439190E-01
     0.308438479E-01
     0.308437402E-01
     0.308436856E-01
     0.308435215E-01
     0.308433002E-01
     0.308433696E-01
     0.308433001E-01
     0.308431948E-01
     0.308431414E-01
     0.308429809E-01
     0.308427644E-01
     0.308428323E-01
     0.308427643E-01
     0.308426613E-01
     0.308426090E-01
     0.308424521E-01
     0.308422403E-01
     0.308423068E-01
     0.308422402E-01
     0.308421395E-01
     0.308420883E-01
     0.308419348E-01
     0.308417276E-01
     0.308417926E-01
     0.308417275E-01
     0.308416289E-01
     0.308415789E-01
     0.308414286E-01
     0.308412259E-01
     0.308412895E-01
     0.308412258E-01
     0.308411294E-01
     0.308410804E-01
     0.308409334E-01
     0.308407350E-01
     0.308407973E-01
     0.308407349E-01
     0.308406406E-01
     0.308405926E-01
     0.308404487E-01
     0.308402546E-01
     0.308403155E-01
     0.308402545E-01
     0.308401621E-01
     0.308401152E-01
     0.308399744E-01
     0.308397843E-01
     0.308398440E-01
     0.308397843E-01
     0.308396939E-01
     0.308396479E-01
     0.308395101E-01
     0.308393240E-01
     0.308393824E-01
     0.308393240E-01
     0.308392354E-01
     0.308391905E-01
     0.308390555E-01
     0.308388733E-01
     0.308389306E-01
     0.308388733E-01
     0.308387866E-01
     0.308387426E-01
     0.308386105E-01
     0.308384321E-01
     0.308384881E-01
     0.308384320E-01
     0.308383472E-01
     0.308383041E-01
     0.308381747E-01
     0.308380000E-01
     0.308380548E-01
     0.308379999E-01
     0.308379169E-01
     0.308378746E-01
     0.308377479E-01
     0.308375768E-01
     0.308376305E-01
     0.308375768E-01
     0.308374954E-01
     0.308374540E-01
     0.308373299E-01
     0.308371623E-01
     0.308372149E-01
     0.308371622E-01
     0.308370825E-01
     0.308370420E-01
     0.308369204E-01
     0.308367562E-01
     0.308368078E-01
     0.308367562E-01
     0.308366781E-01
     0.308366384E-01
     0.308365193E-01
     0.308363584E-01
     0.308364089E-01
     0.308363584E-01
     0.308362818E-01
     0.308362430E-01
     0.308361262E-01
     0.308359686E-01
     0.308360181E-01
     0.308359685E-01
     0.308358936E-01
     0.308358555E-01
     0.308357411E-01
     0.308355866E-01
     0.308356351E-01
     0.308355865E-01
     0.308355130E-01
     0.308354757E-01
     0.308353636E-01
     0.308352122E-01
     0.308352597E-01
     0.308352121E-01
     0.308351401E-01
     0.308351035E-01
     0.308349936E-01
     0.308348452E-01
     0.308348918E-01
     0.308348451E-01
     0.308347745E-01
     0.308347386E-01
     0.308346309E-01
     0.308344854E-01
     0.308345311E-01
     0.308344853E-01
     0.308344161E-01
     0.308343809E-01
     0.308342753E-01
     0.308341326E-01
     0.308341774E-01
     0.308341325E-01
     0.308340647E-01
     0.308340302E-01
     0.308339266E-01
     0.308337867E-01
     0.308338306E-01
     0.308337866E-01
     0.308337201E-01
     0.308336862E-01
     0.308335846E-01
     0.308334474E-01
     0.308334905E-01
     0.308334473E-01
     0.308333821E-01
     0.308333489E-01
     0.308332492E-01
     0.308331146E-01
     0.308331569E-01
     0.308331146E-01
     0.308330506E-01
     0.308330180E-01
     0.308329202E-01
     0.308327882E-01
     0.308328297E-01
     0.308327881E-01
     0.308327253E-01
     0.308326934E-01
     0.308325975E-01
     0.308324679E-01
     0.308325086E-01
     0.308324679E-01
     0.308324062E-01
     0.308323749E-01
     0.308322808E-01
     0.308321536E-01
     0.308321936E-01
     0.308321536E-01
     0.308320931E-01
     0.308320623E-01
     0.308319700E-01
     0.308318452E-01
     0.308318844E-01
     0.308318452E-01
     0.308317858E-01
     0.308317556E-01
     0.308316650E-01
     0.308315425E-01
     0.308315809E-01
     0.308315424E-01
     0.308314842E-01
     0.308314545E-01
     0.308313655E-01
     0.308312453E-01
     0.308312831E-01
     0.308312452E-01
     0.308311881E-01
     0.308311590E-01
     0.308310716E-01
     0.308309535E-01
     0.308309906E-01
     0.308309535E-01
     0.308308973E-01
     0.308308688E-01
     0.308307830E-01
     0.308306670E-01
     0.308307034E-01
     0.308306670E-01
     0.308306118E-01
     0.308305838E-01
     0.308304995E-01
     0.308303857E-01
     0.308304214E-01
     0.308303856E-01
     0.308303315E-01
     0.308303039E-01
     0.308302212E-01
     0.308301093E-01
     0.308301444E-01
     0.308301093E-01
     0.308300561E-01
     0.308300290E-01
     0.308299477E-01
     0.308298378E-01
     0.308298723E-01
     0.308298378E-01
     0.308297855E-01
     0.308297589E-01
     0.308296790E-01
     0.308295710E-01
     0.308296050E-01
     0.308295710E-01
     0.308295197E-01
     0.308294935E-01
     0.308294150E-01
     0.308293089E-01
     0.308293423E-01
     0.308293089E-01
     0.308292584E-01
     0.308292327E-01
     0.308291556E-01
     0.308290513E-01
     0.308290841E-01
     0.308290512E-01
     0.308290016E-01
     0.308289764E-01
     0.308289006E-01
     0.308287980E-01
     0.308288303E-01
     0.308287980E-01
     0.308287492E-01
     0.308287244E-01
     0.308286499E-01
     0.308285491E-01
     0.308285807E-01
     0.308285490E-01
     0.308285011E-01
     0.308284767E-01
     0.308284034E-01
     0.308283042E-01
     0.308283354E-01
     0.308283042E-01
     0.308282571E-01
     0.308282330E-01
     0.308281610E-01
     0.308280635E-01
     0.308280941E-01
     0.308280634E-01
     0.308280171E-01
     0.308279934E-01
     0.308279225E-01
     0.308278266E-01
     0.308278568E-01
     0.308278266E-01
     0.308277810E-01
     0.308277577E-01
     0.308276880E-01
     0.308275936E-01
     0.308276233E-01
     0.308275936E-01
     0.308275487E-01
     0.308275259E-01
     0.308274572E-01
     0.308273643E-01
     0.308273935E-01
     0.308273643E-01
     0.308273202E-01
     0.308272977E-01
     0.308272301E-01
     0.308271387E-01
     0.308271674E-01
     0.308271387E-01
     0.308270952E-01
     0.308270731E-01
     0.308270066E-01
     0.308269166E-01
     0.308269449E-01
     0.308269166E-01
     0.308268738E-01
     0.308268520E-01
     0.308267865E-01
     0.308266979E-01
     0.308267258E-01
     0.308266979E-01
     0.308266558E-01
     0.308266343E-01
     0.308265699E-01
     0.308264826E-01
     0.308265100E-01
     0.308264826E-01
     0.308264411E-01
     0.308264200E-01
     0.308263565E-01
     0.308262705E-01
     0.308262976E-01
     0.308262705E-01
     0.308262297E-01
     0.308262088E-01
     0.308261463E-01
     0.308260616E-01
     0.308260883E-01
     0.308260616E-01
     0.308260214E-01
     0.308260009E-01
     0.308259392E-01
     0.308258558E-01
     0.308258820E-01
     0.308258558E-01
     0.308258161E-01
     0.308257959E-01
     0.308257352E-01
     0.308256530E-01
     0.308256788E-01
     0.308256529E-01
     0.308256139E-01
     0.308255939E-01
     0.308255341E-01
     0.308254530E-01
     0.308254785E-01
     0.308254530E-01
     0.308254145E-01
     0.308253948E-01
     0.308253358E-01
     0.308252559E-01
     0.308252811E-01
     0.308252559E-01
     0.308252179E-01
     0.308251985E-01
     0.308251404E-01
     0.308250615E-01
     0.308250863E-01
     0.308250615E-01
     0.308250241E-01
     0.308250050E-01
     0.308249476E-01
     0.308248698E-01
     0.308248943E-01
     0.308248698E-01
     0.308248329E-01
     0.308248140E-01
     0.308247574E-01
     0.308246807E-01
     0.308247048E-01
     0.308246807E-01
     0.308246443E-01
     0.308246256E-01
     0.308245698E-01
     0.308244941E-01
     0.308245179E-01
     0.308244941E-01
     0.308244581E-01
     0.308244398E-01
     0.308243846E-01
     0.308243099E-01
     0.308243334E-01
     0.308243099E-01
     0.308242744E-01
     0.308242563E-01
     0.308242019E-01
     0.308241281E-01
     0.308241513E-01
     0.308241281E-01
     0.308240930E-01
     0.308240751E-01
     0.308240214E-01
     0.308239486E-01
     0.308239715E-01
     0.308239485E-01
     0.308239140E-01
     0.308238963E-01
     0.308238432E-01
     0.308237713E-01
     0.308237939E-01
     0.308237712E-01
     0.308237371E-01
     0.308237196E-01
     0.308236672E-01
     0.308235961E-01
     0.308236185E-01
     0.308235961E-01
     0.308235624E-01
     0.308235451E-01
     0.308234933E-01
     0.308234231E-01
     0.308234452E-01
     0.308234230E-01
     0.308233897E-01
     0.308233727E-01
     0.308233215E-01
     0.308232520E-01
     0.308232739E-01
     0.308232520E-01
     0.308232191E-01
     0.308232022E-01
     0.308231516E-01
     0.308230830E-01
     0.308231046E-01
     0.308230829E-01
     0.308230504E-01
     0.308230337E-01
     0.308229837E-01
     0.308229158E-01
     0.308229372E-01
     0.308229158E-01
     0.308228836E-01
     0.308228671E-01
     0.308228177E-01
     0.308227505E-01
     0.308227717E-01
     0.308227505E-01
     0.308227187E-01
     0.308227024E-01
     0.308226535E-01
     0.308225870E-01
     0.308226079E-01
     0.308225870E-01
     0.308225555E-01
     0.308225394E-01
     0.308224910E-01
     0.308224253E-01
     0.308224460E-01
     0.308224253E-01
     0.308223941E-01
     0.308223782E-01
     0.308223303E-01
     0.308222652E-01
     0.308222857E-01
     0.308222652E-01
     0.308222344E-01
     0.308222186E-01
     0.308221713E-01
     0.308221069E-01
     0.308221271E-01
     0.308221068E-01
     0.308220764E-01
     0.308220608E-01
     0.308220139E-01
     0.308219501E-01
     0.308219702E-01
     0.308219501E-01
     0.308219199E-01
     0.308219045E-01
     0.308218581E-01
     0.308217949E-01
     0.308218148E-01
     0.308217949E-01
     0.308217651E-01
     0.308217498E-01
     0.308217038E-01
     0.308216413E-01
     0.308216610E-01
     0.308216413E-01
     0.308216118E-01
     0.308215966E-01
     0.308215511E-01
     0.308214892E-01
     0.308215087E-01
     0.308214892E-01
     0.308214600E-01
     0.308214450E-01
     0.308214000E-01
     0.308213387E-01
     0.308213580E-01
     0.308213386E-01
     0.308213097E-01
     0.308212949E-01
     0.308212503E-01
     0.308211896E-01
     0.308212087E-01
     0.308211895E-01
     0.308211609E-01
     0.308211462E-01
     0.308211021E-01
     0.308210420E-01
     0.308210609E-01
     0.308210420E-01
     0.308210137E-01
     0.308209991E-01
     0.308209554E-01
     0.308208959E-01
     0.308209147E-01
     0.308208959E-01
     0.308208679E-01
     0.308208535E-01
     0.308208102E-01
     0.308207513E-01
     0.308207699E-01
     0.308207513E-01
     0.308207236E-01
     0.308207093E-01
     0.308206666E-01
     0.308206082E-01
     0.308206266E-01
     0.308206082E-01
     0.308205808E-01
     0.308205667E-01
     0.308205244E-01
     0.308204667E-01
     0.308204849E-01
     0.308204667E-01
     0.308204396E-01
     0.308204257E-01
     0.308203839E-01
     0.308203268E-01
     0.308203448E-01
     0.308203267E-01
     0.308203000E-01
     0.308202863E-01
     0.308202449E-01
     0.308201884E-01
     0.308202062E-01
     0.308201884E-01
     0.308201620E-01
     0.308201484E-01
     0.308201076E-01
     0.308200518E-01
     0.308200694E-01
     0.308200518E-01
     0.308200257E-01
     0.308200123E-01
     0.308199720E-01
     0.308199169E-01
     0.308199343E-01
     0.308199168E-01
     0.308198912E-01
     0.308198780E-01
     0.308198382E-01
     0.308197838E-01
     0.308198009E-01
     0.308197837E-01
     0.308197585E-01
     0.308197454E-01
     0.308197062E-01
     0.308196525E-01
     0.308196695E-01
     0.308196525E-01
     0.308196276E-01
     0.308196148E-01
     0.308195761E-01
     0.308195232E-01
     0.308195399E-01
     0.308195232E-01
     0.308194987E-01
     0.308194861E-01
     0.308194481E-01
     0.308193960E-01
     0.308194124E-01
     0.308193959E-01
     0.308193719E-01
     0.308193595E-01
     0.308193221E-01
     0.308192708E-01
     0.308192870E-01
     0.308192708E-01
     0.308192472E-01
     0.308192350E-01
     0.308191983E-01
     0.308191479E-01
     0.308191638E-01
     0.308192496E-01
     0.308192386E-01
     0.308192058E-01
     0.308191608E-01
     0.308191750E-01
     0.308191607E-01
     0.308191377E-01
     0.308191257E-01
     0.308190898E-01
     0.308190405E-01
     0.308190561E-01
     0.308190405E-01
     0.308190178E-01
     0.308190060E-01
     0.308189707E-01
     0.308189220E-01
     0.308189374E-01
     0.308190203E-01
     0.308190098E-01
     0.308189784E-01
     0.308189354E-01
     0.308189490E-01
     0.308189354E-01
     0.308189133E-01
     0.308189018E-01
     0.308188673E-01
     0.308188198E-01
     0.308188348E-01
     0.308189157E-01
     0.308189055E-01
     0.308188748E-01
     0.308188327E-01
     0.308188460E-01
     0.308188327E-01
     0.308188110E-01
     0.308187998E-01
     0.308187660E-01
     0.308187194E-01
     0.308187341E-01
     0.308188134E-01
     0.308188035E-01
     0.308187736E-01
     0.308187325E-01
     0.308187455E-01
     0.308187325E-01
     0.308187113E-01
     0.308187003E-01
     0.308186672E-01
     0.308186215E-01
     0.308186360E-01
     0.308187146E-01
     0.308187054E-01
     0.308186777E-01
     0.308186397E-01
     0.308186517E-01
     0.308186397E-01
     0.308186197E-01
     0.308186094E-01
     0.308185781E-01
     0.308185351E-01
     0.308185487E-01
     0.308186231E-01
     0.308186146E-01
     0.308185889E-01
     0.308185538E-01
     0.308185649E-01
     0.308185537E-01
     0.308185352E-01
     0.308185256E-01
     0.308184966E-01
     0.308184567E-01
     0.308184693E-01
     0.308185383E-01
     0.308185303E-01
     0.308185063E-01
     0.308184735E-01
     0.308184839E-01
     0.308184735E-01
     0.308184562E-01
     0.308184473E-01
     0.308184203E-01
     0.308183832E-01
     0.308183949E-01
     0.308184590E-01
     0.308184516E-01
     0.308184292E-01
     0.308183985E-01
     0.308184082E-01
     0.308183985E-01
     0.308183824E-01
     0.308183740E-01
     0.308183489E-01
     0.308183143E-01
     0.308183253E-01
     0.308183850E-01
     0.308183780E-01
     0.308183570E-01
     0.308183283E-01
     0.308183374E-01
     0.308183283E-01
     0.308183133E-01
     0.308183055E-01
     0.308182820E-01
     0.308182498E-01
     0.308182600E-01
     0.308183156E-01
     0.308183091E-01
     0.308182895E-01
     0.308182626E-01
     0.308182711E-01
     0.308182626E-01
     0.308182486E-01
     0.308182413E-01
     0.308182194E-01
     0.308181892E-01
     0.308181988E-01
     0.308182507E-01
     0.308182446E-01
     0.308182262E-01
     0.308182011E-01
     0.308182090E-01
     0.308182011E-01
     0.308181879E-01
     0.308181811E-01
     0.308181606E-01
     0.308181325E-01
     0.308181414E-01
     0.308181899E-01
     0.308181842E-01
     0.308181670E-01
     0.308181434E-01
     0.308181508E-01
     0.308181434E-01
     0.308181311E-01
     0.308181247E-01
     0.308181056E-01
     0.308180792E-01
     0.308180876E-01
     0.308181330E-01
     0.308181276E-01
     0.308181114E-01
     0.308180893E-01
     0.308180963E-01
     0.308180893E-01
     0.308180778E-01
     0.308180719E-01
     0.308180539E-01
     0.308180293E-01
     0.308180371E-01
     0.308180796E-01
     0.308180745E-01
     0.308180594E-01
     0.308180387E-01
     0.308180452E-01
     0.308180387E-01
     0.308180279E-01
     0.308180223E-01
     0.308180055E-01
     0.308179824E-01
     0.308179897E-01
     0.308180295E-01
     0.308180248E-01
     0.308180106E-01
     0.308179911E-01
     0.308179973E-01
     0.308179911E-01
     0.308179810E-01
     0.308179758E-01
     0.308179601E-01
     0.308179385E-01
     0.308179453E-01
     0.308179825E-01
     0.308179781E-01
     0.308179648E-01
     0.308179466E-01
     0.308179523E-01
     0.308179466E-01
     0.308179371E-01
     0.308179322E-01
     0.308179174E-01
     0.308178972E-01
     0.308179036E-01
     0.308179385E-01
     0.308179343E-01
     0.308179218E-01
     0.308179047E-01
     0.308179101E-01
     0.308179047E-01
     0.308178959E-01
     0.308178913E-01
     0.308178775E-01
     0.308178585E-01
     0.308178645E-01
     0.308178972E-01
     0.308178933E-01
     0.308178815E-01
     0.308178655E-01
     0.308178706E-01
     0.308178655E-01
     0.308178572E-01
     0.308178529E-01
     0.308178399E-01
     0.308178222E-01
     0.308178278E-01
     0.308178584E-01
     0.308178547E-01
     0.308178437E-01
     0.308178287E-01
     0.308178335E-01
     0.308178287E-01
     0.308178209E-01
     0.308178169E-01
     0.308178047E-01
     0.308177881E-01
     0.308177933E-01
     0.308178220E-01
     0.308178186E-01
     0.308178083E-01
     0.308177942E-01
     0.308177986E-01
     0.308177942E-01
     0.308177869E-01
     0.308177831E-01
     0.308177717E-01
     0.308177561E-01
     0.308177610E-01
     0.308177879E-01
     0.308177847E-01
     0.308177750E-01
     0.308177618E-01
     0.308177660E-01
     0.308177618E-01
     0.308177549E-01
     0.308177514E-01
     0.308177407E-01
     0.308177261E-01
     0.308177307E-01
     0.308177559E-01
     0.308177529E-01
     0.308177438E-01
     0.308177314E-01
     0.308177353E-01
     0.308177314E-01
     0.308177250E-01
     0.308177216E-01
     0.308177116E-01
     0.308176979E-01
     0.308177023E-01
     0.308177259E-01
     0.308177231E-01
     0.308177145E-01
     0.308177029E-01
     0.308177066E-01
     0.308177029E-01
     0.308176969E-01
     0.308176937E-01
     0.308176844E-01
     0.308176715E-01
     0.308176756E-01
     0.308176977E-01
     0.308176951E-01
     0.308176871E-01
     0.308176762E-01
     0.308176796E-01
     0.308176761E-01
     0.308176705E-01
     0.308176676E-01
     0.308176588E-01
     0.308176467E-01
     0.308176505E-01
     0.308176713E-01
     0.308176688E-01
     0.308176613E-01
     0.308176511E-01
     0.308176543E-01
     0.308176510E-01
     0.308176457E-01
     0.308176430E-01
     0.308176347E-01
     0.308176234E-01
     0.308176270E-01
     0.308176465E-01
     0.308176441E-01
     0.308176371E-01
     0.308176275E-01
     0.308176305E-01
     0.308176275E-01
     0.308176225E-01
     0.308176199E-01
     0.308176122E-01
     0.308176016E-01
     0.308176050E-01
     0.308176232E-01
     0.308176210E-01
     0.308176144E-01
     0.308176054E-01
     0.308176083E-01
     0.308176054E-01
     0.308176007E-01
     0.308175983E-01
     0.308175911E-01
     0.308175811E-01
     0.308175843E-01
     0.308176014E-01
     0.308175993E-01
     0.308175931E-01
     0.308175847E-01
     0.308175874E-01
     0.308175847E-01
     0.308175803E-01
     0.308175780E-01
     0.308175712E-01
     0.308175619E-01
     0.308175648E-01
     0.308175809E-01
     0.308175790E-01
     0.308175732E-01
     0.308175652E-01
     0.308175677E-01
     0.308175652E-01
     0.308175611E-01
     0.308175590E-01
     0.308175526E-01
     0.308175439E-01
     0.308175466E-01
     0.308175617E-01
     0.308175599E-01
     0.308175544E-01
     0.308175470E-01
     0.308175493E-01
     0.308175470E-01
     0.308175431E-01
     0.308175411E-01
     0.308175352E-01
     0.308175270E-01
     0.308175296E-01
     0.308175437E-01
     0.308175420E-01
     0.308175369E-01
     0.308175299E-01
     0.308175321E-01
     0.308175299E-01
     0.308175263E-01
     0.308175244E-01
     0.308175188E-01
     0.308175111E-01
     0.308175135E-01
     0.308175268E-01
     0.308175252E-01
     0.308175204E-01
     0.308175138E-01
     0.308175159E-01
     0.308175138E-01
     0.308175104E-01
     0.308175087E-01
     0.308175034E-01
     0.308174962E-01
     0.308174985E-01
     0.308175109E-01
     0.308175094E-01
     0.308175049E-01
     0.308174988E-01
     0.308175007E-01
     0.308174988E-01
     0.308174956E-01
     0.308174939E-01
     0.308174890E-01
     0.308174822E-01
     0.308174844E-01
     0.308174960E-01
     0.308174946E-01
     0.308174904E-01
     0.308174846E-01
     0.308174865E-01
     0.308174846E-01
     0.308174817E-01
     0.308174801E-01
     0.308174755E-01
     0.308174691E-01
     0.308174711E-01
     0.308174821E-01
     0.308174808E-01
     0.308174768E-01
     0.308174714E-01
     0.308174731E-01
     0.308174714E-01
     0.308174686E-01
     0.308174671E-01
     0.308174628E-01
     0.308174569E-01
     0.308174587E-01
     0.308174690E-01
     0.308174678E-01
     0.308174640E-01
     0.308174590E-01
     0.308174606E-01
     0.308174590E-01
     0.308174563E-01
     0.308174550E-01
     0.308174509E-01
     0.308174453E-01
     0.308174471E-01
     0.308174567E-01
     0.308174555E-01
     0.308174521E-01
     0.308174473E-01
     0.308174488E-01
     0.308174473E-01
     0.308174448E-01
     0.308174436E-01
     0.308174398E-01
     0.308174345E-01
     0.308174362E-01
     0.308174452E-01
     0.308174441E-01
     0.308174408E-01
     0.308174364E-01
     0.308174378E-01
     0.308174364E-01
     0.308174341E-01
     0.308174329E-01
     0.308174293E-01
     0.308174244E-01
     0.308174259E-01
     0.308174344E-01
     0.308174334E-01
     0.308174303E-01
     0.308174261E-01
     0.308174274E-01
     0.308174261E-01
     0.308174240E-01
     0.308174228E-01
     0.308174195E-01
     0.308174149E-01
     0.308174163E-01
     0.308174243E-01
     0.308174233E-01
     0.308174204E-01
     0.308174165E-01
     0.308174177E-01
     0.308174165E-01
     0.308174145E-01
     0.308174134E-01
     0.308174103E-01
     0.308174060E-01
     0.308174073E-01
     0.308174148E-01
     0.308174139E-01
     0.308174112E-01
     0.308174075E-01
     0.308174086E-01
     0.308174075E-01
     0.308174056E-01
     0.308174046E-01
     0.308174016E-01
     0.308173976E-01
     0.308173989E-01
     0.308174058E-01
     0.308174050E-01
     0.308174025E-01
     0.308173990E-01
     0.308174001E-01
     0.308173990E-01
     0.308173972E-01
     0.308173963E-01
     0.308173935E-01
     0.308173897E-01
     0.308173909E-01
     0.308173975E-01
     0.308173967E-01
     0.308173943E-01
     0.308173911E-01
     0.308173921E-01
     0.308173911E-01
     0.308173894E-01
     0.308173885E-01
     0.308173859E-01
     0.308173824E-01
     0.308173835E-01
     0.308173896E-01
     0.308173889E-01
     0.308173867E-01
     0.308173836E-01
     0.308173846E-01
     0.308173836E-01
     0.308173821E-01
     0.308173813E-01
     0.308173788E-01
     0.308173755E-01
     0.308173765E-01
     0.308173823E-01
     0.308173816E-01
     0.308173795E-01
     0.308173767E-01
     0.308173776E-01
     0.308173767E-01
     0.308173752E-01
     0.308173744E-01
     0.308173721E-01
     0.308173690E-01
     0.308173700E-01
     0.308173754E-01
     0.308173747E-01
     0.308173728E-01
     0.308173701E-01
     0.308173710E-01
     0.308173701E-01
     0.308173687E-01
     0.308173680E-01
     0.308173659E-01
     0.308173629E-01
     0.308173639E-01
     0.308173689E-01
     0.308173683E-01
     0.308173665E-01
     0.308173640E-01
     0.308173648E-01
     0.308173640E-01
     0.308173627E-01
     0.308173620E-01
     0.308173600E-01
     0.308173573E-01
     0.308173581E-01
     0.308173629E-01
     0.308173623E-01
     0.308173606E-01
     0.308173582E-01
     0.308173590E-01
     0.308173582E-01
     0.308173570E-01
     0.308173564E-01
     0.308173545E-01
     0.308173519E-01
     0.308173527E-01
     0.308173572E-01
     0.308173566E-01
     0.308173550E-01
     0.308173528E-01
     0.308173535E-01
     0.308173528E-01
     0.308173517E-01
     0.308173511E-01
     0.308173493E-01
     0.308173469E-01
     0.308173477E-01
     0.308173518E-01
     0.308173513E-01
     0.308173498E-01
     0.308173478E-01
     0.308173484E-01
     0.308173478E-01
     0.308173467E-01
     0.308173461E-01
     0.308173445E-01
     0.308173422E-01
     0.308173429E-01
     0.308173468E-01
     0.308173464E-01
     0.308173449E-01
     0.308173430E-01
     0.308173436E-01
     0.308173430E-01
     0.308173420E-01
     0.308173415E-01
     0.308173399E-01
     0.308173378E-01
     0.308173385E-01
     0.308173421E-01
     0.308173417E-01
     0.308173404E-01
     0.308173386E-01
     0.308173391E-01
     0.308173386E-01
     0.308173376E-01
     0.308173371E-01
     0.308173357E-01
     0.308173337E-01
     0.308173343E-01
     0.308173377E-01
     0.308173373E-01
     0.308173361E-01
     0.308173344E-01
     0.308173349E-01
     0.308173344E-01
     0.308173335E-01
     0.308173330E-01
     0.308173317E-01
     0.308173298E-01
     0.308173304E-01
     0.308173336E-01
     0.308173332E-01
     0.308173321E-01
     0.308173305E-01
     0.308173310E-01
     0.308173305E-01
     0.308173296E-01
     0.308173292E-01
     0.308173279E-01
     0.308173262E-01
     0.308173267E-01
     0.308173298E-01
     0.308173294E-01
     0.308173283E-01
     0.308173268E-01
     0.308173273E-01
     0.308173268E-01
     0.308173260E-01
     0.308173256E-01
     0.308173244E-01
     0.308173228E-01
     0.308173233E-01
     0.308173261E-01
     0.308173258E-01
     0.308173248E-01
     0.308173234E-01
     0.308173238E-01
     0.308173234E-01
     0.308173226E-01
     0.308173223E-01
     0.308173211E-01
     0.308173196E-01
     0.308173201E-01
     0.308173227E-01
     0.308173224E-01
     0.308173214E-01
     0.308173201E-01
     0.308173205E-01
     0.308173201E-01
     0.308173194E-01
     0.308173191E-01
     0.308173180E-01
     0.308173166E-01
     0.308173170E-01
     0.308173195E-01
     0.308173192E-01
     0.308173183E-01
     0.308173171E-01
     0.308173175E-01
     0.308173171E-01
     0.308173165E-01
     0.308173161E-01
     0.308173151E-01
     0.308173138E-01
     0.308173142E-01
     0.308173165E-01
     0.308173163E-01
     0.308173154E-01
     0.308173143E-01
     0.308173146E-01
     0.308173143E-01
     0.308173137E-01
     0.308173134E-01
     0.308173124E-01
     0.308173112E-01
     0.308173116E-01
     0.308173137E-01
     0.308173135E-01
     0.308173127E-01
     0.308173116E-01
     0.308173119E-01
     0.308173116E-01
     0.308173110E-01
     0.308173107E-01
     0.308173099E-01
     0.308173087E-01
     0.308173091E-01
     0.308173111E-01
     0.308173109E-01
     0.308173101E-01
     0.308173091E-01
     0.308173094E-01
     0.308173091E-01
     0.308173086E-01
     0.308173083E-01
     0.308173075E-01
     0.308173064E-01
     0.308173067E-01
     0.308173087E-01
     0.308173084E-01
     0.308173077E-01
     0.308173068E-01
     0.308173071E-01
     0.308173068E-01
     0.308173063E-01
     0.308173060E-01
     0.308173053E-01
     0.308173042E-01
     0.308173045E-01
     0.308173063E-01
     0.308173061E-01
     0.308173055E-01
     0.308173046E-01
     0.308173049E-01
     0.308173046E-01
     0.308173041E-01
     0.308173039E-01
     0.308173032E-01
     0.308173022E-01
     0.308173025E-01
     0.308173042E-01
     0.308173040E-01
     0.308173034E-01
     0.308173025E-01
     0.308173028E-01
     0.308173025E-01
     0.308173021E-01
     0.308173019E-01
     0.308173012E-01
     0.308173003E-01
     0.308173006E-01
     0.308173021E-01
     0.308173019E-01
     0.308173014E-01
     0.308173006E-01
     0.308173008E-01
     0.308173006E-01
     0.308173002E-01
     0.308173000E-01
     0.308172993E-01
     0.308172985E-01
     0.308172987E-01
     0.308173002E-01
     0.308173001E-01
     0.308172995E-01
     0.308172988E-01
     0.308172990E-01
     0.308172988E-01
     0.308172984E-01
     0.308172982E-01
     0.308172976E-01
     0.308172968E-01
     0.308172971E-01
     0.308172984E-01
     0.308172983E-01
     0.308172978E-01
     0.308172971E-01
     0.308172973E-01
     0.308172971E-01
     0.308172967E-01
     0.308172965E-01
     0.308172960E-01
     0.308172952E-01
     0.308172955E-01
     0.308172968E-01
     0.308172966E-01
     0.308172961E-01
     0.308172955E-01
     0.308172957E-01
     0.308172955E-01
     0.308172952E-01
     0.308172950E-01
     0.308172945E-01
     0.308172938E-01
     0.308172940E-01
     0.308172952E-01
     0.308172951E-01
     0.308172946E-01
     0.308172940E-01
     0.308172942E-01
     0.308172940E-01
     0.308172937E-01
     0.308172935E-01
     0.308172930E-01
     0.308172924E-01
     0.308172926E-01
     0.308172937E-01
     0.308172936E-01
     0.308172932E-01
     0.308172926E-01
     0.308172928E-01
     0.308172926E-01
     0.308172923E-01
     0.308172922E-01
     0.308172917E-01
     0.308172911E-01
     0.308172913E-01
     0.308172923E-01
     0.308172922E-01
     0.308172918E-01
     0.308172913E-01
     0.308172915E-01
     0.308172913E-01
     0.308172910E-01
     0.308172909E-01
     0.308172904E-01
     0.308172899E-01
     0.308172900E-01
     0.308172911E-01
     0.308172909E-01
     0.308172906E-01
     0.308172901E-01
     0.308172902E-01
     0.308172901E-01
     0.308172898E-01
     0.308172897E-01
     0.308172893E-01
     0.308172887E-01
     0.308172889E-01
     0.308172898E-01
     0.308172897E-01
     0.308172894E-01
     0.308172889E-01
     0.308172891E-01
     0.308172889E-01
     0.308172887E-01
     0.308172885E-01
     0.308172882E-01
     0.308172876E-01
     0.308172878E-01
     0.308172887E-01
     0.308172886E-01
     0.308172883E-01
     0.308172878E-01
     0.308172880E-01
     0.308172878E-01
     0.308172876E-01
     0.308172875E-01
     0.308172871E-01
     0.308172866E-01
     0.308172868E-01
     0.308172876E-01
     0.308172875E-01
     0.308172872E-01
     0.308172868E-01
     0.308172869E-01
     0.308172868E-01
     0.308172866E-01
     0.308172865E-01
     0.308172862E-01
     0.308172857E-01
     0.308172859E-01
     0.308172866E-01
     0.308172865E-01
     0.308172863E-01
     0.308172859E-01
     0.308172860E-01
     0.308172859E-01
     0.308172857E-01
     0.308172856E-01
     0.308172853E-01
     0.308172848E-01
     0.308172850E-01
     0.308172857E-01
     0.308172856E-01
     0.308172853E-01
     0.308172850E-01
     0.308172851E-01
     0.308172850E-01
     0.308172848E-01
     0.308172847E-01
     0.308172844E-01
     0.308172840E-01
     0.308172841E-01
     0.308172848E-01
     0.308172847E-01
     0.308172845E-01
     0.308172841E-01
     0.308172842E-01
     0.308172841E-01
     0.308172840E-01
     0.308172839E-01
     0.308172836E-01
     0.308172832E-01
     0.308172833E-01
     0.308172840E-01
     0.308172839E-01
     0.308172837E-01
     0.308172834E-01
     0.308172835E-01
     0.308172834E-01
     0.308172832E-01
     0.308172831E-01
     0.308172829E-01
     0.308172825E-01
     0.308172826E-01
     0.308172832E-01
     0.308172831E-01
     0.308172829E-01
     0.308172826E-01
     0.308172827E-01
     0.308172826E-01
     0.308172825E-01
     0.308172824E-01
     0.308172821E-01
     0.308172818E-01
     0.308172819E-01
     0.308172825E-01
     0.308172824E-01
     0.308172822E-01
     0.308172819E-01
     0.308172820E-01
     0.308172819E-01
     0.308172818E-01
     0.308172817E-01
     0.308172815E-01
     0.308172812E-01
     0.308172813E-01
     0.308172818E-01
     0.308172817E-01
     0.308172816E-01
     0.308172813E-01
     0.308172814E-01
     0.308172813E-01
     0.308172812E-01
     0.308172811E-01
     0.308172809E-01
     0.308172806E-01
     0.308172807E-01
     0.308172812E-01
     0.308172811E-01
     0.308172809E-01
     0.308172807E-01
     0.308172808E-01
     0.308172807E-01
     0.308172806E-01
     0.308172805E-01
     0.308172803E-01
     0.308172800E-01
     0.308172801E-01
     0.308172806E-01
     0.308172805E-01
     0.308172803E-01
     0.308172801E-01
     0.308172802E-01
     0.308172801E-01
     0.308172800E-01
     0.308172799E-01
     0.308172797E-01
     0.308172795E-01
     0.308172796E-01
     0.308172800E-01
     0.308172800E-01
     0.308172798E-01
     0.308172796E-01
     0.308172797E-01
     0.308172796E-01
     0.308172795E-01
     0.308172794E-01
     0.308172792E-01
     0.308172790E-01
     0.308172791E-01
     0.308172795E-01
     0.308172794E-01
     0.308172793E-01
     0.308172791E-01
     0.308172791E-01
     0.308172791E-01
     0.308172790E-01
     0.308172789E-01
     0.308172788E-01
     0.308172785E-01
     0.308172786E-01
     0.308172790E-01
     0.308172789E-01
     0.308172788E-01
     0.308172786E-01
     0.308172787E-01
     0.308172786E-01
     0.308172785E-01
     0.308172785E-01
     0.308172783E-01
     0.308172781E-01
     0.308172782E-01
     0.308172785E-01
     0.308172785E-01
     0.308172784E-01
     0.308172782E-01
     0.308172782E-01
     0.308172782E-01
     0.308172781E-01
     0.308172780E-01
     0.308172779E-01
     0.308172777E-01
     0.308172778E-01
     0.308172781E-01
     0.308172781E-01
     0.308172779E-01
     0.308172778E-01
     0.308172778E-01
     0.308172778E-01
     0.308172777E-01
     0.308172776E-01
     0.308172775E-01
     0.308172773E-01
     0.308172774E-01
     0.308172777E-01
     0.308172777E-01
     0.308172775E-01
     0.308172774E-01
     0.308172774E-01
     0.308172774E-01
     0.308172773E-01
     0.308172773E-01
     0.308172771E-01
     0.308172770E-01
     0.308172770E-01
     0.308172773E-01
     0.308172773E-01
     0.308172772E-01
     0.308172770E-01
     0.308172771E-01
     0.308172770E-01
     0.308172769E-01
     0.308172769E-01
     0.308172768E-01
     0.308172766E-01
     0.308172767E-01
     0.308172770E-01
     0.308172769E-01
     0.308172768E-01
     0.308172767E-01
     0.308172767E-01
     0.308172767E-01
     0.308172766E-01
     0.308172766E-01
     0.308172765E-01
     0.308172763E-01
     0.308172764E-01
     0.308172766E-01
     0.308172766E-01
     0.308172765E-01
     0.308172764E-01
     0.308172764E-01
     0.308172764E-01
     0.308172763E-01
     0.308172763E-01
     0.308172762E-01
     0.308172760E-01
     0.308172761E-01
     0.308172763E-01
     0.308172763E-01
     0.308172762E-01
     0.308172761E-01
     0.308172761E-01
     0.308172761E-01
     0.308172760E-01
     0.308172760E-01
     0.308172759E-01
     0.308172757E-01
     0.308172758E-01
     0.308172760E-01
     0.308172760E-01
     0.308172759E-01
     0.308172758E-01
     0.308172758E-01
     0.308172758E-01
     0.308172757E-01
     0.308172757E-01
     0.308172756E-01
     0.308172755E-01
     0.308172755E-01
     0.308172757E-01
     0.308172757E-01
     0.308172756E-01
     0.308172755E-01
     0.308172756E-01
     0.308172755E-01
     0.308172755E-01
     0.308172754E-01
     0.308172754E-01
     0.308172752E-01
     0.308172753E-01
     0.308172755E-01
     0.308172755E-01
     0.308172754E-01
     0.308172753E-01
     0.308172753E-01
     0.308172753E-01
     0.308172752E-01
     0.308172752E-01
     0.308172751E-01
     0.308172750E-01
     0.308172750E-01
     0.308172752E-01
     0.308172752E-01
     0.308172751E-01
     0.308172751E-01
     0.308172751E-01
     0.308172751E-01
     0.308172750E-01
     0.308172750E-01
     0.308172749E-01
     0.308172748E-01
     0.308172748E-01
     0.308172750E-01
     0.308172750E-01
     0.308172749E-01
     0.308172748E-01
     0.308172749E-01
     0.308172748E-01
     0.308172748E-01
     0.308172748E-01
     0.308172747E-01
     0.308172746E-01
     0.308172746E-01
     0.308172748E-01
     0.308172748E-01
     0.308172747E-01
     0.308172746E-01
     0.308172747E-01
     0.308172746E-01
     0.308172746E-01
     0.308172746E-01
     0.308172745E-01
     0.308172744E-01
     0.308172744E-01
     0.308172746E-01
     0.308172746E-01
     0.308172745E-01
     0.308172744E-01
     0.308172745E-01
     0.308172744E-01
     0.308172744E-01
     0.308172744E-01
     0.308172743E-01
     0.308172742E-01
     0.308172743E-01
     0.308172744E-01
     0.308172744E-01
     0.308172743E-01
     0.308172743E-01
     0.308172743E-01
     0.308172743E-01
     0.308172742E-01
     0.308172742E-01
     0.308172742E-01
     0.308172741E-01
     0.308172741E-01
     0.308172742E-01
     0.308172742E-01
     0.308172742E-01
     0.308172741E-01
     0.308172741E-01
     0.308172741E-01
     0.308172741E-01
     0.308172740E-01
     0.308172740E-01
     0.308172739E-01
     0.308172739E-01
     0.308172741E-01
     0.308172741E-01
     0.308172740E-01
     0.308172739E-01
     0.308172740E-01
     0.308172739E-01
     0.308172739E-01
     0.308172739E-01
     0.308172738E-01
     0.308172738E-01
     0.308172738E-01
     0.308172739E-01
     0.308172739E-01
     0.308172739E-01
     0.308172738E-01
     0.308172738E-01
     0.308172738E-01
     0.308172738E-01
     0.308172737E-01
     0.308172737E-01
     0.308172736E-01
     0.308172737E-01
     0.308172738E-01
     0.308172738E-01
     0.308172737E-01
     0.308172737E-01
     0.308172737E-01
     0.308172737E-01
     0.308172736E-01
     0.308172736E-01
     0.308172736E-01
     0.308172735E-01
     0.308172735E-01
     0.308172736E-01
     0.308172736E-01
     0.308172736E-01
     0.308172735E-01
     0.308172735E-01
     0.308172735E-01
     0.308172735E-01
     0.308172735E-01
     0.308172734E-01
     0.308172734E-01
     0.308172734E-01
     0.308172735E-01
     0.308172735E-01
     0.308172735E-01
     0.308172734E-01
     0.308172734E-01
     0.308172734E-01
     0.308172734E-01
     0.308172734E-01
     0.308172733E-01
     0.308172733E-01
     0.308172733E-01
     0.308172734E-01
     0.308172734E-01
     0.308172733E-01
     0.308172733E-01
     0.308172733E-01
     0.308172733E-01
     0.308172733E-01
     0.308172733E-01
     0.308172732E-01
     0.308172732E-01
     0.308172732E-01
     0.308172733E-01
     0.308172733E-01
     0.308172732E-01
     0.308172732E-01
     0.308172732E-01
     0.308172732E-01
     0.308172732E-01
     0.308172732E-01
     0.308172731E-01
     0.308172731E-01
     0.308172731E-01
     0.308172732E-01
     0.308172732E-01
     0.308172731E-01
     0.308172731E-01
     0.308172731E-01
     0.308172731E-01
     0.308172731E-01
     0.308172731E-01
     0.308172730E-01
     0.308172730E-01
     0.308172730E-01
     0.308172731E-01
     0.308172731E-01
     0.308172730E-01
     0.308172730E-01
     0.308172730E-01
     0.308172730E-01
     0.308172730E-01
     0.308172730E-01
     0.308172729E-01
     0.308172729E-01
     0.308172729E-01
     0.308172730E-01
     0.308172730E-01
     0.308172729E-01
     0.308172729E-01
     0.308172729E-01
     0.308172729E-01
     0.308172729E-01
     0.308172729E-01
     0.308172729E-01
     0.308172728E-01
     0.308172728E-01
     0.308172729E-01
     0.308172729E-01
     0.308172729E-01
     0.308172728E-01
     0.308172728E-01
     0.308172728E-01
     0.308172728E-01
     0.308172728E-01
     0.308172728E-01
     0.308172727E-01
     0.308172727E-01
     0.308172728E-01
     0.308172728E-01
     0.308172728E-01
     0.308172727E-01
     0.308172728E-01
     0.308172727E-01
     0.308172727E-01
     0.308172727E-01
     0.308172727E-01
     0.308172727E-01
     0.308172727E-01
     0.308172727E-01
     0.308172727E-01
     0.308172727E-01
     0.308172727E-01
     0.308172727E-01
     0.308172727E-01
     0.308172727E-01
     0.308172727E-01
     0.308172726E-01
     0.308172726E-01
     0.308172726E-01
     0.308172727E-01
     0.308172727E-01
     0.308172726E-01
     0.308172726E-01
     0.308172726E-01
     0.308172726E-01
     0.308172726E-01
     0.308172726E-01
     0.308172726E-01
     0.308172725E-01
     0.308172725E-01
     0.308172726E-01
     0.308172726E-01
     0.308172726E-01
     0.308172725E-01
     0.308172726E-01
     0.308172725E-01
     0.308172725E-01
     0.308172725E-01
     0.308172725E-01
     0.308172725E-01
     0.308172725E-01
     0.308172725E-01
     0.308172725E-01
     0.308172725E-01
     0.308172725E-01
     0.308172725E-01
     0.308172725E-01
     0.308172725E-01
     0.308172725E-01
     0.308172724E-01
     0.308172724E-01
     0.308172724E-01
     0.308172725E-01
     0.308172725E-01
     0.308172725E-01
     0.308172724E-01
     0.308172724E-01
     0.308172724E-01
     0.308172724E-01
     0.308172724E-01
     0.308172724E-01
     0.308172724E-01
     0.308172724E-01
     0.308172724E-01
     0.308172724E-01
     0.308172724E-01
     0.308172724E-01
     0.308172724E-01
     0.308172724E-01
     0.308172724E-01
     0.308172724E-01
     0.308172723E-01
     0.308172723E-01
     0.308172723E-01
     0.308172724E-01
     0.308172724E-01
     0.308172723E-01
     0.308172723E-01
     0.308172723E-01
     0.308172723E-01
     0.308172723E-01
     0.308172723E-01
     0.308172723E-01
     0.308172723E-01
     0.308172723E-01
     0.308172723E-01
     0.308172723E-01
     0.308172723E-01
     0.308172723E-01
     0.308172723E-01
     0.308172723E-01
     0.308172723E-01
     0.308172723E-01
     0.308172723E-01
     0.308172722E-01
     0.308172722E-01
     0.308172723E-01
     0.308172723E-01
     0.308172723E-01
     0.308172722E-01
     0.308172722E-01
     0.308172722E-01
     0.308172722E-01
     0.308172722E-01
     0.308172722E-01
     0.308172722E-01
     0.308172722E-01
     0.308172722E-01
     0.308172722E-01
     0.308172722E-01
     0.308172722E-01
     0.308172722E-01
     0.308172722E-01
     0.308172722E-01
     0.308172722E-01
     0.308172722E-01
     0.308172722E-01
     0.308172722E-01
     0.308172722E-01
     0.308172722E-01
     0.308172722E-01
     0.308172722E-01
     0.308172722E-01
     0.308172722E-01
     0.308172722E-01
     0.308172722E-01
     0.308172721E-01
     0.308172721E-01
     0.308172721E-01
     0.308172722E-01
     0.308172722E-01
     0.308172721E-01
     0.308172721E-01
     0.308172721E-01
     0.308172721E-01
     0.308172721E-01
     0.308172721E-01
     0.308172721E-01
     0.308172721E-01
     0.308172721E-01
     0.308172721E-01
     0.308172721E-01
     0.308172721E-01
     0.308172721E-01
     0.308172721E-01
     0.308172721E-01
     0.308172721E-01
     0.308172721E-01
     0.308172721E-01
     0.308172721E-01
     0.308172721E-01
     0.308172721E-01
     0.308172721E-01
     0.308172721E-01
     0.308172721E-01
     0.308172721E-01
     0.308172721E-01
     0.308172721E-01
     0.308172721E-01
     0.308172720E-01
     0.308172720E-01
     0.308172720E-01
     0.308172721E-01
     0.308172721E-01
     0.308172720E-01
     0.308172720E-01
     0.308172720E-01
     0.308172720E-01
     0.308172720E-01
     0.308172720E-01
     0.308172720E-01
     0.308172720E-01
     0.308172720E-01
     0.308172720E-01
     0.308172720E-01
     0.308172720E-01
     0.308172720E-01
     0.308172720E-01
     0.308172720E-01
     0.308172720E-01
     0.308172720E-01
     0.308172720E-01
     0.308172720E-01
     0.308172720E-01
     0.308172720E-01
     0.308172720E-01
     0.308172720E-01
     0.308172720E-01
     0.308172720E-01
     0.308172720E-01
     0.308172720E-01
     0.308172720E-01
     0.308172720E-01
     0.308172720E-01
     0.308172720E-01
     0.308172720E-01
     0.308172720E-01
     0.308172720E-01
     0.308172720E-01
     0.308172720E-01
     0.308172720E-01
     0.308172720E-01
     0.308172719E-01
     0.308172719E-01
     0.308172719E-01
     0.308172719E-01
     0.308172720E-01
     0.308172719E-01
     0.308172719E-01
     0.308172719E-01
     0.308172719E-01
     0.308172719E-01
     0.308172719E-01
     0.308172719E-01
     0.308172719E-01
     0.308172719E-01
     0.308172719E-01
     0.308172719E-01
     0.308172719E-01
     0.308172719E-01
     0.308172719E-01
     0.308172719E-01
     0.308172719E-01
     0.308172719E-01
     0.308172719E-01
     0.308172719E-01
     0.308172719E-01
     0.308172719E-01
     0.308172719E-01
     0.308172719E-01
     0.308172719E-01
     0.308172719E-01
     0.308172719E-01
     0.308172719E-01
     0.308172719E-01
     0.308172719E-01
     0.308172719E-01
     0.308172719E-01
     0.308172719E-01
     0.308172719E-01
     0.308172719E-01
     0.308172719E-01
     0.308172719E-01
     0.308172719E-01
     0.308172719E-01
     0.308172719E-01
     0.308172719E-01
     0.308172719E-01
     0.308172719E-01
     0.308172719E-01
     0.308172719E-01
     0.308172719E-01
     0.308172719E-01
     0.308172719E-01
     0.308172719E-01
     0.308172719E-01
     0.308172719E-01
     0.308172719E-01
     0.308172718E-01
     0.308172718E-01
     0.308172718E-01
     0.308172719E-01
     0.308172719E-01
     0.308172718E-01
     0.308172718E-01
     0.308172718E-01
     0.308172718E-01
     0.308172718E-01
     0.308172718E-01
     0.308172718E-01
     0.308172718E-01
     0.308172718E-01
     0.308172718E-01
     0.308172718E-01
     0.308172718E-01
     0.308172718E-01
     0.308172718E-01
     0.308172718E-01
     0.308172718E-01
     0.308172718E-01
     0.308172718E-01
     0.308172718E-01
     0.308172718E-01
     0.308172718E-01
     0.308172718E-01
     0.308172718E-01
     0.308172718E-01
     0.308172718E-01
     0.308172718E-01
     0.308172718E-01
     0.308172718E-01
     0.308172718E-01
     0.308172718E-01
     0.308172718E-01
     0.308172718E-01
     0.308172718E-01
     0.308172718E-01
     0.308172718E-01
     0.308172718E-01
     0.308172718E-01
     0.308172718E-01
     0.308172718E-01
     0.308172718E-01
     0.308172718E-01
     0.308172718E-01
     0.308172718E-01
     0.308172718E-01
     0.308172718E-01
     0.308172718E-01
     0.308172718E-01
     0.308172718E-01
     0.308172718E-01
     0.308172718E-01
     0.308172718E-01
     0.308172718E-01
     0.308172718E-01
     0.308172718E-01
     0.308172718E-01
     0.308172718E-01
     0.308172718E-01
     0.308172718E-01
     0.308172718E-01
     0.308172718E-01
     0.308172718E-01
     0.308172718E-01
     0.308172718E-01
     0.308172718E-01
     0.308172718E-01
     0.308172718E-01
     0.308172718E-01
     0.308172718E-01
     0.308172718E-01
     0.308172718E-01
     0.308172718E-01
     0.308172718E-01
     0.308172718E-01
     0.308172717E-01
     0.308172718E-01
     0.308172718E-01
     0.308172718E-01
     0.308172718E-01
     0.308172718E-01
     0.308172718E-01
     0.308172718E-01
     0.308172717E-01
     0.308172717E-01
     0.308172717E-01
     0.308172717E-01
     0.308172717E-01
     0.308172717E-01
     0.308172717E-01
     0.308172717E-01
     0.308172717E-01
     0.308172717E-01
     0.308172717E-01
     0.308172717E-01
     0.308172717E-01
     0.308172717E-01
     0.308172717E-01
     0.308172717E-01
     0.308172717E-01
     0.308172717E-01
     0.308172717E-01
     0.308172717E-01
     0.308172717E-01
     0.308172717E-01
     0.308172717E-01
     0.308172717E-01
     0.308172717E-01
     0.308172717E-01
     0.308172717E-01
     0.308172717E-01
     0.308172717E-01
     0.308172717E-01
     0.308172717E-01
     0.308172717E-01
     0.308172717E-01
     0.308172717E-01
     0.308172717E-01
     0.308172717E-01
     0.308172717E-01
     0.308172717E-01
     0.308172717E-01
     0.308172717E-01
     0.308172717E-01
     0.308172717E-01
     0.308172717E-01
     0.308172717E-01
     0.308172717E-01
     0.308172717E-01
     0.308172717E-01
     0.308172717E-01
     0.308172717E-01
     0.308172717E-01
     0.308172717E-01
     0.308172717E-01
     0.308172717E-01
     0.308172717E-01
     0.308172717E-01
     0.308172717E-01
     0.308172717E-01
     0.308172717E-01
     0.308172717E-01
     0.308172717E-01
     0.308172717E-01
     0.308172717E-01
     0.308172717E-01
     0.308172717E-01
     0.308172717E-01
     0.308172717E-01
     0.308172717E-01
     0.308172717E-01
     0.308172717E-01
     0.308172717E-01
     0.308172717E-01
     0.308172717E-01
     0.308172717E-01
     0.308172717E-01
     0.308172717E-01
     0.308172717E-01
     0.308172717E-01
     0.308172717E-01
     0.308172717E-01
     0.308172717E-01
     0.308172717E-01
     0.308172717E-01
     0.308172717E-01
     0.308172717E-01
     0.308172717E-01
     0.308172717E-01
     0.308172717E-01
     0.308172717E-01
     0.308172717E-01
     0.308172717E-01
     0.308172717E-01
     0.308172717E-01
     0.308172717E-01
     0.308172717E-01
     0.308172717E-01
     0.308172717E-01
     0.308172717E-01
     0.308172717E-01
     0.308172717E-01
     0.308172717E-01
     0.308172717E-01
     0.308172717E-01
     0.308172717E-01
     0.308172717E-01
     0.308172717E-01
     0.308172717E-01
     0.308172717E-01
     0.308172717E-01
     0.308172717E-01
     0.308172717E-01
     0.308172717E-01
     0.308172717E-01
     0.308172717E-01
     0.308172717E-01
     0.308172717E-01
     0.308172717E-01
     0.308172717E-01
     0.308172717E-01
     0.308172717E-01
     0.308172717E-01
     0.308172717E-01
     0.308172717E-01
     0.308172717E-01
     0.308172717E-01
     0.308172717E-01
     0.308172717E-01
     0.308172717E-01
     0.308172717E-01
     0.308172717E-01
     0.308172717E-01
     0.308172717E-01
     0.308172717E-01
     0.308172717E-01
     0.308172717E-01
     0.308172717E-01
     0.308172717E-01
     0.308172717E-01
     0.308172717E-01
     0.308172717E-01
     0.308172717E-01
     0.308172717E-01
     0.308172717E-01
     0.308172717E-01
     0.308172717E-01
     0.308172717E-01
     0.308172717E-01
     0.308172717E-01
     0.308172717E-01
     0.308172717E-01
     0.308172717E-01
     0.308172717E-01
     0.308172717E-01
     0.308172717E-01
     0.308172717E-01
     0.308172717E-01
     0.308172717E-01
     0.308172717E-01
     0.308172717E-01
     0.308172717E-01
     0.308172717E-01
     0.308172717E-01
     0.308172717E-01
     0.308172717E-01
     0.308172717E-01
     0.308172717E-01
     0.308172717E-01
     0.308172717E-01
     0.308172717E-01
     0.308172716E-01
     0.308172716E-01
     0.308172717E-01
     0.308172717E-01
     0.308172717E-01
     0.308172716E-01
     0.308172717E-01
     0.308172716E-01
     0.308172716E-01
     0.308172716E-01
     0.308172716E-01
     0.308172716E-01
     0.308172716E-01
     0.308172716E-01
     0.308172716E-01
     0.308172716E-01
     0.308172716E-01
     0.308172716E-01
     0.308172716E-01
     0.308172716E-01
     0.308172716E-01
     0.308172716E-01
     0.308172716E-01
     0.308172716E-01
     0.308172716E-01
     0.308172716E-01
     0.308172716E-01
     0.308172716E-01
     0.308172716E-01
     0.308172716E-01
     0.308172716E-01
     0.308172716E-01
     0.308172716E-01
     0.308172716E-01
     0.308172716E-01
     0.308172716E-01
     0.308172716E-01
     0.308172716E-01
     0.308172716E-01
     0.308172716E-01
     0.308172716E-01
     0.308172716E-01
     0.308172716E-01
     0.308172716E-01
     0.308172716E-01
     0.308172716E-01
     0.308172716E-01
     0.308172716E-01
     0.308172716E-01
     0.308172716E-01
     0.308172716E-01
     0.308172716E-01
     0.308172716E-01
     0.308172716E-01
     0.308172716E-01
     0.308172716E-01
     0.308172716E-01
     0.308172716E-01
     0.308172716E-01
     0.308172716E-01
     0.308172716E-01
     0.308172716E-01
     0.308172716E-01
     0.308172716E-01
     0.308172716E-01
     0.308172716E-01
     0.308172716E-01
     0.308172716E-01
     0.308172716E-01
     0.308172716E-01
     0.308172716E-01
     0.308172716E-01
     0.308172716E-01
     0.308172716E-01
     0.308172716E-01
     0.308172716E-01
     0.308172716E-01
     0.308172716E-01
     0.308172716E-01
     0.308172716E-01
     0.308172716E-01
     0.308172716E-01
     0.308172716E-01
     0.308172716E-01
     0.308172716E-01
     0.308172716E-01
     0.308172716E-01
     0.308172716E-01
     0.308172716E-01
     0.308172716E-01
     0.308172716E-01
     0.308172716E-01
     0.308172716E-01
     0.308172716E-01
     0.308172716E-01
     0.308172716E-01
     0.308172716E-01
     0.308172716E-01
     0.308172716E-01
     0.308172716E-01
     0.308172716E-01
     0.308172716E-01
     0.308172716E-01
     0.308172716E-01
     0.308172716E-01
     0.308172716E-01
     0.308172716E-01
     0.308172716E-01
     0.308172716E-01
     0.308172716E-01
     0.308172716E-01
     0.308172716E-01
     0.308172716E-01
     0.308172716E-01
     0.308172716E-01
     0.308172716E-01
     0.308172716E-01
     0.308172716E-01
     0.308172716E-01
     0.308172716E-01
     0.308172716E-01
     0.308172716E-01
     0.308172716E-01
     0.308172716E-01
     0.308172716E-01
     0.308172716E-01
     0.308172716E-01
     0.308172716E-01
     0.308172716E-01
     0.308172716E-01
     0.308172716E-01
     0.308172716E-01
     0.308172716E-01
     0.308172716E-01
     0.308172716E-01
     0.308172716E-01
     0.308172716E-01
     0.308172716E-01
     0.308172716E-01
     0.308172716E-01
     0.308172716E-01
     0.308172716E-01
     0.308172716E-01
     0.308172716E-01
     0.308172716E-01
     0.308172716E-01
     0.308172716E-01
     0.308172716E-01
     0.308172716E-01
     0.308172716E-01
     0.308172716E-01
     0.308172716E-01
     0.308172716E-01
     0.308172716E-01
     0.308172716E-01
     0.308172716E-01
     0.308172716E-01
     0.308172716E-01
     0.308172716E-01
     0.308172716E-01
     0.308172716E-01
     0.308172716E-01
     0.308172716E-01
     0.308172716E-01
     0.308172716E-01
     0.308172716E-01
     0.308172716E-01
     0.308172716E-01
     0.308172716E-01
     0.308172716E-01
     0.308172716E-01
     0.308172716E-01
     0.308172716E-01
     0.308172716E-01
     0.308172716E-01
     0.308172716E-01
     0.308172716E-01
     0.308172716E-01
     0.308172716E-01
     0.308172716E-01
     0.308172716E-01
     0.308172716E-01
     0.308172716E-01
     0.308172716E-01
     0.308172716E-01
     0.308172716E-01
     0.308172716E-01
     0.308172716E-01
     0.308172716E-01
     0.308172716E-01
     0.308172716E-01
     0.308172716E-01
     0.308172716E-01
     0.308172716E-01
     0.308172716E-01
     0.308172716E-01
     0.308172716E-01
     0.308172716E-01
     0.308172716E-01
     0.308172716E-01
     0.308172716E-01
     0.308172716E-01
     0.308172716E-01
     0.308172716E-01
     0.308172716E-01
     0.308172716E-01
     0.308172716E-01
     0.308172716E-01
     0.308172716E-01
     0.308172716E-01
     0.308172716E-01
     0.308172716E-01
     0.308172716E-01
     0.308172716E-01
     0.308172716E-01
     0.308172716E-01
     0.308172716E-01
     0.308172716E-01
     0.308172716E-01
     0.308172716E-01
     0.308172716E-01
     0.308172716E-01
     0.308172716E-01
     0.308172716E-01
     0.308172716E-01
     0.308172716E-01
     0.308172716E-01
     0.308172716E-01
     0.308172716E-01
     0.308172716E-01
     0.308172716E-01
     0.308172716E-01
     0.308172716E-01
     0.308172716E-01
     0.308172716E-01
     0.308172716E-01
     0.308172716E-01
     0.308172716E-01
     0.308172716E-01
     0.308172716E-01
     0.308172716E-01
     0.308172716E-01
     0.308172716E-01
     0.308172716E-01
     0.308172716E-01
     0.308172716E-01
     0.308172716E-01
     0.308172716E-01
     0.308172716E-01
     0.308172716E-01
     0.308172716E-01
     0.308172716E-01
     0.308172716E-01
     0.308172716E-01
     0.308172716E-01
     0.308172716E-01
     0.308172716E-01
     0.308172716E-01
     0.308172716E-01
     0.308172716E-01
     0.308172716E-01
     0.308172716E-01
     0.308172716E-01
     0.308172716E-01
     0.308172716E-01
     0.308172716E-01
     0.308172716E-01
     0.308172716E-01
     0.308172716E-01
     0.308172716E-01
     0.308172716E-01
     0.308172716E-01
     0.308172716E-01
     0.308172716E-01
     0.308172716E-01
     0.308172716E-01
     0.308172716E-01
     0.308172716E-01
     0.308172716E-01
     0.308172716E-01
     0.308172716E-01
     0.308172716E-01
     0.308172716E-01
     0.308172716E-01
     0.308172716E-01
     0.308172716E-01
     0.308172716E-01
     0.308172716E-01
     0.308172716E-01
     0.308172716E-01
     0.308172716E-01
     0.308172716E-01
     0.308172716E-01
     0.308172716E-01
     0.308172716E-01
     0.308172716E-01
     0.308172716E-01
     0.308172716E-01
     0.308172716E-01
     0.308172716E-01
     0.308172716E-01
     0.308172716E-01
     0.308172716E-01
     0.308172716E-01
     0.308172716E-01
     0.308172716E-01
     0.308172716E-01
     0.308172716E-01
     0.308172716E-01
     0.308172716E-01
     0.308172716E-01
     0.308172716E-01
     0.308172716E-01
     0.308172716E-01
     0.308172716E-01
     0.308172716E-01
     0.308172716E-01
     0.308172716E-01
     0.308172716E-01
     0.308172716E-01
     0.308172716E-01
     0.308172716E-01
     0.308172716E-01
     0.308172716E-01
     0.308172716E-01
     0.308172716E-01
     0.308172716E-01
     0.308172716E-01
     0.308172716E-01
     0.308172716E-01
     0.308172716E-01
     0.308172716E-01
     0.308172716E-01
     0.308172716E-01
     0.308172716E-01
     0.308172716E-01
     0.308172716E-01
     0.308172716E-01
     0.308172716E-01
     0.308172716E-01
     0.308172716E-01
     0.308172716E-01
     0.308172716E-01
     0.308172716E-01
     0.308172716E-01
     0.308172716E-01
     0.308172716E-01
     0.308172716E-01
     0.308172716E-01
     0.308172716E-01
     0.308172716E-01
     0.308172716E-01
     0.308172716E-01
     0.308172716E-01
     0.308172716E-01
     0.308172716E-01
     0.308172716E-01
     0.308172716E-01
     0.308172716E-01
     0.308172716E-01
     0.308172716E-01
     0.308172716E-01
     0.308172716E-01
     0.308172716E-01
     0.308172716E-01
     0.308172716E-01
     0.308172716E-01
     0.308172716E-01
     0.308172716E-01
     0.308172716E-01
     0.308172716E-01
     0.308172716E-01
     0.308172716E-01
     0.308172716E-01
     0.308172716E-01
     0.308172716E-01
     0.308172716E-01
     0.308172716E-01
     0.308172716E-01
     0.308172716E-01
     0.308172716E-01
     0.308172716E-01
     0.308172716E-01
     0.308172716E-01
     0.308172716E-01
     0.308172716E-01
     0.308172716E-01
     0.308172716E-01
     0.308172716E-01
     0.308172716E-01
     0.308172716E-01
     0.308172716E-01
     0.308172716E-01
     0.308172716E-01
     0.308172716E-01
     0.308172716E-01
     0.308172716E-01
     0.308172716E-01
     0.308172716E-01
     0.308172716E-01
     0.308172716E-01
     0.308172716E-01
     0.308172716E-01
     0.308172716E-01
     0.308172716E-01
     0.308172716E-01
     0.308172716E-01
     0.308172716E-01
     0.308172716E-01
     0.308172716E-01
     0.308172716E-01
     0.308172716E-01
     0.308172716E-01
     0.308172716E-01
     0.308172716E-01
     0.308172716E-01
     0.308172716E-01
     0.308172716E-01
     0.308172716E-01
     0.308172716E-01
     0.308172716E-01
     0.308172716E-01
     0.308172716E-01
     0.308172716E-01
     0.308172716E-01
     0.308172716E-01
     0.308172716E-01
     0.308172716E-01
     0.308172716E-01
     0.308172716E-01
     0.308172716E-01
     0.308172716E-01
     0.308172716E-01
     0.308172716E-01
     0.308172716E-01
     0.308172716E-01
     0.308172716E-01
     0.308172716E-01
     0.308172716E-01
     0.308172716E-01
     0.308172716E-01
     0.308172716E-01
     0.308172716E-01
     0.308172716E-01
     0.308172716E-01
     0.308172716E-01
     0.308172716E-01
     0.308172716E-01
     0.308172716E-01
     0.308172716E-01
     0.308172716E-01
     0.308172716E-01
     0.308172716E-01
     0.308172716E-01
     0.308172716E-01
     0.308172716E-01
     0.308172716E-01
     0.308172716E-01
     0.308172716E-01
     0.308172716E-01
     0.308172716E-01
     0.308172716E-01
     0.308172716E-01
     0.308172716E-01
     0.308172716E-01
     0.308172716E-01
     0.308172716E-01
     0.308172716E-01
     0.308172716E-01
     0.308172716E-01
     0.308172716E-01
     0.308172716E-01
     0.308172716E-01
     0.308172716E-01
     0.308172716E-01
     0.308172716E-01
     0.308172716E-01
     0.308172716E-01
     0.308172716E-01
     0.308172716E-01
     0.308172716E-01
     0.308172716E-01
     0.308172716E-01
     0.308172716E-01
     0.308172716E-01
     0.308172716E-01
     0.308172716E-01
     0.308172716E-01
     0.308172716E-01
     0.308172716E-01
     0.308172716E-01
     0.308172716E-01
     0.308172716E-01
     0.308172716E-01
     0.308172716E-01
     0.308172716E-01
     0.308172716E-01
     0.308172716E-01
     0.308172716E-01
     0.308172716E-01
     0.308172716E-01
     0.308172716E-01
     0.308172716E-01
     0.308172716E-01
     0.308172716E-01
     0.308172716E-01
     0.308172716E-01
     0.308172716E-01
     0.308172716E-01
     0.308172716E-01
     0.308172716E-01
     0.308172716E-01
     0.308172716E-01
     0.308172716E-01
     0.308172716E-01
     0.308172716E-01
     0.308172716E-01
     0.308172716E-01
     0.308172716E-01
     0.308172716E-01
     0.308172716E-01
     0.308172716E-01
     0.308172716E-01
     0.308172716E-01
     0.308172716E-01
     0.308172716E-01
     0.308172716E-01
     0.308172716E-01
     0.308172716E-01
     0.308172716E-01
     0.308172716E-01
     0.308172716E-01
     0.308172716E-01
     0.308172716E-01
     0.308172716E-01
     0.308172716E-01
     0.308172716E-01
     0.308172716E-01
     0.308172716E-01
     0.308172716E-01
     0.308172716E-01
     0.308172716E-01
     0.308172716E-01
     0.308172716E-01
     0.308172716E-01
     0.308172716E-01
     0.308172716E-01
     0.308172716E-01
     0.308172716E-01
     0.308172716E-01
     0.308172716E-01
     0.308172716E-01
     0.308172716E-01
     0.308172716E-01
     0.308172716E-01
     0.308172716E-01
     0.308172716E-01
     0.308172716E-01
     0.308172716E-01
     0.308172716E-01
     0.308172716E-01
     0.308172716E-01
     0.308172716E-01
     0.308172716E-01
     0.308172716E-01
     0.308172716E-01
     0.308172716E-01
     0.308172716E-01
     0.308172716E-01
     0.308172716E-01
     0.308172716E-01
     0.308172716E-01
     0.308172716E-01
     0.308172716E-01
     0.308172716E-01
     0.308172716E-01
     0.308172716E-01
     0.308172716E-01
     0.308172716E-01
     0.308172716E-01
     0.308172716E-01
     0.308172716E-01
     0.308172716E-01
     0.308172716E-01
     0.308172716E-01
     0.308172716E-01
     0.308172716E-01
     0.308172716E-01
     0.308172716E-01
     0.308172716E-01
     0.308172716E-01
     0.308172716E-01
     0.308172716E-01
     0.308172716E-01
     0.308172716E-01
     0.308172716E-01
     0.308172716E-01
     0.308172716E-01
     0.308172716E-01
     0.308172716E-01
     0.308172716E-01
     0.308172716E-01
     0.308172716E-01
     0.308172716E-01
     0.308172716E-01
     0.308172716E-01
     0.308172716E-01
     0.308172716E-01
     0.308172716E-01
     0.308172716E-01
     0.308172716E-01
     0.308172716E-01
     0.308172716E-01
     0.308172716E-01
     0.308172716E-01
     0.308172716E-01
     0.308172716E-01
     0.308172716E-01
     0.308172716E-01
     0.308172716E-01
     0.308172716E-01
     0.308172716E-01
     0.308172716E-01
     0.308172716E-01
     0.308172716E-01
     0.308172716E-01
     0.308172716E-01
     0.308172716E-01
     0.308172716E-01
     0.308172716E-01
     0.308172716E-01
     0.308172716E-01
     0.308172716E-01
     0.308172716E-01
     0.308172716E-01
     0.308172716E-01
     0.308172716E-01
     0.308172716E-01
     0.308172716E-01
     0.308172716E-01
     0.308172716E-01
     0.308172716E-01
     0.308172716E-01
     0.308172716E-01
     0.308172716E-01
     0.308172716E-01
     0.308172716E-01
     0.308172716E-01
     0.308172716E-01
     0.308172716E-01
     0.308172716E-01
     0.308172716E-01
     0.308172716E-01
     0.308172716E-01
     0.308172716E-01
     0.308172716E-01
     0.308172716E-01
     0.308172716E-01
     0.308172716E-01
     0.308172716E-01
     0.308172716E-01
     0.308172716E-01
     0.308172716E-01
     0.308172716E-01
     0.308172716E-01
     0.308172716E-01
     0.308172716E-01
     0.308172716E-01
     0.308172716E-01
     0.308172716E-01
     0.308172716E-01
     0.308172716E-01
     0.308172716E-01
     0.308172716E-01
     0.308172716E-01
     0.308172716E-01
     0.308172716E-01
     0.308172716E-01
     0.308172716E-01
     0.308172716E-01
     0.308172716E-01
     0.308172716E-01
     0.308172716E-01
     0.308172716E-01
     0.308172716E-01
     0.308172716E-01
     0.308172716E-01
     0.308172716E-01
     0.308172716E-01
     0.308172716E-01
     0.308172716E-01
     0.308172716E-01
     0.308172716E-01
     0.308172716E-01
     0.308172716E-01
     0.308172716E-01
     0.308172716E-01
     0.308172716E-01
     0.308172716E-01
     0.308172716E-01
     0.308172716E-01
     0.308172716E-01
     0.308172716E-01
     0.308172716E-01
     0.308172716E-01
     0.308172716E-01
     0.308172716E-01
     0.308172716E-01
     0.308172716E-01
     0.308172716E-01
     0.308172716E-01
     0.308172716E-01
     0.308172716E-01
     0.308172716E-01
     0.308172716E-01
     0.308172716E-01
     0.308172716E-01
     0.308172716E-01
     0.308172716E-01
     0.308172716E-01
     0.308172716E-01
     0.308172716E-01
     0.308172716E-01
     0.308172716E-01
     0.308172716E-01
     0.308172716E-01
     0.308172716E-01
     0.308172716E-01
     0.308172716E-01
     0.308172716E-01
     0.308172716E-01
     0.308172716E-01
     0.308172716E-01
     0.308172716E-01
     0.308172716E-01
     0.308172716E-01
     0.308172716E-01
     0.308172716E-01
     0.308172716E-01
     0.308172716E-01
     0.308172716E-01
     0.308172716E-01
     0.308172716E-01
     0.308172716E-01
     0.308172716E-01
     0.308172716E-01
     0.308172716E-01
     0.308172716E-01
     0.308172716E-01
     0.308172716E-01
     0.308172716E-01
     0.308172716E-01
     0.308172716E-01
     0.308172716E-01
     0.308172716E-01
     0.308172716E-01
     0.308172716E-01
     0.308172716E-01
     0.308172716E-01
     0.308172716E-01
     0.308172716E-01
     0.308172716E-01
     0.308172716E-01
     0.308172716E-01
     0.308172716E-01
     0.308172716E-01
     0.308172716E-01
     0.308172716E-01
     0.308172716E-01
     0.308172716E-01
     0.308172716E-01
     0.308172716E-01
     0.308172716E-01
     0.308172716E-01
     0.308172716E-01
     0.308172716E-01
     0.308172716E-01
     0.308172716E-01
     0.308172716E-01
     0.308172716E-01
     0.308172716E-01
     0.308172716E-01
     0.308172716E-01
     0.308172716E-01
     0.308172716E-01
     0.308172716E-01
     0.308172716E-01
     0.308172716E-01
     0.308172716E-01
     0.308172716E-01
     0.308172716E-01
     0.308172716E-01
     0.308172716E-01
     0.308172716E-01
     0.308172716E-01
     0.308172716E-01
     0.308172716E-01
     0.308172716E-01
     0.308172716E-01
     0.308172716E-01
     0.308172716E-01
     0.308172716E-01
     0.308172716E-01
     0.308172716E-01
     0.308172716E-01
     0.308172716E-01
     0.308172716E-01
     0.308172716E-01
     0.308172716E-01
     0.308172716E-01
     0.308172716E-01
     0.308172716E-01
     0.308172716E-01
     0.308172716E-01
     0.308172716E-01
     0.308172716E-01
     0.308172716E-01
     0.308172716E-01
     0.308172716E-01
     0.308172716E-01
     0.308172716E-01
     0.308172716E-01
     0.308172716E-01
     0.308172716E-01
     0.308172716E-01
     0.308172716E-01
     0.308172716E-01
     0.308172716E-01
     0.308172716E-01
     0.308172716E-01
     0.308172716E-01
     0.308172716E-01
     0.308172716E-01
     0.308172716E-01
     0.308172716E-01
     0.308172716E-01
     0.308172716E-01
     0.308172716E-01
     0.308172716E-01
     0.308172716E-01
     0.308172716E-01
     0.308172716E-01
     0.308172716E-01
     0.308172716E-01
     0.308172716E-01
     0.308172716E-01
     0.308172716E-01
     0.308172716E-01
     0.308172716E-01
     0.308172716E-01
     0.308172716E-01
     0.308172716E-01
     0.308172716E-01
     0.308172716E-01
     0.308172716E-01
     0.308172716E-01
     0.308172716E-01
     0.308172716E-01
     0.308172716E-01
     0.308172716E-01
     0.308172716E-01
     0.308172716E-01
     0.308172716E-01
     0.308172716E-01
     0.308172716E-01
     0.308172716E-01
     0.308172716E-01
     0.308172716E-01
     0.308172716E-01
     0.308172716E-01
     0.308172716E-01
     0.308172716E-01
     0.308172716E-01
     0.308172716E-01
     0.308172716E-01
     0.308172716E-01
     0.308172716E-01
     0.308172716E-01
     0.308172716E-01
     0.308172716E-01
     0.308172716E-01
     0.308172716E-01
     0.308172716E-01
     0.308172716E-01
     0.308172716E-01
     0.308172716E-01
     0.308172716E-01
     0.308172716E-01
     0.308172716E-01
     0.308172716E-01
     0.308172716E-01
     0.308172716E-01
     0.308172716E-01
     0.308172716E-01
     0.308172716E-01
     0.308172716E-01
     0.308172716E-01
     0.308172716E-01
     0.308172716E-01
     0.308172716E-01
     0.308172716E-01
     0.308172716E-01
     0.308172716E-01
     0.308172716E-01
     0.308172716E-01
     0.308172716E-01
     0.308172716E-01
     0.308172716E-01
     0.308172716E-01
     0.308172716E-01
     0.308172716E-01
     0.308172716E-01
     0.308172716E-01
     0.308172716E-01
     0.308172716E-01
     0.308172716E-01
     0.308172716E-01
     0.308172716E-01
     0.308172716E-01
     0.308172716E-01
     0.308172716E-01
     0.308172716E-01
     0.308172716E-01
     0.308172716E-01
     0.308172716E-01
     0.308172716E-01
     0.308172716E-01
     0.308172716E-01
     0.308172716E-01
     0.308172716E-01
     0.308172716E-01
     0.308172716E-01
     0.308172716E-01
     0.308172716E-01
     0.308172716E-01
     0.308172716E-01
     0.308172716E-01
     0.308172716E-01
     0.308172716E-01
     0.308172716E-01
     0.308172716E-01
     0.308172716E-01
     0.308172716E-01
     0.308172716E-01
     0.308172716E-01
     0.308172716E-01
     0.308172716E-01
     0.308172716E-01
     0.308172716E-01
     0.308172716E-01
     0.308172716E-01
     0.308172716E-01
     0.308172716E-01
     0.308172716E-01
     0.308172716E-01
     0.308172716E-01
     0.308172716E-01
     0.308172716E-01
     0.308172716E-01
     0.308172716E-01
     0.308172716E-01
     0.308172716E-01
     0.308172716E-01
     0.308172716E-01
     0.308172716E-01
     0.308172716E-01
     0.308172716E-01
     0.308172716E-01
     0.308172716E-01
     0.308172716E-01
     0.308172716E-01
     0.308172716E-01
     0.308172716E-01
     0.308172716E-01
     0.308172716E-01
     0.308172716E-01
     0.308172716E-01
     0.308172716E-01
     0.308172716E-01
     0.308172716E-01
     0.308172716E-01
     0.308172716E-01
     0.308172716E-01
     0.308172716E-01
     0.308172716E-01
     0.308172716E-01
     0.308172716E-01
     0.308172716E-01
     0.308172716E-01
     0.308172716E-01
     0.308172716E-01
     0.308172716E-01
     0.308172716E-01
     0.308172716E-01
     0.308172716E-01
     0.308172716E-01
     0.308172716E-01
     0.308172716E-01
     0.308172716E-01
     0.308172716E-01
     0.308172716E-01
     0.308172716E-01
     0.308172716E-01
     0.308172716E-01
     0.308172716E-01
     0.308172716E-01
     0.308172716E-01
     0.308172716E-01
     0.308172716E-01
     0.308172716E-01
     0.308172716E-01
     0.308172716E-01
     0.308172716E-01
     0.308172716E-01
     0.308172716E-01
     0.308172716E-01
     0.308172716E-01
     0.308172716E-01
     0.308172716E-01
     0.308172716E-01
     0.308172716E-01
     0.308172716E-01
     0.308172716E-01
     0.308172716E-01
     0.308172716E-01
     0.308172716E-01
     0.308172716E-01
     0.308172716E-01
     0.308172716E-01
     0.308172716E-01
     0.308172716E-01
     0.308172716E-01
     0.308172716E-01
     0.308172716E-01
     0.308172716E-01
     0.308172716E-01
     0.308172716E-01
     0.308172716E-01
     0.308172716E-01
     0.308172716E-01
     0.308172716E-01
     0.308172716E-01
     0.308172716E-01
     0.308172716E-01
     0.308172716E-01
     0.308172716E-01
     0.308172716E-01
     0.308172716E-01
     0.308172716E-01
     0.308172716E-01
     0.308172716E-01
     0.308172716E-01
     0.308172716E-01
     0.308172716E-01
     0.308172716E-01
     0.308172716E-01
     0.308172716E-01
     0.308172716E-01
     0.308172716E-01
     0.308172716E-01
     0.308172716E-01
     0.308172716E-01
     0.308172716E-01
     0.308172716E-01
     0.308172716E-01
     0.308172716E-01
     0.308172716E-01
     0.308172716E-01
     0.308172716E-01
     0.308172716E-01
     0.308172716E-01
     0.308172716E-01
     0.308172716E-01
     0.308172716E-01
     0.308172716E-01
     0.308172716E-01
     0.308172716E-01
     0.308172716E-01
     0.308172716E-01
     0.308172716E-01
     0.308172716E-01
     0.308172716E-01
     0.308172716E-01
     0.308172716E-01
     0.308172716E-01
     0.308172716E-01
     0.308172716E-01
     0.308172716E-01
     0.308172716E-01
     0.308172716E-01
     0.308172716E-01
     0.308172716E-01
     0.308172716E-01
     0.308172716E-01
     0.308172716E-01
     0.308172716E-01
     0.308172716E-01
     0.308172716E-01
     0.308172716E-01
     0.308172716E-01
     0.308172716E-01
     0.308172716E-01
     0.308172716E-01
     0.308172716E-01
     0.308172716E-01
     0.308172716E-01
     0.308172716E-01
     0.308172716E-01
     0.308172716E-01
     0.308172716E-01
     0.308172716E-01
     0.308172716E-01
     0.308172716E-01
     0.308172716E-01
     0.308172716E-01
     0.308172716E-01
     0.308172716E-01
     0.308172716E-01
     0.308172716E-01
     0.308172716E-01
     0.308172716E-01
     0.308172716E-01
     0.308172716E-01
     0.308172716E-01
     0.308172716E-01
     0.308172716E-01
     0.308172716E-01
     0.308172716E-01
     0.308172716E-01
     0.308172716E-01
     0.308172716E-01
     0.308172716E-01
     0.308172716E-01
     0.308172716E-01
     0.308172716E-01
     0.308172716E-01
     0.308172716E-01
     0.308172716E-01
     0.308172716E-01
     0.308172716E-01
     0.308172716E-01
     0.308172716E-01
     0.308172716E-01
     0.308172716E-01
     0.308172716E-01
     0.308172716E-01
     0.308172716E-01
     0.308172716E-01
     0.308172716E-01
     0.308172716E-01
     0.308172716E-01
     0.308172716E-01
     0.308172716E-01
     0.308172716E-01
     0.308172716E-01
     0.308172716E-01
     0.308172716E-01
     0.308172716E-01
     0.308172716E-01
     0.308172716E-01
     0.308172716E-01
     0.308172716E-01
     0.308172716E-01
     0.308172716E-01
     0.308172716E-01
     0.308172716E-01
     0.308172716E-01
     0.308172716E-01
     0.308172716E-01
     0.308172716E-01
     0.308172716E-01
     0.308172716E-01
     0.308172716E-01
     0.308172716E-01
     0.308172716E-01
     0.308172716E-01
     0.308172716E-01
     0.308172716E-01
     0.308172716E-01
     0.308172716E-01
     0.308172716E-01
     0.308172716E-01
     0.308172716E-01
     0.308172716E-01
     0.308172716E-01
     0.308172716E-01
     0.308172716E-01
     0.308172716E-01
     0.308172716E-01
     0.308172716E-01
     0.308172716E-01
     0.308172716E-01
     0.308172716E-01
     0.308172716E-01
     0.308172716E-01
     0.308172716E-01
     0.308172716E-01
     0.308172716E-01
     0.308172716E-01
     0.308172716E-01
     0.308172716E-01
     0.308172716E-01
     0.308172716E-01
     0.308172716E-01
     0.308172716E-01
     0.308172716E-01
     0.308172716E-01
     0.308172716E-01
     0.308172716E-01
     0.308172716E-01
     0.308172716E-01
     0.308172716E-01
     0.308172716E-01
     0.308172716E-01
     0.308172716E-01
     0.308172716E-01
     0.308172716E-01
     0.308172716E-01
     0.308172716E-01
     0.308172716E-01
     0.308172716E-01
     0.308172716E-01
     0.308172716E-01
     0.308172716E-01
     0.308172716E-01
     0.308172716E-01
     0.308172716E-01
     0.308172716E-01
     0.308172716E-01
     0.308172716E-01
     0.308172716E-01
     0.308172716E-01
     0.308172716E-01
     0.308172716E-01
     0.308172716E-01
     0.308172716E-01
     0.308172716E-01
     0.308172716E-01
     0.308172716E-01
     0.308172716E-01
     0.308172716E-01
     0.308172716E-01
     0.308172716E-01
     0.308172716E-01
     0.308172716E-01
     0.308172716E-01
     0.308172716E-01
     0.308172716E-01
     0.308172716E-01
     0.308172716E-01
     0.308172716E-01
     0.308172716E-01
     0.308172716E-01
     0.308172716E-01
     0.308172716E-01
     0.308172716E-01
     0.308172716E-01
     0.308172716E-01
     0.308172716E-01
     0.308172716E-01
     0.308172716E-01
     0.308172716E-01
     0.308172716E-01
     0.308172716E-01
     0.308172716E-01
     0.308172716E-01
     0.308172716E-01
     0.308172716E-01
     0.308172716E-01
     0.308172716E-01
     0.308172716E-01
     0.308172716E-01
     0.308172716E-01
     0.308172716E-01
     0.308172716E-01
     0.308172716E-01
     0.308172716E-01
     0.308172716E-01
     0.308172716E-01
     0.308172716E-01
     0.308172716E-01
     0.308172716E-01
     0.308172716E-01
     0.308172716E-01
     0.308172716E-01
     0.308172716E-01
     0.308172716E-01
     0.308172716E-01
     0.308172716E-01
     0.308172716E-01
     0.308172716E-01
     0.308172716E-01
     0.308172716E-01
     0.308172716E-01
     0.308172716E-01
     0.308172716E-01
     0.308172716E-01
     0.308172716E-01
     0.308172716E-01
     0.308172716E-01
     0.308172716E-01
     0.308172716E-01
     0.308172716E-01
     0.308172716E-01
     0.308172716E-01
     0.308172716E-01
     0.308172716E-01
     0.308172716E-01
     0.308172716E-01
     0.308172716E-01
     0.308172716E-01
     0.308172716E-01
     0.308172716E-01
     0.308172716E-01
     0.308172716E-01
     0.308172716E-01
     0.308172716E-01
     0.308172716E-01
     0.308172716E-01
     0.308172716E-01
     0.308172716E-01
     0.308172716E-01
     0.308172716E-01
     0.308172716E-01
     0.308172716E-01
     0.308172716E-01
     0.308172716E-01
     0.308172716E-01
     0.308172716E-01
     0.308172716E-01
     0.308172716E-01
     0.308172716E-01
     0.308172716E-01
     0.308172716E-01
     0.308172716E-01
     0.308172716E-01
     0.308172716E-01
     0.308172716E-01
     0.308172716E-01
     0.308172716E-01
     0.308172716E-01
     0.308172716E-01
     0.308172716E-01
     0.308172716E-01
     0.308172716E-01
     0.308172716E-01
     0.308172716E-01
     0.308172716E-01
     0.308172716E-01
     0.308172716E-01
     0.308172716E-01
     0.308172716E-01
     0.308172716E-01
     0.308172716E-01
     0.308172716E-01
     0.308172716E-01
     0.308172716E-01
     0.308172716E-01
     0.308172716E-01
     0.308172716E-01
     0.308172716E-01
     0.308172716E-01
     0.308172716E-01
     0.308172716E-01
     0.308172716E-01
     0.308172716E-01
     0.308172716E-01
     0.308172716E-01
     0.308172716E-01
     0.308172716E-01
     0.308172716E-01
     0.308172716E-01
     0.308172716E-01
     0.308172716E-01
     0.308172716E-01
     0.308172716E-01
     0.308172716E-01
     0.308172716E-01
     0.308172716E-01
     0.308172716E-01
     0.308172716E-01
     0.308172716E-01
     0.308172716E-01
     0.308172716E-01
     0.308172716E-01
     0.308172716E-01
     0.308172716E-01
     0.308172716E-01
     0.308172716E-01
     0.308172716E-01
     0.308172716E-01
     0.308172716E-01
     0.308172716E-01
     0.308172716E-01
     0.308172716E-01
     0.308172716E-01
     0.308172716E-01
     0.308172716E-01
     0.308172716E-01
     0.308172716E-01
     0.308172716E-01
     0.308172716E-01
     0.308172716E-01
     0.308172716E-01
     0.308172716E-01
     0.308172716E-01
     0.308172716E-01
     0.308172716E-01
     0.308172716E-01
     0.308172716E-01
     0.308172716E-01
     0.308172716E-01
     0.308172716E-01
     0.308172716E-01
     0.308172716E-01
     0.308172716E-01
     0.308172716E-01
     0.308172716E-01
     0.308172716E-01
     0.308172716E-01
     0.308172716E-01
     0.308172716E-01
     0.308172716E-01
     0.308172716E-01
     0.308172716E-01
     0.308172716E-01
     0.308172716E-01
     0.308172716E-01
     0.308172716E-01
     0.308172716E-01
     0.308172716E-01
     0.308172716E-01
     0.308172716E-01
     0.308172716E-01
     0.308172716E-01
     0.308172716E-01
     0.308172716E-01
     0.308172716E-01
     0.308172716E-01
     0.308172716E-01
     0.308172716E-01
     0.308172716E-01
     0.308172716E-01
     0.308172716E-01
     0.308172716E-01
     0.308172716E-01
     0.308172716E-01
     0.308172716E-01
     0.308172716E-01
     0.308172716E-01
     0.308172716E-01
     0.308172716E-01
     0.308172716E-01
     0.308172716E-01
     0.308172716E-01
     0.308172716E-01
     0.308172716E-01
     0.308172716E-01
     0.308172716E-01
     0.308172716E-01
     0.308172716E-01
     0.308172716E-01
     0.308172716E-01
     0.308172716E-01
     0.308172716E-01
     0.308172716E-01
     0.308172716E-01
     0.308172716E-01
     0.308172716E-01
     0.308172716E-01
     0.308172716E-01
     0.308172716E-01
     0.308172716E-01
     0.308172716E-01
     0.308172716E-01
     0.308172716E-01
     0.308172716E-01
     0.308172716E-01
     0.308172716E-01
     0.308172716E-01
     0.308172716E-01
     0.308172716E-01
     0.308172716E-01
     0.308172716E-01
     0.308172716E-01
     0.308172716E-01
     0.308172716E-01
     0.308172716E-01
     0.308172716E-01
     0.308172716E-01
     0.308172716E-01
     0.308172716E-01
     0.308172716E-01
     0.308172716E-01
     0.308172716E-01
     0.308172716E-01
     0.308172716E-01
     0.308172716E-01
     0.308172716E-01
     0.308172716E-01
     0.308172716E-01
     0.308172716E-01
     0.308172716E-01
     0.308172716E-01
     0.308172716E-01
     0.308172716E-01
     0.308172716E-01
     0.308172716E-01
     0.308172716E-01
     0.308172716E-01
     0.308172716E-01
     0.308172716E-01
     0.308172716E-01
     0.308172716E-01
     0.308172716E-01
     0.308172716E-01
     0.308172716E-01
     0.308172716E-01
     0.308172716E-01
     0.308172716E-01
     0.308172716E-01
     0.308172716E-01
     0.308172716E-01
     0.308172716E-01
     0.308172716E-01
     0.308172716E-01
     0.308172716E-01
     0.308172716E-01
     0.308172716E-01
     0.308172716E-01
     0.308172716E-01
     0.308172716E-01
     0.308172716E-01
     0.308172716E-01
     0.308172716E-01
     0.308172716E-01
     0.308172716E-01
     0.308172716E-01
     0.308172716E-01
     0.308172716E-01
     0.308172716E-01
     0.308172716E-01
     0.308172716E-01
     0.308172716E-01
     0.308172716E-01
     0.308172716E-01
     0.308172716E-01
     0.308172716E-01
     0.308172716E-01
     0.308172716E-01
     0.308172716E-01
     0.308172716E-01
     0.308172716E-01
     0.308172716E-01
     0.308172716E-01
     0.308172716E-01
     0.308172716E-01
     0.308172716E-01
     0.308172716E-01
     0.308172716E-01
     0.308172716E-01
     0.308172716E-01
     0.308172716E-01
     0.308172716E-01
     0.308172716E-01
     0.308172716E-01
     0.308172716E-01
     0.308172716E-01
     0.308172716E-01
     0.308172716E-01
     0.308172716E-01
     0.308172716E-01
     0.308172716E-01
     0.308172716E-01
     0.308172716E-01
     0.308172716E-01
     0.308172716E-01
     0.308172716E-01
     0.308172716E-01
     0.308172716E-01
     0.308172716E-01
     0.308172716E-01
     0.308172716E-01
     0.308172716E-01
     0.308172716E-01
     0.308172716E-01
     0.308172716E-01
     0.308172716E-01
     0.308172716E-01
     0.308172716E-01
     0.308172716E-01
     0.308172716E-01
     0.308172716E-01
     0.308172716E-01
     0.308172716E-01
     0.308172716E-01
     0.308172716E-01
     0.308172716E-01
     0.308172716E-01
     0.308172716E-01
     0.308172716E-01
     0.308172716E-01
     0.308172716E-01
     0.308172716E-01
     0.308172716E-01
     0.308172716E-01
     0.308172716E-01
     0.308172716E-01
     0.308172716E-01
     0.308172716E-01
     0.308172716E-01
     0.308172716E-01
     0.308172716E-01
     0.308172716E-01
     0.308172716E-01
     0.308172716E-01
     0.308172716E-01
     0.308172716E-01
     0.308172716E-01
     0.308172716E-01
     0.308172716E-01
     0.308172716E-01
     0.308172716E-01
     0.308172716E-01
     0.308172716E-01
     0.308172716E-01
     0.308172716E-01
     0.308172716E-01
     0.308172716E-01
     0.308172716E-01
     0.308172716E-01
     0.308172716E-01
     0.308172716E-01
     0.308172716E-01
     0.308172716E-01
     0.308172716E-01
     0.308172716E-01
     0.308172716E-01
     0.308172716E-01
     0.308172716E-01
     0.308172716E-01
     0.308172716E-01
     0.308172716E-01
     0.308172716E-01
     0.308172716E-01
     0.308172716E-01
     0.308172716E-01
     0.308172716E-01
     0.308172716E-01
     0.308172716E-01
     0.308172716E-01
     0.308172716E-01
     0.308172716E-01
     0.308172716E-01
     0.308172716E-01
     0.308172716E-01
     0.308172716E-01
     0.308172716E-01
     0.308172716E-01
     0.308172716E-01
     0.308172716E-01
     0.308172716E-01
     0.308172716E-01
     0.308172716E-01
     0.308172716E-01
     0.308172716E-01
     0.308172716E-01
     0.308172716E-01
     0.308172716E-01
     0.308172716E-01
     0.308172716E-01
     0.308172716E-01
     0.308172716E-01
     0.308172716E-01
     0.308172716E-01
     0.308172716E-01
     0.308172716E-01
     0.308172716E-01
     0.308172716E-01
     0.308172716E-01
     0.308172716E-01
     0.308172716E-01
     0.308172716E-01
     0.308172716E-01
     0.308172716E-01
     0.308172716E-01
     0.308172716E-01
     0.308172716E-01
     0.308172716E-01
     0.308172716E-01
     0.308172716E-01
     0.308172716E-01
     0.308172716E-01
     0.308172716E-01
     0.308172716E-01
     0.308172716E-01
     0.308172716E-01
     0.308172716E-01
     0.308172716E-01
     0.308172716E-01
     0.308172716E-01
     0.308172716E-01
     0.308172716E-01
     0.308172716E-01
     0.308172716E-01
     0.308172716E-01
     0.308172716E-01
     0.308172716E-01
     0.308172716E-01
     0.308172716E-01
     0.308172716E-01
     0.308172716E-01
     0.308172716E-01
     0.308172716E-01
     0.308172716E-01
     0.308172716E-01
     0.308172716E-01
     0.308172716E-01
     0.308172716E-01
     0.308172716E-01
     0.308172716E-01
     0.308172716E-01
     0.308172716E-01
     0.308172716E-01
     0.308172716E-01
     0.308172716E-01
     0.308172716E-01
     0.308172716E-01
     0.308172716E-01
     0.308172716E-01
     0.308172716E-01
     0.308172716E-01
     0.308172716E-01
     0.308172716E-01
     0.308172716E-01
     0.308172716E-01
     0.308172716E-01
     0.308172716E-01
     0.308172716E-01
     0.308172716E-01
     0.308172716E-01
     0.308172716E-01
     0.308172716E-01
     0.308172716E-01
     0.308172716E-01
     0.308172716E-01
     0.308172716E-01
     0.308172716E-01
     0.308172716E-01
     0.308172716E-01
     0.308172716E-01
     0.308172716E-01
     0.308172716E-01
     0.308172716E-01
     0.308172716E-01
     0.308172716E-01
     0.308172716E-01
     0.308172716E-01
     0.308172716E-01
     0.308172716E-01
     0.308172716E-01
     0.308172716E-01
     0.308172716E-01
     0.308172716E-01
     0.308172716E-01
     0.308172716E-01
     0.308172716E-01
     0.308172716E-01
     0.308172716E-01
     0.308172716E-01
     0.308172716E-01
     0.308172716E-01
     0.308172716E-01
     0.308172716E-01
     0.308172716E-01
     0.308172716E-01
     0.308172716E-01
     0.308172716E-01
     0.308172716E-01
     0.308172716E-01
     0.308172716E-01
     0.308172716E-01
     0.308172716E-01
     0.308172716E-01
     0.308172716E-01
     0.308172716E-01
     0.308172716E-01
     0.308172716E-01
     0.308172716E-01
     0.308172716E-01
     0.308172716E-01
     0.308172716E-01
     0.308172716E-01
     0.308172716E-01
     0.308172716E-01
     0.308172716E-01
     0.308172716E-01
     0.308172716E-01
     0.308172716E-01
     0.308172716E-01
     0.308172716E-01
     0.308172716E-01
     0.308172716E-01
     0.308172716E-01
     0.308172716E-01
     0.308172716E-01
     0.308172716E-01
     0.308172716E-01
     0.308172716E-01
     0.308172716E-01
     0.308172716E-01
     0.308172716E-01
     0.308172716E-01
     0.308172716E-01
     0.308172716E-01
     0.308172716E-01
     0.308172716E-01
     0.308172716E-01
     0.308172716E-01
     0.308172716E-01
     0.308172716E-01
     0.308172716E-01
     0.308172716E-01
     0.308172716E-01
     0.308172716E-01
     0.308172716E-01
     0.308172716E-01
     0.308172716E-01
     0.308172716E-01
     0.308172716E-01
     0.308172716E-01
     0.308172716E-01
     0.308172716E-01
     0.308172716E-01
     0.308172716E-01
     0.308172716E-01
     0.308172716E-01
     0.308172716E-01
     0.308172716E-01
     0.308172716E-01
     0.308172716E-01
     0.308172716E-01
     0.308172716E-01
     0.308172716E-01
     0.308172716E-01
     0.308172716E-01
     0.308172716E-01
     0.308172716E-01
     0.308172716E-01
     0.308172716E-01
     0.308172716E-01
     0.308172716E-01
     0.308172716E-01
     0.308172716E-01
     0.308172716E-01
     0.308172716E-01
     0.308172716E-01
     0.308172716E-01
     0.308172716E-01
     0.308172716E-01
     0.308172716E-01
     0.308172716E-01
     0.308172716E-01
     0.308172716E-01
     0.308172716E-01
     0.308172716E-01
     0.308172716E-01
     0.308172716E-01
     0.308172716E-01
     0.308172716E-01
     0.308172716E-01
     0.308172716E-01
     0.308172716E-01
     0.308172716E-01
     0.308172716E-01
     0.308172716E-01
     0.308172716E-01
     0.308172716E-01
     0.308172716E-01
     0.308172716E-01
     0.308172716E-01
     0.308172716E-01
     0.308172716E-01
     0.308172716E-01
     0.308172716E-01
     0.308172716E-01
     0.308172716E-01
     0.308172716E-01
     0.308172716E-01
     0.308172716E-01
     0.308172716E-01
     0.308172716E-01
     0.308172716E-01
     0.308172716E-01
     0.308172716E-01
     0.308172716E-01
     0.308172716E-01
     0.308172716E-01
     0.308172716E-01
     0.308172716E-01
     0.308172716E-01
     0.308172716E-01
     0.308172716E-01
     0.308172716E-01
     0.308172716E-01
     0.308172716E-01
     0.308172716E-01
     0.308172716E-01
     0.308172716E-01
     0.308172716E-01
     0.308172716E-01
     0.308172716E-01
     0.308172716E-01
     0.308172716E-01
     0.308172716E-01
     0.308172716E-01
     0.308172716E-01
     0.308172716E-01
     0.308172716E-01
     0.308172716E-01
     0.308172716E-01
     0.308172716E-01
     0.308172716E-01
     0.308172716E-01
     0.308172716E-01
     0.308172716E-01
     0.308172716E-01
     0.308172716E-01
     0.308172716E-01
     0.308172716E-01
     0.308172716E-01
     0.308172716E-01
     0.308172716E-01
     0.308172716E-01
     0.308172716E-01
     0.308172716E-01
     0.308172716E-01
     0.308172716E-01
     0.308172716E-01
     0.308172716E-01
     0.308172716E-01
     0.308172716E-01
     0.308172716E-01
     0.308172716E-01
     0.308172716E-01
     0.308172716E-01
     0.308172716E-01
     0.308172716E-01
     0.308172716E-01
     0.308172716E-01
     0.308172716E-01
     0.308172716E-01
     0.308172716E-01
     0.308172716E-01
     0.308172716E-01
     0.308172716E-01
     0.308172716E-01
     0.308172716E-01
     0.308172716E-01
     0.308172716E-01
     0.308172716E-01
     0.308172716E-01
     0.308172716E-01
     0.308172716E-01
     0.308172716E-01
     0.308172716E-01
     0.308172716E-01
     0.308172716E-01
     0.308172716E-01
     0.308172716E-01
     0.308172716E-01
     0.308172716E-01
     0.308172716E-01
     0.308172716E-01
     0.308172716E-01
     0.308172716E-01
     0.308172716E-01
     0.308172716E-01
     0.308172716E-01
     0.308172716E-01
     0.308172716E-01
     0.308172716E-01
     0.308172716E-01
     0.308172716E-01
     0.308172716E-01
     0.308172716E-01
     0.308172716E-01
     0.308172716E-01
     0.308172716E-01
     0.308172716E-01
     0.308172716E-01
     0.308172716E-01
     0.308172716E-01
     0.308172716E-01
     0.308172716E-01
     0.308172716E-01
     0.308172716E-01
     0.308172716E-01
     0.308172716E-01
     0.308172716E-01
     0.308172716E-01
     0.308172716E-01
     0.308172716E-01
     0.308172716E-01
     0.308172716E-01
     0.308172716E-01
     0.308172716E-01
     0.308172716E-01
     0.308172716E-01
     0.308172716E-01
     0.308172716E-01
     0.308172716E-01
     0.308172716E-01
     0.308172716E-01
     0.308172716E-01
     0.308172716E-01
     0.308172716E-01
     0.308172716E-01
     0.308172716E-01
     0.308172716E-01
     0.308172716E-01
     0.308172716E-01
     0.308172716E-01
     0.308172716E-01
     0.308172716E-01
     0.308172716E-01
     0.308172716E-01
     0.308172716E-01
     0.308172716E-01
     0.308172716E-01
     0.308172716E-01
     0.308172716E-01
     0.308172716E-01
     0.308172716E-01
     0.308172716E-01
     0.308172716E-01
     0.308172716E-01
     0.308172716E-01
     0.308172716E-01
     0.308172716E-01
     0.308172716E-01
     0.308172716E-01
     0.308172716E-01
     0.308172716E-01
     0.308172716E-01
     0.308172716E-01
     0.308172716E-01
     0.308172716E-01
     0.308172716E-01
     0.308172716E-01
     0.308172716E-01
     0.308172716E-01
     0.308172716E-01
     0.308172716E-01
     0.308172716E-01
     0.308172716E-01
     0.308172716E-01
     0.308172716E-01
     0.308172716E-01
     0.308172716E-01
     0.308172716E-01
     0.308172716E-01
     0.308172716E-01
     0.308172716E-01
     0.308172716E-01
     0.308172716E-01
     0.308172716E-01
     0.308172716E-01
     0.308172716E-01
     0.308172716E-01
     0.308172716E-01
     0.308172716E-01
     0.308172716E-01
     0.308172716E-01
     0.308172716E-01
     0.308172716E-01
     0.308172716E-01
     0.308172716E-01
     0.308172716E-01
     0.308172716E-01
     0.308172716E-01
     0.308172716E-01
     0.308172716E-01
     0.308172716E-01
     0.308172716E-01
     0.308172716E-01
     0.308172716E-01
     0.308172716E-01
     0.308172716E-01
     0.308172716E-01
     0.308172716E-01
     0.308172716E-01
     0.308172716E-01
     0.308172716E-01
     0.308172716E-01
     0.308172716E-01
     0.308172716E-01
     0.308172716E-01
     0.308172716E-01
     0.308172716E-01
     0.308172716E-01
     0.308172716E-01
     0.308172716E-01
     0.308172716E-01
     0.308172716E-01
     0.308172716E-01
     0.308172716E-01
     0.308172716E-01
     0.308172716E-01
     0.308172716E-01
     0.308172716E-01
     0.308172716E-01
     0.308172716E-01
     0.308172716E-01
     0.308172716E-01
     0.308172716E-01
     0.308172716E-01
     0.308172716E-01
     0.308172716E-01
     0.308172716E-01
     0.308172716E-01
     0.308172716E-01
     0.308172716E-01
     0.308172716E-01
     0.308172716E-01
     0.308172716E-01
     0.308172716E-01
     0.308172716E-01
     0.308172716E-01
     0.308172716E-01
     0.308172716E-01
     0.308172716E-01
     0.308172716E-01
     0.308172716E-01
     0.308172716E-01
     0.308172716E-01
     0.308172716E-01
     0.308172716E-01
     0.308172716E-01
     0.308172716E-01
     0.308172716E-01
     0.308172716E-01
     0.308172716E-01
     0.308172716E-01
     0.308172716E-01
     0.308172716E-01
     0.308172716E-01
     0.308172716E-01
     0.308172716E-01
     0.308172716E-01
     0.308172716E-01
     0.308172716E-01
     0.308172716E-01
     0.308172716E-01
     0.308172716E-01
     0.308172716E-01
     0.308172716E-01
     0.308172716E-01
     0.308172716E-01
     0.308172716E-01
     0.308172716E-01
     0.308172716E-01
     0.308172716E-01
     0.308172716E-01
     0.308172716E-01
     0.308172716E-01
     0.308172716E-01
     0.308172716E-01
     0.308172716E-01
     0.308172716E-01
     0.308172716E-01
     0.308172716E-01
     0.308172716E-01
     0.308172716E-01
     0.308172716E-01
     0.308172716E-01
     0.308172716E-01
     0.308172716E-01
     0.308172716E-01
     0.308172716E-01
     0.308172716E-01
     0.308172716E-01
     0.308172716E-01
     0.308172716E-01
     0.308172716E-01
     0.308172716E-01
     0.308172716E-01
     0.308172716E-01
     0.308172716E-01
     0.308172716E-01
     0.308172716E-01
     0.308172716E-01
     0.308172716E-01
     0.308172716E-01
     0.308172716E-01
     0.308172716E-01
     0.308172716E-01
     0.308172716E-01
     0.308172716E-01
     0.308172716E-01
     0.308172716E-01
     0.308172716E-01
     0.308172716E-01
     0.308172716E-01
     0.308172716E-01
     0.308172716E-01
     0.308172716E-01
     0.308172716E-01
     0.308172716E-01
     0.308172716E-01
     0.308172716E-01
     0.308172716E-01
     0.308172716E-01
     0.308172716E-01
     0.308172716E-01
     0.308172716E-01
     0.308172716E-01
     0.308172716E-01
     0.308172716E-01
     0.308172716E-01
     0.308172716E-01
     0.308172716E-01
     0.308172716E-01
     0.308172716E-01
     0.308172716E-01
     0.308172716E-01
     0.308172716E-01
     0.308172716E-01
     0.308172716E-01
     0.308172716E-01
     0.308172716E-01
     0.308172716E-01
     0.308172716E-01
     0.308172716E-01
     0.308172716E-01
     0.308172716E-01
     0.308172716E-01
     0.308172716E-01
     0.308172716E-01
     0.308172716E-01
     0.308172716E-01
     0.308172716E-01
     0.308172716E-01
     0.308172716E-01
     0.308172716E-01
     0.308172716E-01
     0.308172716E-01
     0.308172716E-01
     0.308172716E-01
     0.308172716E-01
     0.308172716E-01
     0.308172716E-01
     0.308172716E-01
     0.308172716E-01
     0.308172716E-01
     0.308172716E-01
     0.308172716E-01
     0.308172716E-01
     0.308172716E-01
     0.308172716E-01
     0.308172716E-01
     0.308172716E-01
     0.308172716E-01
     0.308172716E-01
     0.308172716E-01
     0.308172716E-01
     0.308172716E-01
     0.308172716E-01
     0.308172716E-01
     0.308172716E-01
     0.308172716E-01
     0.308172716E-01
     0.308172716E-01
     0.308172716E-01
     0.308172716E-01
     0.308172716E-01
     0.308172716E-01
     0.308172716E-01
     0.308172716E-01
     0.308172716E-01
     0.308172716E-01
     0.308172716E-01
     0.308172716E-01
     0.308172716E-01
     0.308172716E-01
     0.308172716E-01
     0.308172716E-01
     0.308172716E-01
     0.308172716E-01
     0.308172716E-01
     0.308172716E-01
     0.308172716E-01
     0.308172716E-01
     0.308172716E-01
     0.308172716E-01
     0.308172716E-01
     0.308172716E-01
     0.308172716E-01
     0.308172716E-01
     0.308172716E-01
     0.308172716E-01
     0.308172716E-01
     0.308172716E-01
     0.308172716E-01
     0.308172716E-01
     0.308172716E-01
     0.308172716E-01
     0.308172716E-01
     0.308172716E-01
     0.308172716E-01
     0.308172716E-01
     0.308172716E-01
     0.308172716E-01
     0.308172716E-01
     0.308172716E-01
     0.308172716E-01
     0.308172716E-01
     0.308172716E-01
     0.308172716E-01
     0.308172716E-01
     0.308172716E-01
     0.308172716E-01
     0.308172716E-01
     0.308172716E-01
     0.308172716E-01
     0.308172716E-01
     0.308172716E-01
     0.308172716E-01
     0.308172716E-01
     0.308172716E-01
     0.308172716E-01
     0.308172716E-01
     0.308172716E-01
     0.308172716E-01
     0.308172716E-01
     0.308172716E-01
     0.308172716E-01
     0.308172716E-01
     0.308172716E-01
     0.308172716E-01
     0.308172716E-01
     0.308172716E-01
     0.308172716E-01
     0.308172716E-01
     0.308172716E-01
     0.308172716E-01
     0.308172716E-01
     0.308172716E-01
     0.308172716E-01
     0.308172716E-01
     0.308172716E-01
     0.308172716E-01
     0.308172716E-01
     0.308172716E-01
     0.308172716E-01
     0.308172716E-01
     0.308172716E-01
     0.308172716E-01
     0.308172716E-01
     0.308172716E-01
     0.308172716E-01
     0.308172716E-01
     0.308172716E-01
     0.308172716E-01
     0.308172716E-01
     0.308172716E-01
     0.308172716E-01
     0.308172716E-01
     0.308172716E-01
     0.308172716E-01
     0.308172716E-01
     0.308172716E-01
     0.308172716E-01
     0.308172716E-01
     0.308172716E-01
     0.308172716E-01
     0.308172716E-01
     0.308172716E-01
     0.308172716E-01
     0.308172716E-01
     0.308172716E-01
     0.308172716E-01
     0.308172716E-01
     0.308172716E-01
     0.308172716E-01
     0.308172716E-01
     0.308172716E-01
     0.308172716E-01
     0.308172716E-01
     0.308172716E-01
     0.308172716E-01
     0.308172716E-01
     0.308172716E-01
     0.308172716E-01
     0.308172716E-01
     0.308172716E-01
     0.308172716E-01
     0.308172716E-01
     0.308172716E-01
     0.308172716E-01
     0.308172716E-01
     0.308172716E-01
     0.308172716E-01
     0.308172716E-01
     0.308172716E-01
     0.308172716E-01
     0.308172716E-01
     0.308172716E-01
     0.308172716E-01
     0.308172716E-01
     0.308172716E-01
     0.308172716E-01
     0.308172716E-01
     0.308172716E-01
     0.308172716E-01
     0.308172716E-01
     0.308172716E-01
     0.308172716E-01
     0.308172716E-01
     0.308172716E-01
     0.308172716E-01
     0.308172716E-01
     0.308172716E-01
     0.308172716E-01
     0.308172716E-01
     0.308172716E-01
     0.308172716E-01
     0.308172716E-01
     0.308172716E-01
     0.308172716E-01
     0.308172716E-01
     0.308172716E-01
     0.308172716E-01
     0.308172716E-01
     0.308172716E-01
     0.308172716E-01
     0.308172716E-01
     0.308172716E-01
     0.308172716E-01
     0.308172716E-01
     0.308172716E-01
     0.308172716E-01
     0.308172716E-01
     0.308172716E-01
     0.308172716E-01
     0.308172716E-01
     0.308172716E-01
     0.308172716E-01
     0.308172716E-01
     0.308172716E-01
     0.308172716E-01
     0.308172716E-01
     0.308172716E-01
     0.308172716E-01
     0.308172716E-01
     0.308172716E-01
     0.308172716E-01
     0.308172716E-01
     0.308172716E-01
     0.308172716E-01
     0.308172716E-01
     0.308172716E-01
     0.308172716E-01
     0.308172716E-01
     0.308172716E-01
     0.308172716E-01
     0.308172716E-01
     0.308172716E-01
     0.308172716E-01
     0.308172716E-01
     0.308172716E-01
     0.308172716E-01
     0.308172716E-01
     0.308172716E-01
     0.308172716E-01
     0.308172716E-01
     0.308172716E-01
     0.308172716E-01
     0.308172716E-01
     0.308172716E-01
     0.308172716E-01
     0.308172716E-01
     0.308172716E-01
     0.308172716E-01
     0.308172716E-01
     0.308172716E-01
     0.308172716E-01
     0.308172716E-01
     0.308172716E-01
     0.308172716E-01
     0.308172716E-01
     0.308172716E-01
     0.308172716E-01
     0.308172716E-01
     0.308172716E-01
     0.308172716E-01
     0.308172716E-01
     0.308172716E-01
     0.308172716E-01
     0.308172716E-01
     0.308172716E-01
     0.308172716E-01
     0.308172716E-01
     0.308172716E-01
     0.308172716E-01
     0.308172716E-01
     0.308172716E-01
     0.308172716E-01
     0.308172716E-01
     0.308172716E-01
     0.308172716E-01
     0.308172716E-01
     0.308172716E-01
     0.308172716E-01
     0.308172716E-01
     0.308172716E-01
     0.308172716E-01
     0.308172716E-01
     0.308172716E-01
     0.308172716E-01
     0.308172716E-01
     0.308172716E-01
     0.308172716E-01
     0.308172716E-01
     0.308172716E-01
     0.308172716E-01
     0.308172716E-01
     0.308172716E-01
     0.308172716E-01
     0.308172716E-01
     0.308172716E-01
     0.308172716E-01
     0.308172716E-01
     0.308172716E-01
     0.308172716E-01
     0.308172716E-01
     0.308172716E-01
     0.308172716E-01
     0.308172716E-01
     0.308172716E-01
     0.308172716E-01
     0.308172716E-01
     0.308172716E-01
     0.308172716E-01
     0.308172716E-01
     0.308172716E-01
     0.308172716E-01
     0.308172716E-01
     0.308172716E-01
     0.308172716E-01
     0.308172716E-01
     0.308172716E-01
     0.308172716E-01
     0.308172716E-01
     0.308172716E-01
     0.308172716E-01
     0.308172716E-01
     0.308172716E-01
     0.308172716E-01
     0.308172716E-01
     0.308172716E-01
     0.308172716E-01
     0.308172716E-01
     0.308172716E-01
     0.308172716E-01
     0.308172716E-01
     0.308172716E-01
     0.308172716E-01
     0.308172716E-01
     0.308172716E-01
     0.308172716E-01
     0.308172716E-01
     0.308172716E-01
     0.308172716E-01
     0.308172716E-01
     0.308172716E-01
     0.308172716E-01
     0.308172716E-01
     0.308172716E-01
     0.308172716E-01
     0.308172716E-01
     0.308172716E-01
     0.308172716E-01
     0.308172716E-01
     0.308172716E-01
     0.308172716E-01
     0.308172716E-01
     0.308172716E-01
     0.308172716E-01
     0.308172716E-01
     0.308172716E-01
     0.308172716E-01
     0.308172716E-01
     0.308172716E-01
     0.308172716E-01
     0.308172716E-01
     0.308172716E-01
     0.308172716E-01
     0.308172716E-01
     0.308172716E-01
     0.308172716E-01
     0.308172716E-01
     0.308172716E-01
     0.308172716E-01
     0.308172716E-01
     0.308172716E-01
     0.308172716E-01
     0.308172716E-01
     0.308172716E-01
     0.308172716E-01
     0.308172716E-01
     0.308172716E-01
     0.308172716E-01
     0.308172716E-01
     0.308172716E-01
     0.308172716E-01
     0.308172716E-01
     0.308172716E-01
     0.308172716E-01
     0.308172716E-01
     0.308172716E-01
     0.308172716E-01
     0.308172716E-01
     0.308172716E-01
     0.308172716E-01
     0.308172716E-01
     0.308172716E-01
     0.308172716E-01
     0.308172716E-01
     0.308172716E-01
     0.308172716E-01
     0.308172716E-01
     0.308172716E-01
     0.308172716E-01
     0.308172716E-01
     0.308172716E-01
     0.308172716E-01
     0.308172716E-01
     0.308172716E-01
     0.308172716E-01
     0.308172716E-01
     0.308172716E-01
     0.308172716E-01
     0.308172716E-01
     0.308172716E-01
     0.308172716E-01
     0.308172716E-01
     0.308172716E-01
     0.308172716E-01
     0.308172716E-01
     0.308172716E-01
     0.308172716E-01
     0.308172716E-01
     0.308172716E-01
     0.308172716E-01
     0.308172716E-01
     0.308172716E-01
     0.308172716E-01
     0.308172716E-01
     0.308172716E-01
     0.308172716E-01
     0.308172716E-01
     0.308172716E-01
     0.308172716E-01
     0.308172716E-01
     0.308172716E-01
     0.308172716E-01
     0.308172716E-01
     0.308172716E-01
     0.308172716E-01
     0.308172716E-01
     0.308172716E-01
     0.308172716E-01
     0.308172716E-01
     0.308172716E-01
     0.308172716E-01
     0.308172716E-01
     0.308172716E-01
     0.308172716E-01
     0.308172716E-01
     0.308172716E-01
     0.308172716E-01
     0.308172716E-01
     0.308172716E-01
     0.308172716E-01
     0.308172716E-01
     0.308172716E-01
     0.308172716E-01
     0.308172716E-01
     0.308172716E-01
     0.308172716E-01
     0.308172716E-01
     0.308172716E-01
     0.308172716E-01
     0.308172716E-01
     0.308172716E-01
     0.308172716E-01
     0.308172716E-01
     0.308172716E-01
     0.308172716E-01
     0.308172716E-01
     0.308172716E-01
     0.308172716E-01
     0.308172716E-01
     0.308172716E-01
     0.308172716E-01
     0.308172716E-01
     0.308172716E-01
     0.308172716E-01
     0.308172716E-01
     0.308172716E-01
     0.308172716E-01
     0.308172716E-01
     0.308172716E-01
     0.308172716E-01
     0.308172716E-01
     0.308172716E-01
     0.308172716E-01
     0.308172716E-01
     0.308172716E-01
     0.308172716E-01
     0.308172716E-01
     0.308172716E-01
     0.308172716E-01
     0.308172716E-01
     0.308172716E-01
     0.308172716E-01
     0.308172716E-01
     0.308172716E-01
     0.308172716E-01
     0.308172716E-01
     0.308172716E-01
     0.308172716E-01
     0.308172716E-01
     0.308172716E-01
     0.308172716E-01
     0.308172716E-01
     0.308172716E-01
     0.308172716E-01
     0.308172716E-01
     0.308172716E-01
     0.308172716E-01
     0.308172716E-01
     0.308172716E-01
     0.308172716E-01
     0.308172716E-01
     0.308172716E-01
     0.308172716E-01
     0.308172716E-01
     0.308172716E-01
     0.308172716E-01
     0.308172716E-01
     0.308172716E-01
     0.308172716E-01
     0.308172716E-01
     0.308172716E-01
     0.308172716E-01
     0.308172716E-01
     0.308172716E-01
     0.308172716E-01
     0.308172716E-01
     0.308172716E-01
     0.308172716E-01
     0.308172716E-01
     0.308172716E-01
     0.308172716E-01
     0.308172716E-01
     0.308172716E-01
