4.2530597272568821657276160721631586	4.1904686775653396621360805891309406	4.1285153423043185732192046615167663	4.0670863436524826205451431762856077	4.0060677056947954705113933597710523	3.9453437392046934948368436591844693	3.8847958484938869800256136186477573	3.8243012337015266330075488201504495	3.7637314554201908190571690914590586	3.7029508200439921757450997021227917	3.6418145329472557640298728962436273	3.5801665515425924634869765336285695	3.5178370499625695051494049812976732	3.4546393794598883251867581852606534	3.3903663705524229675115275698193908	3.3247857698671926387948758171350582	3.2576345295542161084602454959336977	3.1886115589771560801818643587545989	3.1173683888423166968681181658317321	3.0434969552321547855161034264255229	2.9665133264137357966447544128264602	2.8858355537742024840700384580414905	2.8007526929121883113202655385215019	2.710379907019199637160073910145081	2.6135903375284392353180886664098453	2.5089057062484793917115674558202344	2.3943089676248655937603669743531598	2.2669002697270365184156060497857144	2.1222123076253515960796344300641277	1.9526895639742866263393196395972288	1.7436640392590148100031941881709775	1.4587872024633635509254413210176606	0.92265808040100384053001146205707447	8.2028340819299152569398402992855757	15.981431030981387418028150336880408	22.47584724712705690030644421135714	28.25667991341992062748386089836986	33.55126906472169610059082364673646	38.481789124220573581456984208604966	43.124108727900483299603052801641301	47.529535939864144187766484692114837	51.73471321414163971625005380605246	55.766760237180977467610292549611952	59.646188792749405258272568637669129	63.388631076834089186768620060324294	67.005840677813812856673996620875933	70.506118482878451070919383507263675	73.893941194825374355015444419361526	77.16658535936588239018393982264924	80.306840485767159089463997251130667	83.359660438951668432636589912722347	86.334822034723154132659873577994499	89.236959336437570416431901795077856	92.070225447899695800042276253063123	94.838360508338534010204965188168569	97.54474759572617203596952731276074	100.19245916882782670649746037705842	102.78429600021126143504112222850323	105.32282007350092322139494061179186	107.81038257402655161352715711073664	110.24914785067460966523073264320793	112.64111404029303749788440175966184	114.98813090563560365553864530661901	117.2919153306744228905740180643625	119.55406483428614983767015556777674	121.77606939845454402780898573338645	123.9593218558267836016128352301028	126.10512704050351711994859436969661	128.21470987277300007667530197083607	130.28922252166649744224075972930075	132.32975076706524524321130394097743	134.33731966494783559570071252503037	136.3128986041859256281546678320097	138.25740583067463006113839318631085	140.17171250396948267001228575436081	142.05664634265401557741048068226259	143.9129949070780039019951605014474	145.74150856166014257064271485078538	147.54290315345305726212349550086636	149.31786243895373491180565253783203	151.06704028710784609702083788754026
4.2513780470502249249684980211103961	4.1886957211191598046830465522561895	4.1266426633693389217979898300272032	4.0651044965472910478174115181391732	4.0039661139559205487706753464652427	3.9431105399359810427909605491119663	3.8824177075425924733510001876449942	3.8217631255417755290355652269310136	3.7610163999950713342093424806467721	3.7000395666716322042485874614192344	3.6386851785487635488833094396637787	3.5767940766395615002899907699695707	3.5141927507482525569792765968180914	3.4506901672392114690129341326574637	3.386073900197288435786317868489245	3.3201053454952170256045178740592746	3.2525137166654720345695505033611152	3.1829884050036911944597641419443143	3.1111691138914453044519197544396337	3.0366329135772543450880465363074235	2.9588769414439564417170427666769322	2.8772947628613014023827265408508732	2.7911431355773057886992823762808637	2.6994934986245098527116970827255557	2.6011576549589691830647834877461426	2.4945670210533883719793629515122706	2.3775630547465871867311160548449796	2.2470067203147791323715645305422479	2.097987259748636524027932889945086	1.9220175473745769151900391392560757	1.7020401957835596633223932510995618	1.3926619194608299861317037519625542	0.67367168978898137458645799277276903	9.8728417115540593478634307581198024	17.344114769716186810827206254884859	23.690171049824147957714577192721918	29.375394987326007739003465445251179	34.600237998632783919900289554923225	39.476178847344638027497433225484387	44.073790595661726421877913190009786	48.441372290466461685973516070552817	52.613683010904975896214493473846222	56.616572161574589626269408473407312	60.469635488546141488657997640716642	64.187793668995449089552809692775144	67.782186575554015437215891929045801	71.260482324814704821187959908618624	74.626238686113167425573342733560173	77.87331476135380557899490125427829	80.991232190768010458261960721544048	84.026957767533218369144128425463382	86.98590709707517300162249172233896	89.872625254469416091914773829806266	92.69118912404398104310546147822002	95.445273080378137149697028941592095	98.138203092611620612609935021576019	100.7730017461908280894066273591782	103.35242603911364474256668521530641	105.87899935825920737470000361463684	108.35503871596599660884278545987607	110.78267808861087720400756391982534	113.16388852159082093303476121134355	115.50049553125385660829081847745407	117.79419423187415884323823156627068	120.04656253641072617367906628925362	122.25907271754817126243515004996844	124.43310156613031674433201918441712	126.56993934467293923545909851034676	128.67079770163050563946195978050761	130.73681668616178030279009769359764	132.76907098172534091664620230745813	134.76857545926687907424874923852356	136.73629013605126506635080411773824	138.67312461394337911235887524225025	140.57994206064200708189492739378399	142.45756278867626006945169033549706	144.30676747960264336528223822478983	146.12830009457314373064017782866916	147.92287050709093391046267344414527	149.6911568891887375024494325249605	151.43380787832457675677959637924489
4.2496756036181581570512500309469863	4.1869004982216660586997919436359185	4.1247460209435298521561738930964604	4.0630967663046523517412017494562494	4.0018364629946812408415785829666619	3.9408468089713172176881725206738852	3.8800062186133003574581222112534832	3.8191884527260779884855932124316137	3.75826109493195231924438357633705	3.6970838283939834083003060723028961	3.6355064540907950407975047664324806	3.5733665748008953588389572932093774	3.51048684587984669246563787459719	3.4466716623855035784691769738321923	3.3817031085443245381899139003397862	3.3153359345854945173982601408307588	3.2472912393429065024241358984711716	3.1772484115055001434912115601530241	3.1048346958293650502352135228474062	3.0296114636001580266781489134747893	2.9510558044321603350209990349058199	2.8685352688230911993156785034999024	2.7812721609748034997418673860018062	2.6882910234699072819593056922211666	2.5883373703935681582873510439511996	2.4797440084795630603374934173323325	2.3601958195288254577554973355271597	2.2262847736316750408744686835040291	2.07259105914209506568177484773824	1.8895255130473607306301401178612969	1.6570510530219640089532943743366332	1.3170334250957717737524512531622747	1.5861675228861507431770787862742653	11.47020513122283821752800126588582	18.681607885890874044401173411158394	24.891493396289680559180757287737032	30.486287790621443141358162948552518	35.644116491459962359453966979148688	40.467108622409237966251918657524622	45.021063407388302686272329511181215	49.351509696824115129430674991257656	53.49144563482624457317639689655968	57.46551769190547296992183121660537	61.292443002499799573932213256933266	64.986448450518665124841415969115361	68.558059295239171241247753742457005	72.014277842805415039235653053508769	75.357591226305424646197204075066373	78.57570657397819987658995668327506	81.675310991200627929229813204868467	84.694019184771662982146548613420616	87.636822482385938556149426692732755	90.508178696102263972377743576635091	93.312089877761049956037157942834917	96.052165767375082779124387860314426	98.731676156611614933331910908304906	101.35359453268376479122003607677168	103.92063476939418617023202188905146	106.43528220644081346982470832312988	108.89982015032359147604588189649595	111.31635260403737617768764118400026	113.68682386403978772101546802367724	116.01303549531520327977487781953382	118.29666109744117640668247973418837	120.53925919851100291657512048865441	122.74228455403139460924950182065642	124.90709808043821416344251259927643	127.03497561481347908844227451961218	129.12711566165698937935184717517574	131.18464626235411949290396508148797	133.20863110238502735108209702729099	135.20007495426457324218394043176909	137.15992853996117592129719736796413	139.08909288465826980139817960452336	140.98842322373063174650605985372365	142.85873251635588856201479565953565	144.70079461202491555136746012083172	146.51534711011184414190700111670037	148.30309394746375847808198258359144	150.06470774450091946859571939691638	151.80083193648952355124247066007636
4.2479520182379648773790220909592639	4.1850825909437778263352384123509307	4.12282495171452445134173827635241	4.0610626369315615276324430907620466	3.9996781754788658473119434717289794	3.9385518973176027642310639170960456	3.8775606486868228030199140322590123	3.8165763833174966172980203682759974	3.7554645913404987717008108414432612	3.6940825173923112197119477207611055	3.6322771058792557352716802687417623	3.5698825931866361620824100011576702	3.5067176419937427058889422909340424	3.4425818791524119889330874258942542	3.3772516519370749635709914458637524	3.3104747520602924778097738482405371	3.2419637636931697128417519000521344	3.1713875563442570760448850074951504	3.0983602413816584394958957457438097	3.0224265981705629076377157804915363	2.9430424675705053013457761024717125	2.8595477342115459467764619756096304	2.7711279064892379116986247049117258	2.6767571523621515687123071783594911	2.5751092014372102563411364355871163	2.4644088926745379079646853401493935	2.3421672625844387791810718230822303	2.2046725202360850746972478069889757	2.045917321578971854780445804281751	1.8549978077419939465137286483725452	1.608100803456757310590061894989893	1.2282665886355232663178338002221028	4.0267513770164914475433682449090183	13.01067584084017211170069556067707	19.996858469929810050401338058513452	26.080860701181930896990861826862922	31.589835741578761328708534003517258	36.683154067629845440636836531962776	41.454719728153910142606819857079497	45.966010419977211514382391163808996	50.259997174208015982695487257472211	54.368028023304360069179675127106162	58.313607993448313200280407297933051	62.114609461640949226177562507392103	65.784580188032705517621201932974132	69.333425470280810565914359068416933	72.767436955046539732135216496217525	76.087811307020275860498897997734246	79.277372628701358827458216807859142	82.359074852230277187393030729689551	85.360842067655380374143769958667931	88.287565126082934095226808302560921	91.143616266163832548408590373496174	93.932924068804527004409468179318646	96.659034750955294282423709224024432	99.325162844287321060654211524391707	101.93423350226550067969207698488521	104.48891811662248791107665046867221	106.99166452291329491766774027620552	109.44472278371561564019510138120779	111.85016732351718156449253776721274	114.2099160288581799432934034894275	116.52574680552360107676088321554201	118.7993119910034598563099566340715	121.0321509475876354877602572509032	123.22570110406896267456536956566158	125.38130766846752101009792671638832	127.50023219743150790394962460967175	129.58366017841066232078345640568319	131.63270775630610049872431949146168	133.64842771639247991744047586338871	135.63181481879917434263931351716189	137.58381056604933872521053930272765	139.50530747361874629581659813453816	141.39715290378583406179340406535333	143.26015251483534401177506055323832	145.09507337072495915121629407813964	146.90264675039006216364926823990247	148.68357069079800535332061801190647	150.43851229352364834527100414051836	152.16810982087723234651155714343785
4.2462069023070378635140488184510292	4.1832415701215987615070765938367844	4.1208789795280806862349088782649232	4.0590015776790532035468145840993716	3.9974906570301588870788959434084551	3.9362251361825455664464117435120013	3.8750802416180980226039690263454061	3.8139260582112182703998185853809738	3.7526259082225286854308505473467984	3.6910345076646980416596868435262836	3.6289958345151522503975300021920973	3.566340623873258587493439520482999	3.5028833788606775422300962454378758	3.4384187500091267086550650580383742	3.372717085887611301246391623254161	3.3055188874834295988788221738714453	3.2365277986008746386531212214579692	3.165401618386098697687137483927519	3.0917406029853760285708709783445553	3.0150719818954044868685224818824739	2.9348290544937325363712978787950392	2.850322254418841006099570572125181	2.7606977449377845185976984250577808	2.6648754966498148222843019141696012	2.5614513345205620406589250381699812	2.448531545683426408722363035799999	2.3234334653300635986244447992229466	2.1821007975845091390587252749764297	2.0178441041645207692753589015937866	1.8181762323630615587499581244402145	1.5544069567661798397744960882942302	1.1197954101671194456884708490731623	6.0906528721958049939646392871665352	14.504868579097393824340050943078373	21.292269198281521811204015228855223	27.259181795129653158466601339693413	32.686467448740799030230028878254778	37.71757947333758347027106065535506	42.439143432450969884043239209333849	46.908709554030308441424116456343054	51.166880595500341200761642852077329	55.243455012911347339177300380008316	59.160852527068076366460171091967312	62.936131177372793492045222860131583	66.582171055112397208411474154187962	70.108246903279474925628931776440099	73.51987917310889663756401167780648	76.816638396821832607051976827337914	79.978633306750400324466039014300222	83.042521708154637423590456611222267	86.027423769767994869891974901943781	NaN	NaN	NaN	NaN	NaN	NaN	NaN	NaN	NaN	NaN	NaN	NaN	NaN	NaN	NaN	NaN	NaN	NaN	NaN	NaN	NaN	NaN	NaN	NaN	NaN	NaN	NaN	NaN	NaN	NaN
4.2444398570032091499630656347799476	4.1813769949588470162581598192925969	4.1189076149198743715444344082191129	4.0569130424873722321107248403832625	3.9952732955626978970071441313981501	3.9338658361808500868104578202115112	3.8725642171770833933181432820875021	3.8112365899676896778955815319331668	3.7497440310420824002825440929658529	3.6879386332603766937159931574780656	3.6256612926971627356226927221517451	3.5627391010963602266483380035298751	3.4989822258962211056627034215835775	3.4341801211852764705179950193039855	3.3680968593365965959425957978858543	3.3004652975970372537748574551195237	3.2309796859348209491716613277612762	3.1592861645302467350186895822078006	3.0849703614474808669529641082086014	3.0075409276995417067280231106299964	2.9264072282541992299638026145635802	2.8408483130683594918984766496370616	2.7499682205055884061097094792990114	2.6526285115115665962023859999237164	2.5473402679600685376717656283518023	2.432079209119552871323864000844056	2.3039460445543394189317752450224647	2.1584919774206531181104924114042292	1.9882306263488761133260140842105085	1.7787475912493350287687416218354105	1.494908361642175656889235226144583	0.97735894451478361947696998222747915	7.9722258873450298625675656776833036	15.960374242604433528836266183392474	22.569829229254296057415802531614522	28.427251786207632633429970393965637	33.776569464174364791167132241866993	38.747603074035333839670128230824739	43.420501959010007150554926894058452	47.849233814293962697331208648651346	52.072202876112791864505945751595127	56.117749403786333774595139263657689	60.007259026976374358917765528111743	63.757002518171928925438376005267431	67.379200300037653053177838635231266	70.882479648852047414777906793572044	74.271507826371201792233763819527715	77.543669974213882894016383037267874	80.679487274318587378825749730492211	83.725649462389852715897361132921617	86.693761621297053577474143255258162	NaN	NaN	NaN	NaN	NaN	NaN	NaN	NaN	NaN	NaN	NaN	NaN	NaN	NaN	NaN	NaN	NaN	NaN	NaN	NaN	NaN	NaN	NaN	NaN	NaN	NaN	NaN	NaN	NaN	NaN
4.2426504729304619624488916372255933	4.1794884126116188752344523493636511	4.116910354625920577971823095269093	4.0547964694051287949500746765842622	3.9930254605894328243196535616853661	3.9314732865005256783006740118557932	3.8700117700397402694412936077549339	3.8085070615828451168910036439043633	3.7468179102153653115471970299161607	3.6847936864112573056899459529218007	3.6222720828910014074673890335174005	3.5590763983191694551713546880925336	3.4950122784414463916346550633729203	3.4298637479094771108558767400391875	3.3633883085019284510445274933477597	3.295310798300485721977236112823546	3.2253155899910830240920075229941914	3.1530365356860277291245060607062922	3.0780438071432220450502393381325431	2.9998263713587380839173796017941734	2.9177681563765762430035682577653909	2.8311147331043009603180068686606595	2.7389249779668837191928510045435648	2.6399973878233693435825809599159293	2.5327506335925965587263185978305556	2.4150161717658632586662474290379688	2.2836515066856049475495147016723141	2.133758485815501332673613114830061	1.9569130609294178765004389355577951	1.7363261675359327495528061352247456	1.4281060735397694575690394228485876	0.75543976398126825438673004997673769	9.736559300202975254737577335442037	17.382860587301239568096092621489658	23.83120737077282517739395265276064	29.585770937341402543147009148174175	34.860491924371070537037284537250752	39.77341891234990265538228547989151	44.39890933022885806179133812316545	48.787651659136584121021904343208288	52.976004134578140677242775554285259	56.990932008165245360136264848920674	60.852833460961423422529468833000377	64.577215751004547138019721252224247	68.175643836889381412352166290760646	71.65607283078608137686226368213523	75.022204433006544520289168760920219	78.268113885223490509710222253072696	81.379933155390088921849947881946221	84.408455987558553250651514938684632	87.359852929128344538751824722808302	NaN	NaN	NaN	NaN	NaN	NaN	NaN	NaN	NaN	NaN	NaN	NaN	NaN	NaN	NaN	NaN	NaN	NaN	NaN	NaN	NaN	NaN	NaN	NaN	NaN	NaN	NaN	NaN	NaN	NaN
4.2408383297493590504745990516934323	4.1775753577547094587469744611155646	4.1148866810705118111148450088418695	4.0526512799808749714160527005758597	3.9907465024945099423583199297598413	3.9290467540267770769583761477298834	3.8674220687260653788020665196441416	3.8057365251911621931753866711356123	3.7438464595151014971993944422813618	3.6815984155532707190269473987039313	3.6188267548557255963825711114485576	3.5553508251135268305843108516084066	3.4909715537953462590011636489396955	3.4254672893160861437203337507707554	3.3585886502800619253825887890754372	3.2900520560206062026685876698685406	3.219531486101920402147325189446718	3.1466478315975702398230581072164143	3.0709549196098993904207623622573043	2.9919208437757697675515256094720538	2.9089024726795607186618205334255354	2.8211096230811231997856220030090358	2.7275526843091920431747407053756086	2.6269619308556352383631224331493873	2.5176549932126107430538625226063978	2.3973033943677333629893644592529236	2.2624904789030674201344382611512538	2.107800981316286903568518715555419	1.9236990519649305189758646053717904	1.6904283537090334037241214432892757	1.3517661488468539938545963432905638	1.0458611044350055176636402132388946	11.416204664050746941524952547720993	18.776700348661174777799657198644883	25.077819742464506902836372611951458	30.735359788439991672594450738682736	35.938553286563649881383485655768256	40.795206478247318239383116893738483	45.374472102845019296277663186583519	49.724027325116394607566361548929688	53.878321830875805950282204267397198	57.863021683092317623432703954248858	61.697579971134425539431260357029926	65.39676084530569835790343934819167	68.971473739469317696446830976951848	72.428967089553208230260639722116892	75.771819811572334944047009548192669	78.987734372909736046834675825463271	82.07996953205690822456116965412395	85.090939125668914217097565990492869	88.025694977027606027258626749981834	NaN	NaN	NaN	NaN	NaN	NaN	NaN	NaN	NaN	NaN	NaN	NaN	NaN	NaN	NaN	NaN	NaN	NaN	NaN	NaN	NaN	NaN	NaN	NaN	NaN	NaN	NaN	NaN	NaN	NaN
4.2390029957913011328835453907417659	4.1756373521283777381017117933716644	4.112836061830349694943055351520668	4.0504768786254929961466921041523946	3.9884357517695818903065946832412848	3.9265854824211308088371616096809944	3.8647942544814386558775480496370602	3.8029240006971988346064276917554663	3.7408285543833651585777214106281879	3.6783515232296599987473560283974078	3.6153238030162548018794984751525374	3.551560623838615360713984544937972	3.4868579869787990993119931730873343	3.4209883029927105468791572214965516	3.3536949751607742230449175496228833	3.2846855784182195183269986508386727	3.2136231483316460541591671155270046	3.1401148944036553393970099323388639	3.0636973453754899711130347262561841	2.9838164407661712441422540303048608	2.8998002355131055851339627977411361	2.810820318082950881948865557456957	2.7158349417288630041437100944910597	2.6135004237126786237469161937998632	2.5020236052390103464707456757024137	2.3788980708341891577237732644605686	2.2403967879426735889291693163770844	2.080506090766069885173195893586038	1.8883604559617576634966705395656876	1.6404346891677200437085250071401859	1.262304618141694350807196624506387	3.7559396766920251680140724531156324	13.030517826999271178276210537078321	20.145354974689728615047125461682154	26.310880099135123818475040911063827	31.876571399754890678788972902203226	37.011044322540531814821835956286656	41.813132234572688794331983586845708	46.347290010729173855674873063850484	50.658421111893201160289894930554223	54.779190884192815769380198822313745	58.734035347006869566563072099615334	62.54150079260950337015455820586896	66.21562523168098916021397392908725	69.76665761027990764644896881024767	73.201092500457957862393708792883988	76.520158899118265101123501039801628	79.705834447235344755334952909465925	82.779594944925682671548689548862668	85.773096688384038477466372038219406	88.6912850258997698372293971729652	NaN	NaN	NaN	NaN	NaN	NaN	NaN	NaN	NaN	NaN	NaN	NaN	NaN	NaN	NaN	NaN	NaN	NaN	NaN	NaN	NaN	NaN	NaN	NaN	NaN	NaN	NaN	NaN	NaN	NaN
4.2371440276557387883837428286457628	4.1736739040645438252434711730510174	4.1107579490735905188397706564222885	4.0482726519437385587532684850795991	3.9860925182118622902303429401070728	3.9240886911525752769015634148022997	3.8621274400980362449084850943131521	3.8000684743306811584054538026095075	3.7377630301465025007160805680901941	3.6750516638675481996558915708972918	3.6117616636703798836851300595729595	3.547703966101472875114260801995951	3.4826694262079066462383635759496112	3.4164242391365735204821561820155348	3.3487042396116543211931004844318388	3.2792077043691769151663097568067687	3.2075861361721270118530930909048902	3.1334322908082710063109018546142577	3.0562643738430786297813126191806917	2.9755047900927710955001823601730367	2.8904508820148020859233071945930604	2.800233314619139188609488209897483	2.7037541907861221553400068085364933	2.5995894730111104554381376854097846	2.4858241560463262708474150826453568	2.3597531124674773815186254995583501	2.2172963490564707830579226455437356	2.0517435654259290621612915275845106	1.8506235488208831964133835841896067	1.5855307591188549524437145433285304	1.1533145751970919488815649632958634	5.9597808575099258357671808499502995	14.592228599548621346482403286893556	21.491621886668273025766082570225274	27.531438035720739630963217419424328	33.009901353052985219707401830411632	38.078231498341277356480318320061819	42.827350934159243123196276598137562	47.31745652719652301273618658177346	51.590889632000793397245637457914956	55.678643771414867446578919196091906	59.603987979517826278415109507353168	63.384596146797347174410273500250424	67.033793505188748521248409022007174	70.561157786318425378792429682784946	73.972365706892604769826413788030481	77.266951693088006288115485895983638	80.423423415578251191419041043979079	83.47880789360802214993537145329614	86.454926457376636390907599759651414	89.356620314123687312694260265042506	NaN	NaN	NaN	NaN	NaN	NaN	NaN	NaN	NaN	NaN	NaN	NaN	NaN	NaN	NaN	NaN	NaN	NaN	NaN	NaN	NaN	NaN	NaN	NaN	NaN	NaN	NaN	NaN	NaN	NaN
4.2352609697895617319763097902515358	4.1716845079912173802093383130182905	4.1086517789723445466496037023142029	4.0460379680330381857520605490867948	3.983716090081625816491262153295824	3.9215555744781584443951198310854222	3.8594207086720076128089689730405798	3.7971688971200114949408127112416708	3.7346486801251204622308422350387444	3.6716974414184369168894402333142903	3.6081387120175612238827296065438864	3.5437789489817124836241960721383589	3.4784036280524656831971013983622412	3.4117724342861939602589922990768429	3.3436132578847073880055188810630174	3.2736145931519103222213927840717262	3.2014157801409758348199141014257633	3.1265942927233163957764907812085159	3.0486489110319459751052619198699616	2.9669770154572167341130118055289118	2.8808431779373656996094577058667478	2.7893341987424724470325390908592157	2.6912916022883407739934224136728737	2.5852038337816943153349767664485485	2.4690214491598188848367760886127031	2.3398165385101276319025143164780439	2.1931058162503059920761425515573663	2.0213626664177662536178153325514169	1.8101555274467145813427474063968065	1.5246106354046313873975266541449885	1.0111273673809971369976024912633666	7.9472333869987248426920946201725171	16.110286105663230085807047487417254	22.817800808155691048728469413147039	28.740408508582001745246253093942655	34.135795981763675259682485202220638	39.140359842969608317110278471435625	43.838006759094604320297853951751101	48.28505935750905827224286688040975	52.521486029331466345706574863506722	56.576710607273613563503515196694601	60.472892603245168432154125619911918	64.226864105059123026200706049752393	67.85124705999541139490795986669838	71.35493032788663825303123195222936	74.742685839276236000737429479889573	78.011786534575501686374587158675206	81.14050067298180274333510150458753	84.177606837297069804825510248850483	87.136426184761208821791902355191812	90.021698057957883818474319107836532	92.837665613306136767512919145283254	95.588146589923792997850950547171634	98.27659137583680917917258244324492	100.90613115570664940129628400521702	103.4796182034747769169295017609421	105.99965987446907974241229763825	108.46864748614039722526941181572286	110.8887810100340591057364898497022	113.26209030012420521772397731886416	115.59045343419227187340789573034213	117.87561263186238001191747725059977	120.11918812560857908625997015538377	122.32269029288044691271853376883231	124.48753030368859744512873553833077	126.61502949501979143482620492850634	128.70642764890024841620190411357171	130.76289032283996571749519116149447	132.78551535838577828468459781246065	134.77533867464920195872234239743924	136.73333943798474349670783783858805	138.66044468550359813606585073274966	140.55753347004583146349021322683497	142.42544058385341141983702018385906	144.26495991118294003538896295622673	146.07684745310125095890357967463196	147.86182406210927357454204493395522	149.62057791939106345920877965120456	151.35376678332620120678004870029596	153.06202003432591316557159968404015	154.74594053796800047020570839636078
4.2333533540475077179632694249988708	4.1696686439140299475337424692766662	4.1065169710870708223973541281060898	4.0437721757477556219513092346066426	3.981305733216602374336664116057766	3.9189853003693771962958704823911062	3.8566731122923669622049925613925386	3.7942241832784899677390092700366747	3.7314842536316812245863070001670971	3.668287406852453467061930744431233	3.6044532589955578496830665635084772	3.5397835910013278082983107148812518	3.4740582522526616478818465673630854	3.4070301045908667165656723596160473	3.338418693191716940900484764372852	3.2679022127660706432865943639172984	3.1951071661746848494739967419611993	3.1195948562290895234131405129206013	3.0408434509530640212050193069317256	2.9582236971213311927534610800142711	2.8709651625390908475858175652085796	2.7781075665166935320120708562120549	2.6784269562015062374716689523160693	2.5703162099469418308344249877609107	2.4515770439702204982651564927239571	2.3190307519884807169043684576853628	2.1677309294079865458431240354009376	1.9891875091245467258218665222268094	1.7665454377357790293079443676550599	1.4561093268996347651498861680556665	0.79395746448199166860586297759516563	9.8001975389749584489707321966512551	17.591287662743726479972702178583746	24.125809709079473102736103062931864	29.938594993039057205814362997757509	35.254659184915449578291599471349649	40.197655390038078594481828969223693	44.84523430811036642454906854701189	49.250180870764383574017691543823423	53.450260169576452245508099715457523	57.473419206686222488456180620464224	61.3407602461105198043426415749776	65.068300417256505199641050766380362	68.667963638040441561231390022726203	72.1479237128359566992586324126638	75.511928452782732815026672275581445	78.753890446129189097869478034345506	81.857065558676053706721560544163066	84.875990195417602383577605421361073	87.817593593604114325292920714597579	90.686515452012448668327427810710474	93.486913826450887713065499627707315	96.222533227673858792845873026402217	98.896760614923439370665499645263257	101.5126719111474437321954392998844	104.07307099255490734794975626292107	106.5805226281581384540841373066703	109.03738050126990261953278404042064	111.44581119347439400696350019598278	113.8078148247191491322750472314221	116.12524290236640521712453421938594	118.39981382448747726127769962762822	120.63312639945750295795425522604876	122.82667167880171316195702549750086	124.98184334870143190893386499268792	127.0999468843909298599097533928588	129.1822076384627395934644832155223	131.22977800708626846808446593615503	133.24374379599026897597311801898864	135.22512988984568359178032854430035	137.17490531349561276376164732342535	139.09398776074793054293636789320361	140.98324765589352287779398618411251	142.84351180430778136500533349710967	144.67556668049809936768764411464682	146.48016139592336023167601407622133	148.25801038319939615489116256543046	150.00979582864961905507791154721611	151.73616988111806951134448680923454	153.43775666148294644747410395018805	155.11515409430855594715023993790947
4.231420699232725281887217488062708	4.1676257768735450181300718156129112	4.1043529277212924868038871679533158	4.0414746039266246366097089148996426	3.9788606901006534660068255716109039	3.916377009381096426399357490938026	3.8538836706569054719894672013660836	3.7912332084971811916535125563888888	3.7282684538474498738272434570028213	3.6648200554952008733659670427961958	3.6007035479096946586514645024892798	3.5357158278184415311887551709401982	3.4696308561648907878271003533932672	3.4021943385764664156254156127666326	3.3331170481896212825869913444620758	3.262066327298398432392658263033983	3.1886551186969522046740550511091332	3.1124275986810506522123401967699844	3.032840044370930014273718351864931	2.9492348287911511205604213047792761	2.8608040879589031152985900462761773	2.7665369358162073429494905595597795	2.6651385055598394065245719459467978	2.5548970259435838617854528140781643	2.4334488336816620066756234408046491	2.2973316741930296734428323567418671	2.141064472356770050556837381757338	1.9550109760651197544048703310495967	1.7192764382211944928667105821880848	1.3776886106316764175469742784993488	0.83606212402012857807949240642239776	11.557633045344108337682361085049112	19.04027299389784097425771987301025	25.41726808663132297508413787403058	31.126707879869053247366490827871136	36.366858096971867481010391009087345	41.250327261343156989157191613275391	45.849159454200686143963265413700768	50.212898479060559782804298256086047	54.377258805301561942338989418631454	58.368795129423642705379815548807091	62.207599881860763403174884561114885	65.908898298240058647873795922324202	69.483916768543877982539491930854124	72.940077121194772504415630274941819	76.27993600417299747837414702213751	79.490819208125616059367975341671118	82.573117357156860820294596510027168	85.573956348350247532599372230221481	88.498426378500156065451778101705005	91.351069669781246577793441942389711	94.135960913580127745857351714899366	96.85677280129968747724830669940173	99.516830019786905002122399792490512	102.11915418856735019593092798177499	104.66650158692671076611818934817544	107.16139507160891710815978860744088	109.60615126270961829921080290019109	112.00290383806107793847578884350642	114.35362359962865601258542370679402	116.6601358418611816465209581556717	118.92413544962785107166360586697343	121.14720007405374767824433020694814	123.33080167236885237733259024936666	125.4763166485418437080691154762391	127.58503479199447895426136625724923	129.65816717978071689948135145128116	131.69685318164447722899772634210343	133.70216668601904277843963762059199	135.67512164744943476089670471115612	137.61667704131043384397126648070509	139.52774129936631368878981471291824	141.40917628933900600784236992041348	143.26180089353331404352658288107518	145.0863942333759787073239971418855	146.88369858113197356491159132109773	148.65442199445539879482943528923232	150.39924070490345784375383306179408	152.1188012876248175288931506131924	153.81372263605251381838432536126179	155.48459776251045083993922463996398
4.2294625106163412118489621828324905	4.1655553563769268480870593212478525	4.1021590332448388079080360709754259	4.0391445605812902120396272890313177	3.9763801788837305181659581681689052	3.9137298134592607714360953705825962	3.8510513696102057930842846249903075	3.7881948081378180965029520755917759	3.724999935569928098849785606467644	3.6612938241951490664808395462411622	3.5968877508381111832927169182651605	3.5315735076219681351599483525525456	3.4651188888036982958043147539023506	3.3972620893617607717971307884268807	3.3277046547108494778200060329417477	3.256102483242821621893750002593246	3.1820541822286951924350552569846299	3.1050857737711220125456339654369393	3.024630264674394622828782698511806	2.9399997703504986543511938592279965	2.850346352415102558586043081437656	2.7546046482659707880977077896312286	2.6514028229360794007366116121631962	2.5389141640869007474340466537311789	2.4145905497516692724719056112612687	2.274647703674681728102202020885697	2.1129837255169513303039824987735073	1.918586621524162013934231126830163	1.6676840642959826673594848769047637	1.2855832728622913660889192593302174	3.7541050583466593008779839374379835	13.242110998355519669416790563564896	20.461199927062568938905545544515264	26.693558324633939581960401105906907	32.305379243957064259306355689402908	37.472727825762933279675682004677304	42.298569449587424914913837137111353	46.849900091301796024837313466975461	51.173284970675906074091215903395297	55.30252571779775363251585313262596	59.262861706818485952353378583992728	63.073418345899979094353830520809285	66.748648163311827943861125436461764	70.299075066999093909606748459062731	73.731318133626529605971214735558332	77.04650170609520811605098500564659	80.225399261156334058771756857748104	83.28865529932284686632931828017385	86.271503638226013516628170656666446	89.178922206217705388733020619196726	92.015357864232668915407090877584206	94.784803638143457166132380328867832	97.490861781649464996645012361988627	100.13679584511300987649674514134489	102.72557408733803169225013054875453	105.25990597941401567681967541397107	107.74227313038578712967678909167679	110.17495566050746185107431657499707	112.56005482400281608629972794097932	114.89951251598292242392763375006454	117.19512817147335832236401770993208	119.44857346718834049839353367682012	121.66140516112607346213594395165016	123.83507634559486903672519628926189	125.97094634209525609916952917543435	128.07028942861937279228439825565396	130.13430255928739369332720589503276	132.16411221125738215941506176979796	134.16078047329725195557755620229627	136.1253104734186813236546380497398	138.05865122895066869609614314469319	139.9617019903448480418964163686137	141.83531614038326435246452405686872	143.68030470173573884804816949449293	145.49743949915534466165369707185409	147.28745601591660352975121293032508	149.05105597947017605545363445241426	150.7889097065743785590171946118774	152.50165823443005040094636321779225	154.18991526104584999594263445912338	155.85426891523241745813331537898368
4.227478279434769233941871912401419	4.1634568158025483625298850499252414	4.0999346533837787977158382463493294	4.0367813320435007558634296453025306	3.9738633923501429923315425758736104	3.911042794683075410200061214522695	3.8481751595983515570484610654651449	3.785107775318521647756779803728169	3.721677302821063303735968431677191	3.6577070883083327296030021250768326	3.5930039647947919116743646691952026	3.5273543862017663082195271063553172	3.460519684445252224352052771036089	3.3922301662746324750048810561061495	3.3221776626662886440526418464412742	3.2500059946710615303080688516314482	3.175298601391368135059112535739603	3.0975622443298723264166213016464359	3.0162051705463204136483812382150394	2.9305071959782888380093536967039049	2.8395774264690752507102641666246669	2.7422917599161179649243761755784194	2.6371946265307915999527567425393167	2.5223326610628510675856247203402232	2.3949511769504801210274612381884298	2.2508984556387059835365355573514982	2.0833472531310991945250074078118878	1.8796176944708096690236412089874888	1.6108908063530335148132336566763814	1.1730222582103842007666361081088341	6.0737350432958052525904973217134809	14.868236003184582804356752150415982	21.857246263459263052653581998531089	27.955871886224098316534103394906688	33.475174803142502355690239325365821	38.572575426611334607065876129166808	43.342562347994028726484188496889748	47.847566786076547364753442157485984	52.131408802968845193231585406663254	56.226101837351623594556008999778118	60.155640049763535427364665332032279	63.938220222626215336877730413823	67.587537301097625535053942598959574	71.113401350437709135335812472560607	74.521559561652268586971309067244792	77.811338969034033513602745223560627	80.959355036901980586724569002913139	84.00367856366715843076496978011215	86.968630369780492117371840414232322	89.859078716401655220991189289933764	92.67937716845298085593710226252463	95.433438748966936453297371515044599	98.124796628878528105561723813081442	100.7566543379128918291190323782001	103.33192770151662787224987948963728	105.85328015940922664509712075448502	108.3231527281325749963491206127503	110.74378958401074464294458273542498	113.11726003179737562157032065255929	115.44547746600037575709121097109812	117.73021581172070353578293119276088	119.97312383929292182703022347166418	122.17573767500732862968243000387998	124.33949177338382201159476727431703	126.46572857134140206486182421903862	128.55570700828406686170412197533613	130.6106100667201743894724758266581	132.63155146399823340473973641483467	134.61958160596678466279518338252748	136.57569289697401530879540795406637	138.50082448708877306669515261008436	140.39586652578715894780801577796339	142.2616639820125995020438566815116	144.09902008198212037067325341274701	145.90869940990249137028168712265775	147.69143071005428211278089724677371	149.44790942428006780115967927208457	151.17879999438360693404189322254026	152.88473795527136771779476357621364	154.56633184148322856175252947841213	156.22416492700080956387175078248626
4.2254674823636859104027032857230432	4.1613295717759799770969532904324606	4.0976791344749995688800171871171913	4.0343841820682856527180429730369335	3.9713094968316390291399360480346492	3.90831500393763199651047116734421	3.8452539540345355202024938943462853	3.7819708588846073891547074808156678	3.7182991063057093627619377088087214	3.6540581584858699171867334824277486	3.5890502076303177599432551889574878	3.5230561216662513361548983621439344	3.4558304557516359332131243035513822	3.3870952258118942366268183291618628	3.3165320280405890387080701000710653	3.243771927138573413209845287995155	3.1683822991373900148247717811773144	3.0898494526308331225895662405049721	3.0075552650844837964073210381624814	2.920745037122976340922888073722263	2.8284817714785449449363384398140764	2.7295779189837989027532550441857437	2.6224865823132425903133032546626347	2.5051143554212151419981945337782216	2.3744742591405286359557124500949721	2.225993224042036601854811916843511	2.0519908012526796852254981100843872	1.8377419185841062790053608831333092	1.5476983032589793027107255993014412	1.0254019348027391842632021108558178	8.1531004505106468556797861715136274	16.446159911640926563944224508377598	23.231010407741348084635169637511624	29.205244724390435076778956177442837	34.636603670631915495776968356983409	39.666683247591899079641071191785358	44.382474066801183288519761501858676	48.842263348440543403860678912608134	53.087334359795755403231588442093838	57.148025343078808854900237146999903	61.047149036729463190532642543912526	64.802007699390510054105509095357789	68.425549468742657396221684013730692	71.926851508116006549643271451084374	75.31069493639980524486022142194275	78.574012556006419538740389656962443	81.692686794069645253314610700057387	84.718186277520966869977117741831554	87.665334811270981737476484884066601	90.538893522336619266405914531275799	NaN	NaN	NaN	NaN	NaN	NaN	NaN	NaN	NaN	NaN	NaN	NaN	NaN	NaN	NaN	NaN	NaN	NaN	NaN	NaN	NaN	NaN	NaN	NaN	NaN	NaN	NaN	NaN	NaN	NaN	NaN
4.2234295809672180305907462865201446	4.1591730235155907058129541879444504	4.0953918026833579231474712828393824	4.0319523508905675293401184533074926	3.9687176310618764717583589872318566	3.9055454595118690751509474026856616	3.8422866275692739679567834627479247	3.7787827612559640606011665224485296	3.7148638407087853262297857635693185	3.6503452772485360894346954787198221	3.5850244136484284893696135588253094	3.5186762687767513786075880648229056	3.451048286372910978086227730346369	3.3818537618806202792153057492642557	3.3107634998902180542020362613645872	3.2373950801969841475319609435235783	3.1612988530228107610153018679861617	3.0819393879300920753045421656999553	2.998670450983854745997889329157821	2.9107004197370285408879468689652971	2.8170427492247026559981918021973267	2.7164412286710210077684185336063451	2.6072490778675208945083294174357952	2.4872174760435294669139191432414548	2.3530970706463497583588462450421866	2.1998290899980712058334564604982957	2.0187219874414208286822223319002506	1.7925098376764760735169163233573165	1.4763982064113264248128925264598437	0.79683977967727456865497690355191713	10.085170391684839430440258620101846	17.983304230263584395775595526946252	24.584649871678140911340025405027328	30.442584838207288231416910444513462	35.790126355189048207918635737856587	40.755311755384184913842400340680323	45.418461570195384522223524962518951	49.834087332381799373840757842314547	54.041122177406811203920323505933456	58.068331742984169135942436368003142	61.937405279944639994827627271159609	65.66478038082166965647973678617773	69.262664389553174112510875213951325	72.739373039892801383515422119960872	76.098591812406326045332823325172014	79.333721461073149034693941954054621	82.425394720231425952439619945678508	85.432177518344095682023451108368384	88.361615195445314756858251015177188	91.218364211757482090773504046416521	NaN	NaN	NaN	NaN	NaN	NaN	NaN	NaN	NaN	NaN	NaN	NaN	NaN	NaN	NaN	NaN	NaN	NaN	NaN	NaN	NaN	NaN	NaN	NaN	NaN	NaN	NaN	NaN	NaN	NaN	NaN
4.2213640211209425936962272901625586	4.1569865521460728197162404603429908	4.0930719631789982132503228331828552	4.0294850542319985403579811207222613	3.9660869049682455887816112251341442	3.9027331456170862510826938851506744	3.8392720142583866794964034505851453	3.7755421361418131667630947885979865	3.711369941818629020591185951981684	3.6465666153310615160314618228003229	3.5809244289142108197324116418709836	3.5142122728644984567404330613797923	3.4461701229785245211344584967751999	3.3765020952515981237370095495034034	3.304867606244722416488583149665794	3.230869968369438775982224491463374	3.1540414693152007912986817460755567	3.0738235509424032877391330484974714	2.9895399813422873216346897416682419	2.900359595091885254539470892245823	2.805242521527008098747968784000387	2.7028580926655958209242837632321588	2.5914499626265030801209868450844183	2.4685961591654113752596342532381082	2.3307496212124787444390901759314772	2.1722885739336477767662495433136073	1.9833133177345730598468824338845369	1.7433530612366834818076985240241845	1.3944123174224078749582227522515228	1.065872257226549515931902484286788	11.913288383643018252819454994225558	19.48530140110239888017686368312548	25.919979955141606199145735813169684	31.668693982991436782499002255012343	36.936161357593919796323707513069143	41.838701931252400465226896432297451	46.450671661851812694396259897433958	50.823130476815714179659885585014971	54.992829142035717437920004723264818	58.987053934420189790929097848129031	62.826423067184749537573220435682148	66.526535055471880603903794276348181	70.098857126550651016510580029877896	73.550903132049853448179335333500192	76.885081263015443953641933278732968	80.087849168072192074670880810676497	83.15747893376483818828612566348602	86.14565131506049772169489572248676	89.05746972056477942976076526220439	91.897488347710664885990816381275261	NaN	NaN	NaN	NaN	NaN	NaN	NaN	NaN	NaN	NaN	NaN	NaN	NaN	NaN	NaN	NaN	NaN	NaN	NaN	NaN	NaN	NaN	NaN	NaN	NaN	NaN	NaN	NaN	NaN	NaN	NaN
4.2192702324072506641861400229329943	4.1547695199778798864384967958523715	4.0907188992724732360008959142148659	4.0269814822549678002989526125343082	3.9634163983969155135362381013637092	3.8998770108202302212133256780597172	3.836208905621311660502076692238095	3.7722475861128209613405868854655723	3.7078157834627543564265910748389653	3.6427202677770967856847649612140986	3.5767480062273069706807893117030553	3.5096614632925960685955935131300539	3.4411927666643883206747323359903836	3.3710363621476899061162909538519224	3.2988396388000444653681134243185594	3.2241908004283547737584528237056863	3.1466029547049894958898844835907609	3.0654929149194326041350228898212021	2.9801524055967227041735333795834721	2.8897078633970182738454996276512875	2.793061938451962206049676997481198	2.6888030404317947879805670924868645	2.5750542479624999621752154339983226	2.4491998784934547968587693114803263	2.3073534534052972551597023123231006	2.143236691744708471118869821523537	1.945492838822823825493720553122552	1.6895360013804248629203397129939827	1.2975283455839813588693767414446237	4.0581134721010084328751767429730245	13.662311792418663477877560606151845	20.956551634381972906232267843232372	27.238545929022737750924422451443495	32.884284947242660693190403328237081	38.075090635265627520486488522864736	42.917077310755685177406659762310616	47.479241842701689787971100864763681	51.809479094644386569639669876430667	55.942508661709610203174808909085696	59.904222244599795477950581829842768	63.71421427577396418312926380829133	67.387265404484576994440861776301461	70.934097295978948089062862153347704	74.361366070548012210120301773940764	77.669940109698106049825562577678832	80.838909374781574715207202142476034	83.888939485812027512978047933399194	86.85860664943354787087070981727934	89.752896551469399250283681217017617	92.576263469458343942666591224996523	NaN	NaN	NaN	NaN	NaN	NaN	NaN	NaN	NaN	NaN	NaN	NaN	NaN	NaN	NaN	NaN	NaN	NaN	NaN	NaN	NaN	NaN	NaN	NaN	NaN	NaN	NaN	NaN	NaN	NaN	NaN
4.2171476274813187474577970878581078	4.1525212697505670185642354211478997	4.0883318715049413690730844392173367	4.0244407984603124051367923241629962	3.9607051597666151333078672984536325	3.8969759663860207912561575552736222	3.8330960485817255658399689342095304	3.7688976600195879177913273831014954	3.7041996742410256817636110170393554	3.6388042497640249842131542527599501	3.5724927997308457279058289905542575	3.5050210464213159251515993371192843	3.4361128636760481203368502875424616	3.3654525018815146953216971674025631	3.2926746362796897187147167399939229	3.2173514567960359081915162223995827	3.1389756853614769629564019217137336	3.0569378829552091328904745144325908	2.9704955100341768914544795565994319	2.8787294893317232742008875723657519	2.7804804134655729673471494714933091	2.674248528771524845451632922453393	2.5580237590837819075463419856305514	2.428972769069368847553138472376613	2.282820178989365919289678959558027	2.1125172213512887024227378871203106	1.9049313665436789780311432037351177	1.6300792834315658640537080823601881	1.1779968119746424932375105563121637	6.4590294409693914180218202614880743	15.348222875002132060505050548665797	22.400572986616649236205254308307078	28.541676997574517472974471620575061	34.08999541545602147179260095204092	39.207264150077089780788245053899302	43.99064572786113447222089720270275	48.50430106069032579507612271629452	52.793214416820466023625073803195111	56.890210814167757179565796815606455	60.819864450268324043700809971187072	64.600788254403825263139153213558929	68.246961638909473108686181394832998	71.768348071109533260641323961156761	75.170669671895799979171351701917963	78.452857404145794075245299142093976	81.589224694058850996681593336634365	84.619776362247361775451578509732767	87.571042457477395640818982955983826	90.447893820686293620170167198442058	93.254687093421241670072325590986823	NaN	NaN	NaN	NaN	NaN	NaN	NaN	NaN	NaN	NaN	NaN	NaN	NaN	NaN	NaN	NaN	NaN	NaN	NaN	NaN	NaN	NaN	NaN	NaN	NaN	NaN	NaN	NaN	NaN	NaN	NaN
4.2149956014061784998071201988729272	4.1502411238378165852712277839614381	4.0859101166906373995877408418992686	4.0218621385249535519760348915952304	3.9579522046462127611005588803215506	3.8940288845214722761581737450980976	3.8299321432816896760926732881312496	3.7654908502456051014158153062655907	3.7005198540397423338220004573162971	3.6348164921346153980456003822254714	3.5681563591236663108490487923027692	3.5002880980311225163522872265266246	3.4309268953815823212607418559206392	3.3597462434465312440576602194682738	3.2863673663248519282900478074277511	3.2103454648667584425058238420158434	3.1311515730426408227872547289557338	3.0481482410981393604385026793608655	2.9605562522494390539223105239712272	2.8674076084607044731203492534536803	2.7674757835615226064425458345551153	2.6591647153524518537805111637876894	2.5403167287778684945775156028702797	2.4078528205161258847655215862836757	2.2570496839515386846366313007432318	2.0799479065754307648334370001767233	1.8612246211291366716316698143151938	1.5636315783394711411702831630992025	1.0183965527327029980672016857959865	8.6115195323518000961551079435475089	16.982081399202434871538795391298192	23.82023237160916178419245009937342	29.830527364951935473750634103590112	35.286399169275261429185815344764401	40.333003671256894765199197041560975	45.05960081353029319162131452380531	49.525970369003438730097442236722414	53.774412897004706046415069486305611	57.835982472168121474011371209404216	61.734005775038947236680273750937352	65.486151667100178517440277915871489	69.105610048235209345066687684956341	72.601564906362740189133629495545224	75.978700194347981544771344131534914	79.233359351385279914432444645854492	82.338796399658367183207629080742872	85.349989485663924432979826721109497	88.28295763090220326567824281285694	91.142459629577418677725168148794518	93.932756714157539496299850352424336	NaN	NaN	NaN	NaN	NaN	NaN	NaN	NaN	NaN	NaN	NaN	NaN	NaN	NaN	NaN	NaN	NaN	NaN	NaN	NaN	NaN	NaN	NaN	NaN	NaN	NaN	NaN	NaN	NaN	NaN	NaN
4.2128135309547096377169135096061087	4.1479283834116773197762922401062313	4.0834528469085143895444117989612914	4.0192446090755351705443211794470943	3.9551565142507841303912993112690691	3.8910345965156249395839417688155735	3.8267158407597373518101235616321662	3.7620255897816057185730812434334499	3.6967744903085996895353939964167918	3.6307548366102490328288330417875789	3.5637361234401198909008812634812946	3.4954595551513897318355494049452719	3.4256311674205781054761333051455528	3.3539130909544274019821787471756838	3.2799123057578859565128054600468515	3.2031659720251699170444219039254916	3.1231220279333115372985669463404405	3.0391131067972226945380554441684442	2.9503206888376915953600313516517965	2.8557241233383335849432125292252896	2.7540241520000743829081933942289006	2.6435191989143218015793455358945753	2.5218873206370717908028961236845532	2.385770908752661708877610166838705	2.2299279084353973050738802317878624	2.045314205406510908595510236887749	1.8138675441636000752161388500140012	1.4882402460245691030574833608375776	0.75767645650427991646561403474246373	10.610184900451935170265713779532926	18.571944858850023974911816319469881	25.217904113150845572538495296736448	31.106107941547532596025538771875919	36.474015194445255889377681885387095	41.452605971643415504835677071082851	46.124123290068597750195306320803018	50.544363506459149750463698235063403	54.753146481356458715405671410355193	58.779867406883598793755511920730412	62.646668862192553754046692788818336	66.370308292066094014843365132801278	69.963192437119455857735036318904046	73.433693880594152533229739993532541	76.785314770377040732935046529354312	80.010575466846794292086533787607664	83.087625676940109183249897292698688	86.079578717365587450568687700094016	88.994351018586192138629184428706025	91.836592049517781346300562815440128	94.610469805372586409336687067587082	97.319738714889096916267148955806572	99.96779549304446053148663112984866	102.55772555255235831683437042344965	105.09234191808648382812622628302034	107.57421811249941483622026078294777	110.00571614222175638858562603351177	112.38901045857865416555498927681532	114.72610858567432365004071828876107	117.01886896529941505309912193739782	119.26901646219641254958191325820278	121.4781558902287634960884884778475	123.64778385514751130696994604390714	125.77929915840790073562632406916065	127.87401196553052851237750543780497	129.93315190938081844659998360815792	131.95787527196465812303997796757318	133.94927136624040005321823414266846	135.90836822130953440538434052262477	137.83613765921179758691028511056424	139.73349983902518938061560933690288	141.60132733327318696491471303008562	143.44044879283484876278163419095977	145.25165224887945390628567974509088	147.03568809400280534908756937294258	148.79327177922962550289226694134872	150.52508625884489474326229035263006	152.2317842109350443386472918060122	153.91399005817861965387735430752091	155.57230181029008909609064991107757	157.20729274700682584342266399519162	158.81951295820858188520209081690082
4.2106007738768982883460502382478132	4.1455823275636595057368567713699958	4.0809592484397306922200913435761226	4.0165872863936713790535130578307716	3.9523170338505010950709991220569797	3.8879918907668949351437097168171188	3.8234457404825464133541192864221417	3.7585002491069969902198293079974422	3.692961674080658390225021491030211	3.6266170306577752781344315717196552	3.5592294143575882072773856958253994	3.4905322072384497908967694155479548	3.4202217979466416616529672863207396	3.3479483077990109179685904252648304	3.2733036190449226852342469727990999	3.1958057161076327974457967202292906	3.1148779178461925202914004043119985	3.0298208721514137330134364262825424	2.9397738955127257890907411201918497	2.8436595879035308380867187350754686	2.740099710794266583801614025501101	2.6272767196257117224752894525792553	2.5026850663596152625470064979415726	2.3626496266131394744506205438602742	2.2013240748045870260904035011881503	2.0083610045758120880198249992988392	1.7622161666950390272122204255031621	1.4009032449518484149150326165427088	1.7303032377078942112389444850601859	12.499765160210260937209835803819123	20.123911576807339771758106521300101	26.595582320281215837130859130775334	32.369311110521980521108020055804102	37.653315129109297018295956320416021	42.566345529017740376004413464245704	47.184382095241417845512501931996253	51.559587411389435828405231664746356	55.729482847063504061030091983082622	59.72190636949914868385781321730979	63.557873719944112337107865773861231	67.253258766066973116448422925156863	70.819685419539866196898739124731545	74.264669509082587932150032078741401	77.590329510717462459707215766590044	80.781642191268861269344070348096448	83.835713625757736035188361060883048	86.808543859368556391874928286076733	89.7052214280753621939271982359009	92.530289123105612822981910714425634	95.287823820957987239148233191541365	97.981501550014637839218388397259232	100.61465113140220436307358293770656	103.19029884394248142795271005046526	105.71120594176828986320453809718803	108.17990041109736422217056269596821	110.59870403298344048940992088953832	112.96975558413406270097136570731626	115.29503083290049155139272517122971	117.5763598554045197062876042590868	119.81544209546615244931699777047892	122.01385951359338796253570812644888	124.17308810863829300000548981549787	126.29450804698762131002825056046748	128.37941259504782656819743578229769	130.42901601917966053448389652435874	132.44446059157422073564756654229014	134.42682281937286723724320693962878	136.37711899693888097868043608089536	138.29631016664380379511576373587698	140.1853065613876902222692438439944	142.04497159194941093995767922155702	143.87612543353389974362209865039042	145.67954825867605124618240343510389	147.45598315739859477386470196462172	149.20613878025514657983654735213955	150.9306917353247416977394009158911	152.63028876627164703061283517419023	154.3055487353043345820012160000613	155.95706443192932868936215588049228	157.58540422582835374730076863487472	159.19111358006770425924902285951174
4.208356668129983383066815880876061	4.1432022123797529227356564753680958	4.0784284806475284635232093956712477	4.013889215048161570596442401023702	3.949432671086056682442122427562214	3.8848995106896378502892478080010063	3.820120387718765390760968430089265	3.7549131328627316168140778789492047	3.6890794157134571545807741364531257	3.6224007219792426346433561918253472	3.5546334289880941940478024080354913	3.4855026866392834986900227853280267	3.4146947048715434968913801838071557	3.3418468994125059642428883597783568	3.2665351347616651588071516412745885	3.1882569930225775140147958854323289	3.1064095233753512597846945844897068	3.0202591413643033422499339905567702	2.9288998787268111049617816791666521	2.83119307851700470877871633142137	2.7256745394510440304605351304772239	2.6103988115033019290151739588839755	2.4826541978426911261583597512068506	2.3384018622223861150763157147001845	2.1710871895938462014741148861174183	1.96878142857501980755051718674238	1.7054287764869723669976591316561506	1.2965813303956520056317146561191441	4.6879991216847255230361215084400143	14.306098444169365558241889213304284	21.642735282807448272112547823411031	27.954962642562244543433775866682205	33.620930260135748262005013996803278	38.824729392325021532837395371574921	43.67447682292802560105076121457382	48.240535364096867232321335273673972	52.571742678326156571274936896904019	56.703485612376828242527014383699796	60.66213715052632003353917844937996	64.467637635204234977328992345913436	68.135000262365292224078380716282266	71.675059528552091047042078633058212	75.094411792551070895750746231244872	78.393499329329614519208879223291838	81.5491315980043775693346934402706	84.583061263313015510581191925194445	87.536884656407564702288783948310679	90.415567627104184119095452636470263	93.223548865398816943011262827959112	95.96481619605333346261793484466984	98.642968925343301231763184694229545	101.26126935757681120587544810459878	103.82268577801276247222031221670811	106.32992862220635499892154006703537	108.7854811400858903961539092157028	111.19162556441553243294074241565536	113.55046557324829367139837693274003	115.86394567152790040232642377432526	118.13386799240926584504577708486283	120.36190692314524088799617447274858	122.5496218860594005049227631056548	124.69846854662443066156408295708894	126.8098086742477072259913972859499	128.88491884403101813383448754253295	130.92499813770898525393357101111336	132.93117497720789415943116182320542	134.90451320414866207975613793053978	136.84601750179645820118249300695036	138.75663824202871734565823452272896	140.63727582819402474344629084570907	142.48878459498500418960116309719167	144.31197631802780482901708490179339	146.10762337894211254906232820035424	147.87646162555136279461237759617177	149.61919296186195609472501720287264	151.3364876979808014449995042663471	153.02898668638037879042567908909868	154.69730326760039123603390734227414	156.34202504582378412373831245213646	157.96371551209111010025975592527155	159.56291553098629887860736611727044
4.2060805310693178051262144023557575	4.1407872699665427203270135735432888	4.0758596747954832885435884068177673	4.0111494064490819603234699686668839	3.9465022941839271247340110677670402	3.8817561524908450335605245186122773	3.8167382707426019232013664879523523	3.7512624762984377437312989479032246	3.685125640327255693792707672982806	3.6181034525903446363294606017220825	3.5499452321046945467615894264353527	3.4803674582705296968433912353412152	3.4090455920077187512223017803070054	3.3356035944633553490122569709662526	3.2596003198423692141953487477284998	3.1805116212101747167844604848804697	3.097706488541275765243835555313162	3.0104146617302615239735181444589194	2.9176814777322875606489579794400091	2.818302049681554759276018410175947	2.7107183756788079364555675045217747	2.5928433968401316776310522845815718	2.4617328498093324646874753634574429	2.3129290582367377337170357689121301	2.1390415756464653786916429193593112	1.9262013906276579567221888362571719	1.6423708123843294394116875830596371	1.1655928883550776353146582697881498	7.1339333277525926685496996955001404	16.045865086301999985598471256642811	23.132210438839280156629261602520263	29.297503012063537906993326159874232	34.861675316214707430040283915206347	39.988652258869234302489463287317231	44.777236300167301533200388062149457	49.292731291388730194364196091976579	53.580923965091234695497784956045947	57.675214520162081410278290864882577	61.600594615706311262480013828408521	65.375975050676906728235263682734445	69.015526086627509971487404658409764	72.529278083804170405680601560237332	75.9228221315563592031106036411612	79.194479758564283450310795417812183	82.315748208861621683146296575201179	85.329669526968078615098404754457087	88.264600797946960511721754289170423	91.125388345132354048821109728783846	93.916369265171093728158336116399555	96.64144434813041616548691477686127	99.304137819423813538721824535385418	101.90764681569464370484250141192949	104.45488274765156316127823846327418	106.94850616769732484770996923045568	109.39095637684589102780768098549903	111.78447672635994426394418403965708	114.13113636335201162141112846918572	116.43284901504592086008989207761171	118.691389288924023380932519123187	120.90840687559868697483134726503026	123.08543897074243300910141099153025	125.22392117697999624987059583812526	127.32519710233565566146409101371079	129.39052683638922905188826131398632	131.42109445641102484724086849340726	133.41801469220920563046452114139219	135.38233885901109444676528197059885	137.31506015165180081040031452785088	139.21711837989376527547748518967048	141.08940421349900934397679339317436	142.93276299618721028077220108064828	144.74799817965691215558779445818887	146.53587442197113066863489484570179	148.29712038883781003276000003059054	150.03243129140119540650915844124608	151.74247118985609056712559454274896	153.42787508855926398512099354873408	155.08925084508291176503738447412865	156.72718091308364425469171543219865	158.34222393632264836046346902893828	159.93491620919511730410999307624368
4.2037716585974873579311440178213889	4.1383367074251535204391321645675281	4.0732519328001580511759682600065617	4.0083668373182993553934133288288765	3.9435247300641071851223259858942512	3.8785604628070212277407265358806436	3.813297817853557547190724339931219	3.7475464414748999256477243912489738	3.6810981829138414015164473699823125	3.6137226524498664733166842155135248	3.5451617477485303736360266601244013	3.4751228084334820290145958105580926	3.4032699339941250323842352309545658	3.3292128243265184043358372501585796	3.2524922513646006210567120348473761	3.172560902582400222357658062674552	3.0887577664092721430188216773291712	3.0002732473909962124073213596569273	2.906100255861910104316707313448921	2.8049621720946617943495097575788516	2.6951983527628913934458438318175777	2.5745643101059986330041656319251499	2.4398521022610288758872297879453052	2.2861190633300222821465216178350556	2.1049810869590649613114271421442206	1.8801577189338516835702625304927118	1.5714519577636912623251057936717586	0.98429505392699332269814523209274498	9.3388612738663775930739796997080661	17.730636843123853319564726522915299	24.595425979289292346162293308730799	30.624469536257180382993605500463657	36.092185188720433557963241596624436	41.145446090504612152854169354000182	45.874844068032203603690377489964394	50.341108893320195001392675600738823	54.587220356431194520549947008960322	58.644725596273560841014031779798078	62.537310716688003948802314605100242	66.282897398695898913317165074640742	69.894825170456561594364855921995181	73.38229573502006928662367889643415	76.749777479507808462694646168911718	79.992740928362474383368763271584977	83.081494481036283303088548788154008	86.07553927703271021189403975480819	88.991691920188670163065106187779443	91.834682274899021480571944042936109	94.608748286188989520771371429912644	NaN	NaN	NaN	NaN	NaN	NaN	NaN	NaN	NaN	NaN	NaN	NaN	NaN	NaN	NaN	NaN	NaN	NaN	NaN	NaN	NaN	NaN	NaN	NaN	NaN	NaN	NaN	NaN	NaN	NaN	NaN	NaN
4.2014293242689551973994081688707802	4.1358497057696839741654637251316073	4.0706043259135873699384245863699507	4.0055404480704255928932181490868408	3.9404987623323604698363942334750208	3.8753110361904513557985871176956806	3.8097973941974010427618255770583439	3.7437631132011224829519963961921237	3.6769947830865485956083365901988174	3.6092556325982140390795278281046555	3.5402797501564997849192373023398942	3.4697648326771234956044126629472784	3.3973629598755182443402255305176344	3.322668700635698102573679434445718	3.2452035855908322002645619363977385	3.1643955795388087942510832090342591	3.0795515590984773015626142943987269	2.9898196950011094458037737383742664	2.8941363796070620572801878953917369	2.7911471501874353098117059564154684	2.6790786970274317880105848228485317	2.5555107356440727045127058592059636	2.4169348235865220170681815101016808	2.2578434568144581124545530102449801	2.0686615001170279367631210456815101	1.8300662555621046761516718942288612	1.4903256566735784184677705592628499	0.64459156780758556875357771113039785	11.390034558325616315902161468343028	19.368857800465868179656876731080466	26.034939080698179532829496818563403	31.936971642264764088070874851765163	37.313037821473706029423323786815138	42.295444890019423990998016597093882	46.967505363104807621289152747552102	51.385798683858605641254223650186226	55.590715689093668254154811084182345	59.612071283383056500805192972667785	63.472314473851731065322062916328843	67.188412883259239804245830347022372	70.772881435626345416909497005857802	74.234056562875381519183303420090325	77.575121610098439262426764803527038	80.787296028446532689822385051373294	83.846372763791674271653875912818596	86.820671299505136452544034512010861	89.718157608078283953663831271264039	92.543448073985268632575259712817298	95.300683868501773775359928850010665	NaN	NaN	NaN	NaN	NaN	NaN	NaN	NaN	NaN	NaN	NaN	NaN	NaN	NaN	NaN	NaN	NaN	NaN	NaN	NaN	NaN	NaN	NaN	NaN	NaN	NaN	NaN	NaN	NaN	NaN	NaN	NaN
4.1990527783475194585409252838594854	4.1333254187863768251364474634721084	4.0679158933306255455081046747796125	4.0026691410978156496236274101261409	3.9374231291482823039690201248142751	3.8720064124329678807340940467388926	3.8062352983720034219476714625660818	3.7399104946831076591427951746795908	3.6728130794391117383779690958564289	3.6046995777584895141021591437482924	3.5352958539409967717609063814785652	3.4642894226099626023981710906719394	3.3913196351896369267441618446718846	3.3159649907027793821333983259382926	3.2377265239524672226276780303045115	3.1560057876029568138929998566269473	3.0700752515257313088095291299919883	2.9790376903248475398055126729337052	2.8817684838298061311420048824506834	2.7768285156724840905663139148628833	2.6623203771716516486895196030634985	2.5356265394973320488803533865234154	2.3928942639019596907856342598456489	2.2279541837545504180121353070038183	2.0297903274159362850802589171006294	1.7751736706450374582126406425666888	1.3952774718151179613782546799091327	2.7690675428287565795843350318016329	13.330548804633064667111895405241061	20.966926253441058573543868853083566	27.45289793968284595413058504036441	33.235989293467530788783944741621364	38.524758371132767926094799205716879	43.438957309783276592673518885820749	48.055411834008212417513070075540817	52.426923278015602329960208789219525	56.591488842156213810888518376146969	60.577300550241102369328486185039089	64.405631927729611936565833411474678	68.092526199380636185642444220758944	71.649672992921731434580685046740409	75.084491560202725118161477935935138	78.398651317347803131619797015880452	81.574911464654530617722560742872719	84.61038530236180834637303999083069	87.565066308789235628498056143490006	90.443997397308767398727045855762735	93.251684366389359057726732381525194	95.992173929748458464756698386281995	NaN	NaN	NaN	NaN	NaN	NaN	NaN	NaN	NaN	NaN	NaN	NaN	NaN	NaN	NaN	NaN	NaN	NaN	NaN	NaN	NaN	NaN	NaN	NaN	NaN	NaN	NaN	NaN	NaN	NaN	NaN	NaN
4.1966412468133828364612408757892579	4.130762971829589310457522286747477	4.0651856407162567406071604085137574	3.999751778952529139781548720086207	3.9342965209597254417970176925455575	3.8686450737142716774875782639478813	3.8026097588001070639408794938491503	3.7359865028590536975676147965780245	3.6685506034772977457523369435434175	3.6000515383481364783777439787591316	3.5302065034469015059473127420680502	3.4586922515498579316876630060968904	3.3851346423981303156249373593352183	3.309095090562485143552188688061377	3.2300527756219581918639581921243878	3.1473810031664925181121080905932391	3.0603153381459696273845284284912504	2.9679097046500464642191447221472738	2.8689735211415112405801352427388846	2.7619753928139492112076056469280044	2.6448806951992079961927986734121212	2.5148494706018163146590813885741913	2.367632332997163316313031895638791	2.1962792746196370747609817850839072	1.9880128951405120626188556588189503	1.714481543977271064741185888672717	1.2797944393007685061664211031098765	5.6472044841677438044485836487240665	15.185848016413397328678510058934795	22.52983500774471610912732303207842	28.851130686388467355085448849726472	34.522394277878396828687312587210426	39.727825920213736876019885218952764	44.576269219100869861963061902011641	49.138742669102161696904977876693934	53.464597932114056792647979799014269	57.589613995477727113198898402304883	61.54045897566173574401397569729548	65.337286054341042975661930030749138	68.995238175697295508601409969496241	72.52517112641533709917681052154575	75.933515219678745215863957175656394	79.220092848870142485299084551015401	82.358722728601298544674396648124605	85.373534241764185936691171387549715	88.308724950364110559836332712793088	91.169210776315339995051290934039083	93.959389744100161166600073855537998	96.683216366465621228775213412795879	NaN	NaN	NaN	NaN	NaN	NaN	NaN	NaN	NaN	NaN	NaN	NaN	NaN	NaN	NaN	NaN	NaN	NaN	NaN	NaN	NaN	NaN	NaN	NaN	NaN	NaN	NaN	NaN	NaN	NaN	NaN	NaN
4.1941939303167064952607862611605749	4.128161460550176594113972120369874	4.0624125386466703234604731049901932	3.996787182417671588129281129258115	3.9311175780932156308409935452776223	3.865225441560630877976724175905494	3.7989189298491892700254951150752326	3.7319889633930849241527458797485943	3.664204773083488192808651619761035	3.5953084218436401246029741280827429	3.5250079612008622806938610931746746	3.4529687588867655691533286737578858	3.3788023594762604781648191826899572	3.3020519953685223257919874067644989	3.2221735162719865021541953111486009	3.1385099857632236031813572967786865	3.0502573418572435779690327862078817	2.9564168797439749713189118878678045	2.8557265930990700413784674248276074	2.7465542300923834378581518812592346	2.6267128060293493684727848103178073	2.4931102000164409920364072374854204	2.3410374763961961528706853748015709	2.1626173295736845518834819741568659	1.9428928603872419899602182300583813	1.6466204054490781695153016389446166	1.1304159298504675219324682121725837	8.1077430647077905657692144090779971	16.972578778791991044475688639898553	24.061574290460613933400511856192694	30.231211033846270838700445498501249	35.79696701997356049163933467405884	40.92267903675085525957521873360099	45.707645912818816422322200989953784	50.21766559401712665796670865024601	54.498931029113108271765479333665595	58.585160858300857296129372277658045	62.501588805816102787041283568691301	66.267296638416547097487278056147647	69.896545322059204557597274263985615	73.399338994903143642457604916263844	76.781020786333866089115454418012995	80.03905685399832964876134492754833	83.141526297973049695427887640315763	86.135821630507994546851478087319932	89.051647803424625621621701276280872	91.893797188257103523085380213382511	94.666562768679216736191408629291596	97.37380905540758606250701589300804	NaN	NaN	NaN	NaN	NaN	NaN	NaN	NaN	NaN	NaN	NaN	NaN	NaN	NaN	NaN	NaN	NaN	NaN	NaN	NaN	NaN	NaN	NaN	NaN	NaN	NaN	NaN	NaN	NaN	NaN	NaN	NaN
4.1917100030738435453186858454148019	4.1255199495517353069767599207770089	4.0595955209583735182613438969451708	3.9937741284598055744205473990575845	3.9278848881891007486627877741591411	3.8617458735983165138284209084770243	3.7951608876766921277408524998577692	3.7279156052966241128314086725873184	3.6597728854697893908211408736652338	3.5904669834334386352216415019808334	3.5196962953581872416388745818368956	3.447114133017698427478370880708061	3.3723168364523203365253417233795358	3.2948282668319276475228001027387714	3.2140793425696085595692047197392274	3.1293807142219674896744055982806273	3.039885724132051106933748917119089	2.9445388998825568495322179002281639	2.842000760381888817195469284231684	2.7305284915971176397879129321919274	2.6077651495447246327894083930000688	2.4703311583050882853074367086079143	2.312982033900639353572780175085851	2.1267303049879680336344268607324972	1.8938841786023628481855691390902987	1.569626707067136008643983473542617	0.90878913898133597083259093227094072	10.345455579160170875055216105310368	18.702392098257367281552796012702636	25.565397661175320790527124048228541	31.594507510073889020770407977612075	37.060409988560414668958067389787715	42.109720422335283866160181456655634	46.833334026352961557985846451543958	51.292337759049375899534812541198188	55.53002451543013031896791522427753	59.578194869256608046743592222595649	63.460728982615022327763832704731981	67.195680096718416553248098134767531	70.796439258176097028807189618099551	74.272129953599863586843929249260829	77.626873425294746444671827710262358	80.854935180347338209407279694877394	83.923325998284713450910846537303001	86.897249424227553728650941584323397	89.793835383480676226365800861876216	92.617756032992618900274757169604086	95.373201972835452592367767197423974	98.0639498548676631514767805092801	NaN	NaN	NaN	NaN	NaN	NaN	NaN	NaN	NaN	NaN	NaN	NaN	NaN	NaN	NaN	NaN	NaN	NaN	NaN	NaN	NaN	NaN	NaN	NaN	NaN	NaN	NaN	NaN	NaN	NaN	NaN	NaN
4.1891886117027158921564419930031862	4.12283747096953274691384391287614	4.0567334829983601475589306596792395	3.9907113480533891515244018467403925	3.9245969834690340765411514058531561	3.8582046600847002191022957876225526	3.7913336257765199158268284671023848	3.7237640551431494609990484231550577	3.655252109570255938278113780657155	3.5855238158866081658023289433975065	3.5142673660403664970393503438747776	3.4411232926954909008929082383055732	3.3656717696601812477425389722287768	3.2874159973509443585036746153737544	3.2057602218934218828386745848489769	3.1199803159646837749110732577569452	3.0291837853152184271781778178204571	2.9322538492489302245973149139550928	2.8277668284840316976611734535943018	2.713858299752562033677610061810909	2.5879807745919309700481820847252219	2.44642511989070055767290282689113	2.2833189235611351342279484836405337	2.0883339181882056388923657184946428	1.840289430926691177083388418539447	1.4805130454470196764940569680620228	0.36179909210647488019989517928453005	12.434968452849971357445517398396994	20.38384401680177948534430997568062	27.044004136845118058797349423560813	32.942220869558231528659269016029756	38.313358501812619443160303395830727	43.289320835354383403789152427467613	47.953563208650228743054741304507038	52.362906532526848087295589646713366	56.557974294344530993710186914990058	60.568777368296552824653679584692527	64.417915140057949293440440262566268	68.122449241499924950369833116677123	71.694905991563937020329454368503682	75.143485354958460027419625164681635	78.470899949393500151466473187061302	81.666562030720342845516364621748811	84.704125524812180604960693262738788	87.657819489208882848656003551636655	90.535288144919994238025095703157528	93.341086669037175752500988503192367	96.079305862002773071041822738380563	98.753636605995745452355199505322795	NaN	NaN	NaN	NaN	NaN	NaN	NaN	NaN	NaN	NaN	NaN	NaN	NaN	NaN	NaN	NaN	NaN	NaN	NaN	NaN	NaN	NaN	NaN	NaN	NaN	NaN	NaN	NaN	NaN	NaN	NaN	NaN
4.1866288739929147783694918776008353	4.1201130229667791135500720747862338	4.0538252797681256045749763580024415	3.9875975238673312764598022205976222	3.9212523378222285581742472464360537	3.8546000201981481838126873027754287	3.7874350502002502119980860022807798	3.7195318308383233347935177223081607	3.6506394778170711650030531063014526	3.5804753385574754903176452115627276	3.5087168104434858080070798052607175	3.4349908666117117726391028844529566	3.3588604734370377685659373964200154	3.279806770435340404291430249168711	3.1972054366951620273391180869499894	3.1102949886233876467389679848108061	3.0181335538889797012012225080857449	2.9195380527057432551344182851011556	2.8129931046385709030763121326834766	2.6965000187657717782235765470980882	2.5672965290523488966066395179723854	2.421293468046243927912084400950528	2.2518774340333875377511308957606563	2.0470846322536865851845659041772264	1.7811954080475643202458847616090765	1.3743385630894139746922673229866662	4.1401435332550347148961262231313759	14.415464374022669854951497201336251	22.023450290411701551284866607094296	28.499666555517608732960690083730591	34.275412871671700531742200238363555	39.556389531168502088375865708982239	44.46182243381656344448064409627092	49.068547593864315057383839847728835	53.429510213094155720066836348955869	57.58287057990542594039074817794923	61.556965740342518794754035239212611	65.373179564351827459251947272886305	69.047612971305435530551811056049192	72.591925002087057254415550797470295	76.013331616748208636756793339516433	79.3128724491109979961126540229574	82.470226712089381946434076669323194	85.483928447569052812699350689662673	88.417533605856668940584047335710478	91.2760064835279513517173508451121	94.06378841550191893703356813305537	96.784872915902729404601413083949842	99.442867134121353661314743202227869	NaN	NaN	NaN	NaN	NaN	NaN	NaN	NaN	NaN	NaN	NaN	NaN	NaN	NaN	NaN	NaN	NaN	NaN	NaN	NaN	NaN	NaN	NaN	NaN	NaN	NaN	NaN	NaN	NaN	NaN	NaN	NaN
4.1840298776062041034079946459602246	4.1173455681422078830671621712763328	4.0508697239535409500416771972025699	3.9844312878028743971265966414544304	3.917849363695679553337894973556278	3.8509300980659462726630114603977228	3.7834629744236348074784964923907964	3.7152163349032298167902322116158393	3.6459318772390887127185706096666161	3.5753177854336532781374729948358517	3.5030400265815563602801272719443305	3.4287111710106574882779058301055142	3.351875848962121663355793263367367	3.2719916169742653700042731697791051	3.188403522851330498155748294678062	3.10030991304508507225610467991554	3.0067156633439830431234119860604956	2.9063658975781873407138945971892191	2.797645120622201381717529853305577	2.6784057653355922718596833752764178	2.5456420831835229710147232573565842	2.3948240534957820447235046510089395	2.218457819662703652752681204022948	2.0025615983137887249472121736787972	1.7153686985750276372193516664925288	1.2418271426358432299724347692695435	6.9287551093081017252832970907934374	16.310846823559154429271051023443551	23.62631815167277135846292902013706	29.934324083946887508447334920509151	35.595028690878570356482120828728698	40.790028956904486364465808399450718	45.627541649406040472019728406565448	50.178487104115804962625700533456569	54.49227867134606875681424026278002	58.604798214272431074641405280097767	62.542813529717508587692124224283779	66.326551112333964948679949160729252	69.971175872572553369418405677575398	73.487468074680342620125682595283157	76.881576227654528295759915360871991	80.152480020738128546301881569833929	83.270191135460197722002110048322766	86.262738216116271755334344487122642	89.176393472053625193465774476501094	92.015990738972127924927860174290343	94.785860554015412946966627603353603	97.489901590107909762826100632690382	100.13163925006301295609180025381545	NaN	NaN	NaN	NaN	NaN	NaN	NaN	NaN	NaN	NaN	NaN	NaN	NaN	NaN	NaN	NaN	NaN	NaN	NaN	NaN	NaN	NaN	NaN	NaN	NaN	NaN	NaN	NaN	NaN	NaN	NaN	NaN
4.1813906787024653294098990901159113	4.1145340318425065411408220127903709	4.0478655838318999527510622189319372	3.9812112183710014114821736417856663	3.9143864087719321085324195364839102	3.8471929585073358062821258380588786	3.7794151138257919456534017033172868	3.71081484722354610716405159689101	3.64112603981380022346578483039674	3.570047192126427255155710646548306	3.49723215551202875345533156570152	3.4222781851040243349697035611023947	3.3447103498905992561186033748824927	3.263960966835713252969597908577002	3.179342201264713527300135289509946	3.0900091566367176448421909173423653	2.9949092151047302032895792831080303	2.8927096336129077945430951044900759	2.7816853146862471560009595620298756	2.6595228295225505136894703094957112	2.5229387444878208200447434953776979	2.3668885308226589884097129363320265	2.1828242589053235492660727166361771	1.9542409330413776384309753492513949	1.6410761620735118767333538442353853	1.061283165697599796728519100891168	9.3821732972029215993103937266037444	18.137077454216493042037475799544339	25.196547201750283218223753670884592	31.349650095318466717170309417947076	36.901914593255007235829980200470702	42.014757616253494661607221965754422	46.786771679236553226886181775181367	51.283568609126277536766387908293931	55.551333929179167270004252604291539	59.62383695052779959008796384019096	63.526370523614623120863727648345354	67.278055081090779780219526396348816	70.89313771050725975709267140027568	74.381497798779601926571874136819494	77.748102154670317381862951192224356	80.989273820643316173882610857717948	84.069006480572518647605191363912693	87.040558164219541954482300733595996	89.934400706450940563267704717242322	92.755241197236407375658434360428141	95.507302330624551579177743680490898	98.194390317584722336739178526322184	100.81995075143590995959585423193825	NaN	NaN	NaN	NaN	NaN	NaN	NaN	NaN	NaN	NaN	NaN	NaN	NaN	NaN	NaN	NaN	NaN	NaN	NaN	NaN	NaN	NaN	NaN	NaN	NaN	NaN	NaN	NaN	NaN	NaN	NaN	NaN
4.1787103004858985007322139280925252	4.1116773003727819233029741366248342	4.0448115810467967690894806742952898	3.9779358378964140760313402269680152	3.9108617524164757246414310041040442	3.843386582466375174021380222086564	3.7752890797448065388121122977096596	3.7063245172121424592163576380841984	3.6362185319950492009018703471270639	3.5646593816872848516044277650774324	3.4912880618696695883375442842993484	3.4156855240243282365462686765949336	3.337355944389098308559347954904991	3.2557045952156611116906999710264037	3.1700083018792393651500182732309562	3.0793755658704129812343364146186014	2.9826916257308181968699380692253402	2.8785391476642611662991872600890578	2.7650726640204089786478819916457696	2.639792984035920543787221785022861	2.4990980106527151161703335369192819	2.3373390160980696355981696760122261	2.1446955299855330499725351263168389	1.9014579252327267402382053964520247	1.5557520059629903531090091693656256	0.74684274005339143175508721550633947	11.63591028542488829185040156481476	19.905486197586992944222164380335456	26.737495149732319793008848183280168	32.747102768823511449462055850005618	38.196832068673829809428477497938994	43.231016400805718428631569686219102	47.939784662552897057812333299082349	52.383966963375634720789937252708687	56.606790683555010833953411403119455	60.640061702194484146150322752053294	64.50768280196987177499208049772666	68.227713019677850774851893647984719	71.813492780915856821528263991953065	75.273965618248210763806130247639296	78.612759734901564702012378303861293	81.822537598804189834972093880675887	84.866678140723585699322421258053539	87.817391514349686977950309319496193	90.691556851683831373815359605209448	93.493758093029319851556679062530267	96.228112957675226293570706036284844	98.898337510232444278757146950469256	101.50779942394913644897884313414424	NaN	NaN	NaN	NaN	NaN	NaN	NaN	NaN	NaN	NaN	NaN	NaN	NaN	NaN	NaN	NaN	NaN	NaN	NaN	NaN	NaN	NaN	NaN	NaN	NaN	NaN	NaN	NaN	NaN	NaN	NaN	NaN
4.1759877316656822372603657130120278	4.1087742190970162820551982661367698	4.0417063882402926782849561654766539	3.974603609533847828464779257331599	3.9072736018749487556436885307187106	3.8395088621065064750629292290805259	3.7710823730695162212048902532361662	3.7017423553262839499070602234781446	3.6312057433301035511539559009688596	3.5591499491209665606416859445178488	3.4852023125119264982394956414563602	3.4089264090188409269181490004266294	3.3298040731243822439178054340956905	3.2472115630757652284490808665353645	3.1603876791630940033559659200166022	3.0683906466211960226573815492493633	2.970038456338469563567931204826855	2.8638217088473797381665880315535944	2.7477622567450398458826784060278433	2.6191516542769915793764281755433805	2.4740197915148560962863449525106132	2.3060038502202807445330547424888112	2.1037324294814566232234480633868643	1.8433494215811758165017786657640278	1.4553148265992235886636253727599852	2.5836685130627375985990616468740189	13.750658260238694092083013319726308	21.624482245417452674005142672918502	28.251959866736180906992489084523521	34.127963391725823155318957878781343	39.480469286875849311519637570555269	44.439210596847112385095054232949921	49.086833594976164485917486424314966	53.479845937407112303034821090310912	57.658756779989271212432462352342781	61.653542759899266695008816315661414	65.486792750068703112430264191918228	69.17554247126263556800205436045563	72.732229085312642716337604997556965	76.164809261512757951388833621964905	79.475354374533636556212417350710316	82.650831677108314274756169363941829	85.663211353253343721226960658388925	88.593241382046256818869476541557717	91.447863377493314524436846695952654	94.231541612124433042902435782541079	96.948291615659925168890997402283512	99.601741560391565706706141944811843	102.19518304268826097332696353763662	NaN	NaN	NaN	NaN	NaN	NaN	NaN	NaN	NaN	NaN	NaN	NaN	NaN	NaN	NaN	NaN	NaN	NaN	NaN	NaN	NaN	NaN	NaN	NaN	NaN	NaN	NaN	NaN	NaN	NaN	NaN	NaN
4.1732219248249483647915489108888062	4.1058235904207162747516337302110646	4.0385486265312061188760412632447749	3.9712129340811416176032495136429136	3.9036200881982724141211055373528396	3.8355575955358257508277113989714274	3.7667923773225210252444948044755762	3.6970652238734986051475365546161157	3.6260838740667833242391877492156306	3.5535142444469393188738874430168293	3.4789691530522030743798167878399111	3.4019936345439780289185373555655623	3.3220456026933638003505893776745093	3.2384701509169468436201315158076506	3.1504651179937389916211242572788085	3.0570344308416173468721638758320143	2.9569232218415445013839779885983744	2.8485216788148657804160323623796178	2.7297047892877956268492865844539711	2.5975269139289621133027014058851036	2.4475902098439012427757700089389108	2.27268216561428905193494263788629	2.0595204222154944704747151853655864	1.7787619937387252314158023474534644	1.3325510743426074719505924214947855	5.8191281181076020917944450856656213	15.760502841249110877256466057391079	23.300526583917586988032902769997255	29.742307319359879665477971106472251	35.493365815922969273491380402850858	40.753450511838638862827499038948485	45.639713615350137427297640951419865	50.228154021754814631683197140779275	54.571359056731338845068385592082037	58.707333639900196632466662592179793	62.664345974868197344493331021601243	66.463739029035682971827187197564081	70.121556630641421735159958548711216	73.649327278369832768928928336348098	77.053949294529221582632684307798345	80.335626719239212339737337028887071	83.469971916215224269424549855286588	86.458611205627454668723829277211322	89.36811078013664526293623839095444	92.203321683783054049582830873210514	94.968591893683985696786193612982231	97.667837455044779067351519809168772	100.30460084235172379637125308262978	102.88209937339188884885100543080201	NaN	NaN	NaN	NaN	NaN	NaN	NaN	NaN	NaN	NaN	NaN	NaN	NaN	NaN	NaN	NaN	NaN	NaN	NaN	NaN	NaN	NaN	NaN	NaN	NaN	NaN	NaN	NaN	NaN	NaN	NaN	NaN
4.1704117946912617854282498065165205	4.102824171646145143074423567454501	4.0353368628270913863092054453136512	3.9677621465718981444658697415387183	3.8998992618715618030032694020120817	3.8315304811284586113504994168463919	3.7624163511842786568984690544893746	3.6922898270322890095422189950243252	3.6208489216420771819832584034746344	3.547747354142310246937321481491812	3.4725824820256185193819071931299533	3.3948795318713352411969526864525724	3.3140707739094244820127995299642838	3.2294677850342997664392966878930713	3.1402242287432171205191707280585755	3.045285327887257811867152512691429	2.9433171771691522663609520197621481	2.8326001803597486153175531109919078	2.7108459709221470930005495814438691	2.5748382611966916553765311100470702	2.419678861438984748601125461818544	2.2371368232210502222500972099874975	2.0115450996944416891346707147576722	1.7060972892260526865079019458054489	1.1723308895945786564772280199220885	8.5212402581500266532120938859003074	17.687053076804385198329714547919851	24.938724349489970329117946449396791	31.210563381829628072691312033247295	36.844319491008376789756765703462976	42.016343938601827684015036208639477	46.832870223526762645592577468393755	51.363965543002611686696780147474452	55.658650359260896744912808390524314	59.752616644940653698464056530747395	63.672532908116278127100264034795761	67.438556497764171026119626671347021	71.06576389763235235910825511710418	74.56475931774314279216531936959988	77.941284392821720156689876058431933	81.193217867754153306299096424025688	84.285855028020406285983527412176766	87.252882641306201688856278103530113	90.142002622820258205878616311657572	92.95793310359550529882946966293078	95.704909032513050456980675634097748	98.386749598069369913675349815530795	101.00691371383211720170748344691605	103.5685461737012003819303301229685	NaN	NaN	NaN	NaN	NaN	NaN	NaN	NaN	NaN	NaN	NaN	NaN	NaN	NaN	NaN	NaN	NaN	NaN	NaN	NaN	NaN	NaN	NaN	NaN	NaN	NaN	NaN	NaN	NaN	NaN	NaN	NaN
4.1675562163013168028615562174088355	4.0997746726906471195410578109035003	4.0320696069562633998215286229044578	3.9642495126287477975951565294638219	3.8961090881200690814178183973700914	3.8274251114036533264234776148011029	3.7579514204021937494952191494583984	3.6874127000043895479980440695041424	3.615496665925339447605179086343691	3.5418440807756950678432749096032688	3.466035822396098543439168403480932	3.3875759287610139119384683817921989	3.3058691442765363213326526276938623	3.2201909552813644983577050510810941	3.1296473302119545733999821649484445	3.0331199585863898101047422144075686	2.9291890770374033917953987236300126	2.8160147155900155591498841714772214	2.6911258120044196502072834646639054	2.550995118237402574404148833322812	2.3901353735839090589337560341584758	2.1990850853056098847099514586986443	1.9591564151713760118822200615126657	1.6230327973718832512996948605490993	0.92996301170835944481105468855322926	10.953561419508648332557430276590179	19.54510579877570745445649579163998	26.543204403138103131329580782391671	32.658481017491503358539053709890667	38.181727782035913656896789779867088	43.269668293321422040795048558221842	48.018999364115575274610274824660674	52.494473157422012735986356119019676	56.741855080189444822509332359256589	60.794695480526863630515148950805024	64.678160943304343761161558830986538	68.411276078074391798283719374920287	72.008167300887341462008604852540772	75.478486718101040927625091548653972	78.826684670367471379531070885848744	82.047600169046118007643296690076189	85.100441921817728679581300441773193	88.046030465367688294756512657855572	90.914919729630268507813141074985315	93.711698906011901104855920311175215	96.440493081284006297890267012690726	99.10502714051136937420378825729645	101.70867851743167476141909788450987	104.25452119440435073770838672558559	NaN	NaN	NaN	NaN	NaN	NaN	NaN	NaN	NaN	NaN	NaN	NaN	NaN	NaN	NaN	NaN	NaN	NaN	NaN	NaN	NaN	NaN	NaN	NaN	NaN	NaN	NaN	NaN	NaN	NaN	NaN	NaN
4.1646540230517624453722915420341679	4.0966737536569059590315473866534786	4.0287453086049917178634485164912394	3.9606732245564118621784738602753515	3.892247441862492626224507077681039	3.8232389664197198004376329831003877	3.7533945690218603796829506547119581	3.6824301972049655866791315465338614	3.6100226530750341763774590388529966	3.5357989206151356804882643473666737	3.4593222900713095643026066898183685	3.3800741046911805677797677951262185	3.2974295238860835636103448295078652	3.2106251232405575340368342238719442	3.1187153188939865444658552675785528	3.0205129698877701629620585078819826	2.9145049050744069623167903346263844	2.7987187222890049045225457718119159	2.6704777657274573092696979378781739	2.5258949797641790718477179702119678	2.3587850410574976641023514730434503	2.1581860710933588961108923276170276	1.9015146828068220358439526228206476	1.5259692488210493653671026903106581	0.85930991028148533620560503432937862	13.210033689903620704739989674800074	21.345357716381745791179575607234139	28.117371853666454615804783959339995	34.087590413287261659315032340170956	39.506402778932671829555348841092968	44.513898448416119314156616570244621	49.198396629586501312969276823730494	53.619868466036226908932417732031014	57.821100271564952563341588439481162	61.833654439917486214923723474772058	65.681283360249403039934472266077927	69.38192455244906604451933676672472	72.948763758473196756864896029225533	76.390458268463925472525452121184776	79.709981918427629994077933280959663	82.897907324130843675434282008859867	85.913739769063628270075060268451203	88.838059349924750667671073835140061	91.686864829266090401740597557136096	94.464620298976613693972681998570214	97.175344052707783463744556311716375	99.822669153425119629127427700708081	102.40989358207219264882400079944516	104.94002218065738825757584879675506	NaN	NaN	NaN	NaN	NaN	NaN	NaN	NaN	NaN	NaN	NaN	NaN	NaN	NaN	NaN	NaN	NaN	NaN	NaN	NaN	NaN	NaN	NaN	NaN	NaN	NaN	NaN	NaN	NaN	NaN	NaN	NaN
4.1617040046274806009749520115347542	4.0935200222433795927368193129730901	4.0253623540433348438152706404107195	3.957031397151405891766586140538446	3.8883121022786638231238799820737087	3.8189694066350214873515315083009084	3.7487426298697795814548497511955509	3.6773384793846140866584498966536865	3.6044221778477681781944074714575756	3.5296060389626606150401759494614426	3.4524345590433455990493198569594118	3.3723647410590115258136152444702063	3.2887399038602595225146773708938946	3.2007546195492909914804015269105064	3.1074075228740697885799393101583477	3.0074368276062091048811847739213177	2.8992275670347706052951073221236419	2.7806610535630372905432793757131987	2.6488276846585870058959596280124721	2.4994211145211979723949460970350923	2.3254232306791803118931596563111807	2.1140235232051780768946336650237524	1.8375054864265222037432517285078035	1.408788733217358484831080961242425	4.8043047554534311232271382514039527	15.338577707090941552872723019325274	23.095865241078055037829522577145234	29.664081011383282329431957575973889	35.499237168008219700052168818484542	40.819077452270003332627074674872713	45.749470241026722503278946551988981	50.371336444351612934739443806230742	54.740330753560715332662107240694171	58.896505362430677670372252542574448	62.869572689386066699600608358544786	66.681949364900416291959307966581182	70.350524280691640566919512614243469	73.887543130265200636286684410032845	77.300607004866193734038270605912406	80.590954627499032819193060960821518	83.742262923632199943418635301684559	86.725755555331703564784882696089345	89.628973839339750268382188720439259	92.457840563300346604921788232398474	95.216698432056235845769841853413522	97.909461921658161471524351689887815	100.53967468484294758130527529787179	103.11055722441134130922784849849782	105.62504687317882721015482975253567	NaN	NaN	NaN	NaN	NaN	NaN	NaN	NaN	NaN	NaN	NaN	NaN	NaN	NaN	NaN	NaN	NaN	NaN	NaN	NaN	NaN	NaN	NaN	NaN	NaN	NaN	NaN	NaN	NaN	NaN	NaN	NaN
4.1587049047977237895073219578698384	4.0903120309818294720011182849571698	4.0219190626215954224463696676276625	3.9533220632028675319603278121263598	3.8843007469550007202829332314098241	3.8146136651824524498568702915140662	3.7439922742081317579040011933248301	3.672133499563643351942414944674516	3.5986902641762971775298564701063062	3.5232592429314146363790896084755027	3.445364822715740591214080804723114	3.3644378656785966197378651838321864	3.2797873763389808256321701092374334	3.1905625289670411436470030025901101	3.0957015384576626389690083887013524	2.9938615843911709502555837181359358	2.8833165413677398759765941345704046	2.7617853612162484275889390603746218	2.6260925424221732796864357857659919	2.4714396926195693395522786296047098	2.2898081125738339495291300645845805	2.0660815374311639528922324041192039	1.7655983815702602182674020056434119	1.2594749951551510970607794916921286	7.7897607480753359337399608266691066	17.367931095107070316123058163806849	24.80289721775751535162594751230287	31.185756859037873106814922549194751	36.89461199287223226211244099716588	42.120415764142934707601624492570517	46.976784637466385583384190623335794	51.538073997544832563526763048328307	55.856027961987085564331974842742144	59.968182664218741809149868874192033	63.902524494169773536536557491714401	67.680204070120382402759091761462016	71.317092817798363333580209913955836	74.82448700104672421561523805502885	78.208846121392634075139918644114429	81.469303485303653197107034775657249	84.576300382663756085878702340728884	87.536496087562639744155670824537026	90.418778355231224459240144437323766	93.227849489778762933499735483119805	95.967934399105968366581759649002898	98.642846627247604918470336161121443	101.25604276144372384830617065063291	103.81066775021882869996844378752058	106.30959300943850757065326399745959	108.75544872845983655314813523898477	NaN	NaN	NaN	NaN	NaN	NaN	NaN	NaN	NaN	NaN	NaN	NaN	NaN	NaN	NaN	NaN	NaN	NaN	NaN	NaN	NaN	NaN	NaN	NaN	NaN	NaN	NaN	NaN	NaN	NaN	NaN
4.1556554190696236285461702817540213	4.0870482742875771758924424851396897	4.018413683017294496394429417073985	3.9495431686561383374540074368991311	3.8802109455667835957709366203315817	3.8101688394974067011856564725141671	3.7391400004719821322025378034804384	3.6668109876417259754329491649657418	3.5928216438068262251529325240520831	3.5167519513404072381343030234920597	3.4381047509106018579489490856187572	3.3562827907999986735913923292392225	3.2705580448623236035529079096769303	3.1800305615876726833256367461405331	3.0835730474156456988046268112230566	2.9797546195289616509420268582883328	2.866727478353924280216389578148468	2.7420293571950751777560789036576012	2.6021788569168421283043318795066879	2.4417961683502141210578550040314206	2.2516510718465476941356096480877489	2.0137093716912629940713381847153503	1.6835962543155075489923091196604278	1.0472549285298383502029303260810511	10.412005396208692337768282268124874	19.317062683158464668565292101384823	26.471462810632060833072625519254823	32.684482485998724276612180895367599	38.274774276918151253336384893319082	43.411021172212110883280527169213187	48.196211353703114071636645852738197	52.69884696098103802624667631069117	56.967117568498761859059762512370509	61.03623782502534006807125436430037	64.932579403975432475234060582679232	68.676088419951888790726502362645417	72.281642410048555059538122236646946	75.759567109854379643797073899546195	79.115063317487160606274784649211817	82.344607513903832419644708330163664	85.407798354395052514778936055677407	88.345968001015627908143129727030827	91.207477201313965829227701469421901	93.99689408669422574227655618064619	96.718329240890490259945720383507304	99.375498074860244661033780823218763	101.97177239019519872045229687919872	104.51022345574476907778915870226452	106.99365832480652808482247691598934	109.42465069753605814966383750115604	NaN	NaN	NaN	NaN	NaN	NaN	NaN	NaN	NaN	NaN	NaN	NaN	NaN	NaN	NaN	NaN	NaN	NaN	NaN	NaN	NaN	NaN	NaN	NaN	NaN	NaN	NaN	NaN	NaN	NaN	NaN
4.1525541921878054089954334523592416	4.083727185306760141623787213516732	4.014844389210663401675953940042951	3.9456925674076130287466225220818896	3.8760401530515886759050926055250626	3.8056318822317758240624930277474605	3.7341821219874855906237178889430856	3.6613664335294534079712723770320642	3.5868107327559166292766588305441373	3.5100771613523542664922123245468323	3.4306454419722493333139493328345937	3.3478880437546276899492889584652134	3.2610369238353724862491115250579731	3.169138908403648799818500153883456	3.0709956124819973225341827568136206	2.9650803464913213046951085993512009	2.8494117361703656764051659897806532	2.7213239195481693543453442008993382	2.57698073327648765620276145940325	2.4103106853776966793972214764184082	2.2106038313273108307003621679669243	1.9560686236823807795622098930120332	1.5881507923094121321353763472311318	0.59686190332032146627416360457885991	12.814773395248177287758138036215955	21.199333331502864365481505331674732	28.105652405304025725794701522131166	34.162063644189770751201626896046979	39.640671122789711593248842326362446	44.691443847301520374111379886462423	49.408092018320938550523226625329565	53.853877020797850620682311650171163	58.07374737781566609749905449804411	62.100770235434072205154365643538421	65.959802395863285156050217509230498	69.669639047789848055509258423559697	73.244179339115931933571356833765485	76.692743306318805023401596529374676	80.019112748658519746675642630527379	83.216234074837729326610435960930953	86.237848184421453643641588487642964	89.15417776591550409551513099710061	91.995074568024025017441475095154144	94.764976755360161416818554331668297	97.467883947613756357176205992688551	100.10741613812388326649839792860462	102.68686255994012797845499198550974	105.20922262904310703918743065230861	107.67724055369154153423538061794664	110.09343481466948979778807907327441	NaN	NaN	NaN	NaN	NaN	NaN	NaN	NaN	NaN	NaN	NaN	NaN	NaN	NaN	NaN	NaN	NaN	NaN	NaN	NaN	NaN	NaN	NaN	NaN	NaN	NaN	NaN	NaN	NaN	NaN	NaN
4.1493998154671896034645786632138364	4.0803471325431369052650966798954077	4.0112092761641292486716309825165964	3.941768015695825582745336887499137	3.8717857022228032346262125875282365	3.8009995913780999828899317192557588	3.7291147535564215827399987132028136	3.6557950686241280077686041644475373	3.5806516053120464111488538991569717	3.5032274114226423928631698741834421	3.4229773692917427534957438554789188	3.3392412891938160016033229823046593	3.2512078255757932184570513328061912	3.1578660792164364766719617446489696	3.0579404484674185036974163111144524	2.9497998831619292698017082435914119	2.8313158382933554410475401878821938	2.6995919992478028182402562157936581	2.5503774206162677158531468282185881	2.3767721785207948382196164196725291	2.1662407905831771994411486059249845	1.8920505728528583828495900221112889	1.4737088850771012739378027090937864	3.9224941060821724212103145376214393	15.063855468332569850577070021695148	23.024616160102311087961819489030993	29.708865303534765943855457236403129	35.620077657434387869083104831789289	40.993152958208924987767958222826683	45.962186843671874486297224071268423	50.612742947126381403269927662756458	55.003371246508580526286437727369364	59.176056237376554046505651861659592	63.161873387633762315843261161312958	66.984253971105392433322668088547806	70.660888056105757629563682752724726	74.204703074119756236801740469043367	77.623960861494725280534784230395065	80.920803117895051895966321568984712	84.08310501726858488673591696077592	87.066459037887918736471526454361563	89.961131693834739739775233958019225	92.781574537033624051064620141690064	95.532099823667943894413845226309202	98.216599461368411274429153719483999	100.83860066084119832123630303208063	103.40131224297316790357371501479101	105.90766355127609961160043728348836	108.36033743064867585711095371647837	110.76179838430603548554765023973428	NaN	NaN	NaN	NaN	NaN	NaN	NaN	NaN	NaN	NaN	NaN	NaN	NaN	NaN	NaN	NaN	NaN	NaN	NaN	NaN	NaN	NaN	NaN	NaN	NaN	NaN	NaN	NaN	NaN	NaN	NaN
4.1461908239456132758172703774696078	4.0769064162453014760181582979959749	4.0075063551786406119322767779245092	3.9377671660496496322628272377171144	3.8674447957658527578873266113362018	3.796268599518123875746480761952245	3.7239337967764962173938210114549834	3.6500918454283539404959707179598596	3.5743379652651071621607133443076578	3.4961947400602407996494316861113182	3.415090321469771644750563306165725	3.3303292417280128238326875452503389	3.2410532332356246632486383514127392	3.1461887206620954515430119175166645	3.044376166027776043537689466711021	2.9338706782618677078812681448220456	2.8123808312369400032814234071561783	2.6767472714201963712934993101912337	2.5222302435457240839522494471175123	2.3409307063573922868047125072761845	2.1180342020384613298152981956219572	1.8201400666805356134472680482319189	1.3297883295154973062597257783547199	7.2216814141049413214789573912078847	17.196530181081910320635923322285265	24.800484589940549966568169464630401	31.283966608377095420781421368907365	37.059911393597762721675962564892742	42.332986495768441856044083984750977	47.223711404610281292892498278177096	51.810457585682456878905824597068293	56.147523317386715116354186054306733	60.274174682323135612384992693265467	64.219635188639014057245576824813701	68.005990201303427676029527304117267	71.649862701731387539396775878674576	75.163205177700848224146708921092001	78.553146876382860063836897552646494	81.819879149343373888903593190407677	84.942562597054040582051496975247597	87.893639859040604579129050287893602	90.766835943774721239539815890353046	93.56698108552049257447088414223101	96.29826554925258454684233668581736	98.964476678550209221459744159142263	101.56905145887619187350426286502565	104.11512039654661157213105228844947	106.60554449797885077722877478463779	109.04294669146183957533190835346573	111.42973871708492188563080061449516	NaN	NaN	NaN	NaN	NaN	NaN	NaN	NaN	NaN	NaN	NaN	NaN	NaN	NaN	NaN	NaN	NaN	NaN	NaN	NaN	NaN	NaN	NaN	NaN	NaN	NaN	NaN	NaN	NaN	NaN	NaN
4.1429256933406705606243908787463947	4.0734032645331094644082398043429497	4.0037335488967401379328741335897586	3.933687560750011120569020523795887	3.8630144975527098733066080874438547	3.7914353620988880741470266908763135	3.7186349239490431595489354439043067	3.6442514150800071745687453703989206	3.5678631139991112808088720039932697	3.4889706398217204480627287020039468	3.4069733352089075082756452116202119	3.321137567588462654087566550407654	3.2305541576565723282744535525616205	3.1340814118885659165990263136250791	3.0302684847166225836249496733273685	2.9172460854337053518467847208074095	2.792541514339858025456501384998702	2.6526924583285799133702414211873693	2.492378722828990881977294280765758	2.3024873328220513067372450054763019	2.0653182564216253324231994323526969	1.738176571077809649796007122269677	1.1315626754225678171720641403667204	10.039013114548067849324442405155828	19.236542799255525737103263597065591	26.532922916401179564909628824502524	32.833398802621937169311944102817018	38.482791382003101064067733185913714	43.660865593702269788458015968331479	48.476441546106443522656380673022332	53.001508666219965790491274043287079	57.286514623003561454959495050459096	61.368225515945875738076561306682627	65.274138227519909260856723662760591	69.02506271740691357832477501642585	72.63658496593168358747895678952229	76.1196678924514222801405393703866	79.480205392932286595151179644041499	82.715990729859916133487869296252773	85.791088453586787148382344787407739	88.719399379719464320847431305500914	91.57129652801372198967307191301948	94.351298090349057061005773140350299	97.06347612251267229017748147303658	99.711516452181455224831779484954726	102.298768321981801156293086406211	104.82828596437228072284280046832051	107.30286374030815046579388567596579	109.72506607419045678506049889272388	112.09725313076289294876945557831819	114.4216029703848399472402670664273	NaN	NaN	NaN	NaN	NaN	NaN	NaN	NaN	NaN	NaN	NaN	NaN	NaN	NaN	NaN	NaN	NaN	NaN	NaN	NaN	NaN	NaN	NaN	NaN	NaN	NaN	NaN	NaN	NaN	NaN
4.1396028367944157626922185080062231	4.069835829239780223996425832531668	3.9998886859188049676951066264791245	3.9295266247561885754259116066446656	3.8584917232021371500265191635230222	3.7864961446264003824235792043290128	3.7132135604043172603429707257587765	3.6382681025275950668424884725150504	3.5612199150251978051661364977031318	3.4815460058657009445509790437139635	3.3986146198786057875912497599702393	3.311650773720353778691451014971924	3.2196899759653518365343684654187647	3.12151643518358551328022480597618	3.015579911410574991675434097035218	2.8998748734217052227895906311296207	2.7717255036832112921015600909380378	2.6273172307630915723149627005702851	2.460635631961901048302078862986716	2.2610805340837559065787127235696798	2.0072353089531261918204180669025342	1.6428984212214482105546751029471226	0.77593098074264540746377333485769309	12.588191357494446840638074133609056	21.200217463787765554489082774130891	28.226772035550855812772583889973659	34.359263698583170217466817885163749	39.88980811832544257603061172661822	44.977420424036416978041179764097423	49.720768032624994539137410857082276	54.186150117704116181755423902560511	58.420515252156143349947176301737387	62.458324330115046457099395366343192	66.325459995417905615576945386337994	70.041518633190979757795480033539445	73.621070982081349435318453643432106	77.074062305107018186430211893128591	80.405010574374797369226542312872326	83.608636254885113643932745081222396	86.63782565275993556359079116297224	89.543746127452500152746694821306048	92.374519317722179986007770492380141	95.134529332066352796686570289652633	97.827733669618746321018955934459862	100.45771959415081989767420713776443	103.02775101557271296831738867836453	105.54080787806686413894102428132251	107.99961954622480379080831593742896	110.40669332019819847975423848089173	112.76433895104619754527987963323719	115.07468983749342009928159324555043	NaN	NaN	NaN	NaN	NaN	NaN	NaN	NaN	NaN	NaN	NaN	NaN	NaN	NaN	NaN	NaN	NaN	NaN	NaN	NaN	NaN	NaN	NaN	NaN	NaN	NaN	NaN	NaN	NaN	NaN
4.1362206013871989527243925487485365	4.0662021814437073372987029263918618	3.9959694949949983718645912314955316	3.925281658041926673228311394615091	3.8538732298037255496432223072969121	3.7814470086520832032067895807914822	3.7076648650504508658463034349511317	3.6321358790441676680568436031712183	3.554400754465129219995664716729328	3.4739110782836262680428971762553608	3.3900014725208728109446221209634717	3.3018520824713218111268285243520806	3.2084382494447868816202015072949915	3.1084635186170141117824081131632205	3.000269379401287688089644214684901	2.8817006563834592856516920225170598	2.7498520797728510134211271378552648	2.6004955674851881295068760581749611	2.4267806358835842760460231961142786	2.2162675502768459708507618844596972	1.9426519719764766141368671372742803	1.5289700069760806348176413775708439	3.2308980226321079702047381308588484	14.956388667028122836054183566128025	23.099411764050401173611150300412599	29.886020559714838196727575331001658	35.86338447226216951144056067871144	41.281935940443221076376983506695093	46.283225255881631316006171677510545	50.957051837698555646470802509244328	55.364618761715547374407006298639956	59.549684882239159997845552170163379	63.544579969078237461818940962419519	67.373673056059374539123552832933679	71.055400392172208989165468711276646	74.603330285080911510956000899960399	78.026345942531679225918767755583585	81.32739689027637406611052734414824	84.497041696751729253428827552866989	87.482959226466954684088456006626649	90.366688433195911880195159638824915	93.176510048334084344080071719573274	95.916678498752380006404454670191437	98.5910402553098266456957709249119	101.20308687736645954428249049076386	103.75599928238686900283544493846875	106.25268505847269866966467371750452	108.69581018165942246079545685072208	111.0878261751667823683925332086717	113.43099351258669607155853977903294	115.72740189462756890482389732711194	NaN	NaN	NaN	NaN	NaN	NaN	NaN	NaN	NaN	NaN	NaN	NaN	NaN	NaN	NaN	NaN	NaN	NaN	NaN	NaN	NaN	NaN	NaN	NaN	NaN	NaN	NaN	NaN	NaN	NaN