     0.500000000E+03
     0.493823854E+03
     0.490764448E+03
     0.481699488E+03
     0.469872799E+03
     0.473537107E+03
     0.499378925E+03
     0.499068677E+03
     0.498139089E+03
     0.496902331E+03
     0.497288488E+03
     0.499920119E+03
     0.499880183E+03
     0.499760395E+03
     0.499600722E+03
     0.499650614E+03
     0.499600722E+03
     0.499475960E+03
     0.499413591E+03
     0.499226531E+03
     0.498977227E+03
     0.499055121E+03
     0.499548186E+03
     0.499521920E+03
     0.499443131E+03
     0.499338098E+03
     0.499370919E+03
     0.499338098E+03
     0.499276507E+03
     0.499245714E+03
     0.499153347E+03
     0.499030217E+03
     0.499068692E+03
     0.499030217E+03
     0.498970330E+03
     0.498940389E+03
     0.498850577E+03
     0.498730853E+03
     0.498768263E+03
     0.498730853E+03
     0.498668774E+03
     0.498637737E+03
     0.498544639E+03
     0.498420535E+03
     0.498459314E+03
     0.498420535E+03
     0.498356761E+03
     0.498324878E+03
     0.498229238E+03
     0.498101747E+03
     0.498141585E+03
     0.498101747E+03
     0.498036666E+03
     0.498004128E+03
     0.497906528E+03
     0.497776425E+03
     0.497817079E+03
     0.497776425E+03
     0.497710322E+03
     0.497677273E+03
     0.497578141E+03
     0.497445996E+03
     0.497487287E+03
     0.497445996E+03
     0.497379087E+03
     0.497345635E+03
     0.497245295E+03
     0.497111540E+03
     0.497153335E+03
     0.497111540E+03
     0.497043993E+03
     0.497010223E+03
     0.496908926E+03
     0.496773896E+03
     0.496816089E+03
     0.496773896E+03
     0.496705843E+03
     0.496671820E+03
     0.496569765E+03
     0.496433725E+03
     0.496476234E+03
     0.496433725E+03
     0.496365273E+03
     0.496331050E+03
     0.496228397E+03
     0.496091559E+03
     0.496134317E+03
     0.496091559E+03
     0.496022794E+03
     0.495988415E+03
     0.495885292E+03
     0.495747829E+03
     0.495790782E+03
     0.495747829E+03
     0.495678822E+03
     0.495644322E+03
     0.495540837E+03
     0.495402890E+03
     0.495445994E+03
     0.495402890E+03
     0.495333700E+03
     0.495299109E+03
     0.495195350E+03
     0.495057038E+03
     0.495100256E+03
     0.495057038E+03
     0.494987714E+03
     0.494953057E+03
     0.494849097E+03
     0.494710519E+03
     0.494753821E+03
     0.494710519E+03
     0.494641104E+03
     0.494606401E+03
     0.494502304E+03
     0.494363543E+03
     0.494406902E+03
     0.494363543E+03
     0.494294072E+03
     0.494259341E+03
     0.494155160E+03
     0.494016287E+03
     0.494059681E+03
     0.494016287E+03
     0.493946790E+03
     0.493912046E+03
     0.493807827E+03
     0.493668903E+03
     0.493712312E+03
     0.493668903E+03
     0.493599407E+03
     0.493564662E+03
     0.493460444E+03
     0.493321520E+03
     0.493364930E+03
     0.493321520E+03
     0.493252047E+03
     0.493217315E+03
     0.493113131E+03
     0.492974253E+03
     0.493017648E+03
     0.492974253E+03
     0.492904823E+03
     0.492870111E+03
     0.492765991E+03
     0.492627198E+03
     0.492670567E+03
     0.492627198E+03
     0.492557827E+03
     0.492523145E+03
     0.492419114E+03
     0.492280441E+03
     0.492323772E+03
     0.492280441E+03
     0.492211144E+03
     0.492176499E+03
     0.492072580E+03
     0.491934055E+03
     0.491977340E+03
     0.491934055E+03
     0.491864846E+03
     0.491830245E+03
     0.491726456E+03
     0.491588105E+03
     0.491631336E+03
     0.491588105E+03
     0.491518995E+03
     0.491484443E+03
     0.491380803E+03
     0.491242649E+03
     0.491285818E+03
     0.491242649E+03
     0.491173647E+03
     0.491139150E+03
     0.491035672E+03
     0.490897736E+03
     0.490940837E+03
     0.490897736E+03
     0.490828852E+03
     0.490794413E+03
     0.490691112E+03
     0.490553411E+03
     0.490596438E+03
     0.490553411E+03
     0.490484651E+03
     0.490450275E+03
     0.490347162E+03
     0.490209711E+03
     0.490252660E+03
     0.490209711E+03
     0.490141084E+03
     0.490106774E+03
     0.490003858E+03
     0.489866671E+03
     0.489909538E+03
     0.489866671E+03
     0.489798182E+03
     0.489763941E+03
     0.489661232E+03
     0.489524321E+03
     0.489567101E+03
     0.489524321E+03
     0.489455975E+03
     0.489421805E+03
     0.489319312E+03
     0.489182687E+03
     0.489225378E+03
     0.489182687E+03
     0.489114489E+03
     0.489080394E+03
     0.488978122E+03
     0.488841792E+03
     0.488884391E+03
     0.488841792E+03
     0.488773747E+03
     0.488739727E+03
     0.488637683E+03
     0.488501658E+03
     0.488544162E+03
     0.488501658E+03
     0.488433768E+03
     0.488399826E+03
     0.488298016E+03
     0.488162301E+03
     0.488204708E+03
     0.488162301E+03
     0.488094570E+03
     0.488060708E+03
     0.487959135E+03
     0.487823738E+03
     0.487866046E+03
     0.487823738E+03
     0.487756168E+03
     0.487722387E+03
     0.487621057E+03
     0.487485982E+03
     0.487528189E+03
     0.487485982E+03
     0.487418576E+03
     0.487384877E+03
     0.487283792E+03
     0.487149045E+03
     0.487191149E+03
     0.487149045E+03
     0.487081805E+03
     0.487048188E+03
     0.486947352E+03
     0.486812937E+03
     0.486854938E+03
     0.486812937E+03
     0.486745864E+03
     0.486712332E+03
     0.486611747E+03
     0.486477667E+03
     0.486519563E+03
     0.486477667E+03
     0.486410763E+03
     0.486377315E+03
     0.486276984E+03
     0.486143241E+03
     0.486185032E+03
     0.486143241E+03
     0.486076508E+03
     0.486043145E+03
     0.485943070E+03
     0.485809668E+03
     0.485851352E+03
     0.485809668E+03
     0.485743106E+03
     0.485709828E+03
     0.485610010E+03
     0.485476950E+03
     0.485518527E+03
     0.485476950E+03
     0.485410561E+03
     0.485377369E+03
     0.485277809E+03
     0.485145094E+03
     0.485186563E+03
     0.485145094E+03
     0.485078877E+03
     0.485045772E+03
     0.484946471E+03
     0.484814101E+03
     0.484855462E+03
     0.484814101E+03
     0.484748057E+03
     0.484715039E+03
     0.484615998E+03
     0.484483974E+03
     0.484525227E+03
     0.484483974E+03
     0.484418104E+03
     0.484385173E+03
     0.484286392E+03
     0.484154715E+03
     0.484195860E+03
     0.484154715E+03
     0.484089019E+03
     0.484056174E+03
     0.483957654E+03
     0.483826325E+03
     0.483867361E+03
     0.483826325E+03
     0.483760803E+03
     0.483728045E+03
     0.483629785E+03
     0.483498803E+03
     0.483539731E+03
     0.483498803E+03
     0.483433455E+03
     0.483400785E+03
     0.483302786E+03
     0.483172151E+03
     0.483212971E+03
     0.483172151E+03
     0.483106977E+03
     0.483074393E+03
     0.482976654E+03
     0.482846367E+03
     0.482887078E+03
     0.482846367E+03
     0.482781366E+03
     0.482748869E+03
     0.482651390E+03
     0.482521450E+03
     0.482562052E+03
     0.482521450E+03
     0.482456622E+03
     0.482424211E+03
     0.482326992E+03
     0.482197397E+03
     0.482237892E+03
     0.482197397E+03
     0.482132742E+03
     0.482100418E+03
     0.482003458E+03
     0.481874208E+03
     0.481914595E+03
     0.481874208E+03
     0.481809725E+03
     0.481777487E+03
     0.481680785E+03
     0.481551879E+03
     0.481592159E+03
     0.481551879E+03
     0.481487568E+03
     0.481455415E+03
     0.481358971E+03
     0.481230408E+03
     0.481270580E+03
     0.481230408E+03
     0.481166268E+03
     0.481134201E+03
     0.481038013E+03
     0.480909792E+03
     0.480949857E+03
     0.480909792E+03
     0.480845822E+03
     0.480813840E+03
     0.480717907E+03
     0.480590027E+03
     0.480629986E+03
     0.480590027E+03
     0.480526226E+03
     0.480494329E+03
     0.480398650E+03
     0.480271109E+03
     0.480310962E+03
     0.480271109E+03
     0.480207477E+03
     0.480175664E+03
     0.480080239E+03
     0.479953034E+03
     0.479992782E+03
     0.479953034E+03
     0.479889570E+03
     0.479857842E+03
     0.479762668E+03
     0.479635799E+03
     0.479675442E+03
     0.479635799E+03
     0.479572502E+03
     0.479540857E+03
     0.479445934E+03
     0.479319399E+03
     0.479358937E+03
     0.479319399E+03
     0.479256268E+03
     0.479224706E+03
     0.479130032E+03
     0.479003829E+03
     0.479043264E+03
     0.479003829E+03
     0.478940863E+03
     0.478909384E+03
     0.478814957E+03
     0.478689084E+03
     0.478728416E+03
     0.478689084E+03
     0.478626283E+03
     0.478594886E+03
     0.478500705E+03
     0.478375160E+03
     0.478414390E+03
     0.478375160E+03
     0.478312522E+03
     0.478281206E+03
     0.478187271E+03
     0.478062052E+03
     0.478101179E+03
     0.478062052E+03
     0.477999576E+03
     0.477968341E+03
     0.477874648E+03
     0.477749753E+03
     0.477788780E+03
     0.477749753E+03
     0.477687438E+03
     0.477656284E+03
     0.477562833E+03
     0.477438260E+03
     0.477477185E+03
     0.477438260E+03
     0.477376105E+03
     0.477345030E+03
     0.477251819E+03
     0.477127565E+03
     0.477166391E+03
     0.477127565E+03
     0.477065569E+03
     0.477034574E+03
     0.476941601E+03
     0.476817665E+03
     0.476856391E+03
     0.476817665E+03
     0.476755826E+03
     0.476724910E+03
     0.476632173E+03
     0.476508552E+03
     0.476547180E+03
     0.476508552E+03
     0.476446870E+03
     0.476416032E+03
     0.476323529E+03
     0.476200221E+03
     0.476238751E+03
     0.476200221E+03
     0.476138694E+03
     0.476107934E+03
     0.476015664E+03
     0.475892666E+03
     0.475931100E+03
     0.475892666E+03
     0.475831293E+03
     0.475800610E+03
     0.475708572E+03
     0.475585881E+03
     0.475624219E+03
     0.475585881E+03
     0.475524661E+03
     0.475494054E+03
     0.475402245E+03
     0.475279861E+03
     0.475318102E+03
     0.475279861E+03
     0.475218792E+03
     0.475188261E+03
     0.475096679E+03
     0.474974598E+03
     0.475012745E+03
     0.474974598E+03
     0.474913680E+03
     0.474883224E+03
     0.474791867E+03
     0.474670086E+03
     0.474708140E+03
     0.474670086E+03
     0.474609317E+03
     0.474578936E+03
     0.474487803E+03
     0.474366320E+03
     0.474404280E+03
     0.474366320E+03
     0.474305699E+03
     0.474275392E+03
     0.474184480E+03
     0.474063293E+03
     0.474101161E+03
     0.474063293E+03
     0.474002818E+03
     0.473972584E+03
     0.473881893E+03
     0.473760998E+03
     0.473798774E+03
     0.473760998E+03
     0.473700669E+03
     0.473670507E+03
     0.473580034E+03
     0.473459429E+03
     0.473497115E+03
     0.473459429E+03
     0.473399244E+03
     0.473369154E+03
     0.473278896E+03
     0.473158580E+03
     0.473196175E+03
     0.473158580E+03
     0.473098537E+03
     0.473068519E+03
     0.472978475E+03
     0.472858443E+03
     0.472895950E+03
     0.472858443E+03
     0.472798542E+03
     0.472768594E+03
     0.472678762E+03
     0.472559013E+03
     0.472596431E+03
     0.472559013E+03
     0.472499252E+03
     0.472469374E+03
     0.472379752E+03
     0.472260282E+03
     0.472297613E+03
     0.472260282E+03
     0.472200660E+03
     0.472170851E+03
     0.472081437E+03
     0.471962244E+03
     0.471999489E+03
     0.471962244E+03
     0.471902759E+03
     0.471873019E+03
     0.471783811E+03
     0.471664893E+03
     0.471702052E+03
     0.471664893E+03
     0.471605544E+03
     0.471575872E+03
     0.471486867E+03
     0.471368221E+03
     0.471405295E+03
     0.471368221E+03
     0.471309006E+03
     0.471279402E+03
     0.471190599E+03
     0.471072222E+03
     0.471109212E+03
     0.471072222E+03
     0.471013140E+03
     0.470983603E+03
     0.470895000E+03
     0.470776889E+03
     0.470813795E+03
     0.470776889E+03
     0.470717939E+03
     0.470688467E+03
     0.470600062E+03
     0.470482215E+03
     0.470519039E+03
     0.470482215E+03
     0.470423396E+03
     0.470393989E+03
     0.470305779E+03
     0.470188193E+03
     0.470224935E+03
     0.470188193E+03
     0.470129503E+03
     0.470100161E+03
     0.470012145E+03
     0.469894816E+03
     0.469931478E+03
     0.469894816E+03
     0.469836254E+03
     0.469806976E+03
     0.469719152E+03
     0.469602078E+03
     0.469638661E+03
     0.469602078E+03
     0.469543643E+03
     0.469514428E+03
     0.469426793E+03
     0.469309972E+03
     0.469346476E+03
     0.469309972E+03
     0.469251661E+03
     0.469222509E+03
     0.469135062E+03
     0.469018491E+03
     0.469054916E+03
     0.469018491E+03
     0.468960304E+03
     0.468931213E+03
     0.468843951E+03
     0.468727627E+03
     0.468763975E+03
     0.468727627E+03
     0.468669562E+03
     0.468640532E+03
     0.468553454E+03
     0.468437374E+03
     0.468473646E+03
     0.468437374E+03
     0.468379430E+03
     0.468350461E+03
     0.468263563E+03
     0.468147725E+03
     0.468183922E+03
     0.468147725E+03
     0.468089901E+03
     0.468060991E+03
     0.467974273E+03
     0.467858674E+03
     0.467894795E+03
     0.467858674E+03
     0.467800967E+03
     0.467772116E+03
     0.467685575E+03
     0.467570212E+03
     0.467606260E+03
     0.467570212E+03
     0.467512622E+03
     0.467483829E+03
     0.467397463E+03
     0.467282333E+03
     0.467318308E+03
     0.467282333E+03
     0.467224858E+03
     0.467196123E+03
     0.467109930E+03
     0.466995030E+03
     0.467030933E+03
     0.466995030E+03
     0.466937669E+03
     0.466908991E+03
     0.466822968E+03
     0.466708296E+03
     0.466744128E+03
     0.466708296E+03
     0.466651047E+03
     0.466622426E+03
     0.466536572E+03
     0.466422124E+03
     0.466457886E+03
     0.466422124E+03
     0.466364987E+03
     0.466336420E+03
     0.466250733E+03
     0.466136507E+03
     0.466172200E+03
     0.466136507E+03
     0.466079479E+03
     0.466050968E+03
     0.465965445E+03
     0.465851438E+03
     0.465887062E+03
     0.465851438E+03
     0.465794519E+03
     0.465766061E+03
     0.465680700E+03
     0.465566910E+03
     0.465602467E+03
     0.465566910E+03
     0.465510097E+03
     0.465481694E+03
     0.465396493E+03
     0.465282916E+03
     0.465318406E+03
     0.465282916E+03
     0.465226209E+03
     0.465197858E+03
     0.465112815E+03
     0.464999449E+03
     0.465034873E+03
     0.464999449E+03
     0.464942846E+03
     0.464914547E+03
     0.464829660E+03
     0.464716502E+03
     0.464751861E+03
     0.464716502E+03
     0.464660001E+03
     0.464631754E+03
     0.464547021E+03
     0.464434068E+03
     0.464469362E+03
     0.464434068E+03
     0.464377668E+03
     0.464349471E+03
     0.464264890E+03
     0.464152139E+03
     0.464187371E+03
     0.464152139E+03
     0.464095839E+03
     0.464067692E+03
     0.463983261E+03
     0.463870709E+03
     0.463905879E+03
     0.463870709E+03
     0.463814508E+03
     0.463786410E+03
     0.463702126E+03
     0.463589772E+03
     0.463624879E+03
     0.463589772E+03
     0.463533667E+03
     0.463505618E+03
     0.463421479E+03
     0.463309318E+03
     0.463344366E+03
     0.463309318E+03
     0.463253310E+03
     0.463225308E+03
     0.463141313E+03
     0.463029343E+03
     0.463064331E+03
     0.463029343E+03
     0.462973428E+03
     0.462945474E+03
     0.462861620E+03
     0.462749838E+03
     0.462784767E+03
     0.462749838E+03
     0.462694017E+03
     0.462666108E+03
     0.462582393E+03
     0.462470797E+03
     0.462505668E+03
     0.462470797E+03
     0.462415067E+03
     0.462387204E+03
     0.462303626E+03
     0.462192213E+03
     0.462227027E+03
     0.462192213E+03
     0.462136572E+03
     0.462108755E+03
     0.462025312E+03
     0.461914078E+03
     0.461948836E+03
     0.461914078E+03
     0.461858526E+03
     0.461830753E+03
     0.461747442E+03
     0.461636386E+03
     0.461671088E+03
     0.461636386E+03
     0.461580921E+03
     0.461553191E+03
     0.461470012E+03
     0.461359129E+03
     0.461393777E+03
     0.461359129E+03
     0.461303750E+03
     0.461276063E+03
     0.461193012E+03
     0.461082301E+03
     0.461116895E+03
     0.461082301E+03
     0.461027006E+03
     0.460999362E+03
     0.460916437E+03
     0.460805894E+03
     0.460840436E+03
     0.460805894E+03
     0.460750683E+03
     0.460723079E+03
     0.460640279E+03
     0.460529902E+03
     0.460564392E+03
     0.460529902E+03
     0.460474772E+03
     0.460447210E+03
     0.460364532E+03
     0.460254318E+03
     0.460288757E+03
     0.460254318E+03
     0.460199268E+03
     0.460171746E+03
     0.460089188E+03
     0.459979134E+03
     0.460013523E+03
     0.459979134E+03
     0.459924162E+03
     0.459896679E+03
     0.459814238E+03
     0.459704340E+03
     0.459738680E+03
     0.459704340E+03
     0.459649442E+03
     0.459621995E+03
     0.459539666E+03
     0.459429917E+03
     0.459464210E+03
     0.459429917E+03
     0.459375092E+03
     0.459347682E+03
     0.459265462E+03
     0.459155859E+03
     0.459190107E+03
     0.459155859E+03
     0.459101105E+03
     0.459073731E+03
     0.458991619E+03
     0.458882159E+03
     0.458916362E+03
     0.458882159E+03
     0.458827476E+03
     0.458800137E+03
     0.458718130E+03
     0.458608810E+03
     0.458642970E+03
     0.458608810E+03
     0.458554196E+03
     0.458526892E+03
     0.458444988E+03
     0.458335806E+03
     0.458369922E+03
     0.458335806E+03
     0.458281259E+03
     0.458253989E+03
     0.458172186E+03
     0.458063139E+03
     0.458097213E+03
     0.458063139E+03
     0.458008659E+03
     0.457981421E+03
     0.457899718E+03
     0.457790803E+03
     0.457824836E+03
     0.457790803E+03
     0.457736387E+03
     0.457709182E+03
     0.457627576E+03
     0.457518790E+03
     0.457552783E+03
     0.457518790E+03
     0.457464438E+03
     0.457437265E+03
     0.457355754E+03
     0.457247095E+03
     0.457281048E+03
     0.457247095E+03
     0.457192805E+03
     0.457165663E+03
     0.457084245E+03
     0.456975710E+03
     0.457009624E+03
     0.456975710E+03
     0.456921481E+03
     0.456894369E+03
     0.456813042E+03
     0.456704628E+03
     0.456738505E+03
     0.456704628E+03
     0.456650458E+03
     0.456623376E+03
     0.456542138E+03
     0.456433843E+03
     0.456467682E+03
     0.456433843E+03
     0.456379731E+03
     0.456352677E+03
     0.456271526E+03
     0.456163347E+03
     0.456197150E+03
     0.456163347E+03
     0.456109292E+03
     0.456082267E+03
     0.456001200E+03
     0.455893135E+03
     0.455926902E+03
     0.455893135E+03
     0.455839134E+03
     0.455812137E+03
     0.455731153E+03
     0.455623198E+03
     0.455656931E+03
     0.455623198E+03
     0.455569252E+03
     0.455542281E+03
     0.455461378E+03
     0.455353531E+03
     0.455387230E+03
     0.455353531E+03
     0.455299637E+03
     0.455272693E+03
     0.455191869E+03
     0.455084126E+03
     0.455117793E+03
     0.455084126E+03
     0.455030284E+03
     0.455003365E+03
     0.454922618E+03
     0.454814977E+03
     0.454848612E+03
     0.454814977E+03
     0.454761185E+03
     0.454734291E+03
     0.454653619E+03
     0.454546078E+03
     0.454579682E+03
     0.454546078E+03
     0.454492334E+03
     0.454465464E+03
     0.454384864E+03
     0.454277421E+03
     0.454310994E+03
     0.454277421E+03
     0.454223724E+03
     0.454196878E+03
     0.454116349E+03
     0.454008999E+03
     0.454042543E+03
     0.454008999E+03
     0.453955348E+03
     0.453928525E+03
     0.453848065E+03
     0.453740807E+03
     0.453774322E+03
     0.453740807E+03
     0.453687200E+03
     0.453660399E+03
     0.453580006E+03
     0.453472837E+03
     0.453506325E+03
     0.453472837E+03
     0.453419274E+03
     0.453392494E+03
     0.453312166E+03
     0.453205083E+03
     0.453238544E+03
     0.453205083E+03
     0.453151562E+03
     0.453124803E+03
     0.453044537E+03
     0.452937538E+03
     0.452970973E+03
     0.452937538E+03
     0.452884057E+03
     0.452857319E+03
     0.452777114E+03
     0.452670196E+03
     0.452703605E+03
     0.452670196E+03
     0.452616754E+03
     0.452590036E+03
     0.452509890E+03
     0.452403050E+03
     0.452436435E+03
     0.452403050E+03
     0.452349646E+03
     0.452322947E+03
     0.452242858E+03
     0.452136094E+03
     0.452169455E+03
     0.452136094E+03
     0.452082727E+03
     0.452056045E+03
     0.451976011E+03
     0.451869321E+03
     0.451902659E+03
     0.451869321E+03
     0.451815989E+03
     0.451789325E+03
     0.451709344E+03
     0.451602724E+03
     0.451636040E+03
     0.451602724E+03
     0.451549426E+03
     0.451522780E+03
     0.451442850E+03
     0.451336298E+03
     0.451369593E+03
     0.451336298E+03
     0.451283033E+03
     0.451256403E+03
     0.451176522E+03
     0.451070036E+03
     0.451103310E+03
     0.451070036E+03
     0.451016802E+03
     0.450990188E+03
     0.450910354E+03
     0.450803931E+03
     0.450837185E+03
     0.450803931E+03
     0.450750728E+03
     0.450724128E+03
     0.450644340E+03
     0.450537977E+03
     0.450571213E+03
     0.450537977E+03
     0.450484803E+03
     0.450458218E+03
     0.450378473E+03
     0.450272169E+03
     0.450305386E+03
     0.450272169E+03
     0.450219022E+03
     0.450192452E+03
     0.450112748E+03
     0.450006499E+03
     0.450039699E+03
     0.450006499E+03
     0.449953379E+03
     0.449926822E+03
     0.449847158E+03
     0.449740963E+03
     0.449774146E+03
     0.449740963E+03
     0.449687868E+03
     0.449661323E+03
     0.449581698E+03
     0.449475552E+03
     0.449508720E+03
     0.449475552E+03
     0.449422482E+03
     0.449395949E+03
     0.449316360E+03
     0.449210263E+03
     0.449243415E+03
     0.449210263E+03
     0.449157215E+03
     0.449130694E+03
     0.449051139E+03
     0.448945087E+03
     0.448978226E+03
     0.448945087E+03
     0.448892062E+03
     0.448865551E+03
     0.448786029E+03
     0.448680021E+03
     0.448713146E+03
     0.448680021E+03
     0.448627016E+03
     0.448600515E+03
     0.448521024E+03
     0.448415057E+03
     0.448448169E+03
     0.448415057E+03
     0.448362071E+03
     0.448335581E+03
     0.448256119E+03
     0.448150191E+03
     0.448183290E+03
     0.448150191E+03
     0.448097223E+03
     0.448070742E+03
     0.447991307E+03
     0.447885415E+03
     0.447918504E+03
     0.447885415E+03
     0.447832465E+03
     0.447805992E+03
     0.447726583E+03
     0.447620726E+03
     0.447653803E+03
     0.447620726E+03
     0.447567791E+03
     0.447541326E+03
     0.447461941E+03
     0.447356116E+03
     0.447389184E+03
     0.447356116E+03
     0.447303196E+03
     0.447276739E+03
     0.447197376E+03
     0.447091581E+03
     0.447124639E+03
     0.447091581E+03
     0.447038675E+03
     0.447012225E+03
     0.446932883E+03
     0.446827115E+03
     0.446860165E+03
     0.446827115E+03
     0.446774222E+03
     0.446747778E+03
     0.446668455E+03
     0.446562713E+03
     0.446595755E+03
     0.446562713E+03
     0.446509832E+03
     0.446483394E+03
     0.446404089E+03
     0.446298370E+03
     0.446331404E+03
     0.446298370E+03
     0.446245500E+03
     0.446219067E+03
     0.446139778E+03
     0.446034081E+03
     0.446067108E+03
     0.446034081E+03
     0.445981220E+03
     0.445954792E+03
     0.445875517E+03
     0.445769840E+03
     0.445802861E+03
     0.445769840E+03
     0.445716988E+03
     0.445690564E+03
     0.445611302E+03
     0.445505642E+03
     0.445538658E+03
     0.445505642E+03
     0.445452798E+03
     0.445426378E+03
     0.445347129E+03
     0.445241484E+03
     0.445274495E+03
     0.445241484E+03
     0.445188647E+03
     0.445162231E+03
     0.445082991E+03
     0.444977360E+03
     0.445010367E+03
     0.444977360E+03
     0.444924529E+03
     0.444898116E+03
     0.444818885E+03
     0.444713266E+03
     0.444746269E+03
     0.444713266E+03
     0.444660440E+03
     0.444634029E+03
     0.444554806E+03
     0.444449198E+03
     0.444482198E+03
     0.444449198E+03
     0.444396376E+03
     0.444369967E+03
     0.444290751E+03
     0.444185151E+03
     0.444218148E+03
     0.444185151E+03
     0.444132332E+03
     0.444105925E+03
     0.444026714E+03
     0.443921121E+03
     0.443954116E+03
     0.443921121E+03
     0.443868305E+03
     0.443841899E+03
     0.443762692E+03
     0.443657104E+03
     0.443690097E+03
     0.443657104E+03
     0.443604290E+03
     0.443577885E+03
     0.443498681E+03
     0.443393097E+03
     0.443426089E+03
     0.443393097E+03
     0.443340284E+03
     0.443313880E+03
     0.443234677E+03
     0.443129096E+03
     0.443162087E+03
     0.443129096E+03
     0.443076284E+03
     0.443049880E+03
     0.442970678E+03
     0.442865097E+03
     0.442898089E+03
     0.442865097E+03
     0.442812285E+03
     0.442785881E+03
     0.442706679E+03
     0.442601099E+03
     0.442634090E+03
     0.442601099E+03
     0.442548286E+03
     0.442521881E+03
     0.442442678E+03
     0.442337096E+03
     0.442370088E+03
     0.442337096E+03
     0.442284282E+03
     0.442257877E+03
     0.442178673E+03
     0.442073088E+03
     0.442106081E+03
     0.442073088E+03
     0.442020272E+03
     0.441993866E+03
     0.441914659E+03
     0.441809071E+03
     0.441842065E+03
     0.441809071E+03
     0.441756253E+03
     0.441729846E+03
     0.441650636E+03
     0.441545043E+03
     0.441578038E+03
     0.441545043E+03
     0.441492223E+03
     0.441465815E+03
     0.441386600E+03
     0.441281003E+03
     0.441313999E+03
     0.441281003E+03
     0.441228179E+03
     0.441201770E+03
     0.441122551E+03
     0.441016947E+03
     0.441049946E+03
     0.441016947E+03
     0.440964121E+03
     0.440937709E+03
     0.440858486E+03
     0.440752876E+03
     0.440785877E+03
     0.440752876E+03
     0.440700046E+03
     0.440673633E+03
     0.440594404E+03
     0.440488788E+03
     0.440521790E+03
     0.440488788E+03
     0.440435954E+03
     0.440409540E+03
     0.440330305E+03
     0.440224682E+03
     0.440257686E+03
     0.440224682E+03
     0.440171844E+03
     0.440145428E+03
     0.440066188E+03
     0.439960557E+03
     0.439993564E+03
     0.439960557E+03
     0.439907716E+03
     0.439881298E+03
     0.439802053E+03
     0.439696415E+03
     0.439729424E+03
     0.439696415E+03
     0.439643570E+03
     0.439617150E+03
     0.439537899E+03
     0.439432254E+03
     0.439465265E+03
     0.439432254E+03
     0.439379405E+03
     0.439352983E+03
     0.439273727E+03
     0.439168075E+03
     0.439201089E+03
     0.439168075E+03
     0.439115224E+03
     0.439088800E+03
     0.439009539E+03
     0.438903880E+03
     0.438936896E+03
     0.438903880E+03
     0.438851026E+03
     0.438824601E+03
     0.438745336E+03
     0.438639671E+03
     0.438672689E+03
     0.438639671E+03
     0.438586814E+03
     0.438560388E+03
     0.438481119E+03
     0.438375449E+03
     0.438408468E+03
     0.438375449E+03
     0.438322590E+03
     0.438296163E+03
     0.438216891E+03
     0.438111217E+03
     0.438144237E+03
     0.438111217E+03
     0.438058356E+03
     0.438031928E+03
     0.437952654E+03
     0.437846978E+03
     0.437879999E+03
     0.437846978E+03
     0.437794116E+03
     0.437767688E+03
     0.437688413E+03
     0.437582735E+03
     0.437615757E+03
     0.437582735E+03
     0.437529874E+03
     0.437503446E+03
     0.437424171E+03
     0.437318494E+03
     0.437351515E+03
     0.437318494E+03
     0.437265634E+03
     0.437239206E+03
     0.437159933E+03
     0.437054258E+03
     0.437087279E+03
     0.437054258E+03
     0.437001400E+03
     0.436974974E+03
     0.436895704E+03
     0.436790033E+03
     0.436823053E+03
     0.436790033E+03
     0.436737179E+03
     0.436710755E+03
     0.436631490E+03
     0.436525827E+03
     0.436558844E+03
     0.436525827E+03
     0.436472978E+03
     0.436446556E+03
     0.436367299E+03
     0.436261645E+03
     0.436294659E+03
     0.436261645E+03
     0.436208803E+03
     0.436182384E+03
     0.436103137E+03
     0.435997496E+03
     0.436030506E+03
     0.435997496E+03
     0.435944662E+03
     0.435918247E+03
     0.435839012E+03
     0.435733389E+03
     0.435766393E+03
     0.435733389E+03
     0.435680565E+03
     0.435654155E+03
     0.435574936E+03
     0.435469333E+03
     0.435502331E+03
     0.435469333E+03
     0.435416521E+03
     0.435390117E+03
     0.435310917E+03
     0.435205338E+03
     0.435238329E+03
     0.435205338E+03
     0.435152541E+03
     0.435126145E+03
     0.435046967E+03
     0.434941418E+03
     0.434974399E+03
     0.434941418E+03
     0.434888638E+03
     0.434862251E+03
     0.434783098E+03
     0.434677584E+03
     0.434710555E+03
     0.434677584E+03
     0.434624825E+03
     0.434598447E+03
     0.434519325E+03
     0.434413851E+03
     0.434446809E+03
     0.434413851E+03
     0.434361115E+03
     0.434334749E+03
     0.434255662E+03
     0.434150235E+03
     0.434183178E+03
     0.434150235E+03
     0.434097525E+03
     0.434071173E+03
     0.433992125E+03
     0.433886751E+03
     0.433919678E+03
     0.433886751E+03
     0.433834072E+03
     0.433807735E+03
     0.433728733E+03
     0.433623419E+03
     0.433656327E+03
     0.433623419E+03
     0.433570774E+03
     0.433544454E+03
     0.433465503E+03
     0.433360258E+03
     0.433393145E+03
     0.433360258E+03
     0.433307652E+03
     0.433281351E+03
     0.433202458E+03
     0.433097291E+03
     0.433130153E+03
     0.433097291E+03
     0.433044728E+03
     0.433018449E+03
     0.432939621E+03
     0.432834540E+03
     0.432867375E+03
     0.432834540E+03
     0.432782025E+03
     0.432755770E+03
     0.432677015E+03
     0.432572031E+03
     0.432604836E+03
     0.432572031E+03
     0.432519570E+03
     0.432493343E+03
     0.432414668E+03
     0.432309792E+03
     0.432342563E+03
     0.432309792E+03
     0.432257392E+03
     0.432231194E+03
     0.432152610E+03
     0.432047853E+03
     0.432080587E+03
     0.432047853E+03
     0.431995520E+03
     0.431969355E+03
     0.431890871E+03
     0.431786248E+03
     0.431818940E+03
     0.431786248E+03
     0.431733987E+03
     0.431707860E+03
     0.431629486E+03
     0.431525010E+03
     0.431557656E+03
     0.431525010E+03
     0.431472831E+03
     0.431446744E+03
     0.431368493E+03
     0.431264179E+03
     0.431296775E+03
     0.431264179E+03
     0.431212090E+03
     0.431186048E+03
     0.431107931E+03
     0.431003797E+03
     0.431036336E+03
     0.431003797E+03
     0.430951807E+03
     0.430925814E+03
     0.430847845E+03
     0.430743909E+03
     0.430776386E+03
     0.430743909E+03
     0.430692027E+03
     0.430666089E+03
     0.430588283E+03
     0.430484564E+03
     0.430516973E+03
     0.430484564E+03
     0.430432801E+03
     0.430406923E+03
     0.430329296E+03
     0.430225815E+03
     0.430258150E+03
     0.430225815E+03
     0.430174184E+03
     0.430148371E+03
     0.430070941E+03
     0.429967722E+03
     0.429999975E+03
     0.429967722E+03
     0.429916235E+03
     0.429890494E+03
     0.429813279E+03
     0.429710348E+03
     0.429742512E+03
     0.429710348E+03
     0.429659019E+03
     0.429633356E+03
     0.429556378E+03
     0.429453762E+03
     0.429485827E+03
     0.429453762E+03
     0.429402606E+03
     0.429377030E+03
     0.429300311E+03
     0.429198041E+03
     0.429229998E+03
     0.429198041E+03
     0.429147074E+03
     0.429121593E+03
     0.429045158E+03
     0.428943267E+03
     0.428975105E+03
     0.428943267E+03
     0.428892507E+03
     0.428867130E+03
     0.428791007E+03
     0.428689531E+03
     0.428721240E+03
     0.428689531E+03
     0.428638999E+03
     0.428613736E+03
     0.428537955E+03
     0.428436934E+03
     0.428468500E+03
     0.428436934E+03
     0.428386652E+03
     0.428361514E+03
     0.428286107E+03
     0.428185585E+03
     0.428216996E+03
     0.428185585E+03
     0.428135578E+03
     0.428110577E+03
     0.428035581E+03
     0.427935608E+03
     0.427966847E+03
     0.427935608E+03
     0.427885902E+03
     0.427861051E+03
     0.427786507E+03
     0.427687136E+03
     0.427718187E+03
     0.427687136E+03
     0.427637761E+03
     0.427613076E+03
     0.427539029E+03
     0.427440320E+03
     0.427471164E+03
     0.427440320E+03
     0.427391311E+03
     0.427366808E+03
     0.427293308E+03
     0.427195329E+03
     0.427225945E+03
     0.427195329E+03
     0.427146722E+03
     0.427122420E+03
     0.427049524E+03
     0.426952349E+03
     0.426982714E+03
     0.426952349E+03
     0.426904187E+03
     0.426880108E+03
     0.426807880E+03
     0.426711594E+03
     0.426741681E+03
     0.426711594E+03
     0.426663926E+03
     0.426640094E+03
     0.426568605E+03
     0.426473306E+03
     0.426503085E+03
     0.426473306E+03
     0.426426186E+03
     0.426402628E+03
     0.426331962E+03
     0.426237759E+03
     0.426267195E+03
     0.426237759E+03
     0.426191251E+03
     0.426168000E+03
     0.426098252E+03
     0.426005272E+03
     0.426034326E+03
     0.426005272E+03
     0.425959452E+03
     0.425936543E+03
     0.425867825E+03
     0.425776218E+03
     0.425804843E+03
     0.425776218E+03
     0.425731171E+03
     0.425708650E+03
     0.425641093E+03
     0.425551033E+03
     0.425579175E+03
     0.425551033E+03
     0.425506867E+03
     0.425484785E+03
     0.425418548E+03
     0.425330247E+03
     0.425357839E+03
     0.425330247E+03
     0.425287089E+03
     0.425265512E+03
     0.425200787E+03
     0.425114503E+03
     0.425141465E+03
     0.425114503E+03
     0.425072517E+03
     0.425051526E+03
     0.424988558E+03
     0.424904615E+03
     0.424930845E+03
     0.424904615E+03
     0.424864013E+03
     0.424843713E+03
     0.424782820E+03
     0.424701642E+03
     0.424727008E+03
     0.424701642E+03
     0.424662714E+03
     0.424643252E+03
     0.424584869E+03
     0.424507038E+03
     0.424531359E+03
     0.424507038E+03
     0.424470216E+03
     0.424451806E+03
     0.424396581E+03
     0.424322959E+03
     0.424345965E+03
     0.424322959E+03
     0.424288970E+03
     0.424271976E+03
     0.424220999E+03
     0.424153038E+03
     0.424174275E+03
     0.424293645E+03
     0.424278989E+03
     0.424235022E+03
     0.424176408E+03
     0.424194724E+03
     0.424176408E+03
     0.424146855E+03
     0.424132080E+03
     0.424087756E+03
     0.424028665E+03
     0.424047130E+03
     0.424028665E+03
     0.423996484E+03
     0.423980395E+03
     0.423932130E+03
     0.423867787E+03
     0.423887893E+03
     0.423867787E+03
     0.423832379E+03
     0.423814677E+03
     0.423761574E+03
     0.423690781E+03
     0.423712902E+03
     0.423690781E+03
     0.423652712E+03
     0.423633679E+03
     0.423576585E+03
     0.423500472E+03
     0.423524255E+03
     0.423500472E+03
     0.423460085E+03
     0.423439893E+03
     0.423379323E+03
     0.423298577E+03
     0.423323808E+03
     0.423298577E+03
     0.423256102E+03
     0.423234866E+03
     0.423171164E+03
     0.423086243E+03
     0.423112779E+03
     0.423086243E+03
     0.423041841E+03
     0.423019641E+03
     0.422953049E+03
     0.422864276E+03
     0.422892016E+03
     0.422864276E+03
     0.422818063E+03
     0.422794958E+03
     0.422725650E+03
     0.422633258E+03
     0.422662128E+03
     0.422633258E+03
     0.422585318E+03
     0.422561351E+03
     0.422489455E+03
     0.422393614E+03
     0.422423562E+03
     0.422393614E+03
     0.422344011E+03
     0.422319211E+03
     0.422244821E+03
     0.422145655E+03
     0.422176642E+03
     0.422145655E+03
     0.422094433E+03
     0.422068824E+03
     0.421992007E+03
     0.421889605E+03
     0.421921603E+03
     0.421889605E+03
     0.421836794E+03
     0.421810391E+03
     0.421731192E+03
     0.421625615E+03
     0.421658605E+03
     0.421625615E+03
     0.421571234E+03
     0.421544046E+03
     0.421462492E+03
     0.421353778E+03
     0.421387748E+03
     0.421353778E+03
     0.421297835E+03
     0.421269866E+03
     0.421185970E+03
     0.421074135E+03
     0.421109080E+03
     0.421074135E+03
     0.421016629E+03
     0.420987878E+03
     0.420901639E+03
     0.420786681E+03
     0.420822602E+03
     0.420786681E+03
     0.420727602E+03
     0.420698066E+03
     0.420609469E+03
     0.420491368E+03
     0.420528271E+03
     0.420491368E+03
     0.420430698E+03
     0.420400367E+03
     0.420309385E+03
     0.420188107E+03
     0.420226002E+03
     0.420188107E+03
     0.420125820E+03
     0.420094680E+03
     0.420001274E+03
     0.419876766E+03
     0.419915671E+03
     0.419876766E+03
     0.419812827E+03
     0.419780862E+03
     0.419684980E+03
     0.419557171E+03
     0.419597107E+03
     0.419557171E+03
     0.419491537E+03
     0.419458724E+03
     0.419360300E+03
     0.419229105E+03
     0.419270099E+03
     0.419229105E+03
     0.419161721E+03
     0.419128034E+03
     0.419026988E+03
     0.418892297E+03
     0.418934383E+03
     0.418892297E+03
     0.418823100E+03
     0.418788506E+03
     0.418684740E+03
     0.418546426E+03
     0.418589644E+03
     0.418546426E+03
     0.418475338E+03
     0.418439798E+03
     0.418333197E+03
     0.418191104E+03
     0.418235503E+03
     0.418191104E+03
     0.418118032E+03
     0.418081501E+03
     0.417971926E+03
     0.417825871E+03
     0.417871508E+03
     0.417825871E+03
     0.417750705E+03
     0.417713127E+03
     0.417600414E+03
     0.417450177E+03
     0.417497120E+03
     0.417450177E+03
     0.417372786E+03
     0.417334096E+03
     0.417218047E+03
     0.417063365E+03
     0.417111697E+03
     0.417063365E+03
     0.416983590E+03
     0.416943708E+03
     0.416824084E+03
     0.416664640E+03
     0.416714460E+03
     0.416664640E+03
     0.416582287E+03
     0.416541116E+03
     0.416417628E+03
     0.416253034E+03
     0.416304463E+03
     0.416253034E+03
     0.416167861E+03
     0.416125281E+03
     0.415997568E+03
     0.415827345E+03
     0.415880532E+03
     0.415827345E+03
     0.415739049E+03
     0.415694908E+03
     0.415562514E+03
     0.415386053E+03
     0.415441189E+03
     0.415386053E+03
     0.415294240E+03
     0.415248341E+03
     0.415110674E+03
     0.414927189E+03
     0.414984519E+03
     0.414927189E+03
     0.414831328E+03
     0.414783406E+03
     0.414639672E+03
     0.414448104E+03
     0.414507960E+03
     0.414448104E+03
     0.414347725E+03
     0.414297544E+03
     0.414147038E+03
     0.413946448E+03
     0.414009122E+03
     0.413946448E+03
     0.413845245E+03
     0.413794653E+03
     0.413642912E+03
     0.413440679E+03
     0.413503866E+03
     0.413440679E+03
     0.413338600E+03
     0.413287571E+03
     0.413134519E+03
     0.412930539E+03
     0.412994272E+03
     0.412930539E+03
     0.412827576E+03
     0.412776105E+03
     0.412621728E+03
     0.412415983E+03
     0.412480267E+03
     0.412415983E+03
     0.412312127E+03
     0.412260208E+03
     0.412104493E+03
     0.411896964E+03
     0.411961806E+03
     0.411896964E+03
     0.411792206E+03
     0.411739837E+03
     0.411582770E+03
     0.411373440E+03
     0.411438844E+03
     0.411373440E+03
     0.411267772E+03
     0.411214948E+03
     0.411056517E+03
     0.410845371E+03
     0.410911342E+03
     0.410845371E+03
     0.410738785E+03
     0.410685503E+03
     0.410525697E+03
     0.410312719E+03
     0.410379262E+03
     0.410312719E+03
     0.410205209E+03
     0.410151464E+03
     0.409990273E+03
     0.409775450E+03
     0.409842570E+03
     0.409775450E+03
     0.409667010E+03
     0.409612800E+03
     0.409450215E+03
     0.409233535E+03
     0.409301235E+03
     0.409233535E+03
     0.409124159E+03
     0.409069482E+03
     0.408905495E+03
     0.408686948E+03
     0.408755231E+03
     0.408686948E+03
     0.408576631E+03
     0.408521484E+03
     0.408356088E+03
     0.408135664E+03
     0.408204534E+03
     0.408135664E+03
     0.408024404E+03
     0.407968786E+03
     0.407801975E+03
     0.407579668E+03
     0.407649126E+03
     0.407579668E+03
     0.407467461E+03
     0.407411369E+03
     0.407243140E+03
     0.407018943E+03
     0.407088992E+03
     0.407018943E+03
     0.406907269E+03
     0.406851443E+03
     0.406684012E+03
     0.406460878E+03
     0.406530595E+03
     0.406460878E+03
     0.406350026E+03
     0.406294611E+03
     0.406128412E+03
     0.405906919E+03
     0.405976122E+03
     0.405906919E+03
     0.405796652E+03
     0.405741529E+03
     0.405576207E+03
     0.405355882E+03
     0.405424721E+03
     0.405355882E+03
     0.405246006E+03
     0.405191078E+03
     0.405026341E+03
     0.404806796E+03
     0.404875391E+03
     0.404806796E+03
     0.404697154E+03
     0.404642344E+03
     0.404477958E+03
     0.404258881E+03
     0.404327330E+03
     0.404258881E+03
     0.404149346E+03
     0.404094590E+03
     0.403930365E+03
     0.403711502E+03
     0.403779884E+03
     0.403711502E+03
     0.403601967E+03
     0.403547211E+03
     0.403382987E+03
     0.403164125E+03
     0.403232506E+03
     0.403164125E+03
     0.403054499E+03
     0.402999697E+03
     0.402835337E+03
     0.402616293E+03
     0.402684732E+03
     0.402616293E+03
     0.402506497E+03
     0.402451611E+03
     0.402286995E+03
     0.402067612E+03
     0.402136157E+03
     0.402067612E+03
     0.401957576E+03
     0.401902569E+03
     0.401737594E+03
     0.401517733E+03
     0.401586427E+03
     0.401517733E+03
     0.401407394E+03
     0.401352236E+03
     0.401186808E+03
     0.400966342E+03
     0.401035225E+03
     0.400966342E+03
     0.400855644E+03
     0.400800307E+03
     0.400634341E+03
     0.400413159E+03
     0.400482265E+03
     0.400413159E+03
     0.400302050E+03
     0.400246507E+03
     0.400079925E+03
     0.399857924E+03
     0.399927286E+03
     0.399857924E+03
     0.399746356E+03
     0.399690584E+03
     0.399523315E+03
     0.399300398E+03
     0.399370046E+03
     0.399300398E+03
     0.399188327E+03
     0.399132303E+03
     0.398964280E+03
     0.398740358E+03
     0.398810320E+03
     0.398740358E+03
     0.398627741E+03
     0.398571445E+03
     0.398402604E+03
     0.398177593E+03
     0.398247895E+03
     0.398177593E+03
     0.398064391E+03
     0.398007802E+03
     0.397838083E+03
     0.397611904E+03
     0.397682571E+03
     0.397611904E+03
     0.397498077E+03
     0.397441176E+03
     0.397270522E+03
     0.397043097E+03
     0.397114153E+03
     0.397043097E+03
     0.396928609E+03
     0.396871378E+03
     0.396699733E+03
     0.396470988E+03
     0.396542457E+03
     0.396470988E+03
     0.396355803E+03
     0.396298223E+03
     0.396125533E+03
     0.395895397E+03
     0.395967300E+03
     0.395895397E+03
     0.395779479E+03
     0.395721533E+03
     0.395547745E+03
     0.395316147E+03
     0.395388506E+03
     0.395316147E+03
     0.395199461E+03
     0.395141131E+03
     0.394966194E+03
     0.394733064E+03
     0.394805902E+03
     0.394733064E+03
     0.394615577E+03
     0.394556846E+03
     0.394380707E+03
     0.394145977E+03
     0.394219315E+03
     0.394145977E+03
     0.394027653E+03
     0.393968505E+03
     0.393791112E+03
     0.393554714E+03
     0.393628573E+03
     0.393554714E+03
     0.393435519E+03
     0.393375936E+03
     0.393197239E+03
     0.392959103E+03
     0.393033505E+03
     0.392959103E+03
     0.392839003E+03
     0.392778967E+03
     0.392598914E+03
     0.392358972E+03
     0.392433938E+03
     0.392358972E+03
     0.392237932E+03
     0.392177426E+03
     0.391995964E+03
     0.391754145E+03
     0.391829698E+03
     0.391754145E+03
     0.391632130E+03
     0.391571136E+03
     0.391388212E+03
     0.391144446E+03
     0.391220607E+03
     0.391144446E+03
     0.391021418E+03
     0.390959919E+03
     0.390775478E+03
     0.390529693E+03
     0.390606484E+03
     0.390529693E+03
     0.390405616E+03
     0.390343592E+03
     0.390157579E+03
     0.389909700E+03
     0.389987146E+03
     0.389909700E+03
     0.389784535E+03
     0.389721968E+03
     0.389534326E+03
     0.389284276E+03
     0.389362400E+03
     0.389284276E+03
     0.389157984E+03
     0.389094853E+03
     0.388905522E+03
     0.388653224E+03
     0.388732049E+03
     0.388653224E+03
     0.388525763E+03
     0.388462048E+03
     0.388270967E+03
     0.388016337E+03
     0.388095891E+03
     0.388016337E+03
     0.387887665E+03
     0.387823345E+03
     0.387630449E+03
     0.387373403E+03
     0.387453712E+03
     0.387373403E+03
     0.387243475E+03
     0.387178527E+03
     0.386983749E+03
     0.386724197E+03
     0.386805289E+03
     0.386724197E+03
     0.386592966E+03
     0.386527367E+03
     0.386330637E+03
     0.386068485E+03
     0.386150388E+03
     0.386068485E+03
     0.385935901E+03
     0.385869626E+03
     0.385670869E+03
     0.385406019E+03
     0.385488765E+03
     0.385406019E+03
     0.385272029E+03
     0.385205051E+03
     0.385004189E+03
     0.384736535E+03
     0.384820157E+03
     0.384736535E+03
     0.384601083E+03
     0.384533376E+03
     0.384330324E+03
     0.384059755E+03
     0.384144287E+03
     0.384059755E+03
     0.383922782E+03
     0.383854314E+03
     0.383648983E+03
     0.383375379E+03
     0.383460859E+03
     0.383375379E+03
     0.383236821E+03
     0.383167560E+03
     0.382959854E+03
     0.382683088E+03
     0.382769556E+03
     0.382683088E+03
     0.382542875E+03
     0.382472787E+03
     0.382262602E+03
     0.381982535E+03
     0.382070034E+03
     0.381982535E+03
     0.381840592E+03
     0.381769640E+03
     0.381556864E+03
     0.381273346E+03
     0.381361923E+03
     0.381273346E+03
     0.381129591E+03
     0.381057733E+03
     0.380842243E+03
     0.380555112E+03
     0.380644817E+03
     0.380555112E+03
     0.380409455E+03
     0.380336647E+03
     0.380118308E+03
     0.379827384E+03
     0.379918274E+03
     0.379827384E+03
     0.379680082E+03
     0.379606453E+03
     0.379385649E+03
     0.379091444E+03
     0.379183359E+03
     0.379091444E+03
     0.378943460E+03
     0.378869489E+03
     0.378647664E+03
     0.378352099E+03
     0.378444438E+03
     0.378352099E+03
     0.378203429E+03
     0.378129115E+03
     0.377906263E+03
     0.377609331E+03
     0.377702098E+03
     0.377609331E+03
     0.377459977E+03
     0.377385322E+03
     0.377161446E+03
     0.376863151E+03
     0.376956343E+03
     0.376863151E+03
     0.376713114E+03
     0.376638119E+03
     0.376413221E+03
     0.376113566E+03
     0.376207182E+03
     0.376113566E+03
     0.375962848E+03
     0.375887512E+03
     0.375661595E+03
     0.375360583E+03
     0.375454623E+03
     0.375360583E+03
     0.375209186E+03
     0.375133511E+03
     0.374906576E+03
     0.374604210E+03
     0.374698673E+03
     0.374604210E+03
     0.374452135E+03
     0.374376121E+03
     0.374148171E+03
     0.373844453E+03
     0.373939339E+03
     0.373844453E+03
     0.373691702E+03
     0.373615349E+03
     0.373386385E+03
     0.373081319E+03
     0.373176625E+03
     0.373081319E+03
     0.372927891E+03
     0.372851201E+03
     0.372621225E+03
     0.372314812E+03
     0.372410539E+03
     0.372314812E+03
     0.372160710E+03
     0.372083683E+03
     0.371852697E+03
     0.371544939E+03
     0.371641086E+03
     0.371544939E+03
     0.371390163E+03
     0.371312800E+03
     0.371080806E+03
     0.370771706E+03
     0.370868272E+03
     0.370771706E+03
     0.370616258E+03
     0.370538558E+03
     0.370305558E+03
     0.369995118E+03
     0.370092102E+03
     0.369995118E+03
     0.369838999E+03
     0.369760964E+03
     0.369526959E+03
     0.369215182E+03
     0.369312584E+03
     0.369215182E+03
     0.369058394E+03
     0.368980024E+03
     0.368745016E+03
     0.368431905E+03
     0.368529724E+03
     0.368431905E+03
     0.368274449E+03
     0.368195746E+03
     0.367959737E+03
     0.367645294E+03
     0.367743529E+03
     0.367645294E+03
     0.367487171E+03
     0.367408135E+03
     0.367171128E+03
     0.366855357E+03
     0.366954007E+03
     0.366855357E+03
     0.366696569E+03
     0.366617201E+03
     0.366379199E+03
     0.366062103E+03
     0.366161166E+03
     0.366062103E+03
     0.365902651E+03
     0.365822951E+03
     0.365583956E+03
     0.365265539E+03
     0.365365015E+03
     0.365265539E+03
     0.365105427E+03
     0.365025397E+03
     0.364785412E+03
     0.364465677E+03
     0.364565564E+03
     0.364465677E+03
     0.364304906E+03
     0.364224546E+03
     0.363983575E+03
     0.363662528E+03
     0.363762824E+03
     0.363662528E+03
     0.363501099E+03
     0.363420412E+03
     0.363178457E+03
     0.362856102E+03
     0.362956807E+03
     0.362856102E+03
     0.362694019E+03
     0.362613005E+03
     0.362370071E+03
     0.362046412E+03
     0.362147524E+03
     0.362046412E+03
     0.361883678E+03
     0.361802338E+03
     0.361558429E+03
     0.361233472E+03
     0.361334990E+03
     0.361233472E+03
     0.361070089E+03
     0.360988425E+03
     0.360743545E+03
     0.360417296E+03
     0.360519217E+03
     0.360417296E+03
     0.360253268E+03
     0.360171281E+03
     0.359925434E+03
     0.359597900E+03
     0.359700222E+03
     0.359597900E+03
     0.359433229E+03
     0.359350922E+03
     0.359104113E+03
     0.358775299E+03
     0.358878021E+03
     0.358775299E+03
     0.358609989E+03
     0.358527362E+03
     0.358279597E+03
     0.357949510E+03
     0.358052630E+03
     0.357949510E+03
     0.357783565E+03
     0.357700621E+03
     0.357451905E+03
     0.357120552E+03
     0.357224067E+03
     0.357120552E+03
     0.356953975E+03
     0.356870716E+03
     0.356621054E+03
     0.356288444E+03
     0.356392351E+03
     0.356288444E+03
     0.356121239E+03
     0.356037666E+03
     0.355787064E+03
     0.355453204E+03
     0.355557501E+03
     0.355453204E+03
     0.355285375E+03
     0.355201490E+03
     0.354949955E+03
     0.354614852E+03
     0.354719538E+03
     0.354614852E+03
     0.354446404E+03
     0.354362210E+03
     0.354109748E+03
     0.353773411E+03
     0.353878482E+03
     0.353773411E+03
     0.353604348E+03
     0.353519846E+03
     0.353266463E+03
     0.352928901E+03
     0.353034355E+03
     0.352928901E+03
     0.352759227E+03
     0.352674420E+03
     0.352420123E+03
     0.352081345E+03
     0.352187178E+03
     0.352081345E+03
     0.351911064E+03
     0.351825955E+03
     0.351570750E+03
     0.351230764E+03
     0.351336974E+03
     0.351230764E+03
     0.351059882E+03
     0.350974472E+03
     0.350718366E+03
     0.350377183E+03
     0.350483767E+03
     0.350377183E+03
     0.350205703E+03
     0.350119995E+03
     0.349862996E+03
     0.349520624E+03
     0.349627579E+03
     0.349520624E+03
     0.349348552E+03
     0.349262548E+03
     0.349004662E+03
     0.348661111E+03
     0.348768434E+03
     0.348661111E+03
     0.348488451E+03
     0.348402153E+03
     0.348143388E+03
     0.347798667E+03
     0.347906356E+03
     0.347798667E+03
     0.347625424E+03
     0.347538835E+03
     0.347279198E+03
     0.346933317E+03
     0.347041368E+03
     0.346933317E+03
     0.346759496E+03
     0.346672618E+03
     0.346412116E+03
     0.346065084E+03
     0.346173494E+03
     0.346065084E+03
     0.345890690E+03
     0.345803526E+03
     0.345542165E+03
     0.345193992E+03
     0.345302758E+03
     0.345193992E+03
     0.345019029E+03
     0.344931581E+03
     0.344669370E+03
     0.344320065E+03
     0.344429184E+03
     0.344320065E+03
     0.344144538E+03
     0.344056808E+03
     0.343793753E+03
     0.343443326E+03
     0.343552796E+03
     0.343443326E+03
     0.343267240E+03
     0.343179231E+03
     0.342915338E+03
     0.342563798E+03
     0.342673616E+03
     0.342563798E+03
     0.342387961E+03
     0.342300077E+03
     0.342036559E+03
     0.341685518E+03
     0.341795179E+03
     0.341685518E+03
     0.341510447E+03
     0.341422945E+03
     0.341160574E+03
     0.340811060E+03
     0.340920245E+03
     0.340811060E+03
     0.340636695E+03
     0.340549547E+03
     0.340288234E+03
     0.339940129E+03
     0.340048874E+03
     0.339940129E+03
     0.339766419E+03
     0.339679597E+03
     0.339419264E+03
     0.339072464E+03
     0.339180801E+03
     0.339072464E+03
     0.338899360E+03
     0.338812841E+03
     0.338553417E+03
     0.338207828E+03
     0.338315787E+03
     0.338207828E+03
     0.338035288E+03
     0.337949051E+03
     0.337690471E+03
     0.337346007E+03
     0.337453614E+03
     0.337346007E+03
     0.337173992E+03
     0.337088017E+03
     0.336830224E+03
     0.336486807E+03
     0.336594087E+03
     0.336486807E+03
     0.336315280E+03
     0.336229550E+03
     0.335972490E+03
     0.335630049E+03
     0.335737025E+03
     0.335630049E+03
     0.335458980E+03
     0.335373478E+03
     0.335117102E+03
     0.334775573E+03
     0.334882263E+03
     0.334775573E+03
     0.334604930E+03
     0.334519641E+03
     0.334263904E+03
     0.333923227E+03
     0.334029651E+03
     0.333923227E+03
     0.333752983E+03
     0.333667894E+03
     0.333412756E+03
     0.333072875E+03
     0.333179050E+03
     0.333072875E+03
     0.332903005E+03
     0.332818102E+03
     0.332563525E+03
     0.332224390E+03
     0.332330333E+03
     0.332224390E+03
     0.332054871E+03
     0.331970143E+03
     0.331716090E+03
     0.331377656E+03
     0.331483379E+03
     0.331377656E+03
     0.331208465E+03
     0.331123901E+03
     0.330870341E+03
     0.330532563E+03
     0.330638081E+03
     0.330532563E+03
     0.330363680E+03
     0.330279271E+03
     0.330026173E+03
     0.329689011E+03
     0.329794337E+03
     0.329689011E+03
     0.329520417E+03
     0.329436153E+03
     0.329183489E+03
     0.328846906E+03
     0.328952051E+03
     0.328846906E+03
     0.328678585E+03
     0.328594456E+03
     0.328342201E+03
     0.328006161E+03
     0.328111136E+03
     0.328006161E+03
     0.327838095E+03
     0.327754095E+03
     0.327502223E+03
     0.327166695E+03
     0.327271510E+03
     0.327166695E+03
     0.326998870E+03
     0.326914990E+03
     0.326663479E+03
     0.326328431E+03
     0.326433097E+03
     0.326328431E+03
     0.326160833E+03
     0.326077066E+03
     0.325825894E+03
     0.325491299E+03
     0.325595823E+03
     0.325491299E+03
     0.325323914E+03
     0.325240254E+03
     0.324989401E+03
     0.324655233E+03
     0.324759623E+03
     0.324655233E+03
     0.324488048E+03
     0.324404487E+03
     0.324153936E+03
     0.323820168E+03
     0.323924434E+03
     0.323820168E+03
     0.323653172E+03
     0.323569706E+03
     0.323319438E+03
     0.322986048E+03
     0.323090196E+03
     0.322986048E+03
     0.322819230E+03
     0.322735853E+03
     0.322485851E+03
     0.322152817E+03
     0.322256853E+03
     0.322152817E+03
     0.321986166E+03
     0.321902872E+03
     0.321653122E+03
     0.321320423E+03
     0.321424354E+03
     0.321320423E+03
     0.321153929E+03
     0.321070714E+03
     0.320821200E+03
     0.320488817E+03
     0.320592649E+03
     0.320488817E+03
     0.320322471E+03
     0.320239331E+03
     0.319990039E+03
     0.319657953E+03
     0.319761693E+03
     0.319657953E+03
     0.319491747E+03
     0.319408676E+03
     0.319159594E+03
     0.318827787E+03
     0.318931440E+03
     0.318827787E+03
     0.318661713E+03
     0.318578708E+03
     0.318329823E+03
     0.317998280E+03
     0.318101850E+03
     0.317998280E+03
     0.317832329E+03
     0.317749386E+03
     0.317500687E+03
     0.317169391E+03
     0.317272883E+03
     0.317169391E+03
     0.317003556E+03
     0.316920671E+03
     0.316672146E+03
     0.316341083E+03
     0.316444503E+03
     0.316341083E+03
     0.316175358E+03
     0.316092528E+03
     0.315844167E+03
     0.315513324E+03
     0.315616675E+03
     0.315513324E+03
     0.315347701E+03
     0.315264922E+03
     0.315016715E+03
     0.314686078E+03
     0.314789365E+03
     0.314686078E+03
     0.314520551E+03
     0.314437820E+03
     0.314189759E+03
     0.313859314E+03
     0.313962541E+03
     0.313859314E+03
     0.313693878E+03
     0.313611192E+03
     0.313363266E+03
     0.313033004E+03
     0.313136173E+03
     0.313033004E+03
     0.312867652E+03
     0.312785008E+03
     0.312537210E+03
     0.312207117E+03
     0.312310234E+03
     0.312207117E+03
     0.312041844E+03
     0.311959241E+03
     0.311711561E+03
     0.311381628E+03
     0.311484695E+03
     0.311381628E+03
     0.311216429E+03
     0.311133863E+03
     0.310886295E+03
     0.310556510E+03
     0.310659530E+03
     0.310556510E+03
     0.310391380E+03
     0.310308848E+03
     0.310061384E+03
     0.309731739E+03
     0.309834715E+03
     0.309731739E+03
     0.309566673E+03
     0.309484174E+03
     0.309236806E+03
     0.308907291E+03
     0.309010227E+03
     0.308907291E+03
     0.308742285E+03
     0.308659815E+03
     0.308412538E+03
     0.308083143E+03
     0.308186041E+03
     0.308083143E+03
     0.307918192E+03
     0.307835750E+03
     0.307588557E+03
     0.307259273E+03
     0.307362137E+03
     0.307259273E+03
     0.307094374E+03
     0.307011958E+03
     0.306764841E+03
     0.306435662E+03
     0.306538492E+03
     0.306435662E+03
     0.306270810E+03
     0.306188417E+03
     0.305941372E+03
     0.305612288E+03
     0.305715088E+03
     0.305612288E+03
     0.305447479E+03
     0.305365108E+03
     0.305118128E+03
     0.304789132E+03
     0.304891905E+03
     0.304789132E+03
     0.304624362E+03
     0.304542011E+03
     0.304295091E+03
     0.303966175E+03
     0.304068923E+03
     0.303966175E+03
     0.303801441E+03
     0.303719108E+03
     0.303472242E+03
     0.303143399E+03
     0.303246124E+03
     0.303143399E+03
     0.302978698E+03
     0.302896381E+03
     0.302649564E+03
     0.302320787E+03
     0.302423492E+03
     0.302320787E+03
     0.302156115E+03
     0.302073812E+03
     0.301827039E+03
     0.301498322E+03
     0.301601008E+03
     0.301498322E+03
     0.301333675E+03
     0.301251385E+03
     0.301004651E+03
     0.300675986E+03
     0.300778655E+03
     0.300675986E+03
     0.300511361E+03
     0.300429083E+03
     0.300182382E+03
     0.299853764E+03
     0.299956418E+03
     0.299853764E+03
     0.299689158E+03
     0.299606889E+03
     0.299360218E+03
     0.299031638E+03
     0.299134281E+03
     0.299031638E+03
     0.298867049E+03
     0.298784788E+03
     0.298538141E+03
     0.298209595E+03
     0.298312227E+03
     0.298209595E+03
     0.298045018E+03
     0.297962764E+03
     0.297716137E+03
     0.297387618E+03
     0.297490241E+03
     0.297387618E+03
     0.297223051E+03
     0.297140802E+03
     0.296894190E+03
     0.296565693E+03
     0.296668309E+03
     0.296565693E+03
     0.296401133E+03
     0.296318887E+03
     0.296072286E+03
     0.295743804E+03
     0.295846415E+03
     0.295743804E+03
     0.295579247E+03
     0.295497003E+03
     0.295250409E+03
     0.294921936E+03
     0.295024545E+03
     0.294921936E+03
     0.294757380E+03
     0.294675137E+03
     0.294428544E+03
     0.294100075E+03
     0.294202683E+03
     0.294100075E+03
     0.293935518E+03
     0.293853273E+03
     0.293606678E+03
     0.293278207E+03
     0.293380815E+03
     0.293278207E+03
     0.293113644E+03
     0.293031398E+03
     0.292784796E+03
     0.292456316E+03
     0.292558927E+03
     0.292456316E+03
     0.292291746E+03
     0.292209495E+03
     0.291962883E+03
     0.291634389E+03
     0.291737004E+03
     0.291634389E+03
     0.291469808E+03
     0.291387552E+03
     0.291140924E+03
     0.290812411E+03
     0.290915031E+03
     0.290812411E+03
     0.290647816E+03
     0.290565553E+03
     0.290318905E+03
     0.289990367E+03
     0.290092995E+03
     0.289990367E+03
     0.289825755E+03
     0.289743485E+03
     0.289496813E+03
     0.289168243E+03
     0.289270881E+03
     0.289168243E+03
     0.289003612E+03
     0.288921332E+03
     0.288674631E+03
     0.288346024E+03
     0.288448674E+03
     0.288346024E+03
     0.288181371E+03
     0.288099079E+03
     0.287852346E+03
     0.287523696E+03
     0.287626359E+03
     0.287523696E+03
     0.287359017E+03
     0.287276713E+03
     0.287029942E+03
     0.286701244E+03
     0.286803922E+03
     0.286701244E+03
     0.286536536E+03
     0.286454218E+03
     0.286207405E+03
     0.285878652E+03
     0.285981347E+03
     0.285878652E+03
     0.285713913E+03
     0.285631580E+03
     0.285384720E+03
     0.285055907E+03
     0.285158620E+03
     0.285055907E+03
     0.284891133E+03
     0.284808782E+03
     0.284561872E+03
     0.284232991E+03
     0.284335726E+03
     0.284232991E+03
     0.284068180E+03
     0.283985810E+03
     0.283738844E+03
     0.283409891E+03
     0.283512648E+03
     0.283409891E+03
     0.283245039E+03
     0.283162649E+03
     0.282915623E+03
     0.282586589E+03
     0.282689371E+03
     0.282586589E+03
     0.282421694E+03
     0.282339282E+03
     0.282092190E+03
     0.281763071E+03
     0.281865880E+03
     0.281763071E+03
     0.281598128E+03
     0.281515693E+03
     0.281268531E+03
     0.280939320E+03
     0.281042157E+03
     0.280939320E+03
     0.280774327E+03
     0.280691866E+03
     0.280444630E+03
     0.280115320E+03
     0.280218188E+03
     0.280115320E+03
     0.279950272E+03
     0.279867785E+03
     0.279620469E+03
     0.279291053E+03
     0.279393954E+03
     0.279291053E+03
     0.279125948E+03
     0.279043432E+03
     0.278796031E+03
     0.278466503E+03
     0.278569439E+03
     0.278466503E+03
     0.278301337E+03
     0.278218791E+03
     0.277971299E+03
     0.277641653E+03
     0.277744625E+03
     0.277641653E+03
     0.277476422E+03
     0.277393844E+03
     0.277146257E+03
     0.276816484E+03
     0.276919495E+03
     0.276816484E+03
     0.276651185E+03
     0.276568573E+03
     0.276320884E+03
     0.275990978E+03
     0.276094031E+03
     0.275990978E+03
     0.275825608E+03
     0.275742960E+03
     0.275495164E+03
     0.275165117E+03
     0.275268214E+03
     0.275165117E+03
     0.274999671E+03
     0.274916986E+03
     0.274669078E+03
     0.274338882E+03
     0.274442026E+03
     0.274338882E+03
     0.274173357E+03
     0.274090632E+03
     0.273842606E+03
     0.273512254E+03
     0.273615446E+03
     0.273512254E+03
     0.273346646E+03
     0.273263879E+03
     0.273015729E+03
     0.272685213E+03
     0.272788457E+03
     0.272685213E+03
     0.272519517E+03
     0.272436707E+03
     0.272188427E+03
     0.271857740E+03
     0.271961036E+03
     0.271857740E+03
     0.271691952E+03
     0.271609096E+03
     0.271360680E+03
     0.271029812E+03
     0.271133165E+03
     0.271029812E+03
     0.270863929E+03
     0.270781025E+03
     0.270532467E+03
     0.270201410E+03
     0.270304822E+03
     0.270201410E+03
     0.270035427E+03
     0.269952473E+03
     0.269703766E+03
     0.269372512E+03
     0.269475985E+03
     0.269372512E+03
     0.269206424E+03
     0.269123418E+03
     0.268874555E+03
     0.268543095E+03
     0.268646633E+03
     0.268543095E+03
     0.268376898E+03
     0.268293839E+03
     0.268044813E+03
     0.267713138E+03
     0.267816743E+03
     0.267713138E+03
     0.267546828E+03
     0.267463711E+03
     0.267214516E+03
     0.266882618E+03
     0.266986292E+03
     0.266882618E+03
     0.266716189E+03
     0.266633013E+03
     0.266383642E+03
     0.266051509E+03
     0.266155256E+03
     0.266051509E+03
     0.265884957E+03
     0.265801720E+03
     0.265552165E+03
     0.265219790E+03
     0.265323612E+03
     0.265219790E+03
     0.265053109E+03
     0.264969808E+03
     0.264720062E+03
     0.264387434E+03
     0.264491335E+03
     0.264387434E+03
     0.264220620E+03
     0.264137252E+03
     0.263887308E+03
     0.263554416E+03
     0.263658400E+03
     0.263554416E+03
     0.263387464E+03
     0.263304027E+03
     0.263053876E+03
     0.262720711E+03
     0.262824780E+03
     0.262720711E+03
     0.262553615E+03
     0.262470106E+03
     0.262219741E+03
     0.261886291E+03
     0.261990449E+03
     0.261886291E+03
     0.261719046E+03
     0.261635463E+03
     0.261384875E+03
     0.261051130E+03
     0.261155380E+03
     0.261051130E+03
     0.260883730E+03
     0.260800070E+03
     0.260549250E+03
     0.260215200E+03
     0.260319545E+03
     0.260215200E+03
     0.260047638E+03
     0.259963898E+03
     0.259712839E+03
     0.259378471E+03
     0.259482915E+03
     0.259378471E+03
     0.259210743E+03
     0.259126920E+03
     0.258875612E+03
     0.258540915E+03
     0.258645461E+03
     0.258540915E+03
     0.258373014E+03
     0.258289104E+03
     0.258037539E+03
     0.257702501E+03
     0.257807153E+03
     0.257702501E+03
     0.257534421E+03
     0.257450422E+03
     0.257198590E+03
     0.256863198E+03
     0.256967961E+03
     0.256863198E+03
     0.256694933E+03
     0.256610842E+03
     0.256358733E+03
     0.256022974E+03
     0.256127852E+03
     0.256022974E+03
     0.255854517E+03
     0.255770331E+03
     0.255517936E+03
     0.255181798E+03
     0.255286793E+03
     0.255181798E+03
     0.255013142E+03
     0.254928856E+03
     0.254676166E+03
     0.254339634E+03
     0.254444753E+03
     0.254339634E+03
     0.254170773E+03
     0.254086385E+03
     0.253833388E+03
     0.253496450E+03
     0.253601695E+03
     0.253496450E+03
     0.253327376E+03
     0.253242882E+03
     0.252989568E+03
     0.252652209E+03
     0.252757585E+03
     0.252652209E+03
     0.252482916E+03
     0.252398312E+03
     0.252144669E+03
     0.251806876E+03
     0.251912387E+03
     0.251806876E+03
     0.251637355E+03
     0.251552637E+03
     0.251298655E+03
     0.250960412E+03
     0.251066064E+03
     0.250960412E+03
     0.250790656E+03
     0.250705821E+03
     0.250451488E+03
     0.250112779E+03
     0.250218577E+03
     0.250112779E+03
     0.249942780E+03
     0.249857824E+03
     0.249603129E+03
     0.249263939E+03
     0.249369886E+03
     0.249263939E+03
     0.249093689E+03
     0.249008607E+03
     0.248753537E+03
     0.248413850E+03
     0.248519952E+03
     0.248413850E+03
     0.248243340E+03
     0.248158129E+03
     0.247902671E+03
     0.247562469E+03
     0.247668732E+03
     0.247562469E+03
     0.247391691E+03
     0.247306346E+03
     0.247050488E+03
     0.246709755E+03
     0.246816184E+03
     0.246709755E+03
     0.246538700E+03
     0.246453216E+03
     0.246196944E+03
     0.245855663E+03
     0.245962262E+03
     0.245855663E+03
     0.245684321E+03
     0.245598694E+03
     0.245341995E+03
     0.245000146E+03
     0.245106922E+03
     0.245000146E+03
     0.244828508E+03
     0.244742734E+03
     0.244485592E+03
     0.244143157E+03
     0.244250116E+03
     0.244143157E+03
     0.243971213E+03
     0.243885287E+03
     0.243627689E+03
     0.243284648E+03
     0.243391796E+03
     0.243284648E+03
     0.243112388E+03
     0.243026304E+03
     0.242768234E+03
     0.242424567E+03
     0.242531911E+03
     0.242424567E+03
     0.242251981E+03
     0.242165734E+03
     0.241907177E+03
     0.241562864E+03
     0.241670409E+03
     0.241562864E+03
     0.241389940E+03
     0.241303525E+03
     0.241044464E+03
     0.240699483E+03
     0.240807237E+03
     0.240699483E+03
     0.240526211E+03
     0.240439622E+03
     0.240180041E+03
     0.239834369E+03
     0.239942338E+03
     0.239834369E+03
     0.239660737E+03
     0.239573968E+03
     0.239313850E+03
     0.238967465E+03
     0.239075656E+03
     0.238967465E+03
     0.238793460E+03
     0.238706506E+03
     0.238445832E+03
     0.238098709E+03
     0.238207131E+03
     0.238098709E+03
     0.237924320E+03
     0.237837174E+03
     0.237575926E+03
     0.237228041E+03
     0.237336700E+03
     0.237228041E+03
     0.237053255E+03
     0.236965910E+03
     0.236704068E+03
     0.236355396E+03
     0.236464301E+03
     0.236355396E+03
     0.236180199E+03
     0.236092649E+03
     0.235830194E+03
     0.235480707E+03
     0.235589866E+03
     0.235480707E+03
     0.235305085E+03
     0.235217323E+03
     0.234954233E+03
     0.234603905E+03
     0.234713326E+03
     0.234603905E+03
     0.234427843E+03
     0.234339862E+03
     0.234076116E+03
     0.233724917E+03
     0.233834610E+03
     0.233724917E+03
     0.233548400E+03
     0.233460192E+03
     0.233195768E+03
     0.232843668E+03
     0.232953642E+03
     0.232843668E+03
     0.232666681E+03
     0.232578238E+03
     0.232313111E+03
     0.231960079E+03
     0.232070344E+03
     0.231960079E+03
     0.231782606E+03
     0.231693920E+03
     0.231428067E+03
     0.231074070E+03
     0.231184635E+03
     0.231074070E+03
     0.230896092E+03
     0.230807155E+03
     0.230540549E+03
     0.230185554E+03
     0.230296431E+03
     0.230185554E+03
     0.230007055E+03
     0.229917857E+03
     0.229650472E+03
     0.229294442E+03
     0.229405642E+03
     0.229294442E+03
     0.229115402E+03
     0.229025935E+03
     0.228757742E+03
     0.228400641E+03
     0.228512175E+03
     0.228400641E+03
     0.228221041E+03
     0.228131294E+03
     0.227862265E+03
     0.227504053E+03
     0.227615934E+03
     0.227504053E+03
     0.227323873E+03
     0.227233836E+03
     0.226963939E+03
     0.226604576E+03
     0.226716816E+03
     0.226604576E+03
     0.226423793E+03
     0.226333455E+03
     0.226062659E+03
     0.225702102E+03
     0.225814714E+03
     0.225702102E+03
     0.225520693E+03
     0.225430044E+03
     0.225158314E+03
     0.224796517E+03
     0.224909516E+03
     0.224796517E+03
     0.224614459E+03
     0.224523486E+03
     0.224250786E+03
     0.223887702E+03
     0.224001103E+03
     0.223887702E+03
     0.223704970E+03
     0.223613660E+03
     0.223339953E+03
     0.222975531E+03
     0.223089349E+03
     0.222975531E+03
     0.222792098E+03
     0.222700438E+03
     0.222425684E+03
     0.222059872E+03
     0.222174124E+03
     0.222059872E+03
     0.221875710E+03
     0.221783685E+03
     0.221507842E+03
     0.221140584E+03
     0.221255287E+03
     0.221140584E+03
     0.220955662E+03
     0.220863258E+03
     0.220586281E+03
     0.220217517E+03
     0.220332690E+03
     0.220217517E+03
     0.220031804E+03
     0.219939005E+03
     0.219660846E+03
     0.219290514E+03
     0.219406175E+03
     0.219290514E+03
     0.219103975E+03
     0.219010765E+03
     0.218731373E+03
     0.218359405E+03
     0.218475577E+03
     0.218359405E+03
     0.218172005E+03
     0.218078365E+03
     0.217797687E+03
     0.217424011E+03
     0.217540716E+03
     0.217424011E+03
     0.217235711E+03
     0.217141622E+03
     0.216859600E+03
     0.216484141E+03
     0.216601402E+03
     0.216484141E+03
     0.216294900E+03
     0.216200341E+03
     0.215916913E+03
     0.215539588E+03
     0.215657431E+03
     0.215539588E+03
     0.215349361E+03
     0.215254311E+03
     0.214969411E+03
     0.214590131E+03
     0.214708584E+03
     0.214590131E+03
     0.214398871E+03
     0.214303305E+03
     0.214016862E+03
     0.213635534E+03
     0.213754626E+03
     0.213635534E+03
     0.213443189E+03
     0.213347081E+03
     0.213059018E+03
     0.212675539E+03
     0.212795302E+03
     0.212675539E+03
     0.212482053E+03
     0.212385376E+03
     0.212095609E+03
     0.211709868E+03
     0.211830337E+03
     0.211709868E+03
     0.211515181E+03
     0.211417904E+03
     0.211126343E+03
     0.210738220E+03
     0.210859432E+03
     0.210738220E+03
     0.210542264E+03
     0.210444355E+03
     0.210150900E+03
     0.209760264E+03
     0.209882260E+03
     0.209760264E+03
     0.209562968E+03
     0.209464390E+03
     0.209168934E+03
     0.208775640E+03
     0.208898465E+03
     0.208775640E+03
     0.208576925E+03
     0.208477638E+03
     0.208180061E+03
     0.207783952E+03
     0.207907655E+03
     0.207783952E+03
     0.207583728E+03
     0.207483689E+03
     0.207183859E+03
     0.206784761E+03
     0.206909397E+03
     0.206784761E+03
     0.206582932E+03
     0.206482091E+03
     0.206179863E+03
     0.205777582E+03
     0.205903210E+03
     0.205777582E+03
     0.205575366E+03
     0.205474333E+03
     0.205171531E+03
     0.204768489E+03
     0.204894355E+03
     0.204768489E+03
     0.204567280E+03
     0.204466750E+03
     0.204165455E+03
     0.203764420E+03
     0.203889659E+03
     0.203764420E+03
     0.203564207E+03
     0.203464174E+03
     0.203164371E+03
     0.202765321E+03
     0.202889940E+03
     0.202765321E+03
     0.202566092E+03
     0.202466550E+03
     0.202168220E+03
     0.201771131E+03
     0.201895138E+03
     0.201771131E+03
     0.201572874E+03
     0.201473818E+03
     0.201176944E+03
     0.200781792E+03
     0.200905193E+03
     0.200781792E+03
     0.200584495E+03
     0.200485920E+03
     0.200190484E+03
     0.199797247E+03
     0.199920050E+03
     0.199797247E+03
     0.199600900E+03
     0.199502799E+03
     0.199208786E+03
     0.198817442E+03
     0.198939654E+03
     0.198817442E+03
     0.198622034E+03
     0.198524403E+03
     0.198231796E+03
     0.197842324E+03
     0.197963951E+03
     0.197842324E+03
     0.197647845E+03
     0.197550678E+03
     0.197259462E+03
     0.196871842E+03
     0.196992891E+03
     0.196871842E+03
     0.196678283E+03
     0.196581575E+03
     0.196291736E+03
     0.195905948E+03
     0.196026425E+03
     0.195905948E+03
     0.195713299E+03
     0.195617045E+03
     0.195328568E+03
     0.194944594E+03
     0.195064505E+03
     0.194944594E+03
     0.194752845E+03
     0.194657041E+03
     0.194369913E+03
     0.193987734E+03
     0.194107084E+03
     0.193987734E+03
     0.193796876E+03
     0.193701518E+03
     0.193415725E+03
     0.193035323E+03
     0.193154118E+03
     0.193035323E+03
     0.192845348E+03
     0.192750431E+03
     0.192465960E+03
     0.192087317E+03
     0.192205563E+03
     0.192087317E+03
     0.191898217E+03
     0.191803737E+03
     0.191520575E+03
     0.191143676E+03
     0.191261377E+03
     0.191143676E+03
     0.190955441E+03
     0.190861394E+03
     0.190579529E+03
     0.190204356E+03
     0.190321518E+03
     0.190204356E+03
     0.190016980E+03
     0.189923361E+03
     0.189642781E+03
     0.189269319E+03
     0.189385947E+03
     0.189269319E+03
     0.189082793E+03
     0.188989599E+03
     0.188710292E+03
     0.188338525E+03
     0.188454624E+03
     0.188338525E+03
     0.188152842E+03
     0.188060069E+03
     0.187782024E+03
     0.187411936E+03
     0.187527510E+03
     0.187411936E+03
     0.187227088E+03
     0.187134732E+03
     0.186857938E+03
     0.186489515E+03
     0.186604569E+03
     0.186489515E+03
     0.186305494E+03
     0.186213552E+03
     0.185937997E+03
     0.185571224E+03
     0.185685763E+03
     0.185571224E+03
     0.185388024E+03
     0.185296492E+03
     0.185022165E+03
     0.184657029E+03
     0.184771057E+03
     0.184657029E+03
     0.184474642E+03
     0.184383516E+03
     0.184110408E+03
     0.183746893E+03
     0.183860414E+03
     0.183746893E+03
     0.183565313E+03
     0.183474590E+03
     0.183202689E+03
     0.182840783E+03
     0.182953802E+03
     0.182840783E+03
     0.182660002E+03
     0.182569678E+03
     0.182298976E+03
     0.181938663E+03
     0.182051184E+03
     0.181938663E+03
     0.181758675E+03
     0.181668748E+03
     0.181399233E+03
     0.181040502E+03
     0.181152529E+03
     0.181040502E+03
     0.180861300E+03
     0.180771766E+03
     0.180503428E+03
     0.180146265E+03
     0.180257802E+03
     0.180146265E+03
     0.179967843E+03
     0.179878698E+03
     0.179611529E+03
     0.179255920E+03
     0.179366972E+03
     0.179255920E+03
     0.179078272E+03
     0.178989513E+03
     0.178723502E+03
     0.178369436E+03
     0.178480006E+03
     0.178369436E+03
     0.178192554E+03
     0.178104179E+03
     0.177839317E+03
     0.177486779E+03
     0.177596872E+03
     0.177486779E+03
     0.177310658E+03
     0.177222663E+03
     0.176958940E+03
     0.176607920E+03
     0.176717539E+03
     0.176607920E+03
     0.176432554E+03
     0.176344936E+03
     0.176082343E+03
     0.175732827E+03
     0.175841976E+03
     0.175732827E+03
     0.175558208E+03
     0.175470964E+03
     0.175209492E+03
     0.174861468E+03
     0.174970151E+03
     0.174861468E+03
     0.174687592E+03
     0.174600719E+03
     0.174340358E+03
     0.173993814E+03
     0.174102035E+03
     0.173993814E+03
     0.173820674E+03
     0.173734169E+03
     0.173474910E+03
     0.173129835E+03
     0.173237597E+03
     0.173129835E+03
     0.172957424E+03
     0.172871284E+03
     0.172613119E+03
     0.172269499E+03
     0.172376806E+03
     0.172269499E+03
     0.172097812E+03
     0.172012033E+03
     0.171754953E+03
     0.171412777E+03
     0.171519633E+03
     0.171412777E+03
     0.171241808E+03
     0.171156388E+03
     0.170900383E+03
     0.170559639E+03
     0.170666048E+03
     0.170559639E+03
     0.170389382E+03
     0.170304318E+03
     0.170049379E+03
     0.169710055E+03
     0.169816021E+03
     0.169710055E+03
     0.169540599E+03
     0.169455934E+03
     0.169202193E+03
     0.168864464E+03
     0.168969932E+03
     0.168864464E+03
     0.168696243E+03
     0.168612195E+03
     0.168360304E+03
     0.168025034E+03
     0.168129734E+03
     0.168025034E+03
     0.167858035E+03
     0.167774598E+03
     0.167524534E+03
     0.167191696E+03
     0.167295637E+03
     0.167191696E+03
     0.167025904E+03
     0.166943069E+03
     0.166694811E+03
     0.166364375E+03
     0.166467566E+03
     0.166364375E+03
     0.166199774E+03
     0.166117535E+03
     0.165871061E+03
     0.165542999E+03
     0.165645448E+03
     0.165542999E+03
     0.165379577E+03
     0.165297926E+03
     0.165053216E+03
     0.164727500E+03
     0.164829217E+03
     0.164727500E+03
     0.164565244E+03
     0.164484176E+03
     0.164241211E+03
     0.163917816E+03
     0.164018809E+03
     0.163917816E+03
     0.163756714E+03
     0.163676223E+03
     0.163434985E+03
     0.163113888E+03
     0.163214163E+03
     0.163113888E+03
     0.162953928E+03
     0.162874007E+03
     0.162634480E+03
     0.162315657E+03
     0.162415222E+03
     0.162315657E+03
     0.162156830E+03
     0.162077475E+03
     0.161839641E+03
     0.161523073E+03
     0.161621934E+03
     0.161523073E+03
     0.161365367E+03
     0.161286572E+03
     0.161050418E+03
     0.160736084E+03
     0.160834248E+03
     0.160736084E+03
     0.160579491E+03
     0.160501252E+03
     0.160266763E+03
     0.159954644E+03
     0.160052115E+03
     0.159954644E+03
     0.159799154E+03
     0.159721466E+03
     0.159488629E+03
     0.159178707E+03
     0.159275493E+03
     0.159178707E+03
     0.159024314E+03
     0.158947173E+03
     0.158715975E+03
     0.158408234E+03
     0.158504339E+03
     0.158408234E+03
     0.158254928E+03
     0.158178330E+03
     0.157948760E+03
     0.157643185E+03
     0.157738613E+03
     0.157643185E+03
     0.157490959E+03
     0.157414901E+03
     0.157186947E+03
     0.156883523E+03
     0.156978280E+03
     0.156883523E+03
     0.156732370E+03
     0.156656848E+03
     0.156430501E+03
     0.156129214E+03
     0.156223304E+03
     0.156129214E+03
     0.155979128E+03
     0.155904139E+03
     0.155679389E+03
     0.155380227E+03
     0.155473653E+03
     0.155380227E+03
     0.155231202E+03
     0.155156743E+03
     0.154933581E+03
     0.154636531E+03
     0.154729298E+03
     0.154636531E+03
     0.154488563E+03
     0.154414631E+03
     0.154193049E+03
     0.153898101E+03
     0.153990212E+03
     0.153898101E+03
     0.153751183E+03
     0.153677777E+03
     0.153457767E+03
     0.153164911E+03
     0.153256369E+03
     0.153164911E+03
     0.153019039E+03
     0.152946155E+03
     0.152727711E+03
     0.152436938E+03
     0.152527745E+03
     0.152436938E+03
     0.152292108E+03
     0.152219744E+03
     0.152002860E+03
     0.151714162E+03
     0.151804321E+03
     0.151714162E+03
     0.151570369E+03
     0.151498525E+03
     0.151283194E+03
     0.150996563E+03
     0.151086077E+03
     0.150996563E+03
     0.150853806E+03
     0.150782478E+03
     0.150568696E+03
     0.150284125E+03
     0.150372996E+03
     0.150284125E+03
     0.150142400E+03
     0.150071588E+03
     0.149859351E+03
     0.149576835E+03
     0.149665064E+03
     0.149576835E+03
     0.149436139E+03
     0.149365841E+03
     0.149155145E+03
     0.148874679E+03
     0.148962268E+03
     0.148874679E+03
     0.148735011E+03
     0.148665226E+03
     0.148456068E+03
     0.148177648E+03
     0.148264598E+03
     0.148177648E+03
     0.148039006E+03
     0.147969733E+03
     0.147762111E+03
     0.147485734E+03
     0.147572046E+03
     0.147485734E+03
     0.147348116E+03
     0.147279356E+03
     0.147073267E+03
     0.146798931E+03
     0.146884606E+03
     0.146798931E+03
     0.146662338E+03
     0.146594089E+03
     0.146389533E+03
     0.146117236E+03
     0.146202274E+03
     0.146117236E+03
     0.145981667E+03
     0.145913929E+03
     0.145710906E+03
     0.145440647E+03
     0.145525049E+03
     0.145440647E+03
     0.145306103E+03
     0.145238877E+03
     0.145037387E+03
     0.144769168E+03
     0.144852933E+03
     0.144769168E+03
     0.144635648E+03
     0.144568935E+03
     0.144368979E+03
     0.144102801E+03
     0.144185929E+03
     0.144102801E+03
     0.143970308E+03
     0.143904107E+03
     0.143705687E+03
     0.143441553E+03
     0.143524043E+03
     0.143441553E+03
     0.143310089E+03
     0.143244402E+03
     0.143047521E+03
     0.142785434E+03
     0.142867285E+03
     0.142785434E+03
     0.142655001E+03
     0.142589829E+03
     0.142394491E+03
     0.142134457E+03
     0.142215666E+03
     0.142134457E+03
     0.142005057E+03
     0.141940401E+03
     0.141746611E+03
     0.141488636E+03
     0.141569203E+03
     0.141488636E+03
     0.141360274E+03
     0.141296137E+03
     0.141103900E+03
     0.140847990E+03
     0.140927912E+03
     0.140847990E+03
     0.140720671E+03
     0.140657054E+03
     0.140466377E+03
     0.140212543E+03
     0.140291817E+03
     0.140212543E+03
     0.140086271E+03
     0.140023177E+03
     0.139834068E+03
     0.139582319E+03
     0.139660942E+03
     0.139582319E+03
     0.139457100E+03
     0.139394533E+03
     0.139207000E+03
     0.138957349E+03
     0.139035317E+03
     0.138957349E+03
     0.138833191E+03
     0.138771153E+03
     0.138585207E+03
     0.138337667E+03
     0.138414975E+03
     0.138337667E+03
     0.138214577E+03
     0.138153073E+03
     0.137968725E+03
     0.137723311E+03
     0.137799956E+03
     0.137723311E+03
     0.137601298E+03
     0.137540332E+03
     0.137357596E+03
     0.137114326E+03
     0.137190302E+03
     0.137114326E+03
     0.136993400E+03
     0.136932977E+03
     0.136751867E+03
     0.136510760E+03
     0.136586060E+03
     0.136510760E+03
     0.136390932E+03
     0.136331057E+03
     0.136151590E+03
     0.135912669E+03
     0.135987287E+03
     0.135912669E+03
     0.135793951E+03
     0.135734630E+03
     0.135556825E+03
     0.135320113E+03
     0.135394041E+03
     0.135320113E+03
     0.135202519E+03
     0.135143760E+03
     0.134967636E+03
     0.134733161E+03
     0.134806391E+03
     0.134733161E+03
     0.134616706E+03
     0.134558516E+03
     0.134384097E+03
     0.134151889E+03
     0.134224411E+03
     0.134151889E+03
     0.134036590E+03
     0.133978977E+03
     0.133806288E+03
     0.133576381E+03
     0.133648185E+03
     0.133576381E+03
     0.133462256E+03
     0.133405231E+03
     0.133234299E+03
     0.133006731E+03
     0.133077804E+03
     0.133006731E+03
     0.132893802E+03
     0.132837373E+03
     0.132668230E+03
     0.132443042E+03
     0.132513372E+03
     0.132443042E+03
     0.132331332E+03
     0.132275512E+03
     0.132108193E+03
     0.131885430E+03
     0.131955003E+03
     0.131885430E+03
     0.131774964E+03
     0.131719766E+03
     0.131554310E+03
     0.131334024E+03
     0.131402824E+03
     0.131334024E+03
     0.131224831E+03
     0.131170269E+03
     0.131006718E+03
     0.130788967E+03
     0.130856975E+03
     0.130788967E+03
     0.130681079E+03
     0.130627168E+03
     0.130465570E+03
     0.130250417E+03
     0.130317614E+03
     0.130250417E+03
     0.130143870E+03
     0.130090629E+03
     0.129931037E+03
     0.129718553E+03
     0.129784917E+03
     0.129718553E+03
     0.129613387E+03
     0.129560836E+03
     0.129403311E+03
     0.129193575E+03
     0.129259081E+03
     0.129193575E+03
     0.129089835E+03
     0.129037996E+03
     0.128882604E+03
     0.128675707E+03
     0.128740327E+03
     0.128675707E+03
     0.128573443E+03
     0.128522342E+03
     0.128369160E+03
     0.128165202E+03
     0.128228904E+03
     0.128165202E+03
     0.128064473E+03
     0.128014138E+03
     0.127863252E+03
     0.127662347E+03
     0.127725096E+03
     0.127662347E+03
     0.127563218E+03
     0.127513682E+03
     0.127365190E+03
     0.127167470E+03
     0.127229224E+03
     0.127167470E+03
     0.127070015E+03
     0.127021316E+03
     0.126875330E+03
     0.126680943E+03
     0.126741657E+03
     0.126680943E+03
     0.126585251E+03
     0.126537431E+03
     0.126394082E+03
     0.126203201E+03
     0.126262821E+03
     0.126203201E+03
     0.126109371E+03
     0.126062482E+03
     0.125921920E+03
     0.125734748E+03
     0.125793209E+03
     0.125734748E+03
     0.125642899E+03
     0.125597000E+03
     0.125459403E+03
     0.125276175E+03
     0.125333405E+03
     0.125276175E+03
     0.125186450E+03
     0.125141612E+03
     0.125007193E+03
     0.124828193E+03
     0.124884103E+03
     0.124828193E+03
     0.124740763E+03
     0.124697072E+03
     0.124566088E+03
     0.124391658E+03
     0.124446141E+03
     0.124391658E+03
     0.124306737E+03
     0.124264298E+03
     0.124137068E+03
     0.123967632E+03
     0.124020556E+03
     0.123967632E+03
     0.123885489E+03
     0.123844438E+03
     0.123721368E+03
     0.123557463E+03
     0.123608660E+03
     0.123557463E+03
     0.123478455E+03
     0.123438970E+03
     0.123320589E+03
     0.123162926E+03
     0.123212174E+03
     0.123162926E+03
     0.123087543E+03
     0.123049868E+03
     0.122936915E+03
     0.122786471E+03
     0.122833465E+03
     0.122786471E+03
     0.122715444E+03
     0.122679946E+03
     0.122573513E+03
     0.122431746E+03
     0.122476030E+03
     0.122431746E+03
     0.122366302E+03
     0.122333594E+03
     0.122235520E+03
     0.122104878E+03
     0.122145689E+03
     0.122374735E+03
     0.122346239E+03
     0.122260792E+03
     0.122146956E+03
     0.122182518E+03
     0.122146956E+03
     0.122089718E+03
     0.122061110E+03
     0.121975324E+03
     0.121861037E+03
     0.121896740E+03
     0.121861037E+03
     0.121801098E+03
     0.121771140E+03
     0.121681310E+03
     0.121561640E+03
     0.121599024E+03
     0.121561640E+03
     0.121495779E+03
     0.121462862E+03
     0.121364164E+03
     0.121232691E+03
     0.121273761E+03
     0.121232691E+03
     0.121162100E+03
     0.121126820E+03
     0.121021042E+03
     0.120880147E+03
     0.120924159E+03
     0.120880147E+03
     0.120805570E+03
     0.120768299E+03
     0.120656554E+03
     0.120507723E+03
     0.120554213E+03
     0.120507723E+03
     0.120429671E+03
     0.120390665E+03
     0.120273721E+03
     0.120117972E+03
     0.120166622E+03
     0.120117972E+03
     0.120036820E+03
     0.119996265E+03
     0.119874681E+03
     0.119712760E+03
     0.119763337E+03
     0.119712760E+03
     0.119628791E+03
     0.119586828E+03
     0.119461028E+03
     0.119293502E+03
     0.119345829E+03
     0.119293502E+03
     0.119206937E+03
     0.119163678E+03
     0.119033996E+03
     0.118861306E+03
     0.118915244E+03
     0.118861306E+03
     0.118772323E+03
     0.118727856E+03
     0.118594556E+03
     0.118417056E+03
     0.118472496E+03
     0.118417056E+03
     0.118325798E+03
     0.118280195E+03
     0.118143493E+03
     0.117961468E+03
     0.118018321E+03
     0.117961468E+03
     0.117868052E+03
     0.117821372E+03
     0.117681441E+03
     0.117495126E+03
     0.117553318E+03
     0.117495126E+03
     0.117399647E+03
     0.117351936E+03
     0.117208921E+03
     0.117018506E+03
     0.117077977E+03
     0.117018506E+03
     0.116921042E+03
     0.116872340E+03
     0.116726357E+03
     0.116531997E+03
     0.116592699E+03
     0.116531997E+03
     0.116432610E+03
     0.116382949E+03
     0.116234092E+03
     0.116035911E+03
     0.116097806E+03
     0.116035911E+03
     0.115934652E+03
     0.115884056E+03
     0.115732399E+03
     0.115530498E+03
     0.115593554E+03
     0.115530498E+03
     0.115427403E+03
     0.115375890E+03
     0.115221490E+03
     0.115015943E+03
     0.115080137E+03
     0.115015943E+03
     0.114911040E+03
     0.114858624E+03
     0.114701519E+03
     0.114492381E+03
     0.114557695E+03
     0.114492381E+03
     0.114385684E+03
     0.114332373E+03
     0.114172588E+03
     0.113959890E+03
     0.114026315E+03
     0.113959890E+03
     0.113851405E+03
     0.113797202E+03
     0.113634746E+03
     0.113418499E+03
     0.113486032E+03
     0.113418499E+03
     0.113308222E+03
     0.113253124E+03
     0.113087989E+03
     0.112868185E+03
     0.112936828E+03
     0.112868185E+03
     0.112756100E+03
     0.112700099E+03
     0.112532263E+03
     0.112308871E+03
     0.112378634E+03
     0.112308871E+03
     0.112194951E+03
     0.112138034E+03
     0.111967456E+03
     0.111740422E+03
     0.111811321E+03
     0.111740422E+03
     0.111624626E+03
     0.111566774E+03
     0.111393394E+03
     0.111162641E+03
     0.111234700E+03
     0.111162641E+03
     0.111044916E+03
     0.110986100E+03
     0.110809839E+03
     0.110575260E+03
     0.110648513E+03
     0.110575260E+03
     0.110455535E+03
     0.110395721E+03
     0.110216474E+03
     0.109977930E+03
     0.110052419E+03
     0.109977930E+03
     0.109856115E+03
     0.109795259E+03
     0.109612891E+03
     0.109370205E+03
     0.109445987E+03
     0.109370205E+03
     0.109246188E+03
     0.109184232E+03
     0.108998576E+03
     0.108751525E+03
     0.108828668E+03
     0.108751525E+03
     0.108625164E+03
     0.108562038E+03
     0.108372882E+03
     0.108121185E+03
     0.108199778E+03
     0.108121185E+03
     0.107992301E+03
     0.107927917E+03
     0.107734994E+03
     0.107478299E+03
     0.107558450E+03
     0.107478299E+03
     0.107349486E+03
     0.107285137E+03
     0.107092322E+03
     0.106835774E+03
     0.106915879E+03
     0.106835774E+03
     0.106713847E+03
     0.106652935E+03
     0.106470409E+03
     0.106227527E+03
     0.106303368E+03
     0.106227527E+03
     0.106111950E+03
     0.106054208E+03
     0.105881173E+03
     0.105650898E+03
     0.105722805E+03
     0.105650898E+03
     0.105541066E+03
     0.105486193E+03
     0.105321746E+03
     0.105102881E+03
     0.105171227E+03
     0.105102881E+03
     0.104998404E+03
     0.104946204E+03
     0.104789760E+03
     0.104581532E+03
     0.104646559E+03
     0.104581532E+03
     0.104482188E+03
     0.104432551E+03
     0.104283783E+03
     0.104085756E+03
     0.104147599E+03
     0.104085756E+03
     0.103991471E+03
     0.103944361E+03
     0.103803158E+03
     0.103615187E+03
     0.103673891E+03
     0.103615187E+03
     0.103526035E+03
     0.103481487E+03
     0.103347961E+03
     0.103170193E+03
     0.103225713E+03
     0.103170193E+03
     0.103086428E+03
     0.103044571E+03
     0.102919102E+03
     0.102752047E+03
     0.102804222E+03
     0.102752047E+03
     0.102674197E+03
     0.102635295E+03
     0.102518675E+03
     0.102363388E+03
     0.102411890E+03
     0.102363388E+03
     0.102292507E+03
     0.102257084E+03
     0.102150891E+03
     0.102009471E+03
     0.102053644E+03
     0.102302253E+03
     0.102271699E+03
     0.102180092E+03
     0.102058077E+03
     0.102096191E+03
     0.102058077E+03
     0.101996576E+03
     0.101965839E+03
     0.101873685E+03
     0.101750942E+03
     0.101789283E+03
     0.101750942E+03
     0.101688062E+03
     0.101656636E+03
     0.101562418E+03
     0.101436930E+03
     0.101476129E+03
     0.101436930E+03
     0.101368359E+03
     0.101334091E+03
     0.101231357E+03
     0.101094539E+03
     0.101137275E+03
     0.101094539E+03
     0.101021679E+03
     0.100985269E+03
     0.100876117E+03
     0.100730764E+03
     0.100776164E+03
     0.100730764E+03
     0.100654515E+03
     0.100616412E+03
     0.100502190E+03
     0.100350096E+03
     0.100397601E+03
     0.100350096E+03
     0.100271084E+03
     0.100231601E+03
     0.100113246E+03
     0.999556568E+02
     0.100004877E+03
     0.999556568E+02
     0.998743429E+02
     0.998337108E+02
     0.997119135E+02
     0.995497484E+02
     0.996003966E+02
     0.995497484E+02
     0.994664866E+02
     0.994248819E+02
     0.993001721E+02
     0.991341356E+02
     0.991859922E+02
     0.991341356E+02
     0.990492056E+02
     0.990067679E+02
     0.988795637E+02
     0.987102124E+02
     0.987631035E+02
     0.987102124E+02
     0.986238397E+02
     0.985806817E+02
     0.984513209E+02
     0.982791039E+02
     0.983328893E+02
     0.982791039E+02
     0.981914739E+02
     0.981476881E+02
     0.980164481E+02
     0.978417343E+02
     0.978962989E+02
     0.978417343E+02
     0.977530012E+02
     0.977086649E+02
     0.975757765E+02
     0.973988731E+02
     0.974541209E+02
     0.973988731E+02
     0.973091671E+02
     0.972643451E+02
     0.971300029E+02
     0.969511686E+02
     0.970070189E+02
     0.969511686E+02
     0.968606001E+02
     0.968153477E+02
     0.966797171E+02
     0.964991718E+02
     0.965555560E+02
     0.964991718E+02
     0.964078357E+02
     0.963622001E+02
     0.962254229E+02
     0.960433552E+02
     0.961002143E+02
     0.960433552E+02
     0.959513332E+02
     0.959053552E+02
     0.957675536E+02
     0.955841260E+02
     0.956414094E+02
     0.955841260E+02
     0.954914890E+02
     0.954452042E+02
     0.953064843E+02
     0.951218380E+02
     0.951795015E+02
     0.951218380E+02
     0.950286478E+02
     0.949820870E+02
     0.948425413E+02
     0.946567992E+02
     0.947148045E+02
     0.946567992E+02
     0.945631100E+02
     0.945163001E+02
     0.943760096E+02
     0.941892795E+02
     0.942475929E+02
     0.941892795E+02
     0.940951387E+02
     0.940481036E+02
     0.939071394E+02
     0.937195158E+02
     0.937781079E+02
     0.937195158E+02
     0.936249654E+02
     0.935777260E+02
     0.934361507E+02
     0.932477168E+02
     0.933065615E+02
     0.932477168E+02
     0.931527938E+02
     0.931053685E+02
     0.929632374E+02
     0.927740669E+02
     0.928331413E+02
     0.927740669E+02
     0.926788038E+02
     0.926312090E+02
     0.924885711E+02
     0.922987288E+02
     0.923580126E+02
     0.922987288E+02
     0.922031547E+02
     0.921554047E+02
     0.920123032E+02
     0.918218468E+02
     0.918813220E+02
     0.918218468E+02
     0.917259872E+02
     0.916780949E+02
     0.915345681E+02
     0.913435484E+02
     0.914031992E+02
     0.913435484E+02
     0.912474260E+02
     0.911994027E+02
     0.910554845E+02
     0.908639468E+02
     0.909237590E+02
     0.908639468E+02
     0.907675816E+02
     0.907194373E+02
     0.905751577E+02
     0.903831417E+02
     0.904431029E+02
     0.903831417E+02
     0.902865514E+02
     0.902382950E+02
     0.900936804E+02
     0.899012214E+02
     0.899613207E+02
     0.899012214E+02
     0.898044216E+02
     0.897560608E+02
     0.896111346E+02
     0.894182636E+02
     0.894784912E+02
     0.894182636E+02
     0.893212680E+02
     0.892728096E+02
     0.891275922E+02
     0.889343363E+02
     0.889946837E+02
     0.889343363E+02
     0.888371567E+02
     0.887886067E+02
     0.886431159E+02
     0.884494990E+02
     0.885099588E+02
     0.884494990E+02
     0.883521457E+02
     0.883035093E+02
     0.881577605E+02
     0.879638030E+02
     0.880243689E+02
     0.879638030E+02
     0.878662849E+02
     0.878175665E+02
     0.876715730E+02
     0.874772926E+02
     0.875379589E+02
     0.874772926E+02
     0.873796172E+02
     0.873308204E+02
     0.871845934E+02
     0.869900050E+02
     0.870507672E+02
     0.869900050E+02
     0.868921785E+02
     0.868433065E+02
     0.866968554E+02
     0.865019713E+02
     0.865628255E+02
     0.865019713E+02
     0.864039987E+02
     0.863550540E+02
     0.862083863E+02
     0.860132168E+02
     0.860741597E+02
     0.860132168E+02
     0.859151020E+02
     0.858660866E+02
     0.857192081E+02
     0.855237609E+02
     0.855847903E+02
     0.855237609E+02
     0.854255069E+02
     0.853764222E+02
     0.852293373E+02
     0.850336182E+02
     0.850947321E+02
     0.850336182E+02
     0.849352267E+02
     0.848860737E+02
     0.847387852E+02
     0.845427980E+02
     0.846039952E+02
     0.845427980E+02
     0.844442700E+02
     0.843950490E+02
     0.842475583E+02
     0.840513048E+02
     0.841125849E+02
     0.840513048E+02
     0.839526402E+02
     0.839033513E+02
     0.837556583E+02
     0.835591386E+02
     0.836205015E+02
     0.835591386E+02
     0.834603365E+02
     0.834109793E+02
     0.832630826E+02
     0.830662949E+02
     0.831277410E+02
     0.830662949E+02
     0.829673534E+02
     0.829179268E+02
     0.827698238E+02
     0.825727645E+02
     0.826342951E+02
     0.825727645E+02
     0.824736809E+02
     0.824241837E+02
     0.822758703E+02
     0.820785341E+02
     0.821401507E+02
     0.820785341E+02
     0.819793048E+02
     0.819297351E+02
     0.817812060E+02
     0.815835858E+02
     0.816452908E+02
     0.815835858E+02
     0.814842064E+02
     0.814345621E+02
     0.812858105E+02
     0.810878977E+02
     0.811496936E+02
     0.810878977E+02
     0.809883627E+02
     0.809386410E+02
     0.807896591E+02
     0.805914430E+02
     0.806533333E+02
     0.805914430E+02
     0.804917462E+02
     0.804419441E+02
     0.802927224E+02
     0.800941907E+02
     0.801561791E+02
     0.800941907E+02
     0.799943249E+02
     0.799444387E+02
     0.797949666E+02
     0.795961051E+02
     0.796581960E+02
     0.795961051E+02
     0.794960621E+02
     0.794460877E+02
     0.792963530E+02
     0.790971456E+02
     0.791593441E+02
     0.790971456E+02
     0.789969162E+02
     0.789468491E+02
     0.787968381E+02
     0.785972668E+02
     0.786595785E+02
     0.785972668E+02
     0.784968407E+02
     0.784466758E+02
     0.782963733E+02
     0.780964178E+02
     0.781588490E+02
     0.780964178E+02
     0.779957837E+02
     0.779455153E+02
     0.777949043E+02
     0.775945423E+02
     0.776571000E+02
     0.775945423E+02
     0.774936877E+02
     0.774433095E+02
     0.772923714E+02
     0.770915782E+02
     0.771542700E+02
     0.770915782E+02
     0.769904891E+02
     0.769399943E+02
     0.767887085E+02
     0.765874568E+02
     0.766502912E+02
     0.765874568E+02
     0.764861182E+02
     0.764354991E+02
     0.762838430E+02
     0.760821028E+02
     0.761450892E+02
     0.760821028E+02
     0.759804979E+02
     0.759297463E+02
     0.757776949E+02
     0.755754333E+02
     0.756385820E+02
     0.755754333E+02
     0.754735438E+02
     0.754226506E+02
     0.752701767E+02
     0.750673575E+02
     0.751306798E+02
     0.750673575E+02
     0.749651633E+02
     0.749141184E+02
     0.747611920E+02
     0.745577757E+02
     0.746212837E+02
     0.745577757E+02
     0.744552546E+02
     0.744040469E+02
     0.742506351E+02
     0.740465780E+02
     0.741102855E+02
     0.740465780E+02
     0.739437057E+02
     0.738923232E+02
     0.737383898E+02
     0.735336439E+02
     0.735975658E+02
     0.735336439E+02
     0.734303937E+02
     0.733788229E+02
     0.732243279E+02
     0.730188405E+02
     0.730829933E+02
     0.730188405E+02
     0.729151827E+02
     0.728634090E+02
     0.727083084E+02
     0.725020210E+02
     0.725664228E+02
     0.725020210E+02
     0.723979228E+02
     0.723459298E+02
     0.721901748E+02
     0.719830228E+02
     0.720476939E+02
     0.719830228E+02
     0.718784480E+02
     0.718262175E+02
     0.716697538E+02
     0.714616656E+02
     0.715266281E+02
     0.714616656E+02
     0.713565734E+02
     0.713040853E+02
     0.711468524E+02
     0.709377479E+02
     0.710030270E+02
     0.709377479E+02
     0.708323204E+02
     0.707796655E+02
     0.706219354E+02
     0.704121752E+02
     0.704776582E+02
     0.704121752E+02
     0.703069056E+02
     0.702543298E+02
     0.700968383E+02
     0.698873986E+02
     0.699527812E+02
     0.698873986E+02
     0.697822643E+02
     0.697297564E+02
     0.695724697E+02
     0.693633059E+02
     0.694286020E+02
     0.693633059E+02
     0.692582847E+02
     0.692058337E+02
     0.690487190E+02
     0.688397875E+02
     0.689050106E+02
     0.688397875E+02
     0.687348568E+02
     0.686824514E+02
     0.685254750E+02
     0.683167310E+02
     0.683818951E+02
     0.683167310E+02
     0.682118675E+02
     0.681594961E+02
     0.680026232E+02
     0.677940207E+02
     0.678591402E+02
     0.677940207E+02
     0.676892004E+02
     0.676368510E+02
     0.674800457E+02
     0.672715373E+02
     0.673366268E+02
     0.672715373E+02
     0.671667351E+02
     0.671143952E+02
     0.669576202E+02
     0.667491565E+02
     0.668142316E+02
     0.667491565E+02
     0.666443464E+02
     0.665920030E+02
     0.664352196E+02
     0.662267491E+02
     0.662918257E+02
     0.662267491E+02
     0.661219037E+02
     0.660695433E+02
     0.659127108E+02
     0.657041796E+02
     0.657692747E+02
     0.657041796E+02
     0.655992704E+02
     0.655468786E+02
     0.653899541E+02
     0.651813057E+02
     0.652464367E+02
     0.651813057E+02
     0.650763022E+02
     0.650238638E+02
     0.648668022E+02
     0.646579767E+02
     0.647231624E+02
     0.646579767E+02
     0.645528466E+02
     0.645003457E+02
     0.643430990E+02
     0.641340328E+02
     0.641992929E+02
     0.641340328E+02
     0.640287418E+02
     0.639761611E+02
     0.638186779E+02
     0.636093033E+02
     0.636746589E+02
     0.636093033E+02
     0.635038143E+02
     0.634511354E+02
     0.632933608E+02
     0.630836048E+02
     0.631490788E+02
     0.630836048E+02
     0.629778780E+02
     0.629250811E+02
     0.627669557E+02
     0.625567398E+02
     0.626223566E+02
     0.625567398E+02
     0.624507319E+02
     0.623977954E+02
     0.622392547E+02
     0.620284937E+02
     0.620942797E+02
     0.620284937E+02
     0.619221573E+02
     0.618690575E+02
     0.617100313E+02
     0.614986319E+02
     0.615646163E+02
     0.614986319E+02
     0.613919151E+02
     0.613386262E+02
     0.611790368E+02
     0.609668966E+02
     0.610331113E+02
     0.609668966E+02
     0.608597418E+02
     0.608062351E+02
     0.606459969E+02
     0.604330026E+02
     0.604994828E+02
     0.604330026E+02
     0.603253454E+02
     0.602715887E+02
     0.601106060E+02
     0.598966310E+02
     0.599634163E+02
     0.598966310E+02
     0.597883991E+02
     0.597343565E+02
     0.595725216E+02
     0.593574236E+02
     0.594245582E+02
     0.593574236E+02
     0.592485347E+02
     0.591941652E+02
     0.590313558E+02
     0.588149730E+02
     0.588825073E+02
     0.588149730E+02
     0.587053328E+02
     0.586505894E+02
     0.584866652E+02
     0.582688121E+02
     0.583368039E+02
     0.582688121E+02
     0.581583112E+02
     0.581031393E+02
     0.579379375E+02
     0.577183988E+02
     0.577869151E+02
     0.577183988E+02
     0.576069083E+02
     0.575512438E+02
     0.573845729E+02
     0.571630956E+02
     0.572322153E+02
     0.571630956E+02
     0.570504618E+02
     0.569942282E+02
     0.568258597E+02
     0.566021417E+02
     0.566719588E+02
     0.566021417E+02
     0.564881781E+02
     0.564312824E+02
     0.562609388E+02
     0.560346137E+02
     0.561052423E+02
     0.560346137E+02
     0.559190889E+02
     0.558614158E+02
     0.556887533E+02
     0.554593666E+02
     0.555309483E+02
     0.554593666E+02
     0.553440419E+02
     0.552864695E+02
     0.551141114E+02
     0.548851363E+02
     0.549565886E+02
     0.548851363E+02
     0.547731611E+02
     0.547172593E+02
     0.545498958E+02
     0.543275405E+02
     0.543969290E+02
     0.543275405E+02
     0.542184380E+02
     0.541639689E+02
     0.540008899E+02
     0.537842147E+02
     0.538518322E+02
     0.537842147E+02
     0.536776049E+02
     0.536243792E+02
     0.534650187E+02
     0.532532745E+02
     0.533193544E+02
     0.532532745E+02
     0.531488650E+02
     0.530967371E+02
     0.529406598E+02
     0.527332701E+02
     0.527979920E+02
     0.527332701E+02
     0.526308294E+02
     0.525796837E+02
     0.524265446E+02
     0.522230527E+02
     0.522865589E+02
     0.522230527E+02
     0.521223927E+02
     0.520721355E+02
     0.519216544E+02
     0.517216892E+02
     0.517840955E+02
     0.517216892E+02
     0.516226543E+02
     0.515732080E+02
     0.514251531E+02
     0.512284074E+02
     0.512898094E+02
     0.512284074E+02
     0.511308665E+02
     0.510821658E+02
     0.509363417E+02
     0.507425569E+02
     0.508030353E+02
     0.507425569E+02
     0.506463983E+02
     0.505983874E+02
     0.504546275E+02
     0.502635829E+02
     0.503232065E+02
     0.502635829E+02
     0.501687101E+02
     0.501213409E+02
     0.499795014E+02
     0.497910063E+02
     0.498498345E+02
     0.497910063E+02
     0.496973351E+02
     0.496505656E+02
     0.495105210E+02
     0.493244091E+02
     0.493824938E+02
     0.493244091E+02
     0.492318654E+02
     0.491856587E+02
     0.490472986E+02
     0.488634237E+02
     0.489208104E+02
     0.488634237E+02
     0.487719418E+02
     0.487262651E+02
     0.485894914E+02
     0.484077236E+02
     0.484644529E+02
     0.484077236E+02
     0.483172448E+02
     0.482720689E+02
     0.481367943E+02
     0.479570176E+02
     0.480131256E+02
     0.479570176E+02
     0.478674892E+02
     0.478227877E+02
     0.476889335E+02
     0.475110438E+02
     0.475665629E+02
     0.475110438E+02
     0.474224180E+02
     0.473781672E+02
     0.472456623E+02
     0.470695653E+02
     0.471245250E+02
     0.470695653E+02
     0.469817990E+02
     0.469379773E+02
     0.468067571E+02
     0.466323673E+02
     0.466867942E+02
     0.466323673E+02
     0.465454209E+02
     0.465020085E+02
     0.463720142E+02
     0.461992534E+02
     0.462531719E+02
     0.461992534E+02
     0.461130907E+02
     0.460700697E+02
     0.459412472E+02
     0.457700439E+02
     0.458234763E+02
     0.457700439E+02
     0.456846316E+02
     0.456419853E+02
     0.455142849E+02
     0.453445734E+02
     0.453975401E+02
     0.453445734E+02
     0.452598807E+02
     0.452175937E+02
     0.450909697E+02
     0.449226890E+02
     0.449752091E+02
     0.449226890E+02
     0.448386875E+02
     0.447967457E+02
     0.446711555E+02
     0.445042494E+02
     0.445563404E+02
     0.445042494E+02
     0.444209126E+02
     0.443793027E+02
     0.442547069E+02
     0.440891230E+02
     0.441408013E+02
     0.440891230E+02
     0.440064263E+02
     0.439651361E+02
     0.438414979E+02
     0.436771876E+02
     0.437284683E+02
     0.436771876E+02
     0.435951079E+02
     0.435541259E+02
     0.434314109E+02
     0.432683286E+02
     0.433192259E+02
     0.432683286E+02
     0.431868444E+02
     0.431461598E+02
     0.430243360E+02
     0.428624391E+02
     0.429129663E+02
     0.428624391E+02
     0.427815301E+02
     0.427411329E+02
     0.426201700E+02
     0.424594184E+02
     0.425095881E+02
     0.424594184E+02
     0.423790657E+02
     0.423389463E+02
     0.422188160E+02
     0.420591722E+02
     0.421089959E+02
     0.420591722E+02
     0.419793577E+02
     0.419395073E+02
     0.418201827E+02
     0.416616113E+02
     0.417111002E+02
     0.416616113E+02
     0.415823181E+02
     0.415427282E+02
     0.414241842E+02
     0.412666517E+02
     0.413158161E+02
     0.412666517E+02
     0.411878638E+02
     0.411485263E+02
     0.410307390E+02
     0.408742137E+02
     0.409230636E+02
     0.408742137E+02
     0.407959160E+02
     0.407568234E+02
     0.406397702E+02
     0.404842221E+02
     0.405327668E+02
     0.404842221E+02
     0.404064001E+02
     0.403675452E+02
     0.402512046E+02
     0.400966052E+02
     0.401448537E+02
     0.400966052E+02
     0.400192453E+02
     0.399806214E+02
     0.398649730E+02
     0.397112953E+02
     0.397592558E+02
     0.397112953E+02
     0.396343844E+02
     0.395959849E+02
     0.394810092E+02
     0.393282276E+02
     0.393759082E+02
     0.393282276E+02
     0.392517533E+02
     0.392135720E+02
     0.390992506E+02
     0.389473404E+02
     0.389947488E+02
     0.389473404E+02
     0.388712909E+02
     0.388333219E+02
     0.387196371E+02
     0.385685750E+02
     0.386157185E+02
     0.385685750E+02
     0.384929390E+02
     0.384551766E+02
     0.383421116E+02
     0.381918752E+02
     0.382387608E+02
     0.381918752E+02
     0.381166418E+02
     0.380790807E+02
     0.379666193E+02
     0.378171873E+02
     0.378638215E+02
     0.378171873E+02
     0.377423462E+02
     0.377049811E+02
     0.375931079E+02
     0.374444598E+02
     0.374908491E+02
     0.374444598E+02
     0.373700010E+02
     0.373328271E+02
     0.372215272E+02
     0.370736434E+02
     0.371197938E+02
     0.370736434E+02
     0.369995573E+02
     0.369625699E+02
     0.368518291E+02
     0.367046907E+02
     0.367506083E+02
     0.367046907E+02
     0.366309683E+02
     0.365941627E+02
     0.364839674E+02
     0.363375565E+02
     0.363832467E+02
     0.363375565E+02
     0.362641889E+02
     0.362275607E+02
     0.361178978E+02
     0.359721969E+02
     0.360176652E+02
     0.359721969E+02
     0.358991756E+02
     0.358627206E+02
     0.357535775E+02
     0.356085699E+02
     0.356538215E+02
     0.356085699E+02
     0.355358868E+02
     0.354996009E+02
     0.353909654E+02
     0.352466351E+02
     0.352916750E+02
     0.352466351E+02
     0.351742823E+02
     0.351381617E+02
     0.350300221E+02
     0.348863535E+02
     0.349311865E+02
     0.348863535E+02
     0.348143234E+02
     0.347783642E+02
     0.346707092E+02
     0.345276874E+02
     0.345723182E+02
     0.345276874E+02
     0.344559727E+02
     0.344201713E+02
     0.343129900E+02
     0.341706005E+02
     0.342150336E+02
     0.341706005E+02
     0.340991942E+02
     0.340635470E+02
     0.339568289E+02
     0.338150579E+02
     0.338592976E+02
     0.338150579E+02
     0.337439530E+02
     0.337084567E+02
     0.336021915E+02
     0.334610255E+02
     0.335050761E+02
     0.334610255E+02
     0.333902155E+02
     0.333548667E+02
     0.332490447E+02
     0.331084707E+02
     0.331523361E+02
     0.331084707E+02
     0.330379491E+02
     0.330027446E+02
     0.328973562E+02
     0.327573616E+02
     0.328010458E+02
     0.327573616E+02
     0.326871222E+02
     0.326520591E+02
     0.325470950E+02
     0.324076676E+02
     0.324511744E+02
     0.324076676E+02
     0.323377045E+02
     0.323027795E+02
     0.321982309E+02
     0.320593589E+02
     0.321026920E+02
     0.320593589E+02
     0.319896661E+02
     0.319548766E+02
     0.318507347E+02
     0.317124067E+02
     0.317555695E+02
     0.317124067E+02
     0.316429786E+02
     0.316083216E+02
     0.315045781E+02
     0.313667829E+02
     0.314097790E+02
     0.313667829E+02
     0.312976140E+02
     0.312630868E+02
     0.311597335E+02
     0.310224604E+02
     0.310652931E+02
     0.310224604E+02
     0.309535454E+02
     0.309191453E+02
     0.308161743E+02
     0.306794128E+02
     0.307220854E+02
     0.306794128E+02
     0.306107465E+02
     0.305764709E+02
     0.304738745E+02
     0.303376145E+02
     0.303801302E+02
     0.303376145E+02
     0.302691918E+02
     0.302350383E+02
     0.301328090E+02
     0.299970406E+02
     0.300394024E+02
     0.299970406E+02
     0.299288566E+02
     0.298948227E+02
     0.297929532E+02
     0.296576669E+02
     0.296998777E+02
     0.296576669E+02
     0.295897168E+02
     0.295558002E+02
     0.294542833E+02
     0.293194698E+02
     0.293615326E+02
     0.293194698E+02
     0.292517490E+02
     0.292179473E+02
     0.291167763E+02
     0.289824264E+02
     0.290243440E+02
     0.289824264E+02
     0.289149303E+02
     0.288812413E+02
     0.287804094E+02
     0.286465144E+02
     0.286882895E+02
     0.286465144E+02
     0.285792387E+02
     0.285456601E+02
     0.284451608E+02
     0.283117120E+02
     0.283533474E+02
     0.283117120E+02
     0.282446523E+02
     0.282111821E+02
     0.281110091E+02
     0.279779982E+02
     0.280194963E+02
     0.279779982E+02
     0.279111503E+02
     0.278777863E+02
     0.277779333E+02
     0.276453522E+02
     0.276867157E+02
     0.276453522E+02
     0.275787120E+02
     0.275454522E+02
     0.274459133E+02
     0.273137540E+02
     0.273549852E+02
     0.273137540E+02
     0.272473175E+02
     0.272141599E+02
     0.271149291E+02
     0.269831839E+02
     0.270242853E+02
     0.269831839E+02
     0.269169473E+02
     0.268838900E+02
     0.267849615E+02
     0.266536228E+02
     0.266945968E+02
     0.266536228E+02
     0.265875822E+02
     0.265546233E+02
     0.264559915E+02
     0.263250521E+02
     0.263659009E+02
     0.263250521E+02
     0.262592038E+02
     0.262263414E+02
     0.261280009E+02
     0.259974535E+02
     0.260381794E+02
     0.259974535E+02
     0.259317939E+02
     0.258990263E+02
     0.258009716E+02
     0.256708094E+02
     0.257114144E+02
     0.256708094E+02
     0.256053348E+02
     0.255726601E+02
     0.254748862E+02
     0.253451022E+02
     0.253855885E+02
     0.253451022E+02
     0.252798092E+02
     0.252472258E+02
     0.251497274E+02
     0.250203150E+02
     0.250606847E+02
     0.250203150E+02
     0.249552003E+02
     0.249227065E+02
     0.248254787E+02
     0.246964314E+02
     0.247366865E+02
     0.246964314E+02
     0.246314915E+02
     0.245990856E+02
     0.245021236E+02
     0.243734351E+02
     0.244135775E+02
     0.243734351E+02
     0.243086668E+02
     0.242763473E+02
     0.241796462E+02
     0.240513103E+02
     0.240913419E+02
     0.240513103E+02
     0.239867105E+02
     0.239544757E+02
     0.238580309E+02
     0.237300416E+02
     0.237699643E+02
     0.237300416E+02
     0.236656071E+02
     0.236334555E+02
     0.235372625E+02
     0.234096139E+02
     0.234494296E+02
     0.234096139E+02
     0.233453417E+02
     0.233132718E+02
     0.232173261E+02
     0.230900125E+02
     0.231297228E+02
     0.230900125E+02
     0.230258995E+02
     0.229939098E+02
     0.228982071E+02
     0.227712229E+02
     0.228108296E+02
     0.227712229E+02
     0.227072662E+02
     0.226753553E+02
     0.225798914E+02
     0.224532310E+02
     0.224927359E+02
     0.224532310E+02
     0.223894278E+02
     0.223575943E+02
     0.222623649E+02
     0.221360231E+02
     0.221754277E+02
     0.221360231E+02
     0.220723706E+02
     0.220406130E+02
     0.219456142E+02
     0.218195857E+02
     0.218588917E+02
     0.218195857E+02
     0.217560812E+02
     0.217243982E+02
     0.216296260E+02
     0.215039058E+02
     0.215431146E+02
     0.215039058E+02
     0.214405464E+02
     0.214089368E+02
     0.213143872E+02
     0.211889703E+02
     0.212280836E+02
     0.211889703E+02
     0.211257535E+02
     0.210942159E+02
     0.209998852E+02
     0.208747668E+02
     0.209137860E+02
     0.208747668E+02
     0.208116900E+02
     0.207802231E+02
     0.206861076E+02
     0.205612830E+02
     0.206002095E+02
     0.205612830E+02
     0.204983436E+02
     0.204669462E+02
     0.203730423E+02
     0.202485069E+02
     0.202873422E+02
     0.202485069E+02
     0.201857025E+02
     0.201543734E+02
     0.200606775E+02
     0.199364268E+02
     0.199751722E+02
     0.199364268E+02
     0.198737549E+02
     0.198424929E+02
     0.197490016E+02
     0.196250313E+02
     0.196636882E+02
     0.196250313E+02
     0.195624896E+02
     0.195312935E+02
     0.194380034E+02
     0.193143094E+02
     0.193528789E+02
     0.193143094E+02
     0.192518954E+02
     0.192207641E+02
     0.191276719E+02
     0.190042499E+02
     0.190427335E+02
     0.190042499E+02
     0.189419615E+02
     0.189108939E+02
     0.188179964E+02
     0.186948426E+02
     0.187332413E+02
     0.186948426E+02
     0.186326774E+02
     0.186016723E+02
     0.185089664E+02
     0.183860769E+02
     0.184243919E+02
     0.183860769E+02
     0.183240327E+02
     0.182930892E+02
     0.182005718E+02
     0.180779428E+02
     0.181161753E+02
     0.180779428E+02
     0.180160176E+02
     0.179851345E+02
     0.178928027E+02
     0.177704306E+02
     0.178085817E+02
     0.177704306E+02
     0.177086222E+02
     0.176777986E+02
     0.175856495E+02
     0.174635308E+02
     0.175016015E+02
     0.174635308E+02
     0.174018371E+02
     0.173710720E+02
     0.172791028E+02
     0.171572341E+02
     0.171952255E+02
     0.171572341E+02
     0.170956532E+02
     0.170649456E+02
     0.169731536E+02
     0.168515317E+02
     0.168894446E+02
     0.168515317E+02
     0.167900615E+02
     0.167594106E+02
     0.166677930E+02
     0.165464149E+02
     0.165842503E+02
     0.165464149E+02
     0.164850535E+02
     0.164544582E+02
     0.163630126E+02
     0.162418752E+02
     0.162796340E+02
     0.162418752E+02
     0.161806208E+02
     0.161500803E+02
     0.160588042E+02
     0.159379046E+02
     0.159755876E+02
     0.159379046E+02
     0.158767554E+02
     0.158462688E+02
     0.157551598E+02
     0.156344954E+02
     0.156721034E+02
     0.156344954E+02
     0.155734495E+02
     0.155430160E+02
     0.154520718E+02
     0.153316401E+02
     0.153691738E+02
     0.153316401E+02
     0.152706958E+02
     0.152403146E+02
     0.151495330E+02
     0.150293315E+02
     0.150667917E+02
     0.150293315E+02
     0.149684871E+02
     0.149381574E+02
     0.148475363E+02
     0.147275628E+02
     0.147649500E+02
     0.147275628E+02
     0.146668167E+02
     0.146365377E+02
     0.145460752E+02
     0.144263276E+02
     0.144636424E+02
     0.144263276E+02
     0.143656782E+02
     0.143354491E+02
     0.142451432E+02
     0.141256196E+02
     0.141628626E+02
     0.141256196E+02
     0.140650653E+02
     0.140348856E+02
     0.139447345E+02
     0.138254331E+02
     0.138626047E+02
     0.138254331E+02
     0.137649725E+02
     0.137348415E+02
     0.136448434E+02
     0.135257627E+02
     0.135628634E+02
     0.135257627E+02
     0.134653944E+02
     0.134353113E+02
     0.133454649E+02
     0.132266035E+02
     0.132636335E+02
     0.132266035E+02
     0.131663260E+02
     0.131362904E+02
     0.130465940E+02
     0.129279508E+02
     0.129649104E+02
     0.129279508E+02
     0.128677629E+02
     0.128377742E+02
     0.127482265E+02
     0.126298006E+02
     0.126666900E+02
     0.126298006E+02
     0.125697010E+02
     0.125397586E+02
     0.124503586E+02
     0.123321492E+02
     0.123689685E+02
     0.123321492E+02
     0.122721368E+02
     0.122422402E+02
     0.121529867E+02
     0.120349934E+02
     0.120717427E+02
     0.120349934E+02
     0.119750671E+02
     0.119452159E+02
     0.118561080E+02
     0.117383307E+02
     0.117750099E+02
     0.117383307E+02
     0.116784894E+02
     0.116486832E+02
     0.115597203E+02
     0.114421591E+02
     0.114787680E+02
     0.114421591E+02
     0.113824018E+02
     0.113526403E+02
     0.112638218E+02
     0.111464772E+02
     0.111830155E+02
     0.111464772E+02
     0.110868030E+02
     0.110570859E+02
     0.109684115E+02
     0.108512842E+02
     0.108877515E+02
     0.108512842E+02
     0.107916924E+02
     0.107620194E+02
     0.106734889E+02
     0.105565802E+02
     0.105929759E+02
     0.105565802E+02
     0.104970701E+02
     0.104674410E+02
     0.103790546E+02
     0.102623659E+02
     0.102986895E+02
     0.102623659E+02
     0.102029370E+02
     0.101733517E+02
     0.100851097E+02
     0.996864309E+01
     0.100048937E+02
     0.996864309E+01
     0.990929489E+01
     0.987975341E+01
     0.979165636E+01
     0.967541438E+01
     0.971159099E+01
     0.967541438E+01
     0.961614653E+01
     0.958664888E+01
     0.949869775E+01
     0.938268346E+01
     0.941878489E+01
     0.938268346E+01
     0.932349576E+01
     0.929404207E+01
     0.920623811E+01
     0.909045516E+01
     0.912648004E+01
     0.909045516E+01
     0.903134758E+01
     0.900193807E+01
     0.891428291E+01
     0.879873563E+01
     0.883468235E+01
     0.879873563E+01
     0.873970831E+01
     0.871034331E+01
     0.862283898E+01
     0.850753245E+01
     0.854339913E+01
     0.850753245E+01
     0.844858570E+01
     0.841926567E+01
     0.833191466E+01
     0.821685480E+01
     0.825263928E+01
     0.821685480E+01
     0.815798916E+01
     0.812871467E+01
     0.804152001E+01
     0.792671365E+01
     0.796241346E+01
     0.792671365E+01
     0.786792990E+01
     0.783870170E+01
     0.775166697E+01
     0.763712204E+01
     0.767273432E+01
     0.763712204E+01
     0.757842122E+01
     0.754924023E+01
     0.746236969E+01
     0.734809530E+01
     0.738361679E+01
     0.734809530E+01
     0.728947877E+01
     0.726034608E+01
     0.717364474E+01
     0.705965139E+01
     0.709507836E+01
     0.705965139E+01
     0.700112084E+01
     0.697203780E+01
     0.688551153E+01
     0.677181128E+01
     0.680713945E+01
     0.677181128E+01
     0.671336882E+01
     0.668433701E+01
     0.659799269E+01
     0.648459941E+01
     0.651982388E+01
     0.648459941E+01
     0.642624762E+01
     0.639726893E+01
     0.631111456E+01
     0.619804422E+01
     0.623315937E+01
     0.619804422E+01
     0.613978621E+01
     0.611086287E+01
     0.602490781E+01
     0.591217884E+01
     0.594717819E+01
     0.591217884E+01
     0.585401834E+01
     0.582515300E+01
     0.573940816E+01
     0.562704183E+01
     0.566191794E+01
     0.562704183E+01
     0.556898333E+01
     0.554017911E+01
     0.545465727E+01
     0.534267821E+01
     0.537742248E+01
     0.534267821E+01
     0.528472709E+01
     0.525598768E+01
     0.517070380E+01
     0.505914067E+01
     0.509374310E+01
     0.505914067E+01
     0.500130335E+01
     0.497263312E+01
     0.488760478E+01
     0.477649102E+01
     0.481093998E+01
     0.477649102E+01
     0.471877520E+01
     0.469017935E+01
     0.460542734E+01
     0.449480216E+01
     0.452908403E+01
     0.449480216E+01
     0.443721709E+01
     0.440870181E+01
     0.432425076E+01
     0.421416042E+01
     0.424825917E+01
     0.421416042E+01
     0.415671727E+01
     0.412828999E+01
     0.404416931E+01
     0.393466872E+01
     0.396856533E+01
     0.393466872E+01
     0.387738101E+01
     0.384905070E+01
     0.376529572E+01
     0.365645054E+01
     0.369012231E+01
     0.365645054E+01
     0.359933478E+01
     0.357111235E+01
     0.348776588E+01
     0.337965528E+01
     0.341307489E+01
     0.337965528E+01
     0.332273181E+01
     0.329463062E+01
     0.321174500E+01
     0.310446541E+01
     0.313759961E+01
     0.310446541E+01
     0.304775948E+01
     0.301979613E+01
     0.293743607E+01
     0.283110617E+01
     0.286391411E+01
     0.283110617E+01
     0.277464956E+01
     0.274684486E+01
     0.266509139E+01
     0.255985916E+01
     0.259228999E+01
     0.255985916E+01
     0.250369238E+01
     0.247607284E+01
     0.239502891E+01
     0.229108157E+01
     0.232307104E+01
     0.229108157E+01
     0.223525715E+01
     0.220785711E+01
     0.212765582E+01
     0.202523422E+01
     0.205669986E+01
     0.202523422E+01
     0.196982163E+01
     0.194268651E+01
     0.186350341E+01
     0.176292357E+01
     0.179375740E+01
     0.176292357E+01
     0.170801689E+01
     0.168120821E+01
     0.160328053E+01
     0.150496665E+01
     0.153502411E+01
     0.150496665E+01
     0.145069703E+01
     0.142430056E+01
     0.134795816E+01
     0.125249530E+01
     0.128157772E+01
     0.125249530E+01
     0.119905207E+01
     0.117319178E+01
     0.109890948E+01
     0.100713061E+01
     0.103495647E+01
     0.100713061E+01
     0.954799403E+00
     0.929662492E+00
     0.858153192E+00
     0.771289654E+00
     0.797445556E+00
     0.771289654E+00
     0.720525954E+00
     0.696411109E+00
     0.628801943E+00
     0.548754533E+00
     0.572608834E+00
     0.548754533E+00
     0.500338675E+00
     0.477756991E+00
     0.415945069E+00
     0.345786383E+00
     0.366335635E+00
     0.345786383E+00
     0.301186542E+00
     0.281092591E+00
     0.228502476E+00
     0.173358947E+00
     0.188985709E+00
     0.173358947E+00
     0.135685472E+00
     0.120040251E+00
     0.831203821E-01
     0.509192163E-01
     0.593457715E-01
     0.509192163E-01
     0.274030160E-01
     0.201028065E-01
     0.793654844E-02
     0.229860834E-02
     0.338565008E-02
     0.229860834E-02
     0.223551703E-02
     0.220462376E-02
     0.211448198E-02
     0.200000000E-02
     0.203509351E-02
