     0.218889737E+01
     0.203382038E+01
     0.196435824E+01
     0.175654275E+01
     0.150803679E+01
     0.158214191E+01
     0.217338967E+01
     0.216571517E+01
     0.214269218E+01
     0.211224401E+01
     0.212172839E+01
     0.218690389E+01
     0.218590845E+01
     0.218292215E+01
     0.217894450E+01
     0.218018702E+01
     0.217894450E+01
     0.217583748E+01
     0.217428718E+01
     0.216963627E+01
     0.216344506E+01
     0.216537858E+01
     0.217763626E+01
     0.217698271E+01
     0.217502206E+01
     0.217240962E+01
     0.217322579E+01
     0.217240962E+01
     0.217087802E+01
     0.217011301E+01
     0.216781795E+01
     0.216476033E+01
     0.216571554E+01
     0.216476033E+01
     0.216327357E+01
     0.216253094E+01
     0.216030304E+01
     0.215733482E+01
     0.215826211E+01
     0.215733482E+01
     0.215579616E+01
     0.215502763E+01
     0.215272204E+01
     0.214965040E+01
     0.215060998E+01
     0.214965040E+01
     0.214807240E+01
     0.214728424E+01
     0.214491978E+01
     0.214176980E+01
     0.214275384E+01
     0.214176980E+01
     0.214016225E+01
     0.213935937E+01
     0.213695071E+01
     0.213374192E+01
     0.213474433E+01
     0.213374192E+01
     0.213211206E+01
     0.213129805E+01
     0.212885602E+01
     0.212560282E+01
     0.212661909E+01
     0.212560282E+01
     0.212395613E+01
     0.212313372E+01
     0.212066651E+01
     0.211737982E+01
     0.211840655E+01
     0.211737982E+01
     0.211572053E+01
     0.211489185E+01
     0.211240581E+01
     0.210909409E+01
     0.211012863E+01
     0.210909409E+01
     0.210742556E+01
     0.210659227E+01
     0.210409242E+01
     0.210076234E+01
     0.210180262E+01
     0.210076234E+01
     0.209908726E+01
     0.209825072E+01
     0.209574108E+01
     0.209239800E+01
     0.209344233E+01
     0.209239800E+01
     0.209071855E+01
     0.208987983E+01
     0.208736368E+01
     0.208401195E+01
     0.208505898E+01
     0.208401195E+01
     0.208232992E+01
     0.208148993E+01
     0.207896995E+01
     0.207561314E+01
     0.207666175E+01
     0.207561314E+01
     0.207393003E+01
     0.207308950E+01
     0.207056792E+01
     0.206720901E+01
     0.206825828E+01
     0.206720901E+01
     0.206552606E+01
     0.206468562E+01
     0.206216430E+01
     0.205880577E+01
     0.205985492E+01
     0.205880577E+01
     0.205712403E+01
     0.205628420E+01
     0.205376472E+01
     0.205040866E+01
     0.205145703E+01
     0.205040866E+01
     0.204872902E+01
     0.204789025E+01
     0.204537394E+01
     0.204202211E+01
     0.204306916E+01
     0.204202211E+01
     0.204034534E+01
     0.203950800E+01
     0.203699600E+01
     0.203364993E+01
     0.203469517E+01
     0.203364993E+01
     0.203197667E+01
     0.203114109E+01
     0.202863437E+01
     0.202529536E+01
     0.202633839E+01
     0.202529536E+01
     0.202362617E+01
     0.202279263E+01
     0.202029203E+01
     0.201696119E+01
     0.201800167E+01
     0.201696119E+01
     0.201529656E+01
     0.201446531E+01
     0.201197155E+01
     0.200864985E+01
     0.200968747E+01
     0.200864985E+01
     0.200699020E+01
     0.200616143E+01
     0.200367515E+01
     0.200036342E+01
     0.200139793E+01
     0.200036342E+01
     0.199870911E+01
     0.199788302E+01
     0.199540476E+01
     0.199210373E+01
     0.199313489E+01
     0.199210373E+01
     0.199045508E+01
     0.198963183E+01
     0.198716206E+01
     0.198387236E+01
     0.198489998E+01
     0.198387236E+01
     0.198222965E+01
     0.198140937E+01
     0.197894851E+01
     0.197567070E+01
     0.197669461E+01
     0.197567070E+01
     0.197403417E+01
     0.197321697E+01
     0.197076539E+01
     0.196749994E+01
     0.196851999E+01
     0.196749994E+01
     0.196586981E+01
     0.196505581E+01
     0.196261381E+01
     0.195936115E+01
     0.196037720E+01
     0.195936115E+01
     0.195773759E+01
     0.195692688E+01
     0.195449475E+01
     0.195125525E+01
     0.195226719E+01
     0.195125525E+01
     0.194963843E+01
     0.194883109E+01
     0.194640906E+01
     0.194318304E+01
     0.194419076E+01
     0.194318304E+01
     0.194157309E+01
     0.194076919E+01
     0.193835749E+01
     0.193514522E+01
     0.193614864E+01
     0.193514522E+01
     0.193354228E+01
     0.193274188E+01
     0.193034067E+01
     0.192714241E+01
     0.192814146E+01
     0.192714241E+01
     0.192554657E+01
     0.192474973E+01
     0.192235919E+01
     0.191917513E+01
     0.192016974E+01
     0.191917513E+01
     0.191758650E+01
     0.191679326E+01
     0.191441352E+01
     0.191124386E+01
     0.191223397E+01
     0.191124386E+01
     0.190966251E+01
     0.190887290E+01
     0.190650409E+01
     0.190334899E+01
     0.190433455E+01
     0.190334899E+01
     0.190177499E+01
     0.190098906E+01
     0.189863126E+01
     0.189549086E+01
     0.189647183E+01
     0.189549086E+01
     0.189392427E+01
     0.189314204E+01
     0.189079536E+01
     0.188766977E+01
     0.188864611E+01
     0.188766977E+01
     0.188611064E+01
     0.188533214E+01
     0.188299664E+01
     0.187988597E+01
     0.188085764E+01
     0.187988597E+01
     0.187833433E+01
     0.187755958E+01
     0.187523533E+01
     0.187213965E+01
     0.187310664E+01
     0.187213965E+01
     0.187059555E+01
     0.186982457E+01
     0.186751162E+01
     0.186443100E+01
     0.186539328E+01
     0.186443100E+01
     0.186289446E+01
     0.186212726E+01
     0.185982565E+01
     0.185676015E+01
     0.185771771E+01
     0.185676015E+01
     0.185523120E+01
     0.185446779E+01
     0.185217755E+01
     0.184912721E+01
     0.185008004E+01
     0.184912721E+01
     0.184760586E+01
     0.184684625E+01
     0.184456741E+01
     0.184153227E+01
     0.184248035E+01
     0.184153227E+01
     0.184001853E+01
     0.183926273E+01
     0.183699530E+01
     0.183397538E+01
     0.183491870E+01
     0.183397538E+01
     0.183246927E+01
     0.183171727E+01
     0.182946127E+01
     0.182645659E+01
     0.182739515E+01
     0.182645659E+01
     0.182495810E+01
     0.182420991E+01
     0.182196535E+01
     0.181897590E+01
     0.181990970E+01
     0.181897590E+01
     0.181748503E+01
     0.181674066E+01
     0.181450753E+01
     0.181153332E+01
     0.181246236E+01
     0.181153332E+01
     0.181005008E+01
     0.180930951E+01
     0.180708781E+01
     0.180412884E+01
     0.180505312E+01
     0.180412884E+01
     0.180265321E+01
     0.180191645E+01
     0.179970617E+01
     0.179676242E+01
     0.179768194E+01
     0.179676242E+01
     0.179529439E+01
     0.179456144E+01
     0.179236256E+01
     0.178943402E+01
     0.179034878E+01
     0.178943402E+01
     0.178797359E+01
     0.178724442E+01
     0.178505694E+01
     0.178214357E+01
     0.178305360E+01
     0.178214357E+01
     0.178069073E+01
     0.177996535E+01
     0.177778924E+01
     0.177489103E+01
     0.177579631E+01
     0.177489103E+01
     0.177344574E+01
     0.177272415E+01
     0.177055938E+01
     0.176767630E+01
     0.176857686E+01
     0.176767629E+01
     0.176623856E+01
     0.176552074E+01
     0.176336729E+01
     0.176049929E+01
     0.176139514E+01
     0.176049929E+01
     0.175906909E+01
     0.175835503E+01
     0.175621287E+01
     0.175335992E+01
     0.175425107E+01
     0.175335992E+01
     0.175193723E+01
     0.175122693E+01
     0.174909602E+01
     0.174625809E+01
     0.174714454E+01
     0.174625809E+01
     0.174484288E+01
     0.174413632E+01
     0.174201664E+01
     0.173919367E+01
     0.174007545E+01
     0.173919367E+01
     0.173778593E+01
     0.173708310E+01
     0.173497462E+01
     0.173216656E+01
     0.173304368E+01
     0.173216656E+01
     0.173076626E+01
     0.173006715E+01
     0.172796982E+01
     0.172517664E+01
     0.172604911E+01
     0.172517664E+01
     0.172378374E+01
     0.172308834E+01
     0.172100213E+01
     0.171822377E+01
     0.171909161E+01
     0.171822377E+01
     0.171683826E+01
     0.171614655E+01
     0.171407142E+01
     0.171130783E+01
     0.171217105E+01
     0.171130783E+01
     0.170992968E+01
     0.170924165E+01
     0.170717755E+01
     0.170442867E+01
     0.170528730E+01
     0.170442867E+01
     0.170305786E+01
     0.170237349E+01
     0.170032039E+01
     0.169758617E+01
     0.169844021E+01
     0.169758617E+01
     0.169622266E+01
     0.169554194E+01
     0.169349979E+01
     0.169078017E+01
     0.169162965E+01
     0.169078017E+01
     0.168942393E+01
     0.168874685E+01
     0.168671561E+01
     0.168401053E+01
     0.168485547E+01
     0.168401052E+01
     0.168266153E+01
     0.168198807E+01
     0.167996770E+01
     0.167727709E+01
     0.167811751E+01
     0.167727709E+01
     0.167593531E+01
     0.167526546E+01
     0.167325590E+01
     0.167057972E+01
     0.167141563E+01
     0.167057972E+01
     0.166924512E+01
     0.166857886E+01
     0.166658007E+01
     0.166391824E+01
     0.166474967E+01
     0.166391824E+01
     0.166259080E+01
     0.166192811E+01
     0.165994005E+01
     0.165729251E+01
     0.165811947E+01
     0.165729251E+01
     0.165597219E+01
     0.165531306E+01
     0.165333567E+01
     0.165070237E+01
     0.165152488E+01
     0.165070237E+01
     0.164938913E+01
     0.164873355E+01
     0.164676679E+01
     0.164414766E+01
     0.164496574E+01
     0.164414766E+01
     0.164284147E+01
     0.164218941E+01
     0.164023323E+01
     0.163762820E+01
     0.163844188E+01
     0.163762820E+01
     0.163632904E+01
     0.163568049E+01
     0.163373484E+01
     0.163114385E+01
     0.163195314E+01
     0.163114385E+01
     0.162985168E+01
     0.162920663E+01
     0.162727146E+01
     0.162469444E+01
     0.162549936E+01
     0.162469444E+01
     0.162340922E+01
     0.162276764E+01
     0.162084291E+01
     0.161827979E+01
     0.161908037E+01
     0.161827979E+01
     0.161700150E+01
     0.161636338E+01
     0.161444903E+01
     0.161189975E+01
     0.161269601E+01
     0.161189975E+01
     0.161062835E+01
     0.160999368E+01
     0.160808965E+01
     0.160555415E+01
     0.160634610E+01
     0.160555415E+01
     0.160428960E+01
     0.160365836E+01
     0.160176461E+01
     0.159924282E+01
     0.160003049E+01
     0.159924282E+01
     0.159798509E+01
     0.159735726E+01
     0.159547374E+01
     0.159296559E+01
     0.159374899E+01
     0.159296559E+01
     0.159171465E+01
     0.159109021E+01
     0.158921687E+01
     0.158672229E+01
     0.158750145E+01
     0.158672229E+01
     0.158547811E+01
     0.158485704E+01
     0.158299383E+01
     0.158051275E+01
     0.158128770E+01
     0.158051275E+01
     0.157927529E+01
     0.157865758E+01
     0.157680446E+01
     0.157433681E+01
     0.157510756E+01
     0.157433681E+01
     0.157310603E+01
     0.157249167E+01
     0.157064857E+01
     0.156819429E+01
     0.156896086E+01
     0.156819429E+01
     0.156697017E+01
     0.156635913E+01
     0.156452601E+01
     0.156208503E+01
     0.156284744E+01
     0.156208502E+01
     0.156086752E+01
     0.156025979E+01
     0.155843659E+01
     0.155600885E+01
     0.155676713E+01
     0.155600885E+01
     0.155479793E+01
     0.155419349E+01
     0.155238017E+01
     0.154996558E+01
     0.155071975E+01
     0.154996558E+01
     0.154876121E+01
     0.154816005E+01
     0.154635655E+01
     0.154395506E+01
     0.154470514E+01
     0.154395506E+01
     0.154275721E+01
     0.154215930E+01
     0.154036558E+01
     0.153797712E+01
     0.153872312E+01
     0.153797712E+01
     0.153678575E+01
     0.153619108E+01
     0.153440708E+01
     0.153203158E+01
     0.153277353E+01
     0.153203158E+01
     0.153084666E+01
     0.153025522E+01
     0.152848088E+01
     0.152611828E+01
     0.152685620E+01
     0.152611828E+01
     0.152493977E+01
     0.152435154E+01
     0.152258683E+01
     0.152023704E+01
     0.152097096E+01
     0.152023704E+01
     0.151906492E+01
     0.151847987E+01
     0.151672473E+01
     0.151438771E+01
     0.151511764E+01
     0.151438771E+01
     0.151322193E+01
     0.151264006E+01
     0.151089444E+01
     0.150857010E+01
     0.150929607E+01
     0.150857010E+01
     0.150741064E+01
     0.150683193E+01
     0.150509577E+01
     0.150278406E+01
     0.150350608E+01
     0.150278406E+01
     0.150163088E+01
     0.150105530E+01
     0.149932857E+01
     0.149702942E+01
     0.149774752E+01
     0.149702942E+01
     0.149588248E+01
     0.149531003E+01
     0.149359266E+01
     0.149130600E+01
     0.149202019E+01
     0.149130600E+01
     0.149016528E+01
     0.148959593E+01
     0.148788788E+01
     0.148561364E+01
     0.148632396E+01
     0.148561364E+01
     0.148447910E+01
     0.148391284E+01
     0.148221407E+01
     0.147995218E+01
     0.148065863E+01
     0.147995218E+01
     0.147882379E+01
     0.147826060E+01
     0.147657104E+01
     0.147432145E+01
     0.147502406E+01
     0.147432145E+01
     0.147319917E+01
     0.147263904E+01
     0.147095865E+01
     0.146872128E+01
     0.146942007E+01
     0.146872128E+01
     0.146760508E+01
     0.146704799E+01
     0.146537672E+01
     0.146315151E+01
     0.146384650E+01
     0.146315151E+01
     0.146204136E+01
     0.146148729E+01
     0.145982510E+01
     0.145761197E+01
     0.145830319E+01
     0.145761197E+01
     0.145650784E+01
     0.145595678E+01
     0.145430361E+01
     0.145210251E+01
     0.145278997E+01
     0.145210251E+01
     0.145100436E+01
     0.145045629E+01
     0.144881209E+01
     0.144662295E+01
     0.144730667E+01
     0.144662295E+01
     0.144553075E+01
     0.144498566E+01
     0.144335038E+01
     0.144117314E+01
     0.144185315E+01
     0.144117314E+01
     0.144008686E+01
     0.143954473E+01
     0.143791832E+01
     0.143575292E+01
     0.143642922E+01
     0.143575292E+01
     0.143467252E+01
     0.143413333E+01
     0.143251575E+01
     0.143036212E+01
     0.143103474E+01
     0.143036211E+01
     0.142928757E+01
     0.142875131E+01
     0.142714251E+01
     0.142500057E+01
     0.142566954E+01
     0.142500057E+01
     0.142393185E+01
     0.142339850E+01
     0.142179843E+01
     0.141966813E+01
     0.142033347E+01
     0.141966813E+01
     0.141860520E+01
     0.141807474E+01
     0.141648336E+01
     0.141436464E+01
     0.141502635E+01
     0.141436464E+01
     0.141330746E+01
     0.141277988E+01
     0.141119713E+01
     0.140908992E+01
     0.140974804E+01
     0.140908992E+01
     0.140803848E+01
     0.140751376E+01
     0.140593960E+01
     0.140384384E+01
     0.140449838E+01
     0.140384384E+01
     0.140279809E+01
     0.140227621E+01
     0.140071059E+01
     0.139862622E+01
     0.139927720E+01
     0.139862622E+01
     0.139758613E+01
     0.139706709E+01
     0.139550996E+01
     0.139343691E+01
     0.139408436E+01
     0.139343691E+01
     0.139240246E+01
     0.139188623E+01
     0.139033755E+01
     0.138827576E+01
     0.138891968E+01
     0.138827576E+01
     0.138724690E+01
     0.138673348E+01
     0.138519320E+01
     0.138314261E+01
     0.138378303E+01
     0.138314261E+01
     0.138211932E+01
     0.138160868E+01
     0.138007676E+01
     0.137803730E+01
     0.137867425E+01
     0.137803730E+01
     0.137701956E+01
     0.137651169E+01
     0.137498807E+01
     0.137295969E+01
     0.137359317E+01
     0.137295969E+01
     0.137194745E+01
     0.137144233E+01
     0.136992698E+01
     0.136790961E+01
     0.136853966E+01
     0.136790961E+01
     0.136690286E+01
     0.136640048E+01
     0.136489334E+01
     0.136288692E+01
     0.136351354E+01
     0.136288692E+01
     0.136188561E+01
     0.136138596E+01
     0.135988699E+01
     0.135789147E+01
     0.135851469E+01
     0.135789146E+01
     0.135689558E+01
     0.135639863E+01
     0.135490778E+01
     0.135292309E+01
     0.135354293E+01
     0.135292309E+01
     0.135193259E+01
     0.135143834E+01
     0.134995557E+01
     0.134798165E+01
     0.134859812E+01
     0.134798165E+01
     0.134699651E+01
     0.134650493E+01
     0.134503020E+01
     0.134306700E+01
     0.134368012E+01
     0.134306700E+01
     0.134208718E+01
     0.134159827E+01
     0.134013153E+01
     0.133817898E+01
     0.133878877E+01
     0.133817897E+01
     0.133720446E+01
     0.133671820E+01
     0.133525940E+01
     0.133331744E+01
     0.133392392E+01
     0.133331744E+01
     0.133234819E+01
     0.133186456E+01
     0.133041367E+01
     0.132848224E+01
     0.132908543E+01
     0.132848224E+01
     0.132751824E+01
     0.132703722E+01
     0.132559419E+01
     0.132367324E+01
     0.132427316E+01
     0.132367324E+01
     0.132271442E+01
     0.132223601E+01
     0.132080077E+01
     0.131889020E+01
     0.131948687E+01
     0.131889019E+01
     0.131793651E+01
     0.131746066E+01
     0.131603311E+01
     0.131413280E+01
     0.131472627E+01
     0.131413280E+01
     0.131318422E+01
     0.131271092E+01
     0.131129102E+01
     0.130940091E+01
     0.130999119E+01
     0.130940091E+01
     0.130845740E+01
     0.130798664E+01
     0.130657435E+01
     0.130469439E+01
     0.130528150E+01
     0.130469439E+01
     0.130375593E+01
     0.130328769E+01
     0.130188297E+01
     0.130001309E+01
     0.130059705E+01
     0.130001309E+01
     0.129907965E+01
     0.129861392E+01
     0.129721673E+01
     0.129535689E+01
     0.129593771E+01
     0.129535689E+01
     0.129442844E+01
     0.129396521E+01
     0.129257550E+01
     0.129072564E+01
     0.129130334E+01
     0.129072564E+01
     0.128980216E+01
     0.128934141E+01
     0.128795915E+01
     0.128611921E+01
     0.128669381E+01
     0.128611921E+01
     0.128520066E+01
     0.128474238E+01
     0.128336752E+01
     0.128153746E+01
     0.128210898E+01
     0.128153746E+01
     0.128062382E+01
     0.128016799E+01
     0.127880050E+01
     0.127698026E+01
     0.127754871E+01
     0.127698025E+01
     0.127607151E+01
     0.127561812E+01
     0.127425795E+01
     0.127244747E+01
     0.127301287E+01
     0.127244746E+01
     0.127154357E+01
     0.127109261E+01
     0.126973973E+01
     0.126793896E+01
     0.126850132E+01
     0.126793895E+01
     0.126703989E+01
     0.126659135E+01
     0.126524571E+01
     0.126345459E+01
     0.126401394E+01
     0.126345459E+01
     0.126256033E+01
     0.126211419E+01
     0.126077575E+01
     0.125899424E+01
     0.125955059E+01
     0.125899424E+01
     0.125810476E+01
     0.125766100E+01
     0.125632973E+01
     0.125455777E+01
     0.125511113E+01
     0.125455777E+01
     0.125367304E+01
     0.125323166E+01
     0.125190752E+01
     0.125014506E+01
     0.125069545E+01
     0.125014505E+01
     0.124926505E+01
     0.124882604E+01
     0.124750898E+01
     0.124575596E+01
     0.124630341E+01
     0.124575596E+01
     0.124488066E+01
     0.124444399E+01
     0.124313398E+01
     0.124139036E+01
     0.124193487E+01
     0.124139036E+01
     0.124051974E+01
     0.124008540E+01
     0.123878240E+01
     0.123704813E+01
     0.123758972E+01
     0.123704813E+01
     0.123618215E+01
     0.123575014E+01
     0.123445412E+01
     0.123272913E+01
     0.123326781E+01
     0.123272913E+01
     0.123186778E+01
     0.123143808E+01
     0.123014899E+01
     0.122843325E+01
     0.122896904E+01
     0.122843325E+01
     0.122757649E+01
     0.122714909E+01
     0.122586689E+01
     0.122416035E+01
     0.122469327E+01
     0.122416035E+01
     0.122330816E+01
     0.122288305E+01
     0.122160771E+01
     0.121991031E+01
     0.122044037E+01
     0.121991031E+01
     0.121906267E+01
     0.121863983E+01
     0.121737132E+01
     0.121568300E+01
     0.121621023E+01
     0.121568300E+01
     0.121483989E+01
     0.121441932E+01
     0.121315758E+01
     0.121147831E+01
     0.121200271E+01
     0.121147831E+01
     0.121063970E+01
     0.121022137E+01
     0.120896639E+01
     0.120729611E+01
     0.120781770E+01
     0.120729611E+01
     0.120646198E+01
     0.120604589E+01
     0.120479761E+01
     0.120313628E+01
     0.120365507E+01
     0.120313628E+01
     0.120230660E+01
     0.120189273E+01
     0.120065113E+01
     0.119899870E+01
     0.119951471E+01
     0.119899870E+01
     0.119817344E+01
     0.119776179E+01
     0.119652683E+01
     0.119488325E+01
     0.119539649E+01
     0.119488325E+01
     0.119406240E+01
     0.119365294E+01
     0.119242459E+01
     0.119078981E+01
     0.119130030E+01
     0.119078980E+01
     0.118997333E+01
     0.118956607E+01
     0.118834428E+01
     0.118671826E+01
     0.118722602E+01
     0.118671825E+01
     0.118590614E+01
     0.118550106E+01
     0.118428580E+01
     0.118266848E+01
     0.118317352E+01
     0.118266848E+01
     0.118186070E+01
     0.118145778E+01
     0.118024902E+01
     0.117864037E+01
     0.117914270E+01
     0.117864037E+01
     0.117783690E+01
     0.117743614E+01
     0.117623384E+01
     0.117463380E+01
     0.117513344E+01
     0.117463380E+01
     0.117383462E+01
     0.117343600E+01
     0.117224013E+01
     0.117064866E+01
     0.117114563E+01
     0.117064866E+01
     0.116985375E+01
     0.116945726E+01
     0.116826779E+01
     0.116668485E+01
     0.116717915E+01
     0.116668485E+01
     0.116589418E+01
     0.116549981E+01
     0.116431670E+01
     0.116274224E+01
     0.116323389E+01
     0.116274224E+01
     0.116195579E+01
     0.116156353E+01
     0.116038676E+01
     0.115882073E+01
     0.115930974E+01
     0.115882072E+01
     0.115803848E+01
     0.115764832E+01
     0.115647784E+01
     0.115492020E+01
     0.115540660E+01
     0.115492020E+01
     0.115414213E+01
     0.115375406E+01
     0.115258985E+01
     0.115104056E+01
     0.115152434E+01
     0.115104056E+01
     0.115026664E+01
     0.114988065E+01
     0.114872267E+01
     0.114718169E+01
     0.114766288E+01
     0.114718169E+01
     0.114641191E+01
     0.114602798E+01
     0.114487620E+01
     0.114334348E+01
     0.114382209E+01
     0.114334348E+01
     0.114257782E+01
     0.114219595E+01
     0.114105034E+01
     0.113952584E+01
     0.114000188E+01
     0.113952584E+01
     0.113876427E+01
     0.113838445E+01
     0.113724497E+01
     0.113572866E+01
     0.113620214E+01
     0.113572865E+01
     0.113497116E+01
     0.113459337E+01
     0.113346000E+01
     0.113195183E+01
     0.113242277E+01
     0.113195183E+01
     0.113119839E+01
     0.113082263E+01
     0.112969533E+01
     0.112819526E+01
     0.112866367E+01
     0.112819526E+01
     0.112744585E+01
     0.112707210E+01
     0.112595086E+01
     0.112445885E+01
     0.112492473E+01
     0.112445884E+01
     0.112371345E+01
     0.112334171E+01
     0.112222648E+01
     0.112074249E+01
     0.112120587E+01
     0.112074249E+01
     0.112000109E+01
     0.111963134E+01
     0.111852211E+01
     0.111704609E+01
     0.111750698E+01
     0.111704609E+01
     0.111630867E+01
     0.111594091E+01
     0.111483764E+01
     0.111336957E+01
     0.111382797E+01
     0.111336956E+01
     0.111263610E+01
     0.111227032E+01
     0.111117297E+01
     0.110971281E+01
     0.111016875E+01
     0.110971281E+01
     0.110898328E+01
     0.110861947E+01
     0.110752803E+01
     0.110607573E+01
     0.110652921E+01
     0.110607573E+01
     0.110535012E+01
     0.110498827E+01
     0.110390271E+01
     0.110245824E+01
     0.110290928E+01
     0.110245824E+01
     0.110173654E+01
     0.110137664E+01
     0.110029692E+01
     0.109886026E+01
     0.109930885E+01
     0.109886025E+01
     0.109814244E+01
     0.109778447E+01
     0.109671059E+01
     0.109528168E+01
     0.109572785E+01
     0.109528168E+01
     0.109456773E+01
     0.109421170E+01
     0.109314361E+01
     0.109172243E+01
     0.109216619E+01
     0.109172243E+01
     0.109101233E+01
     0.109065822E+01
     0.108959591E+01
     0.108818242E+01
     0.108862377E+01
     0.108818242E+01
     0.108747616E+01
     0.108712397E+01
     0.108606740E+01
     0.108466157E+01
     0.108510053E+01
     0.108466157E+01
     0.108395913E+01
     0.108360884E+01
     0.108255800E+01
     0.108115980E+01
     0.108159638E+01
     0.108115980E+01
     0.108046116E+01
     0.108011278E+01
     0.107906763E+01
     0.107767703E+01
     0.107811123E+01
     0.107767702E+01
     0.107698217E+01
     0.107663568E+01
     0.107559622E+01
     0.107421318E+01
     0.107464502E+01
     0.107421317E+01
     0.107352210E+01
     0.107317749E+01
     0.107214368E+01
     0.107076817E+01
     0.107119766E+01
     0.107076817E+01
     0.107008085E+01
     0.106973813E+01
     0.106870995E+01
     0.106734195E+01
     0.106776909E+01
     0.106734194E+01
     0.106665837E+01
     0.106631751E+01
     0.106529494E+01
     0.106393442E+01
     0.106435923E+01
     0.106393442E+01
     0.106325457E+01
     0.106291558E+01
     0.106189860E+01
     0.106054553E+01
     0.106096801E+01
     0.106054553E+01
     0.105986940E+01
     0.105953227E+01
     0.105852086E+01
     0.105717521E+01
     0.105759537E+01
     0.105717521E+01
     0.105650278E+01
     0.105616750E+01
     0.105516165E+01
     0.105382339E+01
     0.105424124E+01
     0.105382339E+01
     0.105315466E+01
     0.105282122E+01
     0.105182090E+01
     0.105049001E+01
     0.105090556E+01
     0.105049001E+01
     0.104982496E+01
     0.104949336E+01
     0.104849856E+01
     0.104717502E+01
     0.104758827E+01
     0.104717502E+01
     0.104651364E+01
     0.104618387E+01
     0.104519456E+01
     0.104387835E+01
     0.104428932E+01
     0.104387835E+01
     0.104322063E+01
     0.104289269E+01
     0.104190886E+01
     0.104059996E+01
     0.104100864E+01
     0.104059995E+01
     0.103994588E+01
     0.103961976E+01
     0.103864140E+01
     0.103733978E+01
     0.103774619E+01
     0.103733978E+01
     0.103668934E+01
     0.103636504E+01
     0.103539214E+01
     0.103409778E+01
     0.103450191E+01
     0.103409777E+01
     0.103345097E+01
     0.103312848E+01
     0.103216101E+01
     0.103087390E+01
     0.103127577E+01
     0.103087389E+01
     0.103023071E+01
     0.102991003E+01
     0.102894799E+01
     0.102766810E+01
     0.102806772E+01
     0.102766810E+01
     0.102702853E+01
     0.102670966E+01
     0.102575303E+01
     0.102448035E+01
     0.102487772E+01
     0.102448035E+01
     0.102384439E+01
     0.102352732E+01
     0.102257609E+01
     0.102131061E+01
     0.102170573E+01
     0.102131061E+01
     0.102067825E+01
     0.102036297E+01
     0.101941714E+01
     0.101815885E+01
     0.101855172E+01
     0.101815884E+01
     0.101753008E+01
     0.101721660E+01
     0.101627615E+01
     0.101502503E+01
     0.101541566E+01
     0.101502503E+01
     0.101439985E+01
     0.101408816E+01
     0.101315309E+01
     0.101190913E+01
     0.101229753E+01
     0.101190913E+01
     0.101128754E+01
     0.101097764E+01
     0.101004795E+01
     0.100881114E+01
     0.100919730E+01
     0.100881114E+01
     0.100819313E+01
     0.100788502E+01
     0.100696069E+01
     0.100573103E+01
     0.100611496E+01
     0.100573103E+01
     0.100511660E+01
     0.100481028E+01
     0.100389131E+01
     0.100266879E+01
     0.100305049E+01
     0.100266879E+01
     0.100205794E+01
     0.100175341E+01
     0.100083980E+01
     0.999624423E+00
     0.100000389E+01
     0.999624419E+00
     0.999017150E+00
     0.998714402E+00
     0.997806153E+00
     0.996597912E+00
     0.996975149E+00
     0.996597908E+00
     0.995994219E+00
     0.995693257E+00
     0.994790369E+00
     0.993589265E+00
     0.993964272E+00
     0.993589262E+00
     0.992989153E+00
     0.992689979E+00
     0.991792452E+00
     0.990598489E+00
     0.990971266E+00
     0.990598486E+00
     0.990001961E+00
     0.989704575E+00
     0.988812415E+00
     0.987625598E+00
     0.987996143E+00
     0.987625594E+00
     0.987032657E+00
     0.986737062E+00
     0.985850274E+00
     0.984670609E+00
     0.985038920E+00
     0.984670605E+00
     0.984081261E+00
     0.983787459E+00
     0.982906051E+00
     0.981733549E+00
     0.982099623E+00
     0.981733545E+00
     0.981147800E+00
     0.980855795E+00
     0.979979776E+00
     0.978814449E+00
     0.979178282E+00
     0.978814445E+00
     0.978232307E+00
     0.977942102E+00
     0.977071484E+00
     0.975913347E+00
     0.976274934E+00
     0.975913343E+00
     0.975334823E+00
     0.975046423E+00
     0.974181219E+00
     0.973030291E+00
     0.973389627E+00
     0.973030287E+00
     0.972455394E+00
     0.972168805E+00
     0.971309032E+00
     0.970165334E+00
     0.970522412E+00
     0.970165330E+00
     0.969594078E+00
     0.969309305E+00
     0.968454982E+00
     0.967318538E+00
     0.967673351E+00
     0.967318535E+00
     0.966750938E+00
     0.966467989E+00
     0.965619137E+00
     0.964489976E+00
     0.964842514E+00
     0.964489972E+00
     0.963926047E+00
     0.963644930E+00
     0.962801574E+00
     0.961679728E+00
     0.962029981E+00
     0.961679724E+00
     0.961119489E+00
     0.960840213E+00
     0.960002380E+00
     0.958887884E+00
     0.959235842E+00
     0.958887880E+00
     0.958331356E+00
     0.958053931E+00
     0.957221651E+00
     0.956114547E+00
     0.956460197E+00
     0.956114543E+00
     0.955561753E+00
     0.955286191E+00
     0.954459498E+00
     0.953359830E+00
     0.953703158E+00
     0.953359826E+00
     0.952810796E+00
     0.952537108E+00
     0.951716041E+00
     0.950623859E+00
     0.950964850E+00
     0.950623855E+00
     0.950078613E+00
     0.949806814E+00
     0.948991414E+00
     0.947906773E+00
     0.948245409E+00
     0.947906769E+00
     0.947365345E+00
     0.947095451E+00
     0.946285764E+00
     0.945208725E+00
     0.945544987E+00
     0.945208722E+00
     0.944671151E+00
     0.944403178E+00
     0.943599255E+00
     0.942529885E+00
     0.942863753E+00
     0.942529882E+00
     0.941996201E+00
     0.941730168E+00
     0.940932065E+00
     0.939870438E+00
     0.940201888E+00
     0.939870435E+00
     0.939340686E+00
     0.939076613E+00
     0.938284391E+00
     0.937230589E+00
     0.937559596E+00
     0.937230585E+00
     0.936704813E+00
     0.936442723E+00
     0.935656450E+00
     0.934610560E+00
     0.934937096E+00
     0.934610556E+00
     0.934088811E+00
     0.933828728E+00
     0.933048476E+00
     0.932010596E+00
     0.932334632E+00
     0.932010593E+00
     0.931492928E+00
     0.931234879E+00
     0.930460729E+00
     0.929430966E+00
     0.929752468E+00
     0.929430963E+00
     0.928917438E+00
     0.928661453E+00
     0.927893493E+00
     0.926871964E+00
     0.927190894E+00
     0.926871960E+00
     0.926362640E+00
     0.926108750E+00
     0.925347078E+00
     0.924333910E+00
     0.924650230E+00
     0.924333906E+00
     0.923828862E+00
     0.923577103E+00
     0.922821823E+00
     0.921817156E+00
     0.922130823E+00
     0.921817153E+00
     0.921316463E+00
     0.921066873E+00
     0.920318102E+00
     0.919322090E+00
     0.919633055E+00
     0.919322087E+00
     0.918825835E+00
     0.918578458E+00
     0.917836322E+00
     0.916849133E+00
     0.917157344E+00
     0.916849130E+00
     0.916357411E+00
     0.916112292E+00
     0.915376931E+00
     0.914398751E+00
     0.914704149E+00
     0.914398747E+00
     0.913911664E+00
     0.913668855E+00
     0.912940422E+00
     0.911971453E+00
     0.912273976E+00
     0.911971449E+00
     0.911489116E+00
     0.911248672E+00
     0.910527336E+00
     0.909567802E+00
     0.909867380E+00
     0.909567798E+00
     0.909090339E+00
     0.908852322E+00
     0.908138269E+00
     0.907188417E+00
     0.907484973E+00
     0.907188414E+00
     0.906715966E+00
     0.906480446E+00
     0.905773882E+00
     0.904833984E+00
     0.905127433E+00
     0.904833981E+00
     0.904366698E+00
     0.904133750E+00
     0.903434902E+00
     0.902505261E+00
     0.902795509E+00
     0.902505258E+00
     0.902043310E+00
     0.901813018E+00
     0.901122140E+00
     0.900203091E+00
     0.900490033E+00
     0.900203088E+00
     0.899746664E+00
     0.899519123E+00
     0.898836497E+00
     0.897928415E+00
     0.898211934E+00
     0.897928412E+00
     0.897477724E+00
     0.897253038E+00
     0.896578979E+00
     0.895682282E+00
     0.895962248E+00
     0.895682279E+00
     0.895237565E+00
     0.895015854E+00
     0.894350717E+00
     0.893465875E+00
     0.893742142E+00
     0.893465873E+00
     0.893027400E+00
     0.892808797E+00
     0.892152982E+00
     0.891280528E+00
     0.891552928E+00
     0.891280525E+00
     0.890848600E+00
     0.890633255E+00
     0.889987218E+00
     0.889127755E+00
     0.889396101E+00
     0.889127752E+00
     0.888702723E+00
     0.888490810E+00
     0.887855070E+00
     0.887009288E+00
     0.887273364E+00
     0.887009285E+00
     0.886591553E+00
     0.886383272E+00
     0.885758428E+00
     0.884927122E+00
     0.885186682E+00
     0.884927120E+00
     0.884517152E+00
     0.884312736E+00
     0.883699484E+00
     0.882883580E+00
     0.883138333E+00
     0.882883577E+00
     0.882481923E+00
     0.882281644E+00
     0.881680804E+00
     0.880881389E+00
     0.881130997E+00
     0.880881387E+00
     0.880488700E+00
     0.880292884E+00
     0.879705433E+00
     0.878923805E+00
     0.879167862E+00
     0.878923803E+00
     0.878540877E+00
     0.878349918E+00
     0.877777040E+00
     0.877014771E+00
     0.877252787E+00
     0.877014769E+00
     0.876642584E+00
     0.876456972E+00
     0.875900131E+00
     0.875159169E+00
     0.875390536E+00
     0.875159167E+00
     0.874798972E+00
     0.874619327E+00
     0.874080388E+00
     0.873363208E+00
     0.873587154E+00
     0.873363207E+00
     0.873016648E+00
     0.872843790E+00
     0.872325213E+00
     0.871635085E+00
     0.871850589E+00
     0.871635083E+00
     0.871304449E+00
     0.871139517E+00
     0.870644718E+00
     0.869986184E+00
     0.870191829E+00
     0.869986183E+00
     0.869674905E+00
     0.869519609E+00
     0.869053721E+00
     0.868433603E+00
     0.868627258E+00
     0.868433601E+00
     0.868147551E+00
     0.868004817E+00
     0.867576614E+00
     0.867006582E+00
     0.867184606E+00
     0.868186899E+00
     0.868063765E+00
     0.867694361E+00
     0.867202496E+00
     0.867356121E+00
     0.867202495E+00
     0.866954668E+00
     0.866830974E+00
     0.866459891E+00
     0.865965795E+00
     0.866120116E+00
     0.865965795E+00
     0.865696898E+00
     0.865562709E+00
     0.865160141E+00
     0.864624190E+00
     0.864791575E+00
     0.864624189E+00
     0.864329484E+00
     0.864182444E+00
     0.863741323E+00
     0.863154134E+00
     0.863337511E+00
     0.863154133E+00
     0.862838634E+00
     0.862681244E+00
     0.862209074E+00
     0.861580634E+00
     0.861776884E+00
     0.861580632E+00
     0.861247466E+00
     0.861081286E+00
     0.860582746E+00
     0.859919280E+00
     0.860126459E+00
     0.859919278E+00
     0.859570598E+00
     0.859396702E+00
     0.858875013E+00
     0.858180808E+00
     0.858397577E+00
     0.858180806E+00
     0.857818180E+00
     0.857637351E+00
     0.857094860E+00
     0.856373040E+00
     0.856598424E+00
     0.856373039E+00
     0.855997654E+00
     0.855810483E+00
     0.855248967E+00
     0.854501899E+00
     0.854735158E+00
     0.854501896E+00
     0.854114676E+00
     0.853921624E+00
     0.853342464E+00
     0.852571984E+00
     0.852812546E+00
     0.852571982E+00
     0.852173655E+00
     0.851975085E+00
     0.851379373E+00
     0.850586937E+00
     0.850834346E+00
     0.850586934E+00
     0.850178082E+00
     0.849974286E+00
     0.849362893E+00
     0.848549661E+00
     0.848803556E+00
     0.848549658E+00
     0.848130747E+00
     0.847921957E+00
     0.847295582E+00
     0.846462484E+00
     0.846722573E+00
     0.846462481E+00
     0.846033881E+00
     0.845820283E+00
     0.845179483E+00
     0.844327262E+00
     0.844593313E+00
     0.844327258E+00
     0.843889261E+00
     0.843670999E+00
     0.843016210E+00
     0.842145451E+00
     0.842417281E+00
     0.842145447E+00
     0.841698272E+00
     0.841475459E+00
     0.840807014E+00
     0.839918161E+00
     0.840195632E+00
     0.839918157E+00
     0.839461963E+00
     0.839234678E+00
     0.838552818E+00
     0.837646192E+00
     0.837929203E+00
     0.837646188E+00
     0.837181076E+00
     0.836949370E+00
     0.836254247E+00
     0.835330057E+00
     0.835618542E+00
     0.835330052E+00
     0.834856066E+00
     0.834619963E+00
     0.833911647E+00
     0.832969989E+00
     0.833263918E+00
     0.832969984E+00
     0.832487114E+00
     0.832246609E+00
     0.831525088E+00
     0.830565951E+00
     0.830865326E+00
     0.830565946E+00
     0.830074123E+00
     0.829829185E+00
     0.829094364E+00
     0.828117624E+00
     0.828422483E+00
     0.828117618E+00
     0.827616716E+00
     0.827367283E+00
     0.826618976E+00
     0.825624393E+00
     0.825934812E+00
     0.825624387E+00
     0.825114214E+00
     0.824860192E+00
     0.824098117E+00
     0.823085323E+00
     0.823401415E+00
     0.823085316E+00
     0.822565606E+00
     0.822306865E+00
     0.821530633E+00
     0.820499116E+00
     0.820821040E+00
     0.820499109E+00
     0.819969511E+00
     0.819705880E+00
     0.818914975E+00
     0.817864057E+00
     0.818192024E+00
     0.817864049E+00
     0.817324115E+00
     0.817055371E+00
     0.816249129E+00
     0.815177939E+00
     0.815512219E+00
     0.815177930E+00
     0.814627086E+00
     0.814352949E+00
     0.813530525E+00
     0.812437950E+00
     0.812778889E+00
     0.812437941E+00
     0.811875460E+00
     0.811595573E+00
     0.810755897E+00
     0.809640527E+00
     0.809988564E+00
     0.809640517E+00
     0.809065478E+00
     0.808779386E+00
     0.807921095E+00
     0.806781136E+00
     0.807136828E+00
     0.806781125E+00
     0.806192343E+00
     0.805899463E+00
     0.805020808E+00
     0.803853955E+00
     0.804218020E+00
     0.803853944E+00
     0.803249874E+00
     0.802949446E+00
     0.802048144E+00
     0.800851392E+00
     0.801224764E+00
     0.800851379E+00
     0.800229962E+00
     0.799920971E+00
     0.798993978E+00
     0.797763316E+00
     0.798147242E+00
     0.797763301E+00
     0.797121696E+00
     0.796802744E+00
     0.795845866E+00
     0.794575769E+00
     0.794971968E+00
     0.794575752E+00
     0.793911690E+00
     0.793581664E+00
     0.792591558E+00
     0.791277635E+00
     0.791687472E+00
     0.791277617E+00
     0.790616226E+00
     0.790287541E+00
     0.789301463E+00
     0.787992931E+00
     0.788401080E+00
     0.787992912E+00
     0.787333951E+00
     0.787006491E+00
     0.786024083E+00
     0.784720470E+00
     0.785127078E+00
     0.784720451E+00
     0.784063962E+00
     0.783737746E+00
     0.782759071E+00
     0.781460460E+00
     0.781865503E+00
     0.781460441E+00
     0.780806468E+00
     0.780481517E+00
     0.779506638E+00
     0.778213112E+00
     0.778616563E+00
     0.778213093E+00
     0.777561680E+00
     0.777238018E+00
     0.776267002E+00
     0.774978651E+00
     0.775380482E+00
     0.774978632E+00
     0.774329829E+00
     0.774007479E+00
     0.773040400E+00
     0.771757320E+00
     0.772157500E+00
     0.771757300E+00
     0.771111160E+00
     0.770790148E+00
     0.769827083E+00
     0.768549377E+00
     0.768947875E+00
     0.768549357E+00
     0.767905935E+00
     0.767586289E+00
     0.766627321E+00
     0.765355097E+00
     0.765751880E+00
     0.765355077E+00
     0.764714432E+00
     0.764396181E+00
     0.763441398E+00
     0.762174772E+00
     0.762569803E+00
     0.762174751E+00
     0.761536947E+00
     0.761220121E+00
     0.760269614E+00
     0.759008708E+00
     0.759401949E+00
     0.759008687E+00
     0.758373788E+00
     0.758058420E+00
     0.757112286E+00
     0.755857227E+00
     0.756248639E+00
     0.755857206E+00
     0.755225280E+00
     0.754911403E+00
     0.753969744E+00
     0.752720665E+00
     0.753110207E+00
     0.752720644E+00
     0.752091762E+00
     0.751779412E+00
     0.750842332E+00
     0.749599371E+00
     0.749987000E+00
     0.749599350E+00
     0.748981778E+00
     0.748675033E+00
     0.747754766E+00
     0.746534067E+00
     0.746914758E+00
     0.746534046E+00
     0.745929120E+00
     0.745628637E+00
     0.744727161E+00
     0.743531328E+00
     0.743904271E+00
     0.743531309E+00
     0.742937453E+00
     0.742642455E+00
     0.741757436E+00
     0.740583391E+00
     0.740949544E+00
     0.740583372E+00
     0.739999308E+00
     0.739709164E+00
     0.738838707E+00
     0.737683949E+00
     0.738044091E+00
     0.737683930E+00
     0.737108644E+00
     0.736822854E+00
     0.735965457E+00
     0.734828002E+00
     0.735182750E+00
     0.734827984E+00
     0.734260654E+00
     0.733978811E+00
     0.733133256E+00
     0.732011496E+00
     0.732361352E+00
     0.732011479E+00
     0.731451426E+00
     0.731173195E+00
     0.730338477E+00
     0.729231082E+00
     0.729576459E+00
     0.729231064E+00
     0.728677719E+00
     0.728402819E+00
     0.727578092E+00
     0.726483945E+00
     0.726825191E+00
     0.726483928E+00
     0.725936805E+00
     0.725664994E+00
     0.724849539E+00
     0.723767690E+00
     0.724105100E+00
     0.723767673E+00
     0.723226354E+00
     0.722957427E+00
     0.722150623E+00
     0.721080252E+00
     0.721414082E+00
     0.721080235E+00
     0.720544356E+00
     0.720278133E+00
     0.719479440E+00
     0.718419834E+00
     0.718750307E+00
     0.718419817E+00
     0.717889058E+00
     0.717625381E+00
     0.716834325E+00
     0.715784856E+00
     0.716112167E+00
     0.715784840E+00
     0.715258918E+00
     0.714997646E+00
     0.714213807E+00
     0.713173920E+00
     0.713498241E+00
     0.713173904E+00
     0.712652565E+00
     0.712393574E+00
     0.711616576E+00
     0.710585775E+00
     0.710907261E+00
     0.710585759E+00
     0.710068777E+00
     0.709811953E+00
     0.709041459E+00
     0.708019298E+00
     0.708338088E+00
     0.708019282E+00
     0.707506451E+00
     0.707251693E+00
     0.706487397E+00
     0.705473473E+00
     0.705789693E+00
     0.705473457E+00
     0.704964588E+00
     0.704711804E+00
     0.703953429E+00
     0.702947373E+00
     0.703261137E+00
     0.702947357E+00
     0.702442280E+00
     0.702191385E+00
     0.701438675E+00
     0.700440151E+00
     0.700751564E+00
     0.700440136E+00
     0.699938692E+00
     0.699689607E+00
     0.698942329E+00
     0.697951028E+00
     0.698260186E+00
     0.697951012E+00
     0.697453056E+00
     0.697205709E+00
     0.696463645E+00
     0.695479280E+00
     0.695786273E+00
     0.695479264E+00
     0.694984659E+00
     0.694738983E+00
     0.694001932E+00
     0.693024235E+00
     0.693329146E+00
     0.693024219E+00
     0.692532838E+00
     0.692288770E+00
     0.691556542E+00
     0.690585264E+00
     0.690888171E+00
     0.690585249E+00
     0.690096971E+00
     0.689854452E+00
     0.689126871E+00
     0.688161778E+00
     0.688462753E+00
     0.688161762E+00
     0.687676475E+00
     0.687435449E+00
     0.686712346E+00
     0.685753216E+00
     0.686052329E+00
     0.685753200E+00
     0.685270797E+00
     0.685031210E+00
     0.684312427E+00
     0.683359049E+00
     0.683656365E+00
     0.683359033E+00
     0.682879411E+00
     0.682641213E+00
     0.681926596E+00
     0.680978770E+00
     0.681274351E+00
     0.680978754E+00
     0.680501814E+00
     0.680264956E+00
     0.679554361E+00
     0.678611893E+00
     0.678905800E+00
     0.678611877E+00
     0.678137524E+00
     0.677901960E+00
     0.677195244E+00
     0.676257948E+00
     0.676550239E+00
     0.676257932E+00
     0.675786073E+00
     0.675551757E+00
     0.674848784E+00
     0.673916480E+00
     0.674207211E+00
     0.673916464E+00
     0.673447010E+00
     0.673213896E+00
     0.672514533E+00
     0.671587044E+00
     0.671876270E+00
     0.671587028E+00
     0.671119889E+00
     0.670887935E+00
     0.670192049E+00
     0.669269202E+00
     0.669556977E+00
     0.669269186E+00
     0.668804275E+00
     0.668573437E+00
     0.667880900E+00
     0.666962523E+00
     0.667248900E+00
     0.666962507E+00
     0.666499736E+00
     0.666269971E+00
     0.665580653E+00
     0.664666576E+00
     0.664951608E+00
     0.664666560E+00
     0.664205842E+00
     0.663977107E+00
     0.663290877E+00
     0.662380930E+00
     0.662664671E+00
     0.662380914E+00
     0.661922161E+00
     0.661694412E+00
     0.661011141E+00
     0.660105151E+00
     0.660387654E+00
     0.660105135E+00
     0.659648256E+00
     0.659421449E+00
     0.658741004E+00
     0.657838797E+00
     0.658120115E+00
     0.657838780E+00
     0.657383684E+00
     0.657157774E+00
     0.656480019E+00
     0.655581415E+00
     0.655861606E+00
     0.655581398E+00
     0.655127990E+00
     0.654902930E+00
     0.654227726E+00
     0.653332540E+00
     0.653611660E+00
     0.653332523E+00
     0.652880704E+00
     0.652656446E+00
     0.651983646E+00
     0.651091688E+00
     0.651369797E+00
     0.651091671E+00
     0.650641337E+00
     0.650417830E+00
     0.649747282E+00
     0.648858351E+00
     0.649135511E+00
     0.648858334E+00
     0.648409377E+00
     0.648186567E+00
     0.647518110E+00
     0.646631994E+00
     0.646908271E+00
     0.646631977E+00
     0.646184281E+00
     0.645962111E+00
     0.645295574E+00
     0.644412049E+00
     0.644687512E+00
     0.644412031E+00
     0.643965471E+00
     0.643743880E+00
     0.643079080E+00
     0.642197904E+00
     0.642472629E+00
     0.642197886E+00
     0.641752328E+00
     0.641531250E+00
     0.640867988E+00
     0.639988900E+00
     0.640262968E+00
     0.639988882E+00
     0.639544177E+00
     0.639323540E+00
     0.638661600E+00
     0.637784315E+00
     0.638057815E+00
     0.637784297E+00
     0.637341354E+00
     0.637121604E+00
     0.636462326E+00
     0.635588612E+00
     0.635860993E+00
     0.635588594E+00
     0.635150361E+00
     0.634932951E+00
     0.634280690E+00
     0.633416284E+00
     0.633685763E+00
     0.633416266E+00
     0.632982697E+00
     0.632767603E+00
     0.632122291E+00
     0.631267099E+00
     0.631533705E+00
     0.631267082E+00
     0.630838146E+00
     0.630625352E+00
     0.629986942E+00
     0.629140904E+00
     0.629404655E+00
     0.629140886E+00
     0.628716552E+00
     0.628506042E+00
     0.627874486E+00
     0.627037538E+00
     0.627298454E+00
     0.627037520E+00
     0.626617754E+00
     0.626409512E+00
     0.625784761E+00
     0.624956836E+00
     0.625214939E+00
     0.624956819E+00
     0.624541587E+00
     0.624335597E+00
     0.623717601E+00
     0.622898633E+00
     0.623153942E+00
     0.622898616E+00
     0.622487884E+00
     0.622284128E+00
     0.621672836E+00
     0.620862757E+00
     0.621115295E+00
     0.620862740E+00
     0.620456474E+00
     0.620254936E+00
     0.619650294E+00
     0.618849036E+00
     0.619098824E+00
     0.618849020E+00
     0.618447184E+00
     0.618247846E+00
     0.617649804E+00
     0.616857297E+00
     0.617104356E+00
     0.616857281E+00
     0.616459841E+00
     0.616262685E+00
     0.615671191E+00
     0.614887365E+00
     0.615131717E+00
     0.614887349E+00
     0.614494270E+00
     0.614299279E+00
     0.613714279E+00
     0.612939065E+00
     0.613180731E+00
     0.612939049E+00
     0.612550295E+00
     0.612357451E+00
     0.611778894E+00
     0.611012221E+00
     0.611251224E+00
     0.611012206E+00
     0.610627742E+00
     0.610437027E+00
     0.609864859E+00
     0.609106659E+00
     0.609343020E+00
     0.609106643E+00
     0.608726434E+00
     0.608537832E+00
     0.607972001E+00
     0.607222202E+00
     0.607455944E+00
     0.607222187E+00
     0.606846198E+00
     0.606659691E+00
     0.606100144E+00
     0.605358678E+00
     0.605589822E+00
     0.605358663E+00
     0.604986860E+00
     0.604802430E+00
     0.604249116E+00
     0.603515914E+00
     0.603744481E+00
     0.603515899E+00
     0.603148246E+00
     0.602965876E+00
     0.602418744E+00
     0.601693737E+00
     0.601919748E+00
     0.601693722E+00
     0.601330185E+00
     0.601149859E+00
     0.600608856E+00
     0.599891976E+00
     0.600115454E+00
     0.599891962E+00
     0.599532507E+00
     0.599354207E+00
     0.598819284E+00
     0.598110463E+00
     0.598331428E+00
     0.598110449E+00
     0.597755042E+00
     0.597578752E+00
     0.597049857E+00
     0.596349030E+00
     0.596567502E+00
     0.596349016E+00
     0.595997624E+00
     0.595823326E+00
     0.595300410E+00
     0.594607509E+00
     0.594823510E+00
     0.594607495E+00
     0.594260085E+00
     0.594087764E+00
     0.593570777E+00
     0.592885737E+00
     0.593099287E+00
     0.592885723E+00
     0.592542262E+00
     0.592371900E+00
     0.591860794E+00
     0.591183549E+00
     0.591394668E+00
     0.591183535E+00
     0.590843990E+00
     0.590675573E+00
     0.590170298E+00
     0.589500783E+00
     0.589709492E+00
     0.589500770E+00
     0.589165109E+00
     0.588998619E+00
     0.588499127E+00
     0.587837280E+00
     0.588043598E+00
     0.587837267E+00
     0.587505458E+00
     0.587340879E+00
     0.586847123E+00
     0.586192879E+00
     0.586396827E+00
     0.586192866E+00
     0.585864877E+00
     0.585702194E+00
     0.585214126E+00
     0.584567422E+00
     0.584769019E+00
     0.584567410E+00
     0.584243209E+00
     0.584082407E+00
     0.583599979E+00
     0.582960753E+00
     0.583160019E+00
     0.582960741E+00
     0.582640297E+00
     0.582481360E+00
     0.582004526E+00
     0.581372716E+00
     0.581569669E+00
     0.581372704E+00
     0.581055986E+00
     0.580898897E+00
     0.580427612E+00
     0.579803155E+00
     0.579997816E+00
     0.579803143E+00
     0.579490120E+00
     0.579334865E+00
     0.578869081E+00
     0.578251917E+00
     0.578444304E+00
     0.578251905E+00
     0.577942546E+00
     0.577789110E+00
     0.577328781E+00
     0.576718848E+00
     0.576908981E+00
     0.576718836E+00
     0.576413111E+00
     0.576261478E+00
     0.575806558E+00
     0.575203796E+00
     0.575391693E+00
     0.575203785E+00
     0.574901662E+00
     0.574751816E+00
     0.574302260E+00
     0.573706608E+00
     0.573892288E+00
     0.573706597E+00
     0.573408046E+00
     0.573259973E+00
     0.572815736E+00
     0.572227133E+00
     0.572410615E+00
     0.572227122E+00
     0.571932113E+00
     0.571785798E+00
     0.571346833E+00
     0.570765220E+00
     0.570946523E+00
     0.570765209E+00
     0.570473711E+00
     0.570329138E+00
     0.569895400E+00
     0.569320716E+00
     0.569499859E+00
     0.569320705E+00
     0.569032688E+00
     0.568889842E+00
     0.568461287E+00
     0.567893471E+00
     0.568070473E+00
     0.567893461E+00
     0.567608894E+00
     0.567467760E+00
     0.567044342E+00
     0.566483335E+00
     0.566658213E+00
     0.566483324E+00
     0.566202178E+00
     0.566062741E+00
     0.565644414E+00
     0.565090155E+00
     0.565262930E+00
     0.565090145E+00
     0.564812388E+00
     0.564674633E+00
     0.564261352E+00
     0.563713782E+00
     0.563884471E+00
     0.563713771E+00
     0.563439373E+00
     0.563303285E+00
     0.562895005E+00
     0.562354063E+00
     0.562522686E+00
     0.562354053E+00
     0.562082983E+00
     0.561948547E+00
     0.561545221E+00
     0.561010847E+00
     0.561177422E+00
     0.561010837E+00
     0.560743066E+00
     0.560610266E+00
     0.560211850E+00
     0.559683983E+00
     0.559848530E+00
     0.559683974E+00
     0.559419470E+00
     0.559288291E+00
     0.558894739E+00
     0.558373320E+00
     0.558535856E+00
     0.558373310E+00
     0.558113233E+00
     0.557984246E+00
     0.557597269E+00
     0.557084548E+00
     0.557244374E+00
     0.557084538E+00
     0.556829548E+00
     0.556703077E+00
     0.556323649E+00
     0.555820908E+00
     0.555977626E+00
     0.555820899E+00
     0.555570787E+00
     0.555446730E+00
     0.555074543E+00
     0.554581376E+00
     0.554735112E+00
     0.554581367E+00
     0.554335945E+00
     0.554214207E+00
     0.553848979E+00
     0.553365017E+00
     0.553515886E+00
     0.553365009E+00
     0.553124100E+00
     0.553004596E+00
     0.552646070E+00
     0.552170971E+00
     0.552319079E+00
     0.552170963E+00
     0.551934406E+00
     0.551817056E+00
     0.551464992E+00
     0.550998440E+00
     0.551143885E+00
     0.550998433E+00
     0.550766077E+00
     0.550650807E+00
     0.550304983E+00
     0.549846686E+00
     0.549989560E+00
     0.549846679E+00
     0.549618386E+00
     0.549505127E+00
     0.549165336E+00
     0.548715021E+00
     0.548855408E+00
     0.548715014E+00
     0.548490653E+00
     0.548379340E+00
     0.548045389E+00
     0.547602801E+00
     0.547740781E+00
     0.547602794E+00
     0.547382242E+00
     0.547272816E+00
     0.546944524E+00
     0.546509425E+00
     0.546645071E+00
     0.546509418E+00
     0.546292561E+00
     0.546184964E+00
     0.545862161E+00
     0.545434327E+00
     0.545567710E+00
     0.545434320E+00
     0.545221050E+00
     0.545115229E+00
     0.544797756E+00
     0.544376974E+00
     0.544508160E+00
     0.544376968E+00
     0.544167183E+00
     0.544063088E+00
     0.543750794E+00
     0.543336867E+00
     0.543465916E+00
     0.543336861E+00
     0.543130464E+00
     0.543028048E+00
     0.542720790E+00
     0.542313529E+00
     0.542440502E+00
     0.542313523E+00
     0.542110425E+00
     0.542009643E+00
     0.541707286E+00
     0.541306513E+00
     0.541431464E+00
     0.541306508E+00
     0.541106620E+00
     0.541007429E+00
     0.540709846E+00
     0.540315393E+00
     0.540438374E+00
     0.540315387E+00
     0.540118630E+00
     0.540020989E+00
     0.539728058E+00
     0.539339763E+00
     0.539460825E+00
     0.539339758E+00
     0.539146052E+00
     0.539049923E+00
     0.538761528E+00
     0.538379240E+00
     0.538498430E+00
     0.538379234E+00
     0.538188505E+00
     0.538093852E+00
     0.537809883E+00
     0.537433455E+00
     0.537550819E+00
     0.537433450E+00
     0.537245626E+00
     0.537152413E+00
     0.536872765E+00
     0.536502059E+00
     0.536617640E+00
     0.536502054E+00
     0.536317069E+00
     0.536225263E+00
     0.535949835E+00
     0.535584718E+00
     0.535698556E+00
     0.535584713E+00
     0.535402501E+00
     0.535312069E+00
     0.535040765E+00
     0.534681110E+00
     0.534793247E+00
     0.534681105E+00
     0.534501605E+00
     0.534412517E+00
     0.534145245E+00
     0.533790930E+00
     0.533901402E+00
     0.533790925E+00
     0.533614076E+00
     0.533526303E+00
     0.533262975E+00
     0.532913883E+00
     0.533022727E+00
     0.532913878E+00
     0.532739624E+00
     0.532653137E+00
     0.532393668E+00
     0.532049687E+00
     0.532156938E+00
     0.532049682E+00
     0.531877967E+00
     0.531792739E+00
     0.531537048E+00
     0.531198070E+00
     0.531303762E+00
     0.531198066E+00
     0.531028838E+00
     0.530944843E+00
     0.530692850E+00
     0.530358772E+00
     0.530462937E+00
     0.530358768E+00
     0.530191975E+00
     0.530109188E+00
     0.529860819E+00
     0.529531541E+00
     0.529634210E+00
     0.529531537E+00
     0.529367131E+00
     0.529285528E+00
     0.529040709E+00
     0.528716136E+00
     0.528817338E+00
     0.528716132E+00
     0.528554065E+00
     0.528473622E+00
     0.528232283E+00
     0.527912321E+00
     0.528012086E+00
     0.527912317E+00
     0.527752545E+00
     0.527673239E+00
     0.527435313E+00
     0.527119872E+00
     0.527218228E+00
     0.527119869E+00
     0.526962346E+00
     0.526884155E+00
     0.526649577E+00
     0.526338572E+00
     0.526435544E+00
     0.526338568E+00
     0.526183252E+00
     0.526106156E+00
     0.525874862E+00
     0.525568208E+00
     0.525663824E+00
     0.525568204E+00
     0.525415054E+00
     0.525339033E+00
     0.525110962E+00
     0.524808578E+00
     0.524902863E+00
     0.524808574E+00
     0.524657550E+00
     0.524582583E+00
     0.524357676E+00
     0.524059484E+00
     0.524152462E+00
     0.524059480E+00
     0.523910543E+00
     0.523836612E+00
     0.523614810E+00
     0.523320735E+00
     0.523412430E+00
     0.523320731E+00
     0.523173844E+00
     0.523100929E+00
     0.522882178E+00
     0.522592145E+00
     0.522682579E+00
     0.522592141E+00
     0.522447267E+00
     0.522375351E+00
     0.522159597E+00
     0.521873534E+00
     0.521962731E+00
     0.521873531E+00
     0.521730635E+00
     0.521659700E+00
     0.521446889E+00
     0.521164729E+00
     0.521252709E+00
     0.521164726E+00
     0.521023773E+00
     0.520953802E+00
     0.520743885E+00
     0.520465559E+00
     0.520552344E+00
     0.520465555E+00
     0.520326513E+00
     0.520257490E+00
     0.520050417E+00
     0.519775859E+00
     0.519861469E+00
     0.519775856E+00
     0.519638691E+00
     0.519570601E+00
     0.519366322E+00
     0.519095469E+00
     0.519179925E+00
     0.519095467E+00
     0.518960148E+00
     0.518892974E+00
     0.518691444E+00
     0.518424234E+00
     0.518507554E+00
     0.518424231E+00
     0.518290729E+00
     0.518224455E+00
     0.518025628E+00
     0.517762002E+00
     0.517844204E+00
     0.517761999E+00
     0.517630282E+00
     0.517564894E+00
     0.517368726E+00
     0.517108623E+00
     0.517189727E+00
     0.517108621E+00
     0.516978661E+00
     0.516914145E+00
     0.516720592E+00
     0.516463956E+00
     0.516543979E+00
     0.516463953E+00
     0.516335721E+00
     0.516272063E+00
     0.516081083E+00
     0.515827858E+00
     0.515906818E+00
     0.515827856E+00
     0.515701324E+00
     0.515638510E+00
     0.515450063E+00
     0.515200194E+00
     0.515278107E+00
     0.515200191E+00
     0.515075334E+00
     0.515013350E+00
     0.514827394E+00
     0.514580829E+00
     0.514657712E+00
     0.514580827E+00
     0.514457616E+00
     0.514396450E+00
     0.514212947E+00
     0.513969633E+00
     0.514045502E+00
     0.513969631E+00
     0.513848042E+00
     0.513787681E+00
     0.513606592E+00
     0.513366479E+00
     0.513441350E+00
     0.513366477E+00
     0.513246484E+00
     0.513186915E+00
     0.513008204E+00
     0.512771243E+00
     0.512845131E+00
     0.512771240E+00
     0.512652819E+00
     0.512594030E+00
     0.512417659E+00
     0.512183801E+00
     0.512256722E+00
     0.512183799E+00
     0.512066926E+00
     0.512008905E+00
     0.511834839E+00
     0.511604037E+00
     0.511676005E+00
     0.511604035E+00
     0.511488685E+00
     0.511431422E+00
     0.511259625E+00
     0.511031833E+00
     0.511102862E+00
     0.511031831E+00
     0.510917983E+00
     0.510861464E+00
     0.510691904E+00
     0.510467076E+00
     0.510537181E+00
     0.510467074E+00
     0.510354704E+00
     0.510298920E+00
     0.510131562E+00
     0.509909654E+00
     0.509978849E+00
     0.509909652E+00
     0.509798739E+00
     0.509743678E+00
     0.509578490E+00
     0.509359459E+00
     0.509427756E+00
     0.509359457E+00
     0.509249979E+00
     0.509195631E+00
     0.509032580E+00
     0.508816384E+00
     0.508883797E+00
     0.508816382E+00
     0.508708318E+00
     0.508654671E+00
     0.508493727E+00
     0.508280324E+00
     0.508346866E+00
     0.508280322E+00
     0.508173652E+00
     0.508120697E+00
     0.507961828E+00
     0.507751177E+00
     0.507816861E+00
     0.507751174E+00
     0.507645878E+00
     0.507593604E+00
     0.507436781E+00
     0.507228842E+00
     0.507293681E+00
     0.507228840E+00
     0.507124896E+00
     0.507073295E+00
     0.506918487E+00
     0.506713222E+00
     0.506777227E+00
     0.506713220E+00
     0.506610610E+00
     0.506559671E+00
     0.506406850E+00
     0.506204220E+00
     0.506267403E+00
     0.506204218E+00
     0.506102922E+00
     0.506052636E+00
     0.505901774E+00
     0.505701741E+00
     0.505764114E+00
     0.505701739E+00
     0.505601739E+00
     0.505552097E+00
     0.505403165E+00
     0.505205692E+00
     0.505267267E+00
     0.505205690E+00
     0.505106969E+00
     0.505057960E+00
     0.504910932E+00
     0.504715983E+00
     0.504776771E+00
     0.504715981E+00
     0.504618519E+00
     0.504570136E+00
     0.504424984E+00
     0.504232524E+00
     0.504292536E+00
     0.504232523E+00
     0.504136302E+00
     0.504088536E+00
     0.503945234E+00
     0.503755228E+00
     0.503814475E+00
     0.503755227E+00
     0.503660231E+00
     0.503613073E+00
     0.503471595E+00
     0.503284009E+00
     0.503342501E+00
     0.503284007E+00
     0.503190218E+00
     0.503143660E+00
     0.503003981E+00
     0.502818781E+00
     0.502876529E+00
     0.502818779E+00
     0.502726181E+00
     0.502680214E+00
     0.502542310E+00
     0.502359463E+00
     0.502416477E+00
     0.502359461E+00
     0.502268037E+00
     0.502222653E+00
     0.502086498E+00
     0.501905972E+00
     0.501962262E+00
     0.501905970E+00
     0.501815704E+00
     0.501770896E+00
     0.501636466E+00
     0.501458228E+00
     0.501513805E+00
     0.501458227E+00
     0.501369103E+00
     0.501324862E+00
     0.501192134E+00
     0.501016154E+00
     0.501071026E+00
     0.501016152E+00
     0.500928155E+00
     0.500884473E+00
     0.500753424E+00
     0.500579671E+00
     0.500633849E+00
     0.500579669E+00
     0.500492783E+00
     0.500449653E+00
     0.500320260E+00
     0.500148704E+00
     0.500202196E+00
     0.500148702E+00
     0.500062912E+00
     0.500020327E+00
     0.499892567E+00
     0.499723177E+00
     0.499775994E+00
     0.499723176E+00
     0.499638467E+00
     0.499596419E+00
     0.499470271E+00
     0.499303019E+00
     0.499355169E+00
     0.499303017E+00
     0.499219376E+00
     0.499177857E+00
     0.499053299E+00
     0.498888156E+00
     0.498939648E+00
     0.498888154E+00
     0.498805565E+00
     0.498764569E+00
     0.498641580E+00
     0.498478518E+00
     0.498529361E+00
     0.498478516E+00
     0.498396965E+00
     0.498356485E+00
     0.498235043E+00
     0.498074034E+00
     0.498124237E+00
     0.498074033E+00
     0.497993506E+00
     0.497953535E+00
     0.497833620E+00
     0.497674637E+00
     0.497724208E+00
     0.497674636E+00
     0.497595120E+00
     0.497555651E+00
     0.497437243E+00
     0.497280259E+00
     0.497329207E+00
     0.497280257E+00
     0.497201739E+00
     0.497162766E+00
     0.497045845E+00
     0.496890833E+00
     0.496939166E+00
     0.496890832E+00
     0.496813298E+00
     0.496774814E+00
     0.496659360E+00
     0.496506295E+00
     0.496554020E+00
     0.496506293E+00
     0.496429731E+00
     0.496391730E+00
     0.496277723E+00
     0.496126580E+00
     0.496173706E+00
     0.496126578E+00
     0.496050974E+00
     0.496013450E+00
     0.495900872E+00
     0.495751624E+00
     0.495798159E+00
     0.495751623E+00
     0.495676965E+00
     0.495639911E+00
     0.495528743E+00
     0.495381367E+00
     0.495427318E+00
     0.495381366E+00
     0.495307642E+00
     0.495271051E+00
     0.495161276E+00
     0.495015747E+00
     0.495061122E+00
     0.495015746E+00
     0.494942943E+00
     0.494906810E+00
     0.494798409E+00
     0.494654703E+00
     0.494699509E+00
     0.494654702E+00
     0.494582809E+00
     0.494547128E+00
     0.494440083E+00
     0.494298177E+00
     0.494342422E+00
     0.494298176E+00
     0.494227181E+00
     0.494191946E+00
     0.494086240E+00
     0.493946110E+00
     0.493989801E+00
     0.493946108E+00
     0.493876000E+00
     0.493841206E+00
     0.493736821E+00
     0.493598444E+00
     0.493641588E+00
     0.493598443E+00
     0.493529210E+00
     0.493494850E+00
     0.493391770E+00
     0.493255124E+00
     0.493297729E+00
     0.493255123E+00
     0.493186754E+00
     0.493152824E+00
     0.493051031E+00
     0.492916095E+00
     0.492958166E+00
     0.492916093E+00
     0.492848576E+00
     0.492815070E+00
     0.492714549E+00
     0.492581300E+00
     0.492622845E+00
     0.492581299E+00
     0.492514624E+00
     0.492481536E+00
     0.492382270E+00
     0.492250687E+00
     0.492291712E+00
     0.492250686E+00
     0.492184841E+00
     0.492152167E+00
     0.492054140E+00
     0.491924202E+00
     0.491964714E+00
     0.491924201E+00
     0.491859177E+00
     0.491826910E+00
     0.491730107E+00
     0.491601793E+00
     0.491641798E+00
     0.491601792E+00
     0.491537579E+00
     0.491505715E+00
     0.491410120E+00
     0.491283409E+00
     0.491322914E+00
     0.491283408E+00
     0.491219995E+00
     0.491188528E+00
     0.491094127E+00
     0.490968999E+00
     0.491008011E+00
     0.490968998E+00
     0.490906375E+00
     0.490875301E+00
     0.490782078E+00
     0.490658514E+00
     0.490697038E+00
     0.490658513E+00
     0.490596670E+00
     0.490565984E+00
     0.490473924E+00
     0.490351904E+00
     0.490389946E+00
     0.490351903E+00
     0.490290830E+00
     0.490260527E+00
     0.490169616E+00
     0.490049121E+00
     0.490086687E+00
     0.490049120E+00
     0.489988808E+00
     0.489958883E+00
     0.489869106E+00
     0.489750118E+00
     0.489787214E+00
     0.489750117E+00
     0.489690556E+00
     0.489661004E+00
     0.489572348E+00
     0.489454846E+00
     0.489491479E+00
     0.489454846E+00
     0.489396026E+00
     0.489366844E+00
     0.489279294E+00
     0.489163261E+00
     0.489199436E+00
     0.489163261E+00
     0.489105174E+00
     0.489076356E+00
     0.488989899E+00
     0.488875317E+00
     0.488911039E+00
     0.488875316E+00
     0.488817953E+00
     0.488789495E+00
     0.488704117E+00
     0.488590969E+00
     0.488626243E+00
     0.488590968E+00
     0.488534320E+00
     0.488506217E+00
     0.488421905E+00
     0.488310172E+00
     0.488345005E+00
     0.488310171E+00
     0.488254229E+00
     0.488226477E+00
     0.488143218E+00
     0.488032883E+00
     0.488067280E+00
     0.488032882E+00
     0.487977637E+00
     0.487950232E+00
     0.487868014E+00
     0.487759060E+00
     0.487793026E+00
     0.487759059E+00
     0.487704502E+00
     0.487677440E+00
     0.487596249E+00
     0.487488659E+00
     0.487522199E+00
     0.487488658E+00
     0.487434782E+00
     0.487408057E+00
     0.487327881E+00
     0.487221639E+00
     0.487254759E+00
     0.487221638E+00
     0.487168434E+00
     0.487142043E+00
     0.487062870E+00
     0.486957959E+00
     0.486990663E+00
     0.486957958E+00
     0.486905418E+00
     0.486879357E+00
     0.486801174E+00
     0.486697578E+00
     0.486729872E+00
     0.486697577E+00
     0.486645692E+00
     0.486619958E+00
     0.486542753E+00
     0.486440456E+00
     0.486472345E+00
     0.486440455E+00
     0.486389218E+00
     0.486363806E+00
     0.486287568E+00
     0.486186554E+00
     0.486218043E+00
     0.486186554E+00
     0.486135956E+00
     0.486110863E+00
     0.486035579E+00
     0.485935833E+00
     0.485966926E+00
     0.485935832E+00
     0.485885867E+00
     0.485861088E+00
     0.485786748E+00
     0.485688254E+00
     0.485718957E+00
     0.485688254E+00
     0.485638913E+00
     0.485614444E+00
     0.485541036E+00
     0.485443780E+00
     0.485474096E+00
     0.485443779E+00
     0.485395055E+00
     0.485370893E+00
     0.485298405E+00
     0.485202372E+00
     0.485232307E+00
     0.485202371E+00
     0.485154257E+00
     0.485130398E+00
     0.485058820E+00
     0.484963994E+00
     0.484993552E+00
     0.484963994E+00
     0.484916481E+00
     0.484892922E+00
     0.484822242E+00
     0.484728610E+00
     0.484757795E+00
     0.484728609E+00
     0.484681691E+00
     0.484658428E+00
     0.484588636E+00
     0.484496183E+00
     0.484525000E+00
     0.484496182E+00
     0.484449852E+00
     0.484426880E+00
     0.484357965E+00
     0.484266677E+00
     0.484295131E+00
     0.484266676E+00
     0.484220926E+00
     0.484198244E+00
     0.484130195E+00
     0.484040057E+00
     0.484068152E+00
     0.484040057E+00
     0.483994880E+00
     0.483972483E+00
     0.483905290E+00
     0.483816289E+00
     0.483844030E+00
     0.483816289E+00
     0.483771678E+00
     0.483749563E+00
     0.483683215E+00
     0.483595338E+00
     0.483622728E+00
     0.483595337E+00
     0.483551286E+00
     0.483529450E+00
     0.483463937E+00
     0.483377169E+00
     0.483404213E+00
     0.483377169E+00
     0.483333670E+00
     0.483312109E+00
     0.483247421E+00
     0.483161750E+00
     0.483188451E+00
     0.483161749E+00
     0.483118796E+00
     0.483097506E+00
     0.483033634E+00
     0.482949045E+00
     0.482975409E+00
     0.482949045E+00
     0.482906631E+00
     0.482885609E+00
     0.482822542E+00
     0.482739023E+00
     0.482765053E+00
     0.482739023E+00
     0.482697141E+00
     0.482676385E+00
     0.482614113E+00
     0.482531650E+00
     0.482557350E+00
     0.482531650E+00
     0.482490294E+00
     0.482469799E+00
     0.482408313E+00
     0.482326894E+00
     0.482352268E+00
     0.482326893E+00
     0.482286057E+00
     0.482265821E+00
     0.482205110E+00
     0.482124722E+00
     0.482149774E+00
     0.482124721E+00
     0.482084398E+00
     0.482064417E+00
     0.482004471E+00
     0.481925101E+00
     0.481949836E+00
     0.481925101E+00
     0.481885284E+00
     0.481865555E+00
     0.481806366E+00
     0.481728001E+00
     0.481752422E+00
     0.481728000E+00
     0.481688683E+00
     0.481669202E+00
     0.481610760E+00
     0.481533388E+00
     0.481557499E+00
     0.481533387E+00
     0.481494563E+00
     0.481475329E+00
     0.481417623E+00
     0.481341231E+00
     0.481365037E+00
     0.481341230E+00
     0.481302893E+00
     0.481283901E+00
     0.481226924E+00
     0.481151498E+00
     0.481175002E+00
     0.481151498E+00
     0.481113641E+00
     0.481094888E+00
     0.481038629E+00
     0.480964158E+00
     0.480987364E+00
     0.480964157E+00
     0.480926774E+00
     0.480908258E+00
     0.480852707E+00
     0.480779178E+00
     0.480802090E+00
     0.480779178E+00
     0.480742262E+00
     0.480723979E+00
     0.480669127E+00
     0.480596528E+00
     0.480619149E+00
     0.480596527E+00
     0.480560073E+00
     0.480542019E+00
     0.480487856E+00
     0.480416174E+00
     0.480438509E+00
     0.480416173E+00
     0.480380173E+00
     0.480362346E+00
     0.480308863E+00
     0.480238085E+00
     0.480260138E+00
     0.480238085E+00
     0.480202532E+00
     0.480184929E+00
     0.480132115E+00
     0.480062228E+00
     0.480084003E+00
     0.480062228E+00
     0.480027117E+00
     0.480009733E+00
     0.479957580E+00
     0.479888572E+00
     0.479910072E+00
     0.479888571E+00
     0.479853895E+00
     0.479836728E+00
     0.479785225E+00
     0.479717081E+00
     0.479738311E+00
     0.479717081E+00
     0.479682832E+00
     0.479665878E+00
     0.479615015E+00
     0.479547724E+00
     0.479568688E+00
     0.479547723E+00
     0.479513895E+00
     0.479497151E+00
     0.479446918E+00
     0.479380465E+00
     0.479401167E+00
     0.479380464E+00
     0.479347050E+00
     0.479330512E+00
     0.479280898E+00
     0.479215269E+00
     0.479235714E+00
     0.479215269E+00
     0.479182260E+00
     0.479165926E+00
     0.479116920E+00
     0.479052101E+00
     0.479072293E+00
     0.479052101E+00
     0.479019491E+00
     0.479003355E+00
     0.478954946E+00
     0.478890923E+00
     0.478910867E+00
     0.478890923E+00
     0.478858703E+00
     0.478842763E+00
     0.478794940E+00
     0.478731697E+00
     0.478751397E+00
     0.478731697E+00
     0.478699859E+00
     0.478684110E+00
     0.478636861E+00
     0.478574382E+00
     0.478593843E+00
     0.478574382E+00
     0.478542919E+00
     0.478527356E+00
     0.478480668E+00
     0.478418937E+00
     0.478438164E+00
     0.478418937E+00
     0.478387838E+00
     0.478372458E+00
     0.478326317E+00
     0.478265317E+00
     0.478284315E+00
     0.478265316E+00
     0.478234572E+00
     0.478219370E+00
     0.478173762E+00
     0.478113474E+00
     0.478132250E+00
     0.478113473E+00
     0.478083273E+00
     0.478068340E+00
     0.478023541E+00
     0.477964326E+00
     0.477982768E+00
     0.477964326E+00
     0.477934867E+00
     0.477920302E+00
     0.477876603E+00
     0.477818844E+00
     0.477836832E+00
     0.477818843E+00
     0.477790108E+00
     0.477775900E+00
     0.477733275E+00
     0.477676934E+00
     0.477694480E+00
     0.477676933E+00
     0.477648902E+00
     0.477635043E+00
     0.477593464E+00
     0.477538505E+00
     0.477555621E+00
     0.477538505E+00
     0.477511161E+00
     0.477497642E+00
     0.477457082E+00
     0.477403471E+00
     0.477420167E+00
     0.477403471E+00
     0.477376797E+00
     0.477363609E+00
     0.477324042E+00
     0.477271746E+00
     0.477288032E+00
     0.477271745E+00
     0.477245724E+00
     0.477232859E+00
     0.477194262E+00
     0.477143246E+00
     0.477159134E+00
     0.477143246E+00
     0.477117861E+00
     0.477105311E+00
     0.477067659E+00
     0.477017892E+00
     0.477033391E+00
     0.477017892E+00
     0.476993128E+00
     0.476980885E+00
     0.476944154E+00
     0.476895606E+00
     0.476910725E+00
     0.476895606E+00
     0.476871448E+00
     0.476859505E+00
     0.476823673E+00
     0.476776313E+00
     0.476791062E+00
     0.476776312E+00
     0.476752745E+00
     0.476741094E+00
     0.476706139E+00
     0.476659938E+00
     0.476674326E+00
     0.476659938E+00
     0.476636947E+00
     0.476625581E+00
     0.476591481E+00
     0.476546411E+00
     0.476560446E+00
     0.476546410E+00
     0.476523982E+00
     0.476512894E+00
     0.476479628E+00
     0.476435662E+00
     0.476449354E+00
     0.476435661E+00
     0.476413782E+00
     0.476402965E+00
     0.476370513E+00
     0.476327623E+00
     0.476340980E+00
     0.476327623E+00
     0.476306278E+00
     0.476295727E+00
     0.476264069E+00
     0.476222230E+00
     0.476235259E+00
     0.476222230E+00
     0.476201408E+00
     0.476191114E+00
     0.476160232E+00
     0.476119418E+00
     0.476132128E+00
     0.476119418E+00
     0.476099105E+00
     0.476089064E+00
     0.476058939E+00
     0.476019125E+00
     0.476031524E+00
     0.476019125E+00
     0.475999310E+00
     0.475989515E+00
     0.475960128E+00
     0.475921291E+00
     0.475933385E+00
     0.475921290E+00
     0.475901962E+00
     0.475892407E+00
     0.475863741E+00
     0.475825856E+00
     0.475837654E+00
     0.475825856E+00
     0.475807001E+00
     0.475797681E+00
     0.475769718E+00
     0.475732764E+00
     0.475744272E+00
     0.475732764E+00
     0.475714372E+00
     0.475705280E+00
     0.475678005E+00
     0.475641959E+00
     0.475653184E+00
     0.475641959E+00
     0.475624018E+00
     0.475615150E+00
     0.475588545E+00
     0.475553385E+00
     0.475564334E+00
     0.475553385E+00
     0.475535886E+00
     0.475527236E+00
     0.475501285E+00
     0.475466991E+00
     0.475477671E+00
     0.475466991E+00
     0.475449922E+00
     0.475441485E+00
     0.475416174E+00
     0.475382724E+00
     0.475393141E+00
     0.475382724E+00
     0.475366076E+00
     0.475357847E+00
     0.475333159E+00
     0.475300535E+00
     0.475310694E+00
     0.475300534E+00
     0.475284296E+00
     0.475276270E+00
     0.475252192E+00
     0.475220373E+00
     0.475230281E+00
     0.475220372E+00
     0.475204535E+00
     0.475196707E+00
     0.475173223E+00
     0.475142190E+00
     0.475151854E+00
     0.475142190E+00
     0.475126744E+00
     0.475119110E+00
     0.475096206E+00
     0.475065941E+00
     0.475075366E+00
     0.475065941E+00
     0.475050877E+00
     0.475043432E+00
     0.475021095E+00
     0.474991580E+00
     0.475000771E+00
     0.474991580E+00
     0.474976888E+00
     0.474969628E+00
     0.474947844E+00
     0.474919061E+00
     0.474928024E+00
     0.474919061E+00
     0.474904734E+00
     0.474897653E+00
     0.474876411E+00
     0.474848342E+00
     0.474857082E+00
     0.474848342E+00
     0.474834370E+00
     0.474827466E+00
     0.474806751E+00
     0.474779380E+00
     0.474787903E+00
     0.474779380E+00
     0.474765755E+00
     0.474759023E+00
     0.474738823E+00
     0.474712134E+00
     0.474720444E+00
     0.474712133E+00
     0.474698848E+00
     0.474692283E+00
     0.474672587E+00
     0.474646563E+00
     0.474654666E+00
     0.474646562E+00
     0.474633608E+00
     0.474627207E+00
     0.474608002E+00
     0.474582627E+00
     0.474590529E+00
     0.474582627E+00
     0.474569997E+00
     0.474563755E+00
     0.474545030E+00
     0.474520290E+00
     0.474527993E+00
     0.474520290E+00
     0.474507975E+00
     0.474501889E+00
     0.474483632E+00
     0.474459512E+00
     0.474467022E+00
     0.474459512E+00
     0.474447505E+00
     0.474441572E+00
     0.474423773E+00
     0.474400257E+00
     0.474407579E+00
     0.474400257E+00
     0.474388551E+00
     0.474382767E+00
     0.474365414E+00
     0.474342489E+00
     0.474349627E+00
     0.474342489E+00
     0.474331083E+00
     0.474325448E+00
     0.474308541E+00
     0.474286204E+00
     0.474293159E+00
     0.474286204E+00
     0.474275121E+00
     0.474269644E+00
     0.474253214E+00
     0.474231508E+00
     0.474238267E+00
     0.474231508E+00
     0.474220737E+00
     0.474215415E+00
     0.474199448E+00
     0.474178353E+00
     0.474184922E+00
     0.474178353E+00
     0.474167885E+00
     0.474162713E+00
     0.474147196E+00
     0.474126695E+00
     0.474133078E+00
     0.474126695E+00
     0.474116521E+00
     0.474111494E+00
     0.474096413E+00
     0.474076488E+00
     0.474082692E+00
     0.474076488E+00
     0.474066600E+00
     0.474061714E+00
     0.474047056E+00
     0.474027690E+00
     0.474033720E+00
     0.474027690E+00
     0.474018079E+00
     0.474013331E+00
     0.473999083E+00
     0.473980261E+00
     0.473986122E+00
     0.473980261E+00
     0.473970919E+00
     0.473966303E+00
     0.473952455E+00
     0.473934160E+00
     0.473939857E+00
     0.473934160E+00
     0.473925080E+00
     0.473920593E+00
     0.473907133E+00
     0.473889349E+00
     0.473894887E+00
     0.473889349E+00
     0.473880524E+00
     0.473876162E+00
     0.473863078E+00
     0.473845792E+00
     0.473851175E+00
     0.473845792E+00
     0.473837213E+00
     0.473832974E+00
     0.473820256E+00
     0.473803453E+00
     0.473808685E+00
     0.473803453E+00
     0.473795114E+00
     0.473790993E+00
     0.473778630E+00
     0.473762297E+00
     0.473767383E+00
     0.473762297E+00
     0.473754190E+00
     0.473750185E+00
     0.473738167E+00
     0.473722290E+00
     0.473727234E+00
     0.473722290E+00
     0.473714410E+00
     0.473710517E+00
     0.473698835E+00
     0.473683401E+00
     0.473688207E+00
     0.473683401E+00
     0.473675741E+00
     0.473671956E+00
     0.473660601E+00
     0.473645598E+00
     0.473650269E+00
     0.473645598E+00
     0.473638152E+00
     0.473634473E+00
     0.473623434E+00
     0.473608850E+00
     0.473613391E+00
     0.473608850E+00
     0.473601612E+00
     0.473598036E+00
     0.473587306E+00
     0.473573129E+00
     0.473577543E+00
     0.473573129E+00
     0.473566093E+00
     0.473562617E+00
     0.473552186E+00
     0.473538405E+00
     0.473542697E+00
     0.473538405E+00
     0.473531566E+00
     0.473528187E+00
     0.473518048E+00
     0.473504652E+00
     0.473508823E+00
     0.473504652E+00
     0.473498004E+00
     0.473494719E+00
     0.473484864E+00
     0.473471842E+00
     0.473475897E+00
     0.473471842E+00
     0.473465380E+00
     0.473462187E+00
     0.473452607E+00
     0.473439950E+00
     0.473443891E+00
     0.473439950E+00
     0.473433669E+00
     0.473430565E+00
     0.473421253E+00
     0.473408950E+00
     0.473412781E+00
     0.473408950E+00
     0.473402845E+00
     0.473399828E+00
     0.473390776E+00
     0.473378817E+00
     0.473382541E+00
     0.473378817E+00
     0.473372883E+00
     0.473369951E+00
     0.473361153E+00
     0.473349529E+00
     0.473353149E+00
     0.473349529E+00
     0.473343762E+00
     0.473340911E+00
     0.473332360E+00
     0.473321062E+00
     0.473324580E+00
     0.473321062E+00
     0.473315457E+00
     0.473312686E+00
     0.473304375E+00
     0.473293394E+00
     0.473296813E+00
     0.473293394E+00
     0.473287946E+00
     0.473285253E+00
     0.473277176E+00
     0.473266503E+00
     0.473269826E+00
     0.473266503E+00
     0.473261208E+00
     0.473258591E+00
     0.473250741E+00
     0.473240368E+00
     0.473243598E+00
     0.473240368E+00
     0.473235222E+00
     0.473232679E+00
     0.473225050E+00
     0.473214969E+00
     0.473218108E+00
     0.473214969E+00
     0.473209968E+00
     0.473207497E+00
     0.473200082E+00
     0.473190285E+00
     0.473193336E+00
     0.473190285E+00
     0.473185426E+00
     0.473183024E+00
     0.473175819E+00
     0.473166298E+00
     0.473169263E+00
     0.473166298E+00
     0.473161576E+00
     0.473159242E+00
     0.473152241E+00
     0.473142989E+00
     0.473145870E+00
     0.473142989E+00
     0.473138401E+00
     0.473136133E+00
     0.473129330E+00
     0.473120340E+00
     0.473123140E+00
     0.473120340E+00
     0.473115882E+00
     0.473113679E+00
     0.473107068E+00
     0.473098333E+00
     0.473101053E+00
     0.473098333E+00
     0.473094001E+00
     0.473091861E+00
     0.473085438E+00
     0.473076951E+00
     0.473079594E+00
     0.473076951E+00
     0.473072743E+00
     0.473070663E+00
     0.473064423E+00
     0.473056177E+00
     0.473058745E+00
     0.473056177E+00
     0.473052089E+00
     0.473050068E+00
     0.473044006E+00
     0.473035996E+00
     0.473038490E+00
     0.473035996E+00
     0.473032024E+00
     0.473030061E+00
     0.473024173E+00
     0.473016391E+00
     0.473018814E+00
     0.473016391E+00
     0.473012533E+00
     0.473010626E+00
     0.473004906E+00
     0.472997347E+00
     0.472999701E+00
     0.472997347E+00
     0.472993600E+00
     0.472991748E+00
     0.472986192E+00
     0.472978850E+00
     0.472981137E+00
     0.472978850E+00
     0.472975211E+00
     0.472973413E+00
     0.472968017E+00
     0.472960886E+00
     0.472963106E+00
     0.472960886E+00
     0.472957352E+00
     0.472955605E+00
     0.472950365E+00
     0.472943439E+00
     0.472945596E+00
     0.472943439E+00
     0.472940008E+00
     0.472938312E+00
     0.472933223E+00
     0.472926498E+00
     0.472928593E+00
     0.472926498E+00
     0.472923167E+00
     0.472921520E+00
     0.472916579E+00
     0.472910049E+00
     0.472912083E+00
     0.472910049E+00
     0.472906815E+00
     0.472905216E+00
     0.472900419E+00
     0.472894079E+00
     0.472896054E+00
     0.472894079E+00
     0.472890940E+00
     0.472889388E+00
     0.472884731E+00
     0.472878577E+00
     0.472880493E+00
     0.472878577E+00
     0.472875529E+00
     0.472874023E+00
     0.472869503E+00
     0.472863529E+00
     0.472865390E+00
     0.472863529E+00
     0.472860572E+00
     0.472859110E+00
     0.472854724E+00
     0.472848926E+00
     0.472850731E+00
     0.472848926E+00
     0.472846056E+00
     0.472844638E+00
     0.472840381E+00
     0.472834755E+00
     0.472836507E+00
     0.472834755E+00
     0.472831971E+00
     0.472830595E+00
     0.472826465E+00
     0.472821007E+00
     0.472822707E+00
     0.472821007E+00
     0.472818306E+00
     0.472816971E+00
     0.472812965E+00
     0.472807670E+00
     0.472809319E+00
     0.472807670E+00
     0.472805051E+00
     0.472803756E+00
     0.472799871E+00
     0.472794736E+00
     0.472796335E+00
     0.472794736E+00
     0.472792196E+00
     0.472790941E+00
     0.472787174E+00
     0.472782194E+00
     0.472783745E+00
     0.472782194E+00
     0.472779732E+00
     0.472778515E+00
     0.472774863E+00
     0.472770035E+00
     0.472771539E+00
     0.472770035E+00
     0.472767650E+00
     0.472766470E+00
     0.472762931E+00
     0.472758251E+00
     0.472759709E+00
     0.472758251E+00
     0.472755940E+00
     0.472754797E+00
     0.472751368E+00
     0.472746834E+00
     0.472748246E+00
     0.472746834E+00
     0.472744596E+00
     0.472743489E+00
     0.472740167E+00
     0.472735776E+00
     0.472737144E+00
     0.472735776E+00
     0.472733609E+00
     0.472732537E+00
     0.472729321E+00
     0.472725068E+00
     0.472726393E+00
     0.472725068E+00
     0.472722971E+00
     0.472721934E+00
     0.472718821E+00
     0.472714705E+00
     0.472715987E+00
     0.472714705E+00
     0.472712677E+00
     0.472711673E+00
     0.472708662E+00
     0.472704680E+00
     0.472705921E+00
     0.472704680E+00
     0.472702719E+00
     0.472701749E+00
     0.472698837E+00
     0.472694987E+00
     0.472696187E+00
     0.472694987E+00
     0.472693092E+00
     0.472692155E+00
     0.472689342E+00
     0.472685621E+00
     0.472686780E+00
     0.472685621E+00
     0.472683791E+00
     0.472682886E+00
     0.472680170E+00
     0.472676577E+00
     0.472677696E+00
     0.472676577E+00
     0.472674812E+00
     0.472673939E+00
     0.472671318E+00
     0.472667851E+00
     0.472668931E+00
     0.472667851E+00
     0.472666150E+00
     0.472665308E+00
     0.472662782E+00
     0.472659441E+00
     0.472660482E+00
     0.472659441E+00
     0.472657804E+00
     0.472656993E+00
     0.472654561E+00
     0.472651344E+00
     0.472652346E+00
     0.472651344E+00
     0.472649770E+00
     0.472648991E+00
     0.472646653E+00
     0.472643560E+00
     0.472644523E+00
     0.472643560E+00
     0.472642050E+00
     0.472641302E+00
     0.472639058E+00
     0.472636089E+00
     0.472637014E+00
     0.472636089E+00
     0.472634644E+00
     0.472633927E+00
     0.472631779E+00
     0.472628936E+00
     0.472629822E+00
     0.472628936E+00
     0.472627555E+00
     0.472626872E+00
     0.472624820E+00
     0.472622104E+00
     0.472622951E+00
     0.472622104E+00
     0.472620792E+00
     0.472620141E+00
     0.472618190E+00
     0.472615605E+00
     0.472616411E+00
     0.472615605E+00
     0.472614363E+00
     0.472613748E+00
     0.472611900E+00
     0.472609454E+00
     0.472610217E+00
     0.472609454E+00
     0.472608288E+00
     0.472607709E+00
     0.472605974E+00
     0.472603675E+00
     0.472604392E+00
     0.472603675E+00
     0.472602592E+00
     0.472602055E+00
     0.472600444E+00
     0.472598309E+00
     0.472598975E+00
     0.472598309E+00
     0.472597326E+00
     0.472596838E+00
     0.472595374E+00
     0.472593433E+00
     0.472594038E+00
     0.472597453E+00
     0.472597027E+00
     0.472595751E+00
     0.472594057E+00
     0.472594585E+00
     0.472594057E+00
     0.472593207E+00
     0.472592785E+00
     0.472591518E+00
     0.472589837E+00
     0.472590362E+00
     0.472589837E+00
     0.472588958E+00
     0.472588521E+00
     0.472587210E+00
     0.472585471E+00
     0.472586014E+00
     0.472585471E+00
     0.472584517E+00
     0.472584043E+00
     0.472582621E+00
     0.472580736E+00
     0.472581324E+00
     0.472580736E+00
     0.472579726E+00
     0.472579225E+00
     0.472577723E+00
     0.472575732E+00
     0.472576352E+00
     0.472575732E+00
     0.472574680E+00
     0.472574159E+00
     0.472572595E+00
     0.472570524E+00
     0.472571170E+00
     0.472570524E+00
     0.472569441E+00
     0.472568904E+00
     0.472567293E+00
     0.472565160E+00
     0.472565824E+00
     0.472565160E+00
     0.472564051E+00
     0.472563502E+00
     0.472561855E+00
     0.472559675E+00
     0.472560354E+00
     0.472559675E+00
     0.472558547E+00
     0.472557989E+00
     0.472556314E+00
     0.472554097E+00
     0.472554788E+00
     0.472554097E+00
     0.472552955E+00
     0.472552390E+00
     0.472550693E+00
     0.472548449E+00
     0.472549149E+00
     0.472548449E+00
     0.472547297E+00
     0.472546726E+00
     0.472545015E+00
     0.472542752E+00
     0.472543457E+00
     0.472542752E+00
     0.472541592E+00
     0.472541018E+00
     0.472539296E+00
     0.472537020E+00
     0.472537729E+00
     0.472537020E+00
     0.472535855E+00
     0.472535280E+00
     0.472533552E+00
     0.472531268E+00
     0.472531979E+00
     0.472531268E+00
     0.472530101E+00
     0.472529525E+00
     0.472527795E+00
     0.472525508E+00
     0.472526220E+00
     0.472525508E+00
     0.472524341E+00
     0.472523765E+00
     0.472522036E+00
     0.472519750E+00
     0.472520462E+00
     0.472519750E+00
     0.472518586E+00
     0.472518010E+00
     0.472516285E+00
     0.472514004E+00
     0.472514714E+00
     0.472514004E+00
     0.472512844E+00
     0.472512270E+00
     0.472510550E+00
     0.472508278E+00
     0.472508985E+00
     0.472508278E+00
     0.472507123E+00
     0.472506552E+00
     0.472504840E+00
     0.472502579E+00
     0.472503283E+00
     0.472502579E+00
     0.472501430E+00
     0.472500862E+00
     0.472499160E+00
     0.472496913E+00
     0.472497613E+00
     0.472496913E+00
     0.472495771E+00
     0.472495208E+00
     0.472493517E+00
     0.472491286E+00
     0.472491980E+00
     0.472491286E+00
     0.472490153E+00
     0.472489594E+00
     0.472487916E+00
     0.472485702E+00
     0.472486391E+00
     0.472485702E+00
     0.472484578E+00
     0.472484024E+00
     0.472482361E+00
     0.472480167E+00
     0.472480849E+00
     0.472480167E+00
     0.472479053E+00
     0.472478503E+00
     0.472476856E+00
     0.472474682E+00
     0.472475358E+00
     0.472474682E+00
     0.472473579E+00
     0.472473035E+00
     0.472471404E+00
     0.472469252E+00
     0.472469922E+00
     0.472469252E+00
     0.472468160E+00
     0.472467622E+00
     0.472466007E+00
     0.472463879E+00
     0.472464541E+00
     0.472463879E+00
     0.472462798E+00
     0.472462266E+00
     0.472460669E+00
     0.472458564E+00
     0.472459219E+00
     0.472458564E+00
     0.472457495E+00
     0.472456969E+00
     0.472455390E+00
     0.472453310E+00
     0.472453957E+00
     0.472453310E+00
     0.472452253E+00
     0.472451732E+00
     0.472450172E+00
     0.472448116E+00
     0.472448755E+00
     0.472448116E+00
     0.472447071E+00
     0.472446557E+00
     0.472445014E+00
     0.472442983E+00
     0.472443614E+00
     0.472442983E+00
     0.472441950E+00
     0.472441441E+00
     0.472439917E+00
     0.472437910E+00
     0.472438534E+00
     0.472437910E+00
     0.472436888E+00
     0.472436386E+00
     0.472434879E+00
     0.472432896E+00
     0.472433512E+00
     0.472432896E+00
     0.472431907E+00
     0.472431420E+00
     0.472429961E+00
     0.472428042E+00
     0.472428639E+00
     0.472428042E+00
     0.472427135E+00
     0.472426689E+00
     0.472425351E+00
     0.472423589E+00
     0.472424137E+00
     0.472423589E+00
     0.472422755E+00
     0.472422345E+00
     0.472421114E+00
     0.472419492E+00
     0.472419997E+00
     0.472419492E+00
     0.472418723E+00
     0.472418344E+00
     0.472417207E+00
     0.472415709E+00
     0.472416175E+00
     0.472415709E+00
     0.472414997E+00
     0.472414647E+00
     0.472413595E+00
     0.472412207E+00
     0.472412639E+00
     0.472412207E+00
     0.472411549E+00
     0.472411224E+00
     0.472410250E+00
     0.472408964E+00
     0.472409364E+00
     0.472408964E+00
     0.472408355E+00
     0.472408055E+00
     0.472407153E+00
     0.472405963E+00
     0.472406333E+00
     0.472405963E+00
     0.472405401E+00
     0.472405123E+00
     0.472404291E+00
     0.472403192E+00
     0.472403534E+00
     0.472403192E+00
     0.472402676E+00
     0.472402422E+00
     0.472401657E+00
     0.472400647E+00
     0.472400962E+00
     0.472400647E+00
     0.472400179E+00
     0.472399947E+00
     0.472399252E+00
     0.472398332E+00
     0.472398619E+00
     0.472398332E+00
     0.472397914E+00
     0.472397708E+00
     0.472397087E+00
     0.472396266E+00
     0.472396522E+00
     0.472397972E+00
     0.472397793E+00
     0.472397257E+00
     0.472396547E+00
     0.472396769E+00
     0.472396547E+00
     0.472396191E+00
     0.472396014E+00
     0.472395484E+00
     0.472394781E+00
     0.472395000E+00
     0.472394781E+00
     0.472394423E+00
     0.472394245E+00
     0.472393712E+00
     0.472393006E+00
     0.472393226E+00
     0.472393006E+00
     0.472392621E+00
     0.472392431E+00
     0.472391860E+00
     0.472391104E+00
     0.472391339E+00
     0.472391104E+00
     0.472390703E+00
     0.472390505E+00
     0.472389909E+00
     0.472389122E+00
     0.472389367E+00
     0.472389122E+00
     0.472388711E+00
     0.472388507E+00
     0.472387897E+00
     0.472387090E+00
     0.472387342E+00
     0.472387090E+00
     0.472386673E+00
     0.472386467E+00
     0.472385848E+00
     0.472385030E+00
     0.472385284E+00
     0.472385030E+00
     0.472384610E+00
     0.472384402E+00
     0.472383779E+00
     0.472382956E+00
     0.472383212E+00
     0.472382956E+00
     0.472382535E+00
     0.472382328E+00
     0.472381704E+00
     0.472380881E+00
     0.472381137E+00
     0.472380881E+00
     0.472380462E+00
     0.472380255E+00
     0.472379634E+00
     0.472378814E+00
     0.472379070E+00
     0.472378814E+00
     0.472378398E+00
     0.472378193E+00
     0.472377577E+00
     0.472376763E+00
     0.472377016E+00
     0.472376763E+00
     0.472376351E+00
     0.472376148E+00
     0.472375538E+00
     0.472374733E+00
     0.472374984E+00
     0.472374733E+00
     0.472374326E+00
     0.472374126E+00
     0.472373524E+00
     0.472372729E+00
     0.472372977E+00
     0.472372729E+00
     0.472372328E+00
     0.472372131E+00
     0.472371538E+00
     0.472370755E+00
     0.472370999E+00
     0.472370755E+00
     0.472370361E+00
     0.472370167E+00
     0.472369583E+00
     0.472368814E+00
     0.472369054E+00
     0.472368814E+00
     0.472368427E+00
     0.472368236E+00
     0.472367664E+00
     0.472366908E+00
     0.472367143E+00
     0.472366908E+00
     0.472366529E+00
     0.472366342E+00
     0.472365780E+00
     0.472365040E+00
     0.472365270E+00
     0.472365040E+00
     0.472364668E+00
     0.472364485E+00
     0.472363935E+00
     0.472363210E+00
     0.472363436E+00
     0.472363210E+00
     0.472362846E+00
     0.472362667E+00
     0.472362129E+00
     0.472361421E+00
     0.472361641E+00
     0.472361421E+00
     0.472361065E+00
     0.472360890E+00
     0.472360364E+00
     0.472359672E+00
     0.472359887E+00
     0.472359672E+00
     0.472359324E+00
     0.472359153E+00
     0.472358640E+00
     0.472357964E+00
     0.472358174E+00
     0.472357964E+00
     0.472357625E+00
     0.472357459E+00
     0.472356958E+00
     0.472356299E+00
     0.472356504E+00
     0.472356299E+00
     0.472355968E+00
     0.472355806E+00
     0.472355318E+00
     0.472354675E+00
     0.472354875E+00
     0.472354675E+00
     0.472354353E+00
     0.472354195E+00
     0.472353720E+00
     0.472353094E+00
     0.472353289E+00
     0.472353094E+00
     0.472352781E+00
     0.472352626E+00
     0.472352164E+00
     0.472351555E+00
     0.472351744E+00
     0.472351555E+00
     0.472351250E+00
     0.472351100E+00
     0.472350650E+00
     0.472350058E+00
     0.472350242E+00
     0.472350058E+00
     0.472349761E+00
     0.472349615E+00
     0.472349178E+00
     0.472348602E+00
     0.472348781E+00
     0.472348602E+00
     0.472348314E+00
     0.472348172E+00
     0.472347747E+00
     0.472347188E+00
     0.472347362E+00
     0.472347188E+00
     0.472346908E+00
     0.472346771E+00
     0.472346358E+00
     0.472345815E+00
     0.472345983E+00
     0.472345815E+00
     0.472345543E+00
     0.472345409E+00
     0.472345009E+00
     0.472344482E+00
     0.472344646E+00
     0.472344482E+00
     0.472344218E+00
     0.472344089E+00
     0.472343700E+00
     0.472343189E+00
     0.472343348E+00
     0.472343189E+00
     0.472342933E+00
     0.472342808E+00
     0.472342431E+00
     0.472341935E+00
     0.472342089E+00
     0.472341935E+00
     0.472341687E+00
     0.472341566E+00
     0.472341201E+00
     0.472340720E+00
     0.472340869E+00
     0.472340720E+00
     0.472340480E+00
     0.472340362E+00
     0.472340008E+00
     0.472339543E+00
     0.472339688E+00
     0.472339543E+00
     0.472339311E+00
     0.472339197E+00
     0.472338854E+00
     0.472338404E+00
     0.472338544E+00
     0.472338404E+00
     0.472338179E+00
     0.472338068E+00
     0.472337737E+00
     0.472337301E+00
     0.472337436E+00
     0.472337301E+00
     0.472337083E+00
     0.472336976E+00
     0.472336656E+00
     0.472336234E+00
     0.472336365E+00
     0.472336234E+00
     0.472336023E+00
     0.472335920E+00
     0.472335610E+00
     0.472335202E+00
     0.472335329E+00
     0.472335202E+00
     0.472334999E+00
     0.472334899E+00
     0.472334599E+00
     0.472334205E+00
     0.472334328E+00
     0.472334205E+00
     0.472334009E+00
     0.472333912E+00
     0.472333623E+00
     0.472333242E+00
     0.472333360E+00
     0.472333242E+00
     0.472333052E+00
     0.472332959E+00
     0.472332679E+00
     0.472332312E+00
     0.472332426E+00
     0.472332312E+00
     0.472332128E+00
     0.472332038E+00
     0.472331768E+00
     0.472331414E+00
     0.472331524E+00
     0.472331414E+00
     0.472331237E+00
     0.472331150E+00
     0.472330890E+00
     0.472330547E+00
     0.472330654E+00
     0.472330547E+00
     0.472330377E+00
     0.472330293E+00
     0.472330042E+00
     0.472329712E+00
     0.472329814E+00
     0.472329712E+00
     0.472329547E+00
     0.472329466E+00
     0.472329224E+00
     0.472328906E+00
     0.472329005E+00
     0.472328906E+00
     0.472328748E+00
     0.472328670E+00
     0.472328436E+00
     0.472328130E+00
     0.472328225E+00
     0.472328130E+00
     0.472327977E+00
     0.472327902E+00
     0.472327677E+00
     0.472327382E+00
     0.472327474E+00
     0.472327382E+00
     0.472327235E+00
     0.472327163E+00
     0.472326947E+00
     0.472326663E+00
     0.472326751E+00
     0.472326663E+00
     0.472326521E+00
     0.472326452E+00
     0.472326243E+00
     0.472325970E+00
     0.472326055E+00
     0.472325970E+00
     0.472325834E+00
     0.472325767E+00
     0.472325567E+00
     0.472325304E+00
     0.472325385E+00
     0.472325304E+00
     0.472325173E+00
     0.472325108E+00
     0.472324916E+00
     0.472324663E+00
     0.472324742E+00
     0.472324663E+00
     0.472324537E+00
     0.472324476E+00
     0.472324290E+00
     0.472324048E+00
     0.472324123E+00
     0.472324048E+00
     0.472323927E+00
     0.472323867E+00
     0.472323690E+00
     0.472323457E+00
     0.472323529E+00
     0.472323457E+00
     0.472323340E+00
     0.472323284E+00
     0.472323113E+00
     0.472322889E+00
     0.472322959E+00
     0.472322889E+00
     0.472322778E+00
     0.472322723E+00
     0.472322559E+00
     0.472322345E+00
     0.472322411E+00
     0.472322345E+00
     0.472322238E+00
     0.472322185E+00
     0.472322028E+00
     0.472321823E+00
     0.472321886E+00
     0.472321823E+00
     0.472321720E+00
     0.472321670E+00
     0.472321519E+00
     0.472321322E+00
     0.472321383E+00
     0.472321322E+00
     0.472321224E+00
     0.472321176E+00
     0.472321031E+00
     0.472320843E+00
     0.472320901E+00
     0.472320843E+00
     0.472320748E+00
     0.472320702E+00
     0.472320564E+00
     0.472320384E+00
     0.472320440E+00
     0.472320384E+00
     0.472320293E+00
     0.472320249E+00
     0.472320117E+00
     0.472319945E+00
     0.472319998E+00
     0.472319945E+00
     0.472319858E+00
     0.472319816E+00
     0.472319690E+00
     0.472319525E+00
     0.472319576E+00
     0.472319525E+00
     0.472319442E+00
     0.472319402E+00
     0.472319281E+00
     0.472319123E+00
     0.472319172E+00
     0.472319123E+00
     0.472319045E+00
     0.472319006E+00
     0.472318891E+00
     0.472318740E+00
     0.472318787E+00
     0.472318740E+00
     0.472318665E+00
     0.472318628E+00
     0.472318518E+00
     0.472318374E+00
     0.472318419E+00
     0.472318374E+00
     0.472318303E+00
     0.472318268E+00
     0.472318163E+00
     0.472318026E+00
     0.472318068E+00
     0.472318026E+00
     0.472317957E+00
     0.472317924E+00
     0.472317824E+00
     0.472317693E+00
     0.472317734E+00
     0.472317693E+00
     0.472317628E+00
     0.472317596E+00
     0.472317501E+00
     0.472317377E+00
     0.472317415E+00
     0.472317377E+00
     0.472317315E+00
     0.472317285E+00
     0.472317194E+00
     0.472317076E+00
     0.472317113E+00
     0.472317076E+00
     0.472317018E+00
     0.472316989E+00
     0.472316904E+00
     0.472316792E+00
     0.472316827E+00
     0.472316792E+00
     0.472316737E+00
     0.472316710E+00
     0.472316630E+00
     0.472316525E+00
     0.472316557E+00
     0.472316525E+00
     0.472316473E+00
     0.472316447E+00
     0.472316371E+00
     0.472316272E+00
     0.472316303E+00
     0.472316272E+00
     0.472316223E+00
     0.472316199E+00
     0.472316128E+00
     0.472316035E+00
     0.472316064E+00
     0.472316035E+00
     0.472315988E+00
     0.472315966E+00
     0.472315899E+00
     0.472315811E+00
     0.472315838E+00
     0.472315811E+00
     0.472315767E+00
     0.472315746E+00
     0.472315683E+00
     0.472315601E+00
     0.472315626E+00
     0.472315601E+00
     0.472315560E+00
     0.472315540E+00
     0.472315480E+00
     0.472315403E+00
     0.472315427E+00
     0.472315403E+00
     0.472315365E+00
     0.472315346E+00
     0.472315290E+00
     0.472315218E+00
     0.472315240E+00
     0.472315218E+00
     0.472315182E+00
     0.472315164E+00
     0.472315112E+00
     0.472315044E+00
     0.472315065E+00
     0.472315044E+00
     0.472315010E+00
     0.472314994E+00
     0.472314945E+00
     0.472314881E+00
     0.472314901E+00
     0.472314881E+00
     0.472314850E+00
     0.472314834E+00
     0.472314788E+00
     0.472314729E+00
     0.472314747E+00
     0.472314729E+00
     0.472314700E+00
     0.472314685E+00
     0.472314643E+00
     0.472314587E+00
     0.472314604E+00
     0.472314587E+00
     0.472314560E+00
     0.472314546E+00
     0.472314506E+00
     0.472314455E+00
     0.472314471E+00
     0.472314455E+00
     0.472314429E+00
     0.472314417E+00
     0.472314380E+00
     0.472314332E+00
     0.472314347E+00
     0.472314332E+00
     0.472314308E+00
     0.472314296E+00
     0.472314262E+00
     0.472314217E+00
     0.472314231E+00
     0.472314217E+00
     0.472314195E+00
     0.472314185E+00
     0.472314153E+00
     0.472314111E+00
     0.472314124E+00
     0.472314111E+00
     0.472314091E+00
     0.472314081E+00
     0.472314052E+00
     0.472314013E+00
     0.472314025E+00
     0.472314013E+00
     0.472313995E+00
     0.472313985E+00
     0.472313958E+00
     0.472313923E+00
     0.472313934E+00
     0.472313923E+00
     0.472313906E+00
     0.472313897E+00
     0.472313872E+00
     0.472313840E+00
     0.472313850E+00
     0.472313840E+00
     0.472313824E+00
     0.472313816E+00
     0.472313793E+00
     0.472313764E+00
     0.472313773E+00
     0.472313764E+00
     0.472313749E+00
     0.472313742E+00
     0.472313721E+00
     0.472313694E+00
     0.472313702E+00
     0.472313694E+00
     0.472313681E+00
     0.472313674E+00
     0.472313655E+00
     0.472313631E+00
     0.472313638E+00
     0.472313631E+00
     0.472313618E+00
     0.472313613E+00
     0.472313595E+00
     0.472313573E+00
     0.472313580E+00
     0.472313573E+00
     0.472313562E+00
     0.472313557E+00
     0.472313541E+00
     0.472313521E+00
     0.472313527E+00
     0.472313521E+00
     0.472313511E+00
     0.472313507E+00
     0.472313493E+00
     0.472313475E+00
     0.472313480E+00
     0.472313475E+00
     0.472313466E+00
     0.472313462E+00
     0.472313449E+00
     0.472313434E+00
     0.472313438E+00
     0.472313434E+00
     0.472313426E+00
     0.472313422E+00
     0.472313411E+00
     0.472313397E+00
     0.472313402E+00
     0.472313397E+00
     0.472313390E+00
     0.472313387E+00
     0.472313378E+00
     0.472313366E+00
     0.472313369E+00
     0.472313366E+00
     0.472313360E+00
     0.472313357E+00
     0.472313349E+00
     0.472313339E+00
     0.472313342E+00
     0.472313339E+00
     0.472313334E+00
     0.472313332E+00
     0.472313325E+00
     0.472313317E+00
     0.472313319E+00
     0.472313317E+00
     0.472313313E+00
     0.472313311E+00
     0.472313306E+00
     0.472313300E+00
     0.472313302E+00
     0.472313300E+00
     0.472313297E+00
     0.472313295E+00
     0.472313291E+00
     0.472313286E+00
     0.472313287E+00
     0.472313286E+00
     0.472313284E+00
     0.472313283E+00
     0.472313279E+00
     0.472313276E+00
     0.472313277E+00
     0.472313276E+00
     0.472313274E+00
     0.472313273E+00
     0.472313271E+00
     0.472313268E+00
     0.472313269E+00
     0.472313268E+00
     0.472313267E+00
     0.472313266E+00
     0.472313265E+00
     0.472313263E+00
     0.472313264E+00
     0.472313263E+00
     0.472313263E+00
     0.472313262E+00
     0.472313261E+00
     0.472313261E+00
     0.472313261E+00
     0.472313261E+00
     0.472313260E+00
     0.472313260E+00
     0.472313260E+00
     0.472313260E+00
     0.472313260E+00
     0.472313260E+00
     0.472313260E+00
     0.472313260E+00
     0.472313260E+00
     0.472313261E+00
     0.472313261E+00
     0.472313261E+00
     0.472313261E+00
     0.472313262E+00
     0.472313262E+00
     0.472313264E+00
     0.472313263E+00
     0.472313264E+00
     0.472313264E+00
     0.472313265E+00
     0.472313266E+00
     0.472313268E+00
     0.472313267E+00
     0.472313268E+00
     0.472313268E+00
     0.472313269E+00
     0.472313271E+00
     0.472313273E+00
     0.472313272E+00
     0.472313273E+00
     0.472313274E+00
     0.472313275E+00
     0.472313276E+00
     0.472313279E+00
     0.472313278E+00
     0.472313279E+00
     0.472313280E+00
     0.472313281E+00
     0.472313283E+00
     0.472313286E+00
     0.472313285E+00
     0.472313286E+00
     0.472313288E+00
     0.472313289E+00
     0.472313291E+00
     0.472313294E+00
     0.472313293E+00
     0.472313294E+00
     0.472313296E+00
     0.472313297E+00
     0.472313299E+00
     0.472313303E+00
     0.472313302E+00
     0.472313303E+00
     0.472313305E+00
     0.472313306E+00
     0.472313309E+00
     0.472313312E+00
     0.472313311E+00
     0.472313312E+00
     0.472313314E+00
     0.472313315E+00
     0.472313318E+00
     0.472313322E+00
     0.472313321E+00
     0.472313322E+00
     0.472313324E+00
     0.472313326E+00
     0.472313329E+00
     0.472313333E+00
     0.472313332E+00
     0.472313333E+00
     0.472313335E+00
     0.472313336E+00
     0.472313339E+00
     0.472313344E+00
     0.472313342E+00
     0.472313344E+00
     0.472313346E+00
     0.472313347E+00
     0.472313350E+00
     0.472313355E+00
     0.472313353E+00
     0.472313355E+00
     0.472313357E+00
     0.472313358E+00
     0.472313362E+00
     0.472313366E+00
     0.472313365E+00
     0.472313366E+00
     0.472313369E+00
     0.472313370E+00
     0.472313373E+00
     0.472313378E+00
     0.472313376E+00
     0.472313378E+00
     0.472313380E+00
     0.472313381E+00
     0.472313385E+00
     0.472313390E+00
     0.472313388E+00
     0.472313390E+00
     0.472313392E+00
     0.472313393E+00
     0.472313397E+00
     0.472313402E+00
     0.472313400E+00
     0.472313402E+00
     0.472313404E+00
     0.472313405E+00
     0.472313409E+00
     0.472313414E+00
     0.472313412E+00
     0.472313414E+00
     0.472313416E+00
     0.472313417E+00
     0.472313421E+00
     0.472313426E+00
     0.472313424E+00
     0.472313426E+00
     0.472313428E+00
     0.472313429E+00
     0.472313433E+00
     0.472313438E+00
     0.472313436E+00
     0.472313438E+00
     0.472313440E+00
     0.472313442E+00
     0.472313445E+00
     0.472313450E+00
     0.472313449E+00
     0.472313450E+00
     0.472313453E+00
     0.472313454E+00
     0.472313457E+00
     0.472313462E+00
     0.472313461E+00
     0.472313462E+00
     0.472313465E+00
     0.472313466E+00
     0.472313469E+00
     0.472313474E+00
     0.472313473E+00
     0.472313474E+00
     0.472313477E+00
     0.472313478E+00
     0.472313481E+00
     0.472313486E+00
     0.472313485E+00
     0.472313486E+00
     0.472313489E+00
     0.472313490E+00
     0.472313493E+00
     0.472313498E+00
     0.472313496E+00
     0.472313498E+00
     0.472313500E+00
     0.472313501E+00
     0.472313505E+00
     0.472313510E+00
     0.472313508E+00
     0.472313510E+00
     0.472313512E+00
     0.472313513E+00
     0.472313517E+00
     0.472313521E+00
     0.472313520E+00
     0.472313521E+00
     0.472313524E+00
     0.472313525E+00
     0.472313528E+00
     0.472313533E+00
     0.472313531E+00
     0.472313533E+00
     0.472313535E+00
     0.472313536E+00
     0.472313539E+00
     0.472313544E+00
     0.472313543E+00
     0.472313544E+00
     0.472313546E+00
     0.472313547E+00
     0.472313551E+00
     0.472313555E+00
     0.472313554E+00
     0.472313555E+00
     0.472313557E+00
     0.472313558E+00
     0.472313562E+00
     0.472313566E+00
     0.472313565E+00
     0.472313566E+00
     0.472313568E+00
     0.472313569E+00
     0.472313572E+00
     0.472313577E+00
     0.472313575E+00
     0.472313577E+00
     0.472313579E+00
     0.472313580E+00
     0.472313583E+00
     0.472313587E+00
     0.472313586E+00
     0.472313587E+00
     0.472313589E+00
     0.472313590E+00
     0.472313593E+00
     0.472313597E+00
     0.472313596E+00
     0.472313597E+00
     0.472313599E+00
     0.472313600E+00
     0.472313603E+00
     0.472313607E+00
     0.472313606E+00
     0.472313607E+00
     0.472313609E+00
     0.472313610E+00
     0.472313613E+00
     0.472313617E+00
     0.472313616E+00
     0.472313617E+00
     0.472313619E+00
     0.472313620E+00
     0.472313623E+00
     0.472313627E+00
     0.472313626E+00
     0.472313627E+00
     0.472313629E+00
     0.472313630E+00
     0.472313633E+00
     0.472313636E+00
     0.472313635E+00
     0.472313636E+00
     0.472313638E+00
     0.472313639E+00
     0.472313642E+00
     0.472313646E+00
     0.472313644E+00
     0.472313646E+00
     0.472313647E+00
     0.472313648E+00
     0.472313651E+00
     0.472313655E+00
     0.472313653E+00
     0.472313655E+00
     0.472313656E+00
     0.472313657E+00
     0.472313660E+00
     0.472313663E+00
     0.472313662E+00
     0.472313663E+00
     0.472313665E+00
     0.472313666E+00
     0.472313668E+00
     0.472313672E+00
     0.472313671E+00
     0.472313672E+00
     0.472313673E+00
     0.472313674E+00
     0.472313677E+00
     0.472313680E+00
     0.472313679E+00
     0.472313680E+00
     0.472313682E+00
     0.472313682E+00
     0.472313685E+00
     0.472313688E+00
     0.472313687E+00
     0.472313688E+00
     0.472313690E+00
     0.472313690E+00
     0.472313693E+00
     0.472313696E+00
     0.472313695E+00
     0.472313696E+00
     0.472313697E+00
     0.472313698E+00
     0.472313700E+00
     0.472313703E+00
     0.472313702E+00
     0.472313703E+00
     0.472313705E+00
     0.472313706E+00
     0.472313708E+00
     0.472313711E+00
     0.472313710E+00
     0.472313711E+00
     0.472313712E+00
     0.472313713E+00
     0.472313715E+00
     0.472313718E+00
     0.472313717E+00
     0.472313718E+00
     0.472313719E+00
     0.472313720E+00
     0.472313722E+00
     0.472313725E+00
     0.472313724E+00
     0.472313725E+00
     0.472313726E+00
     0.472313727E+00
     0.472313729E+00
     0.472313731E+00
     0.472313731E+00
     0.472313731E+00
     0.472313733E+00
     0.472313733E+00
     0.472313735E+00
     0.472313738E+00
     0.472313737E+00
     0.472313738E+00
     0.472313739E+00
     0.472313740E+00
     0.472313742E+00
     0.472313744E+00
     0.472313743E+00
     0.472313744E+00
     0.472313745E+00
     0.472313746E+00
     0.472313748E+00
     0.472313750E+00
     0.472313749E+00
     0.472313750E+00
     0.472313751E+00
     0.472313752E+00
     0.472313754E+00
     0.472313756E+00
     0.472313755E+00
     0.472313756E+00
     0.472313757E+00
     0.472313758E+00
     0.472313759E+00
     0.472313762E+00
     0.472313761E+00
     0.472313762E+00
     0.472313763E+00
     0.472313763E+00
     0.472313765E+00
     0.472313767E+00
     0.472313766E+00
     0.472313767E+00
     0.472313768E+00
     0.472313769E+00
     0.472313770E+00
     0.472313772E+00
     0.472313772E+00
     0.472313772E+00
     0.472313773E+00
     0.472313774E+00
     0.472313775E+00
     0.472313777E+00
     0.472313777E+00
     0.472313777E+00
     0.472313778E+00
     0.472313779E+00
     0.472313780E+00
     0.472313782E+00
     0.472313782E+00
     0.472313782E+00
     0.472313783E+00
     0.472313784E+00
     0.472313785E+00
     0.472313787E+00
     0.472313786E+00
     0.472313787E+00
     0.472313788E+00
     0.472313788E+00
     0.472313789E+00
     0.472313791E+00
     0.472313791E+00
     0.472313791E+00
     0.472313792E+00
     0.472313793E+00
     0.472313794E+00
     0.472313796E+00
     0.472313795E+00
     0.472313796E+00
     0.472313796E+00
     0.472313797E+00
     0.472313798E+00
     0.472313800E+00
     0.472313799E+00
     0.472313800E+00
     0.472313800E+00
     0.472313801E+00
     0.472313802E+00
     0.472313804E+00
     0.472313803E+00
     0.472313804E+00
     0.472313804E+00
     0.472313805E+00
     0.472313806E+00
     0.472313807E+00
     0.472313807E+00
     0.472313807E+00
     0.472313808E+00
     0.472313809E+00
     0.472313810E+00
     0.472313811E+00
     0.472313811E+00
     0.472313811E+00
     0.472313812E+00
     0.472313812E+00
     0.472313813E+00
     0.472313815E+00
     0.472313814E+00
     0.472313815E+00
     0.472313815E+00
     0.472313816E+00
     0.472313817E+00
     0.472313818E+00
     0.472313817E+00
     0.472313818E+00
     0.472313818E+00
     0.472313819E+00
     0.472313820E+00
     0.472313821E+00
     0.472313821E+00
     0.472313821E+00
     0.472313822E+00
     0.472313822E+00
     0.472313823E+00
     0.472313824E+00
     0.472313824E+00
     0.472313824E+00
     0.472313825E+00
     0.472313825E+00
     0.472313826E+00
     0.472313827E+00
     0.472313827E+00
     0.472313827E+00
     0.472313828E+00
     0.472313828E+00
     0.472313829E+00
     0.472313830E+00
     0.472313829E+00
     0.472313830E+00
     0.472313830E+00
     0.472313831E+00
     0.472313831E+00
     0.472313832E+00
     0.472313832E+00
     0.472313832E+00
     0.472313833E+00
     0.472313833E+00
     0.472313834E+00
     0.472313835E+00
     0.472313835E+00
     0.472313835E+00
     0.472313835E+00
     0.472313836E+00
     0.472313836E+00
     0.472313837E+00
     0.472313837E+00
     0.472313837E+00
     0.472313838E+00
     0.472313838E+00
     0.472313839E+00
     0.472313840E+00
     0.472313839E+00
     0.472313840E+00
     0.472313840E+00
     0.472313840E+00
     0.472313841E+00
     0.472313842E+00
     0.472313841E+00
     0.472313842E+00
     0.472313842E+00
     0.472313842E+00
     0.472313843E+00
     0.472313844E+00
     0.472313844E+00
     0.472313844E+00
     0.472313844E+00
     0.472313844E+00
     0.472313845E+00
     0.472313846E+00
     0.472313845E+00
     0.472313846E+00
     0.472313846E+00
     0.472313846E+00
     0.472313847E+00
     0.472313848E+00
     0.472313847E+00
     0.472313848E+00
     0.472313848E+00
     0.472313848E+00
     0.472313849E+00
     0.472313849E+00
     0.472313849E+00
     0.472313849E+00
     0.472313850E+00
     0.472313850E+00
     0.472313850E+00
     0.472313851E+00
     0.472313851E+00
     0.472313851E+00
     0.472313851E+00
     0.472313851E+00
     0.472313852E+00
     0.472313853E+00
     0.472313852E+00
     0.472313853E+00
     0.472313853E+00
     0.472313853E+00
     0.472313853E+00
     0.472313854E+00
     0.472313854E+00
     0.472313854E+00
     0.472313854E+00
     0.472313854E+00
     0.472313855E+00
     0.472313855E+00
     0.472313855E+00
     0.472313855E+00
     0.472313856E+00
     0.472313856E+00
     0.472313856E+00
     0.472313857E+00
     0.472313857E+00
     0.472313857E+00
     0.472313857E+00
     0.472313857E+00
     0.472313857E+00
     0.472313858E+00
     0.472313858E+00
     0.472313858E+00
     0.472313858E+00
     0.472313858E+00
     0.472313859E+00
     0.472313859E+00
     0.472313859E+00
     0.472313859E+00
     0.472313859E+00
     0.472313859E+00
     0.472313860E+00
     0.472313860E+00
     0.472313860E+00
     0.472313860E+00
     0.472313860E+00
     0.472313860E+00
     0.472313861E+00
     0.472313861E+00
     0.472313861E+00
     0.472313861E+00
     0.472313861E+00
     0.472313862E+00
     0.472313862E+00
     0.472313862E+00
     0.472313862E+00
     0.472313862E+00
     0.472313862E+00
     0.472313862E+00
     0.472313863E+00
     0.472313863E+00
     0.472313863E+00
     0.472313863E+00
     0.472313863E+00
     0.472313863E+00
     0.472313864E+00
     0.472313864E+00
     0.472313864E+00
     0.472313864E+00
     0.472313864E+00
     0.472313864E+00
     0.472313864E+00
     0.472313865E+00
     0.472313865E+00
     0.472313865E+00
     0.472313865E+00
     0.472313865E+00
     0.472313865E+00
     0.472313865E+00
     0.472313865E+00
     0.472313865E+00
     0.472313866E+00
     0.472313866E+00
     0.472313866E+00
     0.472313866E+00
     0.472313866E+00
     0.472313866E+00
     0.472313866E+00
     0.472313866E+00
     0.472313867E+00
     0.472313867E+00
     0.472313867E+00
     0.472313867E+00
     0.472313867E+00
     0.472313867E+00
     0.472313867E+00
     0.472313867E+00
     0.472313867E+00
     0.472313867E+00
     0.472313867E+00
     0.472313868E+00
     0.472313868E+00
     0.472313868E+00
     0.472313868E+00
     0.472313868E+00
     0.472313868E+00
     0.472313868E+00
     0.472313868E+00
     0.472313868E+00
     0.472313868E+00
     0.472313868E+00
     0.472313869E+00
     0.472313869E+00
     0.472313869E+00
     0.472313869E+00
     0.472313869E+00
     0.472313869E+00
     0.472313869E+00
     0.472313869E+00
     0.472313869E+00
     0.472313869E+00
     0.472313869E+00
     0.472313869E+00
     0.472313869E+00
     0.472313869E+00
     0.472313870E+00
     0.472313870E+00
     0.472313870E+00
     0.472313870E+00
     0.472313870E+00
     0.472313870E+00
     0.472313870E+00
     0.472313870E+00
     0.472313870E+00
     0.472313870E+00
     0.472313870E+00
     0.472313870E+00
     0.472313870E+00
     0.472313870E+00
     0.472313870E+00
     0.472313870E+00
     0.472313871E+00
     0.472313871E+00
     0.472313871E+00
     0.472313871E+00
     0.472313871E+00
     0.472313871E+00
     0.472313871E+00
     0.472313871E+00
     0.472313871E+00
     0.472313871E+00
     0.472313871E+00
     0.472313871E+00
     0.472313871E+00
     0.472313871E+00
     0.472313871E+00
     0.472313871E+00
     0.472313871E+00
     0.472313871E+00
     0.472313871E+00
     0.472313871E+00
     0.472313871E+00
     0.472313872E+00
     0.472313872E+00
     0.472313872E+00
     0.472313872E+00
     0.472313872E+00
     0.472313872E+00
     0.472313872E+00
     0.472313872E+00
     0.472313872E+00
     0.472313872E+00
     0.472313872E+00
     0.472313872E+00
     0.472313872E+00
     0.472313872E+00
     0.472313872E+00
     0.472313872E+00
     0.472313872E+00
     0.472313872E+00
     0.472313872E+00
     0.472313872E+00
     0.472313872E+00
     0.472313872E+00
     0.472313872E+00
     0.472313872E+00
     0.472313872E+00
     0.472313872E+00
     0.472313872E+00
     0.472313872E+00
     0.472313872E+00
     0.472313872E+00
     0.472313872E+00
     0.472313872E+00
     0.472313872E+00
     0.472313872E+00
     0.472313872E+00
     0.472313873E+00
     0.472313873E+00
     0.472313873E+00
     0.472313873E+00
     0.472313873E+00
     0.472313873E+00
     0.472313873E+00
     0.472313873E+00
     0.472313873E+00
     0.472313873E+00
     0.472313873E+00
     0.472313873E+00
     0.472313873E+00
     0.472313873E+00
     0.472313873E+00
     0.472313873E+00
     0.472313873E+00
     0.472313873E+00
     0.472313873E+00
     0.472313873E+00
     0.472313873E+00
     0.472313873E+00
     0.472313873E+00
     0.472313873E+00
     0.472313873E+00
     0.472313873E+00
     0.472313873E+00
     0.472313873E+00
     0.472313873E+00
     0.472313873E+00
     0.472313873E+00
     0.472313873E+00
     0.472313873E+00
     0.472313873E+00
     0.472313873E+00
     0.472313873E+00
     0.472313873E+00
     0.472313873E+00
     0.472313873E+00
     0.472313873E+00
     0.472313873E+00
     0.472313873E+00
     0.472313873E+00
     0.472313873E+00
     0.472313873E+00
     0.472313873E+00
     0.472313873E+00
     0.472313873E+00
     0.472313873E+00
     0.472313873E+00
     0.472313873E+00
     0.472313873E+00
     0.472313873E+00
     0.472313873E+00
     0.472313873E+00
     0.472313873E+00
     0.472313873E+00
     0.472313873E+00
     0.472313873E+00
     0.472313873E+00
     0.472313873E+00
     0.472313873E+00
     0.472313873E+00
     0.472313873E+00
     0.472313873E+00
     0.472313873E+00
     0.472313873E+00
     0.472313873E+00
     0.472313873E+00
     0.472313873E+00
     0.472313873E+00
     0.472313873E+00
     0.472313873E+00
     0.472313873E+00
     0.472313873E+00
     0.472313873E+00
     0.472313873E+00
     0.472313873E+00
     0.472313873E+00
     0.472313873E+00
     0.472313873E+00
     0.472313873E+00
     0.472313873E+00
     0.472313873E+00
     0.472313873E+00
     0.472313873E+00
     0.472313873E+00
     0.472313873E+00
     0.472313873E+00
     0.472313873E+00
     0.472313873E+00
     0.472313873E+00
     0.472313873E+00
     0.472313873E+00
     0.472313873E+00
     0.472313873E+00
     0.472313873E+00
     0.472313873E+00
     0.472313873E+00
     0.472313873E+00
     0.472313873E+00
     0.472313873E+00
     0.472313873E+00
     0.472313873E+00
     0.472313873E+00
     0.472313873E+00
     0.472313873E+00
     0.472313873E+00
     0.472313873E+00
     0.472313873E+00
     0.472313873E+00
     0.472313873E+00
     0.472313873E+00
     0.472313873E+00
     0.472313873E+00
     0.472313873E+00
     0.472313873E+00
     0.472313873E+00
     0.472313873E+00
     0.472313873E+00
     0.472313873E+00
     0.472313873E+00
     0.472313873E+00
     0.472313873E+00
     0.472313873E+00
     0.472313873E+00
     0.472313873E+00
     0.472313873E+00
     0.472313873E+00
     0.472313873E+00
     0.472313873E+00
     0.472313873E+00
     0.472313873E+00
     0.472313873E+00
     0.472313873E+00
     0.472313873E+00
     0.472313873E+00
     0.472313873E+00
     0.472313873E+00
     0.472313873E+00
     0.472313873E+00
     0.472313873E+00
     0.472313873E+00
     0.472313873E+00
     0.472313873E+00
     0.472313873E+00
     0.472313873E+00
     0.472313873E+00
     0.472313873E+00
     0.472313873E+00
     0.472313873E+00
     0.472313873E+00
     0.472313873E+00
     0.472313873E+00
     0.472313873E+00
     0.472313873E+00
     0.472313873E+00
     0.472313873E+00
     0.472313873E+00
     0.472313873E+00
     0.472313873E+00
     0.472313873E+00
     0.472313873E+00
     0.472313873E+00
     0.472313873E+00
     0.472313873E+00
     0.472313873E+00
     0.472313873E+00
     0.472313873E+00
     0.472313873E+00
     0.472313873E+00
     0.472313873E+00
     0.472313873E+00
     0.472313873E+00
     0.472313873E+00
     0.472313873E+00
     0.472313873E+00
     0.472313873E+00
     0.472313873E+00
     0.472313873E+00
     0.472313873E+00
     0.472313873E+00
     0.472313873E+00
     0.472313873E+00
     0.472313873E+00
     0.472313873E+00
     0.472313873E+00
     0.472313873E+00
     0.472313873E+00
     0.472313873E+00
     0.472313873E+00
     0.472313873E+00
     0.472313873E+00
     0.472313873E+00
     0.472313873E+00
     0.472313873E+00
     0.472313873E+00
     0.472313873E+00
     0.472313873E+00
     0.472313873E+00
     0.472313873E+00
     0.472313873E+00
     0.472313873E+00
     0.472313873E+00
     0.472313873E+00
     0.472313873E+00
     0.472313873E+00
     0.472313873E+00
     0.472313873E+00
     0.472313873E+00
     0.472313873E+00
     0.472313873E+00
     0.472313873E+00
     0.472313873E+00
     0.472313873E+00
     0.472313873E+00
     0.472313873E+00
     0.472313873E+00
     0.472313873E+00
     0.472313873E+00
     0.472313873E+00
     0.472313873E+00
     0.472313873E+00
     0.472313873E+00
     0.472313873E+00
     0.472313873E+00
     0.472313873E+00
     0.472313873E+00
     0.472313873E+00
     0.472313873E+00
     0.472313873E+00
     0.472313873E+00
     0.472313873E+00
     0.472313873E+00
     0.472313873E+00
     0.472313873E+00
     0.472313873E+00
     0.472313873E+00
     0.472313873E+00
     0.472313873E+00
     0.472313873E+00
     0.472313873E+00
     0.472313873E+00
     0.472313873E+00
     0.472313873E+00
     0.472313873E+00
     0.472313873E+00
     0.472313873E+00
     0.472313873E+00
