     0.510809340E-02
     0.583187963E-02
     0.634760427E-02
     0.790911791E-02
     0.108180398E-01
     0.978591286E-02
     0.518047202E-02
     0.521803845E-02
     0.533075476E-02
     0.548560971E-02
     0.543663943E-02
     0.511739753E-02
     0.512207211E-02
     0.513609591E-02
     0.515486497E-02
     0.514899093E-02
     0.515486488E-02
     0.516956580E-02
     0.517697198E-02
     0.519919065E-02
     0.522899115E-02
     0.521965679E-02
     0.516105484E-02
     0.516415968E-02
     0.517347422E-02
     0.518592447E-02
     0.518202997E-02
     0.518592444E-02
     0.519323683E-02
     0.519690671E-02
     0.520791635E-02
     0.522263869E-02
     0.521803268E-02
     0.522263864E-02
     0.522981242E-02
     0.523341237E-02
     0.524421224E-02
     0.525865295E-02
     0.525413519E-02
     0.525865291E-02
     0.526615410E-02
     0.526991886E-02
     0.528121318E-02
     0.529631665E-02
     0.529159135E-02
     0.529631660E-02
     0.530409238E-02
     0.530799537E-02
     0.531970439E-02
     0.533536373E-02
     0.533046435E-02
     0.533536368E-02
     0.534337277E-02
     0.534739322E-02
     0.535945458E-02
     0.537558620E-02
     0.537053893E-02
     0.537558614E-02
     0.538379840E-02
     0.538792111E-02
     0.540028925E-02
     0.541683205E-02
     0.541165602E-02
     0.541683199E-02
     0.542522476E-02
     0.542943831E-02
     0.544207900E-02
     0.545898704E-02
     0.545369665E-02
     0.545898698E-02
     0.546754285E-02
     0.547183848E-02
     0.548472537E-02
     0.550196332E-02
     0.549656963E-02
     0.550196326E-02
     0.551066858E-02
     0.551503939E-02
     0.552815186E-02
     0.554569203E-02
     0.554020371E-02
     0.554569196E-02
     0.555453587E-02
     0.555897639E-02
     0.557229800E-02
     0.559011832E-02
     0.558454230E-02
     0.559011825E-02
     0.559909199E-02
     0.560359782E-02
     0.561711530E-02
     0.563519800E-02
     0.562953984E-02
     0.563519793E-02
     0.564429436E-02
     0.564886187E-02
     0.566256443E-02
     0.568089499E-02
     0.567515924E-02
     0.568089492E-02
     0.569010816E-02
     0.569473440E-02
     0.570861314E-02
     0.572717960E-02
     0.572137001E-02
     0.572717953E-02
     0.573650471E-02
     0.574118721E-02
     0.575523474E-02
     0.577402719E-02
     0.576814686E-02
     0.577402711E-02
     0.578346015E-02
     0.578819686E-02
     0.580240702E-02
     0.582141716E-02
     0.581546869E-02
     0.582141708E-02
     0.583095456E-02
     0.583574374E-02
     0.585011133E-02
     0.586933219E-02
     0.586331777E-02
     0.586933211E-02
     0.587897113E-02
     0.588381133E-02
     0.589833196E-02
     0.591775766E-02
     0.591167914E-02
     0.591775758E-02
     0.592749569E-02
     0.593238567E-02
     0.594705563E-02
     0.596668116E-02
     0.596054010E-02
     0.596668108E-02
     0.597651619E-02
     0.598145490E-02
     0.599627103E-02
     0.601609213E-02
     0.600988987E-02
     0.601609205E-02
     0.602602239E-02
     0.603100892E-02
     0.604596852E-02
     0.606598158E-02
     0.605971925E-02
     0.606598149E-02
     0.607600554E-02
     0.608103913E-02
     0.609613989E-02
     0.611634180E-02
     0.611002038E-02
     0.611634172E-02
     0.612645818E-02
     0.613153816E-02
     0.614677813E-02
     0.616716623E-02
     0.616078655E-02
     0.616716615E-02
     0.617737392E-02
     0.618249974E-02
     0.619787722E-02
     0.621844925E-02
     0.621201202E-02
     0.621844916E-02
     0.622874730E-02
     0.623391848E-02
     0.624943203E-02
     0.627018607E-02
     0.626369189E-02
     0.627018597E-02
     0.628057367E-02
     0.628578980E-02
     0.630143821E-02
     0.632237258E-02
     0.631582198E-02
     0.632237249E-02
     0.633284906E-02
     0.633810979E-02
     0.635389202E-02
     0.637500534E-02
     0.636839875E-02
     0.637500524E-02
     0.638557011E-02
     0.639087516E-02
     0.640679032E-02
     0.642808139E-02
     0.642141920E-02
     0.642808130E-02
     0.643873399E-02
     0.644408311E-02
     0.646013047E-02
     0.648159830E-02
     0.647488081E-02
     0.648159820E-02
     0.649233831E-02
     0.649773129E-02
     0.651391024E-02
     0.653555401E-02
     0.652878148E-02
     0.653555391E-02
     0.654638111E-02
     0.655181779E-02
     0.656812782E-02
     0.658994683E-02
     0.658311948E-02
     0.658994674E-02
     0.660086077E-02
     0.660634101E-02
     0.662278173E-02
     0.664477543E-02
     0.663789343E-02
     0.664477533E-02
     0.665577600E-02
     0.666129969E-02
     0.667787077E-02
     0.670003874E-02
     0.669310222E-02
     0.670003864E-02
     0.671112577E-02
     0.671669283E-02
     0.673339403E-02
     0.675573593E-02
     0.674874501E-02
     0.675573583E-02
     0.676690932E-02
     0.677251970E-02
     0.678935085E-02
     0.681186644E-02
     0.680482119E-02
     0.681186634E-02
     0.682312612E-02
     0.682877978E-02
     0.684574077E-02
     0.686842989E-02
     0.686133036E-02
     0.686842979E-02
     0.687977583E-02
     0.688547275E-02
     0.690256352E-02
     0.692542608E-02
     0.691827230E-02
     0.692542598E-02
     0.693685828E-02
     0.694259846E-02
     0.695981900E-02
     0.698285500E-02
     0.697564697E-02
     0.698285490E-02
     0.699437349E-02
     0.700015694E-02
     0.701750729E-02
     0.704071677E-02
     0.703345448E-02
     0.704071666E-02
     0.705232160E-02
     0.705814835E-02
     0.707562859E-02
     0.709901164E-02
     0.709169506E-02
     0.709901153E-02
     0.711070290E-02
     0.711657298E-02
     0.713418323E-02
     0.715773999E-02
     0.715036909E-02
     0.715773989E-02
     0.716951779E-02
     0.717543126E-02
     0.719317166E-02
     0.721690233E-02
     0.720947703E-02
     0.721690222E-02
     0.722876678E-02
     0.723472370E-02
     0.725259443E-02
     0.727649925E-02
     0.726901948E-02
     0.727649914E-02
     0.728845049E-02
     0.729445092E-02
     0.731245220E-02
     0.733653142E-02
     0.732899711E-02
     0.733653131E-02
     0.734856962E-02
     0.735461364E-02
     0.737274568E-02
     0.739699963E-02
     0.738941067E-02
     0.739699951E-02
     0.740912495E-02
     0.741521264E-02
     0.743347571E-02
     0.745790470E-02
     0.745026100E-02
     0.745790459E-02
     0.747011734E-02
     0.747624880E-02
     0.749464317E-02
     0.751924756E-02
     0.751154900E-02
     0.751924745E-02
     0.753154771E-02
     0.753772303E-02
     0.755624899E-02
     0.758102918E-02
     0.757327565E-02
     0.758102907E-02
     0.759341705E-02
     0.759963634E-02
     0.761829421E-02
     0.764325060E-02
     0.763544196E-02
     0.764325048E-02
     0.765572642E-02
     0.766198978E-02
     0.768077988E-02
     0.770591290E-02
     0.769804903E-02
     0.770591279E-02
     0.771847689E-02
     0.772478445E-02
     0.774370712E-02
     0.776901722E-02
     0.776109797E-02
     0.776901710E-02
     0.778166963E-02
     0.778802149E-02
     0.780707709E-02
     0.783256474E-02
     0.782458997E-02
     0.783256462E-02
     0.784530581E-02
     0.785170210E-02
     0.787089099E-02
     0.789655668E-02
     0.788852623E-02
     0.789655656E-02
     0.790938666E-02
     0.791582751E-02
     0.793515007E-02
     0.796099429E-02
     0.795290801E-02
     0.796099417E-02
     0.797391345E-02
     0.798039899E-02
     0.799985560E-02
     0.802587887E-02
     0.801773660E-02
     0.802587874E-02
     0.803888747E-02
     0.804541783E-02
     0.806500889E-02
     0.809121173E-02
     0.808301331E-02
     0.809121160E-02
     0.810431005E-02
     0.811088536E-02
     0.813061128E-02
     0.815699423E-02
     0.814873949E-02
     0.815699410E-02
     0.817018254E-02
     0.817680295E-02
     0.819666414E-02
     0.822322773E-02
     0.821491651E-02
     0.822322761E-02
     0.823650633E-02
     0.824317196E-02
     0.826316885E-02
     0.828991365E-02
     0.828154576E-02
     0.828991352E-02
     0.830328281E-02
     0.830999382E-02
     0.833012683E-02
     0.835705340E-02
     0.834862867E-02
     0.835705327E-02
     0.837051341E-02
     0.837726994E-02
     0.839753950E-02
     0.842464841E-02
     0.841616666E-02
     0.842464828E-02
     0.843819958E-02
     0.844500176E-02
     0.846540831E-02
     0.849270014E-02
     0.848416120E-02
     0.849270001E-02
     0.850634276E-02
     0.851319076E-02
     0.853373474E-02
     0.856121007E-02
     0.855261375E-02
     0.856120994E-02
     0.857494444E-02
     0.858183840E-02
     0.860252025E-02
     0.863017968E-02
     0.862152580E-02
     0.863017955E-02
     0.864400610E-02
     0.865094617E-02
     0.867176635E-02
     0.869961047E-02
     0.869089884E-02
     0.869961033E-02
     0.871352925E-02
     0.872051558E-02
     0.874147454E-02
     0.876950395E-02
     0.876073439E-02
     0.876950381E-02
     0.878351539E-02
     0.879054813E-02
     0.881164633E-02
     0.883986163E-02
     0.883103395E-02
     0.883986150E-02
     0.885396605E-02
     0.886104536E-02
     0.888228325E-02
     0.891068506E-02
     0.890179907E-02
     0.891068492E-02
     0.892488276E-02
     0.893200879E-02
     0.895338684E-02
     0.898197576E-02
     0.897303126E-02
     0.898197562E-02
     0.899626706E-02
     0.900343996E-02
     0.902495863E-02
     0.905373528E-02
     0.904473209E-02
     0.905373514E-02
     0.906812049E-02
     0.907534042E-02
     0.909700017E-02
     0.912596516E-02
     0.911690309E-02
     0.912596502E-02
     0.914044460E-02
     0.914771171E-02
     0.916951302E-02
     0.919866697E-02
     0.918954582E-02
     0.919866682E-02
     0.921324094E-02
     0.922055540E-02
     0.924249872E-02
     0.927184225E-02
     0.926266183E-02
     0.927184210E-02
     0.928651108E-02
     0.929387303E-02
     0.931595884E-02
     0.934549256E-02
     0.933625268E-02
     0.934549242E-02
     0.936025656E-02
     0.936766617E-02
     0.938989494E-02
     0.941961948E-02
     0.941031994E-02
     0.941961933E-02
     0.943447896E-02
     0.944193638E-02
     0.946430857E-02
     0.949422455E-02
     0.948486516E-02
     0.949422441E-02
     0.950917984E-02
     0.951668522E-02
     0.953920132E-02
     0.956930936E-02
     0.955988992E-02
     0.956930921E-02
     0.958436076E-02
     0.959191426E-02
     0.961457473E-02
     0.964487545E-02
     0.963539578E-02
     0.964487530E-02
     0.966002329E-02
     0.966762507E-02
     0.969043037E-02
     0.972092439E-02
     0.971138429E-02
     0.972092424E-02
     0.973616898E-02
     0.974381920E-02
     0.976676980E-02
     0.979745775E-02
     0.978785703E-02
     0.979745760E-02
     0.981279941E-02
     0.982049822E-02
     0.984359459E-02
     0.987447709E-02
     0.986481554E-02
     0.987447693E-02
     0.988991612E-02
     0.989766368E-02
     0.992090630E-02
     0.995198395E-02
     0.994226140E-02
     0.995198380E-02
     0.996752069E-02
     0.997531715E-02
     0.999870647E-02
     0.100299799E-01
     0.100201962E-01
     0.100299798E-01
     0.100456147E-01
     0.100534602E-01
     0.100769967E-01
     0.101084665E-01
     0.100986214E-01
     0.101084663E-01
     0.101241996E-01
     0.101320943E-01
     0.101557784E-01
     0.101874453E-01
     0.101775386E-01
     0.101874451E-01
     0.102032770E-01
     0.102112211E-01
     0.102350533E-01
     0.102669178E-01
     0.102569493E-01
     0.102669176E-01
     0.102828485E-01
     0.102908421E-01
     0.103148229E-01
     0.103468856E-01
     0.103368551E-01
     0.103468854E-01
     0.103629155E-01
     0.103709588E-01
     0.103950886E-01
     0.104273502E-01
     0.104172575E-01
     0.104273500E-01
     0.104434796E-01
     0.104515728E-01
     0.104758521E-01
     0.105083131E-01
     0.104981581E-01
     0.105083129E-01
     0.105245424E-01
     0.105326855E-01
     0.105571148E-01
     0.105897758E-01
     0.105795583E-01
     0.105897757E-01
     0.106061054E-01
     0.106142986E-01
     0.106388783E-01
     0.106717400E-01
     0.106614598E-01
     0.106717398E-01
     0.106881700E-01
     0.106964135E-01
     0.107211440E-01
     0.107542070E-01
     0.107438639E-01
     0.107542068E-01
     0.107707378E-01
     0.107790318E-01
     0.108039136E-01
     0.108371784E-01
     0.108267722E-01
     0.108371782E-01
     0.108538103E-01
     0.108621548E-01
     0.108871884E-01
     0.109206556E-01
     0.109101861E-01
     0.109206555E-01
     0.109373890E-01
     0.109457842E-01
     0.109709700E-01
     0.110046403E-01
     0.109941073E-01
     0.110046401E-01
     0.110214753E-01
     0.110299214E-01
     0.110552598E-01
     0.110891337E-01
     0.110785371E-01
     0.110891336E-01
     0.111060707E-01
     0.111145679E-01
     0.111400594E-01
     0.111741375E-01
     0.111634771E-01
     0.111741373E-01
     0.111911768E-01
     0.111997252E-01
     0.112253702E-01
     0.112596530E-01
     0.112489286E-01
     0.112596529E-01
     0.112767949E-01
     0.112853946E-01
     0.113111936E-01
     0.113456818E-01
     0.113348932E-01
     0.113456816E-01
     0.113629266E-01
     0.113715777E-01
     0.113975311E-01
     0.114322253E-01
     0.114213723E-01
     0.114322251E-01
     0.114495732E-01
     0.114582759E-01
     0.114843841E-01
     0.115192848E-01
     0.115083673E-01
     0.115192846E-01
     0.115367362E-01
     0.115454907E-01
     0.115717541E-01
     0.116068619E-01
     0.115958796E-01
     0.116068617E-01
     0.116244170E-01
     0.116332234E-01
     0.116596425E-01
     0.116949579E-01
     0.116839108E-01
     0.116949577E-01
     0.117126171E-01
     0.117214755E-01
     0.117480507E-01
     0.117835743E-01
     0.117724621E-01
     0.117835741E-01
     0.118013378E-01
     0.118102484E-01
     0.118369801E-01
     0.118727124E-01
     0.118615350E-01
     0.118727122E-01
     0.118905805E-01
     0.118995434E-01
     0.119264321E-01
     0.119623737E-01
     0.119511308E-01
     0.119623735E-01
     0.119803466E-01
     0.119893620E-01
     0.120164080E-01
     0.120525595E-01
     0.120412510E-01
     0.120525593E-01
     0.120706376E-01
     0.120797055E-01
     0.121069093E-01
     0.121432711E-01
     0.121318969E-01
     0.121432709E-01
     0.121614546E-01
     0.121705753E-01
     0.121979373E-01
     0.122345100E-01
     0.122230699E-01
     0.122345098E-01
     0.122527992E-01
     0.122619728E-01
     0.122894933E-01
     0.123262774E-01
     0.123147713E-01
     0.123262772E-01
     0.123446726E-01
     0.123538992E-01
     0.123815787E-01
     0.124185748E-01
     0.124070024E-01
     0.124185746E-01
     0.124370762E-01
     0.124463559E-01
     0.124741947E-01
     0.125114033E-01
     0.124997645E-01
     0.125114031E-01
     0.125300113E-01
     0.125393442E-01
     0.125673428E-01
     0.126047644E-01
     0.125930590E-01
     0.126047642E-01
     0.126234791E-01
     0.126328654E-01
     0.126610242E-01
     0.126986593E-01
     0.126868872E-01
     0.126986591E-01
     0.127174810E-01
     0.127269208E-01
     0.127552401E-01
     0.127930893E-01
     0.127812503E-01
     0.127930891E-01
     0.128120183E-01
     0.128215118E-01
     0.128499920E-01
     0.128880556E-01
     0.128761496E-01
     0.128880554E-01
     0.129070922E-01
     0.129166394E-01
     0.129452809E-01
     0.129835596E-01
     0.129715864E-01
     0.129835594E-01
     0.130027040E-01
     0.130123051E-01
     0.130411082E-01
     0.130796024E-01
     0.130675619E-01
     0.130796022E-01
     0.130988549E-01
     0.131085100E-01
     0.131374752E-01
     0.131761854E-01
     0.131640773E-01
     0.131761852E-01
     0.131955461E-01
     0.132052553E-01
     0.132343829E-01
     0.132733096E-01
     0.132611339E-01
     0.132733094E-01
     0.132927789E-01
     0.133025424E-01
     0.133318327E-01
     0.133709764E-01
     0.133587329E-01
     0.133709762E-01
     0.133905544E-01
     0.134003723E-01
     0.134298258E-01
     0.134691868E-01
     0.134568754E-01
     0.134691866E-01
     0.134888739E-01
     0.134987463E-01
     0.135283632E-01
     0.135679422E-01
     0.135555627E-01
     0.135679419E-01
     0.135877385E-01
     0.135976655E-01
     0.136274462E-01
     0.136672435E-01
     0.136547958E-01
     0.136672433E-01
     0.136871494E-01
     0.136971310E-01
     0.137270760E-01
     0.137670921E-01
     0.137545760E-01
     0.137670919E-01
     0.137871076E-01
     0.137971441E-01
     0.138272536E-01
     0.138674889E-01
     0.138549043E-01
     0.138674887E-01
     0.138876144E-01
     0.138977059E-01
     0.139279802E-01
     0.139684352E-01
     0.139557820E-01
     0.139684350E-01
     0.139886712E-01
     0.139988179E-01
     0.140292579E-01
     0.140699337E-01
     0.140572115E-01
     0.140699335E-01
     0.140902813E-01
     0.141004837E-01
     0.141310908E-01
     0.141719894E-01
     0.141591976E-01
     0.141719892E-01
     0.141924487E-01
     0.142027070E-01
     0.142334816E-01
     0.142746035E-01
     0.142617419E-01
     0.142746032E-01
     0.142951747E-01
     0.143054889E-01
     0.143364314E-01
     0.143777769E-01
     0.143648455E-01
     0.143777767E-01
     0.143984603E-01
     0.144088306E-01
     0.144399412E-01
     0.144815109E-01
     0.144685094E-01
     0.144815106E-01
     0.145023067E-01
     0.145127332E-01
     0.145440123E-01
     0.145858065E-01
     0.145727349E-01
     0.145858063E-01
     0.146067150E-01
     0.146171977E-01
     0.146486457E-01
     0.146906648E-01
     0.146775229E-01
     0.146906646E-01
     0.147116862E-01
     0.147222253E-01
     0.147538424E-01
     0.147960869E-01
     0.147828746E-01
     0.147960867E-01
     0.148172214E-01
     0.148278170E-01
     0.148596035E-01
     0.149020739E-01
     0.148887910E-01
     0.149020737E-01
     0.149233216E-01
     0.149339738E-01
     0.149659302E-01
     0.150086267E-01
     0.149952732E-01
     0.150086265E-01
     0.150299879E-01
     0.150406968E-01
     0.150728233E-01
     0.151157464E-01
     0.151023221E-01
     0.151157462E-01
     0.151372213E-01
     0.151479870E-01
     0.151802838E-01
     0.152234340E-01
     0.152099388E-01
     0.152234338E-01
     0.152450228E-01
     0.152558454E-01
     0.152883129E-01
     0.153316905E-01
     0.153181242E-01
     0.153316902E-01
     0.153533934E-01
     0.153642729E-01
     0.153969114E-01
     0.154405167E-01
     0.154268793E-01
     0.154405165E-01
     0.154623340E-01
     0.154732706E-01
     0.155060803E-01
     0.155499138E-01
     0.155362051E-01
     0.155499136E-01
     0.155718455E-01
     0.155828393E-01
     0.156158205E-01
     0.156598825E-01
     0.156461024E-01
     0.156598823E-01
     0.156819288E-01
     0.156929799E-01
     0.157261330E-01
     0.157704238E-01
     0.157565722E-01
     0.157704236E-01
     0.157925850E-01
     0.158036934E-01
     0.158370185E-01
     0.158815385E-01
     0.158676154E-01
     0.158815383E-01
     0.159038148E-01
     0.159149806E-01
     0.159484780E-01
     0.159932276E-01
     0.159792327E-01
     0.159932274E-01
     0.160156190E-01
     0.160268424E-01
     0.160605124E-01
     0.161054918E-01
     0.160914251E-01
     0.161054916E-01
     0.161279986E-01
     0.161392796E-01
     0.161731224E-01
     0.162183320E-01
     0.162041934E-01
     0.162183317E-01
     0.162409543E-01
     0.162522929E-01
     0.162863088E-01
     0.163317489E-01
     0.163175383E-01
     0.163317486E-01
     0.163544868E-01
     0.163658833E-01
     0.164000724E-01
     0.164457433E-01
     0.164314606E-01
     0.164457430E-01
     0.164685971E-01
     0.164800513E-01
     0.165144140E-01
     0.165603159E-01
     0.165459610E-01
     0.165603156E-01
     0.165832857E-01
     0.165947978E-01
     0.166293342E-01
     0.166754675E-01
     0.166610404E-01
     0.166754672E-01
     0.166985534E-01
     0.167101235E-01
     0.167448338E-01
     0.167911986E-01
     0.167766992E-01
     0.167911984E-01
     0.168144008E-01
     0.168260290E-01
     0.168609134E-01
     0.169075101E-01
     0.168929382E-01
     0.169075099E-01
     0.169308287E-01
     0.169425149E-01
     0.169775736E-01
     0.170244025E-01
     0.170097581E-01
     0.170244022E-01
     0.170478375E-01
     0.170595820E-01
     0.170948151E-01
     0.171418763E-01
     0.171271594E-01
     0.171418761E-01
     0.171654280E-01
     0.171772306E-01
     0.172126384E-01
     0.172599322E-01
     0.172451426E-01
     0.172599319E-01
     0.172836006E-01
     0.172954615E-01
     0.173310441E-01
     0.173785706E-01
     0.173637084E-01
     0.173785704E-01
     0.174023559E-01
     0.174142751E-01
     0.174500327E-01
     0.174977921E-01
     0.174828571E-01
     0.174977919E-01
     0.175216943E-01
     0.175336719E-01
     0.175696046E-01
     0.176175971E-01
     0.176025893E-01
     0.176175969E-01
     0.176416163E-01
     0.176536524E-01
     0.176897602E-01
     0.177379861E-01
     0.177229054E-01
     0.177379858E-01
     0.177621224E-01
     0.177742168E-01
     0.178105000E-01
     0.178589593E-01
     0.178438057E-01
     0.178589591E-01
     0.178832128E-01
     0.178953657E-01
     0.179318244E-01
     0.179805172E-01
     0.179652907E-01
     0.179805170E-01
     0.180048879E-01
     0.180170994E-01
     0.180537335E-01
     0.181026600E-01
     0.180873605E-01
     0.181026598E-01
     0.181271481E-01
     0.181394180E-01
     0.181762278E-01
     0.182253880E-01
     0.182100155E-01
     0.182253878E-01
     0.182499934E-01
     0.182623220E-01
     0.182993074E-01
     0.183487015E-01
     0.183332559E-01
     0.183487012E-01
     0.183734242E-01
     0.183858113E-01
     0.184229724E-01
     0.184726005E-01
     0.184570819E-01
     0.184726002E-01
     0.184974406E-01
     0.185098863E-01
     0.185472232E-01
     0.185970851E-01
     0.185814935E-01
     0.185970849E-01
     0.186220427E-01
     0.186345470E-01
     0.186720596E-01
     0.187221555E-01
     0.187064908E-01
     0.187221552E-01
     0.187472305E-01
     0.187597934E-01
     0.187974818E-01
     0.188478116E-01
     0.188320738E-01
     0.188478114E-01
     0.188730041E-01
     0.188856255E-01
     0.189234897E-01
     0.189740534E-01
     0.189582426E-01
     0.189740532E-01
     0.189993633E-01
     0.190120433E-01
     0.190500832E-01
     0.191008808E-01
     0.190849969E-01
     0.191008806E-01
     0.191263081E-01
     0.191390467E-01
     0.191772622E-01
     0.192282936E-01
     0.192123367E-01
     0.192282933E-01
     0.192538382E-01
     0.192666353E-01
     0.193050264E-01
     0.193562916E-01
     0.193402617E-01
     0.193562913E-01
     0.193819535E-01
     0.193948091E-01
     0.194333757E-01
     0.194848744E-01
     0.194687716E-01
     0.194848741E-01
     0.195106535E-01
     0.195235676E-01
     0.195623096E-01
     0.196140417E-01
     0.195978661E-01
     0.196140415E-01
     0.196399380E-01
     0.196529105E-01
     0.196918278E-01
     0.197437931E-01
     0.197275446E-01
     0.197437929E-01
     0.197698064E-01
     0.197828373E-01
     0.198219297E-01
     0.198741281E-01
     0.198578068E-01
     0.198741278E-01
     0.199002583E-01
     0.199133475E-01
     0.199526149E-01
     0.200050460E-01
     0.199886521E-01
     0.200050457E-01
     0.200312930E-01
     0.200444405E-01
     0.200838825E-01
     0.201365462E-01
     0.201200796E-01
     0.201365459E-01
     0.201629098E-01
     0.201761154E-01
     0.202157320E-01
     0.202686278E-01
     0.202520888E-01
     0.202686276E-01
     0.202951080E-01
     0.203083717E-01
     0.203481625E-01
     0.204012902E-01
     0.203846787E-01
     0.204012899E-01
     0.204278866E-01
     0.204412083E-01
     0.204811731E-01
     0.205345322E-01
     0.205178485E-01
     0.205345319E-01
     0.205612447E-01
     0.205746243E-01
     0.206147627E-01
     0.206683528E-01
     0.206515970E-01
     0.206683526E-01
     0.206951812E-01
     0.207086186E-01
     0.207489303E-01
     0.208027510E-01
     0.207859232E-01
     0.208027507E-01
     0.208296950E-01
     0.208431900E-01
     0.208836746E-01
     0.209377253E-01
     0.209208257E-01
     0.209377251E-01
     0.209647847E-01
     0.209783372E-01
     0.210189944E-01
     0.210732746E-01
     0.210563033E-01
     0.210732743E-01
     0.211004490E-01
     0.211140588E-01
     0.211548881E-01
     0.212093971E-01
     0.211923544E-01
     0.212093969E-01
     0.212366863E-01
     0.212503533E-01
     0.212913541E-01
     0.213460914E-01
     0.213289774E-01
     0.213460912E-01
     0.213734950E-01
     0.213872190E-01
     0.214283909E-01
     0.214833557E-01
     0.214661707E-01
     0.214833554E-01
     0.215108732E-01
     0.215246541E-01
     0.215659965E-01
     0.216211880E-01
     0.216039322E-01
     0.216211877E-01
     0.216488192E-01
     0.216626567E-01
     0.217041689E-01
     0.217595864E-01
     0.217422600E-01
     0.217595861E-01
     0.217873307E-01
     0.218012246E-01
     0.218429061E-01
     0.218985486E-01
     0.218811520E-01
     0.218985483E-01
     0.219264056E-01
     0.219403557E-01
     0.219822057E-01
     0.220380722E-01
     0.220206057E-01
     0.220380720E-01
     0.220660416E-01
     0.220800476E-01
     0.221220653E-01
     0.221781549E-01
     0.221606188E-01
     0.221781547E-01
     0.222062359E-01
     0.222202976E-01
     0.222624822E-01
     0.223187939E-01
     0.223011884E-01
     0.223187936E-01
     0.223469860E-01
     0.223611030E-01
     0.224034537E-01
     0.224599862E-01
     0.224423118E-01
     0.224599859E-01
     0.224882888E-01
     0.225024609E-01
     0.225449768E-01
     0.226017289E-01
     0.225839859E-01
     0.226017286E-01
     0.226301413E-01
     0.226443681E-01
     0.226870482E-01
     0.227440186E-01
     0.227262075E-01
     0.227440183E-01
     0.227725402E-01
     0.227868214E-01
     0.228296646E-01
     0.228868518E-01
     0.228689730E-01
     0.228868516E-01
     0.229154819E-01
     0.229298171E-01
     0.229728223E-01
     0.230302249E-01
     0.230122789E-01
     0.230302246E-01
     0.230589626E-01
     0.230733514E-01
     0.231165174E-01
     0.231741338E-01
     0.231561211E-01
     0.231741335E-01
     0.232029783E-01
     0.232174203E-01
     0.232607459E-01
     0.233185744E-01
     0.233004954E-01
     0.233185741E-01
     0.233475248E-01
     0.233620195E-01
     0.234055033E-01
     0.234635421E-01
     0.234453975E-01
     0.234635418E-01
     0.234925974E-01
     0.235071444E-01
     0.235507850E-01
     0.236090322E-01
     0.235908226E-01
     0.236090319E-01
     0.236381915E-01
     0.236527902E-01
     0.236965861E-01
     0.237550396E-01
     0.237367656E-01
     0.237550393E-01
     0.237843018E-01
     0.237989518E-01
     0.238429013E-01
     0.239015590E-01
     0.238832213E-01
     0.239015587E-01
     0.239309229E-01
     0.239456236E-01
     0.239897251E-01
     0.240485847E-01
     0.240301839E-01
     0.240485844E-01
     0.240780492E-01
     0.240927998E-01
     0.241370515E-01
     0.241961105E-01
     0.241776476E-01
     0.241961103E-01
     0.242256743E-01
     0.242404743E-01
     0.242848742E-01
     0.243441302E-01
     0.243256058E-01
     0.243441299E-01
     0.243737918E-01
     0.243886406E-01
     0.244331867E-01
     0.244926368E-01
     0.244740518E-01
     0.244926366E-01
     0.245223949E-01
     0.245372917E-01
     0.245819818E-01
     0.246416232E-01
     0.246229785E-01
     0.246416229E-01
     0.246714763E-01
     0.246864203E-01
     0.247312520E-01
     0.247910817E-01
     0.247723783E-01
     0.247910814E-01
     0.248210281E-01
     0.248360185E-01
     0.248809895E-01
     0.249410041E-01
     0.249222430E-01
     0.249410039E-01
     0.249710421E-01
     0.249860781E-01
     0.250311859E-01
     0.250913819E-01
     0.250725642E-01
     0.250913817E-01
     0.251215097E-01
     0.251365904E-01
     0.251818320E-01
     0.252422059E-01
     0.252233327E-01
     0.252422057E-01
     0.252724216E-01
     0.252875459E-01
     0.253329186E-01
     0.253934665E-01
     0.253745390E-01
     0.253934662E-01
     0.254237679E-01
     0.254389349E-01
     0.254844355E-01
     0.255451532E-01
     0.255261727E-01
     0.255451530E-01
     0.255755383E-01
     0.255907468E-01
     0.256363721E-01
     0.256972553E-01
     0.256782232E-01
     0.256972550E-01
     0.257277216E-01
     0.257429706E-01
     0.257887171E-01
     0.258497610E-01
     0.258306788E-01
     0.258497608E-01
     0.258803063E-01
     0.258955944E-01
     0.259414584E-01
     0.260026583E-01
     0.259835274E-01
     0.260026580E-01
     0.260332797E-01
     0.260486057E-01
     0.260945833E-01
     0.261559338E-01
     0.261367560E-01
     0.261559336E-01
     0.261866288E-01
     0.262019913E-01
     0.262480783E-01
     0.263095739E-01
     0.262903509E-01
     0.263095737E-01
     0.263403394E-01
     0.263557369E-01
     0.264019290E-01
     0.264635638E-01
     0.264442973E-01
     0.264635635E-01
     0.264943967E-01
     0.265098276E-01
     0.265561200E-01
     0.266178877E-01
     0.265985798E-01
     0.266178874E-01
     0.266487847E-01
     0.266642473E-01
     0.267106350E-01
     0.267725290E-01
     0.267531818E-01
     0.267725288E-01
     0.268034865E-01
     0.268189792E-01
     0.268654569E-01
     0.269274701E-01
     0.269080857E-01
     0.269274698E-01
     0.269584843E-01
     0.269740051E-01
     0.270205671E-01
     0.270826919E-01
     0.270632727E-01
     0.270826916E-01
     0.271137589E-01
     0.271293058E-01
     0.271759461E-01
     0.272381744E-01
     0.272187229E-01
     0.272381741E-01
     0.272692898E-01
     0.272848607E-01
     0.273315729E-01
     0.273938961E-01
     0.273744151E-01
     0.273938958E-01
     0.274250554E-01
     0.274406479E-01
     0.274874251E-01
     0.275498341E-01
     0.275303264E-01
     0.275498339E-01
     0.275810325E-01
     0.275966442E-01
     0.276434790E-01
     0.277059641E-01
     0.276864327E-01
     0.277059638E-01
     0.277371962E-01
     0.277528245E-01
     0.277997092E-01
     0.278622598E-01
     0.278427081E-01
     0.278622596E-01
     0.278935201E-01
     0.279091623E-01
     0.279560884E-01
     0.280186934E-01
     0.279991248E-01
     0.280186931E-01
     0.280499759E-01
     0.280656289E-01
     0.281125875E-01
     0.281752349E-01
     0.281556531E-01
     0.281752346E-01
     0.282065333E-01
     0.282221939E-01
     0.282691753E-01
     0.283318523E-01
     0.283122614E-01
     0.283318520E-01
     0.283631596E-01
     0.283788244E-01
     0.284258184E-01
     0.284885111E-01
     0.284689154E-01
     0.284885109E-01
     0.285198200E-01
     0.285354853E-01
     0.285824807E-01
     0.286451745E-01
     0.286255786E-01
     0.286451743E-01
     0.286764770E-01
     0.286921387E-01
     0.287391237E-01
     0.288018026E-01
     0.287822114E-01
     0.288018024E-01
     0.288330901E-01
     0.288487441E-01
     0.288957057E-01
     0.289583525E-01
     0.289387715E-01
     0.289583523E-01
     0.289896158E-01
     0.290052574E-01
     0.290521818E-01
     0.291147781E-01
     0.290952130E-01
     0.291147779E-01
     0.291460072E-01
     0.291616313E-01
     0.292085035E-01
     0.292710292E-01
     0.292514863E-01
     0.292710290E-01
     0.293022132E-01
     0.293178146E-01
     0.293646183E-01
     0.294270517E-01
     0.294075377E-01
     0.294270515E-01
     0.294581790E-01
     0.294737516E-01
     0.295204691E-01
     0.295827868E-01
     0.295633091E-01
     0.295827866E-01
     0.296138444E-01
     0.296293819E-01
     0.296759942E-01
     0.297381705E-01
     0.297187371E-01
     0.297381703E-01
     0.297691445E-01
     0.297846399E-01
     0.298311259E-01
     0.298931328E-01
     0.298737525E-01
     0.298931326E-01
     0.299240080E-01
     0.299394537E-01
     0.299857905E-01
     0.300475976E-01
     0.300282798E-01
     0.300475974E-01
     0.300783572E-01
     0.300937447E-01
     0.301399071E-01
     0.302014809E-01
     0.301822361E-01
     0.302014807E-01
     0.302321064E-01
     0.302474266E-01
     0.302933870E-01
     0.303546904E-01
     0.303355303E-01
     0.303546902E-01
     0.303851615E-01
     0.304004041E-01
     0.304461319E-01
     0.305071242E-01
     0.304880614E-01
     0.305071240E-01
     0.305374181E-01
     0.305525719E-01
     0.305980331E-01
     0.306586690E-01
     0.306397177E-01
     0.306586688E-01
     0.306887606E-01
     0.307038128E-01
     0.307489695E-01
     0.308091984E-01
     0.307903744E-01
     0.308091982E-01
     0.308390592E-01
     0.308539958E-01
     0.308988055E-01
     0.309585706E-01
     0.309398917E-01
     0.309585704E-01
     0.309881687E-01
     0.310029736E-01
     0.310473881E-01
     0.311066255E-01
     0.310881116E-01
     0.311066253E-01
     0.311359243E-01
     0.311505793E-01
     0.311945440E-01
     0.312531806E-01
     0.312348546E-01
     0.312531805E-01
     0.312821383E-01
     0.312966224E-01
     0.313400745E-01
     0.313980267E-01
     0.313799147E-01
     0.313980265E-01
     0.314265947E-01
     0.314408836E-01
     0.314837501E-01
     0.315409205E-01
     0.315230529E-01
     0.315409204E-01
     0.315690415E-01
     0.315831066E-01
     0.316253018E-01
     0.316815760E-01
     0.316639886E-01
     0.316815759E-01
     0.317091817E-01
     0.317229889E-01
     0.317644100E-01
     0.318196513E-01
     0.318023868E-01
     0.318196512E-01
     0.318466582E-01
     0.318601656E-01
     0.319006876E-01
     0.319547289E-01
     0.319378395E-01
     0.319547288E-01
     0.319810324E-01
     0.319941877E-01
     0.320336536E-01
     0.320862856E-01
     0.320698368E-01
     0.320862855E-01
     0.321117498E-01
     0.321244851E-01
     0.321626908E-01
     0.322136417E-01
     0.321977183E-01
     0.322136416E-01
     0.322380806E-01
     0.322503029E-01
     0.322869697E-01
     0.323358676E-01
     0.323205859E-01
     0.323358675E-01
     0.323590068E-01
     0.323705789E-01
     0.324052950E-01
     0.324515907E-01
     0.324371224E-01
     0.324515907E-01
     0.324729689E-01
     0.324836600E-01
     0.325157332E-01
     0.325585038E-01
     0.325451372E-01
     0.324700282E-01
     0.324792484E-01
     0.325069091E-01
     0.325437946E-01
     0.325322673E-01
     0.325437945E-01
     0.325623951E-01
     0.325716969E-01
     0.325996021E-01
     0.326368136E-01
     0.326251844E-01
     0.326368135E-01
     0.326570821E-01
     0.326672180E-01
     0.326976259E-01
     0.327381749E-01
     0.327255027E-01
     0.327381748E-01
     0.327604923E-01
     0.327716530E-01
     0.328051351E-01
     0.328497840E-01
     0.328358304E-01
     0.328497839E-01
     0.328737984E-01
     0.328858078E-01
     0.329218360E-01
     0.329698803E-01
     0.329548656E-01
     0.329698803E-01
     0.329953786E-01
     0.330081302E-01
     0.330463848E-01
     0.330973982E-01
     0.330814556E-01
     0.330973981E-01
     0.331242388E-01
     0.331376617E-01
     0.331779301E-01
     0.332316291E-01
     0.332148472E-01
     0.332316290E-01
     0.332597132E-01
     0.332737579E-01
     0.333158918E-01
     0.333720783E-01
     0.333545191E-01
     0.333720782E-01
     0.334013350E-01
     0.334159660E-01
     0.334598590E-01
     0.335183911E-01
     0.335000988E-01
     0.335183910E-01
     0.335487689E-01
     0.335639605E-01
     0.336095353E-01
     0.336703099E-01
     0.336513168E-01
     0.336703097E-01
     0.337017717E-01
     0.337175053E-01
     0.337647061E-01
     0.338276487E-01
     0.338079781E-01
     0.338276485E-01
     0.338601684E-01
     0.338764310E-01
     0.339252185E-01
     0.339902767E-01
     0.339699450E-01
     0.339902765E-01
     0.340238371E-01
     0.340406200E-01
     0.340909683E-01
     0.341581074E-01
     0.341371254E-01
     0.341581072E-01
     0.341926986E-01
     0.342099967E-01
     0.342618910E-01
     0.343310910E-01
     0.343094650E-01
     0.343310908E-01
     0.343667095E-01
     0.343845212E-01
     0.344379561E-01
     0.345092098E-01
     0.344869421E-01
     0.345092096E-01
     0.345458580E-01
     0.345641844E-01
     0.346191633E-01
     0.346924751E-01
     0.346695643E-01
     0.346924749E-01
     0.347301607E-01
     0.347490055E-01
     0.348055398E-01
     0.348809249E-01
     0.348573663E-01
     0.348809246E-01
     0.349196606E-01
     0.349390304E-01
     0.349971392E-01
     0.350746230E-01
     0.350504087E-01
     0.350746228E-01
     0.351144271E-01
     0.351343307E-01
     0.351940412E-01
     0.352736596E-01
     0.352487783E-01
     0.352736594E-01
     0.353145554E-01
     0.353350046E-01
     0.353963518E-01
     0.354781514E-01
     0.354525886E-01
     0.354781511E-01
     0.355201681E-01
     0.355411774E-01
     0.356042048E-01
     0.356882437E-01
     0.356619812E-01
     0.356882434E-01
     0.357314167E-01
     0.357530037E-01
     0.358177643E-01
     0.359041127E-01
     0.358771287E-01
     0.359041124E-01
     0.359484844E-01
     0.359706703E-01
     0.360372275E-01
     0.361259699E-01
     0.360982379E-01
     0.361259695E-01
     0.361715906E-01
     0.361944005E-01
     0.362628297E-01
     0.363540664E-01
     0.363255552E-01
     0.363540660E-01
     0.364009960E-01
     0.364244597E-01
     0.364948505E-01
     0.365887006E-01
     0.365593729E-01
     0.365887002E-01
     0.366370102E-01
     0.366611632E-01
     0.367336219E-01
     0.368302271E-01
     0.368000387E-01
     0.368302266E-01
     0.368800016E-01
     0.369048864E-01
     0.369795401E-01
     0.370790697E-01
     0.370479678E-01
     0.370790692E-01
     0.371304116E-01
     0.371560792E-01
     0.372330814E-01
     0.373357394E-01
     0.373036601E-01
     0.373357388E-01
     0.373887735E-01
     0.374152862E-01
     0.374948236E-01
     0.376008588E-01
     0.375677246E-01
     0.376008583E-01
     0.376557398E-01
     0.376831748E-01
     0.377654790E-01
     0.378751996E-01
     0.378409141E-01
     0.378751989E-01
     0.379321228E-01
     0.379605776E-01
     0.380459411E-01
     0.381597365E-01
     0.381241782E-01
     0.381597358E-01
     0.382189556E-01
     0.382485568E-01
     0.383373593E-01
     0.384557349E-01
     0.384187459E-01
     0.384557342E-01
     0.385175906E-01
     0.385485082E-01
     0.386412597E-01
     0.387648947E-01
     0.387262628E-01
     0.387648938E-01
     0.388296889E-01
     0.388620734E-01
     0.389592258E-01
     0.390887212E-01
     0.390482589E-01
     0.390887203E-01
     0.391540651E-01
     0.391867229E-01
     0.392846951E-01
     0.394152787E-01
     0.393744769E-01
     0.394152778E-01
     0.394812000E-01
     0.395141449E-01
     0.396129784E-01
     0.397447053E-01
     0.397035468E-01
     0.397447044E-01
     0.398112043E-01
     0.398444364E-01
     0.399441315E-01
     0.400770020E-01
     0.400354868E-01
     0.400770011E-01
     0.401440788E-01
     0.401775980E-01
     0.402781546E-01
     0.404121685E-01
     0.403702967E-01
     0.404121676E-01
     0.404798226E-01
     0.405136287E-01
     0.406150460E-01
     0.407502020E-01
     0.407079739E-01
     0.407502010E-01
     0.408184322E-01
     0.408525246E-01
     0.409548007E-01
     0.410910963E-01
     0.410485128E-01
     0.410910954E-01
     0.411599010E-01
     0.411942788E-01
     0.412974111E-01
     0.414348426E-01
     0.413919048E-01
     0.414348417E-01
     0.415042193E-01
     0.415388813E-01
     0.416428662E-01
     0.417814286E-01
     0.417381381E-01
     0.417814276E-01
     0.418513743E-01
     0.418863190E-01
     0.419911517E-01
     0.421308386E-01
     0.420871974E-01
     0.421308376E-01
     0.422013497E-01
     0.422365750E-01
     0.423422499E-01
     0.424830536E-01
     0.424390641E-01
     0.424830527E-01
     0.425541256E-01
     0.425896294E-01
     0.426961395E-01
     0.428380509E-01
     0.427937161E-01
     0.428380500E-01
     0.429096785E-01
     0.429454582E-01
     0.430527958E-01
     0.431958042E-01
     0.431511273E-01
     0.431958032E-01
     0.432679815E-01
     0.433040340E-01
     0.434121901E-01
     0.435562833E-01
     0.435112682E-01
     0.435562824E-01
     0.436280517E-01
     0.436638986E-01
     0.437714381E-01
     0.439147059E-01
     0.438699491E-01
     0.439147050E-01
     0.439858743E-01
     0.440214204E-01
     0.441280574E-01
     0.442701194E-01
     0.442257398E-01
     0.442701186E-01
     0.443408354E-01
     0.443761543E-01
     0.444821099E-01
     0.446232606E-01
     0.445791661E-01
     0.446232598E-01
     0.446936444E-01
     0.447287963E-01
     0.448342508E-01
     0.449747303E-01
     0.449308459E-01
     0.449747295E-01
     0.450448770E-01
     0.450799092E-01
     0.451850049E-01
     0.453250028E-01
     0.452812693E-01
     0.453250020E-01
     0.453949891E-01
     0.454299400E-01
     0.455347917E-01
     0.456744609E-01
     0.456308305E-01
     0.456744601E-01
     0.457443500E-01
     0.457792511E-01
     0.458839536E-01
     0.460234202E-01
     0.459798536E-01
     0.460234195E-01
     0.460932652E-01
     0.461281430E-01
     0.462327757E-01
     0.463721454E-01
     0.463286096E-01
     0.463721447E-01
     0.464419915E-01
     0.464768686E-01
     0.465814991E-01
     0.467208620E-01
     0.466773288E-01
     0.467208614E-01
     0.467907481E-01
     0.468256440E-01
     0.469303307E-01
     0.470697646E-01
     0.470262096E-01
     0.470697639E-01
     0.471397248E-01
     0.471746564E-01
     0.472794502E-01
     0.474190230E-01
     0.473754252E-01
     0.474190223E-01
     0.474890874E-01
     0.475240697E-01
     0.476290158E-01
     0.477687873E-01
     0.477251279E-01
     0.477687867E-01
     0.478389828E-01
     0.478740293E-01
     0.479791678E-01
     0.481191915E-01
     0.480754538E-01
     0.481191908E-01
     0.481895422E-01
     0.482246648E-01
     0.483300319E-01
     0.484703559E-01
     0.484265249E-01
     0.484703553E-01
     0.485408839E-01
     0.485760936E-01
     0.486817221E-01
     0.488223900E-01
     0.487784521E-01
     0.488223894E-01
     0.488931154E-01
     0.489284223E-01
     0.490343423E-01
     0.491753942E-01
     0.491313369E-01
     0.491753936E-01
     0.492463355E-01
     0.492817488E-01
     0.493879881E-01
     0.495294609E-01
     0.494852726E-01
     0.495294603E-01
     0.496006355E-01
     0.496361639E-01
     0.497427483E-01
     0.498846763E-01
     0.498403464E-01
     0.498846757E-01
     0.499561004E-01
     0.499917519E-01
     0.500987057E-01
     0.502411211E-01
     0.501966395E-01
     0.502411206E-01
     0.503128101E-01
     0.503485923E-01
     0.504559384E-01
     0.505988717E-01
     0.505542289E-01
     0.505988712E-01
     0.506708402E-01
     0.507067604E-01
     0.508145205E-01
     0.509580006E-01
     0.509131876E-01
     0.509580001E-01
     0.510302625E-01
     0.510663278E-01
     0.511745229E-01
     0.513185774E-01
     0.512735855E-01
     0.513185769E-01
     0.513911463E-01
     0.514273633E-01
     0.515360135E-01
     0.516806692E-01
     0.516354902E-01
     0.516806687E-01
     0.517535583E-01
     0.517899335E-01
     0.518990584E-01
     0.520443413E-01
     0.519989670E-01
     0.520443408E-01
     0.521175635E-01
     0.521541033E-01
     0.522637221E-01
     0.524096577E-01
     0.523640801E-01
     0.524096572E-01
     0.524832257E-01
     0.525199364E-01
     0.526300680E-01
     0.527766812E-01
     0.527308926E-01
     0.527766807E-01
     0.528506076E-01
     0.528874956E-01
     0.529981587E-01
     0.531454745E-01
     0.530994671E-01
     0.531454740E-01
     0.532197720E-01
     0.532568433E-01
     0.533680569E-01
     0.535161000E-01
     0.534698661E-01
     0.535160996E-01
     0.535907812E-01
     0.536280423E-01
     0.537398251E-01
     0.538886207E-01
     0.538421525E-01
     0.538886202E-01
     0.539636985E-01
     0.540011558E-01
     0.541135269E-01
     0.542631002E-01
     0.542163898E-01
     0.542630998E-01
     0.543385878E-01
     0.543762477E-01
     0.544892267E-01
     0.546396036E-01
     0.545926429E-01
     0.546396031E-01
     0.547155144E-01
     0.547533836E-01
     0.548669906E-01
     0.550181975E-01
     0.549709783E-01
     0.550181970E-01
     0.550945456E-01
     0.551326310E-01
     0.552468866E-01
     0.553989509E-01
     0.553514647E-01
     0.553989504E-01
     0.554757507E-01
     0.555140595E-01
     0.556289853E-01
     0.557819354E-01
     0.557341734E-01
     0.557819350E-01
     0.558592022E-01
     0.558977418E-01
     0.560133603E-01
     0.561672262E-01
     0.561191789E-01
     0.561672257E-01
     0.562449758E-01
     0.562837543E-01
     0.564000892E-01
     0.565549020E-01
     0.565065598E-01
     0.565549016E-01
     0.566331515E-01
     0.566721771E-01
     0.567892536E-01
     0.569450466E-01
     0.568963992E-01
     0.569450462E-01
     0.570238140E-01
     0.570630958E-01
     0.571809406E-01
     0.573377492E-01
     0.572887855E-01
     0.573377488E-01
     0.574170539E-01
     0.574566013E-01
     0.575752431E-01
     0.577331053E-01
     0.576838135E-01
     0.577331049E-01
     0.578129681E-01
     0.578527916E-01
     0.579722614E-01
     0.581312180E-01
     0.580815853E-01
     0.581312176E-01
     0.582116617E-01
     0.582517723E-01
     0.583721037E-01
     0.585321991E-01
     0.584822118E-01
     0.585321987E-01
     0.586132484E-01
     0.586536584E-01
     0.587748881E-01
     0.589361708E-01
     0.588858137E-01
     0.589361704E-01
     0.590178527E-01
     0.590585756E-01
     0.591807438E-01
     0.593432670E-01
     0.592925236E-01
     0.593432666E-01
     0.594256117E-01
     0.594666622E-01
     0.595898135E-01
     0.597536359E-01
     0.597024879E-01
     0.597536355E-01
     0.598366767E-01
     0.598780714E-01
     0.600022552E-01
     0.601674422E-01
     0.601158693E-01
     0.601674419E-01
     0.602510149E-01
     0.602926720E-01
     0.604176430E-01
     0.605838690E-01
     0.605319727E-01
     0.605838686E-01
     0.606674127E-01
     0.607090536E-01
     0.608339759E-01
     0.610001314E-01
     0.609482578E-01
     0.610001311E-01
     0.610836394E-01
     0.611252605E-01
     0.612501239E-01
     0.614161952E-01
     0.613643485E-01
     0.614161948E-01
     0.614996575E-01
     0.615412541E-01
     0.616660437E-01
     0.618320113E-01
     0.617801977E-01
     0.618320110E-01
     0.619154183E-01
     0.619569855E-01
     0.620816870E-01
     0.622475317E-01
     0.621957572E-01
     0.622475315E-01
     0.623308740E-01
     0.623724071E-01
     0.624970064E-01
     0.626627095E-01
     0.626109799E-01
     0.626627093E-01
     0.627459777E-01
     0.627874721E-01
     0.629119551E-01
     0.630774982E-01
     0.630258193E-01
     0.630774980E-01
     0.631606831E-01
     0.632021342E-01
     0.633264874E-01
     0.634918523E-01
     0.634402296E-01
     0.634918520E-01
     0.635749448E-01
     0.636163481E-01
     0.637405579E-01
     0.639057265E-01
     0.638541658E-01
     0.639057263E-01
     0.639887178E-01
     0.640300688E-01
     0.641541219E-01
     0.643190765E-01
     0.642675833E-01
     0.643190764E-01
     0.644019576E-01
     0.644432520E-01
     0.645671351E-01
     0.647318583E-01
     0.646804380E-01
     0.647318581E-01
     0.648146204E-01
     0.648558538E-01
     0.649795538E-01
     0.651440281E-01
     0.650926862E-01
     0.651440280E-01
     0.652266626E-01
     0.652678306E-01
     0.653913346E-01
     0.655555429E-01
     0.655042846E-01
     0.655555427E-01
     0.656380410E-01
     0.656791394E-01
     0.658024344E-01
     0.659663595E-01
     0.659151903E-01
     0.659663594E-01
     0.660487128E-01
     0.660897372E-01
     0.662128105E-01
     0.663764354E-01
     0.663253606E-01
     0.663764353E-01
     0.664586352E-01
     0.664995814E-01
     0.666224202E-01
     0.667857280E-01
     0.667347529E-01
     0.667857279E-01
     0.668677659E-01
     0.669086297E-01
     0.670312214E-01
     0.671941952E-01
     0.671433250E-01
     0.671941952E-01
     0.672760627E-01
     0.673168399E-01
     0.674391717E-01
     0.676017950E-01
     0.675510348E-01
     0.676017949E-01
     0.676834835E-01
     0.677241699E-01
     0.678462294E-01
     0.680084853E-01
     0.679578404E-01
     0.680084853E-01
     0.680899866E-01
     0.681305780E-01
     0.682523525E-01
     0.684142245E-01
     0.683637001E-01
     0.684142244E-01
     0.684955300E-01
     0.685360223E-01
     0.686574995E-01
     0.688189708E-01
     0.687685721E-01
     0.688189708E-01
     0.689000724E-01
     0.689404614E-01
     0.690616287E-01
     0.692226830E-01
     0.691724151E-01
     0.692226830E-01
     0.693035722E-01
     0.693438537E-01
     0.694646987E-01
     0.696253196E-01
     0.695751876E-01
     0.696253196E-01
     0.697059881E-01
     0.697461581E-01
     0.698666685E-01
     0.700268395E-01
     0.699768485E-01
     0.700268395E-01
     0.701072790E-01
     0.701473334E-01
     0.702674968E-01
     0.704272016E-01
     0.703773568E-01
     0.704272017E-01
     0.705074040E-01
     0.705473386E-01
     0.706671429E-01
     0.708263653E-01
     0.707766717E-01
     0.708263654E-01
     0.709063223E-01
     0.709461331E-01
     0.710655661E-01
     0.712242899E-01
     0.711747525E-01
     0.712242900E-01
     0.713039934E-01
     0.713436764E-01
     0.714627258E-01
     0.716209350E-01
     0.715715589E-01
     0.716209351E-01
     0.717003770E-01
     0.717399281E-01
     0.718585821E-01
     0.720162608E-01
     0.719670508E-01
     0.720162609E-01
     0.720954331E-01
     0.721348484E-01
     0.722530949E-01
     0.724102273E-01
     0.723611884E-01
     0.724102274E-01
     0.724891221E-01
     0.725283976E-01
     0.726462249E-01
     0.728027952E-01
     0.727539323E-01
     0.728027953E-01
     0.728814045E-01
     0.729205364E-01
     0.730379327E-01
     0.731939255E-01
     0.731452435E-01
     0.731939256E-01
     0.732722416E-01
     0.733112260E-01
     0.734281797E-01
     0.735835796E-01
     0.735350832E-01
     0.735835798E-01
     0.736615948E-01
     0.737004279E-01
     0.738169276E-01
     0.739717195E-01
     0.739234134E-01
     0.739717197E-01
     0.740494262E-01
     0.740881041E-01
     0.742041385E-01
     0.743583075E-01
     0.743101964E-01
     0.743583076E-01
     0.744356981E-01
     0.744742173E-01
     0.745897753E-01
     0.747433065E-01
     0.746953950E-01
     0.747433067E-01
     0.748203738E-01
     0.748587305E-01
     0.749738011E-01
     0.751266802E-01
     0.750789728E-01
     0.751266804E-01
     0.752034169E-01
     0.752416075E-01
     0.753561800E-01
     0.755083927E-01
     0.754608938E-01
     0.755083929E-01
     0.755847917E-01
     0.756228127E-01
     0.757368766E-01
     0.758884088E-01
     0.758411228E-01
     0.758884090E-01
     0.759644631E-01
     0.760023112E-01
     0.761158560E-01
     0.762666942E-01
     0.762196254E-01
     0.762666945E-01
     0.763423971E-01
     0.763800687E-01
     0.764930845E-01
     0.766432153E-01
     0.765963677E-01
     0.766432155E-01
     0.767185600E-01
     0.767560519E-01
     0.768685287E-01
     0.770179390E-01
     0.769713168E-01
     0.770179392E-01
     0.770929190E-01
     0.771302281E-01
     0.772421563E-01
     0.773908333E-01
     0.773444405E-01
     0.773908336E-01
     0.774654425E-01
     0.775025656E-01
     0.776139357E-01
     0.777618671E-01
     0.777157075E-01
     0.777618674E-01
     0.778360992E-01
     0.778730333E-01
     0.779838362E-01
     0.781310101E-01
     0.780850874E-01
     0.781310103E-01
     0.782048591E-01
     0.782416011E-01
     0.783518282E-01
     0.784982326E-01
     0.784525505E-01
     0.784982329E-01
     0.785713582E-01
     0.786077398E-01
     0.787168854E-01
     0.788618518E-01
     0.788166187E-01
     0.788618521E-01
     0.789340459E-01
     0.789699640E-01
     0.790777191E-01
     0.792208387E-01
     0.791761818E-01
     0.792208390E-01
     0.792921356E-01
     0.793276072E-01
     0.794340231E-01
     0.795753637E-01
     0.795312619E-01
     0.795753640E-01
     0.796457941E-01
     0.796808346E-01
     0.797859570E-01
     0.799255793E-01
     0.798820137E-01
     0.799255796E-01
     0.799951713E-01
     0.800297945E-01
     0.801336651E-01
     0.802716244E-01
     0.802285777E-01
     0.802716247E-01
     0.803404034E-01
     0.803746221E-01
     0.804772788E-01
     0.806136255E-01
     0.805710821E-01
     0.806136258E-01
     0.806816151E-01
     0.807154407E-01
     0.808169186E-01
     0.809516989E-01
     0.809096442E-01
     0.809516992E-01
     0.810189205E-01
     0.810523639E-01
     0.811526949E-01
     0.812859514E-01
     0.812443723E-01
     0.812859517E-01
     0.813524249E-01
     0.813854958E-01
     0.814847096E-01
     0.816164816E-01
     0.815753658E-01
     0.816164819E-01
     0.816822254E-01
     0.817149331E-01
     0.818130571E-01
     0.819433809E-01
     0.819027171E-01
     0.819433812E-01
     0.820084121E-01
     0.820407651E-01
     0.821378247E-01
     0.822667342E-01
     0.822265117E-01
     0.822667345E-01
     0.823310687E-01
     0.823630748E-01
     0.824590939E-01
     0.825866205E-01
     0.825468296E-01
     0.825866208E-01
     0.826502732E-01
     0.826819398E-01
     0.827769404E-01
     0.829031135E-01
     0.828637451E-01
     0.829031138E-01
     0.829660983E-01
     0.829974324E-01
     0.830914353E-01
     0.832162825E-01
     0.831773279E-01
     0.832162828E-01
     0.832786124E-01
     0.833096204E-01
     0.834026451E-01
     0.835261921E-01
     0.834876433E-01
     0.835261924E-01
     0.835878795E-01
     0.836185675E-01
     0.837106323E-01
     0.838329035E-01
     0.837947528E-01
     0.838329038E-01
     0.838939599E-01
     0.839243336E-01
     0.840154557E-01
     0.841364739E-01
     0.840987144E-01
     0.841364743E-01
     0.841969103E-01
     0.842269752E-01
     0.843171710E-01
     0.844369578E-01
     0.843995826E-01
     0.844369582E-01
     0.844967844E-01
     0.845265457E-01
     0.846158305E-01
     0.847344065E-01
     0.846974092E-01
     0.847344068E-01
     0.847936332E-01
     0.848230957E-01
     0.849114841E-01
     0.850288686E-01
     0.849922432E-01
     0.850288689E-01
     0.850875046E-01
     0.851166730E-01
     0.852041789E-01
     0.853203904E-01
     0.852841311E-01
     0.853203907E-01
     0.853784446E-01
     0.854073232E-01
     0.854939598E-01
     0.856090158E-01
     0.855731172E-01
     0.856090162E-01
     0.856664967E-01
     0.856950897E-01
     0.857808696E-01
     0.858947868E-01
     0.858592436E-01
     0.858947872E-01
     0.859517023E-01
     0.859800138E-01
     0.860649490E-01
     0.861777434E-01
     0.861425507E-01
     0.861777437E-01
     0.862341013E-01
     0.862621350E-01
     0.863462370E-01
     0.864579237E-01
     0.864230767E-01
     0.864579241E-01
     0.865137313E-01
     0.865414910E-01
     0.866247708E-01
     0.867353645E-01
     0.867008587E-01
     0.867353648E-01
     0.867906289E-01
     0.868181180E-01
     0.869005861E-01
     0.870101008E-01
     0.869759318E-01
     0.870101011E-01
     0.870648288E-01
     0.870920507E-01
     0.871737172E-01
     0.872821664E-01
     0.872483299E-01
     0.872821667E-01
     0.873363644E-01
     0.873633224E-01
     0.874441970E-01
     0.875515936E-01
     0.875180857E-01
     0.875515939E-01
     0.876052680E-01
     0.876319651E-01
     0.877120573E-01
     0.878184137E-01
     0.877852304E-01
     0.878184140E-01
     0.878715705E-01
     0.878980098E-01
     0.879773286E-01
     0.880826567E-01
     0.880497944E-01
     0.880826570E-01
     0.881353018E-01
     0.881614862E-01
     0.882400403E-01
     0.883443518E-01
     0.883118069E-01
     0.883443521E-01
     0.883964908E-01
     0.884224231E-01
     0.885002209E-01
     0.886035271E-01
     0.885712959E-01
     0.886035274E-01
     0.886551654E-01
     0.886808484E-01
     0.887578981E-01
     0.888602097E-01
     0.888282890E-01
     0.888602100E-01
     0.889113527E-01
     0.889367889E-01
     0.890130984E-01
     0.891144259E-01
     0.890828124E-01
     0.891144262E-01
     0.891650787E-01
     0.891902708E-01
     0.892658477E-01
     0.893662015E-01
     0.893348919E-01
     0.893662018E-01
     0.894163690E-01
     0.894413194E-01
     0.895161713E-01
     0.896155611E-01
     0.895845524E-01
     0.896155614E-01
     0.896652483E-01
     0.896899594E-01
     0.897640935E-01
     0.898625290E-01
     0.898318182E-01
     0.898625293E-01
     0.899117406E-01
     0.899362147E-01
     0.900096380E-01
     0.901071287E-01
     0.900767128E-01
     0.901071290E-01
     0.901558692E-01
     0.901801087E-01
     0.902528281E-01
     0.903493830E-01
     0.903192592E-01
     0.903493833E-01
     0.903976570E-01
     0.904216641E-01
     0.904936863E-01
     0.905893144E-01
     0.905594799E-01
     0.905893147E-01
     0.906371262E-01
     0.906609031E-01
     0.907322347E-01
     0.908269447E-01
     0.907973967E-01
     0.908269450E-01
     0.908742986E-01
     0.908978475E-01
     0.909684949E-01
     0.910622952E-01
     0.910330312E-01
     0.910622955E-01
     0.911091954E-01
     0.911325183E-01
     0.912024877E-01
     0.912953868E-01
     0.912664041E-01
     0.912953871E-01
     0.913418375E-01
     0.913649364E-01
     0.914342340E-01
     0.915262400E-01
     0.914975360E-01
     0.915262402E-01
     0.915722451E-01
     0.915951221E-01
     0.916637540E-01
     0.917548748E-01
     0.917264471E-01
     0.917548750E-01
     0.918004383E-01
     0.918230954E-01
     0.918910673E-01
     0.919813109E-01
     0.919531571E-01
     0.919813111E-01
     0.920264367E-01
     0.920488757E-01
     0.921161936E-01
     0.922055676E-01
     0.921776852E-01
     0.922055678E-01
     0.922502595E-01
     0.922724824E-01
     0.923391518E-01
     0.924276638E-01
     0.924000505E-01
     0.924276641E-01
     0.924719256E-01
     0.924939343E-01
     0.925599609E-01
     0.926476184E-01
     0.926202718E-01
     0.926476187E-01
     0.926914537E-01
     0.927132499E-01
     0.927786393E-01
     0.928654495E-01
     0.928383674E-01
     0.928654498E-01
     0.929088620E-01
     0.929304476E-01
     0.929952051E-01
     0.930811754E-01
     0.930543554E-01
     0.930811757E-01
     0.931241686E-01
     0.931455454E-01
     0.932096764E-01
     0.932948138E-01
     0.932682538E-01
     0.932948141E-01
     0.933373913E-01
     0.933585610E-01
     0.934220708E-01
     0.935063823E-01
     0.934800801E-01
     0.935063826E-01
     0.935485476E-01
     0.935695119E-01
     0.936324057E-01
     0.937158983E-01
     0.936898517E-01
     0.937158986E-01
     0.937576548E-01
     0.937784155E-01
     0.938406983E-01
     0.939233789E-01
     0.938975858E-01
     0.939233791E-01
     0.939647299E-01
     0.939852887E-01
     0.940469657E-01
     0.941288409E-01
     0.941032992E-01
     0.941288412E-01
     0.941697899E-01
     0.941901484E-01
     0.942512247E-01
     0.943323012E-01
     0.943070087E-01
     0.943323014E-01
     0.943728514E-01
     0.943930113E-01
     0.944534917E-01
     0.945337761E-01
     0.945087309E-01
     0.945337764E-01
     0.945739309E-01
     0.945938938E-01
     0.946537833E-01
     0.947332822E-01
     0.947084822E-01
     0.947332824E-01
     0.947730447E-01
     0.947928123E-01
     0.948521157E-01
     0.949308354E-01
     0.949062786E-01
     0.949308357E-01
     0.949702090E-01
     0.949897828E-01
     0.950485050E-01
     0.951264520E-01
     0.951021363E-01
     0.951264522E-01
     0.951654397E-01
     0.951848213E-01
     0.952429670E-01
     0.953201476E-01
     0.952960712E-01
     0.953201479E-01
     0.953587527E-01
     0.953779437E-01
     0.954355176E-01
     0.955119380E-01
     0.954880989E-01
     0.955119383E-01
     0.955501636E-01
     0.955691656E-01
     0.956261723E-01
     0.957018388E-01
     0.956782350E-01
     0.957018391E-01
     0.957396879E-01
     0.957585024E-01
     0.958149466E-01
     0.958898654E-01
     0.958664950E-01
     0.958898657E-01
     0.959273411E-01
     0.959459697E-01
     0.960018560E-01
     0.960760331E-01
     0.960528942E-01
     0.960760333E-01
     0.961131385E-01
     0.961315826E-01
     0.961869155E-01
     0.962603570E-01
     0.962374477E-01
     0.962603573E-01
     0.962970951E-01
     0.963153562E-01
     0.963701403E-01
     0.964428522E-01
     0.964201706E-01
     0.964428525E-01
     0.964792260E-01
     0.964973057E-01
     0.965515454E-01
     0.966235336E-01
     0.966010779E-01
     0.966235339E-01
     0.966595461E-01
     0.966774458E-01
     0.967311456E-01
     0.968024161E-01
     0.967801844E-01
     0.968024163E-01
     0.968380701E-01
     0.968557913E-01
     0.969089556E-01
     0.969795142E-01
     0.969575047E-01
     0.969795144E-01
     0.970148128E-01
     0.970323570E-01
     0.970849901E-01
     0.971548426E-01
     0.971330536E-01
     0.971548429E-01
     0.971897887E-01
     0.972071573E-01
     0.972592636E-01
     0.973284158E-01
     0.973068453E-01
     0.973284161E-01
     0.973630122E-01
     0.973802066E-01
     0.974317905E-01
     0.975002482E-01
     0.974788945E-01
     0.975002484E-01
     0.975344978E-01
     0.975515195E-01
     0.976025851E-01
     0.976703539E-01
     0.976492153E-01
     0.976703542E-01
     0.977042596E-01
     0.977211099E-01
     0.977716617E-01
     0.978387473E-01
     0.978178218E-01
     0.978387475E-01
     0.978723118E-01
     0.978889922E-01
     0.979390342E-01
     0.980054422E-01
     0.979847283E-01
     0.980054425E-01
     0.980386685E-01
     0.980551804E-01
     0.981047169E-01
     0.981704528E-01
     0.981499487E-01
     0.981704531E-01
     0.982033435E-01
     0.982196883E-01
     0.982687235E-01
     0.983337929E-01
     0.983134968E-01
     0.983337931E-01
     0.983663509E-01
     0.983825299E-01
     0.984310678E-01
     0.984954763E-01
     0.984753865E-01
     0.984954765E-01
     0.985277042E-01
     0.985437189E-01
     0.985917637E-01
     0.986555166E-01
     0.986356314E-01
     0.986555168E-01
     0.986874173E-01
     0.987032690E-01
     0.987508247E-01
     0.988139275E-01
     0.987942452E-01
     0.988139277E-01
     0.988455036E-01
     0.988611936E-01
     0.989082643E-01
     0.989707224E-01
     0.989512414E-01
     0.989707226E-01
     0.990019767E-01
     0.990175063E-01
     0.990640961E-01
     0.991259148E-01
     0.991066334E-01
     0.991259150E-01
     0.991568499E-01
     0.991722206E-01
     0.992183333E-01
     0.992795180E-01
     0.992604344E-01
     0.992795182E-01
     0.993101365E-01
     0.993253495E-01
     0.993709893E-01
     0.994315451E-01
     0.994126579E-01
     0.994315454E-01
     0.994618498E-01
     0.994769064E-01
     0.995220772E-01
     0.995820094E-01
     0.995633168E-01
     0.995820097E-01
     0.996120028E-01
     0.996269044E-01
     0.996716100E-01
     0.997309239E-01
     0.997124243E-01
     0.997309242E-01
     0.997606086E-01
     0.997753565E-01
     0.998196009E-01
     0.998783016E-01
     0.998599934E-01
     0.998783018E-01
     0.999076802E-01
     0.999222756E-01
     0.999660626E-01
     0.100024155E+00
     0.100006037E+00
     0.100024155E+00
     0.100053230E+00
     0.100067675E+00
     0.100111008E+00
     0.100168498E+00
     0.100150567E+00
     0.100168498E+00
     0.100197272E+00
     0.100211566E+00
     0.100254450E+00
     0.100311342E+00
     0.100293598E+00
     0.100311342E+00
     0.100339817E+00
     0.100353963E+00
     0.100396401E+00
     0.100452700E+00
     0.100435141E+00
     0.100452700E+00
     0.100480879E+00
     0.100494878E+00
     0.100536873E+00
     0.100592584E+00
     0.100575209E+00
     0.100592584E+00
     0.100620471E+00
     0.100634323E+00
     0.100675880E+00
     0.100731008E+00
     0.100713815E+00
     0.100731008E+00
     0.100758603E+00
     0.100772310E+00
     0.100813433E+00
     0.100867983E+00
     0.100850970E+00
     0.100867983E+00
     0.100895290E+00
     0.100908853E+00
     0.100949544E+00
     0.101003521E+00
     0.100986688E+00
     0.101003522E+00
     0.101030542E+00
     0.101043963E+00
     0.101084227E+00
     0.101137636E+00
     0.101120980E+00
     0.101137636E+00
     0.101164373E+00
     0.101177653E+00
     0.101217493E+00
     0.101270338E+00
     0.101253858E+00
     0.101270338E+00
     0.101296794E+00
     0.101309934E+00
     0.101349354E+00
     0.101401640E+00
     0.101385334E+00
     0.101401641E+00
     0.101427818E+00
     0.101440819E+00
     0.101479822E+00
     0.101531554E+00
     0.101515421E+00
     0.101531555E+00
     0.101557455E+00
     0.101570318E+00
     0.101608908E+00
     0.101660092E+00
     0.101644130E+00
     0.101660092E+00
     0.101685719E+00
     0.101698445E+00
     0.101736626E+00
     0.101787265E+00
     0.101771473E+00
     0.101787265E+00
     0.101812620E+00
     0.101825211E+00
     0.101862986E+00
     0.101913085E+00
     0.101897461E+00
     0.101913085E+00
     0.101938171E+00
     0.101950628E+00
     0.101987999E+00
     0.102037563E+00
     0.102022107E+00
     0.102037563E+00
     0.102062382E+00
     0.102074706E+00
     0.102111679E+00
     0.102160712E+00
     0.102145421E+00
     0.102160712E+00
     0.102185266E+00
     0.102197458E+00
     0.102234035E+00
     0.102282542E+00
     0.102267416E+00
     0.102282542E+00
     0.102306833E+00
     0.102318895E+00
     0.102355079E+00
     0.102403065E+00
     0.102388101E+00
     0.102403065E+00
     0.102427096E+00
     0.102439028E+00
     0.102474824E+00
     0.102522292E+00
     0.102507490E+00
     0.102522292E+00
     0.102546065E+00
     0.102557868E+00
     0.102593279E+00
     0.102640234E+00
     0.102625592E+00
     0.102640234E+00
     0.102663752E+00
     0.102675428E+00
     0.102710455E+00
     0.102756903E+00
     0.102742419E+00
     0.102756903E+00
     0.102780167E+00
     0.102791716E+00
     0.102826365E+00
     0.102872309E+00
     0.102857983E+00
     0.102872309E+00
     0.102895322E+00
     0.102906746E+00
     0.102941019E+00
     0.102986463E+00
     0.102972293E+00
     0.102986463E+00
     0.103009227E+00
     0.103020527E+00
     0.103054428E+00
     0.103099377E+00
     0.103085361E+00
     0.103099377E+00
     0.103121894E+00
     0.103133071E+00
     0.103166602E+00
     0.103211060E+00
     0.103197198E+00
     0.103211060E+00
     0.103233332E+00
     0.103244387E+00
     0.103277553E+00
     0.103321525E+00
     0.103307814E+00
     0.103321525E+00
     0.103343554E+00
     0.103354488E+00
     0.103387291E+00
     0.103430780E+00
     0.103417221E+00
     0.103430781E+00
     0.103452569E+00
     0.103463384E+00
     0.103495827E+00
     0.103538838E+00
     0.103525428E+00
     0.103538838E+00
     0.103560389E+00
     0.103571084E+00
     0.103603172E+00
     0.103645709E+00
     0.103632446E+00
     0.103645709E+00
     0.103667023E+00
     0.103677601E+00
     0.103709335E+00
     0.103751402E+00
     0.103738286E+00
     0.103751402E+00
     0.103772482E+00
     0.103782943E+00
     0.103814327E+00
     0.103855929E+00
     0.103842958E+00
     0.103855929E+00
     0.103876777E+00
     0.103887123E+00
     0.103918159E+00
     0.103959300E+00
     0.103946473E+00
     0.103959300E+00
     0.103979918E+00
     0.103990149E+00
     0.104020842E+00
     0.104061524E+00
     0.104048841E+00
     0.104061525E+00
     0.104081915E+00
     0.104092032E+00
     0.104122384E+00
     0.104162614E+00
     0.104150071E+00
     0.104162614E+00
     0.104182778E+00
     0.104192783E+00
     0.104222797E+00
     0.104262577E+00
     0.104250175E+00
     0.104262578E+00
     0.104282518E+00
     0.104292411E+00
     0.104322091E+00
     0.104361426E+00
     0.104349163E+00
     0.104361426E+00
     0.104381145E+00
     0.104390927E+00
     0.104420275E+00
     0.104459169E+00
     0.104447044E+00
     0.104459170E+00
     0.104478668E+00
     0.104488341E+00
     0.104517361E+00
     0.104555818E+00
     0.104543829E+00
     0.104555818E+00
     0.104575099E+00
     0.104584664E+00
     0.104613358E+00
     0.104651381E+00
     0.104639528E+00
     0.104651381E+00
     0.104670447E+00
     0.104679904E+00
     0.104708275E+00
     0.104745870E+00
     0.104734150E+00
     0.104745870E+00
     0.104764722E+00
     0.104774072E+00
     0.104802124E+00
     0.104839293E+00
     0.104827706E+00
     0.104839293E+00
     0.104857934E+00
     0.104867179E+00
     0.104894914E+00
     0.104931662E+00
     0.104920207E+00
     0.104931662E+00
     0.104950093E+00
     0.104959233E+00
     0.104986655E+00
     0.105022986E+00
     0.105011661E+00
     0.105022986E+00
     0.105041209E+00
     0.105050246E+00
     0.105077357E+00
     0.105113275E+00
     0.105102078E+00
     0.105113275E+00
     0.105131292E+00
     0.105140226E+00
     0.105167030E+00
     0.105202538E+00
     0.105191470E+00
     0.105202539E+00
     0.105220352E+00
     0.105229185E+00
     0.105255684E+00
     0.105290787E+00
     0.105279846E+00
     0.105290787E+00
     0.105308400E+00
     0.105317132E+00
     0.105343329E+00
     0.105378031E+00
     0.105367215E+00
     0.105378031E+00
     0.105395444E+00
     0.105404077E+00
     0.105429976E+00
     0.105464280E+00
     0.105453588E+00
     0.105464281E+00
     0.105481496E+00
     0.105490030E+00
     0.105515634E+00
     0.105549545E+00
     0.105538975E+00
     0.105549545E+00
     0.105566565E+00
     0.105575002E+00
     0.105600313E+00
     0.105633835E+00
     0.105623387E+00
     0.105633835E+00
     0.105650662E+00
     0.105659002E+00
     0.105684024E+00
     0.105717161E+00
     0.105706833E+00
     0.105717161E+00
     0.105733796E+00
     0.105742041E+00
     0.105766777E+00
     0.105799532E+00
     0.105789324E+00
     0.105799533E+00
     0.105815979E+00
     0.105824130E+00
     0.105848582E+00
     0.105880961E+00
     0.105870870E+00
     0.105880961E+00
     0.105897220E+00
     0.105905278E+00
     0.105929450E+00
     0.105961456E+00
     0.105951482E+00
     0.105961456E+00
     0.105977531E+00
     0.105985496E+00
     0.106009392E+00
     0.106041029E+00
     0.106031170E+00
     0.106041029E+00
     0.106056922E+00
     0.106064796E+00
     0.106088418E+00
     0.106119691E+00
     0.106109946E+00
     0.106119691E+00
     0.106135404E+00
     0.106143187E+00
     0.106166540E+00
     0.106197453E+00
     0.106187820E+00
     0.106197453E+00
     0.106212987E+00
     0.106220682E+00
     0.106243768E+00
     0.106274326E+00
     0.106264804E+00
     0.106274326E+00
     0.106289685E+00
     0.106297292E+00
     0.106320115E+00
     0.106350322E+00
     0.106340909E+00
     0.106350322E+00
     0.106365508E+00
     0.106373029E+00
     0.106395591E+00
     0.106425453E+00
     0.106416148E+00
     0.106425453E+00
     0.106440468E+00
     0.106447903E+00
     0.106470210E+00
     0.106499731E+00
     0.106490533E+00
     0.106499731E+00
     0.106514578E+00
     0.106521929E+00
     0.106543984E+00
     0.106573169E+00
     0.106564076E+00
     0.106573169E+00
     0.106587851E+00
     0.106595120E+00
     0.106616926E+00
     0.106645780E+00
     0.106636791E+00
     0.106645780E+00
     0.106660300E+00
     0.106667487E+00
     0.106689050E+00
     0.106717579E+00
     0.106708691E+00
     0.106717579E+00
     0.106731939E+00
     0.106739046E+00
     0.106760370E+00
     0.106788579E+00
     0.106779791E+00
     0.106788579E+00
     0.106802783E+00
     0.106809812E+00
     0.106830901E+00
     0.106858797E+00
     0.106850107E+00
     0.106858797E+00
     0.106872848E+00
     0.106879800E+00
     0.106900659E+00
     0.106928248E+00
     0.106919654E+00
     0.106928248E+00
     0.106942150E+00
     0.106949027E+00
     0.106969662E+00
     0.106996950E+00
     0.106988450E+00
     0.106996951E+00
     0.107010707E+00
     0.107017512E+00
     0.107037927E+00
     0.107064923E+00
     0.107056514E+00
     0.107064923E+00
     0.107078449E+00
     0.107085140E+00
     0.107105212E+00
     0.107131752E+00
     0.107123486E+00
     0.107131752E+00
     0.107144958E+00
     0.107151490E+00
     0.107171088E+00
     0.107196999E+00
     0.107188929E+00
     0.107196999E+00
     0.107209893E+00
     0.107216271E+00
     0.107235404E+00
     0.107260702E+00
     0.107252822E+00
     0.107260702E+00
     0.107273290E+00
     0.107279517E+00
     0.107298197E+00
     0.107322896E+00
     0.107315203E+00
     0.107322896E+00
     0.107335187E+00
     0.107341266E+00
     0.107359504E+00
     0.107383617E+00
     0.107376107E+00
     0.107383618E+00
     0.107395617E+00
     0.107401552E+00
     0.107419358E+00
     0.107442901E+00
     0.107435568E+00
     0.107442901E+00
     0.107454617E+00
     0.107460411E+00
     0.107477795E+00
     0.107500779E+00
     0.107493621E+00
     0.107500780E+00
     0.107512218E+00
     0.107517875E+00
     0.107534847E+00
     0.107557286E+00
     0.107550297E+00
     0.107557286E+00
     0.107568454E+00
     0.107573977E+00
     0.107590547E+00
     0.107612453E+00
     0.107605630E+00
     0.107612453E+00
     0.107623356E+00
     0.107628748E+00
     0.107644925E+00
     0.107666311E+00
     0.107659650E+00
     0.107666311E+00
     0.107676955E+00
     0.107682219E+00
     0.107698012E+00
     0.107718890E+00
     0.107712387E+00
     0.107718890E+00
     0.107729281E+00
     0.107734420E+00
     0.107749838E+00
     0.107770220E+00
     0.107763872E+00
     0.107770220E+00
     0.107780364E+00
     0.107785381E+00
     0.107800432E+00
     0.107820329E+00
     0.107814132E+00
     0.107820329E+00
     0.107830232E+00
     0.107835129E+00
     0.107849822E+00
     0.107869245E+00
     0.107863196E+00
     0.107869245E+00
     0.107878912E+00
     0.107883693E+00
     0.107898035E+00
     0.107916996E+00
     0.107911090E+00
     0.107916996E+00
     0.107926433E+00
     0.107931099E+00
     0.107945100E+00
     0.107963607E+00
     0.107957843E+00
     0.107963607E+00
     0.107972819E+00
     0.107977374E+00
     0.107991041E+00
     0.108009106E+00
     0.108003480E+00
     0.108009106E+00
     0.108018098E+00
     0.108022544E+00
     0.108035884E+00
     0.108053517E+00
     0.108048025E+00
     0.108053517E+00
     0.108062294E+00
     0.108066634E+00
     0.108079654E+00
     0.108096865E+00
     0.108091505E+00
     0.108096865E+00
     0.108105432E+00
     0.108109668E+00
     0.108122376E+00
     0.108139174E+00
     0.108133943E+00
     0.108139174E+00
     0.108147536E+00
     0.108151670E+00
     0.108164073E+00
     0.108180468E+00
     0.108175362E+00
     0.108180468E+00
     0.108188629E+00
     0.108192664E+00
     0.108204769E+00
     0.108220770E+00
     0.108215787E+00
     0.108220770E+00
     0.108228734E+00
     0.108232672E+00
     0.108244486E+00
     0.108260102E+00
     0.108255239E+00
     0.108260102E+00
     0.108267875E+00
     0.108271718E+00
     0.108283247E+00
     0.108298486E+00
     0.108293740E+00
     0.108298486E+00
     0.108306071E+00
     0.108309821E+00
     0.108321072E+00
     0.108335943E+00
     0.108331312E+00
     0.108335943E+00
     0.108343346E+00
     0.108347005E+00
     0.108357984E+00
     0.108372495E+00
     0.108367976E+00
     0.108372495E+00
     0.108379719E+00
     0.108383290E+00
     0.108394003E+00
     0.108408163E+00
     0.108403753E+00
     0.108408163E+00
     0.108415211E+00
     0.108418695E+00
     0.108429149E+00
     0.108442965E+00
     0.108438662E+00
     0.108442965E+00
     0.108449842E+00
     0.108453242E+00
     0.108463442E+00
     0.108476922E+00
     0.108472724E+00
     0.108476922E+00
     0.108483632E+00
     0.108486949E+00
     0.108496901E+00
     0.108510052E+00
     0.108505957E+00
     0.108510052E+00
     0.108516599E+00
     0.108519836E+00
     0.108529545E+00
     0.108542376E+00
     0.108538380E+00
     0.108542376E+00
     0.108548763E+00
     0.108551920E+00
     0.108561392E+00
     0.108573910E+00
     0.108570012E+00
     0.108573910E+00
     0.108580141E+00
     0.108583221E+00
     0.108592461E+00
     0.108604672E+00
     0.108600870E+00
     0.108604672E+00
     0.108610751E+00
     0.108613756E+00
     0.108622770E+00
     0.108634681E+00
     0.108630972E+00
     0.108634681E+00
     0.108640611E+00
     0.108643542E+00
     0.108652334E+00
     0.108663953E+00
     0.108660335E+00
     0.108663953E+00
     0.108669737E+00
     0.108672596E+00
     0.108681173E+00
     0.108692506E+00
     0.108688977E+00
     0.108692506E+00
     0.108698147E+00
     0.108700936E+00
     0.108709301E+00
     0.108720354E+00
     0.108716912E+00
     0.108720354E+00
     0.108725857E+00
     0.108728576E+00
     0.108736735E+00
     0.108747515E+00
     0.108744159E+00
     0.108747515E+00
     0.108752882E+00
     0.108755534E+00
     0.108763491E+00
     0.108774005E+00
     0.108770731E+00
     0.108774005E+00
     0.108779236E+00
     0.108781821E+00
     0.108789576E+00
     0.108799823E+00
     0.108796632E+00
     0.108799823E+00
     0.108804908E+00
     0.108807421E+00
     0.108814960E+00
     0.108824922E+00
     0.108821820E+00
     0.108824922E+00
     0.108829865E+00
     0.108832308E+00
     0.108839637E+00
     0.108849321E+00
     0.108846306E+00
     0.108849321E+00
     0.108854127E+00
     0.108856502E+00
     0.108863628E+00
     0.108873042E+00
     0.108870111E+00
     0.108873042E+00
     0.108877714E+00
     0.108880023E+00
     0.108886951E+00
     0.108896104E+00
     0.108893254E+00
     0.108896104E+00
     0.108900646E+00
     0.108902891E+00
     0.108909626E+00
     0.108918525E+00
     0.108915754E+00
     0.108918525E+00
     0.108922941E+00
     0.108925124E+00
     0.108931672E+00
     0.108940324E+00
     0.108937630E+00
     0.108940324E+00
     0.108944618E+00
     0.108946740E+00
     0.108953107E+00
     0.108961519E+00
     0.108958900E+00
     0.108961519E+00
     0.108965694E+00
     0.108967757E+00
     0.108973948E+00
     0.108982127E+00
     0.108979580E+00
     0.108982127E+00
     0.108986186E+00
     0.108988192E+00
     0.108994211E+00
     0.109002163E+00
     0.108999687E+00
     0.109002163E+00
     0.109006110E+00
     0.109008061E+00
     0.109013913E+00
     0.109021645E+00
     0.109019237E+00
     0.109021645E+00
     0.109025483E+00
     0.109027379E+00
     0.109033069E+00
     0.109040588E+00
     0.109038247E+00
     0.109040588E+00
     0.109044319E+00
     0.109046163E+00
     0.109051696E+00
     0.109059006E+00
     0.109056729E+00
     0.109059006E+00
     0.109062634E+00
     0.109064427E+00
     0.109069806E+00
     0.109076914E+00
     0.109074701E+00
     0.109076914E+00
     0.109080441E+00
     0.109082185E+00
     0.109087415E+00
     0.109094326E+00
     0.109092174E+00
     0.109094326E+00
     0.109097756E+00
     0.109099451E+00
     0.109104537E+00
     0.109111256E+00
     0.109109164E+00
     0.109111256E+00
     0.109114591E+00
     0.109116239E+00
     0.109121184E+00
     0.109127717E+00
     0.109125683E+00
     0.109127717E+00
     0.109130960E+00
     0.109132562E+00
     0.109137370E+00
     0.109143722E+00
     0.109141744E+00
     0.109143722E+00
     0.109146874E+00
     0.109148432E+00
     0.109153107E+00
     0.109159283E+00
     0.109157360E+00
     0.109159283E+00
     0.109162348E+00
     0.109163863E+00
     0.109168407E+00
     0.109174412E+00
     0.109172542E+00
     0.109174412E+00
     0.109177392E+00
     0.109178865E+00
     0.109183283E+00
     0.109189121E+00
     0.109187303E+00
     0.109189121E+00
     0.109192018E+00
     0.109193450E+00
     0.109197746E+00
     0.109203422E+00
     0.109201654E+00
     0.109203422E+00
     0.109206238E+00
     0.109207630E+00
     0.109211806E+00
     0.109217324E+00
     0.109215606E+00
     0.109217325E+00
     0.109220063E+00
     0.109221416E+00
     0.109225476E+00
     0.109230840E+00
     0.109229170E+00
     0.109230840E+00
     0.109233502E+00
     0.109234818E+00
     0.109238765E+00
     0.109243980E+00
     0.109242356E+00
     0.109243980E+00
     0.109246567E+00
     0.109247846E+00
     0.109251683E+00
     0.109256753E+00
     0.109255174E+00
     0.109256753E+00
     0.109259268E+00
     0.109260511E+00
     0.109264241E+00
     0.109269169E+00
     0.109267634E+00
     0.109269169E+00
     0.109271614E+00
     0.109272822E+00
     0.109276448E+00
     0.109281238E+00
     0.109279747E+00
     0.109281238E+00
     0.109283615E+00
     0.109284789E+00
     0.109288313E+00
     0.109292970E+00
     0.109291520E+00
     0.109292970E+00
     0.109295280E+00
     0.109296421E+00
     0.109299846E+00
     0.109304372E+00
     0.109302963E+00
     0.109304372E+00
     0.109306617E+00
     0.109307727E+00
     0.109311056E+00
     0.109315455E+00
     0.109314085E+00
     0.109315455E+00
     0.109317637E+00
     0.109318715E+00
     0.109321950E+00
     0.109326226E+00
     0.109324894E+00
     0.109326226E+00
     0.109328346E+00
     0.109329394E+00
     0.109332538E+00
     0.109336693E+00
     0.109335399E+00
     0.109336693E+00
     0.109338754E+00
     0.109339772E+00
     0.109342828E+00
     0.109346866E+00
     0.109345608E+00
     0.109346866E+00
     0.109348868E+00
     0.109349858E+00
     0.109352827E+00
     0.109356750E+00
     0.109355528E+00
     0.109356750E+00
     0.109358696E+00
     0.109359657E+00
     0.109362543E+00
     0.109366355E+00
     0.109365168E+00
     0.109366355E+00
     0.109368245E+00
     0.109369180E+00
     0.109371983E+00
     0.109375687E+00
     0.109374534E+00
     0.109375687E+00
     0.109377524E+00
     0.109378432E+00
     0.109381155E+00
     0.109384754E+00
     0.109383633E+00
     0.109384754E+00
     0.109386538E+00
     0.109387420E+00
     0.109390066E+00
     0.109393562E+00
     0.109392473E+00
     0.109393562E+00
     0.109395295E+00
     0.109396152E+00
     0.109398722E+00
     0.109402118E+00
     0.109401061E+00
     0.109402118E+00
     0.109403802E+00
     0.109404634E+00
     0.109407130E+00
     0.109410430E+00
     0.109409402E+00
     0.109410430E+00
     0.109412064E+00
     0.109412873E+00
     0.109415297E+00
     0.109418502E+00
     0.109417504E+00
     0.109418502E+00
     0.109420089E+00
     0.109420874E+00
     0.109423229E+00
     0.109426341E+00
     0.109425372E+00
     0.109426341E+00
     0.109427883E+00
     0.109428645E+00
     0.109430931E+00
     0.109433953E+00
     0.109433012E+00
     0.109433953E+00
     0.109435450E+00
     0.109436190E+00
     0.109438410E+00
     0.109441345E+00
     0.109440431E+00
     0.109441345E+00
     0.109442798E+00
     0.109443516E+00
     0.109445672E+00
     0.109448521E+00
     0.109447633E+00
     0.109448521E+00
     0.109449931E+00
     0.109450629E+00
     0.109452721E+00
     0.109455486E+00
     0.109454625E+00
     0.109455486E+00
     0.109456855E+00
     0.109457532E+00
     0.109459563E+00
     0.109462247E+00
     0.109461411E+00
     0.109462247E+00
     0.109463576E+00
     0.109464233E+00
     0.109466204E+00
     0.109468809E+00
     0.109467997E+00
     0.109468809E+00
     0.109470098E+00
     0.109470735E+00
     0.109472647E+00
     0.109475175E+00
     0.109474388E+00
     0.109475175E+00
     0.109476425E+00
     0.109477044E+00
     0.109478899E+00
     0.109481351E+00
     0.109480587E+00
     0.109481351E+00
     0.109482564E+00
     0.109483163E+00
     0.109484963E+00
     0.109487341E+00
     0.109486600E+00
     0.109487341E+00
     0.109488517E+00
     0.109489099E+00
     0.109490844E+00
     0.109493150E+00
     0.109492432E+00
     0.109493150E+00
     0.109494290E+00
     0.109494854E+00
     0.109496546E+00
     0.109498782E+00
     0.109498086E+00
     0.109498782E+00
     0.109499887E+00
     0.109500434E+00
     0.109502073E+00
     0.109504241E+00
     0.109503566E+00
     0.109504241E+00
     0.109505311E+00
     0.109505841E+00
     0.109507430E+00
     0.109509530E+00
     0.109508876E+00
     0.109509530E+00
     0.109510567E+00
     0.109511080E+00
     0.109512619E+00
     0.109514654E+00
     0.109514020E+00
     0.109514654E+00
     0.109515658E+00
     0.109516154E+00
     0.109517644E+00
     0.109519615E+00
     0.109519001E+00
     0.109519615E+00
     0.109520586E+00
     0.109521067E+00
     0.109522509E+00
     0.109524417E+00
     0.109523823E+00
     0.109524417E+00
     0.109525357E+00
     0.109525822E+00
     0.109527217E+00
     0.109529062E+00
     0.109528487E+00
     0.109529062E+00
     0.109529971E+00
     0.109530421E+00
     0.109531770E+00
     0.109533554E+00
     0.109532998E+00
     0.109533554E+00
     0.109534432E+00
     0.109534867E+00
     0.109536171E+00
     0.109537895E+00
     0.109537358E+00
     0.109537895E+00
     0.109538743E+00
     0.109539163E+00
     0.109540422E+00
     0.109542087E+00
     0.109541568E+00
     0.109542087E+00
     0.109542905E+00
     0.109543310E+00
     0.109544524E+00
     0.109546131E+00
     0.109545631E+00
     0.109546131E+00
     0.109546920E+00
     0.109547310E+00
     0.109548481E+00
     0.109550030E+00
     0.109549547E+00
     0.109550030E+00
     0.109550789E+00
     0.109551165E+00
     0.109552292E+00
     0.109553783E+00
     0.109553319E+00
     0.109553783E+00
     0.109554513E+00
     0.109554874E+00
     0.109555958E+00
     0.109557392E+00
     0.109556945E+00
     0.109557392E+00
     0.109558092E+00
     0.109558439E+00
     0.109559479E+00
     0.109560855E+00
     0.109560426E+00
     0.109560855E+00
     0.109561525E+00
     0.109561857E+00
     0.109562853E+00
     0.109564172E+00
     0.109563761E+00
     0.109564172E+00
     0.109564812E+00
     0.109565129E+00
     0.109566080E+00
     0.109567339E+00
     0.109566947E+00
     0.109567339E+00
     0.109567948E+00
     0.109568249E+00
     0.109569154E+00
     0.109570353E+00
     0.109569979E+00
     0.109570353E+00
     0.109570928E+00
     0.109571214E+00
     0.109572070E+00
     0.109573205E+00
     0.109572851E+00
     0.109573205E+00
     0.109573746E+00
     0.109574014E+00
     0.109574819E+00
     0.109575885E+00
     0.109575552E+00
     0.109575885E+00
     0.109576387E+00
     0.109576636E+00
     0.109577383E+00
     0.109578373E+00
     0.109578064E+00
     0.109578373E+00
     0.109578829E+00
     0.109579055E+00
     0.109579734E+00
     0.109580634E+00
     0.109580353E+00
     0.109578770E+00
     0.109578967E+00
     0.109579559E+00
     0.109580345E+00
     0.109580100E+00
     0.109580345E+00
     0.109580739E+00
     0.109580935E+00
     0.109581522E+00
     0.109582301E+00
     0.109582058E+00
     0.109582301E+00
     0.109582709E+00
     0.109582912E+00
     0.109583520E+00
     0.109584326E+00
     0.109584075E+00
     0.109584326E+00
     0.109584769E+00
     0.109584989E+00
     0.109585648E+00
     0.109586522E+00
     0.109586250E+00
     0.109586522E+00
     0.109586991E+00
     0.109587223E+00
     0.109587920E+00
     0.109588843E+00
     0.109588555E+00
     0.109588843E+00
     0.109589331E+00
     0.109589573E+00
     0.109590298E+00
     0.109591259E+00
     0.109590959E+00
     0.109591259E+00
     0.109591761E+00
     0.109592010E+00
     0.109592757E+00
     0.109593747E+00
     0.109593438E+00
     0.109593747E+00
     0.109594261E+00
     0.109594515E+00
     0.109595279E+00
     0.109596291E+00
     0.109595976E+00
     0.109596291E+00
     0.109596814E+00
     0.109597073E+00
     0.109597850E+00
     0.109598878E+00
     0.109598558E+00
     0.109598878E+00
     0.109599408E+00
     0.109599670E+00
     0.109600457E+00
     0.109601498E+00
     0.109601173E+00
     0.109601498E+00
     0.109602032E+00
     0.109602297E+00
     0.109603091E+00
     0.109604141E+00
     0.109603814E+00
     0.109604141E+00
     0.109604679E+00
     0.109604945E+00
     0.109605744E+00
     0.109606800E+00
     0.109606471E+00
     0.109606800E+00
     0.109607340E+00
     0.109607607E+00
     0.109608409E+00
     0.109609468E+00
     0.109609138E+00
     0.109609468E+00
     0.109610009E+00
     0.109610277E+00
     0.109611080E+00
     0.109612141E+00
     0.109611810E+00
     0.109612141E+00
     0.109612682E+00
     0.109612949E+00
     0.109613752E+00
     0.109614812E+00
     0.109614482E+00
     0.109614812E+00
     0.109615352E+00
     0.109615619E+00
     0.109616420E+00
     0.109617478E+00
     0.109617148E+00
     0.109617478E+00
     0.109618016E+00
     0.109618282E+00
     0.109619080E+00
     0.109620135E+00
     0.109619806E+00
     0.109620135E+00
     0.109620671E+00
     0.109620936E+00
     0.109621730E+00
     0.109622779E+00
     0.109622452E+00
     0.109622779E+00
     0.109623312E+00
     0.109623575E+00
     0.109624365E+00
     0.109625408E+00
     0.109625083E+00
     0.109625408E+00
     0.109625938E+00
     0.109626199E+00
     0.109626984E+00
     0.109628019E+00
     0.109627697E+00
     0.109628019E+00
     0.109628545E+00
     0.109628805E+00
     0.109629583E+00
     0.109630610E+00
     0.109630291E+00
     0.109630610E+00
     0.109631132E+00
     0.109631389E+00
     0.109632161E+00
     0.109633179E+00
     0.109632862E+00
     0.109633179E+00
     0.109633696E+00
     0.109633951E+00
     0.109634716E+00
     0.109635725E+00
     0.109635411E+00
     0.109635725E+00
     0.109636237E+00
     0.109636489E+00
     0.109637246E+00
     0.109638245E+00
     0.109637934E+00
     0.109638245E+00
     0.109638751E+00
     0.109639001E+00
     0.109639751E+00
     0.109640738E+00
     0.109640431E+00
     0.109640738E+00
     0.109641240E+00
     0.109641487E+00
     0.109642228E+00
     0.109643205E+00
     0.109642901E+00
     0.109643205E+00
     0.109643701E+00
     0.109643945E+00
     0.109644678E+00
     0.109645644E+00
     0.109645344E+00
     0.109645644E+00
     0.109646135E+00
     0.109646376E+00
     0.109647100E+00
     0.109648055E+00
     0.109647758E+00
     0.109648055E+00
     0.109648540E+00
     0.109648778E+00
     0.109649495E+00
     0.109650437E+00
     0.109650144E+00
     0.109650437E+00
     0.109650917E+00
     0.109651153E+00
     0.109651861E+00
     0.109652792E+00
     0.109652502E+00
     0.109652792E+00
     0.109653266E+00
     0.109653500E+00
     0.109654199E+00
     0.109655120E+00
     0.109654834E+00
     0.109655120E+00
     0.109655579E+00
     0.109655805E+00
     0.109656482E+00
     0.109657373E+00
     0.109657096E+00
     0.109657373E+00
     0.109657794E+00
     0.109658001E+00
     0.109658622E+00
     0.109659440E+00
     0.109659186E+00
     0.109659440E+00
     0.109659827E+00
     0.109660018E+00
     0.109660589E+00
     0.109661342E+00
     0.109661108E+00
     0.109661342E+00
     0.109661699E+00
     0.109661875E+00
     0.109662403E+00
     0.109663099E+00
     0.109662882E+00
     0.109663099E+00
     0.109663429E+00
     0.109663592E+00
     0.109664080E+00
     0.109664724E+00
     0.109664524E+00
     0.109664724E+00
     0.109665030E+00
     0.109665181E+00
     0.109665633E+00
     0.109666230E+00
     0.109666044E+00
     0.109666230E+00
     0.109666513E+00
     0.109666652E+00
     0.109667071E+00
     0.109667624E+00
     0.109667452E+00
     0.109667624E+00
     0.109667884E+00
     0.109668013E+00
     0.109668400E+00
     0.109668910E+00
     0.109668751E+00
     0.109668910E+00
     0.109669149E+00
     0.109669268E+00
     0.109669623E+00
     0.109670092E+00
     0.109669946E+00
     0.109670092E+00
     0.109670309E+00
     0.109670417E+00
     0.109670740E+00
     0.109671166E+00
     0.109671033E+00
     0.109671166E+00
     0.109671360E+00
     0.109671456E+00
     0.109671745E+00
     0.109672126E+00
     0.109672007E+00
     0.109671334E+00
     0.109671417E+00
     0.109671666E+00
     0.109671995E+00
     0.109671892E+00
     0.109671995E+00
     0.109672161E+00
     0.109672243E+00
     0.109672489E+00
     0.109672815E+00
     0.109672714E+00
     0.109672815E+00
     0.109672982E+00
     0.109673064E+00
     0.109673312E+00
     0.109673640E+00
     0.109673537E+00
     0.109673640E+00
     0.109673818E+00
     0.109673907E+00
     0.109674172E+00
     0.109674523E+00
     0.109674413E+00
     0.109674523E+00
     0.109674709E+00
     0.109674801E+00
     0.109675077E+00
     0.109675443E+00
     0.109675329E+00
     0.109675443E+00
     0.109675634E+00
     0.109675728E+00
     0.109676012E+00
     0.109676386E+00
     0.109676270E+00
     0.109676386E+00
     0.109676580E+00
     0.109676676E+00
     0.109676963E+00
     0.109677343E+00
     0.109677225E+00
     0.109677343E+00
     0.109677538E+00
     0.109677635E+00
     0.109677924E+00
     0.109678306E+00
     0.109678187E+00
     0.109678306E+00
     0.109678502E+00
     0.109678598E+00
     0.109678887E+00
     0.109679270E+00
     0.109679151E+00
     0.109679270E+00
     0.109679464E+00
     0.109679560E+00
     0.109679849E+00
     0.109680229E+00
     0.109680111E+00
     0.109680229E+00
     0.109680423E+00
     0.109680518E+00
     0.109680804E+00
     0.109681182E+00
     0.109681064E+00
     0.109681182E+00
     0.109681373E+00
     0.109681468E+00
     0.109681751E+00
     0.109682125E+00
     0.109682008E+00
     0.109682125E+00
     0.109682314E+00
     0.109682407E+00
     0.109682686E+00
     0.109683055E+00
     0.109682940E+00
     0.109683055E+00
     0.109683241E+00
     0.109683333E+00
     0.109683609E+00
     0.109683972E+00
     0.109683859E+00
     0.109683972E+00
     0.109684155E+00
     0.109684245E+00
     0.109684516E+00
     0.109684873E+00
     0.109684762E+00
     0.109684873E+00
     0.109685053E+00
     0.109685142E+00
     0.109685408E+00
     0.109685758E+00
     0.109685649E+00
     0.109685758E+00
     0.109685935E+00
     0.109686022E+00
     0.109686282E+00
     0.109686626E+00
     0.109686519E+00
     0.109686626E+00
     0.109686799E+00
     0.109686884E+00
     0.109687139E+00
     0.109687476E+00
     0.109687371E+00
     0.109687476E+00
     0.109687645E+00
     0.109687728E+00
     0.109687978E+00
     0.109688307E+00
     0.109688205E+00
     0.109688307E+00
     0.109688472E+00
     0.109688554E+00
     0.109688798E+00
     0.109689119E+00
     0.109689019E+00
     0.109689119E+00
     0.109689281E+00
     0.109689360E+00
     0.109689598E+00
     0.109689912E+00
     0.109689815E+00
     0.109689912E+00
     0.109690070E+00
     0.109690147E+00
     0.109690380E+00
     0.109690686E+00
     0.109690591E+00
     0.109690686E+00
     0.109690839E+00
     0.109690915E+00
     0.109691141E+00
     0.109691440E+00
     0.109691347E+00
     0.109691440E+00
     0.109691589E+00
     0.109691663E+00
     0.109691884E+00
     0.109692174E+00
     0.109692084E+00
     0.109692174E+00
     0.109692320E+00
     0.109692391E+00
     0.109692606E+00
     0.109692889E+00
     0.109692801E+00
     0.109692889E+00
     0.109693031E+00
     0.109693100E+00
     0.109693309E+00
     0.109693585E+00
     0.109693499E+00
     0.109693585E+00
     0.109693722E+00
     0.109693790E+00
     0.109693993E+00
     0.109694261E+00
     0.109694177E+00
     0.109694261E+00
     0.109694394E+00
     0.109694460E+00
     0.109694658E+00
     0.109694917E+00
     0.109694837E+00
     0.109694917E+00
     0.109695047E+00
     0.109695111E+00
     0.109695303E+00
     0.109695555E+00
     0.109695477E+00
     0.109695555E+00
     0.109695681E+00
     0.109695743E+00
     0.109695930E+00
     0.109696174E+00
     0.109696098E+00
     0.109696174E+00
     0.109696297E+00
     0.109696357E+00
     0.109696537E+00
     0.109696775E+00
     0.109696701E+00
     0.109696775E+00
     0.109696894E+00
     0.109696952E+00
     0.109697127E+00
     0.109697357E+00
     0.109697286E+00
     0.109697357E+00
     0.109697472E+00
     0.109697529E+00
     0.109697698E+00
     0.109697922E+00
     0.109697852E+00
     0.109697922E+00
     0.109698033E+00
     0.109698088E+00
     0.109698252E+00
     0.109698468E+00
     0.109698401E+00
     0.109698468E+00
     0.109698576E+00
     0.109698629E+00
     0.109698788E+00
     0.109698998E+00
     0.109698933E+00
     0.109698998E+00
     0.109699102E+00
     0.109699153E+00
     0.109699307E+00
     0.109699510E+00
     0.109699447E+00
     0.109699510E+00
     0.109699611E+00
     0.109699661E+00
     0.109699810E+00
     0.109700005E+00
     0.109699944E+00
     0.109700005E+00
     0.109700103E+00
     0.109700151E+00
     0.109700295E+00
     0.109700485E+00
     0.109700426E+00
     0.109700485E+00
     0.109700579E+00
     0.109700625E+00
     0.109700765E+00
     0.109700948E+00
     0.109700891E+00
     0.109700948E+00
     0.109701039E+00
     0.109701084E+00
     0.109701218E+00
     0.109701395E+00
     0.109701340E+00
     0.109701395E+00
     0.109701483E+00
     0.109701527E+00
     0.109701657E+00
     0.109701827E+00
     0.109701774E+00
     0.109701827E+00
     0.109701912E+00
     0.109701954E+00
     0.109702080E+00
     0.109702244E+00
     0.109702193E+00
     0.109702244E+00
     0.109702327E+00
     0.109702367E+00
     0.109702488E+00
     0.109702647E+00
     0.109702597E+00
     0.109702647E+00
     0.109702726E+00
     0.109702765E+00
     0.109702882E+00
     0.109703035E+00
     0.109702987E+00
     0.109703035E+00
     0.109703111E+00
     0.109703149E+00
     0.109703261E+00
     0.109703409E+00
     0.109703363E+00
     0.109703409E+00
     0.109703483E+00
     0.109703519E+00
     0.109703627E+00
     0.109703770E+00
     0.109703726E+00
     0.109703770E+00
     0.109703841E+00
     0.109703876E+00
     0.109703980E+00
     0.109704117E+00
     0.109704074E+00
     0.109704117E+00
     0.109704185E+00
     0.109704219E+00
     0.109704319E+00
     0.109704451E+00
     0.109704410E+00
     0.109704451E+00
     0.109704517E+00
     0.109704549E+00
     0.109704646E+00
     0.109704773E+00
     0.109704734E+00
     0.109704773E+00
     0.109704836E+00
     0.109704867E+00
     0.109704961E+00
     0.109705083E+00
     0.109705045E+00
     0.109705083E+00
     0.109705144E+00
     0.109705173E+00
     0.109705263E+00
     0.109705380E+00
     0.109705344E+00
     0.109705380E+00
     0.109705439E+00
     0.109705467E+00
     0.109705553E+00
     0.109705666E+00
     0.109705631E+00
     0.109705666E+00
     0.109705722E+00
     0.109705750E+00
     0.109705832E+00
     0.109705941E+00
     0.109705907E+00
     0.109705941E+00
     0.109705995E+00
     0.109706021E+00
     0.109706100E+00
     0.109706204E+00
     0.109706172E+00
     0.109706204E+00
     0.109706256E+00
     0.109706281E+00
     0.109706358E+00
     0.109706457E+00
     0.109706426E+00
     0.109706457E+00
     0.109706507E+00
     0.109706531E+00
     0.109706604E+00
     0.109706700E+00
     0.109706670E+00
     0.109706700E+00
     0.109706747E+00
     0.109706771E+00
     0.109706841E+00
     0.109706932E+00
     0.109706904E+00
     0.109706932E+00
     0.109706978E+00
     0.109707000E+00
     0.109707067E+00
     0.109707155E+00
     0.109707128E+00
     0.109707155E+00
     0.109707199E+00
     0.109707220E+00
     0.109707284E+00
     0.109707368E+00
     0.109707342E+00
     0.109707368E+00
     0.109707410E+00
     0.109707431E+00
     0.109707492E+00
     0.109707572E+00
     0.109707547E+00
     0.109707572E+00
     0.109707612E+00
     0.109707632E+00
     0.109707691E+00
     0.109707767E+00
     0.109707743E+00
     0.109707767E+00
     0.109707806E+00
     0.109707824E+00
     0.109707880E+00
     0.109707954E+00
     0.109707931E+00
     0.109707954E+00
     0.109707990E+00
     0.109708008E+00
     0.109708062E+00
     0.109708132E+00
     0.109708110E+00
     0.109708132E+00
     0.109708167E+00
     0.109708184E+00
     0.109708235E+00
     0.109708302E+00
     0.109708281E+00
     0.109708302E+00
     0.109708335E+00
     0.109708351E+00
     0.109708400E+00
     0.109708464E+00
     0.109708444E+00
     0.109708464E+00
     0.109708495E+00
     0.109708511E+00
     0.109708557E+00
     0.109708618E+00
     0.109708599E+00
     0.109708618E+00
     0.109708648E+00
     0.109708663E+00
     0.109708707E+00
     0.109708765E+00
     0.109708747E+00
     0.109708765E+00
     0.109708794E+00
     0.109708808E+00
     0.109708850E+00
     0.109708905E+00
     0.109708888E+00
     0.109708905E+00
     0.109708932E+00
     0.109708945E+00
     0.109708985E+00
     0.109709036E+00
     0.109709020E+00
     0.109709036E+00
     0.109709062E+00
     0.109709075E+00
     0.109709112E+00
     0.109709161E+00
     0.109709146E+00
     0.109709161E+00
     0.109709185E+00
     0.109709197E+00
     0.109709232E+00
     0.109709278E+00
     0.109709264E+00
     0.109709278E+00
     0.109709301E+00
     0.109709312E+00
     0.109709345E+00
     0.109709389E+00
     0.109709375E+00
     0.109709389E+00
     0.109709410E+00
     0.109709420E+00
     0.109709452E+00
     0.109709492E+00
     0.109709480E+00
     0.109709492E+00
     0.109709513E+00
     0.109709523E+00
     0.109709552E+00
     0.109709590E+00
     0.109709578E+00
     0.109709590E+00
     0.109709609E+00
     0.109709618E+00
     0.109709646E+00
     0.109709682E+00
     0.109709671E+00
     0.109709682E+00
     0.109709700E+00
     0.109709709E+00
     0.109709734E+00
     0.109709768E+00
     0.109709758E+00
     0.109709768E+00
     0.109709785E+00
     0.109709793E+00
     0.109709817E+00
     0.109709849E+00
     0.109709839E+00
     0.109709849E+00
     0.109709865E+00
     0.109709872E+00
     0.109709895E+00
     0.109709924E+00
     0.109709915E+00
     0.109709924E+00
     0.109709939E+00
     0.109709946E+00
     0.109709967E+00
     0.109709995E+00
     0.109709987E+00
     0.109709995E+00
     0.109710009E+00
     0.109710015E+00
     0.109710035E+00
     0.109710061E+00
     0.109710053E+00
     0.109710061E+00
     0.109710074E+00
     0.109710080E+00
     0.109710099E+00
     0.109710122E+00
     0.109710115E+00
     0.109710122E+00
     0.109710134E+00
     0.109710140E+00
     0.109710157E+00
     0.109710180E+00
     0.109710173E+00
     0.109710180E+00
     0.109710191E+00
     0.109710196E+00
     0.109710212E+00
     0.109710233E+00
     0.109710226E+00
     0.109710233E+00
     0.109710243E+00
     0.109710248E+00
     0.109710263E+00
     0.109710282E+00
     0.109710276E+00
     0.109710282E+00
     0.109710292E+00
     0.109710296E+00
     0.109710310E+00
     0.109710328E+00
     0.109710322E+00
     0.109710328E+00
     0.109710336E+00
     0.109710341E+00
     0.109710353E+00
     0.109710370E+00
     0.109710364E+00
     0.109710370E+00
     0.109710378E+00
     0.109710381E+00
     0.109710393E+00
     0.109710408E+00
     0.109710404E+00
     0.109710408E+00
     0.109710416E+00
     0.109710419E+00
     0.109710430E+00
     0.109710444E+00
     0.109710439E+00
     0.109710444E+00
     0.109710450E+00
     0.109710454E+00
     0.109710463E+00
     0.109710476E+00
     0.109710472E+00
     0.109710476E+00
     0.109710482E+00
     0.109710485E+00
     0.109710494E+00
     0.109710505E+00
     0.109710502E+00
     0.109710505E+00
     0.109710511E+00
     0.109710514E+00
     0.109710522E+00
     0.109710532E+00
     0.109710529E+00
     0.109710532E+00
     0.109710537E+00
     0.109710540E+00
     0.109710547E+00
     0.109710556E+00
     0.109710553E+00
     0.109710556E+00
     0.109710561E+00
     0.109710563E+00
     0.109710569E+00
     0.109710578E+00
     0.109710575E+00
     0.109710578E+00
     0.109710582E+00
     0.109710584E+00
     0.109710590E+00
     0.109710597E+00
     0.109710595E+00
     0.109710597E+00
     0.109710601E+00
     0.109710602E+00
     0.109710607E+00
     0.109710614E+00
     0.109710612E+00
     0.109710614E+00
     0.109710617E+00
     0.109710618E+00
     0.109710623E+00
     0.109710629E+00
     0.109710627E+00
     0.109710629E+00
     0.109710631E+00
     0.109710632E+00
     0.109710636E+00
     0.109710641E+00
     0.109710640E+00
     0.109710641E+00
     0.109710643E+00
     0.109710644E+00
     0.109710647E+00
     0.109710651E+00
     0.109710650E+00
     0.109710651E+00
     0.109710653E+00
     0.109710654E+00
     0.109710656E+00
     0.109710659E+00
     0.109710658E+00
     0.109710659E+00
     0.109710661E+00
     0.109710661E+00
     0.109710663E+00
     0.109710665E+00
     0.109710665E+00
     0.109710665E+00
     0.109710667E+00
     0.109710667E+00
     0.109710669E+00
     0.109710670E+00
     0.109710670E+00
     0.109710670E+00
     0.109710671E+00
     0.109710671E+00
     0.109710673E+00
     0.109710674E+00
     0.109710673E+00
     0.109710674E+00
     0.109710674E+00
     0.109710675E+00
     0.109710675E+00
     0.109710676E+00
     0.109710676E+00
     0.109710676E+00
     0.109710676E+00
     0.109710677E+00
     0.109710677E+00
     0.109710677E+00
     0.109710677E+00
     0.109710677E+00
     0.109710677E+00
     0.109710677E+00
     0.109710678E+00
     0.109710678E+00
     0.109710678E+00
     0.109710678E+00
     0.109710678E+00
     0.109710678E+00
     0.109710677E+00
     0.109710677E+00
     0.109710677E+00
     0.109710677E+00
     0.109710677E+00
     0.109710677E+00
     0.109710676E+00
     0.109710676E+00
     0.109710676E+00
     0.109710676E+00
     0.109710676E+00
     0.109710675E+00
     0.109710675E+00
     0.109710674E+00
     0.109710674E+00
     0.109710674E+00
     0.109710674E+00
     0.109710673E+00
     0.109710673E+00
     0.109710672E+00
     0.109710672E+00
     0.109710672E+00
     0.109710671E+00
     0.109710671E+00
     0.109710670E+00
     0.109710669E+00
     0.109710669E+00
     0.109710669E+00
     0.109710668E+00
     0.109710668E+00
     0.109710667E+00
     0.109710665E+00
     0.109710666E+00
     0.109710665E+00
     0.109710665E+00
     0.109710664E+00
     0.109710663E+00
     0.109710662E+00
     0.109710662E+00
     0.109710662E+00
     0.109710661E+00
     0.109710660E+00
     0.109710659E+00
     0.109710658E+00
     0.109710658E+00
     0.109710658E+00
     0.109710657E+00
     0.109710656E+00
     0.109710655E+00
     0.109710653E+00
     0.109710654E+00
     0.109710653E+00
     0.109710652E+00
     0.109710652E+00
     0.109710650E+00
     0.109710649E+00
     0.109710649E+00
     0.109710649E+00
     0.109710648E+00
     0.109710647E+00
     0.109710646E+00
     0.109710644E+00
     0.109710644E+00
     0.109710644E+00
     0.109710643E+00
     0.109710642E+00
     0.109710641E+00
     0.109710639E+00
     0.109710639E+00
     0.109710639E+00
     0.109710638E+00
     0.109710637E+00
     0.109710636E+00
     0.109710633E+00
     0.109710634E+00
     0.109710633E+00
     0.109710632E+00
     0.109710632E+00
     0.109710630E+00
     0.109710628E+00
     0.109710629E+00
     0.109710628E+00
     0.109710627E+00
     0.109710627E+00
     0.109710625E+00
     0.109710623E+00
     0.109710623E+00
     0.109710623E+00
     0.109710622E+00
     0.109710621E+00
     0.109710619E+00
     0.109710617E+00
     0.109710618E+00
     0.109710617E+00
     0.109710616E+00
     0.109710616E+00
     0.109710614E+00
     0.109710612E+00
     0.109710612E+00
     0.109710612E+00
     0.109710611E+00
     0.109710610E+00
     0.109710608E+00
     0.109710606E+00
     0.109710607E+00
     0.109710606E+00
     0.109710605E+00
     0.109710604E+00
     0.109710603E+00
     0.109710600E+00
     0.109710601E+00
     0.109710600E+00
     0.109710599E+00
     0.109710599E+00
     0.109710597E+00
     0.109710595E+00
     0.109710596E+00
     0.109710595E+00
     0.109710594E+00
     0.109710593E+00
     0.109710591E+00
     0.109710589E+00
     0.109710590E+00
     0.109710589E+00
     0.109710588E+00
     0.109710588E+00
     0.109710586E+00
     0.109710584E+00
     0.109710584E+00
     0.109710584E+00
     0.109710583E+00
     0.109710582E+00
     0.109710580E+00
     0.109710578E+00
     0.109710579E+00
     0.109710578E+00
     0.109710577E+00
     0.109710576E+00
     0.109710575E+00
     0.109710572E+00
     0.109710573E+00
     0.109710572E+00
     0.109710571E+00
     0.109710571E+00
     0.109710569E+00
     0.109710567E+00
     0.109710568E+00
     0.109710567E+00
     0.109710566E+00
     0.109710565E+00
     0.109710564E+00
     0.109710562E+00
     0.109710562E+00
     0.109710562E+00
     0.109710560E+00
     0.109710560E+00
     0.109710558E+00
     0.109710556E+00
     0.109710557E+00
     0.109710556E+00
     0.109710555E+00
     0.109710555E+00
     0.109710553E+00
     0.109710551E+00
     0.109710552E+00
     0.109710551E+00
     0.109710550E+00
     0.109710549E+00
     0.109710548E+00
     0.109710546E+00
     0.109710546E+00
     0.109710546E+00
     0.109710545E+00
     0.109710544E+00
     0.109710543E+00
     0.109710540E+00
     0.109710541E+00
     0.109710540E+00
     0.109710539E+00
     0.109710539E+00
     0.109710537E+00
     0.109710535E+00
     0.109710536E+00
     0.109710535E+00
     0.109710534E+00
     0.109710534E+00
     0.109710532E+00
     0.109710530E+00
     0.109710531E+00
     0.109710530E+00
     0.109710529E+00
     0.109710529E+00
     0.109710528E+00
     0.109710526E+00
     0.109710526E+00
     0.109710526E+00
     0.109710525E+00
     0.109710524E+00
     0.109710523E+00
     0.109710521E+00
     0.109710521E+00
     0.109710521E+00
     0.109710520E+00
     0.109710519E+00
     0.109710518E+00
     0.109710516E+00
     0.109710517E+00
     0.109710516E+00
     0.109710515E+00
     0.109710515E+00
     0.109710513E+00
     0.109710512E+00
     0.109710512E+00
     0.109710512E+00
     0.109710511E+00
     0.109710510E+00
     0.109710509E+00
     0.109710507E+00
     0.109710508E+00
     0.109710507E+00
     0.109710506E+00
     0.109710506E+00
     0.109710504E+00
     0.109710503E+00
     0.109710503E+00
     0.109710503E+00
     0.109710502E+00
     0.109710501E+00
     0.109710500E+00
     0.109710498E+00
     0.109710499E+00
     0.109710498E+00
     0.109710498E+00
     0.109710497E+00
     0.109710496E+00
     0.109710494E+00
     0.109710495E+00
     0.109710494E+00
     0.109710493E+00
     0.109710493E+00
     0.109710492E+00
     0.109710490E+00
     0.109710491E+00
     0.109710490E+00
     0.109710489E+00
     0.109710489E+00
     0.109710488E+00
     0.109710486E+00
     0.109710487E+00
     0.109710486E+00
     0.109710485E+00
     0.109710485E+00
     0.109710484E+00
     0.109710482E+00
     0.109710483E+00
     0.109710482E+00
     0.109710482E+00
     0.109710481E+00
     0.109710480E+00
     0.109710479E+00
     0.109710479E+00
     0.109710479E+00
     0.109710478E+00
     0.109710478E+00
     0.109710477E+00
     0.109710475E+00
     0.109710476E+00
     0.109710475E+00
     0.109710474E+00
     0.109710474E+00
     0.109710473E+00
     0.109710472E+00
     0.109710472E+00
     0.109710472E+00
     0.109710471E+00
     0.109710471E+00
     0.109710469E+00
     0.109710468E+00
     0.109710469E+00
     0.109710468E+00
     0.109710467E+00
     0.109710467E+00
     0.109710466E+00
     0.109710465E+00
     0.109710465E+00
     0.109710465E+00
     0.109710464E+00
     0.109710464E+00
     0.109710463E+00
     0.109710462E+00
     0.109710462E+00
     0.109710462E+00
     0.109710461E+00
     0.109710461E+00
     0.109710460E+00
     0.109710459E+00
     0.109710459E+00
     0.109710459E+00
     0.109710458E+00
     0.109710458E+00
     0.109710457E+00
     0.109710456E+00
     0.109710456E+00
     0.109710456E+00
     0.109710455E+00
     0.109710455E+00
     0.109710454E+00
     0.109710453E+00
     0.109710453E+00
     0.109710453E+00
     0.109710452E+00
     0.109710452E+00
     0.109710451E+00
     0.109710450E+00
     0.109710450E+00
     0.109710450E+00
     0.109710449E+00
     0.109710449E+00
     0.109710448E+00
     0.109710447E+00
     0.109710447E+00
     0.109710447E+00
     0.109710447E+00
     0.109710446E+00
     0.109710446E+00
     0.109710445E+00
     0.109710445E+00
     0.109710445E+00
     0.109710444E+00
     0.109710444E+00
     0.109710443E+00
     0.109710442E+00
     0.109710442E+00
     0.109710442E+00
     0.109710442E+00
     0.109710441E+00
     0.109710441E+00
     0.109710440E+00
     0.109710440E+00
     0.109710440E+00
     0.109710439E+00
     0.109710439E+00
     0.109710438E+00
     0.109710437E+00
     0.109710438E+00
     0.109710437E+00
     0.109710437E+00
     0.109710437E+00
     0.109710436E+00
     0.109710435E+00
     0.109710435E+00
     0.109710435E+00
     0.109710435E+00
     0.109710434E+00
     0.109710434E+00
     0.109710433E+00
     0.109710433E+00
     0.109710433E+00
     0.109710432E+00
     0.109710432E+00
     0.109710432E+00
     0.109710431E+00
     0.109710431E+00
     0.109710431E+00
     0.109710430E+00
     0.109710430E+00
     0.109710430E+00
     0.109710429E+00
     0.109710429E+00
     0.109710429E+00
     0.109710428E+00
     0.109710428E+00
     0.109710428E+00
     0.109710427E+00
     0.109710427E+00
     0.109710427E+00
     0.109710426E+00
     0.109710426E+00
     0.109710426E+00
     0.109710425E+00
     0.109710425E+00
     0.109710425E+00
     0.109710425E+00
     0.109710424E+00
     0.109710424E+00
     0.109710423E+00
     0.109710423E+00
     0.109710423E+00
     0.109710423E+00
     0.109710423E+00
     0.109710422E+00
     0.109710422E+00
     0.109710422E+00
     0.109710422E+00
     0.109710421E+00
     0.109710421E+00
     0.109710421E+00
     0.109710420E+00
     0.109710420E+00
     0.109710420E+00
     0.109710420E+00
     0.109710419E+00
     0.109710419E+00
     0.109710418E+00
     0.109710419E+00
     0.109710418E+00
     0.109710418E+00
     0.109710418E+00
     0.109710417E+00
     0.109710417E+00
     0.109710417E+00
     0.109710417E+00
     0.109710417E+00
     0.109710416E+00
     0.109710416E+00
     0.109710416E+00
     0.109710416E+00
     0.109710416E+00
     0.109710415E+00
     0.109710415E+00
     0.109710415E+00
     0.109710414E+00
     0.109710414E+00
     0.109710414E+00
     0.109710414E+00
     0.109710414E+00
     0.109710413E+00
     0.109710413E+00
     0.109710413E+00
     0.109710413E+00
     0.109710413E+00
     0.109710412E+00
     0.109710412E+00
     0.109710412E+00
     0.109710412E+00
     0.109710412E+00
     0.109710411E+00
     0.109710411E+00
     0.109710411E+00
     0.109710410E+00
     0.109710411E+00
     0.109710410E+00
     0.109710410E+00
     0.109710410E+00
     0.109710410E+00
     0.109710409E+00
     0.109710410E+00
     0.109710409E+00
     0.109710409E+00
     0.109710409E+00
     0.109710409E+00
     0.109710408E+00
     0.109710408E+00
     0.109710408E+00
     0.109710408E+00
     0.109710408E+00
     0.109710408E+00
     0.109710407E+00
     0.109710407E+00
     0.109710407E+00
     0.109710407E+00
     0.109710407E+00
     0.109710407E+00
     0.109710406E+00
     0.109710406E+00
     0.109710406E+00
     0.109710406E+00
     0.109710406E+00
     0.109710406E+00
     0.109710405E+00
     0.109710406E+00
     0.109710405E+00
     0.109710405E+00
     0.109710405E+00
     0.109710405E+00
     0.109710405E+00
     0.109710405E+00
     0.109710405E+00
     0.109710404E+00
     0.109710404E+00
     0.109710404E+00
     0.109710404E+00
     0.109710404E+00
     0.109710404E+00
     0.109710404E+00
     0.109710404E+00
     0.109710403E+00
     0.109710403E+00
     0.109710403E+00
     0.109710403E+00
     0.109710403E+00
     0.109710403E+00
     0.109710403E+00
     0.109710402E+00
     0.109710402E+00
     0.109710402E+00
     0.109710402E+00
     0.109710402E+00
     0.109710402E+00
     0.109710402E+00
     0.109710402E+00
     0.109710402E+00
     0.109710401E+00
     0.109710401E+00
     0.109710401E+00
     0.109710401E+00
     0.109710401E+00
     0.109710401E+00
     0.109710401E+00
     0.109710401E+00
     0.109710401E+00
     0.109710400E+00
     0.109710400E+00
     0.109710400E+00
     0.109710400E+00
     0.109710400E+00
     0.109710400E+00
     0.109710400E+00
     0.109710400E+00
     0.109710400E+00
     0.109710400E+00
     0.109710400E+00
     0.109710399E+00
     0.109710399E+00
     0.109710399E+00
     0.109710399E+00
     0.109710399E+00
     0.109710399E+00
     0.109710399E+00
     0.109710399E+00
     0.109710399E+00
     0.109710399E+00
     0.109710399E+00
     0.109710399E+00
     0.109710398E+00
     0.109710398E+00
     0.109710398E+00
     0.109710398E+00
     0.109710398E+00
     0.109710398E+00
     0.109710398E+00
     0.109710398E+00
     0.109710398E+00
     0.109710398E+00
     0.109710398E+00
     0.109710398E+00
     0.109710398E+00
     0.109710397E+00
     0.109710397E+00
     0.109710397E+00
     0.109710397E+00
     0.109710397E+00
     0.109710397E+00
     0.109710397E+00
     0.109710397E+00
     0.109710397E+00
     0.109710397E+00
     0.109710397E+00
     0.109710397E+00
     0.109710397E+00
     0.109710397E+00
     0.109710397E+00
     0.109710397E+00
     0.109710397E+00
     0.109710396E+00
     0.109710396E+00
     0.109710396E+00
     0.109710396E+00
     0.109710396E+00
     0.109710396E+00
     0.109710396E+00
     0.109710396E+00
     0.109710396E+00
     0.109710396E+00
     0.109710396E+00
     0.109710396E+00
     0.109710396E+00
     0.109710396E+00
     0.109710396E+00
     0.109710396E+00
     0.109710396E+00
     0.109710396E+00
     0.109710395E+00
     0.109710395E+00
     0.109710395E+00
     0.109710395E+00
     0.109710395E+00
     0.109710395E+00
     0.109710395E+00
     0.109710395E+00
     0.109710395E+00
     0.109710395E+00
     0.109710395E+00
     0.109710395E+00
     0.109710395E+00
     0.109710395E+00
     0.109710395E+00
     0.109710395E+00
     0.109710395E+00
     0.109710395E+00
     0.109710395E+00
     0.109710395E+00
     0.109710395E+00
     0.109710395E+00
     0.109710395E+00
     0.109710395E+00
     0.109710395E+00
     0.109710394E+00
     0.109710395E+00
     0.109710394E+00
     0.109710394E+00
     0.109710394E+00
     0.109710394E+00
     0.109710394E+00
     0.109710394E+00
     0.109710394E+00
     0.109710394E+00
     0.109710394E+00
     0.109710394E+00
     0.109710394E+00
     0.109710394E+00
     0.109710394E+00
     0.109710394E+00
     0.109710394E+00
     0.109710394E+00
     0.109710394E+00
     0.109710394E+00
     0.109710394E+00
     0.109710394E+00
     0.109710394E+00
     0.109710394E+00
     0.109710394E+00
     0.109710394E+00
     0.109710394E+00
     0.109710394E+00
     0.109710394E+00
     0.109710394E+00
     0.109710394E+00
     0.109710394E+00
     0.109710394E+00
     0.109710394E+00
     0.109710394E+00
     0.109710394E+00
     0.109710394E+00
     0.109710394E+00
     0.109710394E+00
     0.109710394E+00
     0.109710394E+00
     0.109710393E+00
     0.109710393E+00
     0.109710393E+00
     0.109710393E+00
     0.109710393E+00
     0.109710393E+00
     0.109710393E+00
     0.109710393E+00
     0.109710393E+00
     0.109710393E+00
     0.109710393E+00
     0.109710393E+00
     0.109710393E+00
     0.109710393E+00
     0.109710393E+00
     0.109710393E+00
     0.109710393E+00
     0.109710393E+00
     0.109710393E+00
     0.109710393E+00
     0.109710393E+00
     0.109710393E+00
     0.109710393E+00
     0.109710393E+00
     0.109710393E+00
     0.109710393E+00
     0.109710393E+00
     0.109710393E+00
     0.109710393E+00
     0.109710393E+00
     0.109710393E+00
     0.109710393E+00
     0.109710393E+00
     0.109710393E+00
     0.109710393E+00
     0.109710393E+00
     0.109710393E+00
     0.109710393E+00
     0.109710393E+00
     0.109710393E+00
     0.109710393E+00
     0.109710393E+00
     0.109710393E+00
     0.109710393E+00
     0.109710393E+00
     0.109710393E+00
     0.109710393E+00
     0.109710393E+00
     0.109710393E+00
     0.109710393E+00
     0.109710393E+00
     0.109710393E+00
     0.109710393E+00
     0.109710393E+00
     0.109710393E+00
     0.109710393E+00
     0.109710393E+00
     0.109710393E+00
     0.109710393E+00
     0.109710393E+00
     0.109710393E+00
     0.109710393E+00
     0.109710393E+00
     0.109710393E+00
     0.109710393E+00
     0.109710393E+00
     0.109710393E+00
     0.109710393E+00
     0.109710393E+00
     0.109710393E+00
     0.109710393E+00
     0.109710393E+00
     0.109710393E+00
     0.109710393E+00
     0.109710393E+00
     0.109710393E+00
     0.109710393E+00
     0.109710393E+00
     0.109710393E+00
     0.109710393E+00
     0.109710393E+00
     0.109710393E+00
     0.109710393E+00
     0.109710393E+00
     0.109710393E+00
     0.109710393E+00
     0.109710393E+00
     0.109710393E+00
     0.109710393E+00
     0.109710393E+00
     0.109710393E+00
     0.109710393E+00
     0.109710393E+00
     0.109710393E+00
     0.109710393E+00
     0.109710393E+00
     0.109710393E+00
     0.109710393E+00
     0.109710393E+00
     0.109710393E+00
     0.109710393E+00
     0.109710393E+00
     0.109710393E+00
     0.109710393E+00
     0.109710393E+00
     0.109710393E+00
     0.109710393E+00
     0.109710393E+00
     0.109710393E+00
     0.109710393E+00
     0.109710393E+00
     0.109710393E+00
     0.109710393E+00
     0.109710393E+00
     0.109710393E+00
     0.109710393E+00
     0.109710393E+00
     0.109710393E+00
     0.109710393E+00
     0.109710393E+00
     0.109710393E+00
     0.109710393E+00
     0.109710393E+00
     0.109710393E+00
     0.109710393E+00
     0.109710393E+00
     0.109710393E+00
     0.109710393E+00
     0.109710393E+00
     0.109710393E+00
     0.109710393E+00
     0.109710393E+00
     0.109710393E+00
     0.109710393E+00
     0.109710393E+00
     0.109710393E+00
     0.109710393E+00
     0.109710393E+00
     0.109710393E+00
     0.109710393E+00
     0.109710393E+00
     0.109710393E+00
     0.109710393E+00
     0.109710393E+00
     0.109710393E+00
     0.109710393E+00
     0.109710393E+00
     0.109710393E+00
     0.109710393E+00
     0.109710393E+00
     0.109710393E+00
     0.109710393E+00
     0.109710393E+00
     0.109710393E+00
     0.109710393E+00
     0.109710393E+00
     0.109710393E+00
     0.109710393E+00
     0.109710393E+00
     0.109710393E+00
     0.109710393E+00
     0.109710393E+00
     0.109710393E+00
     0.109710393E+00
     0.109710393E+00
     0.109710393E+00
     0.109710393E+00
     0.109710393E+00
     0.109710393E+00
     0.109710393E+00
     0.109710393E+00
     0.109710393E+00
     0.109710393E+00
     0.109710393E+00
     0.109710393E+00
     0.109710393E+00
     0.109710393E+00
     0.109710393E+00
     0.109710393E+00
     0.109710393E+00
     0.109710393E+00
     0.109710393E+00
     0.109710393E+00
     0.109710393E+00
     0.109710393E+00
     0.109710393E+00
     0.109710393E+00
     0.109710393E+00
     0.109710393E+00
     0.109710393E+00
     0.109710393E+00
     0.109710393E+00
     0.109710393E+00
     0.109710393E+00
     0.109710393E+00
     0.109710393E+00
     0.109710393E+00
     0.109710393E+00
     0.109710393E+00
     0.109710393E+00
     0.109710393E+00
     0.109710393E+00
     0.109710393E+00
     0.109710393E+00
     0.109710393E+00
     0.109710393E+00
     0.109710393E+00
     0.109710393E+00
     0.109710393E+00
     0.109710393E+00
     0.109710393E+00
     0.109710393E+00
     0.109710393E+00
     0.109710393E+00
     0.109710393E+00
     0.109710393E+00
     0.109710393E+00
     0.109710393E+00
     0.109710393E+00
     0.109710393E+00
     0.109710393E+00
     0.109710393E+00
     0.109710393E+00
     0.109710393E+00
     0.109710393E+00
     0.109710393E+00
     0.109710393E+00
     0.109710393E+00
     0.109710393E+00
     0.109710393E+00
     0.109710393E+00
     0.109710393E+00
     0.109710393E+00
     0.109710393E+00
     0.109710393E+00
     0.109710393E+00
     0.109710393E+00
     0.109710393E+00
     0.109710393E+00
     0.109710393E+00
     0.109710393E+00
     0.109710393E+00
     0.109710393E+00
     0.109710393E+00
     0.109710393E+00
     0.109710393E+00
     0.109710393E+00
     0.109710393E+00
     0.109710393E+00
     0.109710393E+00
     0.109710393E+00
     0.109710393E+00
     0.109710393E+00
     0.109710393E+00
     0.109710393E+00
     0.109710393E+00
     0.109710393E+00
     0.109710393E+00
     0.109710393E+00
     0.109710393E+00
     0.109710393E+00
     0.109710393E+00
     0.109710393E+00
     0.109710393E+00
     0.109710393E+00
     0.109710393E+00
     0.109710393E+00
     0.109710393E+00
     0.109710393E+00
     0.109710393E+00
     0.109710393E+00
     0.109710393E+00
     0.109710393E+00
     0.109710393E+00
     0.109710393E+00
     0.109710393E+00
     0.109710393E+00
     0.109710393E+00
     0.109710393E+00
     0.109710393E+00
     0.109710393E+00
     0.109710393E+00
     0.109710393E+00
     0.109710393E+00
     0.109710393E+00
