     0.570000000E+01
     0.649404339E+01
     0.686084189E+01
     0.795504630E+01
     0.929271564E+01
     0.889014525E+01
     0.577940434E+01
     0.581881708E+01
     0.593704936E+01
     0.609377031E+01
     0.604490900E+01
     0.571020727E+01
     0.571530614E+01
     0.573060275E+01
     0.575098335E+01
     0.574461624E+01
     0.575098335E+01
     0.576690572E+01
     0.577485519E+01
     0.579870354E+01
     0.583046473E+01
     0.582054386E+01
     0.575768761E+01
     0.576103766E+01
     0.577108782E+01
     0.578448156E+01
     0.578029681E+01
     0.578448155E+01
     0.579233481E+01
     0.579625857E+01
     0.580802985E+01
     0.582371595E+01
     0.581881514E+01
     0.582371594E+01
     0.583134419E+01
     0.583515558E+01
     0.584658976E+01
     0.586182683E+01
     0.585706629E+01
     0.586182683E+01
     0.586972641E+01
     0.587367324E+01
     0.588551376E+01
     0.590129191E+01
     0.589636237E+01
     0.590129191E+01
     0.590939875E+01
     0.591344904E+01
     0.592559991E+01
     0.594179131E+01
     0.593673270E+01
     0.594179131E+01
     0.595005543E+01
     0.595418422E+01
     0.596657056E+01
     0.598307546E+01
     0.597791894E+01
     0.598307546E+01
     0.599146001E+01
     0.599564888E+01
     0.600821549E+01
     0.602496035E+01
     0.601972888E+01
     0.602496035E+01
     0.603343738E+01
     0.603767239E+01
     0.605037740E+01
     0.606730647E+01
     0.606201748E+01
     0.606730647E+01
     0.607585432E+01
     0.608012464E+01
     0.609293559E+01
     0.611000563E+01
     0.610467262E+01
     0.611000563E+01
     0.611860714E+01
     0.612290422E+01
     0.613579545E+01
     0.615297228E+01
     0.614760593E+01
     0.615297227E+01
     0.616161370E+01
     0.616593067E+01
     0.617888157E+01
     0.619613774E+01
     0.619074662E+01
     0.619613774E+01
     0.620480788E+01
     0.620913915E+01
     0.622213294E+01
     0.623944612E+01
     0.623403721E+01
     0.623944612E+01
     0.624813577E+01
     0.625247674E+01
     0.626549962E+01
     0.628285143E+01
     0.627743047E+01
     0.628285143E+01
     0.629155292E+01
     0.629589976E+01
     0.630894026E+01
     0.632631541E+01
     0.632088718E+01
     0.632631541E+01
     0.633502232E+01
     0.633937182E+01
     0.635242032E+01
     0.636980600E+01
     0.636437449E+01
     0.636980600E+01
     0.637851289E+01
     0.638286234E+01
     0.639591070E+01
     0.641329608E+01
     0.640786468E+01
     0.641329608E+01
     0.642199833E+01
     0.642634544E+01
     0.643938674E+01
     0.645676260E+01
     0.645133419E+01
     0.645676260E+01
     0.646545626E+01
     0.646979904E+01
     0.648282736E+01
     0.650018582E+01
     0.649476285E+01
     0.650018582E+01
     0.650886748E+01
     0.651320423E+01
     0.652621448E+01
     0.654354875E+01
     0.653813335E+01
     0.654354875E+01
     0.655221548E+01
     0.655654473E+01
     0.656953250E+01
     0.658683671E+01
     0.658143072E+01
     0.658683671E+01
     0.659548595E+01
     0.659980644E+01
     0.661276790E+01
     0.663003696E+01
     0.662464197E+01
     0.663003696E+01
     0.663866649E+01
     0.664297710E+01
     0.665590892E+01
     0.667313841E+01
     0.666775578E+01
     0.667313841E+01
     0.668174627E+01
     0.668604603E+01
     0.669894531E+01
     0.671613133E+01
     0.671076230E+01
     0.671613133E+01
     0.672471583E+01
     0.672900390E+01
     0.674186807E+01
     0.675900724E+01
     0.675365286E+01
     0.675900724E+01
     0.676756688E+01
     0.677184250E+01
     0.678466934E+01
     0.680175866E+01
     0.679641986E+01
     0.680175866E+01
     0.681029213E+01
     0.681455464E+01
     0.682734217E+01
     0.684437902E+01
     0.683905662E+01
     0.684437902E+01
     0.685288515E+01
     0.685713398E+01
     0.686988046E+01
     0.688686253E+01
     0.688155726E+01
     0.688686253E+01
     0.689534030E+01
     0.689957494E+01
     0.691227883E+01
     0.692920407E+01
     0.692391657E+01
     0.692920408E+01
     0.693765258E+01
     0.694187257E+01
     0.695453252E+01
     0.697139914E+01
     0.696612995E+01
     0.697139914E+01
     0.697981757E+01
     0.698402251E+01
     0.699663733E+01
     0.701344372E+01
     0.700819336E+01
     0.701344372E+01
     0.702183139E+01
     0.702602093E+01
     0.703858954E+01
     0.705533431E+01
     0.705010321E+01
     0.705533431E+01
     0.706369057E+01
     0.706786440E+01
     0.708038589E+01
     0.709706777E+01
     0.709185633E+01
     0.709706777E+01
     0.710539209E+01
     0.710954993E+01
     0.712202346E+01
     0.713864137E+01
     0.713344993E+01
     0.713864137E+01
     0.714693325E+01
     0.715107486E+01
     0.716349970E+01
     0.718005267E+01
     0.717488152E+01
     0.718005267E+01
     0.718831168E+01
     0.719243686E+01
     0.720481237E+01
     0.722129953E+01
     0.721614896E+01
     0.722129953E+01
     0.722952531E+01
     0.723363385E+01
     0.724595947E+01
     0.726238009E+01
     0.725725031E+01
     0.726238009E+01
     0.727057229E+01
     0.727466404E+01
     0.728693929E+01
     0.730329270E+01
     0.729818392E+01
     0.730329270E+01
     0.731145104E+01
     0.731552585E+01
     0.732775028E+01
     0.734403592E+01
     0.733894833E+01
     0.734403592E+01
     0.735216016E+01
     0.735621791E+01
     0.736839115E+01
     0.738460851E+01
     0.737954226E+01
     0.738460852E+01
     0.739269843E+01
     0.739673902E+01
     0.740886075E+01
     0.742500941E+01
     0.741996464E+01
     0.742500941E+01
     0.743306483E+01
     0.743708815E+01
     0.744915810E+01
     0.746523770E+01
     0.746021451E+01
     0.746523770E+01
     0.747325845E+01
     0.747726443E+01
     0.748928237E+01
     0.750529259E+01
     0.750029108E+01
     0.750529259E+01
     0.751327855E+01
     0.751726713E+01
     0.752923286E+01
     0.754517344E+01
     0.754019369E+01
     0.754517344E+01
     0.755312450E+01
     0.755709562E+01
     0.756900898E+01
     0.758487971E+01
     0.757992180E+01
     0.758487971E+01
     0.759279579E+01
     0.759674941E+01
     0.760861027E+01
     0.762441098E+01
     0.761947495E+01
     0.762441098E+01
     0.763229200E+01
     0.763622809E+01
     0.764803635E+01
     0.766376691E+01
     0.765885281E+01
     0.766376691E+01
     0.767161283E+01
     0.767553136E+01
     0.768728695E+01
     0.770294726E+01
     0.769805511E+01
     0.770294726E+01
     0.771075804E+01
     0.771465900E+01
     0.772636187E+01
     0.774195185E+01
     0.773708168E+01
     0.774195185E+01
     0.774972748E+01
     0.775361086E+01
     0.776526097E+01
     0.778078061E+01
     0.777593242E+01
     0.778078061E+01
     0.778852108E+01
     0.779238687E+01
     0.780398422E+01
     0.781943349E+01
     0.781460730E+01
     0.781943350E+01
     0.782713881E+01
     0.783098702E+01
     0.784253163E+01
     0.785791055E+01
     0.785310634E+01
     0.785791055E+01
     0.786558073E+01
     0.786941136E+01
     0.788090325E+01
     0.789621186E+01
     0.789142963E+01
     0.789621186E+01
     0.790384694E+01
     0.790766001E+01
     0.791909922E+01
     0.793433757E+01
     0.792957730E+01
     0.793433758E+01
     0.794193758E+01
     0.794573312E+01
     0.795711971E+01
     0.797228788E+01
     0.796754954E+01
     0.797228789E+01
     0.797985287E+01
     0.798363089E+01
     0.799496493E+01
     0.801006302E+01
     0.800534658E+01
     0.801006302E+01
     0.801759304E+01
     0.802135357E+01
     0.803263514E+01
     0.804766326E+01
     0.804296869E+01
     0.804766326E+01
     0.805515837E+01
     0.805890144E+01
     0.807013064E+01
     0.808508891E+01
     0.808041617E+01
     0.808508891E+01
     0.809254919E+01
     0.809627483E+01
     0.810745176E+01
     0.812234031E+01
     0.811768936E+01
     0.812234032E+01
     0.812976583E+01
     0.813347409E+01
     0.814459886E+01
     0.815941785E+01
     0.815478864E+01
     0.815941786E+01
     0.816680869E+01
     0.817049961E+01
     0.818157234E+01
     0.819632193E+01
     0.819171441E+01
     0.819632194E+01
     0.820367818E+01
     0.820735179E+01
     0.821837261E+01
     0.823305298E+01
     0.822846709E+01
     0.823305298E+01
     0.824037472E+01
     0.824403107E+01
     0.825500013E+01
     0.826961145E+01
     0.826504715E+01
     0.826961145E+01
     0.827689878E+01
     0.828053793E+01
     0.829145536E+01
     0.830599783E+01
     0.830145504E+01
     0.830599783E+01
     0.831325085E+01
     0.831687283E+01
     0.832773879E+01
     0.834221260E+01
     0.833769127E+01
     0.834221260E+01
     0.834943142E+01
     0.835303630E+01
     0.836385093E+01
     0.837825629E+01
     0.837375635E+01
     0.837825630E+01
     0.838544102E+01
     0.838902884E+01
     0.839979231E+01
     0.841412944E+01
     0.840965083E+01
     0.841412945E+01
     0.842128018E+01
     0.842485100E+01
     0.843556347E+01
     0.844983259E+01
     0.844537523E+01
     0.844983260E+01
     0.845694945E+01
     0.846050334E+01
     0.847116498E+01
     0.848536632E+01
     0.848093014E+01
     0.848536632E+01
     0.849244942E+01
     0.849598642E+01
     0.850659741E+01
     0.852073120E+01
     0.851631613E+01
     0.852073120E+01
     0.852778066E+01
     0.853130083E+01
     0.854186134E+01
     0.855592782E+01
     0.855153379E+01
     0.855592782E+01
     0.856294376E+01
     0.856644717E+01
     0.857695739E+01
     0.859095679E+01
     0.858658372E+01
     0.859095679E+01
     0.859793933E+01
     0.860142604E+01
     0.861188615E+01
     0.862581872E+01
     0.862146654E+01
     0.862581872E+01
     0.863276799E+01
     0.863623806E+01
     0.864664825E+01
     0.866051424E+01
     0.865618287E+01
     0.866051425E+01
     0.866743037E+01
     0.867088386E+01
     0.868124432E+01
     0.869504399E+01
     0.869073334E+01
     0.869504399E+01
     0.870192710E+01
     0.870536407E+01
     0.871567499E+01
     0.872940859E+01
     0.872511860E+01
     0.872940860E+01
     0.873625882E+01
     0.873967935E+01
     0.874994092E+01
     0.876360872E+01
     0.875933929E+01
     0.876360872E+01
     0.877042619E+01
     0.877383033E+01
     0.878404276E+01
     0.879764501E+01
     0.879339607E+01
     0.879764502E+01
     0.880442986E+01
     0.880781769E+01
     0.881798117E+01
     0.883151815E+01
     0.882728960E+01
     0.883151815E+01
     0.883827050E+01
     0.884164208E+01
     0.885175682E+01
     0.886522878E+01
     0.886102055E+01
     0.886522878E+01
     0.887194878E+01
     0.887530418E+01
     0.888537037E+01
     0.889877759E+01
     0.889458960E+01
     0.889877760E+01
     0.890546538E+01
     0.890880466E+01
     0.891882251E+01
     0.893216526E+01
     0.892799742E+01
     0.893216527E+01
     0.893882096E+01
     0.894214420E+01
     0.895211391E+01
     0.896539247E+01
     0.896124469E+01
     0.896539247E+01
     0.897201623E+01
     0.897532349E+01
     0.898524527E+01
     0.899845991E+01
     0.899433210E+01
     0.899845991E+01
     0.900505186E+01
     0.900834321E+01
     0.901821727E+01
     0.903136826E+01
     0.902726035E+01
     0.903136827E+01
     0.903792855E+01
     0.904120406E+01
     0.905103061E+01
     0.906411823E+01
     0.906003012E+01
     0.906411824E+01
     0.907064699E+01
     0.907390674E+01
     0.908368597E+01
     0.909671051E+01
     0.909264212E+01
     0.909671052E+01
     0.910320788E+01
     0.910645193E+01
     0.911618407E+01
     0.912914580E+01
     0.912509704E+01
     0.912914581E+01
     0.913561192E+01
     0.913884034E+01
     0.914852560E+01
     0.916142480E+01
     0.915739558E+01
     0.916142481E+01
     0.916785982E+01
     0.917107268E+01
     0.918071126E+01
     0.919354822E+01
     0.918953845E+01
     0.919354823E+01
     0.919995227E+01
     0.920314965E+01
     0.921274177E+01
     0.922551676E+01
     0.922152636E+01
     0.922551677E+01
     0.923188999E+01
     0.923507194E+01
     0.924461781E+01
     0.925733113E+01
     0.925336000E+01
     0.925733114E+01
     0.926367367E+01
     0.926684028E+01
     0.927634012E+01
     0.928899204E+01
     0.928504010E+01
     0.928899205E+01
     0.929530404E+01
     0.929845537E+01
     0.930790938E+01
     0.932050019E+01
     0.931656735E+01
     0.932050020E+01
     0.932678179E+01
     0.932991793E+01
     0.933932632E+01
     0.935185631E+01
     0.934794247E+01
     0.935185631E+01
     0.935810765E+01
     0.936122865E+01
     0.937059165E+01
     0.938306109E+01
     0.937916618E+01
     0.938306109E+01
     0.938928231E+01
     0.939238825E+01
     0.940170607E+01
     0.941411525E+01
     0.941023917E+01
     0.941411526E+01
     0.942030650E+01
     0.942339745E+01
     0.943267030E+01
     0.944501951E+01
     0.944116217E+01
     0.944501951E+01
     0.945118093E+01
     0.945425696E+01
     0.946348505E+01
     0.947577457E+01
     0.947193589E+01
     0.947577458E+01
     0.948190631E+01
     0.948496749E+01
     0.949415103E+01
     0.950638115E+01
     0.950256103E+01
     0.950638116E+01
     0.951248334E+01
     0.951552975E+01
     0.952466896E+01
     0.953683996E+01
     0.953303832E+01
     0.953683997E+01
     0.954291275E+01
     0.954594445E+01
     0.955503955E+01
     0.956715172E+01
     0.956336846E+01
     0.956715173E+01
     0.957319524E+01
     0.957621231E+01
     0.958526351E+01
     0.959731713E+01
     0.959355217E+01
     0.959731714E+01
     0.960333154E+01
     0.960633404E+01
     0.961534155E+01
     0.962733691E+01
     0.962359016E+01
     0.962733692E+01
     0.963332234E+01
     0.963631035E+01
     0.964527439E+01
     0.965721177E+01
     0.965348314E+01
     0.965721177E+01
     0.966316836E+01
     0.966614195E+01
     0.967506273E+01
     0.968694241E+01
     0.968323181E+01
     0.968694242E+01
     0.969287032E+01
     0.969582956E+01
     0.970470728E+01
     0.971652956E+01
     0.971283690E+01
     0.971652957E+01
     0.972242891E+01
     0.972537388E+01
     0.973420876E+01
     0.974597391E+01
     0.974229911E+01
     0.974597392E+01
     0.975184486E+01
     0.975477561E+01
     0.976356788E+01
     0.977527619E+01
     0.977161915E+01
     0.977527619E+01
     0.978111886E+01
     0.978403548E+01
     0.979278533E+01
     0.980443708E+01
     0.980079772E+01
     0.980443709E+01
     0.981025163E+01
     0.981315418E+01
     0.982186183E+01
     0.983345731E+01
     0.982983553E+01
     0.983345732E+01
     0.983924387E+01
     0.984213243E+01
     0.985079809E+01
     0.986233757E+01
     0.985873330E+01
     0.986233758E+01
     0.986809629E+01
     0.987097092E+01
     0.987959481E+01
     0.989107858E+01
     0.988749171E+01
     0.989107859E+01
     0.989680959E+01
     0.989967036E+01
     0.990825268E+01
     0.991968102E+01
     0.991611148E+01
     0.991968103E+01
     0.992538447E+01
     0.992823146E+01
     0.993677243E+01
     0.994814561E+01
     0.994459331E+01
     0.994814562E+01
     0.995382164E+01
     0.995665491E+01
     0.996515473E+01
     0.997647305E+01
     0.997293789E+01
     0.997647306E+01
     0.998212179E+01
     0.998494142E+01
     0.999340030E+01
     0.100046640E+02
     0.100011459E+02
     0.100046640E+02
     0.100102856E+02
     0.100130917E+02
     0.100215098E+02
     0.100327193E+02
     0.100292181E+02
     0.100327193E+02
     0.100383138E+02
     0.100411064E+02
     0.100494840E+02
     0.100606394E+02
     0.100571552E+02
     0.100606394E+02
     0.100662071E+02
     0.100689862E+02
     0.100773236E+02
     0.100884252E+02
     0.100849578E+02
     0.100884252E+02
     0.100939662E+02
     0.100967319E+02
     0.101050292E+02
     0.101160773E+02
     0.101126266E+02
     0.101160773E+02
     0.101215917E+02
     0.101243442E+02
     0.101326015E+02
     0.101435964E+02
     0.101401623E+02
     0.101435964E+02
     0.101490844E+02
     0.101518236E+02
     0.101600412E+02
     0.101709833E+02
     0.101675657E+02
     0.101709833E+02
     0.101764449E+02
     0.101791709E+02
     0.101873491E+02
     0.101982385E+02
     0.101948374E+02
     0.101982385E+02
     0.102036739E+02
     0.102063869E+02
     0.102145258E+02
     0.102253628E+02
     0.102219780E+02
     0.102253628E+02
     0.102307722E+02
     0.102334721E+02
     0.102415719E+02
     0.102523568E+02
     0.102489884E+02
     0.102523568E+02
     0.102577403E+02
     0.102604273E+02
     0.102684883E+02
     0.102792213E+02
     0.102758691E+02
     0.102792213E+02
     0.102845790E+02
     0.102872531E+02
     0.102952754E+02
     0.103059569E+02
     0.103026208E+02
     0.103059569E+02
     0.103112891E+02
     0.103139504E+02
     0.103219344E+02
     0.103325648E+02
     0.103292446E+02
     0.103325648E+02
     0.103378718E+02
     0.103405205E+02
     0.103484666E+02
     0.103590466E+02
     0.103557422E+02
     0.103590466E+02
     0.103643284E+02
     0.103669646E+02
     0.103748731E+02
     0.103854029E+02
     0.103821141E+02
     0.103854029E+02
     0.103906598E+02
     0.103932835E+02
     0.104011545E+02
     0.104116344E+02
     0.104083612E+02
     0.104116344E+02
     0.104168664E+02
     0.104194777E+02
     0.104273115E+02
     0.104377417E+02
     0.104344841E+02
     0.104377417E+02
     0.104429491E+02
     0.104455480E+02
     0.104533447E+02
     0.104637255E+02
     0.104604833E+02
     0.104637255E+02
     0.104689083E+02
     0.104714949E+02
     0.104792548E+02
     0.104895864E+02
     0.104863596E+02
     0.104895864E+02
     0.104947448E+02
     0.104973192E+02
     0.105050424E+02
     0.105153251E+02
     0.105121136E+02
     0.105153251E+02
     0.105204592E+02
     0.105230214E+02
     0.105307082E+02
     0.105409422E+02
     0.105377459E+02
     0.105409422E+02
     0.105460521E+02
     0.105486022E+02
     0.105562527E+02
     0.105664384E+02
     0.105632572E+02
     0.105664384E+02
     0.105715242E+02
     0.105740623E+02
     0.105816766E+02
     0.105918142E+02
     0.105886480E+02
     0.105918142E+02
     0.105968760E+02
     0.105994022E+02
     0.106069806E+02
     0.106170703E+02
     0.106139191E+02
     0.106170703E+02
     0.106221083E+02
     0.106246226E+02
     0.106321653E+02
     0.106422073E+02
     0.106390710E+02
     0.106422073E+02
     0.106472217E+02
     0.106497241E+02
     0.106572313E+02
     0.106672259E+02
     0.106641044E+02
     0.106672259E+02
     0.106722167E+02
     0.106747073E+02
     0.106821792E+02
     0.106921267E+02
     0.106890199E+02
     0.106921267E+02
     0.106970941E+02
     0.106995730E+02
     0.107070097E+02
     0.107169103E+02
     0.107138182E+02
     0.107169103E+02
     0.107218544E+02
     0.107243216E+02
     0.107317233E+02
     0.107415773E+02
     0.107384998E+02
     0.107415774E+02
     0.107464982E+02
     0.107489539E+02
     0.107563208E+02
     0.107661284E+02
     0.107630654E+02
     0.107661284E+02
     0.107710262E+02
     0.107734703E+02
     0.107808027E+02
     0.107905641E+02
     0.107875155E+02
     0.107905642E+02
     0.107954390E+02
     0.107978716E+02
     0.108051696E+02
     0.108148851E+02
     0.108118509E+02
     0.108148852E+02
     0.108197372E+02
     0.108221584E+02
     0.108294221E+02
     0.108390920E+02
     0.108360720E+02
     0.108390920E+02
     0.108439214E+02
     0.108463312E+02
     0.108535609E+02
     0.108631854E+02
     0.108601796E+02
     0.108631854E+02
     0.108679922E+02
     0.108703907E+02
     0.108775865E+02
     0.108871659E+02
     0.108841741E+02
     0.108871659E+02
     0.108919502E+02
     0.108943375E+02
     0.109014996E+02
     0.109110340E+02
     0.109080563E+02
     0.109110340E+02
     0.109157960E+02
     0.109181721E+02
     0.109253007E+02
     0.109347904E+02
     0.109318267E+02
     0.109347904E+02
     0.109395302E+02
     0.109418952E+02
     0.109489904E+02
     0.109584357E+02
     0.109554859E+02
     0.109584357E+02
     0.109631533E+02
     0.109655074E+02
     0.109725694E+02
     0.109819705E+02
     0.109790345E+02
     0.109819705E+02
     0.109866661E+02
     0.109890091E+02
     0.109960382E+02
     0.110053953E+02
     0.110024730E+02
     0.110053953E+02
     0.110100690E+02
     0.110124011E+02
     0.110193974E+02
     0.110287107E+02
     0.110258021E+02
     0.110287107E+02
     0.110333627E+02
     0.110356839E+02
     0.110426475E+02
     0.110519174E+02
     0.110490224E+02
     0.110519174E+02
     0.110565477E+02
     0.110588581E+02
     0.110657892E+02
     0.110750158E+02
     0.110721343E+02
     0.110750158E+02
     0.110796246E+02
     0.110819242E+02
     0.110888230E+02
     0.110980065E+02
     0.110951385E+02
     0.110980065E+02
     0.111025939E+02
     0.111048828E+02
     0.111117495E+02
     0.111208902E+02
     0.111180356E+02
     0.111208902E+02
     0.111254563E+02
     0.111277345E+02
     0.111345693E+02
     0.111436674E+02
     0.111408260E+02
     0.111436674E+02
     0.111482122E+02
     0.111504799E+02
     0.111572828E+02
     0.111663385E+02
     0.111635105E+02
     0.111663385E+02
     0.111708623E+02
     0.111731194E+02
     0.111798908E+02
     0.111889043E+02
     0.111860894E+02
     0.111889043E+02
     0.111934071E+02
     0.111956537E+02
     0.112023936E+02
     0.112113651E+02
     0.112085634E+02
     0.112113652E+02
     0.112158471E+02
     0.112180833E+02
     0.112247919E+02
     0.112337217E+02
     0.112309329E+02
     0.112337217E+02
     0.112381829E+02
     0.112404087E+02
     0.112470861E+02
     0.112559744E+02
     0.112531987E+02
     0.112559744E+02
     0.112604150E+02
     0.112626304E+02
     0.112692769E+02
     0.112781239E+02
     0.112753610E+02
     0.112781239E+02
     0.112825439E+02
     0.112847491E+02
     0.112913647E+02
     0.113001706E+02
     0.112974206E+02
     0.113001706E+02
     0.113045702E+02
     0.113067651E+02
     0.113133501E+02
     0.113221151E+02
     0.113193779E+02
     0.113221152E+02
     0.113264943E+02
     0.113286791E+02
     0.113352336E+02
     0.113439579E+02
     0.113412334E+02
     0.113439579E+02
     0.113483169E+02
     0.113504916E+02
     0.113570156E+02
     0.113656995E+02
     0.113629876E+02
     0.113656995E+02
     0.113700383E+02
     0.113722029E+02
     0.113786968E+02
     0.113873404E+02
     0.113846411E+02
     0.113873404E+02
     0.113916592E+02
     0.113938138E+02
     0.114002776E+02
     0.114088811E+02
     0.114061943E+02
     0.114088811E+02
     0.114131799E+02
     0.114153245E+02
     0.114217584E+02
     0.114303221E+02
     0.114276478E+02
     0.114303221E+02
     0.114346010E+02
     0.114367357E+02
     0.114431399E+02
     0.114516638E+02
     0.114490019E+02
     0.114516639E+02
     0.114559230E+02
     0.114580479E+02
     0.114644223E+02
     0.114729068E+02
     0.114702573E+02
     0.114729068E+02
     0.114771464E+02
     0.114792613E+02
     0.114856063E+02
     0.114940515E+02
     0.114914142E+02
     0.114940515E+02
     0.114982715E+02
     0.115003767E+02
     0.115066923E+02
     0.115150984E+02
     0.115124733E+02
     0.115150984E+02
     0.115192989E+02
     0.115213943E+02
     0.115276808E+02
     0.115360479E+02
     0.115334350E+02
     0.115360479E+02
     0.115402290E+02
     0.115423147E+02
     0.115485721E+02
     0.115569004E+02
     0.115542997E+02
     0.115569005E+02
     0.115610622E+02
     0.115631383E+02
     0.115693668E+02
     0.115776565E+02
     0.115750678E+02
     0.115776565E+02
     0.115817991E+02
     0.115838656E+02
     0.115900652E+02
     0.115983165E+02
     0.115957398E+02
     0.115983165E+02
     0.116024399E+02
     0.116044969E+02
     0.116106678E+02
     0.116188809E+02
     0.116163161E+02
     0.116188809E+02
     0.116229852E+02
     0.116250327E+02
     0.116311750E+02
     0.116393500E+02
     0.116367971E+02
     0.116393500E+02
     0.116434354E+02
     0.116454733E+02
     0.116515872E+02
     0.116597243E+02
     0.116571832E+02
     0.116597243E+02
     0.116637907E+02
     0.116658193E+02
     0.116719048E+02
     0.116800041E+02
     0.116774749E+02
     0.116800041E+02
     0.116840518E+02
     0.116860709E+02
     0.116921282E+02
     0.117001899E+02
     0.116976724E+02
     0.117001899E+02
     0.117042188E+02
     0.117062285E+02
     0.117122577E+02
     0.117202820E+02
     0.117177762E+02
     0.117202820E+02
     0.117242922E+02
     0.117262926E+02
     0.117322938E+02
     0.117402807E+02
     0.117377866E+02
     0.117402808E+02
     0.117442724E+02
     0.117462635E+02
     0.117522368E+02
     0.117601865E+02
     0.117577040E+02
     0.117601865E+02
     0.117641596E+02
     0.117661414E+02
     0.117720869E+02
     0.117799997E+02
     0.117775287E+02
     0.117799997E+02
     0.117839543E+02
     0.117859269E+02
     0.117918447E+02
     0.117997205E+02
     0.117972611E+02
     0.117997205E+02
     0.118036567E+02
     0.118056201E+02
     0.118115103E+02
     0.118193493E+02
     0.118169014E+02
     0.118193493E+02
     0.118232671E+02
     0.118252213E+02
     0.118310840E+02
     0.118388864E+02
     0.118364499E+02
     0.118388864E+02
     0.118427859E+02
     0.118447310E+02
     0.118505663E+02
     0.118583321E+02
     0.118559070E+02
     0.118583321E+02
     0.118622133E+02
     0.118641493E+02
     0.118699572E+02
     0.118776866E+02
     0.118752730E+02
     0.118776866E+02
     0.118815497E+02
     0.118834766E+02
     0.118892572E+02
     0.118969502E+02
     0.118945480E+02
     0.118969503E+02
     0.119007952E+02
     0.119027130E+02
     0.119084664E+02
     0.119161232E+02
     0.119137323E+02
     0.119161233E+02
     0.119199501E+02
     0.119218588E+02
     0.119275852E+02
     0.119352058E+02
     0.119328261E+02
     0.119352058E+02
     0.119390146E+02
     0.119409143E+02
     0.119466136E+02
     0.119541982E+02
     0.119518297E+02
     0.119541982E+02
     0.119579889E+02
     0.119598796E+02
     0.119655519E+02
     0.119731005E+02
     0.119707433E+02
     0.119731005E+02
     0.119768732E+02
     0.119787550E+02
     0.119844003E+02
     0.119919130E+02
     0.119895670E+02
     0.119919130E+02
     0.119956678E+02
     0.119975405E+02
     0.120031589E+02
     0.120106357E+02
     0.120083010E+02
     0.120106358E+02
     0.120143726E+02
     0.120162364E+02
     0.120218279E+02
     0.120292690E+02
     0.120269454E+02
     0.120292690E+02
     0.120329879E+02
     0.120348428E+02
     0.120404075E+02
     0.120478127E+02
     0.120455003E+02
     0.120478128E+02
     0.120515138E+02
     0.120533597E+02
     0.120588976E+02
     0.120662672E+02
     0.120639659E+02
     0.120662672E+02
     0.120699503E+02
     0.120717873E+02
     0.120772984E+02
     0.120846323E+02
     0.120823422E+02
     0.120846323E+02
     0.120882976E+02
     0.120901257E+02
     0.120956100E+02
     0.121029082E+02
     0.121006292E+02
     0.121029082E+02
     0.121065556E+02
     0.121083748E+02
     0.121138323E+02
     0.121210948E+02
     0.121188270E+02
     0.121210948E+02
     0.121247244E+02
     0.121265346E+02
     0.121319654E+02
     0.121391923E+02
     0.121369356E+02
     0.121391923E+02
     0.121428039E+02
     0.121446052E+02
     0.121500092E+02
     0.121572004E+02
     0.121549549E+02
     0.121572004E+02
     0.121607942E+02
     0.121625866E+02
     0.121679637E+02
     0.121751192E+02
     0.121728849E+02
     0.121751193E+02
     0.121786951E+02
     0.121804785E+02
     0.121858289E+02
     0.121929486E+02
     0.121907254E+02
     0.121929487E+02
     0.121965066E+02
     0.121982810E+02
     0.122036045E+02
     0.122106885E+02
     0.122084764E+02
     0.122106885E+02
     0.122142284E+02
     0.122159939E+02
     0.122212904E+02
     0.122283386E+02
     0.122261377E+02
     0.122283386E+02
     0.122318605E+02
     0.122336170E+02
     0.122388866E+02
     0.122458988E+02
     0.122437092E+02
     0.122458988E+02
     0.122494026E+02
     0.122511501E+02
     0.122563926E+02
     0.122633688E+02
     0.122611904E+02
     0.122633688E+02
     0.122668545E+02
     0.122685930E+02
     0.122738083E+02
     0.122807484E+02
     0.122785813E+02
     0.122807484E+02
     0.122842159E+02
     0.122859453E+02
     0.122911334E+02
     0.122980372E+02
     0.122958814E+02
     0.122980372E+02
     0.123014865E+02
     0.123032067E+02
     0.123083675E+02
     0.123152348E+02
     0.123130905E+02
     0.123152348E+02
     0.123186658E+02
     0.123203769E+02
     0.123255101E+02
     0.123323409E+02
     0.123302080E+02
     0.123323409E+02
     0.123357534E+02
     0.123374553E+02
     0.123425610E+02
     0.123493550E+02
     0.123472335E+02
     0.123493550E+02
     0.123527489E+02
     0.123544415E+02
     0.123595194E+02
     0.123662765E+02
     0.123641666E+02
     0.123662765E+02
     0.123696517E+02
     0.123713350E+02
     0.123763850E+02
     0.123831048E+02
     0.123810065E+02
     0.123831048E+02
     0.123864613E+02
     0.123881352E+02
     0.123931570E+02
     0.123998393E+02
     0.123977527E+02
     0.123998393E+02
     0.124031768E+02
     0.124048413E+02
     0.124098347E+02
     0.124164793E+02
     0.124144045E+02
     0.124164793E+02
     0.124197977E+02
     0.124214526E+02
     0.124264174E+02
     0.124330239E+02
     0.124309610E+02
     0.124330240E+02
     0.124363230E+02
     0.124379683E+02
     0.124429043E+02
     0.124494724E+02
     0.124474215E+02
     0.124494724E+02
     0.124527520E+02
     0.124543876E+02
     0.124592943E+02
     0.124658236E+02
     0.124637848E+02
     0.124658236E+02
     0.124690835E+02
     0.124707093E+02
     0.124755866E+02
     0.124820766E+02
     0.124800501E+02
     0.124820767E+02
     0.124853166E+02
     0.124869325E+02
     0.124917799E+02
     0.124982303E+02
     0.124962162E+02
     0.124982303E+02
     0.125014501E+02
     0.125030558E+02
     0.125078731E+02
     0.125142833E+02
     0.125122817E+02
     0.125142833E+02
     0.125174826E+02
     0.125190782E+02
     0.125238649E+02
     0.125302343E+02
     0.125282454E+02
     0.125302343E+02
     0.125334129E+02
     0.125349981E+02
     0.125397537E+02
     0.125460818E+02
     0.125441058E+02
     0.125460818E+02
     0.125492392E+02
     0.125508139E+02
     0.125555379E+02
     0.125618241E+02
     0.125598612E+02
     0.125618241E+02
     0.125649601E+02
     0.125665241E+02
     0.125712160E+02
     0.125774594E+02
     0.125755099E+02
     0.125774595E+02
     0.125805736E+02
     0.125821267E+02
     0.125867859E+02
     0.125929859E+02
     0.125910499E+02
     0.125929859E+02
     0.125960778E+02
     0.125976197E+02
     0.126022457E+02
     0.126084013E+02
     0.126064792E+02
     0.126084013E+02
     0.126114704E+02
     0.126130011E+02
     0.126175930E+02
     0.126237034E+02
     0.126217954E+02
     0.126237034E+02
     0.126267492E+02
     0.126282683E+02
     0.126328254E+02
     0.126388895E+02
     0.126369960E+02
     0.126388895E+02
     0.126419115E+02
     0.126434187E+02
     0.126479402E+02
     0.126539570E+02
     0.126520782E+02
     0.126539570E+02
     0.126569545E+02
     0.126584495E+02
     0.126629345E+02
     0.126689026E+02
     0.126670391E+02
     0.126689027E+02
     0.126718751E+02
     0.126733576E+02
     0.126778050E+02
     0.126837232E+02
     0.126818752E+02
     0.126837233E+02
     0.126866699E+02
     0.126881394E+02
     0.126925482E+02
     0.126984150E+02
     0.126965831E+02
     0.126984151E+02
     0.127013350E+02
     0.127027913E+02
     0.127071602E+02
     0.127129740E+02
     0.127111586E+02
     0.127129740E+02
     0.127158664E+02
     0.127173090E+02
     0.127216367E+02
     0.127273957E+02
     0.127255974E+02
     0.127273957E+02
     0.127302595E+02
     0.127316878E+02
     0.127359729E+02
     0.127416751E+02
     0.127398945E+02
     0.127416751E+02
     0.127445093E+02
     0.127459228E+02
     0.127501635E+02
     0.127558068E+02
     0.127540446E+02
     0.127558068E+02
     0.127586101E+02
     0.127600082E+02
     0.127642027E+02
     0.127697847E+02
     0.127680416E+02
     0.127697847E+02
     0.127725556E+02
     0.127739377E+02
     0.127780840E+02
     0.127836018E+02
     0.127818788E+02
     0.127836019E+02
     0.127863390E+02
     0.127877043E+02
     0.127918000E+02
     0.127972507E+02
     0.127955487E+02
     0.127972507E+02
     0.127999523E+02
     0.128012999E+02
     0.128053426E+02
     0.128107227E+02
     0.128090426E+02
     0.128107227E+02
     0.128133868E+02
     0.128147156E+02
     0.128187023E+02
     0.128240079E+02
     0.128223511E+02
     0.128240079E+02
     0.128266322E+02
     0.128279413E+02
     0.128318685E+02
     0.128370952E+02
     0.128354630E+02
     0.128370952E+02
     0.128396772E+02
     0.128409652E+02
     0.128448292E+02
     0.128499718E+02
     0.128483659E+02
     0.128499718E+02
     0.128525085E+02
     0.128537739E+02
     0.128575701E+02
     0.128626227E+02
     0.128610449E+02
     0.128626227E+02
     0.128651105E+02
     0.128663516E+02
     0.128700749E+02
     0.128750305E+02
     0.128734829E+02
     0.128750305E+02
     0.128774653E+02
     0.128786800E+02
     0.128823240E+02
     0.128871743E+02
     0.128856596E+02
     0.128871743E+02
     0.128895510E+02
     0.128907367E+02
     0.128942939E+02
     0.128990288E+02
     0.128975502E+02
     0.128990288E+02
     0.129013412E+02
     0.129024949E+02
     0.129059560E+02
     0.129105631E+02
     0.129091243E+02
     0.129105631E+02
     0.129128031E+02
     0.129139208E+02
     0.129172739E+02
     0.129217375E+02
     0.129203435E+02
     0.129217375E+02
     0.129238948E+02
     0.129249713E+02
     0.129282008E+02
     0.129325000E+02
     0.129311574E+02
     0.129325001E+02
     0.129345602E+02
     0.129355882E+02
     0.129386725E+02
     0.129427787E+02
     0.129414962E+02
     0.129427787E+02
     0.129447199E+02
     0.129456888E+02
     0.129485954E+02
     0.129524654E+02
     0.129512567E+02
     0.129524654E+02
     0.129542508E+02
     0.129551421E+02
     0.129578158E+02
     0.129613761E+02
     0.129602640E+02
     0.129540052E+02
     0.129547741E+02
     0.129570805E+02
     0.129601523E+02
     0.129591928E+02
     0.129601523E+02
     0.129617002E+02
     0.129624731E+02
     0.129647916E+02
     0.129678795E+02
     0.129669150E+02
     0.129678795E+02
     0.129695602E+02
     0.129703992E+02
     0.129729163E+02
     0.129762682E+02
     0.129752213E+02
     0.129762682E+02
     0.129781117E+02
     0.129790318E+02
     0.129817921E+02
     0.129854675E+02
     0.129843195E+02
     0.129854675E+02
     0.129874426E+02
     0.129884283E+02
     0.129913855E+02
     0.129953226E+02
     0.129940930E+02
     0.129953226E+02
     0.129974103E+02
     0.129984520E+02
     0.130015772E+02
     0.130057377E+02
     0.130044384E+02
     0.130057377E+02
     0.130079247E+02
     0.130090159E+02
     0.130122895E+02
     0.130166471E+02
     0.130152862E+02
     0.130166471E+02
     0.130189239E+02
     0.130200597E+02
     0.130234674E+02
     0.130280032E+02
     0.130265867E+02
     0.130280032E+02
     0.130303626E+02
     0.130315396E+02
     0.130350706E+02
     0.130397703E+02
     0.130383026E+02
     0.130397703E+02
     0.130422068E+02
     0.130434221E+02
     0.130470683E+02
     0.130519209E+02
     0.130504055E+02
     0.130519209E+02
     0.130544302E+02
     0.130556818E+02
     0.130594366E+02
     0.130644335E+02
     0.130628731E+02
     0.130644335E+02
     0.130670122E+02
     0.130682983E+02
     0.130721568E+02
     0.130772912E+02
     0.130756879E+02
     0.130772912E+02
     0.130799368E+02
     0.130812561E+02
     0.130852142E+02
     0.130904809E+02
     0.130888363E+02
     0.130904809E+02
     0.130931912E+02
     0.130945427E+02
     0.130985973E+02
     0.131039922E+02
     0.131023077E+02
     0.131039922E+02
     0.131067657E+02
     0.131081486E+02
     0.131122975E+02
     0.131178175E+02
     0.131160939E+02
     0.131178175E+02
     0.131206531E+02
     0.131220669E+02
     0.131263083E+02
     0.131319511E+02
     0.131301893E+02
     0.131319512E+02
     0.131348481E+02
     0.131362924E+02
     0.131406254E+02
     0.131463897E+02
     0.131445900E+02
     0.131463897E+02
     0.131493478E+02
     0.131508225E+02
     0.131552465E+02
     0.131611316E+02
     0.131592941E+02
     0.131611316E+02
     0.131641508E+02
     0.131656558E+02
     0.131701710E+02
     0.131761769E+02
     0.131743018E+02
     0.131761769E+02
     0.131792577E+02
     0.131807933E+02
     0.131854001E+02
     0.131915277E+02
     0.131896147E+02
     0.131915278E+02
     0.131946709E+02
     0.131962374E+02
     0.132009372E+02
     0.132071879E+02
     0.132052365E+02
     0.132071880E+02
     0.132103947E+02
     0.132119928E+02
     0.132167872E+02
     0.132231634E+02
     0.132211728E+02
     0.132231635E+02
     0.132264353E+02
     0.132280658E+02
     0.132329573E+02
     0.132394623E+02
     0.132374316E+02
     0.132394623E+02
     0.132428015E+02
     0.132444654E+02
     0.132494572E+02
     0.132560950E+02
     0.132540229E+02
     0.132560951E+02
     0.132595044E+02
     0.132612030E+02
     0.132662991E+02
     0.132730752E+02
     0.132709599E+02
     0.132730752E+02
     0.132765580E+02
     0.132782931E+02
     0.132834985E+02
     0.132904195E+02
     0.132882591E+02
     0.132904195E+02
     0.132939800E+02
     0.132957537E+02
     0.133010747E+02
     0.133081489E+02
     0.133059408E+02
     0.133081490E+02
     0.133117925E+02
     0.133136074E+02
     0.133190519E+02
     0.133262898E+02
     0.133240306E+02
     0.133262899E+02
     0.133300231E+02
     0.133318824E+02
     0.133374604E+02
     0.133448749E+02
     0.133425607E+02
     0.133448750E+02
     0.133487064E+02
     0.133506143E+02
     0.133563382E+02
     0.133639461E+02
     0.133615716E+02
     0.133639462E+02
     0.133678866E+02
     0.133698486E+02
     0.133757347E+02
     0.133835573E+02
     0.133811159E+02
     0.133835574E+02
     0.133876214E+02
     0.133896446E+02
     0.133957143E+02
     0.134037800E+02
     0.134012628E+02
     0.134037801E+02
     0.134079874E+02
     0.134100816E+02
     0.134163643E+02
     0.134247118E+02
     0.134221068E+02
     0.134247119E+02
     0.134290789E+02
     0.134312521E+02
     0.134377720E+02
     0.134464333E+02
     0.134437305E+02
     0.134464334E+02
     0.134507959E+02
     0.134529669E+02
     0.134594800E+02
     0.134681322E+02
     0.134654324E+02
     0.134681324E+02
     0.134724922E+02
     0.134746619E+02
     0.134811709E+02
     0.134898176E+02
     0.134871195E+02
     0.134898177E+02
     0.134941749E+02
     0.134963432E+02
     0.135028481E+02
     0.135114892E+02
     0.135087928E+02
     0.135114893E+02
     0.135158437E+02
     0.135180106E+02
     0.135245113E+02
     0.135331467E+02
     0.135304521E+02
     0.135331469E+02
     0.135374985E+02
     0.135396639E+02
     0.135461604E+02
     0.135547900E+02
     0.135520972E+02
     0.135547902E+02
     0.135591389E+02
     0.135613029E+02
     0.135677949E+02
     0.135764187E+02
     0.135737277E+02
     0.135764188E+02
     0.135807646E+02
     0.135829270E+02
     0.135894146E+02
     0.135980322E+02
     0.135953432E+02
     0.135980323E+02
     0.136023750E+02
     0.136045359E+02
     0.136110188E+02
     0.136196301E+02
     0.136169430E+02
     0.136196302E+02
     0.136239697E+02
     0.136261289E+02
     0.136326069E+02
     0.136412116E+02
     0.136385267E+02
     0.136412118E+02
     0.136455479E+02
     0.136477054E+02
     0.136541783E+02
     0.136627762E+02
     0.136600934E+02
     0.136627764E+02
     0.136671089E+02
     0.136692647E+02
     0.136757322E+02
     0.136843229E+02
     0.136816423E+02
     0.136843231E+02
     0.136886519E+02
     0.136908058E+02
     0.136972676E+02
     0.137058509E+02
     0.137031726E+02
     0.137058510E+02
     0.137101759E+02
     0.137123278E+02
     0.137187838E+02
     0.137273591E+02
     0.137246833E+02
     0.137273592E+02
     0.137316234E+02
     0.137337452E+02
     0.137401109E+02
     0.137485667E+02
     0.137459282E+02
     0.137485669E+02
     0.137527606E+02
     0.137548476E+02
     0.137611086E+02
     0.137694259E+02
     0.137668306E+02
     0.137694261E+02
     0.137735599E+02
     0.137756171E+02
     0.137817890E+02
     0.137899883E+02
     0.137874297E+02
     0.137899885E+02
     0.137940708E+02
     0.137961026E+02
     0.138021981E+02
     0.138102961E+02
     0.138077691E+02
     0.138102962E+02
     0.138143340E+02
     0.138163436E+02
     0.138223727E+02
     0.138303828E+02
     0.138278832E+02
     0.138303829E+02
     0.138343816E+02
     0.138363718E+02
     0.138423427E+02
     0.138502759E+02
     0.138478002E+02
     0.138502760E+02
     0.138542401E+02
     0.138562133E+02
     0.138621329E+02
     0.138699982E+02
     0.138675437E+02
     0.138699983E+02
     0.138739318E+02
     0.138758898E+02
     0.138817640E+02
     0.138895690E+02
     0.138871333E+02
     0.138895692E+02
     0.138934755E+02
     0.138954200E+02
     0.139012537E+02
     0.139090052E+02
     0.139065861E+02
     0.139090053E+02
     0.139128873E+02
     0.139148198E+02
     0.139206174E+02
     0.139283211E+02
     0.139259170E+02
     0.139283212E+02
     0.139321816E+02
     0.139341033E+02
     0.139398687E+02
     0.139475297E+02
     0.139451389E+02
     0.139475298E+02
     0.139513708E+02
     0.139532829E+02
     0.139590195E+02
     0.139666424E+02
     0.139642635E+02
     0.139666426E+02
     0.139704662E+02
     0.139723698E+02
     0.139780807E+02
     0.139856697E+02
     0.139833013E+02
     0.139856698E+02
     0.139894781E+02
     0.139913741E+02
     0.139970621E+02
     0.140046209E+02
     0.140022619E+02
     0.140046210E+02
     0.140084156E+02
     0.140103048E+02
     0.140159727E+02
     0.140235046E+02
     0.140211540E+02
     0.140235048E+02
     0.140272874E+02
     0.140291706E+02
     0.140348206E+02
     0.140423290E+02
     0.140399857E+02
     0.140423291E+02
     0.140461012E+02
     0.140479793E+02
     0.140536137E+02
     0.140611015E+02
     0.140587646E+02
     0.140611016E+02
     0.140648646E+02
     0.140667382E+02
     0.140723591E+02
     0.140798291E+02
     0.140774977E+02
     0.140798292E+02
     0.140835844E+02
     0.140854542E+02
     0.140910636E+02
     0.140985185E+02
     0.140961919E+02
     0.140985187E+02
     0.141022674E+02
     0.141041340E+02
     0.141097338E+02
     0.141171761E+02
     0.141148534E+02
     0.141171762E+02
     0.141209197E+02
     0.141227837E+02
     0.141283758E+02
     0.141358079E+02
     0.141334884E+02
     0.141358081E+02
     0.141395475E+02
     0.141414095E+02
     0.141469957E+02
     0.141544199E+02
     0.141521028E+02
     0.141544201E+02
     0.141581566E+02
     0.141600171E+02
     0.141655991E+02
     0.141730178E+02
     0.141707024E+02
     0.141730179E+02
     0.141767526E+02
     0.141786123E+02
     0.141841917E+02
     0.141916071E+02
     0.141892927E+02
     0.141916072E+02
     0.141953412E+02
     0.141972007E+02
     0.142027791E+02
     0.142101934E+02
     0.142078793E+02
     0.142101935E+02
     0.142139279E+02
     0.142157875E+02
     0.142213666E+02
     0.142287820E+02
     0.142264676E+02
     0.142287821E+02
     0.142325180E+02
     0.142343784E+02
     0.142399598E+02
     0.142473784E+02
     0.142450629E+02
     0.142473785E+02
     0.142511169E+02
     0.142529787E+02
     0.142585640E+02
     0.142659879E+02
     0.142636708E+02
     0.142659880E+02
     0.142697301E+02
     0.142715937E+02
     0.142771846E+02
     0.142846159E+02
     0.142822965E+02
     0.142846161E+02
     0.142883629E+02
     0.142902288E+02
     0.142958269E+02
     0.143032679E+02
     0.143009455E+02
     0.143032681E+02
     0.143070207E+02
     0.143088896E+02
     0.143144966E+02
     0.143219494E+02
     0.143196233E+02
     0.143219496E+02
     0.143257092E+02
     0.143275816E+02
     0.143331991E+02
     0.143406661E+02
     0.143383355E+02
     0.143406662E+02
     0.143444340E+02
     0.143463105E+02
     0.143519402E+02
     0.143594236E+02
     0.143570878E+02
     0.143594237E+02
     0.143632008E+02
     0.143650820E+02
     0.143707257E+02
     0.143782278E+02
     0.143758862E+02
     0.143782280E+02
     0.143820156E+02
     0.143839020E+02
     0.143895616E+02
     0.143970849E+02
     0.143947367E+02
     0.143970851E+02
     0.144008845E+02
     0.144027769E+02
     0.144084543E+02
     0.144160013E+02
     0.144136457E+02
     0.144160014E+02
     0.144198140E+02
     0.144217130E+02
     0.144274101E+02
     0.144349834E+02
     0.144326196E+02
     0.144349836E+02
     0.144388107E+02
     0.144407169E+02
     0.144464358E+02
     0.144540383E+02
     0.144516653E+02
     0.144540385E+02
     0.144578816E+02
     0.144597958E+02
     0.144655387E+02
     0.144731732E+02
     0.144707902E+02
     0.144731734E+02
     0.144770340E+02
     0.144789570E+02
     0.144847262E+02
     0.144923958E+02
     0.144900019E+02
     0.144923960E+02
     0.144962758E+02
     0.144982084E+02
     0.145040064E+02
     0.145117143E+02
     0.145093084E+02
     0.145117145E+02
     0.145156152E+02
     0.145175583E+02
     0.145233877E+02
     0.145311375E+02
     0.145287185E+02
     0.145311376E+02
     0.145350612E+02
     0.145370157E+02
     0.145428793E+02
     0.145506747E+02
     0.145482415E+02
     0.145506749E+02
     0.145546234E+02
     0.145565903E+02
     0.145624912E+02
     0.145703362E+02
     0.145678875E+02
     0.145703364E+02
     0.145743120E+02
     0.145762924E+02
     0.145822340E+02
     0.145901331E+02
     0.145876674E+02
     0.145901333E+02
     0.145941288E+02
     0.145961192E+02
     0.146020906E+02
     0.146100296E+02
     0.146075515E+02
     0.146100298E+02
     0.146140192E+02
     0.146160066E+02
     0.146219691E+02
     0.146298966E+02
     0.146274220E+02
     0.146298968E+02
     0.146338805E+02
     0.146358652E+02
     0.146418195E+02
     0.146497364E+02
     0.146472651E+02
     0.146497366E+02
     0.146537150E+02
     0.146556971E+02
     0.146616438E+02
     0.146695507E+02
     0.146670825E+02
     0.146695509E+02
     0.146735243E+02
     0.146755041E+02
     0.146814436E+02
     0.146893413E+02
     0.146868760E+02
     0.146893415E+02
     0.146933103E+02
     0.146952879E+02
     0.147012207E+02
     0.147091099E+02
     0.147066472E+02
     0.147091101E+02
     0.147130746E+02
     0.147150501E+02
     0.147209768E+02
     0.147288581E+02
     0.147263978E+02
     0.147288583E+02
     0.147328188E+02
     0.147347925E+02
     0.147407136E+02
     0.147485876E+02
     0.147461296E+02
     0.147485879E+02
     0.147525448E+02
     0.147545167E+02
     0.147604327E+02
     0.147683002E+02
     0.147658442E+02
     0.147683004E+02
     0.147722541E+02
     0.147742245E+02
     0.147801359E+02
     0.147879975E+02
     0.147855433E+02
     0.147879977E+02
     0.147919485E+02
     0.147939175E+02
     0.147998247E+02
     0.148076811E+02
     0.148052285E+02
     0.148076813E+02
     0.148116295E+02
     0.148135973E+02
     0.148195009E+02
     0.148273527E+02
     0.148249014E+02
     0.148273529E+02
     0.148312987E+02
     0.148332655E+02
     0.148391659E+02
     0.148470137E+02
     0.148445637E+02
     0.148470139E+02
     0.148509578E+02
     0.148529236E+02
     0.148588213E+02
     0.148666658E+02
     0.148642167E+02
     0.148666660E+02
     0.148706082E+02
     0.148725732E+02
     0.148784686E+02
     0.148863103E+02
     0.148838621E+02
     0.148863105E+02
     0.148902513E+02
     0.148922157E+02
     0.148981093E+02
     0.149059488E+02
     0.149035012E+02
     0.149059489E+02
     0.149098886E+02
     0.149118526E+02
     0.149177447E+02
     0.149255825E+02
     0.149231354E+02
     0.149255827E+02
     0.149295215E+02
     0.149314851E+02
     0.149373762E+02
     0.149452128E+02
     0.149427661E+02
     0.149452130E+02
     0.149491512E+02
     0.149511146E+02
     0.149570050E+02
     0.149648409E+02
     0.149623944E+02
     0.149648411E+02
     0.149687790E+02
     0.149707423E+02
     0.149766323E+02
     0.149844681E+02
     0.149820216E+02
     0.149844682E+02
     0.149884060E+02
     0.149903693E+02
     0.149962594E+02
     0.150040953E+02
     0.150016488E+02
     0.150040955E+02
     0.150080334E+02
     0.150099968E+02
     0.150158872E+02
     0.150237238E+02
     0.150212770E+02
     0.150237240E+02
     0.150276622E+02
     0.150296258E+02
     0.150355168E+02
     0.150433544E+02
     0.150409073E+02
     0.150433546E+02
     0.150472933E+02
     0.150492572E+02
     0.150551491E+02
     0.150629881E+02
     0.150605405E+02
     0.150629883E+02
     0.150669276E+02
     0.150688919E+02
     0.150747850E+02
     0.150826256E+02
     0.150801775E+02
     0.150826258E+02
     0.150865660E+02
     0.150885307E+02
     0.150944252E+02
     0.151022678E+02
     0.150998191E+02
     0.151022680E+02
     0.151062091E+02
     0.151081744E+02
     0.151140705E+02
     0.151219153E+02
     0.151194659E+02
     0.151219155E+02
     0.151258577E+02
     0.151278236E+02
     0.151337214E+02
     0.151415688E+02
     0.151391185E+02
     0.151415690E+02
     0.151455124E+02
     0.151474789E+02
     0.151533786E+02
     0.151612287E+02
     0.151587775E+02
     0.151612288E+02
     0.151651735E+02
     0.151671407E+02
     0.151730425E+02
     0.151808954E+02
     0.151784434E+02
     0.151808956E+02
     0.151848416E+02
     0.151868096E+02
     0.151927135E+02
     0.152005694E+02
     0.151981164E+02
     0.152005696E+02
     0.152045171E+02
     0.152064858E+02
     0.152123920E+02
     0.152202510E+02
     0.152177970E+02
     0.152202512E+02
     0.152242001E+02
     0.152261696E+02
     0.152320781E+02
     0.152399403E+02
     0.152374853E+02
     0.152399405E+02
     0.152438910E+02
     0.152458612E+02
     0.152517721E+02
     0.152596375E+02
     0.152571816E+02
     0.152596377E+02
     0.152635898E+02
     0.152655608E+02
     0.152714741E+02
     0.152793427E+02
     0.152768857E+02
     0.152793429E+02
     0.152832965E+02
     0.152852684E+02
     0.152911840E+02
     0.152990559E+02
     0.152965979E+02
     0.152990561E+02
     0.153030112E+02
     0.153049839E+02
     0.153109019E+02
     0.153187770E+02
     0.153163179E+02
     0.153187771E+02
     0.153227338E+02
     0.153247072E+02
     0.153306275E+02
     0.153385058E+02
     0.153360458E+02
     0.153385059E+02
     0.153424641E+02
     0.153444382E+02
     0.153503608E+02
     0.153582421E+02
     0.153557811E+02
     0.153582422E+02
     0.153622018E+02
     0.153641767E+02
     0.153701015E+02
     0.153779856E+02
     0.153755237E+02
     0.153779858E+02
     0.153819467E+02
     0.153839223E+02
     0.153898491E+02
     0.153977360E+02
     0.153952733E+02
     0.153977362E+02
     0.154016985E+02
     0.154036747E+02
     0.154096034E+02
     0.154174929E+02
     0.154150294E+02
     0.154174931E+02
     0.154214565E+02
     0.154234333E+02
     0.154293639E+02
     0.154372558E+02
     0.154347915E+02
     0.154372559E+02
     0.154412205E+02
     0.154431979E+02
     0.154491300E+02
     0.154570241E+02
     0.154545591E+02
     0.154570242E+02
     0.154609898E+02
     0.154629676E+02
     0.154689013E+02
     0.154767972E+02
     0.154743317E+02
     0.154767974E+02
     0.154807638E+02
     0.154827420E+02
     0.154886769E+02
     0.154965745E+02
     0.154941085E+02
     0.154965747E+02
     0.155005237E+02
     0.155024934E+02
     0.155084023E+02
     0.155162655E+02
     0.155138102E+02
     0.155162656E+02
     0.155201859E+02
     0.155221412E+02
     0.155280071E+02
     0.155358131E+02
     0.155333756E+02
     0.155358132E+02
     0.155397062E+02
     0.155416479E+02
     0.155474731E+02
     0.155552248E+02
     0.155528043E+02
     0.155552250E+02
     0.155590921E+02
     0.155610208E+02
     0.155668073E+02
     0.155745075E+02
     0.155721030E+02
     0.155745076E+02
     0.155783500E+02
     0.155802664E+02
     0.155860158E+02
     0.155936669E+02
     0.155912778E+02
     0.155936670E+02
     0.155974857E+02
     0.155993903E+02
     0.156051044E+02
     0.156127083E+02
     0.156103339E+02
     0.156127084E+02
     0.156165045E+02
     0.156183978E+02
     0.156240779E+02
     0.156316367E+02
     0.156292764E+02
     0.156316368E+02
     0.156354110E+02
     0.156372934E+02
     0.156429409E+02
     0.156504562E+02
     0.156481095E+02
     0.156504563E+02
     0.156542095E+02
     0.156560814E+02
     0.156616974E+02
     0.156691708E+02
     0.156668371E+02
     0.156691709E+02
     0.156729037E+02
     0.156747655E+02
     0.156803510E+02
     0.156877839E+02
     0.156854629E+02
     0.156877840E+02
     0.156914972E+02
     0.156933491E+02
     0.156989052E+02
     0.157062987E+02
     0.157039900E+02
     0.157062988E+02
     0.157099929E+02
     0.157118353E+02
     0.157173627E+02
     0.157247181E+02
     0.157224214E+02
     0.157247182E+02
     0.157283937E+02
     0.157302269E+02
     0.157357264E+02
     0.157430447E+02
     0.157407595E+02
     0.157430448E+02
     0.157467022E+02
     0.157485263E+02
     0.157539987E+02
     0.157612807E+02
     0.157590069E+02
     0.157612808E+02
     0.157649205E+02
     0.157667358E+02
     0.157721816E+02
     0.157794283E+02
     0.157771655E+02
     0.157794284E+02
     0.157830508E+02
     0.157848574E+02
     0.157902773E+02
     0.157974894E+02
     0.157952374E+02
     0.157974895E+02
     0.158010949E+02
     0.158028930E+02
     0.158082875E+02
     0.158154656E+02
     0.158132242E+02
     0.158154657E+02
     0.158190545E+02
     0.158208443E+02
     0.158262137E+02
     0.158333585E+02
     0.158311275E+02
     0.158333586E+02
     0.158369310E+02
     0.158387126E+02
     0.158440574E+02
     0.158511694E+02
     0.158489487E+02
     0.158511695E+02
     0.158547258E+02
     0.158564993E+02
     0.158618199E+02
     0.158688996E+02
     0.158666890E+02
     0.158688997E+02
     0.158724400E+02
     0.158742056E+02
     0.158795023E+02
     0.158865501E+02
     0.158843494E+02
     0.158865501E+02
     0.158900748E+02
     0.158918325E+02
     0.158971056E+02
     0.159041218E+02
     0.159019311E+02
     0.159041219E+02
     0.159076310E+02
     0.159093809E+02
     0.159146307E+02
     0.159216157E+02
     0.159194347E+02
     0.159216158E+02
     0.159251095E+02
     0.159268517E+02
     0.159320783E+02
     0.159390324E+02
     0.159368611E+02
     0.159390325E+02
     0.159425109E+02
     0.159442455E+02
     0.159494491E+02
     0.159563726E+02
     0.159542108E+02
     0.159563726E+02
     0.159598359E+02
     0.159615629E+02
     0.159667437E+02
     0.159736367E+02
     0.159714845E+02
     0.159736368E+02
     0.159770850E+02
     0.159788044E+02
     0.159839626E+02
     0.159908253E+02
     0.159886826E+02
     0.159908254E+02
     0.159942586E+02
     0.159959705E+02
     0.160011061E+02
     0.160079387E+02
     0.160058054E+02
     0.160079388E+02
     0.160113571E+02
     0.160130615E+02
     0.160181747E+02
     0.160249772E+02
     0.160228533E+02
     0.160249773E+02
     0.160283807E+02
     0.160300777E+02
     0.160351684E+02
     0.160419411E+02
     0.160398265E+02
     0.160419412E+02
     0.160453297E+02
     0.160470192E+02
     0.160520876E+02
     0.160588304E+02
     0.160567252E+02
     0.160588305E+02
     0.160622043E+02
     0.160638863E+02
     0.160689324E+02
     0.160756454E+02
     0.160735495E+02
     0.160756454E+02
     0.160790044E+02
     0.160806790E+02
     0.160857028E+02
     0.160923860E+02
     0.160902994E+02
     0.160923860E+02
     0.160957301E+02
     0.160973973E+02
     0.161023988E+02
     0.161090522E+02
     0.161069749E+02
     0.161090522E+02
     0.161123815E+02
     0.161140413E+02
     0.161190205E+02
     0.161256440E+02
     0.161235761E+02
     0.161256441E+02
     0.161289585E+02
     0.161306108E+02
     0.161355677E+02
     0.161421613E+02
     0.161401027E+02
     0.161421614E+02
     0.161454609E+02
     0.161471058E+02
     0.161520402E+02
     0.161586040E+02
     0.161565547E+02
     0.161586040E+02
     0.161618887E+02
     0.161635260E+02
     0.161684381E+02
     0.161749718E+02
     0.161729320E+02
     0.161749719E+02
     0.161782416E+02
     0.161798715E+02
     0.161847610E+02
     0.161912646E+02
     0.161892342E+02
     0.161912647E+02
     0.161945194E+02
     0.161961418E+02
     0.162010087E+02
     0.162074822E+02
     0.162054612E+02
     0.162074822E+02
     0.162107220E+02
     0.162123367E+02
     0.162171811E+02
     0.162236242E+02
     0.162216127E+02
     0.162236243E+02
     0.162268489E+02
     0.162284561E+02
     0.162332777E+02
     0.162396904E+02
     0.162376884E+02
     0.162396905E+02
     0.162428999E+02
     0.162444995E+02
     0.162492982E+02
     0.162556804E+02
     0.162536880E+02
     0.162556805E+02
     0.162588747E+02
     0.162604666E+02
     0.162652425E+02
     0.162715940E+02
     0.162696111E+02
     0.162715940E+02
     0.162747729E+02
     0.162763572E+02
     0.162811100E+02
     0.162874307E+02
     0.162854575E+02
     0.162874307E+02
     0.162905942E+02
     0.162921708E+02
     0.162969004E+02
     0.163031901E+02
     0.163012266E+02
     0.163031901E+02
     0.163063382E+02
     0.163079070E+02
     0.163126133E+02
     0.163188719E+02
     0.163169181E+02
     0.163188719E+02
     0.163220044E+02
     0.163235654E+02
     0.163282483E+02
     0.163344756E+02
     0.163325316E+02
     0.163344756E+02
     0.163375925E+02
     0.163391456E+02
     0.163438050E+02
     0.163500008E+02
     0.163480667E+02
     0.163500009E+02
     0.163531020E+02
     0.163546473E+02
     0.163592829E+02
     0.163654471E+02
     0.163635229E+02
     0.163654472E+02
     0.163685325E+02
     0.163700698E+02
     0.163746817E+02
     0.163808140E+02
     0.163788997E+02
     0.163808141E+02
     0.163838835E+02
     0.163854128E+02
     0.163900007E+02
     0.163961011E+02
     0.163941968E+02
     0.163961011E+02
     0.163991546E+02
     0.164006758E+02
     0.164052397E+02
     0.164113078E+02
     0.164094136E+02
     0.164113078E+02
     0.164143452E+02
     0.164158584E+02
     0.164203980E+02
     0.164264337E+02
     0.164245497E+02
     0.164264338E+02
     0.164294549E+02
     0.164309600E+02
     0.164354752E+02
     0.164414784E+02
     0.164396045E+02
     0.164414784E+02
     0.164444833E+02
     0.164459802E+02
     0.164504709E+02
     0.164564412E+02
     0.164545776E+02
     0.164564413E+02
     0.164594298E+02
     0.164609184E+02
     0.164653845E+02
     0.164713218E+02
     0.164694686E+02
     0.164713219E+02
     0.164742939E+02
     0.164757743E+02
     0.164802155E+02
     0.164861197E+02
     0.164842768E+02
     0.164861198E+02
     0.164890752E+02
     0.164905473E+02
     0.164949635E+02
     0.165008343E+02
     0.164990019E+02
     0.165008344E+02
     0.165037731E+02
     0.165052368E+02
     0.165096280E+02
     0.165154652E+02
     0.165136433E+02
     0.165154653E+02
     0.165183872E+02
     0.165198425E+02
     0.165242084E+02
     0.165300119E+02
     0.165282005E+02
     0.165300119E+02
     0.165329170E+02
     0.165343638E+02
     0.165387043E+02
     0.165444738E+02
     0.165426730E+02
     0.165444738E+02
     0.165473619E+02
     0.165488002E+02
     0.165531151E+02
     0.165588504E+02
     0.165570604E+02
     0.165588505E+02
     0.165617215E+02
     0.165631512E+02
     0.165674404E+02
     0.165731414E+02
     0.165713621E+02
     0.165731415E+02
     0.165759953E+02
     0.165774164E+02
     0.165816798E+02
     0.165873462E+02
     0.165855776E+02
     0.165873462E+02
     0.165901827E+02
     0.165915952E+02
     0.165958326E+02
     0.166014642E+02
     0.165997066E+02
     0.166014643E+02
     0.166042834E+02
     0.166056872E+02
     0.166098984E+02
     0.166154951E+02
     0.166137484E+02
     0.166154951E+02
     0.166182968E+02
     0.166196918E+02
     0.166238767E+02
     0.166294383E+02
     0.166277026E+02
     0.166294384E+02
     0.166322225E+02
     0.166336087E+02
     0.166377672E+02
     0.166432934E+02
     0.166415687E+02
     0.166432935E+02
     0.166460599E+02
     0.166474372E+02
     0.166515692E+02
     0.166570599E+02
     0.166553463E+02
     0.166570600E+02
     0.166598087E+02
     0.166611771E+02
     0.166652823E+02
     0.166707374E+02
     0.166690350E+02
     0.166707374E+02
     0.166734683E+02
     0.166748277E+02
     0.166789061E+02
     0.166843253E+02
     0.166826341E+02
     0.166843253E+02
     0.166870383E+02
     0.166883887E+02
     0.166924401E+02
     0.166978232E+02
     0.166961433E+02
     0.166978233E+02
     0.167005182E+02
     0.167018596E+02
     0.167058839E+02
     0.167112308E+02
     0.167095622E+02
     0.167112308E+02
     0.167139076E+02
     0.167152399E+02
     0.167192369E+02
     0.167245474E+02
     0.167228902E+02
     0.167245475E+02
     0.167272060E+02
     0.167285293E+02
     0.167324989E+02
     0.167377728E+02
     0.167361271E+02
     0.167377729E+02
     0.167404131E+02
     0.167417272E+02
     0.167456693E+02
     0.167509065E+02
     0.167492722E+02
     0.167509065E+02
     0.167535284E+02
     0.167548333E+02
     0.167587478E+02
     0.167639480E+02
     0.167623253E+02
     0.167639480E+02
     0.167665515E+02
     0.167678471E+02
     0.167717338E+02
     0.167768970E+02
     0.167752859E+02
     0.167768970E+02
     0.167794819E+02
     0.167807682E+02
     0.167846271E+02
     0.167897530E+02
     0.167881535E+02
     0.167897531E+02
     0.167923193E+02
     0.167935963E+02
     0.167974272E+02
     0.168025157E+02
     0.168009279E+02
     0.168025157E+02
     0.168050633E+02
     0.168063309E+02
     0.168101336E+02
     0.168151846E+02
     0.168136086E+02
     0.168151847E+02
     0.168177135E+02
     0.168189716E+02
     0.168227462E+02
     0.168277594E+02
     0.168261952E+02
     0.168277595E+02
     0.168302694E+02
     0.168315181E+02
     0.168352643E+02
     0.168402397E+02
     0.168386873E+02
     0.168402398E+02
     0.168427308E+02
     0.168439700E+02
     0.168476878E+02
     0.168526252E+02
     0.168510846E+02
     0.168526252E+02
     0.168550972E+02
     0.168563269E+02
     0.168600161E+02
     0.168649154E+02
     0.168633868E+02
     0.168649154E+02
     0.168673684E+02
     0.168685885E+02
     0.168722490E+02
     0.168771100E+02
     0.168755934E+02
     0.168771100E+02
     0.168795438E+02
     0.168807544E+02
     0.168843861E+02
     0.168892087E+02
     0.168877041E+02
     0.168892087E+02
     0.168916233E+02
     0.168928243E+02
     0.168964271E+02
     0.169012111E+02
     0.168997185E+02
     0.169012111E+02
     0.169036065E+02
     0.169047977E+02
     0.169083716E+02
     0.169131169E+02
     0.169116365E+02
     0.169131170E+02
     0.169154929E+02
     0.169166745E+02
     0.169202193E+02
     0.169249258E+02
     0.169234575E+02
     0.169249258E+02
     0.169272824E+02
     0.169284543E+02
     0.169319699E+02
     0.169366375E+02
     0.169351813E+02
     0.169366375E+02
     0.169389746E+02
     0.169401367E+02
     0.169436231E+02
     0.169482515E+02
     0.169468076E+02
     0.169482516E+02
     0.169505692E+02
     0.169517215E+02
     0.169551785E+02
     0.169597678E+02
     0.169583361E+02
     0.169597678E+02
     0.169620658E+02
     0.169632083E+02
     0.169666359E+02
     0.169711858E+02
     0.169697665E+02
     0.169711859E+02
     0.169734642E+02
     0.169745969E+02
     0.169779949E+02
     0.169825055E+02
     0.169810984E+02
     0.169825055E+02
     0.169847641E+02
     0.169858869E+02
     0.169892554E+02
     0.169937264E+02
     0.169923317E+02
     0.169937264E+02
     0.169959653E+02
     0.169970782E+02
     0.170004169E+02
     0.170048483E+02
     0.170034660E+02
     0.170048483E+02
     0.170070673E+02
     0.170081703E+02
     0.170114793E+02
     0.170158709E+02
     0.170145010E+02
     0.170158709E+02
     0.170180701E+02
     0.170191631E+02
     0.170224422E+02
     0.170267940E+02
     0.170254365E+02
     0.170267940E+02
     0.170289732E+02
     0.170300563E+02
     0.170333055E+02
     0.170376172E+02
     0.170362723E+02
     0.170376173E+02
     0.170397765E+02
     0.170408496E+02
     0.170440687E+02
     0.170483404E+02
     0.170470080E+02
     0.170483405E+02
     0.170504797E+02
     0.170515427E+02
     0.170547318E+02
     0.170589633E+02
     0.170576435E+02
     0.170589634E+02
     0.170610826E+02
     0.170621355E+02
     0.170652944E+02
     0.170694857E+02
     0.170681785E+02
     0.170694857E+02
     0.170715848E+02
     0.170726277E+02
     0.170757564E+02
     0.170799073E+02
     0.170786127E+02
     0.170799073E+02
     0.170819862E+02
     0.170830190E+02
     0.170861174E+02
     0.170902279E+02
     0.170889459E+02
     0.170902279E+02
     0.170922866E+02
     0.170933092E+02
     0.170963773E+02
     0.171004472E+02
     0.170991779E+02
     0.171004472E+02
     0.171024857E+02
     0.171034982E+02
     0.171065358E+02
     0.171105651E+02
     0.171093085E+02
     0.171105651E+02
     0.171125832E+02
     0.171135856E+02
     0.171165927E+02
     0.171205813E+02
     0.171193374E+02
     0.171205813E+02
     0.171225791E+02
     0.171235712E+02
     0.171265478E+02
     0.171304956E+02
     0.171292645E+02
     0.171304956E+02
     0.171324730E+02
     0.171334550E+02
     0.171364009E+02
     0.171403078E+02
     0.171390895E+02
     0.171403078E+02
     0.171422648E+02
     0.171432365E+02
     0.171461517E+02
     0.171500177E+02
     0.171488122E+02
     0.171500178E+02
     0.171519542E+02
     0.171529157E+02
     0.171558002E+02
     0.171596251E+02
     0.171584324E+02
     0.171596252E+02
     0.171615411E+02
     0.171624924E+02
     0.171653460E+02
     0.171691299E+02
     0.171679500E+02
     0.171691299E+02
     0.171710253E+02
     0.171719662E+02
     0.171747891E+02
     0.171785317E+02
     0.171773647E+02
     0.171785317E+02
     0.171804066E+02
     0.171813372E+02
     0.171841291E+02
     0.171878305E+02
     0.171866764E+02
     0.171878305E+02
     0.171896847E+02
     0.171906050E+02
     0.171933659E+02
     0.171970260E+02
     0.171958848E+02
     0.171970260E+02
     0.171988596E+02
     0.171997695E+02
     0.172024994E+02
     0.172061180E+02
     0.172049898E+02
     0.172061181E+02
     0.172079309E+02
     0.172088305E+02
     0.172115293E+02
     0.172151065E+02
     0.172139912E+02
     0.172151065E+02
     0.172168986E+02
     0.172177878E+02
     0.172204555E+02
     0.172239911E+02
     0.172228888E+02
     0.172239911E+02
     0.172257625E+02
     0.172266413E+02
     0.172292778E+02
     0.172327718E+02
     0.172316825E+02
     0.172327718E+02
     0.172345224E+02
     0.172353908E+02
     0.172379960E+02
     0.172414483E+02
     0.172403721E+02
     0.172414483E+02
     0.172431780E+02
     0.172440360E+02
     0.172466100E+02
     0.172500205E+02
     0.172489573E+02
     0.172500205E+02
     0.172517294E+02
     0.172525769E+02
     0.172551195E+02
     0.172584882E+02
     0.172574381E+02
     0.172584882E+02
     0.172601762E+02
     0.172610132E+02
     0.172635245E+02
     0.172668512E+02
     0.172658143E+02
     0.172668513E+02
     0.172685183E+02
     0.172693449E+02
     0.172718247E+02
     0.172751095E+02
     0.172740856E+02
     0.172751095E+02
     0.172767556E+02
     0.172775717E+02
     0.172800200E+02
     0.172832628E+02
     0.172822520E+02
     0.172832628E+02
     0.172848879E+02
     0.172856934E+02
     0.172881102E+02
     0.172913109E+02
     0.172903133E+02
     0.172913109E+02
     0.172929150E+02
     0.172937100E+02
     0.172960952E+02
     0.172992537E+02
     0.172982693E+02
     0.172992538E+02
     0.173008367E+02
     0.173016212E+02
     0.173039747E+02
     0.173070911E+02
     0.173061199E+02
     0.173070911E+02
     0.173086530E+02
     0.173094269E+02
     0.173117488E+02
     0.173148228E+02
     0.173138648E+02
     0.173148228E+02
     0.173163636E+02
     0.173171270E+02
     0.173194171E+02
     0.173224488E+02
     0.173215040E+02
     0.173224488E+02
     0.173239684E+02
     0.173247212E+02
     0.173269795E+02
     0.173299688E+02
     0.173290373E+02
     0.173299688E+02
     0.173314672E+02
     0.173322094E+02
     0.173344359E+02
     0.173373827E+02
     0.173364645E+02
     0.173373827E+02
     0.173388599E+02
     0.173395914E+02
     0.173417860E+02
     0.173446903E+02
     0.173437854E+02
     0.173446903E+02
     0.173461463E+02
     0.173468672E+02
     0.173490299E+02
     0.173518915E+02
     0.173509999E+02
     0.173518915E+02
     0.173533262E+02
     0.173540364E+02
     0.173561671E+02
     0.173589861E+02
     0.173581079E+02
     0.173589861E+02
     0.173603995E+02
     0.173610990E+02
     0.173631977E+02
     0.173659740E+02
     0.173651091E+02
     0.173659740E+02
     0.173673660E+02
     0.173680548E+02
     0.173701215E+02
     0.173728549E+02
     0.173720034E+02
     0.173728549E+02
     0.173742255E+02
     0.173749037E+02
     0.173769382E+02
     0.173796287E+02
     0.173787906E+02
     0.173796287E+02
     0.173809779E+02
     0.173816454E+02
     0.173836477E+02
     0.173862953E+02
     0.173854706E+02
     0.173862953E+02
     0.173876231E+02
     0.173882797E+02
     0.173902499E+02
     0.173928544E+02
     0.173920432E+02
     0.173928544E+02
     0.173941607E+02
     0.173948066E+02
     0.173967445E+02
     0.173993059E+02
     0.173985082E+02
     0.173993060E+02
     0.174005907E+02
     0.174012259E+02
     0.174031314E+02
     0.174056497E+02
     0.174048655E+02
     0.174056497E+02
     0.174069129E+02
     0.174075373E+02
     0.174094104E+02
     0.174118854E+02
     0.174111147E+02
     0.174118855E+02
     0.174131271E+02
     0.174137406E+02
     0.174155813E+02
     0.174180131E+02
     0.174172559E+02
     0.174180131E+02
     0.174192331E+02
     0.174198358E+02
     0.174216440E+02
     0.174240323E+02
     0.174232887E+02
     0.174240324E+02
     0.174252307E+02
     0.174258226E+02
     0.174275982E+02
     0.174299431E+02
     0.174292131E+02
     0.174299431E+02
     0.174311198E+02
     0.174317007E+02
     0.174334438E+02
     0.174357451E+02
     0.174350287E+02
     0.174357451E+02
     0.174369000E+02
     0.174374701E+02
     0.174391805E+02
     0.174414381E+02
     0.174407354E+02
     0.174414382E+02
     0.174425713E+02
     0.174431305E+02
     0.174448081E+02
     0.174470220E+02
     0.174463330E+02
     0.174470221E+02
     0.174481334E+02
     0.174486817E+02
     0.174503265E+02
     0.174524966E+02
     0.174518213E+02
     0.174524966E+02
     0.174535861E+02
     0.174541234E+02
     0.174557354E+02
     0.174578616E+02
     0.174572000E+02
     0.174578616E+02
     0.174589292E+02
     0.174594556E+02
     0.174610346E+02
     0.174631168E+02
     0.174624689E+02
     0.174631168E+02
     0.174641625E+02
     0.174646778E+02
     0.174662238E+02
     0.174682619E+02
     0.174676279E+02
     0.174682619E+02
     0.174692857E+02
     0.174697900E+02
     0.174713029E+02
     0.174732968E+02
     0.174726766E+02
     0.174732968E+02
     0.174742985E+02
     0.174747918E+02
     0.174762716E+02
     0.174782211E+02
     0.174776148E+02
     0.174782212E+02
     0.174792008E+02
     0.174796830E+02
     0.174811296E+02
     0.174830347E+02
     0.174824423E+02
     0.174830348E+02
     0.174839923E+02
     0.174844634E+02
     0.174858767E+02
     0.174877373E+02
     0.174871588E+02
     0.174877373E+02
     0.174886728E+02
     0.174891328E+02
     0.174905127E+02
     0.174923286E+02
     0.174917641E+02
     0.174923286E+02
     0.174932360E+02
     0.174936819E+02
     0.174950198E+02
     0.174967797E+02
     0.174962326E+02
     0.174967797E+02
     0.174976529E+02
     0.174980819E+02
     0.174993689E+02
     0.175010616E+02
     0.175005355E+02
     0.175010616E+02
     0.175019013E+02
     0.175023137E+02
     0.175035509E+02
     0.175051777E+02
     0.175046721E+02
     0.175051777E+02
     0.175059846E+02
     0.175063807E+02
     0.175075692E+02
     0.175091313E+02
     0.175086459E+02
     0.175091314E+02
     0.175099061E+02
     0.175102863E+02
     0.175114270E+02
     0.175129259E+02
     0.175124602E+02
     0.175129259E+02
     0.175136691E+02
     0.175140337E+02
     0.175151276E+02
     0.175165645E+02
     0.175161182E+02
     0.175165646E+02
     0.175172770E+02
     0.175176263E+02
     0.175186743E+02
     0.175200505E+02
     0.175196231E+02
     0.175200506E+02
     0.175207328E+02
     0.175210671E+02
     0.175220703E+02
     0.175233870E+02
     0.175229781E+02
     0.175233871E+02
     0.175240397E+02
     0.175243594E+02
     0.175253185E+02
     0.175265771E+02
     0.175261863E+02
     0.175265771E+02
     0.175272007E+02
     0.175275061E+02
     0.175284222E+02
     0.175296238E+02
     0.175292507E+02
     0.175296238E+02
     0.175302190E+02
     0.175305103E+02
     0.175313843E+02
     0.175325300E+02
     0.175321744E+02
     0.175325301E+02
     0.175330976E+02
     0.175333751E+02
     0.175342078E+02
     0.175352989E+02
     0.175349603E+02
     0.175352989E+02
     0.175358392E+02
     0.175361033E+02
     0.175368956E+02
     0.175379332E+02
     0.175376113E+02
     0.175379333E+02
     0.175384469E+02
     0.175386978E+02
     0.175394506E+02
     0.175404359E+02
     0.175401302E+02
     0.175404359E+02
     0.175409236E+02
     0.175411616E+02
     0.175418756E+02
     0.175428097E+02
     0.175425200E+02
     0.175428098E+02
     0.175432719E+02
     0.175434973E+02
     0.175441735E+02
     0.175450575E+02
     0.175447834E+02
     0.175450575E+02
     0.175454947E+02
     0.175457078E+02
     0.175463469E+02
     0.175471819E+02
     0.175469231E+02
     0.175471820E+02
     0.175475948E+02
     0.175477957E+02
     0.175483986E+02
     0.175491857E+02
     0.175489418E+02
     0.175491858E+02
     0.175495747E+02
     0.175497638E+02
     0.175503313E+02
     0.175510715E+02
     0.175508422E+02
     0.175510716E+02
     0.175514372E+02
     0.175516148E+02
     0.175521476E+02
     0.175528420E+02
     0.175526270E+02
     0.175528420E+02
     0.175531848E+02
     0.175533511E+02
     0.175538501E+02
     0.175544997E+02
     0.175542986E+02
     0.175544997E+02
     0.175548202E+02
     0.175549754E+02
     0.175554413E+02
     0.175560471E+02
     0.175558597E+02
     0.175560471E+02
     0.175563458E+02
     0.175564903E+02
     0.175569238E+02
     0.175574868E+02
     0.175573127E+02
     0.175574868E+02
     0.175577642E+02
     0.175578981E+02
     0.175583000E+02
     0.175588212E+02
     0.175586601E+02
     0.175588212E+02
     0.175590778E+02
     0.175592014E+02
     0.175595724E+02
     0.175600528E+02
     0.175599044E+02
     0.175600528E+02
     0.175602890E+02
     0.175604026E+02
     0.175607434E+02
     0.175611839E+02
     0.175610480E+02
     0.175611839E+02
     0.175614003E+02
     0.175615041E+02
     0.175618154E+02
     0.175622169E+02
     0.175620931E+02
     0.175622170E+02
     0.175624140E+02
     0.175625081E+02
     0.175627907E+02
     0.175631542E+02
     0.175630423E+02
     0.175631543E+02
     0.175633323E+02
     0.175634172E+02
     0.175636717E+02
     0.175639981E+02
     0.175638977E+02
     0.175639981E+02
     0.175641577E+02
     0.175642334E+02
     0.175644605E+02
     0.175647507E+02
     0.175646616E+02
     0.175647507E+02
     0.175648923E+02
     0.175649591E+02
     0.175651595E+02
     0.175654144E+02
     0.175653363E+02
     0.175654144E+02
     0.175655384E+02
     0.175655965E+02
     0.175657709E+02
     0.175659913E+02
     0.175659239E+02
     0.175659913E+02
     0.175660982E+02
     0.175661478E+02
     0.175662967E+02
     0.175664835E+02
     0.175664266E+02
     0.175664836E+02
     0.175665737E+02
     0.175666151E+02
     0.175667392E+02
     0.175668933E+02
     0.175668466E+02
     0.175668933E+02
     0.175669672E+02
     0.175670005E+02
     0.175671005E+02
     0.175672227E+02
     0.175671859E+02
     0.175672227E+02
     0.175672807E+02
     0.175673062E+02
     0.175673826E+02
     0.175674738E+02
     0.175674466E+02
     0.175674738E+02
     0.175675163E+02
     0.175675341E+02
     0.175675877E+02
     0.175676485E+02
     0.175676308E+02
     0.175676485E+02
     0.175676760E+02
     0.175676864E+02
     0.175677176E+02
     0.175677490E+02
     0.175677404E+02
     0.175677490E+02
     0.175677618E+02
     0.175677649E+02
     0.175677744E+02
     0.175677771E+02
     0.175677775E+02
     0.175677771E+02
     0.175677756E+02
     0.175677717E+02
     0.175677601E+02
     0.175677349E+02
     0.175677439E+02
     0.175677349E+02
     0.175677196E+02
     0.175677088E+02
     0.175676768E+02
     0.175676247E+02
     0.175676421E+02
     0.175676247E+02
     0.175675961E+02
     0.175675788E+02
     0.175675271E+02
     0.175674491E+02
     0.175674745E+02
     0.175674491E+02
     0.175674076E+02
     0.175673840E+02
     0.175673133E+02
     0.175672104E+02
     0.175672436E+02
     0.175672104E+02
     0.175671566E+02
     0.175671269E+02
     0.175670380E+02
     0.175669111E+02
     0.175669518E+02
     0.175669111E+02
     0.175668454E+02
     0.175668099E+02
     0.175667034E+02
     0.175665534E+02
     0.175666013E+02
     0.175665534E+02
     0.175664762E+02
     0.175664351E+02
     0.175663118E+02
     0.175661395E+02
     0.175661943E+02
     0.175661395E+02
     0.175660514E+02
     0.175660049E+02
     0.175658653E+02
     0.175656717E+02
     0.175657331E+02
     0.175656717E+02
     0.175655730E+02
     0.175655213E+02
     0.175653661E+02
     0.175651520E+02
     0.175652198E+02
     0.175651520E+02
     0.175650432E+02
     0.175649864E+02
     0.175648163E+02
     0.175645825E+02
     0.175646564E+02
     0.175645825E+02
     0.175644639E+02
     0.175644024E+02
     0.175642179E+02
     0.175639652E+02
     0.175640450E+02
     0.175639652E+02
     0.175638373E+02
     0.175637712E+02
     0.175635729E+02
     0.175633021E+02
     0.175633875E+02
     0.175633021E+02
     0.175631651E+02
     0.175630946E+02
     0.175628832E+02
     0.175625950E+02
     0.175626858E+02
     0.175625950E+02
     0.175624495E+02
     0.175623747E+02
     0.175621506E+02
     0.175618458E+02
     0.175619418E+02
     0.175618458E+02
     0.175616920E+02
     0.175616133E+02
     0.175613770E+02
     0.175610563E+02
     0.175611572E+02
     0.175610563E+02
     0.175608947E+02
     0.175608121E+02
     0.175605643E+02
     0.175602283E+02
     0.175603340E+02
     0.175602283E+02
     0.175600592E+02
     0.175599729E+02
     0.175597140E+02
     0.175593635E+02
     0.175594737E+02
     0.175593635E+02
     0.175591872E+02
     0.175590974E+02
     0.175588279E+02
     0.175584636E+02
     0.175585781E+02
     0.175584636E+02
     0.175582804E+02
     0.175581872E+02
     0.175579077E+02
     0.175575301E+02
     0.175576487E+02
     0.175575301E+02
     0.175573404E+02
     0.175572441E+02
     0.175569549E+02
     0.175565648E+02
     0.175566873E+02
     0.175565648E+02
     0.175563689E+02
     0.175562695E+02
     0.175559712E+02
     0.175555691E+02
     0.175556953E+02
     0.175555691E+02
     0.175553673E+02
     0.175552650E+02
     0.175549581E+02
     0.175545446E+02
     0.175546743E+02
     0.175545446E+02
     0.175543372E+02
     0.175542321E+02
     0.175539170E+02
     0.175534928E+02
     0.175536258E+02
     0.175534928E+02
     0.175532800E+02
     0.175531724E+02
     0.175528495E+02
     0.175524150E+02
     0.175525513E+02
     0.175524150E+02
     0.175521972E+02
     0.175520871E+02
     0.175517569E+02
     0.175513128E+02
     0.175514520E+02
     0.175513128E+02
     0.175510903E+02
     0.175509778E+02
     0.175506406E+02
     0.175501874E+02
     0.175503295E+02
     0.175501874E+02
     0.175499604E+02
     0.175498458E+02
     0.175495020E+02
     0.175490403E+02
     0.175491850E+02
     0.175490403E+02
     0.175488091E+02
     0.175486924E+02
     0.175483425E+02
     0.175478727E+02
     0.175480199E+02
     0.175478727E+02
     0.175476376E+02
     0.175475190E+02
     0.175471633E+02
     0.175466860E+02
     0.175468355E+02
     0.175466860E+02
     0.175464471E+02
     0.175463268E+02
     0.175459657E+02
     0.175454813E+02
     0.175456330E+02
     0.175454813E+02
     0.175452390E+02
     0.175451170E+02
     0.175447509E+02
     0.175442600E+02
     0.175444137E+02
     0.175442600E+02
     0.175440145E+02
     0.175438909E+02
     0.175435201E+02
     0.175430231E+02
     0.175431787E+02
     0.175430231E+02
     0.175427746E+02
     0.175426496E+02
     0.175422745E+02
     0.175417719E+02
     0.175419293E+02
     0.175417719E+02
     0.175415207E+02
     0.175413944E+02
     0.175410153E+02
     0.175405076E+02
     0.175406665E+02
     0.175405076E+02
     0.175402539E+02
     0.175401263E+02
     0.175397436E+02
     0.175392312E+02
     0.175393916E+02
     0.175392312E+02
     0.175389751E+02
     0.175388465E+02
     0.175384605E+02
     0.175379438E+02
     0.175381055E+02
     0.175379438E+02
     0.175376857E+02
     0.175375560E+02
     0.175371670E+02
     0.175366465E+02
     0.175368094E+02
     0.175366465E+02
     0.175363865E+02
     0.175362560E+02
     0.175358643E+02
     0.175353403E+02
     0.175355043E+02
     0.175353403E+02
     0.175350787E+02
     0.175349474E+02
     0.175345534E+02
     0.175340264E+02
     0.175341913E+02
     0.175340264E+02
     0.175337633E+02
     0.175336313E+02
     0.175332352E+02
     0.175327056E+02
     0.175328713E+02
     0.175327056E+02
     0.175324413E+02
     0.175323087E+02
     0.175319109E+02
     0.175313790E+02
     0.175315454E+02
     0.175313790E+02
     0.175311137E+02
     0.175309806E+02
     0.175305813E+02
     0.175300475E+02
     0.175302145E+02
     0.175300475E+02
     0.175297814E+02
     0.175296479E+02
     0.175292474E+02
     0.175287122E+02
     0.175288796E+02
     0.175287122E+02
     0.175284454E+02
     0.175283116E+02
     0.175279102E+02
     0.175273739E+02
     0.175275417E+02
     0.175273739E+02
     0.175271066E+02
     0.175269726E+02
     0.175265706E+02
     0.175260336E+02
     0.175262016E+02
     0.175260336E+02
     0.175257660E+02
     0.175256319E+02
     0.175252296E+02
     0.175246922E+02
     0.175248603E+02
     0.175246922E+02
     0.175244245E+02
     0.175242904E+02
     0.175238880E+02
     0.175233506E+02
     0.175235187E+02
     0.175233506E+02
     0.175230830E+02
     0.175229490E+02
     0.175225468E+02
     0.175220097E+02
     0.175221777E+02
     0.175220097E+02
     0.175217424E+02
     0.175216085E+02
     0.175212068E+02
     0.175206705E+02
     0.175208381E+02
     0.175206705E+02
     0.175204035E+02
     0.175202699E+02
     0.175198689E+02
     0.175193336E+02
     0.175195010E+02
     0.175193336E+02
     0.175190674E+02
     0.175189340E+02
     0.175185341E+02
     0.175180002E+02
     0.175181671E+02
     0.175180002E+02
     0.175177347E+02
     0.175176018E+02
     0.175172031E+02
     0.175166710E+02
     0.175168374E+02
     0.175166710E+02
     0.175164065E+02
     0.175162741E+02
     0.175158770E+02
     0.175153470E+02
     0.175155127E+02
     0.175153470E+02
     0.175150837E+02
     0.175149519E+02
     0.175145565E+02
     0.175140291E+02
     0.175141939E+02
     0.175140291E+02
     0.175137671E+02
     0.175136360E+02
     0.175132427E+02
     0.175127181E+02
     0.175128820E+02
     0.175127181E+02
     0.175124576E+02
     0.175123273E+02
     0.175119364E+02
     0.175114149E+02
     0.175115779E+02
     0.175114149E+02
     0.175111562E+02
     0.175110268E+02
     0.175106385E+02
     0.175101207E+02
     0.175102825E+02
     0.175101207E+02
     0.175098639E+02
     0.175097354E+02
     0.175093501E+02
     0.175088362E+02
     0.175089968E+02
     0.175088362E+02
     0.175085815E+02
     0.175084542E+02
     0.175080721E+02
     0.175075626E+02
     0.175077218E+02
     0.175075626E+02
     0.175073102E+02
     0.175071841E+02
     0.175068055E+02
     0.175063008E+02
     0.175064585E+02
     0.175063008E+02
     0.175060510E+02
     0.175059261E+02
     0.175055515E+02
     0.175050520E+02
     0.175052081E+02
     0.175050520E+02
     0.175048050E+02
     0.175046816E+02
     0.175043112E+02
     0.175038174E+02
     0.175039717E+02
     0.175038174E+02
     0.175035735E+02
     0.175034515E+02
     0.175030857E+02
     0.175025981E+02
     0.175027505E+02
     0.175025981E+02
     0.175023575E+02
     0.175022373E+02
     0.175018765E+02
     0.175013957E+02
     0.175015459E+02
     0.175013957E+02
     0.175011587E+02
     0.175010403E+02
     0.175006850E+02
     0.175002114E+02
     0.175003594E+02
     0.175002114E+02
     0.174999784E+02
     0.174998620E+02
     0.174995127E+02
     0.174990471E+02
     0.174991926E+02
     0.174990471E+02
     0.174988184E+02
     0.174987042E+02
     0.174983614E+02
     0.174979045E+02
     0.174980472E+02
     0.174979045E+02
     0.174976806E+02
     0.174975687E+02
     0.174972331E+02
     0.174967858E+02
     0.174969255E+02
     0.174967858E+02
     0.174965671E+02
     0.174964579E+02
     0.174961302E+02
     0.174956934E+02
     0.174958299E+02
     0.174956934E+02
     0.174954807E+02
     0.174953744E+02
     0.174950554E+02
     0.174946304E+02
     0.174947632E+02
     0.174946304E+02
     0.174944243E+02
     0.174943213E+02
     0.174940123E+02
     0.174936005E+02
     0.174937291E+02
     0.174936005E+02
     0.174934019E+02
     0.174933027E+02
     0.174930050E+02
     0.174926083E+02
     0.174927323E+02
     0.174926083E+02
     0.174924186E+02
     0.174923238E+02
     0.174920394E+02
     0.174916605E+02
     0.174917788E+02
     0.174916605E+02
     0.174914815E+02
     0.174913920E+02
     0.174911237E+02
     0.174907663E+02
     0.174908780E+02
     0.174907663E+02
     0.174906012E+02
     0.174905187E+02
     0.174902713E+02
     0.174899415E+02
     0.174900446E+02
     0.174906225E+02
     0.174905506E+02
     0.174903350E+02
     0.174900478E+02
     0.174901375E+02
     0.174900478E+02
     0.174899033E+02
     0.174898311E+02
     0.174896145E+02
     0.174893258E+02
     0.174894160E+02
     0.174893258E+02
     0.174891744E+02
     0.174890988E+02
     0.174888718E+02
     0.174885694E+02
     0.174886639E+02
     0.174885694E+02
     0.174884029E+02
     0.174883197E+02
     0.174880702E+02
     0.174877377E+02
     0.174878416E+02
     0.174877377E+02
     0.174875591E+02
     0.174874699E+02
     0.174872023E+02
     0.174868458E+02
     0.174869572E+02
     0.174868458E+02
     0.174866570E+02
     0.174865627E+02
     0.174862799E+02
     0.174859031E+02
     0.174860208E+02
     0.174859031E+02
     0.174857054E+02
     0.174856066E+02
     0.174853104E+02
     0.174849159E+02
     0.174850392E+02
     0.174849159E+02
     0.174847103E+02
     0.174846076E+02
     0.174842995E+02
     0.174838892E+02
     0.174840174E+02
     0.174838892E+02
     0.174836763E+02
     0.174835700E+02
     0.174832512E+02
     0.174828265E+02
     0.174829591E+02
     0.174828265E+02
     0.174826070E+02
     0.174824974E+02
     0.174821686E+02
     0.174817308E+02
     0.174818676E+02
     0.174817308E+02
     0.174815051E+02
     0.174813925E+02
     0.174810545E+02
     0.174806044E+02
     0.174807450E+02
     0.174806044E+02
     0.174803730E+02
     0.174802574E+02
     0.174799109E+02
     0.174794494E+02
     0.174795935E+02
     0.174794494E+02
     0.174792125E+02
     0.174790942E+02
     0.174787395E+02
     0.174782673E+02
     0.174784148E+02
     0.174782673E+02
     0.174780252E+02
     0.174779044E+02
     0.174775420E+02
     0.174770596E+02
     0.174772103E+02
     0.174770596E+02
     0.174768126E+02
     0.174766894E+02
     0.174763196E+02
     0.174758275E+02
     0.174759812E+02
     0.174758275E+02
     0.174755758E+02
     0.174754502E+02
     0.174750735E+02
     0.174745720E+02
     0.174747286E+02
     0.174745720E+02
     0.174743158E+02
     0.174741879E+02
     0.174738044E+02
     0.174732941E+02
     0.174734534E+02
     0.174732941E+02
     0.174730334E+02
     0.174729034E+02
     0.174725134E+02
     0.174719944E+02
     0.174721564E+02
     0.174719944E+02
     0.174717294E+02
     0.174715973E+02
     0.174712010E+02
     0.174706736E+02
     0.174708383E+02
     0.174706736E+02
     0.174704045E+02
     0.174702704E+02
     0.174698678E+02
     0.174693323E+02
     0.174694995E+02
     0.174693323E+02
     0.174690592E+02
     0.174689230E+02
     0.174685144E+02
     0.174679709E+02
     0.174681406E+02
     0.174679709E+02
     0.174676938E+02
     0.174675556E+02
     0.174671411E+02
     0.174665898E+02
     0.174667619E+02
     0.174665898E+02
     0.174663086E+02
     0.174661685E+02
     0.174657481E+02
     0.174651891E+02
     0.174653636E+02
     0.174651891E+02
     0.174649039E+02
     0.174647619E+02
     0.174643356E+02
     0.174637689E+02
     0.174639458E+02
     0.174637689E+02
     0.174634798E+02
     0.174633358E+02
     0.174629037E+02
     0.174623292E+02
     0.174625085E+02
     0.174623292E+02
     0.174620361E+02
     0.174618901E+02
     0.174614522E+02
     0.174608699E+02
     0.174610517E+02
     0.174608699E+02
     0.174605728E+02
     0.174604248E+02
     0.174599808E+02
     0.174593907E+02
     0.174595748E+02
     0.174593907E+02
     0.174590893E+02
     0.174589393E+02
     0.174584891E+02
     0.174578909E+02
     0.174580776E+02
     0.174578909E+02
     0.174575852E+02
     0.174574331E+02
     0.174569766E+02
     0.174563699E+02
     0.174565592E+02
     0.174563699E+02
     0.174560597E+02
     0.174559053E+02
     0.174554421E+02
     0.174548267E+02
     0.174550187E+02
     0.174548267E+02
     0.174545116E+02
     0.174543548E+02
     0.174538845E+02
     0.174532597E+02
     0.174534547E+02
     0.174532597E+02
     0.174529463E+02
     0.174527904E+02
     0.174523225E+02
     0.174517011E+02
     0.174518950E+02
     0.174517011E+02
     0.174514059E+02
     0.174512590E+02
     0.174508183E+02
     0.174502329E+02
     0.174504156E+02
     0.174502329E+02
     0.174499545E+02
     0.174498159E+02
     0.174494002E+02
     0.174488479E+02
     0.174490202E+02
     0.174488479E+02
     0.174485846E+02
     0.174484535E+02
     0.174480603E+02
     0.174475379E+02
     0.174477009E+02
     0.174475379E+02
     0.174472886E+02
     0.174471646E+02
     0.174467923E+02
     0.174462977E+02
     0.174464520E+02
     0.174462977E+02
     0.174460618E+02
     0.174459443E+02
     0.174455920E+02
     0.174451238E+02
     0.174452700E+02
     0.174451238E+02
     0.174449010E+02
     0.174447901E+02
     0.174444573E+02
     0.174440149E+02
     0.174441530E+02
     0.174440149E+02
     0.174438052E+02
     0.174437008E+02
     0.174433875E+02
     0.174429710E+02
     0.174431010E+02
     0.174429710E+02
     0.174427749E+02
     0.174426772E+02
     0.174423841E+02
     0.174419945E+02
     0.174421161E+02
     0.174419945E+02
     0.174418130E+02
     0.174417226E+02
     0.174414513E+02
     0.174410906E+02
     0.174412032E+02
     0.174410906E+02
     0.174409261E+02
     0.174408441E+02
     0.174405981E+02
     0.174402709E+02
     0.174403730E+02
     0.174409487E+02
     0.174408780E+02
     0.174406657E+02
     0.174403833E+02
     0.174404715E+02
     0.174403833E+02
     0.174402410E+02
     0.174401701E+02
     0.174399572E+02
     0.174396741E+02
     0.174397625E+02
     0.174396741E+02
     0.174395291E+02
     0.174394568E+02
     0.174392400E+02
     0.174389516E+02
     0.174390416E+02
     0.174389516E+02
     0.174387940E+02
     0.174387155E+02
     0.174384799E+02
     0.174381667E+02
     0.174382645E+02
     0.174381667E+02
     0.174379999E+02
     0.174379169E+02
     0.174376676E+02
     0.174373362E+02
     0.174374397E+02
     0.174373362E+02
     0.174371624E+02
     0.174370759E+02
     0.174368162E+02
     0.174364710E+02
     0.174365788E+02
     0.174364710E+02
     0.174362918E+02
     0.174362025E+02
     0.174359347E+02
     0.174355787E+02
     0.174356898E+02
     0.174355787E+02
     0.174353952E+02
     0.174353037E+02
     0.174350295E+02
     0.174346651E+02
     0.174347788E+02
     0.174346651E+02
     0.174344780E+02
     0.174343849E+02
     0.174341056E+02
     0.174337344E+02
     0.174338503E+02
     0.174337344E+02
     0.174335447E+02
     0.174334502E+02
     0.174331668E+02
     0.174327903E+02
     0.174329078E+02
     0.174327903E+02
     0.174325984E+02
     0.174325029E+02
     0.174322163E+02
     0.174318356E+02
     0.174319544E+02
     0.174318356E+02
     0.174316421E+02
     0.174315457E+02
     0.174312567E+02
     0.174308728E+02
     0.174309926E+02
     0.174308728E+02
     0.174306779E+02
     0.174305810E+02
     0.174302901E+02
     0.174299038E+02
     0.174300243E+02
     0.174299038E+02
     0.174297080E+02
     0.174296106E+02
     0.174293184E+02
     0.174289303E+02
     0.174290514E+02
     0.174289303E+02
     0.174287339E+02
     0.174286362E+02
     0.174283432E+02
     0.174279539E+02
     0.174280754E+02
     0.174279539E+02
     0.174277572E+02
     0.174276593E+02
     0.174273657E+02
     0.174269758E+02
     0.174270975E+02
     0.174269758E+02
     0.174267789E+02
     0.174266810E+02
     0.174263873E+02
     0.174259972E+02
     0.174261189E+02
     0.174259972E+02
     0.174258004E+02
     0.174257025E+02
     0.174254089E+02
     0.174250190E+02
     0.174251406E+02
     0.174250190E+02
     0.174248224E+02
     0.174247247E+02
     0.174244315E+02
     0.174240422E+02
     0.174241636E+02
     0.174240422E+02
     0.174238460E+02
     0.174237485E+02
     0.174234559E+02
     0.174230674E+02
     0.174231886E+02
     0.174230674E+02
     0.174228718E+02
     0.174227746E+02
     0.174224828E+02
     0.174220955E+02
     0.174222163E+02
     0.174220955E+02
     0.174219006E+02
     0.174218036E+02
     0.174215129E+02
     0.174211270E+02
     0.174212474E+02
     0.174211270E+02
     0.174209328E+02
     0.174208363E+02
     0.174205468E+02
     0.174201625E+02
     0.174202824E+02
     0.174201625E+02
     0.174199693E+02
     0.174198732E+02
     0.174195850E+02
     0.174192026E+02
     0.174193219E+02
     0.174192026E+02
     0.174190103E+02
     0.174189147E+02
     0.174186280E+02
     0.174182476E+02
     0.174183662E+02
     0.174182476E+02
     0.174180563E+02
     0.174179613E+02
     0.174176762E+02
     0.174172980E+02
     0.174174160E+02
     0.174172980E+02
     0.174171079E+02
     0.174170134E+02
     0.174167301E+02
     0.174163542E+02
     0.174164714E+02
     0.174163542E+02
     0.174161653E+02
     0.174160714E+02
     0.174157899E+02
     0.174154164E+02
     0.174155329E+02
     0.174154164E+02
     0.174152288E+02
     0.174151356E+02
     0.174148560E+02
     0.174144852E+02
     0.174146008E+02
     0.174144852E+02
     0.174142989E+02
     0.174142064E+02
     0.174139288E+02
     0.174135606E+02
     0.174136754E+02
     0.174135606E+02
     0.174133757E+02
     0.174132839E+02
     0.174130084E+02
     0.174126430E+02
     0.174127570E+02
     0.174126430E+02
     0.174124596E+02
     0.174123685E+02
     0.174120951E+02
     0.174117327E+02
     0.174118457E+02
     0.174117327E+02
     0.174115507E+02
     0.174114603E+02
     0.174111892E+02
     0.174108298E+02
     0.174109419E+02
     0.174108298E+02
     0.174106493E+02
     0.174105597E+02
     0.174102909E+02
     0.174099345E+02
     0.174100456E+02
     0.174099345E+02
     0.174097556E+02
     0.174096668E+02
     0.174094003E+02
     0.174090470E+02
     0.174091572E+02
     0.174090470E+02
     0.174088697E+02
     0.174087817E+02
     0.174085176E+02
     0.174081675E+02
     0.174082767E+02
     0.174081675E+02
     0.174079918E+02
     0.174079046E+02
     0.174076430E+02
     0.174072962E+02
     0.174074043E+02
     0.174072962E+02
     0.174071221E+02
     0.174070357E+02
     0.174067766E+02
     0.174064331E+02
     0.174065402E+02
     0.174064331E+02
     0.174062607E+02
     0.174061752E+02
     0.174059185E+02
     0.174055784E+02
     0.174056844E+02
     0.174055784E+02
     0.174054077E+02
     0.174053230E+02
     0.174050689E+02
     0.174047322E+02
     0.174048372E+02
     0.174047322E+02
     0.174045632E+02
     0.174044794E+02
     0.174042279E+02
     0.174038946E+02
     0.174039985E+02
     0.174038946E+02
     0.174037273E+02
     0.174036444E+02
     0.174033955E+02
     0.174030657E+02
     0.174031685E+02
     0.174030657E+02
     0.174029001E+02
     0.174028180E+02
     0.174025718E+02
     0.174022455E+02
     0.174023472E+02
     0.174022455E+02
     0.174020817E+02
     0.174020005E+02
     0.174017569E+02
     0.174014341E+02
     0.174015348E+02
     0.174014341E+02
     0.174012722E+02
     0.174011918E+02
     0.174009509E+02
     0.174006317E+02
     0.174007312E+02
     0.174006317E+02
     0.174004715E+02
     0.174003921E+02
     0.174001538E+02
     0.173998382E+02
     0.173999365E+02
     0.173998382E+02
     0.173996798E+02
     0.173996012E+02
     0.173993657E+02
     0.173990536E+02
     0.173991509E+02
     0.173990536E+02
     0.173988970E+02
     0.173988194E+02
     0.173985865E+02
     0.173982781E+02
     0.173983742E+02
     0.173982781E+02
     0.173981233E+02
     0.173980466E+02
     0.173978164E+02
     0.173975116E+02
     0.173976066E+02
     0.173975116E+02
     0.173973586E+02
     0.173972828E+02
     0.173970554E+02
     0.173967542E+02
     0.173968480E+02
     0.173967542E+02
     0.173966030E+02
     0.173965281E+02
     0.173963034E+02
     0.173960058E+02
     0.173960985E+02
     0.173960058E+02
     0.173958565E+02
     0.173957824E+02
     0.173955604E+02
     0.173952665E+02
     0.173953581E+02
     0.173952665E+02
     0.173951190E+02
     0.173950459E+02
     0.173948266E+02
     0.173945363E+02
     0.173946268E+02
     0.173945363E+02
     0.173943906E+02
     0.173943184E+02
     0.173941018E+02
     0.173938152E+02
     0.173939045E+02
     0.173938152E+02
     0.173936712E+02
     0.173935999E+02
     0.173933861E+02
     0.173931031E+02
     0.173931913E+02
     0.173931031E+02
     0.173929609E+02
     0.173928906E+02
     0.173926794E+02
     0.173924000E+02
     0.173924871E+02
     0.173924000E+02
     0.173922597E+02
     0.173921902E+02
     0.173919817E+02
     0.173917059E+02
     0.173917919E+02
     0.173917059E+02
     0.173915674E+02
     0.173914988E+02
     0.173912930E+02
     0.173910208E+02
     0.173911056E+02
     0.173910208E+02
     0.173908840E+02
     0.173908164E+02
     0.173906133E+02
     0.173903446E+02
     0.173904283E+02
     0.173903446E+02
     0.173902096E+02
     0.173901428E+02
     0.173899424E+02
     0.173896773E+02
     0.173897599E+02
     0.173896773E+02
     0.173895441E+02
     0.173894781E+02
     0.173892804E+02
     0.173890188E+02
     0.173891003E+02
     0.173890188E+02
     0.173888873E+02
     0.173888223E+02
     0.173886271E+02
     0.173883691E+02
     0.173884494E+02
     0.173883691E+02
     0.173882393E+02
     0.173881751E+02
     0.173879826E+02
     0.173877280E+02
     0.173878073E+02
     0.173877280E+02
     0.173875999E+02
     0.173875366E+02
     0.173873467E+02
     0.173870955E+02
     0.173871737E+02
     0.173870955E+02
     0.173869692E+02
     0.173869067E+02
     0.173867193E+02
     0.173864716E+02
     0.173865487E+02
     0.173864716E+02
     0.173863469E+02
     0.173862852E+02
     0.173861003E+02
     0.173858560E+02
     0.173859321E+02
     0.173858560E+02
     0.173857330E+02
     0.173856722E+02
     0.173854898E+02
     0.173852487E+02
     0.173853238E+02
     0.173852487E+02
     0.173851276E+02
     0.173850677E+02
     0.173848881E+02
     0.173846509E+02
     0.173847248E+02
     0.173846509E+02
     0.173845322E+02
     0.173844736E+02
     0.173842976E+02
     0.173840653E+02
     0.173841376E+02
     0.173840653E+02
     0.173839490E+02
     0.173838915E+02
     0.173837192E+02
     0.173834916E+02
     0.173835625E+02
     0.173834916E+02
     0.173833777E+02
     0.173833214E+02
     0.173831527E+02
     0.173829298E+02
     0.173829992E+02
     0.173829298E+02
     0.173828182E+02
     0.173827631E+02
     0.173825978E+02
     0.173823795E+02
     0.173824474E+02
     0.173823795E+02
     0.173822702E+02
     0.173822162E+02
     0.173820543E+02
     0.173818405E+02
     0.173819071E+02
     0.173818405E+02
     0.173817335E+02
     0.173816806E+02
     0.173815221E+02
     0.173813127E+02
     0.173813779E+02
     0.173813127E+02
     0.173812079E+02
     0.173811561E+02
     0.173810009E+02
     0.173807959E+02
     0.173808597E+02
     0.173807959E+02
     0.173806932E+02
     0.173806426E+02
     0.173804905E+02
     0.173802899E+02
     0.173803523E+02
     0.173802899E+02
     0.173801893E+02
     0.173801397E+02
     0.173799909E+02
     0.173797944E+02
     0.173798555E+02
     0.173797944E+02
     0.173796959E+02
     0.173796474E+02
     0.173795016E+02
     0.173793093E+02
     0.173793692E+02
     0.173793093E+02
     0.173792129E+02
     0.173791653E+02
     0.173790226E+02
     0.173788344E+02
     0.173788930E+02
     0.173788344E+02
     0.173787400E+02
     0.173786934E+02
     0.173785537E+02
     0.173783695E+02
     0.173784268E+02
     0.173783695E+02
     0.173782770E+02
     0.173782314E+02
     0.173780947E+02
     0.173779143E+02
     0.173779704E+02
     0.173779143E+02
     0.173778238E+02
     0.173777792E+02
     0.173776453E+02
     0.173774688E+02
     0.173775237E+02
     0.173774688E+02
     0.173773801E+02
     0.173773365E+02
     0.173772054E+02
     0.173770326E+02
     0.173770864E+02
     0.173770326E+02
     0.173769459E+02
     0.173769031E+02
     0.173767748E+02
     0.173766057E+02
     0.173766583E+02
     0.173766057E+02
     0.173765208E+02
     0.173764789E+02
     0.173763533E+02
     0.173761878E+02
     0.173762393E+02
     0.173761878E+02
     0.173761046E+02
     0.173760636E+02
     0.173759407E+02
     0.173757787E+02
     0.173758291E+02
     0.173757787E+02
     0.173756972E+02
     0.173756571E+02
     0.173755368E+02
     0.173753782E+02
     0.173754275E+02
     0.173753782E+02
     0.173752984E+02
     0.173752592E+02
     0.173751413E+02
     0.173749861E+02
     0.173750344E+02
     0.173749861E+02
     0.173749080E+02
     0.173748695E+02
     0.173747541E+02
     0.173746022E+02
     0.173746494E+02
     0.173746022E+02
     0.173745256E+02
     0.173744879E+02
     0.173743749E+02
     0.173742262E+02
     0.173742724E+02
     0.173742262E+02
     0.173741511E+02
     0.173741142E+02
     0.173740035E+02
     0.173738578E+02
     0.173739031E+02
     0.173738578E+02
     0.173737843E+02
     0.173737481E+02
     0.173736396E+02
     0.173734969E+02
     0.173735413E+02
     0.173734969E+02
     0.173734248E+02
     0.173733893E+02
     0.173732830E+02
     0.173731431E+02
     0.173731866E+02
     0.173731431E+02
     0.173730723E+02
     0.173730375E+02
     0.173729332E+02
     0.173727960E+02
     0.173728387E+02
     0.173727960E+02
     0.173727265E+02
     0.173726924E+02
     0.173725900E+02
     0.173724554E+02
     0.173724972E+02
     0.173724554E+02
     0.173723871E+02
     0.173723535E+02
     0.173722529E+02
     0.173721207E+02
     0.173721618E+02
     0.173721207E+02
     0.173720546E+02
     0.173720222E+02
     0.173719249E+02
     0.173717971E+02
     0.173718368E+02
     0.173717971E+02
     0.173717349E+02
     0.173717044E+02
     0.173716129E+02
     0.173714927E+02
     0.173715301E+02
     0.173714927E+02
     0.173714340E+02
     0.173714052E+02
     0.173713188E+02
     0.173712053E+02
     0.173712406E+02
     0.173712053E+02
     0.173711497E+02
     0.173711224E+02
     0.173710406E+02
     0.173709331E+02
     0.173709665E+02
     0.173709331E+02
     0.173708803E+02
     0.173708544E+02
     0.173707767E+02
     0.173706746E+02
     0.173707063E+02
     0.173706746E+02
     0.173706244E+02
     0.173705997E+02
     0.173705258E+02
     0.173704286E+02
     0.173704588E+02
     0.173704286E+02
     0.173703808E+02
     0.173703573E+02
     0.173702869E+02
     0.173701943E+02
     0.173702230E+02
     0.173701943E+02
     0.173701486E+02
     0.173701262E+02
     0.173700590E+02
     0.173699706E+02
     0.173699981E+02
     0.173699706E+02
     0.173699270E+02
     0.173699056E+02
     0.173698414E+02
     0.173697570E+02
     0.173697832E+02
     0.173697570E+02
     0.173697153E+02
     0.173696948E+02
     0.173696334E+02
     0.173695527E+02
     0.173695778E+02
     0.173695527E+02
     0.173695128E+02
     0.173694933E+02
     0.173694345E+02
     0.173693572E+02
     0.173693812E+02
     0.173693572E+02
     0.173693190E+02
     0.173693003E+02
     0.173692440E+02
     0.173691700E+02
     0.173691930E+02
     0.173691700E+02
     0.173691334E+02
     0.173691155E+02
     0.173690616E+02
     0.173689907E+02
     0.173690127E+02
     0.173689907E+02
     0.173689556E+02
     0.173689384E+02
     0.173688867E+02
     0.173688187E+02
     0.173688398E+02
     0.173688187E+02
     0.173687850E+02
     0.173687685E+02
     0.173687189E+02
     0.173686538E+02
     0.173686740E+02
     0.173686538E+02
     0.173686215E+02
     0.173686056E+02
     0.173685580E+02
     0.173684955E+02
     0.173685149E+02
     0.173684955E+02
     0.173684645E+02
     0.173684493E+02
     0.173684036E+02
     0.173683436E+02
     0.173683623E+02
     0.173683436E+02
     0.173683138E+02
     0.173682992E+02
     0.173682554E+02
     0.173681978E+02
     0.173682157E+02
     0.173681978E+02
     0.173681692E+02
     0.173681551E+02
     0.173681130E+02
     0.173680577E+02
     0.173680749E+02
     0.173680577E+02
     0.173680302E+02
     0.173680167E+02
     0.173679763E+02
     0.173679231E+02
     0.173679397E+02
     0.173679231E+02
     0.173678968E+02
     0.173678838E+02
     0.173678450E+02
     0.173677939E+02
     0.173678098E+02
     0.173677939E+02
     0.173677685E+02
     0.173677561E+02
     0.173677188E+02
     0.173676697E+02
     0.173676849E+02
     0.173676697E+02
     0.173676453E+02
     0.173676334E+02
     0.173675975E+02
     0.173675503E+02
     0.173675650E+02
     0.173675503E+02
     0.173675269E+02
     0.173675154E+02
     0.173674809E+02
     0.173674356E+02
     0.173674497E+02
     0.173674356E+02
     0.173674131E+02
     0.173674020E+02
     0.173673689E+02
     0.173673253E+02
     0.173673388E+02
     0.173673253E+02
     0.173673037E+02
     0.173672930E+02
     0.173672612E+02
     0.173672193E+02
     0.173672323E+02
     0.173672193E+02
     0.173671985E+02
     0.173671883E+02
     0.173671577E+02
     0.173671174E+02
     0.173671299E+02
     0.173671174E+02
     0.173670974E+02
     0.173670876E+02
     0.173670581E+02
     0.173670194E+02
     0.173670315E+02
     0.173670194E+02
     0.173670002E+02
     0.173669908E+02
     0.173669625E+02
     0.173669253E+02
     0.173669368E+02
     0.173669253E+02
     0.173669068E+02
     0.173668977E+02
     0.173668705E+02
     0.173668347E+02
     0.173668458E+02
     0.173668347E+02
     0.173668169E+02
     0.173668082E+02
     0.173667821E+02
     0.173667477E+02
     0.173667584E+02
     0.173667477E+02
     0.173667306E+02
     0.173667222E+02
     0.173666971E+02
     0.173666640E+02
     0.173666743E+02
     0.173666640E+02
     0.173666476E+02
     0.173666395E+02
     0.173666154E+02
     0.173665836E+02
     0.173665935E+02
     0.173665836E+02
     0.173665678E+02
     0.173665601E+02
     0.173665368E+02
     0.173665063E+02
     0.173665158E+02
     0.173665063E+02
     0.173664911E+02
     0.173664837E+02
     0.173664613E+02
     0.173664320E+02
     0.173664411E+02
     0.173664320E+02
     0.173664174E+02
     0.173664103E+02
     0.173663888E+02
     0.173663606E+02
     0.173663694E+02
     0.173663606E+02
     0.173663466E+02
     0.173663397E+02
     0.173663191E+02
     0.173662920E+02
     0.173663004E+02
     0.173662920E+02
     0.173662785E+02
     0.173662719E+02
     0.173662521E+02
     0.173662261E+02
     0.173662342E+02
     0.173662261E+02
     0.173662131E+02
     0.173662068E+02
     0.173661877E+02
     0.173661627E+02
     0.173661705E+02
     0.173661627E+02
     0.173661503E+02
     0.173661442E+02
     0.173661259E+02
     0.173661019E+02
     0.173661094E+02
     0.173661019E+02
     0.173660899E+02
     0.173660841E+02
     0.173660665E+02
     0.173660435E+02
     0.173660506E+02
     0.173660435E+02
     0.173660320E+02
     0.173660264E+02
     0.173660095E+02
     0.173659873E+02
     0.173659942E+02
     0.173659873E+02
     0.173659763E+02
     0.173659709E+02
     0.173659547E+02
     0.173659335E+02
     0.173659401E+02
     0.173659335E+02
     0.173659229E+02
     0.173659177E+02
     0.173659021E+02
     0.173658817E+02
     0.173658881E+02
     0.173658817E+02
     0.173658716E+02
     0.173658666E+02
     0.173658516E+02
     0.173658321E+02
     0.173658381E+02
     0.173658321E+02
     0.173658223E+02
     0.173658175E+02
     0.173658032E+02
     0.173657844E+02
     0.173657902E+02
     0.173657844E+02
     0.173657750E+02
     0.173657705E+02
     0.173657567E+02
     0.173657387E+02
     0.173657443E+02
     0.173657387E+02
     0.173657297E+02
     0.173657253E+02
     0.173657121E+02
     0.173656948E+02
     0.173657002E+02
     0.173656948E+02
     0.173656862E+02
     0.173656820E+02
     0.173656693E+02
     0.173656527E+02
     0.173656579E+02
     0.173656527E+02
     0.173656445E+02
     0.173656404E+02
     0.173656283E+02
     0.173656124E+02
     0.173656173E+02
     0.173656124E+02
     0.173656045E+02
     0.173656006E+02
     0.173655889E+02
     0.173655737E+02
     0.173655784E+02
     0.173655737E+02
     0.173655661E+02
     0.173655624E+02
     0.173655512E+02
     0.173655366E+02
     0.173655412E+02
     0.173655366E+02
     0.173655293E+02
     0.173655258E+02
     0.173655151E+02
     0.173655011E+02
     0.173655054E+02
     0.173655011E+02
     0.173654941E+02
     0.173654907E+02
     0.173654805E+02
     0.173654671E+02
     0.173654712E+02
     0.173654671E+02
     0.173654604E+02
     0.173654571E+02
     0.173654473E+02
     0.173654345E+02
     0.173654384E+02
     0.173654345E+02
     0.173654281E+02
     0.173654249E+02
     0.173654155E+02
     0.173654033E+02
     0.173654071E+02
     0.173654033E+02
     0.173653971E+02
     0.173653941E+02
     0.173653851E+02
     0.173653734E+02
     0.173653770E+02
     0.173653734E+02
     0.173653675E+02
     0.173653646E+02
     0.173653560E+02
     0.173653448E+02
     0.173653483E+02
     0.173653448E+02
     0.173653392E+02
     0.173653364E+02
     0.173653282E+02
     0.173653174E+02
     0.173653208E+02
     0.173653174E+02
     0.173653121E+02
     0.173653094E+02
     0.173653016E+02
     0.173652913E+02
     0.173652945E+02
     0.173652913E+02
     0.173652861E+02
     0.173652836E+02
     0.173652761E+02
     0.173652663E+02
     0.173652693E+02
     0.173652663E+02
     0.173652614E+02
     0.173652590E+02
     0.173652518E+02
     0.173652424E+02
     0.173652453E+02
     0.173652424E+02
     0.173652377E+02
     0.173652354E+02
     0.173652285E+02
     0.173652195E+02
     0.173652223E+02
     0.173652195E+02
     0.173652150E+02
     0.173652129E+02
     0.173652063E+02
     0.173651977E+02
     0.173652004E+02
     0.173651977E+02
     0.173651934E+02
     0.173651913E+02
     0.173651851E+02
     0.173651769E+02
     0.173651794E+02
     0.173651769E+02
     0.173651728E+02
     0.173651708E+02
     0.173651648E+02
     0.173651570E+02
     0.173651594E+02
     0.173651570E+02
     0.173651531E+02
     0.173651512E+02
     0.173651455E+02
     0.173651381E+02
     0.173651404E+02
     0.173651381E+02
     0.173651343E+02
     0.173651325E+02
     0.173651271E+02
     0.173651200E+02
     0.173651222E+02
     0.173651200E+02
     0.173651164E+02
     0.173651147E+02
     0.173651095E+02
     0.173651027E+02
     0.173651048E+02
     0.173651027E+02
     0.173650994E+02
     0.173650977E+02
     0.173650928E+02
     0.173650863E+02
     0.173650883E+02
     0.173650863E+02
     0.173650831E+02
     0.173650815E+02
     0.173650768E+02
     0.173650707E+02
     0.173650726E+02
     0.173650707E+02
     0.173650676E+02
     0.173650661E+02
     0.173650616E+02
     0.173650558E+02
     0.173650576E+02
     0.173650558E+02
     0.173650528E+02
     0.173650514E+02
     0.173650472E+02
     0.173650416E+02
     0.173650433E+02
     0.173650416E+02
     0.173650388E+02
     0.173650375E+02
     0.173650334E+02
     0.173650281E+02
     0.173650297E+02
     0.173650281E+02
     0.173650255E+02
     0.173650242E+02
     0.173650203E+02
     0.173650153E+02
     0.173650168E+02
     0.173650153E+02
     0.173650128E+02
     0.173650115E+02
     0.173650079E+02
     0.173650031E+02
     0.173650046E+02
     0.173650031E+02
     0.173650007E+02
     0.173649996E+02
     0.173649961E+02
     0.173649915E+02
     0.173649929E+02
     0.173649915E+02
     0.173649893E+02
     0.173649882E+02
     0.173649849E+02
     0.173649805E+02
     0.173649819E+02
     0.173649805E+02
     0.173649784E+02
     0.173649773E+02
     0.173649742E+02
     0.173649701E+02
     0.173649714E+02
     0.173649701E+02
     0.173649681E+02
     0.173649671E+02
     0.173649641E+02
     0.173649602E+02
     0.173649614E+02
     0.173649602E+02
     0.173649583E+02
     0.173649574E+02
     0.173649545E+02
     0.173649509E+02
     0.173649520E+02
     0.173649509E+02
     0.173649490E+02
     0.173649481E+02
     0.173649455E+02
     0.173649420E+02
     0.173649431E+02
     0.173649420E+02
     0.173649403E+02
     0.173649394E+02
     0.173649369E+02
     0.173649336E+02
     0.173649346E+02
     0.173649336E+02
     0.173649320E+02
     0.173649312E+02
     0.173649288E+02
     0.173649257E+02
     0.173649266E+02
     0.173649257E+02
     0.173649241E+02
     0.173649233E+02
     0.173649211E+02
     0.173649181E+02
     0.173649191E+02
     0.173649181E+02
     0.173649167E+02
     0.173649160E+02
     0.173649138E+02
     0.173649110E+02
     0.173649119E+02
     0.173649110E+02
     0.173649097E+02
     0.173649090E+02
     0.173649070E+02
     0.173649043E+02
     0.173649052E+02
     0.173649043E+02
     0.173649030E+02
     0.173649024E+02
     0.173649005E+02
     0.173648980E+02
     0.173648988E+02
     0.173648980E+02
     0.173648968E+02
     0.173648962E+02
     0.173648944E+02
     0.173648921E+02
     0.173648928E+02
     0.173648921E+02
     0.173648909E+02
     0.173648903E+02
     0.173648886E+02
     0.173648864E+02
     0.173648871E+02
     0.173648864E+02
     0.173648853E+02
     0.173648848E+02
     0.173648832E+02
     0.173648811E+02
     0.173648818E+02
     0.173648811E+02
     0.173648801E+02
     0.173648796E+02
     0.173648781E+02
     0.173648762E+02
     0.173648768E+02
     0.173648762E+02
     0.173648752E+02
     0.173648747E+02
     0.173648733E+02
     0.173648715E+02
     0.173648721E+02
     0.173648715E+02
     0.173648706E+02
     0.173648701E+02
     0.173648688E+02
     0.173648671E+02
     0.173648676E+02
     0.173648671E+02
     0.173648662E+02
     0.173648658E+02
     0.173648646E+02
     0.173648630E+02
     0.173648635E+02
     0.173648630E+02
     0.173648622E+02
     0.173648618E+02
     0.173648606E+02
     0.173648591E+02
     0.173648596E+02
     0.173648591E+02
     0.173648584E+02
     0.173648580E+02
     0.173648569E+02
     0.173648555E+02
     0.173648559E+02
     0.173648555E+02
     0.173648548E+02
     0.173648544E+02
     0.173648534E+02
     0.173648521E+02
     0.173648525E+02
     0.173648521E+02
     0.173648514E+02
     0.173648511E+02
     0.173648502E+02
     0.173648489E+02
     0.173648493E+02
     0.173648489E+02
     0.173648483E+02
     0.173648480E+02
     0.173648471E+02
     0.173648460E+02
     0.173648463E+02
     0.173648460E+02
     0.173648454E+02
     0.173648451E+02
     0.173648443E+02
     0.173648432E+02
     0.173648435E+02
     0.173648432E+02
     0.173648427E+02
     0.173648424E+02
     0.173648416E+02
     0.173648406E+02
     0.173648409E+02
     0.173648406E+02
     0.173648401E+02
     0.173648399E+02
     0.173648392E+02
     0.173648382E+02
     0.173648385E+02
     0.173648382E+02
     0.173648378E+02
     0.173648376E+02
     0.173648369E+02
     0.173648360E+02
     0.173648363E+02
     0.173648360E+02
     0.173648356E+02
     0.173648354E+02
     0.173648348E+02
     0.173648339E+02
     0.173648342E+02
     0.173648339E+02
     0.173648335E+02
     0.173648334E+02
     0.173648328E+02
     0.173648320E+02
     0.173648323E+02
     0.173648320E+02
     0.173648317E+02
     0.173648315E+02
     0.173648309E+02
     0.173648303E+02
     0.173648305E+02
     0.173648303E+02
     0.173648299E+02
     0.173648297E+02
     0.173648292E+02
     0.173648286E+02
     0.173648288E+02
     0.173648286E+02
     0.173648283E+02
     0.173648281E+02
     0.173648277E+02
     0.173648271E+02
     0.173648273E+02
     0.173648271E+02
     0.173648268E+02
     0.173648267E+02
     0.173648262E+02
     0.173648257E+02
     0.173648259E+02
     0.173648257E+02
     0.173648254E+02
     0.173648253E+02
     0.173648249E+02
     0.173648244E+02
     0.173648246E+02
     0.173648244E+02
     0.173648241E+02
     0.173648240E+02
     0.173648237E+02
     0.173648232E+02
     0.173648234E+02
     0.173648232E+02
     0.173648230E+02
     0.173648229E+02
     0.173648225E+02
     0.173648221E+02
     0.173648223E+02
     0.173648221E+02
     0.173648219E+02
     0.173648218E+02
     0.173648215E+02
     0.173648211E+02
     0.173648212E+02
     0.173648211E+02
     0.173648209E+02
     0.173648208E+02
     0.173648206E+02
     0.173648202E+02
     0.173648203E+02
     0.173648202E+02
     0.173648200E+02
     0.173648199E+02
     0.173648197E+02
     0.173648194E+02
     0.173648195E+02
     0.173648194E+02
     0.173648192E+02
     0.173648191E+02
     0.173648189E+02
     0.173648186E+02
     0.173648187E+02
     0.173648186E+02
     0.173648185E+02
     0.173648184E+02
     0.173648182E+02
     0.173648179E+02
     0.173648180E+02
     0.173648179E+02
     0.173648178E+02
     0.173648177E+02
     0.173648175E+02
     0.173648173E+02
     0.173648174E+02
     0.173648173E+02
     0.173648172E+02
     0.173648171E+02
     0.173648169E+02
     0.173648167E+02
     0.173648168E+02
     0.173648167E+02
     0.173648166E+02
     0.173648166E+02
     0.173648164E+02
     0.173648162E+02
     0.173648163E+02
     0.173648162E+02
     0.173648161E+02
     0.173648161E+02
     0.173648159E+02
     0.173648157E+02
     0.173648158E+02
     0.173648157E+02
     0.173648157E+02
     0.173648156E+02
     0.173648155E+02
     0.173648153E+02
     0.173648154E+02
     0.173648153E+02
     0.173648153E+02
     0.173648152E+02
     0.173648151E+02
     0.173648150E+02
     0.173648150E+02
     0.173648150E+02
     0.173648149E+02
     0.173648149E+02
     0.173648148E+02
     0.173648146E+02
     0.173648147E+02
     0.173648146E+02
     0.173648146E+02
     0.173648145E+02
     0.173648144E+02
     0.173648143E+02
     0.173648144E+02
     0.173648143E+02
     0.173648143E+02
     0.173648142E+02
     0.173648142E+02
     0.173648141E+02
     0.173648141E+02
     0.173648141E+02
     0.173648140E+02
     0.173648140E+02
     0.173648139E+02
     0.173648138E+02
     0.173648139E+02
     0.173648138E+02
     0.173648138E+02
     0.173648138E+02
     0.173648137E+02
     0.173648136E+02
     0.173648136E+02
     0.173648136E+02
     0.173648136E+02
     0.173648136E+02
     0.173648135E+02
     0.173648134E+02
     0.173648135E+02
     0.173648134E+02
     0.173648134E+02
     0.173648134E+02
     0.173648133E+02
     0.173648133E+02
     0.173648133E+02
     0.173648133E+02
     0.173648133E+02
     0.173648132E+02
     0.173648132E+02
     0.173648131E+02
     0.173648132E+02
     0.173648131E+02
     0.173648131E+02
     0.173648131E+02
     0.173648131E+02
     0.173648130E+02
     0.173648130E+02
     0.173648130E+02
     0.173648130E+02
     0.173648130E+02
     0.173648130E+02
     0.173648129E+02
     0.173648129E+02
     0.173648129E+02
     0.173648129E+02
     0.173648129E+02
     0.173648129E+02
     0.173648128E+02
     0.173648128E+02
     0.173648128E+02
     0.173648128E+02
     0.173648128E+02
     0.173648128E+02
     0.173648128E+02
     0.173648128E+02
     0.173648128E+02
     0.173648127E+02
     0.173648127E+02
     0.173648127E+02
     0.173648127E+02
     0.173648127E+02
     0.173648127E+02
     0.173648127E+02
     0.173648127E+02
     0.173648127E+02
     0.173648126E+02
     0.173648126E+02
     0.173648126E+02
     0.173648126E+02
     0.173648126E+02
     0.173648126E+02
     0.173648126E+02
     0.173648126E+02
     0.173648126E+02
     0.173648126E+02
     0.173648126E+02
     0.173648126E+02
     0.173648126E+02
     0.173648126E+02
     0.173648126E+02
     0.173648125E+02
     0.173648125E+02
     0.173648125E+02
     0.173648125E+02
     0.173648125E+02
     0.173648125E+02
     0.173648125E+02
     0.173648125E+02
     0.173648125E+02
     0.173648125E+02
     0.173648125E+02
     0.173648125E+02
     0.173648125E+02
     0.173648125E+02
     0.173648125E+02
     0.173648125E+02
     0.173648125E+02
     0.173648125E+02
     0.173648125E+02
     0.173648125E+02
     0.173648125E+02
     0.173648125E+02
     0.173648125E+02
     0.173648125E+02
     0.173648125E+02
     0.173648125E+02
     0.173648125E+02
     0.173648125E+02
     0.173648125E+02
     0.173648125E+02
     0.173648124E+02
     0.173648124E+02
     0.173648124E+02
     0.173648124E+02
     0.173648124E+02
     0.173648124E+02
     0.173648124E+02
     0.173648124E+02
     0.173648124E+02
     0.173648124E+02
     0.173648124E+02
     0.173648124E+02
     0.173648124E+02
     0.173648124E+02
     0.173648124E+02
     0.173648124E+02
     0.173648124E+02
     0.173648124E+02
     0.173648124E+02
     0.173648124E+02
     0.173648124E+02
     0.173648124E+02
     0.173648124E+02
     0.173648124E+02
     0.173648124E+02
     0.173648124E+02
     0.173648124E+02
     0.173648124E+02
     0.173648124E+02
     0.173648124E+02
     0.173648124E+02
     0.173648124E+02
     0.173648124E+02
     0.173648124E+02
     0.173648124E+02
     0.173648124E+02
     0.173648124E+02
     0.173648124E+02
     0.173648124E+02
     0.173648124E+02
     0.173648124E+02
     0.173648124E+02
     0.173648124E+02
     0.173648124E+02
     0.173648124E+02
     0.173648124E+02
     0.173648124E+02
     0.173648124E+02
     0.173648124E+02
     0.173648124E+02
     0.173648124E+02
     0.173648124E+02
     0.173648124E+02
     0.173648124E+02
     0.173648124E+02
     0.173648124E+02
     0.173648124E+02
     0.173648124E+02
     0.173648124E+02
     0.173648124E+02
     0.173648124E+02
     0.173648124E+02
     0.173648124E+02
     0.173648124E+02
     0.173648124E+02
     0.173648124E+02
     0.173648124E+02
     0.173648124E+02
     0.173648124E+02
     0.173648124E+02
     0.173648124E+02
     0.173648124E+02
     0.173648124E+02
     0.173648124E+02
     0.173648124E+02
     0.173648124E+02
     0.173648124E+02
     0.173648124E+02
     0.173648124E+02
     0.173648124E+02
     0.173648124E+02
     0.173648124E+02
     0.173648124E+02
     0.173648124E+02
     0.173648124E+02
     0.173648124E+02
     0.173648124E+02
     0.173648124E+02
     0.173648124E+02
     0.173648124E+02
     0.173648124E+02
     0.173648124E+02
     0.173648124E+02
     0.173648124E+02
     0.173648124E+02
     0.173648124E+02
     0.173648124E+02
     0.173648124E+02
     0.173648124E+02
     0.173648124E+02
     0.173648124E+02
     0.173648124E+02
     0.173648124E+02
     0.173648124E+02
     0.173648124E+02
     0.173648124E+02
     0.173648124E+02
     0.173648124E+02
     0.173648124E+02
     0.173648124E+02
     0.173648124E+02
     0.173648124E+02
     0.173648124E+02
     0.173648124E+02
     0.173648124E+02
     0.173648124E+02
     0.173648124E+02
     0.173648124E+02
     0.173648124E+02
