     0.000000000E+00
     0.737037880E+02
     0.106159480E+03
     0.200627027E+03
     0.300011276E+03
     0.273259555E+03
     0.737037880E+01
     0.110193641E+02
     0.219628757E+02
     0.364284715E+02
     0.319239540E+02
     0.947447790E+00
     0.142058489E+01
     0.283998880E+01
     0.473067406E+01
     0.414006358E+01
     0.473067342E+01
     0.620755539E+01
     0.694451780E+01
     0.915537730E+01
     0.120984828E+02
     0.111793447E+02
     0.535252810E+01
     0.566319396E+01
     0.659518948E+01
     0.783702872E+01
     0.744905514E+01
     0.783702859E+01
     0.856509088E+01
     0.892875532E+01
     0.100197454E+02
     0.114732449E+02
     0.110191685E+02
     0.114732447E+02
     0.121799987E+02
     0.125330211E+02
     0.135920851E+02
     0.150030550E+02
     0.145622644E+02
     0.150030549E+02
     0.157344658E+02
     0.160997817E+02
     0.171957262E+02
     0.186557602E+02
     0.181996506E+02
     0.186557601E+02
     0.194058164E+02
     0.197804243E+02
     0.209042444E+02
     0.224013487E+02
     0.219336666E+02
     0.224013488E+02
     0.231653503E+02
     0.235469034E+02
     0.246915593E+02
     0.262163586E+02
     0.257400325E+02
     0.262163588E+02
     0.269908267E+02
     0.273775885E+02
     0.285378702E+02
     0.300834265E+02
     0.296006233E+02
     0.300834267E+02
     0.308657124E+02
     0.312563607E+02
     0.324283015E+02
     0.339893327E+02
     0.335017024E+02
     0.339893331E+02
     0.347773714E+02
     0.351708753E+02
     0.363513829E+02
     0.379237713E+02
     0.374325999E+02
     0.379237718E+02
     0.387159210E+02
     0.391114610E+02
     0.402980771E+02
     0.418785496E+02
     0.413848594E+02
     0.418785502E+02
     0.426734835E+02
     0.430703974E+02
     0.442611353E+02
     0.458470467E+02
     0.453516639E+02
     0.458470474E+02
     0.466436771E+02
     0.470414222E+02
     0.482346536E+02
     0.498238361E+02
     0.493274377E+02
     0.498238370E+02
     0.506212606E+02
     0.510193864E+02
     0.522137603E+02
     0.538044153E+02
     0.533075629E+02
     0.538044163E+02
     0.546018767E+02
     0.550000057E+02
     0.561943887E+02
     0.577850078E+02
     0.572881726E+02
     0.577850089E+02
     0.585818652E+02
     0.589796773E+02
     0.601731100E+02
     0.617624158E+02
     0.612659968E+02
     0.617624171E+02
     0.625581216E+02
     0.629553437E+02
     0.641470066E+02
     0.657339086E+02
     0.652382462E+02
     0.657339100E+02
     0.665279914E+02
     0.669243885E+02
     0.681135763E+02
     0.696971359E+02
     0.692025232E+02
     0.696971375E+02
     0.704891874E+02
     0.708845558E+02
     0.720706575E+02
     0.736500615E+02
     0.731567524E+02
     0.736500632E+02
     0.744397256E+02
     0.748338876E+02
     0.760163704E+02
     0.775909100E+02
     0.770991259E+02
     0.775909119E+02
     0.783778744E+02
     0.787706743E+02
     0.799490712E+02
     0.815181249E+02
     0.810280598E+02
     0.815181270E+02
     0.823021143E+02
     0.826934150E+02
     0.838673142E+02
     0.854303345E+02
     0.849421594E+02
     0.854303367E+02
     0.862111052E+02
     0.866007852E+02
     0.877698223E+02
     0.893263246E+02
     0.888401907E+02
     0.893263269E+02
     0.901036598E+02
     0.904916111E+02
     0.916554622E+02
     0.932050156E+02
     0.927210575E+02
     0.932050181E+02
     0.939787220E+02
     0.943648482E+02
     0.955232242E+02
     0.970654443E+02
     0.965837819E+02
     0.970654469E+02
     0.978353487E+02
     0.982195635E+02
     0.993722055E+02
     0.100906748E+03
     0.100427489E+03
     0.100906751E+03
     0.101672695E+03
     0.102054921E+03
     0.103201597E+03
     0.104728153E+03
     0.104251393E+03
     0.104728156E+03
     0.105490002E+03
     0.105870169E+03
     0.107010669E+03
     0.108528961E+03
     0.108054787E+03
     0.108528964E+03
     0.109286585E+03
     0.109664631E+03
     0.110798766E+03
     0.112308541E+03
     0.111837033E+03
     0.112308545E+03
     0.113061827E+03
     0.113437694E+03
     0.114565293E+03
     0.116066326E+03
     0.115597553E+03
     0.116066329E+03
     0.116815168E+03
     0.117188805E+03
     0.118309713E+03
     0.119801797E+03
     0.119335824E+03
     0.119801801E+03
     0.120546102E+03
     0.120917462E+03
     0.122031538E+03
     0.123514486E+03
     0.123051371E+03
     0.123514490E+03
     0.124254168E+03
     0.124623207E+03
     0.125730324E+03
     0.127203967E+03
     0.126743763E+03
     0.127203970E+03
     0.127938947E+03
     0.128305628E+03
     0.129405668E+03
     0.130869850E+03
     0.130412606E+03
     0.130869854E+03
     0.131600058E+03
     0.131964345E+03
     0.133057202E+03
     0.134511784E+03
     0.134057543E+03
     0.134511788E+03
     0.135237154E+03
     0.135599014E+03
     0.136684593E+03
     0.138129445E+03
     0.137678247E+03
     0.138129449E+03
     0.138849918E+03
     0.139209322E+03
     0.140287533E+03
     0.141722539E+03
     0.141274421E+03
     0.141722543E+03
     0.142438061E+03
     0.142794983E+03
     0.143865746E+03
     0.145290799E+03
     0.144845794E+03
     0.145290803E+03
     0.146001321E+03
     0.146355735E+03
     0.147418976E+03
     0.148833979E+03
     0.148392118E+03
     0.148833984E+03
     0.149539456E+03
     0.149891341E+03
     0.150946994E+03
     0.152351858E+03
     0.151913168E+03
     0.152351863E+03
     0.153052249E+03
     0.153401583E+03
     0.154449588E+03
     0.155844233E+03
     0.155408739E+03
     0.155844238E+03
     0.156539500E+03
     0.156886266E+03
     0.157926566E+03
     0.159310919E+03
     0.158878644E+03
     0.159310924E+03
     0.160001028E+03
     0.160345210E+03
     0.161377755E+03
     0.162751750E+03
     0.162322713E+03
     0.162751755E+03
     0.163436670E+03
     0.163778252E+03
     0.164802996E+03
     0.166166573E+03
     0.165740794E+03
     0.166166578E+03
     0.166846277E+03
     0.167185244E+03
     0.168202148E+03
     0.169555251E+03
     0.169132748E+03
     0.169555257E+03
     0.170229714E+03
     0.170566056E+03
     0.171575080E+03
     0.172917662E+03
     0.172498449E+03
     0.172917668E+03
     0.173586861E+03
     0.173920566E+03
     0.174921679E+03
     0.176253696E+03
     0.175837786E+03
     0.176253701E+03
     0.176917611E+03
     0.177248668E+03
     0.178241839E+03
     0.179563252E+03
     0.179150658E+03
     0.179563258E+03
     0.180221865E+03
     0.180550266E+03
     0.181535470E+03
     0.182846245E+03
     0.182436977E+03
     0.182846251E+03
     0.183499540E+03
     0.183825277E+03
     0.184802491E+03
     0.186102596E+03
     0.185696664E+03
     0.186102602E+03
     0.186750560E+03
     0.187073627E+03
     0.188042829E+03
     0.189332240E+03
     0.188929652E+03
     0.189332246E+03
     0.189974860E+03
     0.190295251E+03
     0.191256425E+03
     0.192535118E+03
     0.192135881E+03
     0.192535124E+03
     0.193172384E+03
     0.193490094E+03
     0.194443225E+03
     0.195711181E+03
     0.195315301E+03
     0.195711187E+03
     0.196343085E+03
     0.196658109E+03
     0.197603185E+03
     0.198860388E+03
     0.198467870E+03
     0.198860395E+03
     0.199486923E+03
     0.199799259E+03
     0.200736270E+03
     0.201982708E+03
     0.201593556E+03
     0.201982715E+03
     0.202603868E+03
     0.202913514E+03
     0.203842452E+03
     0.205078115E+03
     0.204692331E+03
     0.205078122E+03
     0.205693896E+03
     0.206000849E+03
     0.206921709E+03
     0.208146591E+03
     0.207764177E+03
     0.208146597E+03
     0.208756991E+03
     0.209061249E+03
     0.209974027E+03
     0.211188124E+03
     0.210809082E+03
     0.211188131E+03
     0.211793141E+03
     0.212094705E+03
     0.212999400E+03
     0.214202710E+03
     0.213827040E+03
     0.214202717E+03
     0.214802344E+03
     0.215101214E+03
     0.215997827E+03
     0.217190350E+03
     0.216818052E+03
     0.217190357E+03
     0.217784603E+03
     0.218080779E+03
     0.218969311E+03
     0.220151052E+03
     0.219782124E+03
     0.220151060E+03
     0.220739926E+03
     0.221033410E+03
     0.221913865E+03
     0.223084829E+03
     0.222719270E+03
     0.223084837E+03
     0.223668327E+03
     0.223959121E+03
     0.224831504E+03
     0.225991700E+03
     0.225629507E+03
     0.225991707E+03
     0.226569826E+03
     0.226857931E+03
     0.227722251E+03
     0.228871688E+03
     0.228512858E+03
     0.228871695E+03
     0.229444448E+03
     0.229729868E+03
     0.230586132E+03
     0.231724822E+03
     0.231369351E+03
     0.231724830E+03
     0.232292222E+03
     0.232574961E+03
     0.233423180E+03
     0.234551136E+03
     0.234199020E+03
     0.234551144E+03
     0.235113184E+03
     0.235393245E+03
     0.236233430E+03
     0.237350669E+03
     0.237001903E+03
     0.237350677E+03
     0.237907373E+03
     0.238184760E+03
     0.239016924E+03
     0.240123464E+03
     0.239778042E+03
     0.240123472E+03
     0.240674832E+03
     0.240949550E+03
     0.241773707E+03
     0.242869567E+03
     0.242527483E+03
     0.242869575E+03
     0.243415610E+03
     0.243687664E+03
     0.244503830E+03
     0.245589031E+03
     0.245250279E+03
     0.245589040E+03
     0.246129760E+03
     0.246399156E+03
     0.247207347E+03
     0.248281911E+03
     0.247946483E+03
     0.248281920E+03
     0.248817338E+03
     0.249084081E+03
     0.249884315E+03
     0.250948268E+03
     0.250616156E+03
     0.250948276E+03
     0.251478404E+03
     0.251742501E+03
     0.252534797E+03
     0.253588164E+03
     0.253259360E+03
     0.253588172E+03
     0.254113022E+03
     0.254374480E+03
     0.255158858E+03
     0.256201666E+03
     0.255876163E+03
     0.256201675E+03
     0.256721261E+03
     0.256980087E+03
     0.257756569E+03
     0.258788846E+03
     0.258466634E+03
     0.258788855E+03
     0.259303193E+03
     0.259559394E+03
     0.260328001E+03
     0.261349779E+03
     0.261030848E+03
     0.261349788E+03
     0.261858891E+03
     0.262112475E+03
     0.262873232E+03
     0.263884541E+03
     0.263568881E+03
     0.263884550E+03
     0.264388436E+03
     0.264639411E+03
     0.265392341E+03
     0.266393214E+03
     0.266080816E+03
     0.266393224E+03
     0.266891908E+03
     0.267140283E+03
     0.267885411E+03
     0.268875883E+03
     0.268566735E+03
     0.268875893E+03
     0.269369393E+03
     0.269615176E+03
     0.270352529E+03
     0.271332636E+03
     0.271026727E+03
     0.271332645E+03
     0.271820979E+03
     0.272064179E+03
     0.272793784E+03
     0.273763561E+03
     0.273460880E+03
     0.273763571E+03
     0.274246757E+03
     0.274487384E+03
     0.275209269E+03
     0.276168755E+03
     0.275869289E+03
     0.276168764E+03
     0.276646822E+03
     0.276884885E+03
     0.277599079E+03
     0.278548312E+03
     0.278252051E+03
     0.278548322E+03
     0.279021270E+03
     0.279256779E+03
     0.279963312E+03
     0.280902333E+03
     0.280609263E+03
     0.280902343E+03
     0.281370202E+03
     0.281603168E+03
     0.282302070E+03
     0.283230920E+03
     0.282941028E+03
     0.283230930E+03
     0.283693721E+03
     0.283924153E+03
     0.284615457E+03
     0.285534178E+03
     0.285247450E+03
     0.285534188E+03
     0.285991932E+03
     0.286219842E+03
     0.286903578E+03
     0.287812214E+03
     0.287528637E+03
     0.287812224E+03
     0.288264942E+03
     0.288490341E+03
     0.289166543E+03
     0.290065139E+03
     0.289784699E+03
     0.290065149E+03
     0.290512864E+03
     0.290735763E+03
     0.291404465E+03
     0.292293066E+03
     0.292015749E+03
     0.292293076E+03
     0.292735810E+03
     0.292956220E+03
     0.293617457E+03
     0.294496109E+03
     0.294221900E+03
     0.294496119E+03
     0.294933897E+03
     0.295151830E+03
     0.295805636E+03
     0.296674387E+03
     0.296403272E+03
     0.296674397E+03
     0.297107241E+03
     0.297322710E+03
     0.297969122E+03
     0.298828020E+03
     0.298559983E+03
     0.298828030E+03
     0.299255965E+03
     0.299468981E+03
     0.300108036E+03
     0.300957130E+03
     0.300692156E+03
     0.300957140E+03
     0.301380190E+03
     0.301590766E+03
     0.302222501E+03
     0.303061842E+03
     0.302799915E+03
     0.303061852E+03
     0.303480043E+03
     0.303688192E+03
     0.304312644E+03
     0.305142283E+03
     0.304883387E+03
     0.305142294E+03
     0.305555651E+03
     0.305761384E+03
     0.306378594E+03
     0.307198583E+03
     0.306942701E+03
     0.307198593E+03
     0.307607142E+03
     0.307810475E+03
     0.308420480E+03
     0.309230872E+03
     0.308977988E+03
     0.309230882E+03
     0.309634650E+03
     0.309835594E+03
     0.310438436E+03
     0.311239284E+03
     0.310989382E+03
     0.311239295E+03
     0.311638308E+03
     0.311836878E+03
     0.312432595E+03
     0.313223955E+03
     0.312977017E+03
     0.313223966E+03
     0.313618251E+03
     0.313814460E+03
     0.314403096E+03
     0.315185022E+03
     0.314941031E+03
     0.315185033E+03
     0.315574618E+03
     0.315768481E+03
     0.316350076E+03
     0.317122625E+03
     0.316881563E+03
     0.317122636E+03
     0.317507550E+03
     0.317699079E+03
     0.318273677E+03
     0.319036905E+03
     0.318798754E+03
     0.319036916E+03
     0.319417186E+03
     0.319606398E+03
     0.320174040E+03
     0.320928006E+03
     0.320692749E+03
     0.320928017E+03
     0.321303673E+03
     0.321490580E+03
     0.322051311E+03
     0.322796072E+03
     0.322563690E+03
     0.322796083E+03
     0.323167154E+03
     0.323351773E+03
     0.323905636E+03
     0.324641252E+03
     0.324411726E+03
     0.324641263E+03
     0.325007778E+03
     0.325190122E+03
     0.325737163E+03
     0.326463694E+03
     0.326237006E+03
     0.326463705E+03
     0.326825694E+03
     0.327005779E+03
     0.327546042E+03
     0.328263548E+03
     0.328039679E+03
     0.328263559E+03
     0.328621052E+03
     0.328798893E+03
     0.329332425E+03
     0.330040967E+03
     0.329819897E+03
     0.330040978E+03
     0.330394006E+03
     0.330569618E+03
     0.331096465E+03
     0.331796105E+03
     0.331577816E+03
     0.331796116E+03
     0.332144710E+03
     0.332318109E+03
     0.332838316E+03
     0.333529118E+03
     0.333313589E+03
     0.333529129E+03
     0.333873320E+03
     0.334044522E+03
     0.334558137E+03
     0.335240163E+03
     0.335027375E+03
     0.335240174E+03
     0.335579993E+03
     0.335749014E+03
     0.336256085E+03
     0.336929399E+03
     0.336719332E+03
     0.336929410E+03
     0.337264890E+03
     0.337431745E+03
     0.337932320E+03
     0.338596986E+03
     0.338389620E+03
     0.338596998E+03
     0.338928170E+03
     0.339092876E+03
     0.339587003E+03
     0.340243088E+03
     0.340038401E+03
     0.340243099E+03
     0.340569996E+03
     0.340732569E+03
     0.341220298E+03
     0.341867866E+03
     0.341665839E+03
     0.341867877E+03
     0.342190532E+03
     0.342350989E+03
     0.342832369E+03
     0.343471486E+03
     0.343272098E+03
     0.343471498E+03
     0.343789943E+03
     0.343948300E+03
     0.344423381E+03
     0.345054115E+03
     0.344857345E+03
     0.345054127E+03
     0.345368396E+03
     0.345524670E+03
     0.345993502E+03
     0.346615920E+03
     0.346421747E+03
     0.346615932E+03
     0.346926059E+03
     0.347080267E+03
     0.347542901E+03
     0.348157071E+03
     0.347965474E+03
     0.348157083E+03
     0.348463102E+03
     0.348615261E+03
     0.349071748E+03
     0.349677738E+03
     0.349488695E+03
     0.349677750E+03
     0.349979695E+03
     0.350129822E+03
     0.350580214E+03
     0.351178093E+03
     0.350991583E+03
     0.351178105E+03
     0.351476010E+03
     0.351624123E+03
     0.352068471E+03
     0.352658310E+03
     0.352474310E+03
     0.352658322E+03
     0.352952222E+03
     0.353098337E+03
     0.353536695E+03
     0.354118562E+03
     0.353937051E+03
     0.354118574E+03
     0.354408504E+03
     0.354552640E+03
     0.354985059E+03
     0.355559026E+03
     0.355379981E+03
     0.355559038E+03
     0.355845033E+03
     0.355987207E+03
     0.356413740E+03
     0.356979878E+03
     0.356803278E+03
     0.356979890E+03
     0.357261985E+03
     0.357402216E+03
     0.357822917E+03
     0.358381297E+03
     0.358207119E+03
     0.358381309E+03
     0.358659540E+03
     0.358797844E+03
     0.359212767E+03
     0.359763461E+03
     0.359591683E+03
     0.359763473E+03
     0.360037876E+03
     0.360174273E+03
     0.360583472E+03
     0.361126552E+03
     0.360957151E+03
     0.361126564E+03
     0.361397180E+03
     0.361531688E+03
     0.361935225E+03
     0.362470773E+03
     0.362303723E+03
     0.362470786E+03
     0.362737660E+03
     0.362870304E+03
     0.363268246E+03
     0.363796356E+03
     0.363631628E+03
     0.363796368E+03
     0.364059537E+03
     0.364190334E+03
     0.364582737E+03
     0.365103479E+03
     0.364941052E+03
     0.365103492E+03
     0.365362991E+03
     0.365491960E+03
     0.365878878E+03
     0.366392326E+03
     0.366232175E+03
     0.366392338E+03
     0.366648205E+03
     0.366775364E+03
     0.367156851E+03
     0.367663079E+03
     0.367505182E+03
     0.367663091E+03
     0.367915361E+03
     0.368040728E+03
     0.368416840E+03
     0.368915921E+03
     0.368760255E+03
     0.368915933E+03
     0.369164644E+03
     0.369288238E+03
     0.369659030E+03
     0.370151038E+03
     0.369997580E+03
     0.370151050E+03
     0.370396238E+03
     0.370518077E+03
     0.370883605E+03
     0.371368615E+03
     0.371217341E+03
     0.371368627E+03
     0.371610330E+03
     0.371730433E+03
     0.372090753E+03
     0.372568840E+03
     0.372419727E+03
     0.372568852E+03
     0.372807107E+03
     0.372925493E+03
     0.373280661E+03
     0.373751900E+03
     0.373604924E+03
     0.373751912E+03
     0.373986757E+03
     0.374103444E+03
     0.374453517E+03
     0.374917984E+03
     0.374773122E+03
     0.374917996E+03
     0.375149469E+03
     0.375264476E+03
     0.375609511E+03
     0.376067282E+03
     0.375924510E+03
     0.376067295E+03
     0.376295432E+03
     0.376408780E+03
     0.376748834E+03
     0.377199986E+03
     0.377059279E+03
     0.377199998E+03
     0.377424839E+03
     0.377536545E+03
     0.377871676E+03
     0.378316285E+03
     0.378177621E+03
     0.378316297E+03
     0.378537880E+03
     0.378647965E+03
     0.378978230E+03
     0.379416373E+03
     0.379279727E+03
     0.379416386E+03
     0.379634749E+03
     0.379743231E+03
     0.380068688E+03
     0.380500444E+03
     0.380365791E+03
     0.380500456E+03
     0.380715639E+03
     0.380822537E+03
     0.381143245E+03
     0.381568691E+03
     0.381436007E+03
     0.381568703E+03
     0.381780743E+03
     0.381886078E+03
     0.382202095E+03
     0.382621309E+03
     0.382490569E+03
     0.382621321E+03
     0.382830259E+03
     0.382934049E+03
     0.383245433E+03
     0.383658494E+03
     0.383529675E+03
     0.383658507E+03
     0.383864380E+03
     0.383966646E+03
     0.384273457E+03
     0.384680443E+03
     0.384553519E+03
     0.384680455E+03
     0.384883304E+03
     0.384984065E+03
     0.385286361E+03
     0.385687352E+03
     0.385562299E+03
     0.385687365E+03
     0.385887228E+03
     0.385986504E+03
     0.386284346E+03
     0.386679420E+03
     0.386556213E+03
     0.386679433E+03
     0.386876350E+03
     0.386974162E+03
     0.387267607E+03
     0.387656846E+03
     0.387535459E+03
     0.387656858E+03
     0.387850870E+03
     0.387947236E+03
     0.388236346E+03
     0.388619828E+03
     0.388500237E+03
     0.388619840E+03
     0.388810986E+03
     0.388905927E+03
     0.389190761E+03
     0.389568566E+03
     0.389450747E+03
     0.389568579E+03
     0.389756898E+03
     0.389850434E+03
     0.390131053E+03
     0.390503263E+03
     0.390387188E+03
     0.390503275E+03
     0.390688809E+03
     0.390780959E+03
     0.391057423E+03
     0.391424117E+03
     0.391309764E+03
     0.391424130E+03
     0.391606917E+03
     0.391697703E+03
     0.391970073E+03
     0.392331332E+03
     0.392218674E+03
     0.392331345E+03
     0.392511427E+03
     0.392600868E+03
     0.392869204E+03
     0.393225110E+03
     0.393114122E+03
     0.393225123E+03
     0.393402540E+03
     0.393490657E+03
     0.393755020E+03
     0.394105654E+03
     0.393996310E+03
     0.394105666E+03
     0.394280460E+03
     0.394367273E+03
     0.394627723E+03
     0.394973167E+03
     0.394865442E+03
     0.394973180E+03
     0.395145389E+03
     0.395230919E+03
     0.395487519E+03
     0.395827854E+03
     0.395721722E+03
     0.395827867E+03
     0.395997533E+03
     0.396081800E+03
     0.396334610E+03
     0.396669919E+03
     0.396565354E+03
     0.396669931E+03
     0.396837096E+03
     0.396920120E+03
     0.397169203E+03
     0.397499567E+03
     0.397396544E+03
     0.397499580E+03
     0.397664284E+03
     0.397746085E+03
     0.397991502E+03
     0.398317004E+03
     0.398215498E+03
     0.398317016E+03
     0.398479301E+03
     0.398559901E+03
     0.398801713E+03
     0.399122436E+03
     0.399022420E+03
     0.399122448E+03
     0.399282354E+03
     0.399361773E+03
     0.399600043E+03
     0.399916069E+03
     0.399817517E+03
     0.399916081E+03
     0.400073649E+03
     0.400151908E+03
     0.400386698E+03
     0.400698110E+03
     0.400600997E+03
     0.400698122E+03
     0.400853394E+03
     0.400930514E+03
     0.401161885E+03
     0.401468766E+03
     0.401373066E+03
     0.401468779E+03
     0.401621796E+03
     0.401697797E+03
     0.401925812E+03
     0.402228246E+03
     0.402133932E+03
     0.402228258E+03
     0.402379063E+03
     0.402453966E+03
     0.402678687E+03
     0.402976756E+03
     0.402883803E+03
     0.402976769E+03
     0.403125402E+03
     0.403199228E+03
     0.403420718E+03
     0.403714506E+03
     0.403622887E+03
     0.403714518E+03
     0.403861022E+03
     0.403933791E+03
     0.404152113E+03
     0.404441704E+03
     0.404351394E+03
     0.404441716E+03
     0.404586132E+03
     0.404657866E+03
     0.404873082E+03
     0.405158559E+03
     0.405069531E+03
     0.405158572E+03
     0.405300940E+03
     0.405371660E+03
     0.405583833E+03
     0.405865281E+03
     0.405777508E+03
     0.405865293E+03
     0.406005657E+03
     0.406075384E+03
     0.406284577E+03
     0.406562078E+03
     0.406475535E+03
     0.406562090E+03
     0.406700492E+03
     0.406769246E+03
     0.406975522E+03
     0.407249161E+03
     0.407163822E+03
     0.407249173E+03
     0.407385654E+03
     0.407453457E+03
     0.407656878E+03
     0.407926740E+03
     0.407842578E+03
     0.407926752E+03
     0.408061354E+03
     0.408128227E+03
     0.408328857E+03
     0.408595025E+03
     0.408512013E+03
     0.408595037E+03
     0.408727802E+03
     0.408793765E+03
     0.408991667E+03
     0.409254226E+03
     0.409172339E+03
     0.409254238E+03
     0.409385209E+03
     0.409450283E+03
     0.409645520E+03
     0.409904554E+03
     0.409823765E+03
     0.409904566E+03
     0.410033784E+03
     0.410097992E+03
     0.410290626E+03
     0.410546220E+03
     0.410466502E+03
     0.410546232E+03
     0.410673739E+03
     0.410737101E+03
     0.410927197E+03
     0.411179434E+03
     0.411100762E+03
     0.411179446E+03
     0.411305285E+03
     0.411367821E+03
     0.411555442E+03
     0.411804408E+03
     0.411726754E+03
     0.411804419E+03
     0.411928632E+03
     0.411990365E+03
     0.412175574E+03
     0.412421352E+03
     0.412344691E+03
     0.412421363E+03
     0.412543992E+03
     0.412604941E+03
     0.412787802E+03
     0.413030477E+03
     0.412954783E+03
     0.413030489E+03
     0.413151576E+03
     0.413211763E+03
     0.413392338E+03
     0.413631995E+03
     0.413557240E+03
     0.413632007E+03
     0.413751594E+03
     0.413811041E+03
     0.413989394E+03
     0.414226116E+03
     0.414152275E+03
     0.414226128E+03
     0.414344257E+03
     0.414402985E+03
     0.414579179E+03
     0.414813052E+03
     0.414740098E+03
     0.414813064E+03
     0.414929778E+03
     0.414987807E+03
     0.415161906E+03
     0.415393014E+03
     0.415320920E+03
     0.415393026E+03
     0.415508366E+03
     0.415565718E+03
     0.415737785E+03
     0.415966212E+03
     0.415894952E+03
     0.415966224E+03
     0.416080233E+03
     0.416136928E+03
     0.416307026E+03
     0.416532857E+03
     0.416462405E+03
     0.416532868E+03
     0.416645589E+03
     0.416701649E+03
     0.416869841E+03
     0.417093160E+03
     0.417023489E+03
     0.417093171E+03
     0.417204644E+03
     0.417260090E+03
     0.417426439E+03
     0.417647330E+03
     0.417578415E+03
     0.417647342E+03
     0.417757610E+03
     0.417812462E+03
     0.417977032E+03
     0.418195579E+03
     0.418127392E+03
     0.418195590E+03
     0.418304695E+03
     0.418358975E+03
     0.418521828E+03
     0.418738115E+03
     0.418670631E+03
     0.418738127E+03
     0.418846110E+03
     0.418899839E+03
     0.419061038E+03
     0.419275149E+03
     0.419208342E+03
     0.419275161E+03
     0.419382065E+03
     0.419435264E+03
     0.419594871E+03
     0.419806890E+03
     0.419740733E+03
     0.419806901E+03
     0.419912768E+03
     0.419965457E+03
     0.420123536E+03
     0.420333546E+03
     0.420268013E+03
     0.420333557E+03
     0.420438428E+03
     0.420490628E+03
     0.420647241E+03
     0.420855326E+03
     0.420790391E+03
     0.420855337E+03
     0.420959253E+03
     0.421010985E+03
     0.421166195E+03
     0.421372437E+03
     0.421308074E+03
     0.421372448E+03
     0.421475451E+03
     0.421526736E+03
     0.421680604E+03
     0.421885086E+03
     0.421821270E+03
     0.421885097E+03
     0.421987229E+03
     0.422038088E+03
     0.422190676E+03
     0.422393481E+03
     0.422330185E+03
     0.422393492E+03
     0.422494793E+03
     0.422545246E+03
     0.422696617E+03
     0.422897827E+03
     0.422835026E+03
     0.422897838E+03
     0.422998350E+03
     0.423048417E+03
     0.423198632E+03
     0.423398330E+03
     0.423335998E+03
     0.423398340E+03
     0.423498104E+03
     0.423547806E+03
     0.423696926E+03
     0.423895193E+03
     0.423833304E+03
     0.423895204E+03
     0.423994259E+03
     0.424043617E+03
     0.424191703E+03
     0.424388620E+03
     0.424327150E+03
     0.424388631E+03
     0.424487019E+03
     0.424536053E+03
     0.424683165E+03
     0.424878814E+03
     0.424817737E+03
     0.424878825E+03
     0.424976586E+03
     0.425025315E+03
     0.425171515E+03
     0.425365976E+03
     0.425305266E+03
     0.425365987E+03
     0.425463161E+03
     0.425511606E+03
     0.425656954E+03
     0.425850307E+03
     0.425789940E+03
     0.425850317E+03
     0.425946945E+03
     0.425995126E+03
     0.426139680E+03
     0.426332005E+03
     0.426271956E+03
     0.426332015E+03
     0.426428135E+03
     0.426476072E+03
     0.426619893E+03
     0.426811268E+03
     0.426751512E+03
     0.426811279E+03
     0.426906931E+03
     0.426954643E+03
     0.427097789E+03
     0.427288293E+03
     0.427228806E+03
     0.427288303E+03
     0.427383527E+03
     0.427431033E+03
     0.427573563E+03
     0.427763275E+03
     0.427704032E+03
     0.427763285E+03
     0.427858118E+03
     0.427905438E+03
     0.428047410E+03
     0.428236405E+03
     0.428177383E+03
     0.428236415E+03
     0.428330896E+03
     0.428378050E+03
     0.428519521E+03
     0.428707877E+03
     0.428649050E+03
     0.428707887E+03
     0.428802054E+03
     0.428849059E+03
     0.428990086E+03
     0.429177878E+03
     0.429119225E+03
     0.429177888E+03
     0.429271779E+03
     0.429318655E+03
     0.429459294E+03
     0.429646597E+03
     0.429588093E+03
     0.429646607E+03
     0.429740258E+03
     0.429787023E+03
     0.429927330E+03
     0.430114217E+03
     0.430055840E+03
     0.430114227E+03
     0.430207676E+03
     0.430254349E+03
     0.430394378E+03
     0.430580923E+03
     0.430522648E+03
     0.430580932E+03
     0.430674214E+03
     0.430720813E+03
     0.430860618E+03
     0.431046892E+03
     0.430988699E+03
     0.431046902E+03
     0.431140053E+03
     0.431186594E+03
     0.431326230E+03
     0.431512304E+03
     0.431454170E+03
     0.431512313E+03
     0.431605368E+03
     0.431651870E+03
     0.431791387E+03
     0.431977330E+03
     0.431919234E+03
     0.431977339E+03
     0.432070332E+03
     0.432116812E+03
     0.432256262E+03
     0.432442143E+03
     0.432384063E+03
     0.432442152E+03
     0.432535116E+03
     0.432581591E+03
     0.432721024E+03
     0.432906908E+03
     0.432848824E+03
     0.432906918E+03
     0.432999887E+03
     0.433046372E+03
     0.433185837E+03
     0.433371791E+03
     0.433313681E+03
     0.433371800E+03
     0.433464805E+03
     0.433511317E+03
     0.433650862E+03
     0.433836949E+03
     0.433778794E+03
     0.433836958E+03
     0.433930031E+03
     0.433976585E+03
     0.434116256E+03
     0.434302537E+03
     0.434244319E+03
     0.434302546E+03
     0.434395717E+03
     0.434442328E+03
     0.434582170E+03
     0.434768706E+03
     0.434710405E+03
     0.434768714E+03
     0.434862012E+03
     0.434908695E+03
     0.435048752E+03
     0.435235599E+03
     0.435177198E+03
     0.435235608E+03
     0.435329061E+03
     0.435375829E+03
     0.435516143E+03
     0.435703357E+03
     0.435644838E+03
     0.435703366E+03
     0.435797001E+03
     0.435843868E+03
     0.435984479E+03
     0.436172112E+03
     0.436113459E+03
     0.436172121E+03
     0.436265964E+03
     0.436312942E+03
     0.436453888E+03
     0.436641992E+03
     0.436583189E+03
     0.436642000E+03
     0.436736075E+03
     0.436783177E+03
     0.436924493E+03
     0.437113115E+03
     0.437054147E+03
     0.437113123E+03
     0.437207452E+03
     0.437254689E+03
     0.437396409E+03
     0.437585593E+03
     0.437526446E+03
     0.437585601E+03
     0.437680205E+03
     0.437727588E+03
     0.437869743E+03
     0.438059530E+03
     0.438000192E+03
     0.438059538E+03
     0.438154437E+03
     0.438201974E+03
     0.438344592E+03
     0.438535020E+03
     0.438475480E+03
     0.438535028E+03
     0.438630240E+03
     0.438677939E+03
     0.438821047E+03
     0.439012149E+03
     0.438952395E+03
     0.439012157E+03
     0.439107695E+03
     0.439155565E+03
     0.439299184E+03
     0.439490990E+03
     0.439431013E+03
     0.439490997E+03
     0.439586876E+03
     0.439634923E+03
     0.439779072E+03
     0.439971605E+03
     0.439911398E+03
     0.439971612E+03
     0.440067841E+03
     0.440116070E+03
     0.440260764E+03
     0.440454044E+03
     0.440393602E+03
     0.440454051E+03
     0.440550638E+03
     0.440599052E+03
     0.440744302E+03
     0.440938343E+03
     0.440877660E+03
     0.440938350E+03
     0.441035300E+03
     0.441083901E+03
     0.441229713E+03
     0.441424522E+03
     0.441363597E+03
     0.441424529E+03
     0.441521843E+03
     0.441570632E+03
     0.441717007E+03
     0.441912585E+03
     0.441851417E+03
     0.441912592E+03
     0.442010267E+03
     0.442059242E+03
     0.442206176E+03
     0.442402517E+03
     0.442341109E+03
     0.442402524E+03
     0.442500553E+03
     0.442549712E+03
     0.442697194E+03
     0.442894282E+03
     0.442832638E+03
     0.442894289E+03
     0.442992663E+03
     0.443041998E+03
     0.443190011E+03
     0.443387824E+03
     0.443325952E+03
     0.443387830E+03
     0.443486532E+03
     0.443536036E+03
     0.443684556E+03
     0.443883058E+03
     0.443820968E+03
     0.443883064E+03
     0.443982073E+03
     0.444031735E+03
     0.444180727E+03
     0.444379874E+03
     0.444317582E+03
     0.444379880E+03
     0.444479168E+03
     0.444528973E+03
     0.444678396E+03
     0.444878130E+03
     0.444815652E+03
     0.444878136E+03
     0.444977668E+03
     0.445027599E+03
     0.445177400E+03
     0.445377648E+03
     0.445315008E+03
     0.445377654E+03
     0.445477387E+03
     0.445527423E+03
     0.445677536E+03
     0.445878211E+03
     0.445815436E+03
     0.445878216E+03
     0.445978100E+03
     0.446028213E+03
     0.446178560E+03
     0.446379555E+03
     0.446316679E+03
     0.446379561E+03
     0.446479532E+03
     0.446529692E+03
     0.446680178E+03
     0.446881367E+03
     0.446818430E+03
     0.446881372E+03
     0.446981358E+03
     0.447031528E+03
     0.447182041E+03
     0.447383272E+03
     0.447320321E+03
     0.447383277E+03
     0.447483190E+03
     0.447533324E+03
     0.447683731E+03
     0.447884825E+03
     0.447821916E+03
     0.447884830E+03
     0.447984566E+03
     0.448034612E+03
     0.448184756E+03
     0.448385502E+03
     0.448322701E+03
     0.448385506E+03
     0.448484942E+03
     0.448534838E+03
     0.448684532E+03
     0.448884678E+03
     0.448822065E+03
     0.448884682E+03
     0.448983671E+03
     0.449033344E+03
     0.449182365E+03
     0.449381613E+03
     0.449319281E+03
     0.449381617E+03
     0.449479984E+03
     0.449529344E+03
     0.449677429E+03
     0.449875422E+03
     0.449813482E+03
     0.449875426E+03
     0.449972961E+03
     0.450021902E+03
     0.450168730E+03
     0.450365040E+03
     0.450303627E+03
     0.450365043E+03
     0.450461489E+03
     0.450509881E+03
     0.450655064E+03
     0.450849169E+03
     0.450788447E+03
     0.450849173E+03
     0.450944210E+03
     0.450991894E+03
     0.451134950E+03
     0.451326205E+03
     0.451266375E+03
     0.451326208E+03
     0.451419435E+03
     0.451466207E+03
     0.451606528E+03
     0.451794118E+03
     0.451735436E+03
     0.451794121E+03
     0.451885010E+03
     0.451930607E+03
     0.452067398E+03
     0.452250258E+03
     0.452193057E+03
     0.452250261E+03
     0.452338094E+03
     0.452382152E+03
     0.452514329E+03
     0.452691004E+03
     0.452635740E+03
     0.452691007E+03
     0.452774726E+03
     0.452816714E+03
     0.452942680E+03
     0.453111034E+03
     0.453058374E+03
     0.453111035E+03
     0.453188878E+03
     0.453227910E+03
     0.453345007E+03
     0.453501481E+03
     0.453452541E+03
     0.453178170E+03
     0.453211820E+03
     0.453312770E+03
     0.453447626E+03
     0.453405452E+03
     0.453447627E+03
     0.453515702E+03
     0.453549825E+03
     0.453652193E+03
     0.453788946E+03
     0.453746179E+03
     0.453788947E+03
     0.453863513E+03
     0.453900897E+03
     0.454013052E+03
     0.454162905E+03
     0.454116038E+03
     0.454162907E+03
     0.454245479E+03
     0.454286888E+03
     0.454411120E+03
     0.454577147E+03
     0.454525217E+03
     0.454577149E+03
     0.454666561E+03
     0.454711412E+03
     0.454845967E+03
     0.455025824E+03
     0.454969563E+03
     0.455025826E+03
     0.455121412E+03
     0.455169371E+03
     0.455313249E+03
     0.455505599E+03
     0.455445427E+03
     0.455505601E+03
     0.455606956E+03
     0.455657818E+03
     0.455810407E+03
     0.456014434E+03
     0.455950605E+03
     0.456014436E+03
     0.456121308E+03
     0.456174949E+03
     0.456335873E+03
     0.456551074E+03
     0.456483746E+03
     0.456551077E+03
     0.456663319E+03
     0.456719664E+03
     0.456888703E+03
     0.457114786E+03
     0.457044050E+03
     0.457114789E+03
     0.457232328E+03
     0.457291342E+03
     0.457468387E+03
     0.457705207E+03
     0.457631108E+03
     0.457705211E+03
     0.457828030E+03
     0.457889705E+03
     0.458074733E+03
     0.458322261E+03
     0.458244807E+03
     0.458322264E+03
     0.458450392E+03
     0.458514743E+03
     0.458707798E+03
     0.458966095E+03
     0.458885268E+03
     0.458966099E+03
     0.459099602E+03
     0.459166662E+03
     0.459367847E+03
     0.459637051E+03
     0.459552808E+03
     0.459637056E+03
     0.459776036E+03
     0.459845857E+03
     0.460055325E+03
     0.460335643E+03
     0.460247918E+03
     0.460335648E+03
     0.460480236E+03
     0.460552885E+03
     0.460770836E+03
     0.461062540E+03
     0.460971248E+03
     0.461062546E+03
     0.461212904E+03
     0.461288462E+03
     0.461515144E+03
     0.461818564E+03
     0.461723601E+03
     0.461818570E+03
     0.461974890E+03
     0.462053455E+03
     0.462289157E+03
     0.462604686E+03
     0.462505930E+03
     0.462604692E+03
     0.462767196E+03
     0.462848881E+03
     0.463093942E+03
     0.463422033E+03
     0.463319341E+03
     0.463422039E+03
     0.463590982E+03
     0.463675915E+03
     0.463930720E+03
     0.464271893E+03
     0.464165101E+03
     0.464271899E+03
     0.464447569E+03
     0.464535896E+03
     0.464800884E+03
     0.465155728E+03
     0.465044653E+03
     0.465155735E+03
     0.465338459E+03
     0.465430345E+03
     0.465706011E+03
     0.466075193E+03
     0.465959625E+03
     0.466075200E+03
     0.466265347E+03
     0.466360980E+03
     0.466647884E+03
     0.467032158E+03
     0.466911861E+03
     0.467032165E+03
     0.467230154E+03
     0.467329743E+03
     0.467628520E+03
     0.468028737E+03
     0.467903444E+03
     0.468028745E+03
     0.468235048E+03
     0.468338835E+03
     0.468650203E+03
     0.469067331E+03
     0.468936738E+03
     0.469067339E+03
     0.469282497E+03
     0.469390754E+03
     0.469715532E+03
     0.470150673E+03
     0.470014435E+03
     0.470150682E+03
     0.470375314E+03
     0.470488354E+03
     0.470827484E+03
     0.471281903E+03
     0.471139622E+03
     0.471281912E+03
     0.471516735E+03
     0.471634921E+03
     0.471989489E+03
     0.472464651E+03
     0.472315869E+03
     0.472464661E+03
     0.472710512E+03
     0.472834268E+03
     0.473205548E+03
     0.473703165E+03
     0.473547345E+03
     0.473703175E+03
     0.473961048E+03
     0.474090877E+03
     0.474480376E+03
     0.475002478E+03
     0.474838983E+03
     0.475002490E+03
     0.475273579E+03
     0.475410088E+03
     0.475819624E+03
     0.476368659E+03
     0.476196721E+03
     0.476368671E+03
     0.476654449E+03
     0.476798382E+03
     0.477230193E+03
     0.477809175E+03
     0.477627848E+03
     0.477809188E+03
     0.478111513E+03
     0.478263813E+03
     0.478720725E+03
     0.479333463E+03
     0.479141552E+03
     0.479333478E+03
     0.479654781E+03
     0.479816681E+03
     0.480302394E+03
     0.480953879E+03
     0.480749818E+03
     0.480953894E+03
     0.481296566E+03
     0.481469280E+03
     0.481987436E+03
     0.482682577E+03
     0.482464825E+03
     0.482682594E+03
     0.483034694E+03
     0.483212153E+03
     0.483744543E+03
     0.484458760E+03
     0.484235035E+03
     0.484458776E+03
     0.484820694E+03
     0.485003093E+03
     0.485550305E+03
     0.486284383E+03
     0.486054439E+03
     0.486284399E+03
     0.486656383E+03
     0.486843847E+03
     0.487406254E+03
     0.488160688E+03
     0.487924371E+03
     0.488160704E+03
     0.488543005E+03
     0.488735660E+03
     0.489313636E+03
     0.490088926E+03
     0.489846079E+03
     0.490088941E+03
     0.490481809E+03
     0.490679778E+03
     0.491273695E+03
     0.492070336E+03
     0.491820805E+03
     0.492070351E+03
     0.492474032E+03
     0.492677439E+03
     0.493287668E+03
     0.494106151E+03
     0.493849783E+03
     0.494106165E+03
     0.494520906E+03
     0.494729872E+03
     0.495356779E+03
     0.496197591E+03
     0.495934234E+03
     0.496197604E+03
     0.496623648E+03
     0.496838294E+03
     0.497482240E+03
     0.498345860E+03
     0.498075365E+03
     0.498345873E+03
     0.498783457E+03
     0.499003902E+03
     0.499665244E+03
     0.500552145E+03
     0.500274363E+03
     0.500552157E+03
     0.501001517E+03
     0.501227877E+03
     0.501906963E+03
     0.502817608E+03
     0.502532397E+03
     0.502817621E+03
     0.503278985E+03
     0.503511374E+03
     0.504208547E+03
     0.505143389E+03
     0.504850606E+03
     0.505143401E+03
     0.505616995E+03
     0.505855524E+03
     0.506571117E+03
     0.507530597E+03
     0.507230105E+03
     0.507530608E+03
     0.508016649E+03
     0.508261426E+03
     0.508995762E+03
     0.509980308E+03
     0.509671974E+03
     0.509980319E+03
     0.510472488E+03
     0.510720308E+03
     0.511463768E+03
     0.512460408E+03
     0.512148303E+03
     0.512460418E+03
     0.512957282E+03
     0.513207415E+03
     0.513957818E+03
     0.514963613E+03
     0.514648659E+03
     0.514963622E+03
     0.515466052E+03
     0.515718943E+03
     0.516477617E+03
     0.517494360E+03
     0.517175994E+03
     0.517494368E+03
     0.518003111E+03
     0.518259138E+03
     0.519027217E+03
     0.520056436E+03
     0.519734180E+03
     0.520056443E+03
     0.520572116E+03
     0.520831590E+03
     0.521610011E+03
     0.522652965E+03
     0.522326423E+03
     0.522652972E+03
     0.523176097E+03
     0.523439283E+03
     0.524228839E+03
     0.525286595E+03
     0.524955433E+03
     0.525286601E+03
     0.525817634E+03
     0.526084762E+03
     0.526886144E+03
     0.527959631E+03
     0.527623557E+03
     0.527959636E+03
     0.528498983E+03
     0.528770259E+03
     0.529584081E+03
     0.530674123E+03
     0.530332880E+03
     0.530674128E+03
     0.531222157E+03
     0.531497765E+03
     0.532324585E+03
     0.533431930E+03
     0.533085283E+03
     0.533431934E+03
     0.533988986E+03
     0.534269097E+03
     0.535109427E+03
     0.536234761E+03
     0.535882495E+03
     0.536234764E+03
     0.536801156E+03
     0.537085931E+03
     0.537940249E+03
     0.539084212E+03
     0.538726128E+03
     0.539084215E+03
     0.539660246E+03
     0.539949835E+03
     0.540818593E+03
     0.541981790E+03
     0.541617698E+03
     0.541981793E+03
     0.542567750E+03
     0.542862296E+03
     0.543745925E+03
     0.544928932E+03
     0.544558651E+03
     0.544928935E+03
     0.545525093E+03
     0.545824734E+03
     0.546723649E+03
     0.547927019E+03
     0.547550377E+03
     0.547927021E+03
     0.548533648E+03
     0.548838519E+03
     0.549753121E+03
     0.550977391E+03
     0.550594220E+03
     0.550977393E+03
     0.551594750E+03
     0.551904980E+03
     0.552835662E+03
     0.554081355E+03
     0.553691491E+03
     0.554081356E+03
     0.554709700E+03
     0.555025419E+03
     0.555972565E+03
     0.557240194E+03
     0.556843477E+03
     0.557240195E+03
     0.557879779E+03
     0.558201113E+03
     0.559165103E+03
     0.560455175E+03
     0.560051446E+03
     0.560455175E+03
     0.561106250E+03
     0.561433324E+03
     0.562414535E+03
     0.563727551E+03
     0.563316654E+03
     0.563727551E+03
     0.564390368E+03
     0.564723307E+03
     0.565722114E+03
     0.567058572E+03
     0.566640352E+03
     0.567058571E+03
     0.567733381E+03
     0.568072310E+03
     0.569089087E+03
     0.570449486E+03
     0.570023787E+03
     0.570449486E+03
     0.571136538E+03
     0.571481584E+03
     0.572516706E+03
     0.573901546E+03
     0.573468212E+03
     0.573901545E+03
     0.574601094E+03
     0.574952381E+03
     0.576006228E+03
     0.577416011E+03
     0.576974884E+03
     0.577416009E+03
     0.578128310E+03
     0.578485965E+03
     0.579558918E+03
     0.580994152E+03
     0.580545075E+03
     0.580994150E+03
     0.581719460E+03
     0.582083613E+03
     0.583176057E+03
     0.584637256E+03
     0.584180068E+03
     0.584637254E+03
     0.585375837E+03
     0.585746618E+03
     0.586858946E+03
     0.588346629E+03
     0.587881168E+03
     0.588346627E+03
     0.589098750E+03
     0.589476293E+03
     0.590608904E+03
     0.592123603E+03
     0.591649703E+03
     0.592123600E+03
     0.592889537E+03
     0.593273977E+03
     0.594427279E+03
     0.595969535E+03
     0.595487027E+03
     0.595969532E+03
     0.596749562E+03
     0.597141038E+03
     0.598315449E+03
     0.599885816E+03
     0.599394528E+03
     0.599885813E+03
     0.600680224E+03
     0.601078879E+03
     0.602274828E+03
     0.603873875E+03
     0.603373629E+03
     0.603873872E+03
     0.604682960E+03
     0.605088942E+03
     0.606306870E+03
     0.607935184E+03
     0.607425797E+03
     0.607935180E+03
     0.608759252E+03
     0.609172713E+03
     0.610413076E+03
     0.612071263E+03
     0.611552546E+03
     0.612071259E+03
     0.612910631E+03
     0.613331728E+03
     0.614595000E+03
     0.616283688E+03
     0.615755444E+03
     0.616283683E+03
     0.617138686E+03
     0.617567584E+03
     0.618854256E+03
     0.620574097E+03
     0.620036124E+03
     0.620574092E+03
     0.621445070E+03
     0.621881940E+03
     0.623192526E+03
     0.624944201E+03
     0.624396286E+03
     0.624944196E+03
     0.625831509E+03
     0.626276530E+03
     0.627611569E+03
     0.629395791E+03
     0.628837712E+03
     0.629395785E+03
     0.630299814E+03
     0.630753175E+03
     0.632113231E+03
     0.633930750E+03
     0.633362273E+03
     0.633930745E+03
     0.634851890E+03
     0.635313788E+03
     0.636699459E+03
     0.638551067E+03
     0.637971946E+03
     0.638551062E+03
     0.639489747E+03
     0.639960396E+03
     0.641372314E+03
     0.643258851E+03
     0.642668822E+03
     0.643258845E+03
     0.644215523E+03
     0.644695146E+03
     0.646133985E+03
     0.648056345E+03
     0.647455131E+03
     0.648056339E+03
     0.649031495E+03
     0.649520332E+03
     0.650986815E+03
     0.652945955E+03
     0.652333256E+03
     0.652945948E+03
     0.653940103E+03
     0.654438413E+03
     0.655933315E+03
     0.657930264E+03
     0.657305761E+03
     0.657930258E+03
     0.658943973E+03
     0.659452037E+03
     0.660976198E+03
     0.663012071E+03
     0.662375415E+03
     0.663012064E+03
     0.664045954E+03
     0.664564076E+03
     0.666118409E+03
     0.668194418E+03
     0.667545231E+03
     0.668194411E+03
     0.669249146E+03
     0.669777659E+03
     0.671363165E+03
     0.673480637E+03
     0.672818505E+03
     0.673480630E+03
     0.674554358E+03
     0.675092329E+03
     0.676706209E+03
     0.678861388E+03
     0.678187488E+03
     0.678861381E+03
     0.679947001E+03
     0.680490863E+03
     0.682122413E+03
     0.684300979E+03
     0.683619792E+03
     0.684300972E+03
     0.685398329E+03
     0.685948002E+03
     0.687596985E+03
     0.689798618E+03
     0.689110245E+03
     0.689798611E+03
     0.690907503E+03
     0.691462884E+03
     0.693128996E+03
     0.695353282E+03
     0.694657852E+03
     0.695353275E+03
     0.696473495E+03
     0.697034481E+03
     0.698717406E+03
     0.700963924E+03
     0.700261570E+03
     0.700963917E+03
     0.702095253E+03
     0.702661736E+03
     0.704361151E+03
     0.706629467E+03
     0.705920324E+03
     0.706629461E+03
     0.707771693E+03
     0.708343563E+03
     0.710059138E+03
     0.712348806E+03
     0.711633015E+03
     0.712348800E+03
     0.713501705E+03
     0.714078848E+03
     0.715810243E+03
     0.718120808E+03
     0.717398510E+03
     0.718120802E+03
     0.719284149E+03
     0.719866450E+03
     0.721613316E+03
     0.723944309E+03
     0.723215652E+03
     0.723944303E+03
     0.725117858E+03
     0.725705196E+03
     0.727467177E+03
     0.729818119E+03
     0.729083253E+03
     0.729818114E+03
     0.731001633E+03
     0.731593887E+03
     0.733370617E+03
     0.735741017E+03
     0.735000096E+03
     0.735741012E+03
     0.736934248E+03
     0.737531294E+03
     0.739322397E+03
     0.741711752E+03
     0.740964934E+03
     0.741711748E+03
     0.742914447E+03
     0.743516156E+03
     0.745321250E+03
     0.747729046E+03
     0.746976492E+03
     0.747729042E+03
     0.748940945E+03
     0.749547186E+03
     0.751365879E+03
     0.753791590E+03
     0.753033463E+03
     0.753791586E+03
     0.755012426E+03
     0.755623067E+03
     0.757454956E+03
     0.759898045E+03
     0.759134514E+03
     0.759898042E+03
     0.761127547E+03
     0.761742450E+03
     0.763587126E+03
     0.766047043E+03
     0.765278281E+03
     0.766047041E+03
     0.767284934E+03
     0.767903959E+03
     0.769761003E+03
     0.772237188E+03
     0.771463370E+03
     0.772237186E+03
     0.773483184E+03
     0.774106189E+03
     0.775975173E+03
     0.778467054E+03
     0.777688359E+03
     0.778467053E+03
     0.779720865E+03
     0.780347705E+03
     0.782228194E+03
     0.784735187E+03
     0.783951797E+03
     0.784735187E+03
     0.785996518E+03
     0.786627044E+03
     0.788518593E+03
     0.791040104E+03
     0.790252205E+03
     0.791040104E+03
     0.792308655E+03
     0.792942716E+03
     0.794844872E+03
     0.797380295E+03
     0.796588078E+03
     0.797380296E+03
     0.798655760E+03
     0.799293203E+03
     0.801205505E+03
     0.803754224E+03
     0.802957880E+03
     0.803754226E+03
     0.805036290E+03
     0.805676959E+03
     0.807598938E+03
     0.810160327E+03
     0.809360053E+03
     0.810160330E+03
     0.811448678E+03
     0.812092414E+03
     0.814023594E+03
     0.816597016E+03
     0.815793010E+03
     0.816597019E+03
     0.817891330E+03
     0.818537972E+03
     0.820477869E+03
     0.823062678E+03
     0.822255143E+03
     0.823062682E+03
     0.824362629E+03
     0.825012012E+03
     0.826960137E+03
     0.829555677E+03
     0.828744817E+03
     0.829555682E+03
     0.830860934E+03
     0.831512893E+03
     0.833468746E+03
     0.836074354E+03
     0.835260378E+03
     0.836074360E+03
     0.837384581E+03
     0.838038949E+03
     0.840002027E+03
     0.842617030E+03
     0.841800147E+03
     0.842617037E+03
     0.843931888E+03
     0.844588494E+03
     0.846558288E+03
     0.849182006E+03
     0.848362429E+03
     0.849182013E+03
     0.850501151E+03
     0.851159823E+03
     0.853135818E+03
     0.855767563E+03
     0.854945507E+03
     0.855767572E+03
     0.857090650E+03
     0.857751214E+03
     0.859732889E+03
     0.862371968E+03
     0.861547650E+03
     0.862371978E+03
     0.863698645E+03
     0.864360928E+03
     0.866347758E+03
     0.868993470E+03
     0.868167109E+03
     0.868993481E+03
     0.870323386E+03
     0.870987210E+03
     0.872978665E+03
     0.875630305E+03
     0.874802121E+03
     0.875630317E+03
     0.876963104E+03
     0.877628292E+03
     0.879623840E+03
     0.882280698E+03
     0.881450913E+03
     0.882280711E+03
     0.883616021E+03
     0.884282395E+03
     0.886281500E+03
     0.888942861E+03
     0.888111698E+03
     0.888942875E+03
     0.890280350E+03
     0.890947729E+03
     0.892949852E+03
     0.895614998E+03
     0.894782681E+03
     0.895615013E+03
     0.896954291E+03
     0.897622495E+03
     0.899627095E+03
     0.902295306E+03
     0.901462061E+03
     0.902295322E+03
     0.903636042E+03
     0.904304890E+03
     0.906311424E+03
     0.908981977E+03
     0.908148030E+03
     0.908981994E+03
     0.910323792E+03
     0.910993103E+03
     0.913001027E+03
     0.915673197E+03
     0.914838774E+03
     0.915673216E+03
     0.917015727E+03
     0.917685320E+03
     0.919694089E+03
     0.922367151E+03
     0.921532478E+03
     0.922367171E+03
     0.923710032E+03
     0.924379725E+03
     0.926388795E+03
     0.929062024E+03
     0.928227327E+03
     0.929062045E+03
     0.930404892E+03
     0.931074503E+03
     0.933083329E+03
     0.935755999E+03
     0.934921506E+03
     0.935756022E+03
     0.937098491E+03
     0.937767838E+03
     0.939775877E+03
     0.942447265E+03
     0.941613201E+03
     0.942447289E+03
     0.943789017E+03
     0.944457921E+03
     0.946464628E+03
     0.949134012E+03
     0.948300603E+03
     0.949134037E+03
     0.950474663E+03
     0.951142942E+03
     0.953147777E+03
     0.955814436E+03
     0.954981906E+03
     0.955814462E+03
     0.957153625E+03
     0.957821100E+03
     0.959823523E+03
     0.962486741E+03
     0.961655314E+03
     0.962486768E+03
     0.963818018E+03
     0.964481483E+03
     0.966471881E+03
     0.969118902E+03
     0.968292557E+03
     0.969118931E+03
     0.970438140E+03
     0.971095548E+03
     0.973067774E+03
     0.975690454E+03
     0.974871729E+03
     0.975690483E+03
     0.976997925E+03
     0.977649412E+03
     0.979603879E+03
     0.982202768E+03
     0.981391492E+03
     0.982202798E+03
     0.983498697E+03
     0.984144378E+03
     0.986081426E+03
     0.988656981E+03
     0.987853010E+03
     0.988657011E+03
     0.989941557E+03
     0.990581526E+03
     0.992501441E+03
     0.995054046E+03
     0.994257260E+03
     0.995054078E+03
     0.996327428E+03
     0.996961767E+03
     0.998864790E+03
     0.100139477E+04
     0.100060507E+04
     0.100139480E+04
     0.100265709E+04
     0.100328587E+04
     0.100517220E+04
     0.100767983E+04
     0.100689712E+04
     0.100767986E+04
     0.100893120E+04
     0.100955446E+04
     0.101142427E+04
     0.101390977E+04
     0.101313399E+04
     0.101390981E+04
     0.101515028E+04
     0.101576809E+04
     0.101762151E+04
     0.102008507E+04
     0.101931616E+04
     0.102008511E+04
     0.102131479E+04
     0.102192717E+04
     0.102376433E+04
     0.102620610E+04
     0.102544401E+04
     0.102620613E+04
     0.102742509E+04
     0.102803207E+04
     0.102985304E+04
     0.103227315E+04
     0.103151784E+04
     0.103227318E+04
     0.103348145E+04
     0.103408307E+04
     0.103588793E+04
     0.103828646E+04
     0.103753790E+04
     0.103828649E+04
     0.103948411E+04
     0.104008037E+04
     0.104186917E+04
     0.104424620E+04
     0.104350437E+04
     0.104424623E+04
     0.104543322E+04
     0.104602414E+04
     0.104779691E+04
     0.105015249E+04
     0.104941737E+04
     0.105015252E+04
     0.105132889E+04
     0.105191448E+04
     0.105367124E+04
     0.105600541E+04
     0.105527700E+04
     0.105600544E+04
     0.105717120E+04
     0.105775146E+04
     0.105949223E+04
     0.106180499E+04
     0.106108328E+04
     0.106180503E+04
     0.106296017E+04
     0.106353509E+04
     0.106525987E+04
     0.106755123E+04
     0.106683622E+04
     0.106755127E+04
     0.106869580E+04
     0.106926538E+04
     0.107097416E+04
     0.107324410E+04
     0.107253579E+04
     0.107324414E+04
     0.107437803E+04
     0.107494228E+04
     0.107663503E+04
     0.107888354E+04
     0.107818193E+04
     0.107888358E+04
     0.108000681E+04
     0.108056571E+04
     0.108224241E+04
     0.108446945E+04
     0.108377456E+04
     0.108446949E+04
     0.108558205E+04
     0.108613558E+04
     0.108779620E+04
     0.109000173E+04
     0.108931357E+04
     0.109000177E+04
     0.109110362E+04
     0.109165178E+04
     0.109329628E+04
     0.109548024E+04
     0.109479883E+04
     0.109548028E+04
     0.109657140E+04
     0.109711417E+04
     0.109874250E+04
     0.110090484E+04
     0.110023019E+04
     0.110090488E+04
     0.110198523E+04
     0.110252259E+04
     0.110413470E+04
     0.110627535E+04
     0.110560749E+04
     0.110627539E+04
     0.110734493E+04
     0.110787687E+04
     0.110947271E+04
     0.111159160E+04
     0.111093055E+04
     0.111159165E+04
     0.111265034E+04
     0.111317683E+04
     0.111475634E+04
     0.111685340E+04
     0.111619918E+04
     0.111685344E+04
     0.111790124E+04
     0.111842227E+04
     0.111998539E+04
     0.112206053E+04
     0.112141316E+04
     0.112206057E+04
     0.112309744E+04
     0.112361298E+04
     0.112515964E+04
     0.112721278E+04
     0.112657229E+04
     0.112721282E+04
     0.112823871E+04
     0.112874874E+04
     0.113027887E+04
     0.113230992E+04
     0.113167635E+04
     0.113230997E+04
     0.113332482E+04
     0.113382932E+04
     0.113534286E+04
     0.113735172E+04
     0.113672509E+04
     0.113735177E+04
     0.113835555E+04
     0.113885449E+04
     0.114035136E+04
     0.114233794E+04
     0.114171828E+04
     0.114233799E+04
     0.114333064E+04
     0.114382400E+04
     0.114530413E+04
     0.114726833E+04
     0.114665567E+04
     0.114726838E+04
     0.114824985E+04
     0.114873760E+04
     0.115020091E+04
     0.115214263E+04
     0.115153700E+04
     0.115214268E+04
     0.115311291E+04
     0.115359504E+04
     0.115504144E+04
     0.115696059E+04
     0.115636202E+04
     0.115696064E+04
     0.115791958E+04
     0.115839605E+04
     0.115982547E+04
     0.116172193E+04
     0.116113046E+04
     0.116172198E+04
     0.116266958E+04
     0.116314036E+04
     0.116455273E+04
     0.116642639E+04
     0.116584205E+04
     0.116642644E+04
     0.116736264E+04
     0.116782771E+04
     0.116922293E+04
     0.117107370E+04
     0.117049651E+04
     0.117107374E+04
     0.117199849E+04
     0.117245782E+04
     0.117383582E+04
     0.117566357E+04
     0.117509358E+04
     0.117566362E+04
     0.117657685E+04
     0.117703041E+04
     0.117839110E+04
     0.118019573E+04
     0.117963297E+04
     0.118019578E+04
     0.118109745E+04
     0.118154520E+04
     0.118288850E+04
     0.118466989E+04
     0.118411440E+04
     0.118466994E+04
     0.118555998E+04
     0.118600191E+04
     0.118732773E+04
     0.118908577E+04
     0.118853758E+04
     0.118908582E+04
     0.118996418E+04
     0.119040025E+04
     0.119170850E+04
     0.119344308E+04
     0.119290223E+04
     0.119344313E+04
     0.119430975E+04
     0.119473993E+04
     0.119603053E+04
     0.119774153E+04
     0.119720805E+04
     0.119774158E+04
     0.119859640E+04
     0.119902067E+04
     0.120029352E+04
     0.120198083E+04
     0.120145476E+04
     0.120198088E+04
     0.120282383E+04
     0.120324216E+04
     0.120449719E+04
     0.120616068E+04
     0.120564206E+04
     0.120616073E+04
     0.120699176E+04
     0.120740412E+04
     0.120864123E+04
     0.121028079E+04
     0.120976965E+04
     0.121028084E+04
     0.121109989E+04
     0.121150625E+04
     0.121272535E+04
     0.121434086E+04
     0.121383725E+04
     0.121434092E+04
     0.121514792E+04
     0.121554824E+04
     0.121674925E+04
     0.121834060E+04
     0.121784454E+04
     0.121834065E+04
     0.121913556E+04
     0.121952981E+04
     0.122071263E+04
     0.122227969E+04
     0.122179122E+04
     0.122227974E+04
     0.122306249E+04
     0.122345065E+04
     0.122461519E+04
     0.122615784E+04
     0.122567701E+04
     0.122615790E+04
     0.122692842E+04
     0.122731046E+04
     0.122845662E+04
     0.122997475E+04
     0.122950158E+04
     0.122997480E+04
     0.123073304E+04
     0.123110892E+04
     0.123223663E+04
     0.123373011E+04
     0.123326465E+04
     0.123373016E+04
     0.123447605E+04
     0.123484575E+04
     0.123595490E+04
     0.123742360E+04
     0.123696589E+04
     0.123742366E+04
     0.123815714E+04
     0.123852062E+04
     0.123961113E+04
     0.124105494E+04
     0.124060501E+04
     0.124105499E+04
     0.124177600E+04
     0.124213324E+04
     0.124320500E+04
     0.124462379E+04
     0.124418169E+04
     0.124462385E+04
     0.124533232E+04
     0.124568328E+04
     0.124673621E+04
     0.124812986E+04
     0.124769562E+04
     0.124812991E+04
     0.124882579E+04
     0.124917044E+04
     0.125020445E+04
     0.125157282E+04
     0.125114648E+04
     0.125157288E+04
     0.125225609E+04
     0.125259440E+04
     0.125360938E+04
     0.125495236E+04
     0.125453396E+04
     0.125495242E+04
     0.125562290E+04
     0.125595484E+04
     0.125695071E+04
     0.125826816E+04
     0.125785774E+04
     0.125826822E+04
     0.125892592E+04
     0.125925145E+04
     0.126022810E+04
     0.126151990E+04
     0.126111750E+04
     0.126151996E+04
     0.126216480E+04
     0.126248390E+04
     0.126344123E+04
     0.126470725E+04
     0.126431291E+04
     0.126470731E+04
     0.126533923E+04
     0.126565186E+04
     0.126658978E+04
     0.126782989E+04
     0.126744365E+04
     0.126782995E+04
     0.126844889E+04
     0.126875501E+04
     0.126967342E+04
     0.127088749E+04
     0.127050939E+04
     0.127088755E+04
     0.127149343E+04
     0.127179302E+04
     0.127269182E+04
     0.127387971E+04
     0.127350980E+04
     0.127387977E+04
     0.127447253E+04
     0.127476555E+04
     0.127564464E+04
     0.127680622E+04
     0.127644453E+04
     0.127680628E+04
     0.127738585E+04
     0.127767226E+04
     0.127853154E+04
     0.127966667E+04
     0.127931325E+04
     0.127966673E+04
     0.128023305E+04
     0.128051282E+04
     0.128135219E+04
     0.128246073E+04
     0.128211562E+04
     0.128246079E+04
     0.128301378E+04
     0.128328688E+04
     0.128410622E+04
     0.128518804E+04
     0.128485129E+04
     0.128518810E+04
     0.128572769E+04
     0.128599408E+04
     0.128679330E+04
     0.128784825E+04
     0.128751990E+04
     0.128784831E+04
     0.128837444E+04
     0.128863408E+04
     0.128941307E+04
     0.129044101E+04
     0.129012110E+04
     0.129044107E+04
     0.129095365E+04
     0.129120652E+04
     0.129196516E+04
     0.129296595E+04
     0.129265453E+04
     0.129296601E+04
     0.129346498E+04
     0.129371102E+04
     0.129444922E+04
     0.129542270E+04
     0.129511982E+04
     0.129542276E+04
     0.129590804E+04
     0.129614723E+04
     0.129686486E+04
     0.129781089E+04
     0.129751660E+04
     0.129781095E+04
     0.129828247E+04
     0.129851477E+04
     0.129921172E+04
     0.130013015E+04
     0.129984448E+04
     0.130013021E+04
     0.130058789E+04
     0.130081325E+04
     0.130148941E+04
     0.130238008E+04
     0.130210310E+04
     0.130238015E+04
     0.130282390E+04
     0.130304230E+04
     0.130369755E+04
     0.130456030E+04
     0.130429204E+04
     0.130456037E+04
     0.130499012E+04
     0.130520151E+04
     0.130583573E+04
     0.130667041E+04
     0.130641093E+04
     0.130667048E+04
     0.130708615E+04
     0.130729049E+04
     0.130790356E+04
     0.130871001E+04
     0.130845935E+04
     0.130871007E+04
     0.130911159E+04
     0.130930883E+04
     0.130990063E+04
     0.131067867E+04
     0.131043690E+04
     0.131067874E+04
     0.131106601E+04
     0.131125612E+04
     0.131182651E+04
     0.131257599E+04
     0.131234315E+04
     0.131257605E+04
     0.131294899E+04
     0.131313193E+04
     0.131368079E+04
     0.131440153E+04
     0.131417767E+04
     0.131440159E+04
     0.131476012E+04
     0.131493583E+04
     0.131546304E+04
     0.131615486E+04
     0.131594004E+04
     0.131615492E+04
     0.131649894E+04
     0.131666739E+04
     0.131717280E+04
     0.131783553E+04
     0.131762981E+04
     0.131783559E+04
     0.131816501E+04
     0.131832615E+04
     0.131880963E+04
     0.131944309E+04
     0.131924652E+04
     0.131944315E+04
     0.131975788E+04
     0.131991167E+04
     0.132037308E+04
     0.132097707E+04
     0.132078971E+04
     0.132097713E+04
     0.132127708E+04
     0.132142346E+04
     0.132186266E+04
     0.132243700E+04
     0.132225891E+04
     0.132243707E+04
     0.132272213E+04
     0.132286106E+04
     0.132327791E+04
     0.132382240E+04
     0.132365365E+04
     0.132382247E+04
     0.132409256E+04
     0.132422398E+04
     0.132461832E+04
     0.132513277E+04
     0.132497341E+04
     0.132513284E+04
     0.132538785E+04
     0.132551172E+04
     0.132588341E+04
     0.132636761E+04
     0.132621770E+04
     0.132636767E+04
     0.132660750E+04
     0.132672378E+04
     0.132707265E+04
     0.132752639E+04
     0.132738601E+04
     0.132752646E+04
     0.132775100E+04
     0.132785962E+04
     0.132818552E+04
     0.132860860E+04
     0.132847781E+04
     0.132860867E+04
     0.132881782E+04
     0.132891872E+04
     0.132922149E+04
     0.132961369E+04
     0.132949255E+04
     0.132961375E+04
     0.132980740E+04
     0.132990053E+04
     0.133018001E+04
     0.133054109E+04
     0.133042968E+04
     0.133054116E+04
     0.133071919E+04
     0.133080450E+04
     0.133106051E+04
     0.133139026E+04
     0.133128865E+04
     0.133139033E+04
     0.133155262E+04
     0.133163005E+04
     0.133186241E+04
     0.133216060E+04
     0.133206885E+04
     0.133216066E+04
     0.133230710E+04
     0.133237660E+04
     0.133258514E+04
     0.133285151E+04
     0.133276972E+04
     0.133285158E+04
     0.133298205E+04
     0.133304354E+04
     0.133322808E+04
     0.133346240E+04
     0.133339062E+04
     0.133346247E+04
     0.133357683E+04
     0.133363026E+04
     0.133379061E+04
     0.133399263E+04
     0.133393095E+04
     0.133399270E+04
     0.133409084E+04
     0.133413614E+04
     0.133427209E+04
     0.133444155E+04
     0.133439006E+04
     0.133444162E+04
     0.133452341E+04
     0.133456051E+04
     0.133467189E+04
     0.133480852E+04
     0.133476729E+04
     0.133480859E+04
     0.133487388E+04
     0.133490273E+04
     0.133498932E+04
     0.133509286E+04
     0.133506198E+04
     0.133509293E+04
     0.133514159E+04
     0.133516210E+04
     0.133522370E+04
     0.133529386E+04
     0.133527342E+04
     0.133529394E+04
     0.133532583E+04
     0.133533794E+04
     0.133537433E+04
     0.133541083E+04
     0.133540092E+04
     0.133541091E+04
     0.133542588E+04
     0.133542952E+04
     0.133544048E+04
     0.133544304E+04
     0.133544373E+04
     0.133544311E+04
     0.133544102E+04
     0.133543610E+04
     0.133542142E+04
     0.133538972E+04
     0.133540113E+04
     0.133538979E+04
     0.133537048E+04
     0.133535694E+04
     0.133531638E+04
     0.133525012E+04
     0.133527233E+04
     0.133525019E+04
     0.133521350E+04
     0.133519126E+04
     0.133512458E+04
     0.133502344E+04
     0.133505656E+04
     0.133502351E+04
     0.133496928E+04
     0.133493825E+04
     0.133484521E+04
     0.133470886E+04
     0.133475299E+04
     0.133470893E+04
     0.133463701E+04
     0.133459710E+04
     0.133447745E+04
     0.133430556E+04
     0.133436081E+04
     0.133430564E+04
     0.133421583E+04
     0.133416697E+04
     0.133402045E+04
     0.133381268E+04
     0.133387915E+04
     0.133381275E+04
     0.133370490E+04
     0.133364700E+04
     0.133347334E+04
     0.133322933E+04
     0.133330713E+04
     0.133322940E+04
     0.133310332E+04
     0.133303628E+04
     0.133283522E+04
     0.133255460E+04
     0.133264385E+04
     0.133255468E+04
     0.133241018E+04
     0.133233391E+04
     0.133210516E+04
     0.133178757E+04
     0.133188838E+04
     0.133178764E+04
     0.133162454E+04
     0.133153894E+04
     0.133128222E+04
     0.133092727E+04
     0.133103976E+04
     0.133092734E+04
     0.133074543E+04
     0.133065041E+04
     0.133036542E+04
     0.132997271E+04
     0.133009701E+04
     0.132997278E+04
     0.132977187E+04
     0.132966732E+04
     0.132935376E+04
     0.132892287E+04
     0.132905911E+04
     0.132892295E+04
     0.132870281E+04
     0.132858864E+04
     0.132824619E+04
     0.132777671E+04
     0.132792502E+04
     0.132777679E+04
     0.132753723E+04
     0.132741332E+04
     0.132704165E+04
     0.132653315E+04
     0.132669366E+04
     0.132653323E+04
     0.132627401E+04
     0.132614025E+04
     0.132573904E+04
     0.132519107E+04
     0.132536392E+04
     0.132519115E+04
     0.132491205E+04
     0.132476833E+04
     0.132433723E+04
     0.132374933E+04
     0.132393467E+04
     0.132374941E+04
     0.132345020E+04
     0.132329639E+04
     0.132283504E+04
     0.132220674E+04
     0.132240472E+04
     0.132220682E+04
     0.132188726E+04
     0.132172325E+04
     0.132123128E+04
     0.132056209E+04
     0.132077286E+04
     0.132056217E+04
     0.132022200E+04
     0.132004766E+04
     0.131952471E+04
     0.131881412E+04
     0.131903783E+04
     0.131881420E+04
     0.131845316E+04
     0.131826836E+04
     0.131771403E+04
     0.131696152E+04
     0.131719834E+04
     0.131696160E+04
     0.131657943E+04
     0.131638404E+04
     0.131579793E+04
     0.131500297E+04
     0.131525306E+04
     0.131500304E+04
     0.131459946E+04
     0.131439334E+04
     0.131377503E+04
     0.131293706E+04
     0.131320060E+04
     0.131293714E+04
     0.131251186E+04
     0.131229486E+04
     0.131164393E+04
     0.131076237E+04
     0.131103954E+04
     0.131076245E+04
     0.131031518E+04
     0.131008715E+04
     0.130940315E+04
     0.130847741E+04
     0.130876841E+04
     0.130847749E+04
     0.130800793E+04
     0.130776873E+04
     0.130705120E+04
     0.130608066E+04
     0.130638567E+04
     0.130608074E+04
     0.130558857E+04
     0.130533803E+04
     0.130458650E+04
     0.130357053E+04
     0.130388974E+04
     0.130357061E+04
     0.130305550E+04
     0.130279346E+04
     0.130200743E+04
     0.130094537E+04
     0.130127900E+04
     0.130094545E+04
     0.130040706E+04
     0.130013336E+04
     0.129931232E+04
     0.129820348E+04
     0.129855174E+04
     0.129820356E+04
     0.129764154E+04
     0.129735599E+04
     0.129649941E+04
     0.129534309E+04
     0.129570620E+04
     0.129534317E+04
     0.129475716E+04
     0.129445958E+04
     0.129356692E+04
     0.129236237E+04
     0.129274056E+04
     0.129236245E+04
     0.129175207E+04
     0.129144227E+04
     0.129051295E+04
     0.128925941E+04
     0.128965293E+04
     0.128925950E+04
     0.128862435E+04
     0.128830213E+04
     0.128733555E+04
     0.128603224E+04
     0.128644133E+04
     0.128603233E+04
     0.128537200E+04
     0.128503716E+04
     0.128403271E+04
     0.128267880E+04
     0.128310371E+04
     0.128267888E+04
     0.128199295E+04
     0.128164528E+04
     0.128060231E+04
     0.127919693E+04
     0.127963794E+04
     0.127919702E+04
     0.127848504E+04
     0.127812430E+04
     0.127704215E+04
     0.127558441E+04
     0.127604180E+04
     0.127558450E+04
     0.127484601E+04
     0.127447197E+04
     0.127334994E+04
     0.127183890E+04
     0.127231296E+04
     0.127183899E+04
     0.127107350E+04
     0.127068593E+04
     0.126952329E+04
     0.126795797E+04
     0.126844900E+04
     0.126795806E+04
     0.126716507E+04
     0.126676370E+04
     0.126555968E+04
     0.126393907E+04
     0.126444740E+04
     0.126393916E+04
     0.126311814E+04
     0.126270271E+04
     0.126145652E+04
     0.125977953E+04
     0.126030550E+04
     0.125977963E+04
     0.125893002E+04
     0.125850025E+04
     0.125721104E+04
     0.125547657E+04
     0.125602051E+04
     0.125547666E+04
     0.125459788E+04
     0.125415349E+04
     0.125282038E+04
     0.125102725E+04
     0.125158954E+04
     0.125102734E+04
     0.125011877E+04
     0.124965944E+04
     0.124828151E+04
     0.124642848E+04
     0.124700951E+04
     0.124642857E+04
     0.124548957E+04
     0.124501497E+04
     0.124359126E+04
     0.124167702E+04
     0.124227719E+04
     0.124167711E+04
     0.124070700E+04
     0.124021680E+04
     0.123874626E+04
     0.123676945E+04
     0.123738920E+04
     0.123676954E+04
     0.123576760E+04
     0.123526142E+04
     0.123374299E+04
     0.123170214E+04
     0.123234192E+04
     0.123170224E+04
     0.123066769E+04
     0.123014517E+04
     0.122857768E+04
     0.122647127E+04
     0.122713156E+04
     0.122647137E+04
     0.122540342E+04
     0.122486414E+04
     0.122324639E+04
     0.122107277E+04
     0.122175408E+04
     0.122107287E+04
     0.121997066E+04
     0.121941419E+04
     0.121774487E+04
     0.121550232E+04
     0.121620520E+04
     0.121550242E+04
     0.121436504E+04
     0.121379092E+04
     0.121206864E+04
     0.120975531E+04
     0.121048033E+04
     0.120975541E+04
     0.120858187E+04
     0.120798960E+04
     0.120621291E+04
     0.120382682E+04
     0.120457459E+04
     0.120382692E+04
     0.120261616E+04
     0.120200523E+04
     0.120017252E+04
     0.119771155E+04
     0.119848275E+04
     0.119771165E+04
     0.119646255E+04
     0.119583238E+04
     0.119394196E+04
     0.119140382E+04
     0.119219916E+04
     0.119140392E+04
     0.119011527E+04
     0.118946524E+04
     0.118751527E+04
     0.118489750E+04
     0.118571775E+04
     0.118489760E+04
     0.118356807E+04
     0.118289752E+04
     0.118088600E+04
     0.117818593E+04
     0.117903193E+04
     0.117818604E+04
     0.117681418E+04
     0.117612240E+04
     0.117404716E+04
     0.117126188E+04
     0.117213454E+04
     0.117126199E+04
     0.116984624E+04
     0.116913243E+04
     0.116699109E+04
     0.116411742E+04
     0.116501774E+04
     0.116411754E+04
     0.116266572E+04
     0.116193385E+04
     0.115973837E+04
     0.115679246E+04
     0.115771536E+04
     0.115679257E+04
     0.115531457E+04
     0.115456969E+04
     0.115233514E+04
     0.114933737E+04
     0.115027645E+04
     0.114933748E+04
     0.114783357E+04
     0.114707580E+04
     0.114480260E+04
     0.114175351E+04
     0.114270860E+04
     0.114175362E+04
     0.114022406E+04
     0.113945353E+04
     0.113714207E+04
     0.113404219E+04
     0.113501311E+04
     0.113404229E+04
     0.113248734E+04
     0.113170419E+04
     0.112935485E+04
     0.112620470E+04
     0.112719131E+04
     0.112620480E+04
     0.112462472E+04
     0.112382907E+04
     0.112144225E+04
     0.111824235E+04
     0.111924448E+04
     0.111824245E+04
     0.111663750E+04
     0.111582949E+04
     0.111340558E+04
     0.111015646E+04
     0.111117394E+04
     0.111015655E+04
     0.110852700E+04
     0.110770677E+04
     0.110524617E+04
     0.110194835E+04
     0.110298102E+04
     0.110194844E+04
     0.110029455E+04
     0.109946222E+04
     0.109696533E+04
     0.109361934E+04
     0.109466704E+04
     0.109361944E+04
     0.109194148E+04
     0.109109719E+04
     0.108856440E+04
     0.108517079E+04
     0.108623334E+04
     0.108517088E+04
     0.108346912E+04
     0.108261300E+04
     0.108004472E+04
     0.107660403E+04
     0.107768126E+04
     0.107660411E+04
     0.107487882E+04
     0.107401100E+04
     0.107140765E+04
     0.106792040E+04
     0.106901216E+04
     0.106792049E+04
     0.106617194E+04
     0.106529256E+04
     0.106265453E+04
     0.105912129E+04
     0.106022739E+04
     0.105912137E+04
     0.105734983E+04
     0.105645904E+04
     0.105378674E+04
     0.105020805E+04
     0.105132832E+04
     0.105020813E+04
     0.104841388E+04
     0.104751180E+04
     0.104480566E+04
     0.104118206E+04
     0.104231634E+04
     0.104118214E+04
     0.103936545E+04
     0.103845223E+04
     0.103571265E+04
     0.103204471E+04
     0.103319282E+04
     0.103204479E+04
     0.103020594E+04
     0.102928172E+04
     0.102650913E+04
     0.102279740E+04
     0.102395916E+04
     0.102279748E+04
     0.102093675E+04
     0.102000166E+04
     0.101719648E+04
     0.101344153E+04
     0.101461676E+04
     0.101344160E+04
     0.101155928E+04
     0.101061347E+04
     0.100777611E+04
     0.100397851E+04
     0.100516705E+04
     0.100397858E+04
     0.100207495E+04
     0.100111855E+04
     0.998249456E+03
     0.994409767E+03
     0.995611425E+03
     0.994409839E+03
     0.992485176E+03
     0.991518345E+03
     0.988617932E+03
     0.984736731E+03
     0.985951331E+03
     0.984736801E+03
     0.982791398E+03
     0.981814272E+03
     0.978882977E+03
     0.974960839E+03
     0.976188202E+03
     0.974960907E+03
     0.972995052E+03
     0.972007777E+03
     0.969046033E+03
     0.965083539E+03
     0.966323484E+03
     0.965083606E+03
     0.963097589E+03
     0.962100310E+03
     0.959108554E+03
     0.955106287E+03
     0.956358630E+03
     0.955106352E+03
     0.953100465E+03
     0.952093329E+03
     0.949071999E+03
     0.945030546E+03
     0.946295104E+03
     0.945030609E+03
     0.943005145E+03
     0.941988299E+03
     0.938937836E+03
     0.934857787E+03
     0.936134376E+03
     0.934857848E+03
     0.932813102E+03
     0.931786693E+03
     0.928707542E+03
     0.924589488E+03
     0.925877923E+03
     0.924589548E+03
     0.922525816E+03
     0.921489993E+03
     0.918382598E+03
     0.914227136E+03
     0.915527230E+03
     0.914227194E+03
     0.912144774E+03
     0.911099686E+03
     0.907964496E+03
     0.903772223E+03
     0.905083789E+03
     0.903772279E+03
     0.901671470E+03
     0.900617267E+03
     0.897454731E+03
     0.893226248E+03
     0.894549098E+03
     0.893226303E+03
     0.891107405E+03
     0.890044237E+03
     0.886854807E+03
     0.882590718E+03
     0.883924664E+03
     0.882590771E+03
     0.880454085E+03
     0.879382105E+03
     0.876166234E+03
     0.871867144E+03
     0.873211996E+03
     0.871867196E+03
     0.869713025E+03
     0.868632383E+03
     0.865390526E+03
     0.861057044E+03
     0.862412612E+03
     0.861057094E+03
     0.858885742E+03
     0.857796590E+03
     0.854529205E+03
     0.850161940E+03
     0.851528033E+03
     0.850161988E+03
     0.847973760E+03
     0.846876251E+03
     0.843583795E+03
     0.839183360E+03
     0.840559787E+03
     0.839183407E+03
     0.836978607E+03
     0.835872896E+03
     0.832555828E+03
     0.828122836E+03
     0.829509405E+03
     0.828122882E+03
     0.825901817E+03
     0.824788056E+03
     0.821446837E+03
     0.816981904E+03
     0.818378423E+03
     0.816981949E+03
     0.814744926E+03
     0.813623269E+03
     0.810258362E+03
     0.805762104E+03
     0.807168380E+03
     0.805762147E+03
     0.803509475E+03
     0.802380076E+03
     0.798991943E+03
     0.794464979E+03
     0.795880818E+03
     0.794465021E+03
     0.792198264E+03
     0.791061909E+03
     0.787652909E+03
     0.783098396E+03
     0.784522810E+03
     0.783098436E+03
     0.780823919E+03
     0.779683786E+03
     0.776263450E+03
     0.771694142E+03
     0.773123139E+03
     0.771694180E+03
     0.769412328E+03
     0.768268629E+03
     0.764837592E+03
     0.760254335E+03
     0.761687652E+03
     0.760254371E+03
     0.757965588E+03
     0.756818523E+03
     0.753377389E+03
     0.748780980E+03
     0.750218368E+03
     0.748781014E+03
     0.746485706E+03
     0.745335477E+03
     0.741884850E+03
     0.737276094E+03
     0.738717303E+03
     0.737276127E+03
     0.734974701E+03
     0.733821512E+03
     0.730362002E+03
     0.725741707E+03
     0.727186484E+03
     0.725741739E+03
     0.723434607E+03
     0.722278662E+03
     0.718810881E+03
     0.714179862E+03
     0.715627953E+03
     0.714179892E+03
     0.711867467E+03
     0.710708970E+03
     0.707233536E+03
     0.702592610E+03
     0.704043760E+03
     0.702592639E+03
     0.700275335E+03
     0.699114494E+03
     0.695632025E+03
     0.690982015E+03
     0.692435967E+03
     0.690982043E+03
     0.688660278E+03
     0.687497300E+03
     0.684008418E+03
     0.679350151E+03
     0.680806647E+03
     0.679350177E+03
     0.677024370E+03
     0.675859463E+03
     0.672364794E+03
     0.667699100E+03
     0.669157882E+03
     0.667699125E+03
     0.665369696E+03
     0.664203069E+03
     0.660703241E+03
     0.656030954E+03
     0.657491760E+03
     0.656030977E+03
     0.653698348E+03
     0.652530212E+03
     0.649025855E+03
     0.644347811E+03
     0.645810382E+03
     0.644347834E+03
     0.642012428E+03
     0.640842994E+03
     0.637334740E+03
     0.632651781E+03
     0.634115853E+03
     0.632651802E+03
     0.630314046E+03
     0.629143525E+03
     0.625632009E+03
     0.620944977E+03
     0.622410288E+03
     0.620944998E+03
     0.618605317E+03
     0.617433922E+03
     0.613919781E+03
     0.609229523E+03
     0.610695808E+03
     0.609229542E+03
     0.606888366E+03
     0.605716309E+03
     0.602200183E+03
     0.597507547E+03
     0.598974542E+03
     0.597507565E+03
     0.595165322E+03
     0.593992818E+03
     0.590475348E+03
     0.585781186E+03
     0.587248625E+03
     0.585781203E+03
     0.583438325E+03
     0.582265587E+03
     0.578747416E+03
     0.574052583E+03
     0.575520199E+03
     0.574052599E+03
     0.571709517E+03
     0.570536761E+03
     0.567018534E+03
     0.562323886E+03
     0.563791413E+03
     0.562323901E+03
     0.559981050E+03
     0.558808491E+03
     0.555290856E+03
     0.550597252E+03
     0.552064421E+03
     0.550597266E+03
     0.548255080E+03
     0.547082936E+03
     0.543566541E+03
     0.538874844E+03
     0.540341386E+03
     0.538874857E+03
     0.536533773E+03
     0.535362259E+03
     0.531847756E+03
     0.527158832E+03
     0.528624476E+03
     0.527158844E+03
     0.524819299E+03
     0.523648634E+03
     0.520136677E+03
     0.515451391E+03
     0.516915868E+03
     0.515451403E+03
     0.513113838E+03
     0.511944240E+03
     0.508435483E+03
     0.503754709E+03
     0.505217746E+03
     0.503754719E+03
     0.501419574E+03
     0.500251263E+03
     0.496746366E+03
     0.492070976E+03
     0.493532302E+03
     0.492070986E+03
     0.489738704E+03
     0.488571900E+03
     0.485071524E+03
     0.480402396E+03
     0.481861735E+03
     0.480402405E+03
     0.478073431E+03
     0.476908356E+03
     0.473413164E+03
     0.468751179E+03
     0.470208258E+03
     0.468751187E+03
     0.466425969E+03
     0.465262844E+03
     0.461773503E+03
     0.457119547E+03
     0.458574089E+03
     0.457119555E+03
     0.454798542E+03
     0.453637591E+03
     0.450154772E+03
     0.445509735E+03
     0.446961463E+03
     0.445509742E+03
     0.443193386E+03
     0.442034834E+03
     0.438559212E+03
     0.433923989E+03
     0.435372623E+03
     0.433923996E+03
     0.431612751E+03
     0.430456825E+03
     0.426989077E+03
     0.422364570E+03
     0.423809828E+03
     0.422364576E+03
     0.420058901E+03
     0.418905828E+03
     0.415446639E+03
     0.410833754E+03
     0.412275355E+03
     0.410833760E+03
     0.408534117E+03
     0.407384127E+03
     0.403934186E+03
     0.399333838E+03
     0.400771495E+03
     0.399333842E+03
     0.397040698E+03
     0.395894023E+03
     0.392454024E+03
     0.387867135E+03
     0.389300561E+03
     0.387867139E+03
     0.385580964E+03
     0.384437836E+03
     0.381008481E+03
     0.376435983E+03
     0.377864888E+03
     0.376435986E+03
     0.374157256E+03
     0.373017913E+03
     0.369599912E+03
     0.365042744E+03
     0.366466835E+03
     0.365042747E+03
     0.362771942E+03
     0.361636624E+03
     0.358230694E+03
     0.353689810E+03
     0.355108789E+03
     0.353689813E+03
     0.351427421E+03
     0.350296369E+03
     0.346903237E+03
     0.342379603E+03
     0.343793168E+03
     0.342379605E+03
     0.340126122E+03
     0.338999582E+03
     0.335619986E+03
     0.331114579E+03
     0.332522427E+03
     0.331114581E+03
     0.328870509E+03
     0.327748732E+03
     0.324383422E+03
     0.319897238E+03
     0.321299056E+03
     0.319897239E+03
     0.317663091E+03
     0.316546330E+03
     0.313196069E+03
     0.308730120E+03
     0.310125594E+03
     0.308730121E+03
     0.306506418E+03
     0.305394933E+03
     0.302060499E+03
     0.297615818E+03
     0.299004626E+03
     0.297615819E+03
     0.295403095E+03
     0.294297150E+03
     0.290979339E+03
     0.286556980E+03
     0.287938793E+03
     0.286556981E+03
     0.284355781E+03
     0.283255649E+03
     0.279955274E+03
     0.275556318E+03
     0.276930798E+03
     0.275556318E+03
     0.273367203E+03
     0.272273162E+03
     0.268991059E+03
     0.264616613E+03
     0.265983415E+03
     0.264616612E+03
     0.262440159E+03
     0.261352495E+03
     0.258089522E+03
     0.253740726E+03
     0.255099495E+03
     0.253740725E+03
     0.251577527E+03
     0.250496535E+03
     0.247253579E+03
     0.242931608E+03
     0.244281978E+03
     0.242931607E+03
     0.240782279E+03
     0.239708265E+03
     0.236486241E+03
     0.232192311E+03
     0.233533902E+03
     0.232192310E+03
     0.230057490E+03
     0.228990770E+03
     0.225790628E+03
     0.221526000E+03
     0.222858419E+03
     0.221525999E+03
     0.219406349E+03
     0.218347253E+03
     0.215169983E+03
     0.210935968E+03
     0.212258806E+03
     0.210935967E+03
     0.208832180E+03
     0.207781052E+03
     0.204627684E+03
     0.200425653E+03
     0.201738483E+03
     0.200425652E+03
     0.198338453E+03
     0.197295653E+03
     0.194167271E+03
     0.189998658E+03
     0.191301031E+03
     0.189998656E+03
     0.187928808E+03
     0.186894716E+03
     0.183792456E+03
     0.179658771E+03
     0.180950218E+03
     0.179658769E+03
     0.177607078E+03
     0.176582095E+03
     0.173507159E+03
     0.169409997E+03
     0.170690019E+03
     0.169409995E+03
     0.167377316E+03
     0.166361865E+03
     0.163315528E+03
     0.159256581E+03
     0.160524651E+03
     0.159256579E+03
     0.157243822E+03
     0.156238358E+03
     0.153221979E+03
     0.149203051E+03
     0.150458605E+03
     0.149203049E+03
     0.147211191E+03
     0.146216198E+03
     0.143231233E+03
     0.139254256E+03
     0.140496693E+03
     0.139254254E+03
     0.137284346E+03
     0.136300347E+03
     0.133348364E+03
     0.129415423E+03
     0.130644091E+03
     0.129415420E+03
     0.127468601E+03
     0.126496164E+03
     0.123578863E+03
     0.119692213E+03
     0.120906409E+03
     0.119692210E+03
     0.117769722E+03
     0.116809464E+03
     0.113928699E+03
     0.110090803E+03
     0.111289759E+03
     0.110090801E+03
     0.108194008E+03
     0.107246607E+03
     0.104404415E+03
     0.100617978E+03
     0.101800850E+03
     0.100617976E+03
     0.987483883E+02
     0.978145966E+02
     0.950132316E+02
     0.912812490E+02
     0.924471016E+02
     0.912812465E+02
     0.894405503E+02
     0.885212070E+02
     0.857631866E+02
     0.820890031E+02
     0.832367928E+02
     0.820890006E+02
     0.802790962E+02
     0.793751475E+02
     0.766633104E+02
     0.730506983E+02
     0.741792479E+02
     0.730506957E+02
     0.712737496E+02
     0.703862744E+02
     0.677238573E+02
     0.641771183E+02
     0.652850851E+02
     0.641771159E+02
     0.624356294E+02
     0.615658738E+02
     0.589566146E+02
     0.554807178E+02
     0.565665508E+02
     0.554807154E+02
     0.537776209E+02
     0.529270456E+02
     0.503753268E+02
     0.469760991E+02
     0.480379795E+02
     0.469760967E+02
     0.453148941E+02
     0.444852431E+02
     0.419962968E+02
     0.386806956E+02
     0.397164515E+02
     0.386806934E+02
     0.370656537E+02
     0.362590560E+02
     0.338392686E+02
     0.306157885E+02
     0.316227679E+02
     0.306157864E+02
     0.290522709E+02
     0.282713992E+02
     0.259287893E+02
     0.228080971E+02
     0.237829696E+02
     0.228080952E+02
     0.213030866E+02
     0.205514229E+02
     0.182964368E+02
     0.152924317E+02
     0.162308574E+02
     0.152924300E+02
     0.138554986E+02
     0.131378166E+02
     0.109847749E+02
     0.811651512E+01
     0.901254272E+01
     0.811651353E+01
     0.676180035E+01
     0.608515527E+01
     0.405522341E+01
     0.135088140E+01
     0.219571297E+01
     0.135088003E+01
     0.102016385E+00
    -0.521798788E+00
    -0.239324171E+01
    -0.488656465E+01
    -0.410763953E+01
     0.262971436E+00
    -0.280515010E+00
    -0.191097263E+01
    -0.408345012E+01
    -0.340473144E+01
    -0.408345084E+01
    -0.517612774E+01
    -0.572198677E+01
    -0.735956211E+01
    -0.954149378E+01
    -0.885982511E+01
    -0.954149452E+01
    -0.106861813E+02
    -0.112579903E+02
    -0.129734151E+02
    -0.152589734E+02
    -0.145449427E+02
    -0.152589743E+02
    -0.165172719E+02
    -0.171457643E+02
    -0.190312390E+02
    -0.215431469E+02
    -0.207584292E+02
    -0.215431480E+02
    -0.228923504E+02
    -0.235661835E+02
    -0.255876794E+02
    -0.282805977E+02
    -0.274393576E+02
    -0.282805991E+02
    -0.297065273E+02
    -0.304186172E+02
    -0.325548831E+02
    -0.354004944E+02
    -0.345115789E+02
    -0.354004961E+02
    -0.368933864E+02
    -0.376388543E+02
    -0.398752539E+02
    -0.428540532E+02
    -0.419235564E+02
    -0.428540553E+02
    -0.444067609E+02
    -0.451820350E+02
    -0.475078529E+02
    -0.506055574E+02
    -0.496379421E+02
    -0.506055598E+02
    -0.522126229E+02
    -0.530149747E+02
    -0.554220251E+02
    -0.586277220E+02
    -0.576263983E+02
    -0.586277247E+02
    -0.602848476E+02
    -0.611121278E+02
    -0.635939628E+02
    -0.668990533E+02
    -0.658667084E+02
    -0.668990563E+02
    -0.686027780E+02
    -0.694532548E+02
    -0.720046793E+02
    -0.754022333E+02
    -0.743410333E+02
    -0.754022366E+02
    -0.771497235E+02
    -0.780219786E+02
    -0.806387374E+02
    -0.841230760E+02
    -0.830347963E+02
    -0.841230796E+02
    -0.859119855E+02
    -0.868048434E+02
    -0.894834105E+02
    -0.930498255E+02
    -0.919359381E+02
    -0.930498294E+02
    -0.948781972E+02
    -0.957906769E+02
    -0.985281089E+02
    -0.102172668E+03
    -0.101034403E+03
    -0.102172672E+03
    -0.104038865E+03
    -0.104970145E+03
    -0.107763977E+03
    -0.111483384E+03
    -0.110321773E+03
    -0.111483389E+03
    -0.113386040E+03
    -0.114335434E+03
    -0.117183607E+03
    -0.120975104E+03
    -0.119791009E+03
    -0.120975109E+03
    -0.122913087E+03
    -0.123880024E+03
    -0.126780827E+03
    -0.130642123E+03
    -0.129436262E+03
    -0.130642129E+03
    -0.132614509E+03
    -0.133598523E+03
    -0.136550558E+03
    -0.140479775E+03
    -0.139252737E+03
    -0.140479781E+03
    -0.142485832E+03
    -0.143486553E+03
    -0.146488706E+03
    -0.150484344E+03
    -0.149236599E+03
    -0.150484350E+03
    -0.152523520E+03
    -0.153540666E+03
    -0.156592094E+03
    -0.160653010E+03
    -0.159384918E+03
    -0.160653017E+03
    -0.162724928E+03
    -0.163758304E+03
    -0.166858424E+03
    -0.170983822E+03
    -0.169695633E+03
    -0.170983829E+03
    -0.173088280E+03
    -0.174137779E+03
    -0.177286266E+03
    -0.181475694E+03
    -0.180167552E+03
    -0.181475702E+03
    -0.183612671E+03
    -0.184678275E+03
    -0.187875075E+03
    -0.192128437E+03
    -0.190800376E+03
    -0.192128445E+03
    -0.194298104E+03
    -0.195379889E+03
    -0.198625233E+03
    -0.202942810E+03
    -0.201594744E+03
    -0.202942819E+03
    -0.205145547E+03
    -0.206243693E+03
    -0.209538124E+03
    -0.213920608E+03
    -0.212552325E+03
    -0.213920617E+03
    -0.216157031E+03
    -0.217271837E+03
    -0.220616244E+03
    -0.225064790E+03
    -0.223675934E+03
    -0.225064800E+03
    -0.227335787E+03
    -0.228467684E+03
    -0.231863364E+03
    -0.236379658E+03
    -0.234969706E+03
    -0.236379668E+03
    -0.238686440E+03
    -0.239836018E+03
    -0.243284741E+03
    -0.247871101E+03
    -0.246439335E+03
    -0.247871112E+03
    -0.250215270E+03
    -0.251383312E+03
    -0.254887431E+03
    -0.259546936E+03
    -0.258092400E+03
    -0.259546948E+03
    -0.261930580E+03
    -0.263118112E+03
    -0.266680696E+03
    -0.271417379E+03
    -0.269938820E+03
    -0.271417392E+03
    -0.273843210E+03
    -0.275051560E+03
    -0.278676603E+03
    -0.283495710E+03
    -0.281991499E+03
    -0.283495724E+03
    -0.285914274E+03
    -0.287118894E+03
    -0.290732744E+03
    -0.295536629E+03
    -0.294037211E+03
    -0.295536643E+03
    -0.297819832E+03
    -0.298957166E+03
    -0.302369158E+03
    -0.306905140E+03
    -0.305489289E+03
    -0.306905152E+03
    -0.309063642E+03
    -0.310138979E+03
    -0.313364988E+03
    -0.317654108E+03
    -0.316315263E+03
    -0.317654118E+03
    -0.319699811E+03
    -0.320719063E+03
    -0.323776814E+03
    -0.327842574E+03
    -0.326573408E+03
    -0.327842583E+03
    -0.329783338E+03
    -0.330750405E+03
    -0.333651604E+03
    -0.337509524E+03
    -0.336305197E+03
    -0.337509531E+03
    -0.339349991E+03
    -0.340267179E+03
    -0.343018741E+03
    -0.346677986E+03
    -0.345535641E+03
    -0.346677992E+03
    -0.348420085E+03
    -0.349288349E+03
    -0.351893141E+03
    -0.355357507E+03
    -0.354275962E+03
    -0.355357513E+03
    -0.357000450E+03
    -0.357819396E+03
    -0.360276232E+03
    -0.363544136E+03
    -0.362523885E+03
    -0.363544141E+03
    -0.365083827E+03
    -0.365851413E+03
    -0.368154171E+03
    -0.371217469E+03
    -0.370261054E+03
    -0.371217473E+03
    -0.372644836E+03
    -0.373356544E+03
    -0.375491667E+03
    -0.378332341E+03
    -0.377445387E+03
    -0.378332344E+03
    -0.379628811E+03
    -0.380275390E+03
    -0.382215127E+03
    -0.384796282E+03
    -0.383990305E+03
    -0.379450492E+03
    -0.380008336E+03
    -0.381681867E+03
    -0.383909404E+03
    -0.383213770E+03
    -0.383909405E+03
    -0.385032091E+03
    -0.385592178E+03
    -0.387272438E+03
    -0.389508867E+03
    -0.388810464E+03
    -0.389508868E+03
    -0.390654465E+03
    -0.391225938E+03
    -0.392940357E+03
    -0.395222118E+03
    -0.394509576E+03
    -0.395222120E+03
    -0.396468853E+03
    -0.397090629E+03
    -0.398955959E+03
    -0.401438107E+03
    -0.400663045E+03
    -0.401438109E+03
    -0.402759800E+03
    -0.403418833E+03
    -0.405395932E+03
    -0.408026412E+03
    -0.407205082E+03
    -0.408026415E+03
    -0.409406135E+03
    -0.410093990E+03
    -0.412157556E+03
    -0.414902723E+03
    -0.414045627E+03
    -0.414902727E+03
    -0.416328612E+03
    -0.417039379E+03
    -0.419171679E+03
    -0.422007962E+03
    -0.421122458E+03
    -0.422007966E+03
    -0.423471198E+03
    -0.424200486E+03
    -0.426388348E+03
    -0.429298236E+03
    -0.428389789E+03
    -0.429298240E+03
    -0.430791998E+03
    -0.431536408E+03
    -0.433769640E+03
    -0.436739586E+03
    -0.435812424E+03
    -0.436739590E+03
    -0.438258435E+03
    -0.439015261E+03
    -0.441285739E+03
    -0.444304947E+03
    -0.443362440E+03
    -0.444304952E+03
    -0.445844448E+03
    -0.446611481E+03
    -0.448912581E+03
    -0.451972250E+03
    -0.451017144E+03
    -0.451972254E+03
    -0.453528720E+03
    -0.454304127E+03
    -0.456630350E+03
    -0.459723171E+03
    -0.458757747E+03
    -0.459723176E+03
    -0.461293508E+03
    -0.462075745E+03
    -0.464422456E+03
    -0.467542274E+03
    -0.466568453E+03
    -0.467542279E+03
    -0.469123830E+03
    -0.469911579E+03
    -0.472274827E+03
    -0.475416391E+03
    -0.474435811E+03
    -0.475416396E+03
    -0.477006884E+03
    -0.477799009E+03
    -0.480175387E+03
    -0.483334171E+03
    -0.482348246E+03
    -0.483334176E+03
    -0.484931618E+03
    -0.485727132E+03
    -0.488113677E+03
    -0.491285745E+03
    -0.490295702E+03
    -0.491285750E+03
    -0.492888405E+03
    -0.493686442E+03
    -0.496080557E+03
    -0.499262459E+03
    -0.498269374E+03
    -0.499262465E+03
    -0.500868796E+03
    -0.501668593E+03
    -0.504067984E+03
    -0.507256676E+03
    -0.506261500E+03
    -0.507256682E+03
    -0.508865327E+03
    -0.509666203E+03
    -0.512068836E+03
    -0.515261612E+03
    -0.514265189E+03
    -0.515261618E+03
    -0.516871357E+03
    -0.517672707E+03
    -0.520076761E+03
    -0.523271207E+03
    -0.522274290E+03
    -0.523271213E+03
    -0.524880952E+03
    -0.525682232E+03
    -0.528086075E+03
    -0.531280021E+03
    -0.530283287E+03
    -0.531280027E+03
    -0.532888780E+03
    -0.533689499E+03
    -0.536091659E+03
    -0.539283150E+03
    -0.538287208E+03
    -0.539283156E+03
    -0.540890029E+03
    -0.541689742E+03
    -0.544088885E+03
    -0.547276151E+03
    -0.546281555E+03
    -0.547276157E+03
    -0.548880338E+03
    -0.549678641E+03
    -0.552073556E+03
    -0.555254987E+03
    -0.554262238E+03
    -0.555254993E+03
    -0.556855741E+03
    -0.557652266E+03
    -0.560041847E+03
    -0.563215976E+03
    -0.562225532E+03
    -0.563215982E+03
    -0.564812619E+03
    -0.565607029E+03
    -0.567990264E+03
    -0.571155748E+03
    -0.570168029E+03
    -0.571155754E+03
    -0.572747658E+03
    -0.573539643E+03
    -0.575915606E+03
    -0.579071212E+03
    -0.578086601E+03
    -0.579071219E+03
    -0.580657817E+03
    -0.581447093E+03
    -0.583814928E+03
    -0.586959525E+03
    -0.585978376E+03
    -0.586959531E+03
    -0.588540297E+03
    -0.589326601E+03
    -0.591685522E+03
    -0.594818063E+03
    -0.593840702E+03
    -0.594818069E+03
    -0.596392515E+03
    -0.597175605E+03
    -0.599524884E+03
    -0.602644404E+03
    -0.601671132E+03
    -0.602644410E+03
    -0.604212084E+03
    -0.604991736E+03
    -0.607330700E+03
    -0.610436304E+03
    -0.609467401E+03
    -0.610436310E+03
    -0.611996793E+03
    -0.612772799E+03
    -0.615100823E+03
    -0.618191683E+03
    -0.617227407E+03
    -0.618191690E+03
    -0.619744594E+03
    -0.620516759E+03
    -0.622833264E+03
    -0.625908610E+03
    -0.624949201E+03
    -0.625908617E+03
    -0.627453579E+03
    -0.628221725E+03
    -0.630526171E+03
    -0.633585288E+03
    -0.632630969E+03
    -0.633585294E+03
    -0.635121980E+03
    -0.635885938E+03
    -0.638177823E+03
    -0.641220045E+03
    -0.640271023E+03
    -0.641220051E+03
    -0.642748145E+03
    -0.643507761E+03
    -0.645786618E+03
    -0.648811323E+03
    -0.647867793E+03
    -0.648811329E+03
    -0.650330540E+03
    -0.651085667E+03
    -0.653351060E+03
    -0.656357671E+03
    -0.655419813E+03
    -0.656357677E+03
    -0.657867732E+03
    -0.658618236E+03
    -0.660869758E+03
    -0.663857735E+03
    -0.662925717E+03
    -0.663857741E+03
    -0.665358386E+03
    -0.666104140E+03
    -0.668341413E+03
    -0.671310253E+03
    -0.670384232E+03
    -0.671310259E+03
    -0.672801258E+03
    -0.673542144E+03
    -0.675764814E+03
    -0.678714048E+03
    -0.677794171E+03
    -0.678714054E+03
    -0.680195186E+03
    -0.680931094E+03
    -0.683138833E+03
    -0.686068024E+03
    -0.685154427E+03
    -0.686068030E+03
    -0.687539089E+03
    -0.688269918E+03
    -0.690462419E+03
    -0.693371160E+03
    -0.692463969E+03
    -0.693371166E+03
    -0.694831962E+03
    -0.695557616E+03
    -0.697734593E+03
    -0.700622506E+03
    -0.699721840E+03
    -0.700622512E+03
    -0.702072867E+03
    -0.702793258E+03
    -0.704954448E+03
    -0.707821182E+03
    -0.706927150E+03
    -0.707821188E+03
    -0.709260937E+03
    -0.709975984E+03
    -0.712121141E+03
    -0.714966369E+03
    -0.714079073E+03
    -0.714966375E+03
    -0.716395368E+03
    -0.717104995E+03
    -0.719233892E+03
    -0.722057315E+03
    -0.721176849E+03
    -0.722057321E+03
    -0.723475418E+03
    -0.724179555E+03
    -0.726291985E+03
    -0.729093324E+03
    -0.728219774E+03
    -0.729093330E+03
    -0.730500403E+03
    -0.731198987E+03
    -0.733294758E+03
    -0.736073761E+03
    -0.735207206E+03
    -0.736073766E+03
    -0.737469699E+03
    -0.738162672E+03
    -0.740241610E+03
    -0.742998044E+03
    -0.742138558E+03
    -0.742998050E+03
    -0.744382738E+03
    -0.745070047E+03
    -0.747131994E+03
    -0.749865650E+03
    -0.749013297E+03
    -0.749865656E+03
    -0.751239004E+03
    -0.751920603E+03
    -0.753965419E+03
    -0.756676108E+03
    -0.755830947E+03
    -0.756676114E+03
    -0.758038040E+03
    -0.758713886E+03
    -0.760741446E+03
    -0.763429002E+03
    -0.762591086E+03
    -0.763429008E+03
    -0.764779440E+03
    -0.765449498E+03
    -0.767459693E+03
    -0.770123970E+03
    -0.769293344E+03
    -0.770123976E+03
    -0.771462853E+03
    -0.772127091E+03
    -0.774119829E+03
    -0.776760703E+03
    -0.775937406E+03
    -0.776760709E+03
    -0.778087981E+03
    -0.778746375E+03
    -0.780721579E+03
    -0.783338949E+03
    -0.782523012E+03
    -0.783338954E+03
    -0.784654583E+03
    -0.785307112E+03
    -0.787264724E+03
    -0.789858508E+03
    -0.789049957E+03
    -0.789858513E+03
    -0.791162472E+03
    -0.791809123E+03
    -0.793749100E+03
    -0.796319240E+03
    -0.795518094E+03
    -0.796319246E+03
    -0.797611520E+03
    -0.798252284E+03
    -0.800174604E+03
    -0.802721066E+03
    -0.801927335E+03
    -0.802721071E+03
    -0.804001659E+03
    -0.804636535E+03
    -0.806541190E+03
    -0.809063965E+03
    -0.808277653E+03
    -0.809063970E+03
    -0.810332883E+03
    -0.810961876E+03
    -0.812848882E+03
    -0.815347984E+03
    -0.814569087E+03
    -0.815347990E+03
    -0.816605254E+03
    -0.817228375E+03
    -0.819097767E+03
    -0.821573240E+03
    -0.820801745E+03
    -0.821573246E+03
    -0.822818904E+03
    -0.823436172E+03
    -0.825288008E+03
    -0.827739926E+03
    -0.826975809E+03
    -0.827739931E+03
    -0.828974041E+03
    -0.829585484E+03
    -0.831419847E+03
    -0.833848313E+03
    -0.833091543E+03
    -0.833848318E+03
    -0.835070957E+03
    -0.835676612E+03
    -0.837493610E+03
    -0.839898765E+03
    -0.839149299E+03
    -0.839898770E+03
    -0.841110036E+03
    -0.841709949E+03
    -0.843509723E+03
    -0.845891744E+03
    -0.845149528E+03
    -0.845891749E+03
    -0.847091763E+03
    -0.847685991E+03
    -0.849468714E+03
    -0.851827824E+03
    -0.851092789E+03
    -0.851827829E+03
    -0.853016737E+03
    -0.853605352E+03
    -0.855371234E+03
    -0.857707704E+03
    -0.856979767E+03
    -0.857707709E+03
    -0.858883152E+03
    -0.859464994E+03
    -0.861210558E+03
    -0.863519819E+03
    -0.862800399E+03
    -0.863519824E+03
    -0.864676143E+03
    -0.865248440E+03
    -0.866965369E+03
    -0.869236508E+03
    -0.868528994E+03
    -0.869236512E+03
    -0.870373965E+03
    -0.870936844E+03
    -0.872625522E+03
    -0.874859045E+03
    -0.874163279E+03
    -0.874859050E+03
    -0.875977879E+03
    -0.876531462E+03
    -0.878192251E+03
    -0.880388639E+03
    -0.879704471E+03
    -0.880388644E+03
    -0.881489090E+03
    -0.882033496E+03
    -0.883666755E+03
    -0.885826484E+03
    -0.885153766E+03
    -0.885826489E+03
    -0.886908791E+03
    -0.887444139E+03
    -0.889050224E+03
    -0.891173767E+03
    -0.890512352E+03
    -0.891173771E+03
    -0.892238168E+03
    -0.892764576E+03
    -0.894343841E+03
    -0.896431667E+03
    -0.895781408E+03
    -0.896431671E+03
    -0.897478400E+03
    -0.897995985E+03
    -0.899548784E+03
    -0.901601361E+03
    -0.900962112E+03
    -0.901601365E+03
    -0.902630664E+03
    -0.903139545E+03
    -0.904666230E+03
    -0.906684026E+03
    -0.906055641E+03
    -0.906684030E+03
    -0.907696138E+03
    -0.908196432E+03
    -0.909697359E+03
    -0.911680843E+03
    -0.911063177E+03
    -0.911680847E+03
    -0.912676004E+03
    -0.913167831E+03
    -0.914643356E+03
    -0.916593000E+03
    -0.915985905E+03
    -0.916593004E+03
    -0.917571454E+03
    -0.918054933E+03
    -0.919505417E+03
    -0.921421696E+03
    -0.920825024E+03
    -0.921421700E+03
    -0.922383689E+03
    -0.922858942E+03
    -0.924284750E+03
    -0.926168146E+03
    -0.925581748E+03
    -0.926168150E+03
    -0.927113930E+03
    -0.927581081E+03
    -0.928982584E+03
    -0.930833587E+03
    -0.930257310E+03
    -0.930833591E+03
    -0.931763418E+03
    -0.932222594E+03
    -0.933600172E+03
    -0.935419282E+03
    -0.934852971E+03
    -0.935419286E+03
    -0.936333426E+03
    -0.936784757E+03
    -0.938138799E+03
    -0.939926530E+03
    -0.939370024E+03
    -0.939926533E+03
    -0.940825259E+03
    -0.941268879E+03
    -0.942599789E+03
    -0.944356669E+03
    -0.943809805E+03
    -0.944356672E+03
    -0.945240270E+03
    -0.945676318E+03
    -0.946984515E+03
    -0.948711093E+03
    -0.948173700E+03
    -0.948711096E+03
    -0.949579864E+03
    -0.950008486E+03
    -0.951294408E+03
    -0.952991259E+03
    -0.952463159E+03
    -0.952991262E+03
    -0.953845516E+03
    -0.954266867E+03
    -0.955530976E+03
    -0.957198705E+03
    -0.956679710E+03
    -0.957198708E+03
    -0.958038785E+03
    -0.958453028E+03
    -0.959695817E+03
    -0.961335066E+03
    -0.960824977E+03
    -0.961335069E+03
    -0.962161332E+03
    -0.962568645E+03
    -0.963790642E+03
    -0.965402102E+03
    -0.964900705E+03
    -0.965402105E+03
    -0.966214950E+03
    -0.966615524E+03
    -0.967817305E+03
    -0.969401724E+03
    -0.968908788E+03
    -0.969401727E+03
    -0.970201593E+03
    -0.970595639E+03
    -0.971777839E+03
    -0.973336042E+03
    -0.972851311E+03
    -0.973336045E+03
    -0.974123421E+03
    -0.974511175E+03
    -0.975674504E+03
    -0.977207411E+03
    -0.976730601E+03
    -0.977207414E+03
    -0.977982859E+03
    -0.978364592E+03
    -0.979509857E+03
    -0.981018512E+03
    -0.980549301E+03
    -0.981018515E+03
    -0.981782681E+03
    -0.982158704E+03
    -0.983286842E+03
    -0.984772456E+03
    -0.984310470E+03
    -0.984772459E+03
    -0.985526119E+03
    -0.985896802E+03
    -0.987008925E+03
    -0.988472931E+03
    -0.988017727E+03
    -0.988472933E+03
    -0.989217031E+03
    -0.989582826E+03
    -0.990680288E+03
    -0.992124428E+03
    -0.991675471E+03
    -0.992124430E+03
    -0.992847259E+03
    -0.993202505E+03
    -0.994268325E+03
    -0.995670545E+03
    -0.995234654E+03
    -0.995670547E+03
    -0.996353155E+03
    -0.996688707E+03
    -0.997695437E+03
    -0.999020144E+03
    -0.998608321E+03
    -0.999020146E+03
    -0.999667210E+03
    -0.999985342E+03
    -0.100093981E+04
    -0.100219590E+04
    -0.100180539E+04
    -0.100219590E+04
    -0.100281117E+04
    -0.100311370E+04
    -0.100402137E+04
    -0.100521599E+04
    -0.100484458E+04
    -0.100521600E+04
    -0.100580243E+04
    -0.100609081E+04
    -0.100695602E+04
    -0.100809484E+04
    -0.100774076E+04
    -0.100809484E+04
    -0.100865486E+04
    -0.100893027E+04
    -0.100975656E+04
    -0.101084420E+04
    -0.101050603E+04
    -0.101084420E+04
    -0.101137983E+04
    -0.101164325E+04
    -0.101243358E+04
    -0.101347392E+04
    -0.101315045E+04
    -0.101347392E+04
    -0.101398686E+04
    -0.101423914E+04
    -0.101499602E+04
    -0.101599235E+04
    -0.101568256E+04
    -0.101599235E+04
    -0.101648410E+04
    -0.101672595E+04
    -0.101745156E+04
    -0.101840674E+04
    -0.101810975E+04
    -0.101840674E+04
    -0.101887859E+04
    -0.101911065E+04
    -0.101980690E+04
    -0.102072342E+04
    -0.102043845E+04
    -0.102072342E+04
    -0.102117652E+04
    -0.102139936E+04
    -0.102206793E+04
    -0.102294801E+04
    -0.102267437E+04
    -0.102294801E+04
    -0.102338339E+04
    -0.102359751E+04
    -0.102423991E+04
    -0.102508553E+04
    -0.102482261E+04
    -0.102508553E+04
    -0.102550411E+04
    -0.102570996E+04
    -0.102632756E+04
    -0.102714051E+04
    -0.102688774E+04
    -0.102714051E+04
    -0.102754313E+04
    -0.102774112E+04
    -0.102833515E+04
    -0.102911704E+04
    -0.102887394E+04
    -0.102911704E+04
    -0.102950447E+04
    -0.102969498E+04
    -0.103026657E+04
    -0.103101889E+04
    -0.103078498E+04
    -0.103101889E+04
    -0.103139183E+04
    -0.103157521E+04
    -0.103212538E+04
    -0.103284950E+04
    -0.103262436E+04
    -0.103284950E+04
    -0.103320859E+04
    -0.103338515E+04
    -0.103391488E+04
    -0.103461205E+04
    -0.103439530E+04
    -0.103461205E+04
    -0.103495790E+04
    -0.103512794E+04
    -0.103563810E+04
    -0.103630949E+04
    -0.103610076E+04
    -0.103630949E+04
    -0.103664266E+04
    -0.103680646E+04
    -0.103729787E+04
    -0.103794457E+04
    -0.103774352E+04
    -0.103794457E+04
    -0.103826558E+04
    -0.103842339E+04
    -0.103889684E+04
    -0.103951985E+04
    -0.103932616E+04
    -0.103951985E+04
    -0.103982919E+04
    -0.103998125E+04
    -0.104043745E+04
    -0.104103773E+04
    -0.104085112E+04
    -0.104103773E+04
    -0.104133587E+04
    -0.104148240E+04
    -0.104192204E+04
    -0.104250048E+04
    -0.104232066E+04
    -0.104250048E+04
    -0.104278784E+04
    -0.104292907E+04
    -0.104335278E+04
    -0.104391023E+04
    -0.104373694E+04
    -0.104391023E+04
    -0.104418722E+04
    -0.104432334E+04
    -0.104473173E+04
    -0.104526899E+04
    -0.104510198E+04
    -0.104526899E+04
    -0.104553600E+04
    -0.104566720E+04
    -0.104606084E+04
    -0.104657865E+04
    -0.104641769E+04
    -0.104657865E+04
    -0.104683605E+04
    -0.104696252E+04
    -0.104734195E+04
    -0.104784103E+04
    -0.104768590E+04
    -0.104784103E+04
    -0.104808917E+04
    -0.104821107E+04
    -0.104857681E+04
    -0.104905784E+04
    -0.104890833E+04
    -0.104905784E+04
    -0.104929705E+04
    -0.104941455E+04
    -0.104976709E+04
    -0.105023073E+04
    -0.105008662E+04
    -0.105023073E+04
    -0.105046132E+04
    -0.105057457E+04
    -0.105091438E+04
    -0.105136123E+04
    -0.105122235E+04
    -0.105136123E+04
    -0.105158351E+04
    -0.105169268E+04
    -0.105202019E+04
    -0.105245086E+04
    -0.105231701E+04
    -0.105245086E+04
    -0.105266511E+04
    -0.105277032E+04
    -0.105308598E+04
    -0.105350102E+04
    -0.105337203E+04
    -0.105350102E+04
    -0.105370752E+04
    -0.105380892E+04
    -0.105411313E+04
    -0.105451307E+04
    -0.105438878E+04
    -0.105451307E+04
    -0.105471210E+04
    -0.105480981E+04
    -0.105510296E+04
    -0.105548834E+04
    -0.105536858E+04
    -0.105548834E+04
    -0.105568013E+04
    -0.105577428E+04
    -0.105605676E+04
    -0.105642806E+04
    -0.105631268E+04
    -0.105642806E+04
    -0.105661287E+04
    -0.105670358E+04
    -0.105697574E+04
    -0.105733343E+04
    -0.105722228E+04
    -0.105733343E+04
    -0.105751150E+04
    -0.105759889E+04
    -0.105786107E+04
    -0.105820563E+04
    -0.105809857E+04
    -0.105820563E+04
    -0.105837717E+04
    -0.105846134E+04
    -0.105871389E+04
    -0.105904575E+04
    -0.105894264E+04
    -0.105904575E+04
    -0.105921099E+04
    -0.105929206E+04
    -0.105953529E+04
    -0.105985487E+04
    -0.105975558E+04
    -0.105985487E+04
    -0.106001401E+04
    -0.106009208E+04
    -0.106032630E+04
    -0.106063402E+04
    -0.106053842E+04
    -0.106063402E+04
    -0.106078727E+04
    -0.106086243E+04
    -0.106108795E+04
    -0.106138420E+04
    -0.106129216E+04
    -0.106138420E+04
    -0.106153175E+04
    -0.106160410E+04
    -0.106182120E+04
    -0.106210636E+04
    -0.106201777E+04
    -0.106210636E+04
    -0.106224840E+04
    -0.106231804E+04
    -0.106252700E+04
    -0.106280143E+04
    -0.106271618E+04
    -0.106280143E+04
    -0.106293814E+04
    -0.106300516E+04
    -0.106320625E+04
    -0.106347031E+04
    -0.106338828E+04
    -0.106347031E+04
    -0.106360186E+04
    -0.106366635E+04
    -0.106385982E+04
    -0.106411386E+04
    -0.106403495E+04
    -0.106411386E+04
    -0.106424042E+04
    -0.106430246E+04
    -0.106448857E+04
    -0.106473291E+04
    -0.106465702E+04
    -0.106473291E+04
    -0.106485466E+04
    -0.106491432E+04
    -0.106509331E+04
    -0.106532828E+04
    -0.106525531E+04
    -0.106532828E+04
    -0.106544537E+04
    -0.106550273E+04
    -0.106567485E+04
    -0.106590075E+04
    -0.106583059E+04
    -0.106590075E+04
    -0.106601332E+04
    -0.106606847E+04
    -0.106623393E+04
    -0.106645107E+04
    -0.106638364E+04
    -0.106645107E+04
    -0.106655929E+04
    -0.106661229E+04
    -0.106677131E+04
    -0.106697998E+04
    -0.106691518E+04
    -0.106697998E+04
    -0.106708398E+04
    -0.106713490E+04
    -0.106728771E+04
    -0.106748818E+04
    -0.106742593E+04
    -0.106748818E+04
    -0.106758810E+04
    -0.106763703E+04
    -0.106778381E+04
    -0.106797637E+04
    -0.106791658E+04
    -0.106797637E+04
    -0.106807235E+04
    -0.106811934E+04
    -0.106826031E+04
    -0.106844521E+04
    -0.106838780E+04
    -0.106844521E+04
    -0.106853738E+04
    -0.106858249E+04
    -0.106871784E+04
    -0.106889535E+04
    -0.106884024E+04
    -0.106889535E+04
    -0.106898384E+04
    -0.106902714E+04
    -0.106915705E+04
    -0.106932741E+04
    -0.106927452E+04
    -0.106932741E+04
    -0.106941234E+04
    -0.106945389E+04
    -0.106957856E+04
    -0.106974200E+04
    -0.106969126E+04
    -0.106974200E+04
    -0.106982349E+04
    -0.106986335E+04
    -0.106998294E+04
    -0.107013971E+04
    -0.107009105E+04
    -0.107013971E+04
    -0.107021788E+04
    -0.107025610E+04
    -0.107037080E+04
    -0.107052112E+04
    -0.107047446E+04
    -0.107052112E+04
    -0.107059607E+04
    -0.107063272E+04
    -0.107074268E+04
    -0.107088677E+04
    -0.107084204E+04
    -0.107088677E+04
    -0.107095862E+04
    -0.107099374E+04
    -0.107109913E+04
    -0.107123720E+04
    -0.107119435E+04
    -0.107123720E+04
    -0.107130606E+04
    -0.107133971E+04
    -0.107144067E+04
    -0.107157294E+04
    -0.107153189E+04
    -0.107157294E+04
    -0.107163890E+04
    -0.107167113E+04
    -0.107176784E+04
    -0.107189449E+04
    -0.107185519E+04
    -0.107189449E+04
    -0.107195766E+04
    -0.107198852E+04
    -0.107208111E+04
    -0.107220235E+04
    -0.107216473E+04
    -0.107220235E+04
    -0.107226282E+04
    -0.107229236E+04
    -0.107238097E+04
    -0.107249699E+04
    -0.107246099E+04
    -0.107249699E+04
    -0.107255486E+04
    -0.107258311E+04
    -0.107266789E+04
    -0.107277887E+04
    -0.107274444E+04
    -0.107277887E+04
    -0.107283423E+04
    -0.107286125E+04
    -0.107294233E+04
    -0.107304845E+04
    -0.107301553E+04
    -0.107304845E+04
    -0.107310139E+04
    -0.107312722E+04
    -0.107320473E+04
    -0.107330616E+04
    -0.107327470E+04
    -0.107330616E+04
    -0.107335676E+04
    -0.107338145E+04
    -0.107345552E+04
    -0.107355243E+04
    -0.107352237E+04
    -0.107355243E+04
    -0.107360077E+04
    -0.107362435E+04
    -0.107369511E+04
    -0.107378766E+04
    -0.107375896E+04
    -0.107378766E+04
    -0.107383383E+04
    -0.107385635E+04
    -0.107392391E+04
    -0.107401226E+04
    -0.107398486E+04
    -0.107401226E+04
    -0.107405634E+04
    -0.107407783E+04
    -0.107414230E+04
    -0.107422661E+04
    -0.107420047E+04
    -0.107422661E+04
    -0.107426867E+04
    -0.107428917E+04
    -0.107435068E+04
    -0.107443109E+04
    -0.107440616E+04
    -0.107443109E+04
    -0.107447121E+04
    -0.107449076E+04
    -0.107454941E+04
    -0.107462607E+04
    -0.107460230E+04
    -0.107462607E+04
    -0.107466432E+04
    -0.107468295E+04
    -0.107473885E+04
    -0.107481190E+04
    -0.107478925E+04
    -0.107481189E+04
    -0.107484834E+04
    -0.107486609E+04
    -0.107491934E+04
    -0.107498891E+04
    -0.107496735E+04
    -0.107498891E+04
    -0.107502363E+04
    -0.107504053E+04
    -0.107509123E+04
    -0.107515746E+04
    -0.107513693E+04
    -0.107515746E+04
    -0.107519051E+04
    -0.107520659E+04
    -0.107525485E+04
    -0.107531786E+04
    -0.107529833E+04
    -0.107531786E+04
    -0.107534930E+04
    -0.107536460E+04
    -0.107541050E+04
    -0.107547042E+04
    -0.107545185E+04
    -0.107547042E+04
    -0.107550032E+04
    -0.107551486E+04
    -0.107555850E+04
    -0.107561545E+04
    -0.107559780E+04
    -0.107561545E+04
    -0.107564387E+04
    -0.107565769E+04
    -0.107569915E+04
    -0.107575325E+04
    -0.107573649E+04
    -0.107575325E+04
    -0.107578025E+04
    -0.107579337E+04
    -0.107583274E+04
    -0.107588410E+04
    -0.107586819E+04
    -0.107588410E+04
    -0.107590973E+04
    -0.107592218E+04
    -0.107595955E+04
    -0.107600828E+04
    -0.107599318E+04
    -0.107600828E+04
    -0.107603260E+04
    -0.107604441E+04
    -0.107607985E+04
    -0.107612605E+04
    -0.107611174E+04
    -0.107612605E+04
    -0.107614912E+04
    -0.107616031E+04
    -0.107619391E+04
    -0.107623769E+04
    -0.107622413E+04
    -0.107623769E+04
    -0.107625955E+04
    -0.107627015E+04
    -0.107630198E+04
    -0.107634345E+04
    -0.107633060E+04
    -0.107634345E+04
    -0.107636414E+04
    -0.107637418E+04
    -0.107640431E+04
    -0.107644356E+04
    -0.107643140E+04
    -0.107644356E+04
    -0.107646314E+04
    -0.107647264E+04
    -0.107650115E+04
    -0.107653826E+04
    -0.107652677E+04
    -0.107653826E+04
    -0.107655679E+04
    -0.107656577E+04
    -0.107659271E+04
    -0.107662779E+04
    -0.107661693E+04
    -0.107662779E+04
    -0.107664530E+04
    -0.107665379E+04
    -0.107667924E+04
    -0.107671237E+04
    -0.107670212E+04
    -0.107671237E+04
    -0.107672891E+04
    -0.107673692E+04
    -0.107676095E+04
    -0.107679222E+04
    -0.107678254E+04
    -0.107679222E+04
    -0.107680782E+04
    -0.107681538E+04
    -0.107683805E+04
    -0.107686753E+04
    -0.107685841E+04
    -0.107686753E+04
    -0.107688225E+04
    -0.107688937E+04
    -0.107691074E+04
    -0.107693852E+04
    -0.107692993E+04
    -0.107693852E+04
    -0.107695239E+04
    -0.107695910E+04
    -0.107697923E+04
    -0.107700538E+04
    -0.107699729E+04
    -0.107700538E+04
    -0.107701844E+04
    -0.107702475E+04
    -0.107704369E+04
    -0.107706830E+04
    -0.107706069E+04
    -0.107706830E+04
    -0.107708058E+04
    -0.107708652E+04
    -0.107710433E+04
    -0.107712746E+04
    -0.107712030E+04
    -0.107712746E+04
    -0.107713900E+04
    -0.107714458E+04
    -0.107716131E+04
    -0.107718303E+04
    -0.107717631E+04
    -0.107718303E+04
    -0.107719387E+04
    -0.107719910E+04
    -0.107721481E+04
    -0.107723519E+04
    -0.107722889E+04
    -0.107723519E+04
    -0.107724536E+04
    -0.107725027E+04
    -0.107726499E+04
    -0.107728409E+04
    -0.107727819E+04
    -0.107728409E+04
    -0.107729363E+04
    -0.107729823E+04
    -0.107731202E+04
    -0.107732991E+04
    -0.107732438E+04
    -0.107732991E+04
    -0.107733884E+04
    -0.107734314E+04
    -0.107735605E+04
    -0.107737279E+04
    -0.107736762E+04
    -0.107737279E+04
    -0.107738114E+04
    -0.107738516E+04
    -0.107739724E+04
    -0.107741287E+04
    -0.107740804E+04
    -0.107741287E+04
    -0.107742068E+04
    -0.107742444E+04
    -0.107743571E+04
    -0.107745031E+04
    -0.107744580E+04
    -0.107745031E+04
    -0.107745759E+04
    -0.107746110E+04
    -0.107747162E+04
    -0.107748523E+04
    -0.107748102E+04
    -0.107748523E+04
    -0.107749202E+04
    -0.107749529E+04
    -0.107750509E+04
    -0.107751777E+04
    -0.107751385E+04
    -0.107751777E+04
    -0.107752410E+04
    -0.107752714E+04
    -0.107753626E+04
    -0.107754805E+04
    -0.107754441E+04
    -0.107754805E+04
    -0.107755394E+04
    -0.107755677E+04
    -0.107756525E+04
    -0.107757621E+04
    -0.107757282E+04
    -0.107757621E+04
    -0.107758168E+04
    -0.107758430E+04
    -0.107759217E+04
    -0.107760234E+04
    -0.107759920E+04
    -0.107760234E+04
    -0.107760742E+04
    -0.107760985E+04
    -0.107761715E+04
    -0.107762657E+04
    -0.107762367E+04
    -0.107762657E+04
    -0.107763128E+04
    -0.107763353E+04
    -0.107764029E+04
    -0.107764901E+04
    -0.107764632E+04
    -0.107764901E+04
    -0.107765337E+04
    -0.107765545E+04
    -0.107766170E+04
    -0.107766976E+04
    -0.107766727E+04
    -0.107766976E+04
    -0.107767378E+04
    -0.107767570E+04
    -0.107768148E+04
    -0.107768891E+04
    -0.107768662E+04
    -0.107768891E+04
    -0.107769262E+04
    -0.107769439E+04
    -0.107769972E+04
    -0.107770656E+04
    -0.107770445E+04
    -0.107770656E+04
    -0.107770998E+04
    -0.107771162E+04
    -0.107771651E+04
    -0.107772281E+04
    -0.107772087E+04
    -0.107772281E+04
    -0.107772596E+04
    -0.107772746E+04
    -0.107773196E+04
    -0.107773774E+04
    -0.107773596E+04
    -0.107773774E+04
    -0.107774063E+04
    -0.107774201E+04
    -0.107774614E+04
    -0.107775144E+04
    -0.107774981E+04
    -0.107775144E+04
    -0.107775409E+04
    -0.107775534E+04
    -0.107775913E+04
    -0.107776398E+04
    -0.107776248E+04
    -0.107776398E+04
    -0.107776640E+04
    -0.107776755E+04
    -0.107777100E+04
    -0.107777543E+04
    -0.107777407E+04
    -0.107777543E+04
    -0.107777765E+04
    -0.107777870E+04
    -0.107778185E+04
    -0.107778588E+04
    -0.107778464E+04
    -0.107778588E+04
    -0.107778790E+04
    -0.107778886E+04
    -0.107779173E+04
    -0.107779540E+04
    -0.107779427E+04
    -0.107779540E+04
    -0.107779723E+04
    -0.107779810E+04
    -0.107780070E+04
    -0.107780404E+04
    -0.107780301E+04
    -0.107780404E+04
    -0.107780570E+04
    -0.107780649E+04
    -0.107780885E+04
    -0.107781186E+04
    -0.107781094E+04
    -0.107781186E+04
    -0.107781337E+04
    -0.107781408E+04
    -0.107781622E+04
    -0.107781894E+04
    -0.107781810E+04
    -0.107781894E+04
    -0.107782030E+04
    -0.107782094E+04
    -0.107782287E+04
    -0.107782532E+04
    -0.107782457E+04
    -0.107782532E+04
    -0.107782655E+04
    -0.107782713E+04
    -0.107782886E+04
    -0.107783106E+04
    -0.107783039E+04
    -0.107783106E+04
    -0.107783217E+04
    -0.107783268E+04
    -0.107783424E+04
    -0.107783621E+04
    -0.107783561E+04
    -0.107783621E+04
    -0.107783720E+04
    -0.107783766E+04
    -0.107783905E+04
    -0.107784082E+04
    -0.107784028E+04
    -0.107784082E+04
    -0.107784170E+04
    -0.107784211E+04
    -0.107784335E+04
    -0.107784492E+04
    -0.107784444E+04
    -0.107784492E+04
    -0.107784571E+04
    -0.107784608E+04
    -0.107784718E+04
    -0.107784857E+04
    -0.107784815E+04
    -0.107784857E+04
    -0.107784927E+04
    -0.107784959E+04
    -0.107785057E+04
    -0.107785180E+04
    -0.107785143E+04
    -0.107785180E+04
    -0.107785242E+04
    -0.107785271E+04
    -0.107785357E+04
    -0.107785466E+04
    -0.107785432E+04
    -0.107785466E+04
    -0.107785520E+04
    -0.107785545E+04
    -0.107785621E+04
    -0.107785716E+04
    -0.107785687E+04
    -0.107785716E+04
    -0.107785764E+04
    -0.107785786E+04
    -0.107785853E+04
    -0.107785936E+04
    -0.107785910E+04
    -0.107785936E+04
    -0.107785978E+04
    -0.107785997E+04
    -0.107786055E+04
    -0.107786127E+04
    -0.107786105E+04
    -0.107786127E+04
    -0.107786164E+04
    -0.107786180E+04
    -0.107786231E+04
    -0.107786293E+04
    -0.107786274E+04
    -0.107786293E+04
    -0.107786325E+04
    -0.107786339E+04
    -0.107786383E+04
    -0.107786437E+04
    -0.107786420E+04
    -0.107786437E+04
    -0.107786464E+04
    -0.107786476E+04
    -0.107786513E+04
    -0.107786560E+04
    -0.107786546E+04
    -0.107786560E+04
    -0.107786583E+04
    -0.107786594E+04
    -0.107786625E+04
    -0.107786665E+04
    -0.107786653E+04
    -0.107786665E+04
    -0.107786685E+04
    -0.107786694E+04
    -0.107786721E+04
    -0.107786754E+04
    -0.107786744E+04
    -0.107786754E+04
    -0.107786771E+04
    -0.107786778E+04
    -0.107786801E+04
    -0.107786829E+04
    -0.107786821E+04
    -0.107786829E+04
    -0.107786843E+04
    -0.107786850E+04
    -0.107786869E+04
    -0.107786892E+04
    -0.107786885E+04
    -0.107786892E+04
    -0.107786904E+04
    -0.107786909E+04
    -0.107786925E+04
    -0.107786944E+04
    -0.107786938E+04
    -0.107786944E+04
    -0.107786954E+04
    -0.107786958E+04
    -0.107786971E+04
    -0.107786987E+04
    -0.107786983E+04
    -0.107786987E+04
    -0.107786995E+04
    -0.107786999E+04
    -0.107787009E+04
    -0.107787022E+04
    -0.107787018E+04
    -0.107787022E+04
    -0.107787029E+04
    -0.107787032E+04
    -0.107787040E+04
    -0.107787051E+04
    -0.107787047E+04
    -0.107787051E+04
    -0.107787056E+04
    -0.107787058E+04
    -0.107787065E+04
    -0.107787073E+04
    -0.107787071E+04
    -0.107787073E+04
    -0.107787077E+04
    -0.107787079E+04
    -0.107787084E+04
    -0.107787091E+04
    -0.107787089E+04
    -0.107787091E+04
    -0.107787094E+04
    -0.107787096E+04
    -0.107787100E+04
    -0.107787105E+04
    -0.107787103E+04
    -0.107787105E+04
    -0.107787107E+04
    -0.107787108E+04
    -0.107787111E+04
    -0.107787115E+04
    -0.107787114E+04
    -0.107787115E+04
    -0.107787117E+04
    -0.107787118E+04
    -0.107787120E+04
    -0.107787123E+04
    -0.107787122E+04
    -0.107787123E+04
    -0.107787125E+04
    -0.107787125E+04
    -0.107787127E+04
    -0.107787129E+04
    -0.107787128E+04
    -0.107787129E+04
    -0.107787130E+04
    -0.107787130E+04
    -0.107787132E+04
    -0.107787133E+04
    -0.107787133E+04
    -0.107787133E+04
    -0.107787134E+04
    -0.107787134E+04
    -0.107787135E+04
    -0.107787136E+04
    -0.107787136E+04
    -0.107787136E+04
    -0.107787137E+04
    -0.107787137E+04
    -0.107787137E+04
    -0.107787138E+04
    -0.107787138E+04
    -0.107787138E+04
    -0.107787138E+04
    -0.107787138E+04
    -0.107787139E+04
    -0.107787139E+04
    -0.107787139E+04
    -0.107787139E+04
    -0.107787139E+04
    -0.107787140E+04
    -0.107787140E+04
    -0.107787140E+04
    -0.107787140E+04
    -0.107787140E+04
    -0.107787140E+04
    -0.107787140E+04
    -0.107787140E+04
    -0.107787141E+04
    -0.107787140E+04
    -0.107787141E+04
    -0.107787141E+04
    -0.107787141E+04
    -0.107787141E+04
    -0.107787141E+04
    -0.107787141E+04
    -0.107787141E+04
    -0.107787141E+04
    -0.107787141E+04
    -0.107787141E+04
    -0.107787141E+04
    -0.107787141E+04
    -0.107787141E+04
    -0.107787141E+04
    -0.107787141E+04
    -0.107787141E+04
    -0.107787141E+04
    -0.107787141E+04
    -0.107787141E+04
    -0.107787141E+04
    -0.107787141E+04
    -0.107787141E+04
    -0.107787141E+04
    -0.107787141E+04
    -0.107787141E+04
    -0.107787141E+04
    -0.107787141E+04
    -0.107787141E+04
    -0.107787141E+04
    -0.107787141E+04
    -0.107787141E+04
    -0.107787141E+04
    -0.107787141E+04
    -0.107787141E+04
    -0.107787141E+04
    -0.107787141E+04
    -0.107787141E+04
    -0.107787141E+04
    -0.107787141E+04
    -0.107787141E+04
    -0.107787141E+04
    -0.107787141E+04
    -0.107787141E+04
    -0.107787141E+04
    -0.107787141E+04
    -0.107787141E+04
    -0.107787141E+04
    -0.107787141E+04
    -0.107787141E+04
    -0.107787141E+04
    -0.107787141E+04
    -0.107787141E+04
    -0.107787141E+04
    -0.107787141E+04
    -0.107787141E+04
    -0.107787141E+04
    -0.107787141E+04
    -0.107787141E+04
    -0.107787141E+04
    -0.107787141E+04
