     0.000000000E+00
    -0.107553160E+04
    -0.158865239E+04
    -0.301395615E+04
    -0.430761718E+04
    -0.400693155E+04
    -0.107553160E+03
    -0.161343661E+03
    -0.322601160E+03
    -0.537210373E+03
    -0.470211705E+03
    -0.138257485E+02
    -0.207392315E+02
    -0.414794392E+02
    -0.691340260E+02
    -0.604918856E+02
    -0.691340073E+02
    -0.907484172E+02
    -0.101555632E+03
    -0.133976355E+03
    -0.177200452E+03
    -0.163693504E+03
    -0.782349525E+02
    -0.827854489E+02
    -0.964368694E+02
    -0.114638572E+03
    -0.108950575E+03
    -0.114638568E+03
    -0.125313760E+03
    -0.130651159E+03
    -0.146663244E+03
    -0.168011643E+03
    -0.161340415E+03
    -0.168011637E+03
    -0.178396531E+03
    -0.183588539E+03
    -0.199164460E+03
    -0.219930586E+03
    -0.213441406E+03
    -0.219930580E+03
    -0.230699516E+03
    -0.236083244E+03
    -0.252234311E+03
    -0.273766310E+03
    -0.267037918E+03
    -0.273766305E+03
    -0.284832294E+03
    -0.290364211E+03
    -0.306959836E+03
    -0.329083485E+03
    -0.322170339E+03
    -0.329083481E+03
    -0.340378144E+03
    -0.346024033E+03
    -0.362961567E+03
    -0.385539921E+03
    -0.378484826E+03
    -0.385539918E+03
    -0.397012346E+03
    -0.402746732E+03
    -0.419949750E+03
    -0.442880849E+03
    -0.435715674E+03
    -0.442880848E+03
    -0.454491978E+03
    -0.460295313E+03
    -0.477705173E+03
    -0.500910781E+03
    -0.493659980E+03
    -0.500910781E+03
    -0.512629866E+03
    -0.518486763E+03
    -0.536057305E+03
    -0.559475839E+03
    -0.552158662E+03
    -0.559475841E+03
    -0.571278153E+03
    -0.577176239E+03
    -0.594870343E+03
    -0.618452281E+03
    -0.611084207E+03
    -0.618452285E+03
    -0.630317569E+03
    -0.636246707E+03
    -0.654033968E+03
    -0.677738749E+03
    -0.670332455E+03
    -0.677738755E+03
    -0.689650149E+03
    -0.695601904E+03
    -0.713457014E+03
    -0.737250877E+03
    -0.729816916E+03
    -0.737250885E+03
    -0.749194153E+03
    -0.755161402E+03
    -0.773062991E+03
    -0.796917435E+03
    -0.789464714E+03
    -0.796917445E+03
    -0.808880410E+03
    -0.814857062E+03
    -0.832786859E+03
    -0.856677511E+03
    -0.849213648E+03
    -0.856677523E+03
    -0.868649651E+03
    -0.874630437E+03
    -0.892572635E+03
    -0.916478416E+03
    -0.909009999E+03
    -0.916478430E+03
    -0.928450513E+03
    -0.934430827E+03
    -0.952371610E+03
    -0.976274096E+03
    -0.968806882E+03
    -0.976274113E+03
    -0.988238023E+03
    -0.994213802E+03
    -0.101214098E+04
    -0.103602391E+04
    -0.102856298E+04
    -0.103602393E+04
    -0.104797244E+04
    -0.105394006E+04
    -0.107184278E+04
    -0.109569170E+04
    -0.108824158E+04
    -0.109569173E+04
    -0.110761833E+04
    -0.111357456E+04
    -0.113144309E+04
    -0.115524502E+04
    -0.114780975E+04
    -0.115524504E+04
    -0.116714388E+04
    -0.117308578E+04
    -0.119091132E+04
    -0.121465454E+04
    -0.120723779E+04
    -0.121465456E+04
    -0.122652030E+04
    -0.123244520E+04
    -0.125021975E+04
    -0.127389359E+04
    -0.126649869E+04
    -0.127389362E+04
    -0.128572137E+04
    -0.129162683E+04
    -0.130934308E+04
    -0.133293778E+04
    -0.132556778E+04
    -0.133293781E+04
    -0.134472307E+04
    -0.135060686E+04
    -0.136825805E+04
    -0.139176465E+04
    -0.138442235E+04
    -0.139176468E+04
    -0.140350330E+04
    -0.140936332E+04
    -0.142694323E+04
    -0.145035342E+04
    -0.144304143E+04
    -0.145035346E+04
    -0.146204156E+04
    -0.146787589E+04
    -0.148537874E+04
    -0.150868481E+04
    -0.150140551E+04
    -0.150868485E+04
    -0.152031883E+04
    -0.152612567E+04
    -0.154354604E+04
    -0.156674080E+04
    -0.155949645E+04
    -0.156674084E+04
    -0.157831732E+04
    -0.158409498E+04
    -0.160142781E+04
    -0.162450452E+04
    -0.161729723E+04
    -0.162450456E+04
    -0.163602036E+04
    -0.164176726E+04
    -0.165900779E+04
    -0.168196012E+04
    -0.167479186E+04
    -0.168196017E+04
    -0.169341228E+04
    -0.169912692E+04
    -0.171627068E+04
    -0.173909264E+04
    -0.173196529E+04
    -0.173909270E+04
    -0.175047829E+04
    -0.175615925E+04
    -0.177320198E+04
    -0.179588795E+04
    -0.178880326E+04
    -0.179588801E+04
    -0.180720440E+04
    -0.181285034E+04
    -0.182978802E+04
    -0.185233263E+04
    -0.184529227E+04
    -0.185233269E+04
    -0.186357731E+04
    -0.186918696E+04
    -0.188601576E+04
    -0.190841393E+04
    -0.190141949E+04
    -0.190841399E+04
    -0.191958440E+04
    -0.192515654E+04
    -0.194187282E+04
    -0.196411970E+04
    -0.195717269E+04
    -0.196411977E+04
    -0.197521364E+04
    -0.198074711E+04
    -0.199734739E+04
    -0.201943836E+04
    -0.201254022E+04
    -0.201943842E+04
    -0.203045354E+04
    -0.203594723E+04
    -0.205242818E+04
    -0.207435880E+04
    -0.206751093E+04
    -0.207435887E+04
    -0.208529308E+04
    -0.209074594E+04
    -0.210710437E+04
    -0.212887042E+04
    -0.212207412E+04
    -0.212887049E+04
    -0.213972175E+04
    -0.214513275E+04
    -0.216136560E+04
    -0.218296301E+04
    -0.217621957E+04
    -0.218296309E+04
    -0.219372944E+04
    -0.219909759E+04
    -0.221520194E+04
    -0.223662681E+04
    -0.222993743E+04
    -0.223662689E+04
    -0.224730643E+04
    -0.225263081E+04
    -0.226860381E+04
    -0.228985240E+04
    -0.228321825E+04
    -0.228985248E+04
    -0.230044339E+04
    -0.230572308E+04
    -0.232156203E+04
    -0.234263071E+04
    -0.233605293E+04
    -0.234263080E+04
    -0.235313133E+04
    -0.235836545E+04
    -0.237406773E+04
    -0.239495303E+04
    -0.238843269E+04
    -0.239495312E+04
    -0.240536157E+04
    -0.241054930E+04
    -0.242611237E+04
    -0.244681095E+04
    -0.244034910E+04
    -0.244681104E+04
    -0.245712577E+04
    -0.246226628E+04
    -0.247768771E+04
    -0.249819633E+04
    -0.249179398E+04
    -0.249819642E+04
    -0.250841586E+04
    -0.251350837E+04
    -0.252878581E+04
    -0.254910133E+04
    -0.254275946E+04
    -0.254910143E+04
    -0.255922405E+04
    -0.256426780E+04
    -0.257939897E+04
    -0.259951840E+04
    -0.259323794E+04
    -0.259951850E+04
    -0.260954282E+04
    -0.261453708E+04
    -0.262951979E+04
    -0.264944019E+04
    -0.264322206E+04
    -0.264944030E+04
    -0.265936489E+04
    -0.266430896E+04
    -0.267914107E+04
    -0.269885964E+04
    -0.269270470E+04
    -0.269885975E+04
    -0.270868324E+04
    -0.271357642E+04
    -0.272825588E+04
    -0.274776989E+04
    -0.274167901E+04
    -0.274777000E+04
    -0.275749105E+04
    -0.276233268E+04
    -0.277685751E+04
    -0.279616432E+04
    -0.279013831E+04
    -0.279616443E+04
    -0.280578175E+04
    -0.281057119E+04
    -0.282493945E+04
    -0.284403652E+04
    -0.283807618E+04
    -0.284403664E+04
    -0.285354896E+04
    -0.285828560E+04
    -0.287249543E+04
    -0.289138028E+04
    -0.288548638E+04
    -0.289138040E+04
    -0.290078653E+04
    -0.290546975E+04
    -0.291951936E+04
    -0.293818961E+04
    -0.293236289E+04
    -0.293818973E+04
    -0.294748848E+04
    -0.295211771E+04
    -0.296600535E+04
    -0.298445869E+04
    -0.297869987E+04
    -0.298445881E+04
    -0.299364905E+04
    -0.299822373E+04
    -0.301194770E+04
    -0.303018189E+04
    -0.302449167E+04
    -0.303018202E+04
    -0.303926264E+04
    -0.304378222E+04
    -0.305734089E+04
    -0.307535377E+04
    -0.306973282E+04
    -0.307535391E+04
    -0.308432385E+04
    -0.308878780E+04
    -0.310217959E+04
    -0.311996907E+04
    -0.311441805E+04
    -0.311996921E+04
    -0.312882744E+04
    -0.313323526E+04
    -0.314645864E+04
    -0.316402269E+04
    -0.315854222E+04
    -0.316402283E+04
    -0.317276836E+04
    -0.317711954E+04
    -0.319017304E+04
    -0.320750971E+04
    -0.320210040E+04
    -0.320750985E+04
    -0.321614171E+04
    -0.322043578E+04
    -0.323331795E+04
    -0.325042535E+04
    -0.324508779E+04
    -0.325042549E+04
    -0.325894274E+04
    -0.326317924E+04
    -0.327588871E+04
    -0.329276501E+04
    -0.328749977E+04
    -0.329276515E+04
    -0.330116690E+04
    -0.330534538E+04
    -0.331788081E+04
    -0.333452424E+04
    -0.332933187E+04
    -0.333452439E+04
    -0.334280975E+04
    -0.334692979E+04
    -0.335928989E+04
    -0.337569874E+04
    -0.337057978E+04
    -0.337569889E+04
    -0.338386704E+04
    -0.338792821E+04
    -0.340011173E+04
    -0.341628436E+04
    -0.341123931E+04
    -0.341628452E+04
    -0.342433463E+04
    -0.342833654E+04
    -0.344034227E+04
    -0.345627710E+04
    -0.345130646E+04
    -0.345627726E+04
    -0.346420855E+04
    -0.346815081E+04
    -0.347997760E+04
    -0.349567309E+04
    -0.349077733E+04
    -0.349567325E+04
    -0.350348497E+04
    -0.350736721E+04
    -0.351901393E+04
    -0.353446861E+04
    -0.352964820E+04
    -0.353446877E+04
    -0.354216019E+04
    -0.354598205E+04
    -0.355744763E+04
    -0.357266008E+04
    -0.356791545E+04
    -0.357266025E+04
    -0.358023066E+04
    -0.358399179E+04
    -0.359527519E+04
    -0.361024404E+04
    -0.360557563E+04
    -0.361024422E+04
    -0.361769294E+04
    -0.362139302E+04
    -0.363249325E+04
    -0.364721719E+04
    -0.364262539E+04
    -0.364721736E+04
    -0.365454376E+04
    -0.365818246E+04
    -0.366909856E+04
    -0.368357633E+04
    -0.367906154E+04
    -0.368357650E+04
    -0.369077995E+04
    -0.369435696E+04
    -0.370508800E+04
    -0.371931840E+04
    -0.371488099E+04
    -0.371931858E+04
    -0.372639847E+04
    -0.372991350E+04
    -0.374045861E+04
    -0.375444046E+04
    -0.375008080E+04
    -0.375444065E+04
    -0.376139641E+04
    -0.376484918E+04
    -0.377520751E+04
    -0.378893972E+04
    -0.378465815E+04
    -0.378893991E+04
    -0.379577099E+04
    -0.379916123E+04
    -0.380933198E+04
    -0.382281347E+04
    -0.381861033E+04
    -0.382281366E+04
    -0.382951955E+04
    -0.383284700E+04
    -0.384282939E+04
    -0.385605916E+04
    -0.385193475E+04
    -0.385605935E+04
    -0.386263953E+04
    -0.386590395E+04
    -0.387569724E+04
    -0.388867433E+04
    -0.388462895E+04
    -0.388867452E+04
    -0.389512852E+04
    -0.389832967E+04
    -0.390793316E+04
    -0.392065664E+04
    -0.391669058E+04
    -0.392065683E+04
    -0.392698419E+04
    -0.393012186E+04
    -0.393953488E+04
    -0.395200387E+04
    -0.394811740E+04
    -0.395200407E+04
    -0.395820436E+04
    -0.396127832E+04
    -0.397050025E+04
    -0.398271392E+04
    -0.397890730E+04
    -0.398271413E+04
    -0.398878693E+04
    -0.399179699E+04
    -0.400082722E+04
    -0.401278480E+04
    -0.400905827E+04
    -0.401278500E+04
    -0.401872994E+04
    -0.402167590E+04
    -0.403051386E+04
    -0.404221460E+04
    -0.403856839E+04
    -0.404221481E+04
    -0.404803150E+04
    -0.405091320E+04
    -0.405955835E+04
    -0.407100155E+04
    -0.406743588E+04
    -0.407100177E+04
    -0.407668988E+04
    -0.407950714E+04
    -0.408795897E+04
    -0.409914399E+04
    -0.409565906E+04
    -0.409914420E+04
    -0.410470340E+04
    -0.410745606E+04
    -0.411571412E+04
    -0.412664032E+04
    -0.412323632E+04
    -0.412664054E+04
    -0.413207052E+04
    -0.413475845E+04
    -0.414282228E+04
    -0.415348910E+04
    -0.415016621E+04
    -0.415348932E+04
    -0.415878981E+04
    -0.416141285E+04
    -0.416928205E+04
    -0.417968896E+04
    -0.417644734E+04
    -0.417968918E+04
    -0.418485990E+04
    -0.418741793E+04
    -0.419509211E+04
    -0.420523862E+04
    -0.420207842E+04
    -0.420523884E+04
    -0.421027955E+04
    -0.421277246E+04
    -0.422025127E+04
    -0.423013692E+04
    -0.422705828E+04
    -0.423013714E+04
    -0.423504762E+04
    -0.423747530E+04
    -0.424475842E+04
    -0.425438279E+04
    -0.425138585E+04
    -0.425438302E+04
    -0.425916305E+04
    -0.426152540E+04
    -0.426861253E+04
    -0.427797525E+04
    -0.427506012E+04
    -0.427797548E+04
    -0.428262489E+04
    -0.428492182E+04
    -0.429181270E+04
    -0.430091343E+04
    -0.429808021E+04
    -0.430091366E+04
    -0.430543228E+04
    -0.430766371E+04
    -0.431435810E+04
    -0.432319653E+04
    -0.432044531E+04
    -0.432319677E+04
    -0.432758443E+04
    -0.432975030E+04
    -0.433624799E+04
    -0.434482386E+04
    -0.434215473E+04
    -0.434482410E+04
    -0.434908068E+04
    -0.435118092E+04
    -0.435748172E+04
    -0.436579480E+04
    -0.436320783E+04
    -0.436579505E+04
    -0.436992044E+04
    -0.437195499E+04
    -0.437805875E+04
    -0.438610885E+04
    -0.438360409E+04
    -0.438610909E+04
    -0.439010320E+04
    -0.439207202E+04
    -0.439797861E+04
    -0.440576556E+04
    -0.440334307E+04
    -0.440576581E+04
    -0.440962854E+04
    -0.441153161E+04
    -0.441724091E+04
    -0.442476460E+04
    -0.442242440E+04
    -0.442476485E+04
    -0.442849615E+04
    -0.443033342E+04
    -0.443584537E+04
    -0.444310569E+04
    -0.444084782E+04
    -0.444310594E+04
    -0.444670576E+04
    -0.444847723E+04
    -0.445379176E+04
    -0.446078866E+04
    -0.445861313E+04
    -0.446078891E+04
    -0.446425722E+04
    -0.446596288E+04
    -0.447107996E+04
    -0.447781341E+04
    -0.447572023E+04
    -0.447781366E+04
    -0.448115045E+04
    -0.448279029E+04
    -0.448770992E+04
    -0.449417992E+04
    -0.449216910E+04
    -0.449418018E+04
    -0.449738545E+04
    -0.449895947E+04
    -0.450368167E+04
    -0.450988826E+04
    -0.450795977E+04
    -0.450988852E+04
    -0.451296229E+04
    -0.451447051E+04
    -0.451899531E+04
    -0.452493856E+04
    -0.452309238E+04
    -0.452493883E+04
    -0.452788112E+04
    -0.452932357E+04
    -0.453365104E+04
    -0.453933105E+04
    -0.453756715E+04
    -0.453933131E+04
    -0.454214219E+04
    -0.454351888E+04
    -0.454764910E+04
    -0.455306600E+04
    -0.455138434E+04
    -0.455306627E+04
    -0.455574579E+04
    -0.455705677E+04
    -0.456098985E+04
    -0.456614380E+04
    -0.456454432E+04
    -0.456614407E+04
    -0.456869230E+04
    -0.456993761E+04
    -0.457367369E+04
    -0.457856486E+04
    -0.457704751E+04
    -0.457856513E+04
    -0.458098218E+04
    -0.458216187E+04
    -0.458570109E+04
    -0.459032971E+04
    -0.458889442E+04
    -0.459032998E+04
    -0.459261595E+04
    -0.459373008E+04
    -0.459707261E+04
    -0.460143892E+04
    -0.460008561E+04
    -0.460143920E+04
    -0.460359420E+04
    -0.460464283E+04
    -0.460778887E+04
    -0.461189314E+04
    -0.461062172E+04
    -0.461189342E+04
    -0.461391759E+04
    -0.461490079E+04
    -0.461785055E+04
    -0.462169308E+04
    -0.462050346E+04
    -0.462169336E+04
    -0.462358686E+04
    -0.462450471E+04
    -0.462725842E+04
    -0.463083953E+04
    -0.462973161E+04
    -0.463083981E+04
    -0.463260279E+04
    -0.463345537E+04
    -0.463601329E+04
    -0.463933333E+04
    -0.463830700E+04
    -0.463933362E+04
    -0.464096625E+04
    -0.464175365E+04
    -0.464411605E+04
    -0.464717540E+04
    -0.464623053E+04
    -0.464717569E+04
    -0.464867815E+04
    -0.464940048E+04
    -0.465156765E+04
    -0.465436670E+04
    -0.465350317E+04
    -0.465436699E+04
    -0.465573949E+04
    -0.465639685E+04
    -0.465836909E+04
    -0.466090828E+04
    -0.466012595E+04
    -0.466090857E+04
    -0.466215132E+04
    -0.466274380E+04
    -0.466452146E+04
    -0.466680122E+04
    -0.466609996E+04
    -0.466680151E+04
    -0.466791473E+04
    -0.466844247E+04
    -0.467002587E+04
    -0.467204669E+04
    -0.467142634E+04
    -0.467204698E+04
    -0.467303090E+04
    -0.467349401E+04
    -0.467488352E+04
    -0.467664589E+04
    -0.467610630E+04
    -0.467664618E+04
    -0.467750105E+04
    -0.467789965E+04
    -0.467909566E+04
    -0.468060009E+04
    -0.468014110E+04
    -0.468060039E+04
    -0.468132646E+04
    -0.468166070E+04
    -0.468266359E+04
    -0.468391063E+04
    -0.468353206E+04
    -0.468391093E+04
    -0.468450847E+04
    -0.468477847E+04
    -0.468558867E+04
    -0.468657888E+04
    -0.468628056E+04
    -0.468657918E+04
    -0.468704847E+04
    -0.468725438E+04
    -0.468787231E+04
    -0.468860627E+04
    -0.468838801E+04
    -0.468860657E+04
    -0.468894790E+04
    -0.468908987E+04
    -0.468951597E+04
    -0.468999429E+04
    -0.468985590E+04
    -0.468999459E+04
    -0.469020826E+04
    -0.469028644E+04
    -0.469052118E+04
    -0.469074448E+04
    -0.469068577E+04
    -0.469074478E+04
    -0.469083110E+04
    -0.469084565E+04
    -0.469088950E+04
    -0.469085842E+04
    -0.469087919E+04
    -0.469085873E+04
    -0.469081802E+04
    -0.469076909E+04
    -0.469062254E+04
    -0.469033776E+04
    -0.469043779E+04
    -0.469033806E+04
    -0.469017065E+04
    -0.469005842E+04
    -0.468972197E+04
    -0.468918414E+04
    -0.468936323E+04
    -0.468918445E+04
    -0.468889065E+04
    -0.468871529E+04
    -0.468818942E+04
    -0.468739921E+04
    -0.468765714E+04
    -0.468739952E+04
    -0.468697966E+04
    -0.468674132E+04
    -0.468602654E+04
    -0.468498462E+04
    -0.468532119E+04
    -0.468498493E+04
    -0.468443935E+04
    -0.468413822E+04
    -0.468323504E+04
    -0.468194211E+04
    -0.468235710E+04
    -0.468194242E+04
    -0.468127147E+04
    -0.468090771E+04
    -0.467981666E+04
    -0.467827344E+04
    -0.467876662E+04
    -0.467827375E+04
    -0.467747778E+04
    -0.467705158E+04
    -0.467577320E+04
    -0.467398042E+04
    -0.467455156E+04
    -0.467398074E+04
    -0.467306012E+04
    -0.467257165E+04
    -0.467110650E+04
    -0.466906492E+04
    -0.466971378E+04
    -0.466906524E+04
    -0.466802033E+04
    -0.466746980E+04
    -0.466581845E+04
    -0.466352882E+04
    -0.466425517E+04
    -0.466352914E+04
    -0.466236033E+04
    -0.466174792E+04
    -0.465991095E+04
    -0.465737407E+04
    -0.465817765E+04
    -0.465737439E+04
    -0.465608207E+04
    -0.465540798E+04
    -0.465338598E+04
    -0.465060264E+04
    -0.465148321E+04
    -0.465060296E+04
    -0.464918752E+04
    -0.464845196E+04
    -0.464624553E+04
    -0.464321655E+04
    -0.464417385E+04
    -0.464321687E+04
    -0.464167872E+04
    -0.464088189E+04
    -0.463849165E+04
    -0.463521786E+04
    -0.463625163E+04
    -0.463521818E+04
    -0.463355773E+04
    -0.463269984E+04
    -0.463012641E+04
    -0.462660866E+04
    -0.462771864E+04
    -0.462660898E+04
    -0.462482665E+04
    -0.462390791E+04
    -0.462115194E+04
    -0.461739108E+04
    -0.461857699E+04
    -0.461739141E+04
    -0.461548762E+04
    -0.461450825E+04
    -0.461157038E+04
    -0.460756729E+04
    -0.460882887E+04
    -0.460756762E+04
    -0.460554281E+04
    -0.460450303E+04
    -0.460138392E+04
    -0.459713950E+04
    -0.459847645E+04
    -0.459713982E+04
    -0.459499444E+04
    -0.459389446E+04
    -0.459059479E+04
    -0.458610993E+04
    -0.458752198E+04
    -0.458611026E+04
    -0.458384474E+04
    -0.458268480E+04
    -0.457920524E+04
    -0.457448085E+04
    -0.457596772E+04
    -0.457448118E+04
    -0.457209599E+04
    -0.457087632E+04
    -0.456721757E+04
    -0.456225458E+04
    -0.456381597E+04
    -0.456225491E+04
    -0.455975050E+04
    -0.455847133E+04
    -0.455463408E+04
    -0.454943345E+04
    -0.455106905E+04
    -0.454943378E+04
    -0.454681062E+04
    -0.454547218E+04
    -0.454145715E+04
    -0.453601982E+04
    -0.453772935E+04
    -0.453602015E+04
    -0.453327871E+04
    -0.453188125E+04
    -0.452768915E+04
    -0.452201608E+04
    -0.452379924E+04
    -0.452201642E+04
    -0.451915719E+04
    -0.451770095E+04
    -0.451333250E+04
    -0.450742468E+04
    -0.450928115E+04
    -0.450742502E+04
    -0.450444848E+04
    -0.450293370E+04
    -0.449838965E+04
    -0.449224807E+04
    -0.449417754E+04
    -0.449224841E+04
    -0.448915505E+04
    -0.448758198E+04
    -0.448286307E+04
    -0.447648873E+04
    -0.447849090E+04
    -0.447648907E+04
    -0.447327939E+04
    -0.447164829E+04
    -0.446675528E+04
    -0.446014919E+04
    -0.446222373E+04
    -0.446014953E+04
    -0.445682403E+04
    -0.445513515E+04
    -0.445006879E+04
    -0.444323198E+04
    -0.444537857E+04
    -0.444323232E+04
    -0.443979152E+04
    -0.443804511E+04
    -0.443280619E+04
    -0.442573969E+04
    -0.442795800E+04
    -0.442574003E+04
    -0.442218443E+04
    -0.442038076E+04
    -0.441497004E+04
    -0.440767491E+04
    -0.440996462E+04
    -0.440767524E+04
    -0.440400538E+04
    -0.440214470E+04
    -0.439656298E+04
    -0.438904026E+04
    -0.439140104E+04
    -0.438904060E+04
    -0.438525699E+04
    -0.438333958E+04
    -0.437758765E+04
    -0.436983841E+04
    -0.437226993E+04
    -0.436983875E+04
    -0.436594192E+04
    -0.436396804E+04
    -0.435804671E+04
    -0.435007204E+04
    -0.435257394E+04
    -0.435007238E+04
    -0.434606286E+04
    -0.434403279E+04
    -0.433794286E+04
    -0.432974384E+04
    -0.433231580E+04
    -0.432974418E+04
    -0.432562253E+04
    -0.432353653E+04
    -0.431727883E+04
    -0.430885657E+04
    -0.431149824E+04
    -0.430885691E+04
    -0.430462366E+04
    -0.430248201E+04
    -0.429605736E+04
    -0.428741296E+04
    -0.429012399E+04
    -0.428741330E+04
    -0.428306902E+04
    -0.428087200E+04
    -0.427428123E+04
    -0.426541582E+04
    -0.426819586E+04
    -0.426541616E+04
    -0.426096140E+04
    -0.425870928E+04
    -0.425195325E+04
    -0.424286794E+04
    -0.424571664E+04
    -0.424286829E+04
    -0.423830360E+04
    -0.423599668E+04
    -0.422907623E+04
    -0.421977218E+04
    -0.422268917E+04
    -0.421977252E+04
    -0.421509848E+04
    -0.421273704E+04
    -0.420565302E+04
    -0.419613138E+04
    -0.419911631E+04
    -0.419613172E+04
    -0.419134890E+04
    -0.418893323E+04
    -0.418168651E+04
    -0.417194843E+04
    -0.417500094E+04
    -0.417194877E+04
    -0.416705776E+04
    -0.416458814E+04
    -0.415717960E+04
    -0.414722625E+04
    -0.415034598E+04
    -0.414722660E+04
    -0.414222796E+04
    -0.413970470E+04
    -0.413213522E+04
    -0.412196778E+04
    -0.412515434E+04
    -0.412196813E+04
    -0.411686246E+04
    -0.411428585E+04
    -0.410655631E+04
    -0.409617598E+04
    -0.409942901E+04
    -0.409617633E+04
    -0.409096423E+04
    -0.408833456E+04
    -0.408044587E+04
    -0.406985385E+04
    -0.407317297E+04
    -0.406985419E+04
    -0.406453626E+04
    -0.406185384E+04
    -0.405380689E+04
    -0.404300439E+04
    -0.404638922E+04
    -0.404300474E+04
    -0.403758157E+04
    -0.403484671E+04
    -0.402664242E+04
    -0.401563066E+04
    -0.401908082E+04
    -0.401563101E+04
    -0.401010322E+04
    -0.400731621E+04
    -0.399895551E+04
    -0.398773573E+04
    -0.399125083E+04
    -0.398773608E+04
    -0.398210429E+04
    -0.397926545E+04
    -0.397074926E+04
    -0.395932270E+04
    -0.396290235E+04
    -0.395932304E+04
    -0.395358787E+04
    -0.395069751E+04
    -0.394202677E+04
    -0.393039469E+04
    -0.393403850E+04
    -0.393039503E+04
    -0.392455710E+04
    -0.392161555E+04
    -0.391279120E+04
    -0.390095486E+04
    -0.390466243E+04
    -0.390095521E+04
    -0.389501515E+04
    -0.389202271E+04
    -0.388304572E+04
    -0.387100641E+04
    -0.387477734E+04
    -0.387100675E+04
    -0.386496522E+04
    -0.386192221E+04
    -0.385279353E+04
    -0.384055254E+04
    -0.384438643E+04
    -0.384055288E+04
    -0.383441051E+04
    -0.383131727E+04
    -0.382203788E+04
    -0.380959651E+04
    -0.381349295E+04
    -0.380959685E+04
    -0.380335430E+04
    -0.380021115E+04
    -0.379078203E+04
    -0.377814160E+04
    -0.378210017E+04
    -0.377814194E+04
    -0.377179986E+04
    -0.376860713E+04
    -0.375902928E+04
    -0.374619112E+04
    -0.375021141E+04
    -0.374619146E+04
    -0.373975052E+04
    -0.373650855E+04
    -0.372678297E+04
    -0.371374842E+04
    -0.371783001E+04
    -0.371374876E+04
    -0.370720964E+04
    -0.370391876E+04
    -0.369404647E+04
    -0.368081689E+04
    -0.368495935E+04
    -0.368081723E+04
    -0.367418060E+04
    -0.367084116E+04
    -0.366082318E+04
    -0.364739995E+04
    -0.365160285E+04
    -0.364740029E+04
    -0.364066684E+04
    -0.363727919E+04
    -0.362711656E+04
    -0.361350105E+04
    -0.361776397E+04
    -0.361350139E+04
    -0.360667182E+04
    -0.360323630E+04
    -0.359293007E+04
    -0.357912370E+04
    -0.358344619E+04
    -0.357912404E+04
    -0.357219906E+04
    -0.356871602E+04
    -0.355826725E+04
    -0.354427143E+04
    -0.354865305E+04
    -0.354427177E+04
    -0.353725209E+04
    -0.353372190E+04
    -0.352313166E+04
    -0.350894784E+04
    -0.351338813E+04
    -0.350894818E+04
    -0.350183452E+04
    -0.349825753E+04
    -0.348752692E+04
    -0.347315654E+04
    -0.347765506E+04
    -0.347315688E+04
    -0.346594997E+04
    -0.346232657E+04
    -0.345145668E+04
    -0.343690122E+04
    -0.344145750E+04
    -0.343690156E+04
    -0.342960215E+04
    -0.342593269E+04
    -0.341492464E+04
    -0.340018560E+04
    -0.340479917E+04
    -0.340018594E+04
    -0.339279477E+04
    -0.338907964E+04
    -0.337793456E+04
    -0.336301346E+04
    -0.336768384E+04
    -0.336301379E+04
    -0.335553163E+04
    -0.335177120E+04
    -0.334049025E+04
    -0.332538861E+04
    -0.333011534E+04
    -0.332538895E+04
    -0.331781657E+04
    -0.331401124E+04
    -0.330259558E+04
    -0.328731496E+04
    -0.329209754E+04
    -0.328731529E+04
    -0.327965349E+04
    -0.327580365E+04
    -0.326425446E+04
    -0.324879644E+04
    -0.325363438E+04
    -0.324879678E+04
    -0.324104634E+04
    -0.323715239E+04
    -0.322547087E+04
    -0.320983707E+04
    -0.321472985E+04
    -0.320983740E+04
    -0.320199914E+04
    -0.319806149E+04
    -0.318624886E+04
    -0.317044090E+04
    -0.317538804E+04
    -0.317044124E+04
    -0.316251598E+04
    -0.315853504E+04
    -0.314659255E+04
    -0.313061210E+04
    -0.313561305E+04
    -0.313061243E+04
    -0.312260102E+04
    -0.311857721E+04
    -0.310650612E+04
    -0.309035486E+04
    -0.309540911E+04
    -0.309035519E+04
    -0.308225848E+04
    -0.307819223E+04
    -0.306599383E+04
    -0.304967347E+04
    -0.305478048E+04
    -0.304967380E+04
    -0.304149266E+04
    -0.303738441E+04
    -0.302506001E+04
    -0.300857231E+04
    -0.301373154E+04
    -0.300857264E+04
    -0.300030796E+04
    -0.299615816E+04
    -0.298370908E+04
    -0.296705583E+04
    -0.297226671E+04
    -0.296705616E+04
    -0.295870884E+04
    -0.295451794E+04
    -0.294194555E+04
    -0.292512857E+04
    -0.293039053E+04
    -0.292512890E+04
    -0.291669987E+04
    -0.291246832E+04
    -0.289977402E+04
    -0.288279517E+04
    -0.288810763E+04
    -0.288279549E+04
    -0.287428569E+04
    -0.287001398E+04
    -0.285719919E+04
    -0.284006035E+04
    -0.284542272E+04
    -0.284006067E+04
    -0.283147108E+04
    -0.282715969E+04
    -0.281422585E+04
    -0.279692897E+04
    -0.280234064E+04
    -0.279692929E+04
    -0.278826088E+04
    -0.278391030E+04
    -0.277085890E+04
    -0.275340597E+04
    -0.275886633E+04
    -0.275340629E+04
    -0.274466008E+04
    -0.274027082E+04
    -0.272710338E+04
    -0.270949643E+04
    -0.271500483E+04
    -0.270949675E+04
    -0.270067377E+04
    -0.269624635E+04
    -0.268296443E+04
    -0.266520553E+04
    -0.267076133E+04
    -0.266520584E+04
    -0.265630716E+04
    -0.265184212E+04
    -0.263844731E+04
    -0.262053860E+04
    -0.262614113E+04
    -0.262053891E+04
    -0.261156562E+04
    -0.260706350E+04
    -0.259355745E+04
    -0.257550111E+04
    -0.258114968E+04
    -0.257550142E+04
    -0.256645463E+04
    -0.256191599E+04
    -0.254830038E+04
    -0.253009867E+04
    -0.253579259E+04
    -0.253009898E+04
    -0.252097985E+04
    -0.251640526E+04
    -0.250268182E+04
    -0.248433705E+04
    -0.249007559E+04
    -0.248433736E+04
    -0.247514707E+04
    -0.247053714E+04
    -0.245670765E+04
    -0.243822218E+04
    -0.244400460E+04
    -0.243822249E+04
    -0.242896228E+04
    -0.242431760E+04
    -0.241038390E+04
    -0.239176020E+04
    -0.239758573E+04
    -0.239176051E+04
    -0.238243162E+04
    -0.237775284E+04
    -0.236371681E+04
    -0.234495739E+04
    -0.235082524E+04
    -0.234495770E+04
    -0.233556144E+04
    -0.233084920E+04
    -0.231671280E+04
    -0.229782028E+04
    -0.230372963E+04
    -0.229782058E+04
    -0.228835828E+04
    -0.228361326E+04
    -0.226937851E+04
    -0.225035557E+04
    -0.225630560E+04
    -0.225035588E+04
    -0.224082893E+04
    -0.223605182E+04
    -0.222172080E+04
    -0.220257023E+04
    -0.220856005E+04
    -0.220257053E+04
    -0.219298038E+04
    -0.218817190E+04
    -0.217374676E+04
    -0.215447145E+04
    -0.216050016E+04
    -0.215447174E+04
    -0.214481988E+04
    -0.213998077E+04
    -0.212546376E+04
    -0.210606668E+04
    -0.211213335E+04
    -0.210606697E+04
    -0.209635493E+04
    -0.209148597E+04
    -0.207687941E+04
    -0.205736366E+04
    -0.206346732E+04
    -0.205736395E+04
    -0.204759334E+04
    -0.204269534E+04
    -0.202800163E+04
    -0.200837042E+04
    -0.201451008E+04
    -0.200837071E+04
    -0.199854321E+04
    -0.199361699E+04
    -0.197883865E+04
    -0.195909533E+04
    -0.196526993E+04
    -0.195909562E+04
    -0.194921295E+04
    -0.194425939E+04
    -0.192939902E+04
    -0.190954708E+04
    -0.191575553E+04
    -0.190954737E+04
    -0.189961135E+04
    -0.189463136E+04
    -0.187969168E+04
    -0.185973474E+04
    -0.186597591E+04
    -0.185973503E+04
    -0.184974755E+04
    -0.184474207E+04
    -0.182972593E+04
    -0.180966778E+04
    -0.181594049E+04
    -0.180966806E+04
    -0.179963111E+04
    -0.179460113E+04
    -0.177951148E+04
    -0.175935609E+04
    -0.176565909E+04
    -0.175935637E+04
    -0.174927200E+04
    -0.174421856E+04
    -0.172905852E+04
    -0.170881002E+04
    -0.171514203E+04
    -0.170881030E+04
    -0.169868069E+04
    -0.169360487E+04
    -0.167837769E+04
    -0.165804043E+04
    -0.166440008E+04
    -0.165804070E+04
    -0.164786813E+04
    -0.164277107E+04
    -0.162748017E+04
    -0.160705870E+04
    -0.161344457E+04
    -0.160705897E+04
    -0.159684583E+04
    -0.159172872E+04
    -0.157637769E+04
    -0.155587681E+04
    -0.156228740E+04
    -0.155587708E+04
    -0.154562588E+04
    -0.154048999E+04
    -0.152508260E+04
    -0.150450736E+04
    -0.151094110E+04
    -0.150450762E+04
    -0.149422102E+04
    -0.148906768E+04
    -0.147360793E+04
    -0.145296364E+04
    -0.145941886E+04
    -0.145296390E+04
    -0.144264470E+04
    -0.143747531E+04
    -0.142196741E+04
    -0.140125968E+04
    -0.140773463E+04
    -0.140125994E+04
    -0.139091112E+04
    -0.138572717E+04
    -0.137017557E+04
    -0.134941035E+04
    -0.135590317E+04
    -0.134941060E+04
    -0.133903531E+04
    -0.133383836E+04
    -0.131824779E+04
    -0.129743138E+04
    -0.130394010E+04
    -0.129743163E+04
    -0.128703321E+04
    -0.128182494E+04
    -0.126620042E+04
    -0.124533950E+04
    -0.125186204E+04
    -0.124533975E+04
    -0.123492176E+04
    -0.122970396E+04
    -0.121405082E+04
    -0.119315252E+04
    -0.119968664E+04
    -0.119315276E+04
    -0.118271899E+04
    -0.117749356E+04
    -0.116181750E+04
    -0.114088942E+04
    -0.114743275E+04
    -0.114088966E+04
    -0.113044417E+04
    -0.112521312E+04
    -0.110952023E+04
    -0.108857049E+04
    -0.109512049E+04
    -0.108857072E+04
    -0.107811786E+04
    -0.107288338E+04
    -0.105718018E+04
    -0.103621749E+04
    -0.104277144E+04
    -0.103621772E+04
    -0.102576216E+04
    -0.102052658E+04
    -0.100482008E+04
    -0.983853774E+03
    -0.990408760E+03
    -0.983853999E+03
    -0.973400777E+03
    -0.968166618E+03
    -0.952464378E+03
    -0.931504531E+03
    -0.938057401E+03
    -0.931504751E+03
    -0.921059305E+03
    -0.915829287E+03
    -0.900139464E+03
    -0.879196963E+03
    -0.885744315E+03
    -0.879197178E+03
    -0.868765405E+03
    -0.863542478E+03
    -0.847873921E+03
    -0.826960566E+03
    -0.833498712E+03
    -0.826960776E+03
    -0.816549093E+03
    -0.811336466E+03
    -0.795698802E+03
    -0.774827432E+03
    -0.781352359E+03
    -0.774827636E+03
    -0.764443052E+03
    -0.759244228E+03
    -0.743647973E+03
    -0.722832609E+03
    -0.729339936E+03
    -0.722832808E+03
    -0.712483010E+03
    -0.707301836E+03
    -0.691758522E+03
    -0.671014547E+03
    -0.677499466E+03
    -0.671014740E+03
    -0.660708201E+03
    -0.655548913E+03
    -0.640071253E+03
    -0.619415620E+03
    -0.625872832E+03
    -0.619415807E+03
    -0.609161914E+03
    -0.604029209E+03
    -0.588631289E+03
    -0.568082782E+03
    -0.574506418E+03
    -0.568082963E+03
    -0.557892184E+03
    -0.552791295E+03
    -0.537488818E+03
    -0.517068379E+03
    -0.523451893E+03
    -0.517068553E+03
    -0.506952636E+03
    -0.501889440E+03
    -0.486700033E+03
    -0.466431169E+03
    -0.472767215E+03
    -0.466431336E+03
    -0.456403575E+03
    -0.451384720E+03
    -0.436328329E+03
    -0.416237642E+03
    -0.422517906E+03
    -0.416237802E+03
    -0.406313379E+03
    -0.401346460E+03
    -0.386445868E+03
    -0.366563740E+03
    -0.372778726E+03
    -0.366563893E+03
    -0.356760345E+03
    -0.351854132E+03
    -0.337135649E+03
    -0.317497174E+03
    -0.323635915E+03
    -0.317497318E+03
    -0.307835171E+03
    -0.302999931E+03
    -0.288494358E+03
    -0.269140612E+03
    -0.275190269E+03
    -0.269140748E+03
    -0.259644426E+03
    -0.254892376E+03
    -0.240636365E+03
    -0.221616231E+03
    -0.227561527E+03
    -0.221616358E+03
    -0.212315538E+03
    -0.207661523E+03
    -0.193699605E+03
    -0.175072482E+03
    -0.180894852E+03
    -0.175072599E+03
    -0.166004321E+03
    -0.161466870E+03
    -0.147854632E+03
    -0.129694659E+03
    -0.135370932E+03
    -0.129694766E+03
    -0.120906969E+03
    -0.116510062E+03
    -0.103319446E+03
    -0.857225856E+02
    -0.912227676E+02
    -0.857226818E+02
    -0.772806593E+02
    -0.730569622E+02
    -0.603859627E+02
    -0.434829294E+02
    -0.487661655E+02
    -0.434830135E+02
    -0.354828397E+02
    -0.314804174E+02
    -0.194732274E+02
    -0.345636546E+01
    -0.846253716E+01
    -0.345643600E+01
     0.394092555E+01
     0.764154203E+01
     0.187433314E+02
     0.335517468E+02
     0.289233696E+02
     0.292336865E+01
     0.611471079E+01
     0.156886987E+02
     0.284584999E+02
     0.244673820E+02
     0.284584647E+02
     0.348988016E+02
     0.381204010E+02
     0.477851599E+02
     0.606759615E+02
     0.566470343E+02
     0.606759256E+02
     0.676982076E+02
     0.712110067E+02
     0.817493535E+02
     0.958056469E+02
     0.914124152E+02
     0.958056008E+02
     0.103542950E+03
     0.107413581E+03
     0.119025408E+03
     0.134513939E+03
     0.129673017E+03
     0.134513878E+03
     0.142845559E+03
     0.147013597E+03
     0.159517630E+03
     0.176196520E+03
     0.170983517E+03
     0.176196445E+03
     0.185049646E+03
     0.189478643E+03
     0.202765536E+03
     0.220488860E+03
     0.214949393E+03
     0.220488771E+03
     0.229815282E+03
     0.234481098E+03
     0.248478434E+03
     0.267149529E+03
     0.261313819E+03
     0.267149426E+03
     0.276915759E+03
     0.281801622E+03
     0.296459083E+03
     0.316010765E+03
     0.309899818E+03
     0.316010649E+03
     0.326192915E+03
     0.331286854E+03
     0.346568527E+03
     0.366952834E+03
     0.360581648E+03
     0.366952704E+03
     0.377533695E+03
     0.382827081E+03
     0.398707081E+03
     0.419889425E+03
     0.413268818E+03
     0.419889282E+03
     0.430856693E+03
     0.436343353E+03
     0.452803158E+03
     0.474758773E+03
     0.467896493E+03
     0.474758615E+03
     0.486103916E+03
     0.491779561E+03
     0.508806309E+03
     0.531517978E+03
     0.524419413E+03
     0.531517807E+03
     0.543235488E+03
     0.549097345E+03
     0.566682712E+03
     0.590139272E+03
     0.582807918E+03
     0.590139086E+03
     0.602226164E+03
     0.608272720E+03
     0.626412167E+03
     0.650607504E+03
     0.643045280E+03
     0.650607303E+03
     0.663062982E+03
     0.669293817E+03
     0.687986087E+03
     0.712918460E+03
     0.705125918E+03
     0.712918244E+03
     0.725743695E+03
     0.732159375E+03
     0.751406163E+03
     0.777077767E+03
     0.769054229E+03
     0.777077536E+03
     0.790275769E+03
     0.796877779E+03
     0.816683536E+03
     0.843100240E+03
     0.834843880E+03
     0.843099993E+03
     0.856675800E+03
     0.863466511E+03
     0.883838357E+03
     0.911009584E+03
     0.902517465E+03
     0.911009319E+03
     0.924969271E+03
     0.931951948E+03
     0.952899670E+03
     0.980838399E+03
     0.972106474E+03
     0.980838116E+03
     0.995190629E+03
     0.100236945E+04
     0.102390560E+04
     0.105262849E+04
     0.104365156E+04
     0.105262819E+04
     0.106738364E+04
     0.107476378E+04
     0.109690384E+04
     0.112643145E+04
     0.111720311E+04
     0.112643113E+04
     0.114160205E+04
     0.114918974E+04
     0.117195242E+04
     0.120230963E+04
     0.119282210E+04
     0.120230928E+04
     0.121791062E+04
     0.122571329E+04
     0.124912092E+04
     0.128033739E+04
     0.127058142E+04
     0.128033703E+04
     0.129638649E+04
     0.130441299E+04
     0.132849205E+04
     0.136060299E+04
     0.135056759E+04
     0.136060260E+04
     0.137712119E+04
     0.138538197E+04
     0.141016383E+04
     0.144321097E+04
     0.143288311E+04
     0.144321055E+04
     0.146022319E+04
     0.146873067E+04
     0.149425260E+04
     0.152828548E+04
     0.151764970E+04
     0.152828503E+04
     0.154582148E+04
     0.155459049E+04
     0.158089698E+04
     0.161597477E+04
     0.160501260E+04
     0.161597430E+04
     0.163407039E+04
     0.164311879E+04
     0.167026344E+04
     0.170645745E+04
     0.169514661E+04
     0.170645694E+04
     0.172515637E+04
     0.173450595E+04
     0.176255408E+04
     0.179995123E+04
     0.178826459E+04
     0.179995068E+04
     0.181930756E+04
     0.182898530E+04
     0.185801786E+04
     0.189672584E+04
     0.188462978E+04
     0.189672524E+04
     0.191680798E+04
     0.192684799E+04
     0.195696732E+04
     0.199712228E+04
     0.198457428E+04
     0.199712163E+04
     0.201801905E+04
     0.202846564E+04
     0.205980460E+04
     0.210158334E+04
     0.208852820E+04
     0.210158263E+04
     0.212341416E+04
     0.213432687E+04
     0.216706413E+04
     0.221070439E+04
     0.219706786E+04
     0.221070360E+04
     0.223357479E+04
     0.224500620E+04
     0.227929949E+04
     0.232501099E+04
     0.231072761E+04
     0.232501010E+04
     0.234807632E+04
     0.235960434E+04
     0.239418741E+04
     0.244028242E+04
     0.242587955E+04
     0.244028154E+04
     0.246355095E+04
     0.247517963E+04
     0.251006467E+04
     0.255655940E+04
     0.254203197E+04
     0.255655852E+04
     0.258002958E+04
     0.259175812E+04
     0.262694278E+04
     0.267383402E+04
     0.265918305E+04
     0.267383313E+04
     0.269750420E+04
     0.270933177E+04
     0.274481352E+04
     0.279209786E+04
     0.277732442E+04
     0.279209698E+04
     0.281596619E+04
     0.282789184E+04
     0.286366784E+04
     0.291134145E+04
     0.289644673E+04
     0.291134057E+04
     0.293540582E+04
     0.294742850E+04
     0.298349557E+04
     0.303155416E+04
     0.301653952E+04
     0.303155328E+04
     0.305581226E+04
     0.306793077E+04
     0.310428538E+04
     0.315272421E+04
     0.313759113E+04
     0.315272333E+04
     0.317717346E+04
     0.318938652E+04
     0.322602477E+04
     0.327483860E+04
     0.325958872E+04
     0.327483772E+04
     0.329947617E+04
     0.331178236E+04
     0.334869998E+04
     0.339788308E+04
     0.338251820E+04
     0.339788221E+04
     0.342270591E+04
     0.343510366E+04
     0.347229601E+04
     0.352184213E+04
     0.350636421E+04
     0.352184126E+04
     0.354684687E+04
     0.355933452E+04
     0.359679654E+04
     0.364669894E+04
     0.363111009E+04
     0.364669808E+04
     0.367188199E+04
     0.368445771E+04
     0.372218398E+04
     0.377243536E+04
     0.375673787E+04
     0.377243451E+04
     0.379779285E+04
     0.381045471E+04
     0.384843938E+04
     0.389903194E+04
     0.388322824E+04
     0.389903109E+04
     0.392422554E+04
     0.393680483E+04
     0.397454186E+04
     0.402480233E+04
     0.400910265E+04
     0.402480152E+04
     0.404976412E+04
     0.406222702E+04
     0.409961491E+04
     0.414940840E+04
     0.413385483E+04
     0.414940764E+04
     0.417418943E+04
     0.418656144E+04
     0.422367667E+04
     0.427310507E+04
     0.425766579E+04
     0.427310434E+04
     0.429774680E+04
     0.431004861E+04
     0.434695330E+04
     0.439609934E+04
     0.438074850E+04
     0.439609864E+04
     0.442063427E+04
     0.443288212E+04
     0.446962495E+04
     0.451855348E+04
     0.450327082E+04
     0.451855280E+04
     0.454300765E+04
     0.455521455E+04
     0.459183454E+04
     0.464059754E+04
     0.462536683E+04
     0.464059689E+04
     0.466499226E+04
     0.467716883E+04
     0.471369790E+04
     0.476233786E+04
     0.474714582E+04
     0.476233723E+04
     0.478669083E+04
     0.479884592E+04
     0.483531058E+04
     0.488386282E+04
     0.486869842E+04
     0.488386221E+04
     0.490818897E+04
     0.492033004E+04
     0.495675265E+04
     0.500524695E+04
     0.499010089E+04
     0.500524636E+04
     0.502955904E+04
     0.504169245E+04
     0.507809211E+04
     0.512655391E+04
     0.511141824E+04
     0.512655333E+04
     0.515086294E+04
     0.516299420E+04
     0.519938740E+04
     0.524783865E+04
     0.523270651E+04
     0.524783808E+04
     0.527215424E+04
     0.528428814E+04
     0.532068926E+04
     0.536914912E+04
     0.535401454E+04
     0.536914857E+04
     0.539347974E+04
     0.540562050E+04
     0.544204223E+04
     0.549052756E+04
     0.547538526E+04
     0.549052702E+04
     0.551488073E+04
     0.552703210E+04
     0.556348569E+04
     0.561201148E+04
     0.559685679E+04
     0.561201095E+04
     0.563639395E+04
     0.564855930E+04
     0.568505485E+04
     0.573363451E+04
     0.571846324E+04
     0.573363400E+04
     0.575805238E+04
     0.577023475E+04
     0.580678135E+04
     0.585542703E+04
     0.584023538E+04
     0.585542652E+04
     0.587988584E+04
     0.589208799E+04
     0.592869397E+04
     0.597741668E+04
     0.596220122E+04
     0.597741619E+04
     0.600192154E+04
     0.601414601E+04
     0.605081898E+04
     0.609962887E+04
     0.608438643E+04
     0.609962838E+04
     0.612418449E+04
     0.613643364E+04
     0.617318064E+04
     0.622208708E+04
     0.620681474E+04
     0.622208660E+04
     0.624669786E+04
     0.625897388E+04
     0.629580150E+04
     0.634481323E+04
     0.632950825E+04
     0.634481275E+04
     0.636948332E+04
     0.638178827E+04
     0.641870268E+04
     0.646782791E+04
     0.645248774E+04
     0.646782744E+04
     0.649256124E+04
     0.650489707E+04
     0.654190415E+04
     0.659115066E+04
     0.657577287E+04
     0.659115020E+04
     0.661595100E+04
     0.662831958E+04
     0.666542493E+04
     0.671480017E+04
     0.669938243E+04
     0.671479972E+04
     0.673967113E+04
     0.675207427E+04
     0.678928330E+04
     0.683879445E+04
     0.682333453E+04
     0.683879401E+04
     0.686373958E+04
     0.687617902E+04
     0.691349699E+04
     0.696315104E+04
     0.694764675E+04
     0.696315060E+04
     0.698817378E+04
     0.700065127E+04
     0.703808334E+04
     0.708788713E+04
     0.707233634E+04
     0.708788669E+04
     0.711299094E+04
     0.712550816E+04
     0.716305946E+04
     0.721301977E+04
     0.719742036E+04
     0.721301934E+04
     0.723820807E+04
     0.725076673E+04
     0.728844237E+04
     0.733856598E+04
     0.732291585E+04
     0.733856556E+04
     0.736384224E+04
     0.737644406E+04
     0.741424918E+04
     0.746454293E+04
     0.744883994E+04
     0.746454251E+04
     0.748991067E+04
     0.750255739E+04
     0.754049723E+04
     0.759096804E+04
     0.757521003E+04
     0.759096763E+04
     0.761643087E+04
     0.762912428E+04
     0.766720422E+04
     0.771785921E+04
     0.770204397E+04
     0.771785880E+04
     0.774342086E+04
     0.775616281E+04
     0.779438839E+04
     0.784523491E+04
     0.782936014E+04
     0.784523451E+04
     0.787089926E+04
     0.788369169E+04
     0.792206868E+04
     0.797311439E+04
     0.795717770E+04
     0.797311399E+04
     0.799888552E+04
     0.801173043E+04
     0.805026491E+04
     0.810151784E+04
     0.808551673E+04
     0.810151744E+04
     0.812740005E+04
     0.814029960E+04
     0.817899797E+04
     0.823046660E+04
     0.821439843E+04
     0.823046620E+04
     0.825646449E+04
     0.826942094E+04
     0.830829002E+04
     0.835998338E+04
     0.834384533E+04
     0.835998299E+04
     0.838610187E+04
     0.839911764E+04
     0.843816474E+04
     0.849009250E+04
     0.847388157E+04
     0.849009211E+04
     0.851633688E+04
     0.852941461E+04
     0.856864759E+04
     0.862082018E+04
     0.860453311E+04
     0.862081979E+04
     0.864719618E+04
     0.866033871E+04
     0.869976611E+04
     0.875219482E+04
     0.873582808E+04
     0.875219443E+04
     0.877870869E+04
     0.879191913E+04
     0.883155024E+04
     0.888424738E+04
     0.886779716E+04
     0.888424700E+04
     0.891090600E+04
     0.892418774E+04
     0.896403275E+04
     0.901701184E+04
     0.900047390E+04
     0.901701145E+04
     0.904382275E+04
     0.905717953E+04
     0.909724970E+04
     0.915052560E+04
     0.913389532E+04
     0.915052522E+04
     0.917749719E+04
     0.919093317E+04
     0.923124094E+04
     0.928483015E+04
     0.926810239E+04
     0.928482977E+04
     0.931197176E+04
     0.932549156E+04
     0.936605082E+04
     0.941997173E+04
     0.940314075E+04
     0.941997134E+04
     0.944729382E+04
     0.946090263E+04
     0.950172893E+04
     0.955600213E+04
     0.953906152E+04
     0.955600175E+04
     0.958345026E+04
     0.959712107E+04
     0.963813338E+04
     0.969265145E+04
     0.967563470E+04
     0.969265107E+04
     0.972004173E+04
     0.973368330E+04
     0.977460794E+04
     0.982900822E+04
     0.981202839E+04
     0.982900785E+04
     0.985633938E+04
     0.986995112E+04
     0.991078626E+04
     0.996506641E+04
     0.994812423E+04
     0.996506605E+04
     0.999233633E+04
     0.100059172E+05
     0.100466598E+05
     0.101008158E+05
     0.100839125E+05
     0.101008154E+05
     0.101280225E+05
     0.101415716E+05
     0.101822187E+05
     0.102362469E+05
     0.102193836E+05
     0.102362465E+05
     0.102633886E+05
     0.102769050E+05
     0.103174542E+05
     0.103713512E+05
     0.103545290E+05
     0.103713509E+05
     0.103984264E+05
     0.104119094E+05
     0.104523582E+05
     0.105061211E+05
     0.104893408E+05
     0.105061208E+05
     0.105331283E+05
     0.105465771E+05
     0.105869236E+05
     0.106405496E+05
     0.106238121E+05
     0.106405493E+05
     0.106674874E+05
     0.106809015E+05
     0.107211438E+05
     0.107746306E+05
     0.107579367E+05
     0.107746303E+05
     0.108014980E+05
     0.108148768E+05
     0.108550132E+05
     0.109083588E+05
     0.108917090E+05
     0.109083585E+05
     0.109351547E+05
     0.109484977E+05
     0.109885269E+05
     0.110417295E+05
     0.110251244E+05
     0.110417292E+05
     0.110684532E+05
     0.110817601E+05
     0.111216809E+05
     0.111747390E+05
     0.111581791E+05
     0.111747387E+05
     0.112013897E+05
     0.112146601E+05
     0.112544716E+05
     0.113073842E+05
     0.112908697E+05
     0.113073839E+05
     0.113339613E+05
     0.113471951E+05
     0.113868965E+05
     0.114396627E+05
     0.114231939E+05
     0.114396624E+05
     0.114661658E+05
     0.114793628E+05
     0.115189536E+05
     0.115715729E+05
     0.115551499E+05
     0.115715725E+05
     0.115980018E+05
     0.116111618E+05
     0.116506418E+05
     0.117031138E+05
     0.116867368E+05
     0.117031135E+05
     0.117294684E+05
     0.117425914E+05
     0.117819606E+05
     0.118342853E+05
     0.118179542E+05
     0.118342850E+05
     0.118605657E+05
     0.118736517E+05
     0.119129101E+05
     0.119650880E+05
     0.119488027E+05
     0.119650877E+05
     0.119912942E+05
     0.120043435E+05
     0.120434915E+05
     0.120955230E+05
     0.120792834E+05
     0.120955227E+05
     0.121216555E+05
     0.121346682E+05
     0.121737065E+05
     0.122255925E+05
     0.122093983E+05
     0.122255922E+05
     0.122516517E+05
     0.122646281E+05
     0.123035574E+05
     0.123552992E+05
     0.123391499E+05
     0.123552989E+05
     0.123812857E+05
     0.123942261E+05
     0.124330474E+05
     0.124846466E+05
     0.124685417E+05
     0.124846463E+05
     0.125105612E+05
     0.125234660E+05
     0.125621807E+05
     0.126136389E+05
     0.125975779E+05
     0.126136386E+05
     0.126394825E+05
     0.126523522E+05
     0.126909617E+05
     0.127422812E+05
     0.127262634E+05
     0.127422809E+05
     0.127680548E+05
     0.127808901E+05
     0.128193962E+05
     0.128705792E+05
     0.128546038E+05
     0.128705789E+05
     0.128962842E+05
     0.129090856E+05
     0.129474902E+05
     0.129985397E+05
     0.129826058E+05
     0.129985393E+05
     0.130241773E+05
     0.130369456E+05
     0.130752510E+05
     0.131261698E+05
     0.131102766E+05
     0.131261695E+05
     0.131517417E+05
     0.131644778E+05
     0.132026863E+05
     0.132534780E+05
     0.132376243E+05
     0.132534777E+05
     0.132789859E+05
     0.132916906E+05
     0.133298051E+05
     0.133804733E+05
     0.133646578E+05
     0.133804730E+05
     0.134059191E+05
     0.134185934E+05
     0.134566167E+05
     0.135071655E+05
     0.134913871E+05
     0.135071652E+05
     0.135325512E+05
     0.135451963E+05
     0.135831316E+05
     0.136335655E+05
     0.136178228E+05
     0.136335652E+05
     0.136588935E+05
     0.136715103E+05
     0.137093613E+05
     0.137596850E+05
     0.137439764E+05
     0.137596847E+05
     0.137849575E+05
     0.137975475E+05
     0.138353178E+05
     0.138855365E+05
     0.138698604E+05
     0.138855361E+05
     0.139107563E+05
     0.139233207E+05
     0.139610143E+05
     0.140111334E+05
     0.139954881E+05
     0.140111331E+05
     0.140363033E+05
     0.140488436E+05
     0.140864649E+05
     0.141364903E+05
     0.141208739E+05
     0.141364900E+05
     0.141616132E+05
     0.141741309E+05
     0.142116845E+05
     0.142616225E+05
     0.142460331E+05
     0.142616221E+05
     0.142867016E+05
     0.142991984E+05
     0.143366891E+05
     0.143865463E+05
     0.143709818E+05
     0.143865460E+05
     0.144115850E+05
     0.144240626E+05
     0.144614957E+05
     0.145112791E+05
     0.144957372E+05
     0.145112787E+05
     0.145362809E+05
     0.145487411E+05
     0.145861220E+05
     0.146358392E+05
     0.146203176E+05
     0.146358388E+05
     0.146608079E+05
     0.146732526E+05
     0.147105872E+05
     0.147602458E+05
     0.147447421E+05
     0.147602454E+05
     0.147851855E+05
     0.147976167E+05
     0.148349110E+05
     0.148845193E+05
     0.148690309E+05
     0.148845189E+05
     0.149094341E+05
     0.149218541E+05
     0.149591144E+05
     0.150086811E+05
     0.149932053E+05
     0.150086807E+05
     0.150335754E+05
     0.150459863E+05
     0.150832194E+05
     0.151327536E+05
     0.151172875E+05
     0.151327532E+05
     0.151576320E+05
     0.151700362E+05
     0.152072492E+05
     0.152567603E+05
     0.152413009E+05
     0.152567599E+05
     0.152816276E+05
     0.152940275E+05
     0.153312276E+05
     0.153807257E+05
     0.153652699E+05
     0.153807252E+05
     0.154055869E+05
     0.154179851E+05
     0.154551801E+05
     0.155046753E+05
     0.154892199E+05
     0.155046748E+05
     0.155294226E+05
     0.155417654E+05
     0.155787942E+05
     0.156280729E+05
     0.156126845E+05
     0.156280724E+05
     0.156526407E+05
     0.156648956E+05
     0.157016607E+05
     0.157505933E+05
     0.157353124E+05
     0.157505928E+05
     0.157749977E+05
     0.157871727E+05
     0.158236978E+05
     0.158723160E+05
     0.158571326E+05
     0.158723155E+05
     0.158965717E+05
     0.159086741E+05
     0.159449814E+05
     0.159933143E+05
     0.159782195E+05
     0.159933138E+05
     0.160174354E+05
     0.160294720E+05
     0.160655823E+05
     0.161136577E+05
     0.160986427E+05
     0.161136572E+05
     0.161376572E+05
     0.161496347E+05
     0.161855676E+05
     0.162334116E+05
     0.162184683E+05
     0.162334111E+05
     0.162573021E+05
     0.162692267E+05
     0.163050008E+05
     0.163526383E+05
     0.163377589E+05
     0.163526378E+05
     0.163764316E+05
     0.163883093E+05
     0.164239426E+05
     0.164713973E+05
     0.164565744E+05
     0.164713967E+05
     0.164951049E+05
     0.165069413E+05
     0.165424508E+05
     0.165897454E+05
     0.165749719E+05
     0.165897449E+05
     0.166133783E+05
     0.166251790E+05
     0.166605811E+05
     0.167077374E+05
     0.166930066E+05
     0.167077369E+05
     0.167313063E+05
     0.167430764E+05
     0.167783871E+05
     0.168254262E+05
     0.168107314E+05
     0.168254256E+05
     0.168489412E+05
     0.168606859E+05
     0.168959205E+05
     0.169428628E+05
     0.169281976E+05
     0.169428622E+05
     0.169663339E+05
     0.169780582E+05
     0.170132314E+05
     0.170600967E+05
     0.170454551E+05
     0.170600962E+05
     0.170835336E+05
     0.170952423E+05
     0.171303687E+05
     0.171771763E+05
     0.171625521E+05
     0.171771757E+05
     0.172005883E+05
     0.172122862E+05
     0.172473798E+05
     0.172941485E+05
     0.172795359E+05
     0.172941479E+05
     0.173175449E+05
     0.173292364E+05
     0.173643111E+05
     0.174110591E+05
     0.173964524E+05
     0.174110586E+05
     0.174344490E+05
     0.174461387E+05
     0.174812080E+05
     0.175279533E+05
     0.175133468E+05
     0.175279527E+05
     0.175513454E+05
     0.175630377E+05
     0.175981147E+05
     0.176448751E+05
     0.176302633E+05
     0.176448745E+05
     0.176682780E+05
     0.176799773E+05
     0.177150751E+05
     0.177618677E+05
     0.177472453E+05
     0.177618671E+05
     0.177852901E+05
     0.177970005E+05
     0.178321319E+05
     0.178789738E+05
     0.178643355E+05
     0.178789732E+05
     0.179024241E+05
     0.179141500E+05
     0.179493275E+05
     0.179962355E+05
     0.179815760E+05
     0.179962349E+05
     0.180197220E+05
     0.180314673E+05
     0.180667035E+05
     0.181136942E+05
     0.180990083E+05
     0.181136936E+05
     0.181372250E+05
     0.181489940E+05
     0.181843011E+05
     0.182313908E+05
     0.182166734E+05
     0.182313902E+05
     0.182549741E+05
     0.182667708E+05
     0.183021609E+05
     0.183493659E+05
     0.183346119E+05
     0.183493652E+05
     0.183730097E+05
     0.183848381E+05
     0.184203233E+05
     0.184676595E+05
     0.184528639E+05
     0.184676588E+05
     0.184913718E+05
     0.185032358E+05
     0.185388281E+05
     0.185863115E+05
     0.185714694E+05
     0.185863108E+05
     0.186101001E+05
     0.186220038E+05
     0.186577149E+05
     0.187053613E+05
     0.186904677E+05
     0.187053606E+05
     0.187292341E+05
     0.187411813E+05
     0.187770230E+05
     0.188248480E+05
     0.188098980E+05
     0.188248473E+05
     0.188488128E+05
     0.188608075E+05
     0.188967915E+05
     0.189448107E+05
     0.189297995E+05
     0.189448099E+05
     0.189688752E+05
     0.189809212E+05
     0.190170591E+05
     0.190652880E+05
     0.190502107E+05
     0.190652872E+05
     0.190894600E+05
     0.191015611E+05
     0.191378645E+05
     0.191863184E+05
     0.191711703E+05
     0.191863177E+05
     0.192106056E+05
     0.192227658E+05
     0.192592462E+05
     0.193079405E+05
     0.192927167E+05
     0.193079398E+05
     0.193323505E+05
     0.193445735E+05
     0.193812424E+05
     0.194301925E+05
     0.194148882E+05
     0.194301917E+05
     0.194547329E+05
     0.194670225E+05
     0.195038913E+05
     0.195531124E+05
     0.195377229E+05
     0.195531116E+05
     0.195777909E+05
     0.195901509E+05
     0.196272311E+05
     0.196767384E+05
     0.196612589E+05
     0.196767377E+05
     0.197015625E+05
     0.197139968E+05
     0.197512998E+05
     0.198011085E+05
     0.197855343E+05
     0.198011078E+05
     0.198260859E+05
     0.198385983E+05
     0.198761353E+05
     0.199262607E+05
     0.199105869E+05
     0.199262599E+05
     0.199513989E+05
     0.199639931E+05
     0.200017757E+05
     0.200522329E+05
     0.200364549E+05
     0.200522321E+05
     0.200775395E+05
     0.200902193E+05
     0.201282588E+05
     0.201790630E+05
     0.201631760E+05
     0.201790622E+05
     0.202045456E+05
     0.202173148E+05
     0.202556226E+05
     0.203067889E+05
     0.202907882E+05
     0.203067881E+05
     0.203324551E+05
     0.203453176E+05
     0.203839050E+05
     0.204354487E+05
     0.204193295E+05
     0.204354479E+05
     0.204613061E+05
     0.204742656E+05
     0.205131441E+05
     0.205650803E+05
     0.205488379E+05
     0.205650794E+05
     0.205911365E+05
     0.206041968E+05
     0.206433778E+05
     0.206957218E+05
     0.206793514E+05
     0.206957209E+05
     0.207219843E+05
     0.207351493E+05
     0.207746442E+05
     0.208274112E+05
     0.208109081E+05
     0.208274103E+05
     0.208538878E+05
     0.208671613E+05
     0.209069816E+05
     0.209601869E+05
     0.209435462E+05
     0.209601860E+05
     0.209868852E+05
     0.210002710E+05
     0.210404281E+05
     0.210940870E+05
     0.210773041E+05
     0.210940861E+05
     0.211210147E+05
     0.211345166E+05
     0.211750222E+05
     0.212291501E+05
     0.212122200E+05
     0.212291491E+05
     0.212563149E+05
     0.212699368E+05
     0.213108022E+05
     0.213654145E+05
     0.213483326E+05
     0.213654136E+05
     0.213928242E+05
     0.214065699E+05
     0.214478069E+05
     0.215029191E+05
     0.214856804E+05
     0.215029182E+05
     0.215305813E+05
     0.215444548E+05
     0.215860750E+05
     0.216417026E+05
     0.216243023E+05
     0.216417016E+05
     0.216696252E+05
     0.216836303E+05
     0.217256454E+05
     0.217818040E+05
     0.217642372E+05
     0.217818030E+05
     0.218099948E+05
     0.218241354E+05
     0.218665572E+05
     0.219232624E+05
     0.219055242E+05
     0.219232614E+05
     0.219517293E+05
     0.219660094E+05
     0.220088496E+05
     0.220661172E+05
     0.220482027E+05
     0.220661162E+05
     0.220948680E+05
     0.221092916E+05
     0.221525620E+05
     0.222104080E+05
     0.221923122E+05
     0.222104069E+05
     0.222394507E+05
     0.222540216E+05
     0.222977343E+05
     0.223561744E+05
     0.223378923E+05
     0.223561733E+05
     0.223855170E+05
     0.224002393E+05
     0.224444062E+05
     0.225034564E+05
     0.224849832E+05
     0.225034554E+05
     0.225331069E+05
     0.225479848E+05
     0.225926179E+05
     0.226522944E+05
     0.226336248E+05
     0.226522933E+05
     0.226822609E+05
     0.226972982E+05
     0.227424097E+05
     0.228027286E+05
     0.227838578E+05
     0.228027275E+05
     0.228330193E+05
     0.228482201E+05
     0.228938223E+05
     0.229548000E+05
     0.229357227E+05
     0.229547989E+05
     0.229854230E+05
     0.230007915E+05
     0.230468966E+05
     0.231085494E+05
     0.230892606E+05
     0.231085483E+05
     0.231395130E+05
     0.231550533E+05
     0.232016738E+05
     0.232640183E+05
     0.232445127E+05
     0.232640171E+05
     0.232953308E+05
     0.233110470E+05
     0.233581953E+05
     0.234212481E+05
     0.234015206E+05
     0.234212470E+05
     0.234529180E+05
     0.234688143E+05
     0.235165030E+05
     0.235802809E+05
     0.235603263E+05
     0.235802798E+05
     0.236123165E+05
     0.236283972E+05
     0.236766390E+05
     0.237411590E+05
     0.237209719E+05
     0.237411578E+05
     0.237735688E+05
     0.237898382E+05
     0.238386458E+05
     0.239039249E+05
     0.238835000E+05
     0.239039237E+05
     0.239367176E+05
     0.239531799E+05
     0.240025662E+05
     0.240686217E+05
     0.240479536E+05
     0.240686205E+05
     0.241018059E+05
     0.241184654E+05
     0.241684435E+05
     0.242352927E+05
     0.242143760E+05
     0.242352915E+05
     0.242688772E+05
     0.242857383E+05
     0.243363213E+05
     0.244039818E+05
     0.243828110E+05
     0.244039805E+05
     0.244379753E+05
     0.244550425E+05
     0.245062436E+05
     0.245747330E+05
     0.245533026E+05
     0.245747317E+05
     0.246091445E+05
     0.246264222E+05
     0.246782549E+05
     0.247475911E+05
     0.247258955E+05
     0.247475898E+05
     0.247824296E+05
     0.247999223E+05
     0.248524001E+05
     0.249226010E+05
     0.249006346E+05
     0.249225997E+05
     0.249578756E+05
     0.249755879E+05
     0.250287244E+05
     0.250998084E+05
     0.250775654E+05
     0.250998071E+05
     0.251355283E+05
     0.251534648E+05
     0.252072738E+05
     0.252792593E+05
     0.252567340E+05
     0.252792579E+05
     0.253154337E+05
     0.253335990E+05
     0.253880945E+05
     0.254610001E+05
     0.254381866E+05
     0.254609987E+05
     0.254976384E+05
     0.255160373E+05
     0.255712334E+05
     0.256450779E+05
     0.256219705E+05
     0.256450766E+05
     0.256821897E+05
     0.257008269E+05
     0.257567378E+05
     0.258315404E+05
     0.258081330E+05
     0.258315390E+05
     0.258691353E+05
     0.258880155E+05
     0.259446558E+05
     0.260204356E+05
     0.259967222E+05
     0.260204342E+05
     0.260585233E+05
     0.260776515E+05
     0.261350357E+05
     0.262118124E+05
     0.261877868E+05
     0.262118109E+05
     0.262504027E+05
     0.262697838E+05
     0.263279267E+05
     0.264057199E+05
     0.263813761E+05
     0.264057185E+05
     0.264448228E+05
     0.264644619E+05
     0.265233784E+05
     0.266022083E+05
     0.265775399E+05
     0.266022068E+05
     0.266418339E+05
     0.266617359E+05
     0.267214414E+05
     0.268013280E+05
     0.267763288E+05
     0.268013266E+05
     0.268414866E+05
     0.268616567E+05
     0.269221664E+05
     0.270031305E+05
     0.269777939E+05
     0.270031290E+05
     0.270438324E+05
     0.270642758E+05
     0.271256054E+05
     0.272076676E+05
     0.271819872E+05
     0.272076661E+05
     0.272489233E+05
     0.272696453E+05
     0.273318105E+05
     0.274149921E+05
     0.273889613E+05
     0.274149906E+05
     0.274568123E+05
     0.274778182E+05
     0.275408351E+05
     0.276251574E+05
     0.275987695E+05
     0.276251559E+05
     0.276675530E+05
     0.276888482E+05
     0.277527331E+05
     0.278382178E+05
     0.278114660E+05
     0.278382162E+05
     0.278811997E+05
     0.279027897E+05
     0.279675590E+05
     0.280542282E+05
     0.280271057E+05
     0.280542267E+05
     0.280978075E+05
     0.281196980E+05
     0.281853685E+05
     0.282732446E+05
     0.282457442E+05
     0.282732430E+05
     0.283174327E+05
     0.283396292E+05
     0.284062180E+05
     0.284953236E+05
     0.284674383E+05
     0.284953220E+05
     0.285401319E+05
     0.285626403E+05
     0.286301645E+05
     0.287205229E+05
     0.286922455E+05
     0.287205212E+05
     0.287659631E+05
     0.287887891E+05
     0.288572665E+05
     0.289489009E+05
     0.289202240E+05
     0.289488992E+05
     0.289949849E+05
     0.290181346E+05
     0.290875828E+05
     0.291805172E+05
     0.291514334E+05
     0.291805155E+05
     0.292272570E+05
     0.292507364E+05
     0.293211736E+05
     0.294154321E+05
     0.293859339E+05
     0.294154304E+05
     0.294628401E+05
     0.294866553E+05
     0.295581000E+05
     0.296537074E+05
     0.296237870E+05
     0.296537056E+05
     0.297017959E+05
     0.297259532E+05
     0.297984241E+05
     0.298954053E+05
     0.298650549E+05
     0.298954036E+05
     0.299441872E+05
     0.299686929E+05
     0.300422092E+05
     0.301405897E+05
     0.301098013E+05
     0.301405879E+05
     0.301900778E+05
     0.302149384E+05
     0.302895195E+05
     0.303893253E+05
     0.303580908E+05
     0.303893235E+05
     0.304395328E+05
     0.304647549E+05
     0.305404205E+05
     0.306416781E+05
     0.306099892E+05
     0.306416763E+05
     0.306926183E+05
     0.307182087E+05
     0.307949790E+05
     0.308977153E+05
     0.308655636E+05
     0.308977135E+05
     0.309494019E+05
     0.309753674E+05
     0.310532629E+05
     0.311575054E+05
     0.311248823E+05
     0.311575035E+05
     0.312099523E+05
     0.312362999E+05
     0.313153415E+05
     0.314211180E+05
     0.313880148E+05
     0.314211161E+05
     0.314743395E+05
     0.315010762E+05
     0.315812853E+05
     0.316886245E+05
     0.316550322E+05
     0.316886226E+05
     0.317426349E+05
     0.317697681E+05
     0.318511664E+05
     0.319600973E+05
     0.319260069E+05
     0.319600953E+05
     0.320149115E+05
     0.320424484E+05
     0.321250583E+05
     0.322356105E+05
     0.322010126E+05
     0.322356085E+05
     0.322912434E+05
     0.323191918E+05
     0.324030357E+05
     0.325152395E+05
     0.324801248E+05
     0.325152375E+05
     0.325717067E+05
     0.326000741E+05
     0.326851753E+05
     0.327990617E+05
     0.327634204E+05
     0.327990596E+05
     0.328563787E+05
     0.328851731E+05
     0.329715552E+05
     0.330871557E+05
     0.330509779E+05
     0.330871536E+05
     0.331453386E+05
     0.331745680E+05
     0.332622551E+05
     0.333796020E+05
     0.333428777E+05
     0.333795999E+05
     0.334386672E+05
     0.334683399E+05
     0.335573566E+05
     0.336764829E+05
     0.336392018E+05
     0.336764808E+05
     0.337364472E+05
     0.337665715E+05
     0.338569432E+05
     0.339778825E+05
     0.339400340E+05
     0.339778804E+05
     0.340387631E+05
     0.340693476E+05
     0.341611000E+05
     0.342838869E+05
     0.342454602E+05
     0.342838847E+05
     0.343457013E+05
     0.343767549E+05
     0.344699144E+05
     0.345945841E+05
     0.345555682E+05
     0.345945819E+05
     0.346573502E+05
     0.346888818E+05
     0.347834755E+05
     0.349100642E+05
     0.348704478E+05
     0.349100620E+05
     0.349738004E+05
     0.350058194E+05
     0.351018748E+05
     0.352304195E+05
     0.351901910E+05
     0.352304172E+05
     0.352951447E+05
     0.353276604E+05
     0.354252060E+05
     0.355557446E+05
     0.355148921E+05
     0.355557423E+05
     0.356214781E+05
     0.356545002E+05
     0.357535651E+05
     0.358861364E+05
     0.358446478E+05
     0.358861341E+05
     0.359528980E+05
     0.359864364E+05
     0.360870503E+05
     0.362216943E+05
     0.361795571E+05
     0.362216919E+05
     0.362895042E+05
     0.363235692E+05
     0.364257628E+05
     0.365625201E+05
     0.365197216E+05
     0.365625177E+05
     0.366313994E+05
     0.366660014E+05
     0.367698059E+05
     0.369087187E+05
     0.368652457E+05
     0.369087163E+05
     0.369786886E+05
     0.370138384E+05
     0.371192862E+05
     0.372603974E+05
     0.372162365E+05
     0.372603949E+05
     0.373314800E+05
     0.373671885E+05
     0.374743126E+05
     0.376176667E+05
     0.375728039E+05
     0.376176641E+05
     0.376898845E+05
     0.377261632E+05
     0.378349977E+05
     0.379806399E+05
     0.379350611E+05
     0.379806374E+05
     0.380540163E+05
     0.380908768E+05
     0.382014566E+05
     0.383494339E+05
     0.383031245E+05
     0.383494313E+05
     0.384239927E+05
     0.384614470E+05
     0.385738083E+05
     0.387241688E+05
     0.386771136E+05
     0.387241662E+05
     0.387999347E+05
     0.388379951E+05
     0.389521748E+05
     0.391049682E+05
     0.390571517E+05
     0.391049655E+05
     0.391819665E+05
     0.392206458E+05
     0.393366822E+05
     0.394919594E+05
     0.394433657E+05
     0.394919567E+05
     0.395702164E+05
     0.396095278E+05
     0.397274602E+05
     0.398852740E+05
     0.398358865E+05
     0.398852712E+05
     0.399648165E+05
     0.400047734E+05
     0.401246426E+05
     0.402850472E+05
     0.402348491E+05
     0.402850444E+05
     0.403659031E+05
     0.404065197E+05
     0.405283674E+05
     0.406914190E+05
     0.406403926E+05
     0.406914162E+05
     0.407736171E+05
     0.408149077E+05
     0.409387774E+05
     0.411045338E+05
     0.410526610E+05
     0.411045309E+05
     0.411881039E+05
     0.412300833E+05
     0.413560197E+05
     0.415245409E+05
     0.414718030E+05
     0.415245379E+05
     0.416095137E+05
     0.416521974E+05
     0.417802469E+05
     0.419515947E+05
     0.418979723E+05
     0.419515917E+05
     0.420380020E+05
     0.420814062E+05
     0.422116165E+05
     0.423858551E+05
     0.423313282E+05
     0.423858521E+05
     0.424737300E+05
     0.425178710E+05
     0.426502921E+05
     0.428274879E+05
     0.427720357E+05
     0.428274849E+05
     0.429168645E+05
     0.429617596E+05
     0.430964428E+05
     0.432766648E+05
     0.432202657E+05
     0.432766617E+05
     0.433675787E+05
     0.434132457E+05
     0.435502445E+05
     0.437335641E+05
     0.436761957E+05
     0.437335609E+05
     0.438260521E+05
     0.438725095E+05
     0.440118795E+05
     0.441983711E+05
     0.441400102E+05
     0.441983679E+05
     0.442924716E+05
     0.443397387E+05
     0.444815376E+05
     0.446712785E+05
     0.446119008E+05
     0.446712752E+05
     0.447670314E+05
     0.448151281E+05
     0.449594162E+05
     0.451524868E+05
     0.450920673E+05
     0.451524834E+05
     0.452499337E+05
     0.452988811E+05
     0.454457209E+05
     0.456422050E+05
     0.455807174E+05
     0.456422016E+05
     0.457413894E+05
     0.457912092E+05
     0.459406663E+05
     0.461406514E+05
     0.460780683E+05
     0.461406479E+05
     0.462416186E+05
     0.462923336E+05
     0.464444762E+05
     0.466480537E+05
     0.465843465E+05
     0.466480502E+05
     0.467508512E+05
     0.468024852E+05
     0.469573848E+05
     0.471646505E+05
     0.470997893E+05
     0.471646469E+05
     0.472693279E+05
     0.473219059E+05
     0.474796374E+05
     0.476906913E+05
     0.476246447E+05
     0.476906877E+05
     0.477973008E+05
     0.478508490E+05
     0.480114910E+05
     0.482264383E+05
     0.481591734E+05
     0.482264345E+05
     0.483350347E+05
     0.483895806E+05
     0.485532155E+05
     0.487721666E+05
     0.487036490E+05
     0.487721628E+05
     0.488828076E+05
     0.489383801E+05
     0.491050949E+05
     0.493281661E+05
     0.492583592E+05
     0.493281622E+05
     0.494409124E+05
     0.494975421E+05
     0.496674284E+05
     0.498947422E+05
     0.498236078E+05
     0.498947383E+05
     0.500096581E+05
     0.500673772E+05
     0.502405318E+05
     0.504722177E+05
     0.503997152E+05
     0.504722137E+05
     0.505893711E+05
     0.506482138E+05
     0.508247391E+05
     0.510609343E+05
     0.509870208E+05
     0.510609302E+05
     0.511803973E+05
     0.512403998E+05
     0.514204045E+05
     0.516612543E+05
     0.515858843E+05
     0.516612501E+05
     0.517831036E+05
     0.518443045E+05
     0.520279041E+05
     0.522735633E+05
     0.521966884E+05
     0.522735590E+05
     0.523978807E+05
     0.524603210E+05
     0.526476387E+05
     0.528982722E+05
     0.528198408E+05
     0.528982678E+05
     0.530251450E+05
     0.530888686E+05
     0.532800363E+05
     0.535358203E+05
     0.534557772E+05
     0.535358158E+05
     0.536653422E+05
     0.537303963E+05
     0.539255550E+05
     0.541866788E+05
     0.541049648E+05
     0.541866742E+05
     0.543189505E+05
     0.543853857E+05
     0.545846875E+05
     0.548513544E+05
     0.547679058E+05
     0.548513497E+05
     0.549864848E+05
     0.550543557E+05
     0.552579647E+05
     0.555303943E+05
     0.554451424E+05
     0.555303895E+05
     0.556685013E+05
     0.557378672E+05
     0.559459612E+05
     0.562243916E+05
     0.561372618E+05
     0.562243866E+05
     0.563656034E+05
     0.564365289E+05
     0.566493013E+05
     0.569339917E+05
     0.568449030E+05
     0.569339866E+05
     0.570784487E+05
     0.571510042E+05
     0.573686668E+05
     0.576599005E+05
     0.575687642E+05
     0.576598953E+05
     0.578067911E+05
     0.578805671E+05
     0.581018909E+05
     0.583980172E+05
     0.583053506E+05
     0.583980119E+05
     0.585463510E+05
     0.586208475E+05
     0.588443331E+05
     0.591433383E+05
     0.590497724E+05
     0.591433331E+05
     0.592931147E+05
     0.593683315E+05
     0.595939777E+05
     0.598958602E+05
     0.598013957E+05
     0.598958551E+05
     0.600470799E+05
     0.601230171E+05
     0.603508247E+05
     0.606555852E+05
     0.605602218E+05
     0.606555802E+05
     0.608082483E+05
     0.608849060E+05
     0.611148751E+05
     0.614225138E+05
     0.613262514E+05
     0.614225088E+05
     0.615766201E+05
     0.616539982E+05
     0.618861285E+05
     0.621966447E+05
     0.620994836E+05
     0.621966398E+05
     0.623521939E+05
     0.624302921E+05
     0.626645826E+05
     0.629779751E+05
     0.628799157E+05
     0.629779702E+05
     0.631349662E+05
     0.632137841E+05
     0.634502336E+05
     0.637665003E+05
     0.636675433E+05
     0.637664955E+05
     0.639249324E+05
     0.640044693E+05
     0.642430760E+05
     0.645622143E+05
     0.644623605E+05
     0.645622096E+05
     0.647220859E+05
     0.648023410E+05
     0.650431025E+05
     0.653651093E+05
     0.652643596E+05
     0.653651046E+05
     0.655264185E+05
     0.656073910E+05
     0.658503045E+05
     0.661751758E+05
     0.660735316E+05
     0.661751712E+05
     0.663379207E+05
     0.664196095E+05
     0.666646717E+05
     0.669924029E+05
     0.668898656E+05
     0.669923984E+05
     0.671565812E+05
     0.672389849E+05
     0.674861922E+05
     0.678167782E+05
     0.677133495E+05
     0.678167738E+05
     0.679823871E+05
     0.680655045E+05
     0.683148527E+05
     0.686482878E+05
     0.685439694E+05
     0.686482834E+05
     0.688153243E+05
     0.688991537E+05
     0.691506382E+05
     0.694869160E+05
     0.693817100E+05
     0.694869117E+05
     0.696553770E+05
     0.697399168E+05
     0.699935324E+05
     0.703326461E+05
     0.702265545E+05
     0.703326418E+05
     0.705025278E+05
     0.705877762E+05
     0.708435175E+05
     0.711854594E+05
     0.710784848E+05
     0.711854552E+05
     0.713567582E+05
     0.714427132E+05
     0.717005742E+05
     0.720453364E+05
     0.719374812E+05
     0.720453322E+05
     0.722180480E+05
     0.723047074E+05
     0.725646819E+05
     0.729122555E+05
     0.728035226E+05
     0.729122515E+05
     0.730863757E+05
     0.731737373E+05
     0.734358183E+05
     0.737861943E+05
     0.736765865E+05
     0.737861903E+05
     0.739617183E+05
     0.740497797E+05
     0.743139602E+05
     0.746671287E+05
     0.745566490E+05
     0.746671247E+05
     0.748440515E+05
     0.749328102E+05
     0.751990825E+05
     0.755550332E+05
     0.754436850E+05
     0.755550294E+05
     0.757333498E+05
     0.758228031E+05
     0.760911592E+05
     0.764498813E+05
     0.763376678E+05
     0.764498775E+05
     0.766295860E+05
     0.767197311E+05
     0.769901627E+05
     0.773516447E+05
     0.772385697E+05
     0.773516410E+05
     0.775327320E+05
     0.776235659E+05
     0.778960641E+05
     0.782602943E+05
     0.781463614E+05
     0.782602906E+05
     0.784427580E+05
     0.785342778E+05
     0.788088335E+05
     0.791757993E+05
     0.790610126E+05
     0.791757958E+05
     0.793596333E+05
     0.794518358E+05
     0.797284395E+05
     0.800981280E+05
     0.799824914E+05
     0.800981245E+05
     0.802833258E+05
     0.803762076E+05
     0.806548493E+05
     0.810272472E+05
     0.809107649E+05
     0.810272438E+05
     0.812138021E+05
     0.813073598E+05
     0.815880293E+05
     0.819631227E+05
     0.818457991E+05
     0.819631193E+05
     0.821510276E+05
     0.822452577E+05
     0.825279444E+05
     0.829057188E+05
     0.827875584E+05
     0.829057155E+05
     0.830949667E+05
     0.831898655E+05
     0.834745583E+05
     0.838549990E+05
     0.837360065E+05
     0.838549958E+05
     0.840455824E+05
     0.841411461E+05
     0.844278339E+05
     0.848109255E+05
     0.846911057E+05
     0.848109224E+05
     0.850028367E+05
     0.850990615E+05
     0.853877325E+05
     0.857734593E+05
     0.856528171E+05
     0.857734562E+05
     0.859666905E+05
     0.860635724E+05
     0.863542145E+05
     0.867425604E+05
     0.866211009E+05
     0.867425574E+05
     0.869371036E+05
     0.870346384E+05
     0.873272395E+05
     0.877181878E+05
     0.875959162E+05
     0.877181848E+05
     0.879140346E+05
     0.880122182E+05
     0.883067655E+05
     0.887002992E+05
     0.885772209E+05
     0.887002963E+05
     0.888974412E+05
     0.889962692E+05
     0.892927499E+05
     0.896888516E+05
     0.895649720E+05
     0.896888488E+05
     0.898872801E+05
     0.899867481E+05
     0.902851490E+05
     0.906838008E+05
     0.905591256E+05
     0.906837981E+05
     0.908835069E+05
     0.909836105E+05
     0.912839180E+05
     0.916851017E+05
     0.915596366E+05
     0.916850991E+05
     0.918859649E+05
     0.919866435E+05
     0.922886760E+05
     0.926921482E+05
     0.925659693E+05
     0.926921457E+05
     0.928936267E+05
     0.929946080E+05
     0.932975486E+05
     0.937022161E+05
     0.935756656E+05
     0.937022137E+05
     0.939042905E+05
     0.940055648E+05
     0.943093844E+05
     0.947152086E+05
     0.945882986E+05
     0.947152063E+05
     0.949178611E+05
     0.950194195E+05
     0.953240915E+05
     0.957310368E+05
     0.956037783E+05
     0.957310345E+05
     0.959342489E+05
     0.960360822E+05
     0.963415789E+05
     0.967496082E+05
     0.966220129E+05
     0.967496060E+05
     0.969533608E+05
     0.970554593E+05
     0.973617518E+05
     0.977708269E+05
     0.976429067E+05
     0.977708248E+05
     0.979751001E+05
     0.980774539E+05
     0.983845126E+05
     0.987945936E+05
     0.986663610E+05
     0.987945916E+05
     0.989993669E+05
     0.991019658E+05
     0.994097598E+05
     0.998208058E+05
     0.996922735E+05
     0.998208039E+05
     0.100026058E+06
     0.100128891E+06
     0.100437389E+06
     0.100849358E+06
     0.100720539E+06
     0.100849356E+06
     0.101055067E+06
     0.101158124E+06
     0.101467293E+06
     0.101880141E+06
     0.101751049E+06
     0.101880139E+06
     0.102086285E+06
     0.102189554E+06
     0.102499360E+06
     0.102913042E+06
     0.102783692E+06
     0.102913041E+06
     0.103119598E+06
     0.103223069E+06
     0.103533477E+06
     0.103947948E+06
     0.103818353E+06
     0.103947946E+06
     0.104154892E+06
     0.104258552E+06
     0.104569528E+06
     0.104984740E+06
     0.104854915E+06
     0.104984738E+06
     0.105192048E+06
     0.105295885E+06
     0.105607392E+06
     0.106023297E+06
     0.105893258E+06
     0.106023296E+06
     0.106230945E+06
     0.106334946E+06
     0.106646948E+06
     0.107063496E+06
     0.106933258E+06
     0.107063495E+06
     0.107271458E+06
     0.107375611E+06
     0.107688069E+06
     0.108105210E+06
     0.107974789E+06
     0.108105209E+06
     0.108313460E+06
     0.108417753E+06
     0.108730628E+06
     0.109148310E+06
     0.109017721E+06
     0.109148309E+06
     0.109356822E+06
     0.109461240E+06
     0.109774494E+06
     0.110192664E+06
     0.110061925E+06
     0.110192663E+06
     0.110401410E+06
     0.110505941E+06
     0.110819532E+06
     0.111238137E+06
     0.111107263E+06
     0.111238136E+06
     0.111447090E+06
     0.111551720E+06
     0.111865607E+06
     0.112284591E+06
     0.112153601E+06
     0.112284590E+06
     0.112493723E+06
     0.112598438E+06
     0.112912578E+06
     0.113331885E+06
     0.113200796E+06
     0.113331884E+06
     0.113541168E+06
     0.113645953E+06
     0.113960304E+06
     0.114379877E+06
     0.114248707E+06
     0.114379876E+06
     0.114589281E+06
     0.114694121E+06
     0.115008640E+06
     0.115428420E+06
     0.115297187E+06
     0.115428419E+06
     0.115637916E+06
     0.115742797E+06
     0.116057437E+06
     0.116477365E+06
     0.116346088E+06
     0.116477364E+06
     0.116686922E+06
     0.116791828E+06
     0.117106546E+06
     0.117526560E+06
     0.117395258E+06
     0.117526560E+06
     0.117736147E+06
     0.117841064E+06
     0.118155811E+06
     0.118575851E+06
     0.118444542E+06
     0.118575850E+06
     0.118785436E+06
     0.118890346E+06
     0.119205077E+06
     0.119625078E+06
     0.119493784E+06
     0.119625078E+06
     0.119834629E+06
     0.119939518E+06
     0.120254183E+06
     0.120674082E+06
     0.120542821E+06
     0.120674082E+06
     0.120883566E+06
     0.120988417E+06
     0.121302966E+06
     0.121722697E+06
     0.121591491E+06
     0.121722697E+06
     0.121932081E+06
     0.122036876E+06
     0.122351261E+06
     0.122770756E+06
     0.122639625E+06
     0.122770756E+06
     0.122980005E+06
     0.123084728E+06
     0.123398896E+06
     0.123818088E+06
     0.123687054E+06
     0.123818088E+06
     0.124027167E+06
     0.124131800E+06
     0.124445699E+06
     0.124864517E+06
     0.124733602E+06
     0.124864517E+06
     0.125073391E+06
     0.125177917E+06
     0.125491493E+06
     0.125909866E+06
     0.125779091E+06
     0.125909866E+06
     0.126118497E+06
     0.126222897E+06
     0.126536096E+06
     0.126953951E+06
     0.126823340E+06
     0.126953951E+06
     0.127162303E+06
     0.127266558E+06
     0.127579324E+06
     0.127996586E+06
     0.127866162E+06
     0.127996586E+06
     0.128204620E+06
     0.128308712E+06
     0.128620986E+06
     0.129037580E+06
     0.128907367E+06
     0.129037580E+06
     0.129245256E+06
     0.129349165E+06
     0.129660890E+06
     0.130076736E+06
     0.129946758E+06
     0.130076736E+06
     0.130284014E+06
     0.130387720E+06
     0.130698835E+06
     0.131113853E+06
     0.130984136E+06
     0.131113853E+06
     0.131320693E+06
     0.131424175E+06
     0.131734618E+06
     0.132148726E+06
     0.132019295E+06
     0.132148726E+06
     0.132355085E+06
     0.132458321E+06
     0.132768029E+06
     0.133181143E+06
     0.133052024E+06
     0.133181143E+06
     0.133386976E+06
     0.133489945E+06
     0.133798852E+06
     0.134210884E+06
     0.134082105E+06
     0.134210884E+06
     0.134416147E+06
     0.134518827E+06
     0.134826865E+06
     0.135237725E+06
     0.135109314E+06
     0.135237725E+06
     0.135442372E+06
     0.135544739E+06
     0.135851839E+06
     0.136261435E+06
     0.136133420E+06
     0.136261435E+06
     0.136465416E+06
     0.136567447E+06
     0.136873536E+06
     0.137281773E+06
     0.137154185E+06
     0.137281773E+06
     0.137485040E+06
     0.137586708E+06
     0.137891713E+06
     0.138298490E+06
     0.138171360E+06
     0.138298491E+06
     0.138500991E+06
     0.138602273E+06
     0.138906116E+06
     0.139311331E+06
     0.139184690E+06
     0.139311331E+06
     0.139513011E+06
     0.139613879E+06
     0.139916480E+06
     0.140320025E+06
     0.140193908E+06
     0.140320026E+06
     0.140520830E+06
     0.140621255E+06
     0.140922530E+06
     0.141324296E+06
     0.141198736E+06
     0.141324296E+06
     0.141524166E+06
     0.141624121E+06
     0.141923982E+06
     0.142323851E+06
     0.142198886E+06
     0.142323851E+06
     0.142522726E+06
     0.142622179E+06
     0.142920536E+06
     0.143318387E+06
     0.143194053E+06
     0.143318387E+06
     0.143516202E+06
     0.143615121E+06
     0.143911877E+06
     0.144307582E+06
     0.144183921E+06
     0.144307583E+06
     0.144504271E+06
     0.144602623E+06
     0.144897678E+06
     0.145291103E+06
     0.145168155E+06
     0.145291103E+06
     0.145486593E+06
     0.145584342E+06
     0.145877589E+06
     0.146268592E+06
     0.146146403E+06
     0.146268592E+06
     0.146462808E+06
     0.146559917E+06
     0.146851243E+06
     0.147239675E+06
     0.147118291E+06
     0.147239675E+06
     0.147432537E+06
     0.147528966E+06
     0.147818252E+06
     0.148203952E+06
     0.148083423E+06
     0.148203952E+06
     0.148395375E+06
     0.148491081E+06
     0.148778198E+06
     0.149160998E+06
     0.149041376E+06
     0.149160998E+06
     0.149350890E+06
     0.149445828E+06
     0.149730640E+06
     0.150110356E+06
     0.149991699E+06
     0.150110356E+06
     0.150298620E+06
     0.150392740E+06
     0.150675099E+06
     0.151051536E+06
     0.150933905E+06
     0.151051536E+06
     0.151238064E+06
     0.151331314E+06
     0.151611062E+06
     0.151984008E+06
     0.151867469E+06
     0.151984008E+06
     0.152168685E+06
     0.152261007E+06
     0.152537970E+06
     0.152907196E+06
     0.152791821E+06
     0.152907196E+06
     0.153089896E+06
     0.153181227E+06
     0.153455217E+06
     0.153820471E+06
     0.153706337E+06
     0.153820471E+06
     0.154001055E+06
     0.154091325E+06
     0.154362134E+06
     0.154723140E+06
     0.154610335E+06
     0.154723140E+06
     0.154901455E+06
     0.154990588E+06
     0.155257986E+06
     0.155614437E+06
     0.155503056E+06
     0.155614437E+06
     0.155790310E+06
     0.155878220E+06
     0.156141951E+06
     0.156493505E+06
     0.156383655E+06
     0.156493506E+06
     0.156666744E+06
     0.156753335E+06
     0.157013108E+06
     0.157359381E+06
     0.157251182E+06
     0.157359381E+06
     0.157529763E+06
     0.157614925E+06
     0.157870411E+06
     0.158210964E+06
     0.158104553E+06
     0.158210964E+06
     0.158378237E+06
     0.158461843E+06
     0.158712662E+06
     0.159046988E+06
     0.158942523E+06
     0.159046988E+06
     0.159210855E+06
     0.159292757E+06
     0.159538463E+06
     0.159865971E+06
     0.159763637E+06
     0.159865971E+06
     0.160026078E+06
     0.160106100E+06
     0.160346165E+06
     0.160666148E+06
     0.160566166E+06
     0.160666149E+06
     0.160822066E+06
     0.160899992E+06
     0.161133771E+06
     0.161445374E+06
     0.161348011E+06
     0.161445374E+06
     0.161596563E+06
     0.161672126E+06
     0.161898813E+06
     0.162200961E+06
     0.162106553E+06
     0.162200961E+06
     0.162346724E+06
     0.162419574E+06
     0.162638124E+06
     0.162929424E+06
     0.162838405E+06
     0.162929425E+06
     0.163068808E+06
     0.163138470E+06
     0.163347455E+06
     0.163626006E+06
     0.163538971E+06
     0.163626006E+06
     0.163757609E+06
     0.163823382E+06
     0.164020702E+06
     0.164283706E+06
     0.164201528E+06
     0.164283707E+06
     0.164405196E+06
     0.164465916E+06
     0.164648077E+06
     0.164890879E+06
     0.164815013E+06
     0.164389538E+06
     0.164442436E+06
     0.164601127E+06
     0.164812657E+06
     0.164746561E+06
     0.164812657E+06
     0.164919073E+06
     0.164972261E+06
     0.165131827E+06
     0.165344519E+06
     0.165278060E+06
     0.165344519E+06
     0.165456127E+06
     0.165511909E+06
     0.165679256E+06
     0.165902314E+06
     0.165832617E+06
     0.165902314E+06
     0.166025147E+06
     0.166086536E+06
     0.166270702E+06
     0.166516170E+06
     0.166439472E+06
     0.166516170E+06
     0.166648051E+06
     0.166713959E+06
     0.166911682E+06
     0.167175209E+06
     0.167092870E+06
     0.167175209E+06
     0.167314790E+06
     0.167384542E+06
     0.167593798E+06
     0.167872685E+06
     0.167785548E+06
     0.167872685E+06
     0.168019042E+06
     0.168092177E+06
     0.168311582E+06
     0.168603984E+06
     0.168512626E+06
     0.168603985E+06
     0.168756449E+06
     0.168832632E+06
     0.169061182E+06
     0.169365761E+06
     0.169270599E+06
     0.169365761E+06
     0.169523826E+06
     0.169602805E+06
     0.169839740E+06
     0.170155481E+06
     0.170056834E+06
     0.170155482E+06
     0.170318755E+06
     0.170400332E+06
     0.170645061E+06
     0.170971176E+06
     0.170869289E+06
     0.170971176E+06
     0.171139344E+06
     0.171223362E+06
     0.171475415E+06
     0.171811276E+06
     0.171706346E+06
     0.171811276E+06
     0.171984087E+06
     0.172070420E+06
     0.172329418E+06
     0.172674518E+06
     0.172566703E+06
     0.172674519E+06
     0.172851767E+06
     0.172940312E+06
     0.173205946E+06
     0.173559874E+06
     0.173449303E+06
     0.173559875E+06
     0.173741393E+06
     0.173832066E+06
     0.174104086E+06
     0.174466505E+06
     0.174353283E+06
     0.174466506E+06
     0.174652159E+06
     0.174744892E+06
     0.175023091E+06
     0.175393728E+06
     0.175277940E+06
     0.175393728E+06
     0.175583406E+06
     0.175678145E+06
     0.175962359E+06
     0.176340991E+06
     0.176222708E+06
     0.176340992E+06
     0.176534609E+06
     0.176631309E+06
     0.176921408E+06
     0.177307861E+06
     0.177187137E+06
     0.177307861E+06
     0.177505352E+06
     0.177603981E+06
     0.177899864E+06
     0.178294004E+06
     0.178170882E+06
     0.178294005E+06
     0.178495324E+06
     0.178595857E+06
     0.178897455E+06
     0.179299187E+06
     0.179173695E+06
     0.179299187E+06
     0.179504306E+06
     0.179606730E+06
     0.179914000E+06
     0.180323263E+06
     0.180195421E+06
     0.180323264E+06
     0.180532173E+06
     0.180636481E+06
     0.180949407E+06
     0.181366178E+06
     0.181235994E+06
     0.181366179E+06
     0.181578887E+06
     0.181685084E+06
     0.182003676E+06
     0.182427968E+06
     0.182295438E+06
     0.182427969E+06
     0.182644503E+06
     0.182752603E+06
     0.183076899E+06
     0.183508763E+06
     0.183373871E+06
     0.183508764E+06
     0.183729172E+06
     0.183839197E+06
     0.184169268E+06
     0.184608793E+06
     0.184471512E+06
     0.184608794E+06
     0.184833148E+06
     0.184945131E+06
     0.185281081E+06
     0.185728402E+06
     0.185588690E+06
     0.185728403E+06
     0.185956797E+06
     0.186070787E+06
     0.186412756E+06
     0.186868059E+06
     0.186725858E+06
     0.186868060E+06
     0.187100620E+06
     0.187216678E+06
     0.187564851E+06
     0.188028378E+06
     0.187883613E+06
     0.188028380E+06
     0.188265267E+06
     0.188383472E+06
     0.188738087E+06
     0.189210152E+06
     0.189062725E+06
     0.189210153E+06
     0.189451572E+06
     0.189572024E+06
     0.189933382E+06
     0.190414381E+06
     0.190264169E+06
     0.190414383E+06
     0.190660589E+06
     0.190783417E+06
     0.191151898E+06
     0.191642334E+06
     0.191489180E+06
     0.191642335E+06
     0.191893656E+06
     0.192019019E+06
     0.192395106E+06
     0.192895616E+06
     0.192739323E+06
     0.192895618E+06
     0.193146963E+06
     0.193272327E+06
     0.193648419E+06
     0.194148903E+06
     0.193992622E+06
     0.194148904E+06
     0.194386923E+06
     0.194505646E+06
     0.194861815E+06
     0.195335806E+06
     0.195187795E+06
     0.195335808E+06
     0.195561495E+06
     0.195674073E+06
     0.196011808E+06
     0.196461285E+06
     0.196320926E+06
     0.196461286E+06
     0.196675785E+06
     0.196782788E+06
     0.197103797E+06
     0.197531031E+06
     0.197397616E+06
     0.197531032E+06
     0.197735079E+06
     0.197836873E+06
     0.198142254E+06
     0.198548707E+06
     0.198421780E+06
     0.198548708E+06
     0.198742711E+06
     0.198839499E+06
     0.199129864E+06
     0.199516348E+06
     0.199395654E+06
     0.199516349E+06
     0.199700437E+06
     0.199792284E+06
     0.200067826E+06
     0.200434597E+06
     0.200320057E+06
     0.200434598E+06
     0.200608617E+06
     0.200695447E+06
     0.200955936E+06
     0.201302691E+06
     0.201194399E+06
     0.201302691E+06
     0.201466139E+06
     0.201547701E+06
     0.201792386E+06
     0.202118124E+06
     0.202016393E+06
     0.202118124E+06
     0.202269968E+06
     0.202345747E+06
     0.202573083E+06
     0.202875751E+06
     0.202781223E+06
     0.202875752E+06
     0.203013942E+06
     0.203082917E+06
     0.203289840E+06
     0.203565360E+06
     0.203479307E+06
     0.202994935E+06
     0.203054437E+06
     0.203232943E+06
     0.203470670E+06
     0.203396415E+06
     0.203470670E+06
     0.203590523E+06
     0.203650357E+06
     0.203829859E+06
     0.204068908E+06
     0.203994240E+06
     0.204068908E+06
     0.204191397E+06
     0.204252544E+06
     0.204435985E+06
     0.204680268E+06
     0.204603967E+06
     0.204680268E+06
     0.204813785E+06
     0.204880426E+06
     0.205080347E+06
     0.205346541E+06
     0.205263400E+06
     0.205346541E+06
     0.205488333E+06
     0.205559094E+06
     0.205771377E+06
     0.206053998E+06
     0.205965731E+06
     0.206053998E+06
     0.206202292E+06
     0.206276288E+06
     0.206498278E+06
     0.206793793E+06
     0.206701502E+06
     0.206793793E+06
     0.206947349E+06
     0.207023963E+06
     0.207253804E+06
     0.207559744E+06
     0.207464201E+06
     0.207559745E+06
     0.207717643E+06
     0.207796415E+06
     0.208032732E+06
     0.208347267E+06
     0.208249043E+06
     0.208347268E+06
     0.208508799E+06
     0.208589376E+06
     0.208831106E+06
     0.209152822E+06
     0.209052358E+06
     0.209152823E+06
     0.209317421E+06
     0.209399520E+06
     0.209645818E+06
     0.209973588E+06
     0.209871237E+06
     0.209973589E+06
     0.210140794E+06
     0.210224185E+06
     0.210474361E+06
     0.210807269E+06
     0.210703316E+06
     0.210807270E+06
     0.210976698E+06
     0.211061191E+06
     0.211314672E+06
     0.211651956E+06
     0.211546640E+06
     0.211651957E+06
     0.211823286E+06
     0.211908720E+06
     0.212165023E+06
     0.212506040E+06
     0.212399561E+06
     0.212506041E+06
     0.212678996E+06
     0.212765234E+06
     0.213023947E+06
     0.213368149E+06
     0.213260678E+06
     0.213368150E+06
     0.213542492E+06
     0.213629415E+06
     0.213890183E+06
     0.214237096E+06
     0.214128781E+06
     0.214237097E+06
     0.214412620E+06
     0.214500124E+06
     0.214762636E+06
     0.215111848E+06
     0.215002818E+06
     0.215111849E+06
     0.215288370E+06
     0.215376364E+06
     0.215640349E+06
     0.215991496E+06
     0.215881865E+06
     0.215991497E+06
     0.216168855E+06
     0.216257259E+06
     0.216522474E+06
     0.216875236E+06
     0.216765103E+06
     0.216875237E+06
     0.217053287E+06
     0.217142031E+06
     0.217408260E+06
     0.217762350E+06
     0.217651806E+06
     0.217762351E+06
     0.217940965E+06
     0.218029982E+06
     0.218297034E+06
     0.218652195E+06
     0.218541319E+06
     0.218652196E+06
     0.218831257E+06
     0.218920490E+06
     0.219188189E+06
     0.219544189E+06
     0.219433054E+06
     0.219544190E+06
     0.219723594E+06
     0.219812990E+06
     0.220081178E+06
     0.220437807E+06
     0.220326478E+06
     0.220437808E+06
     0.220617457E+06
     0.220706969E+06
     0.220975503E+06
     0.221332569E+06
     0.221221106E+06
     0.221332570E+06
     0.221512376E+06
     0.221601959E+06
     0.221870707E+06
     0.222228034E+06
     0.222116493E+06
     0.222228035E+06
     0.222407919E+06
     0.222497532E+06
     0.222766373E+06
     0.223123801E+06
     0.223012231E+06
     0.223123802E+06
     0.223303687E+06
     0.223393295E+06
     0.223662116E+06
     0.224019497E+06
     0.223907944E+06
     0.224019498E+06
     0.224199316E+06
     0.224288882E+06
     0.224557582E+06
     0.224914777E+06
     0.224803285E+06
     0.224914778E+06
     0.225094465E+06
     0.225183959E+06
     0.225452440E+06
     0.225809322E+06
     0.225697931E+06
     0.225809323E+06
     0.225988819E+06
     0.226078210E+06
     0.226346384E+06
     0.226702834E+06
     0.226591580E+06
     0.226702835E+06
     0.226882084E+06
     0.226971345E+06
     0.227239128E+06
     0.227595035E+06
     0.227483953E+06
     0.227595035E+06
     0.227773986E+06
     0.227863091E+06
     0.228130404E+06
     0.228485664E+06
     0.228374788E+06
     0.228485665E+06
     0.228664268E+06
     0.228753192E+06
     0.229019963E+06
     0.229374478E+06
     0.229263838E+06
     0.229374479E+06
     0.229552689E+06
     0.229641409E+06
     0.229907569E+06
     0.230261248E+06
     0.230150871E+06
     0.230261249E+06
     0.230439021E+06
     0.230527516E+06
     0.230793000E+06
     0.231145756E+06
     0.231035670E+06
     0.231145757E+06
     0.231323052E+06
     0.231411300E+06
     0.231676047E+06
     0.232027799E+06
     0.231918029E+06
     0.232027800E+06
     0.232204578E+06
     0.232292562E+06
     0.232556513E+06
     0.232907183E+06
     0.232797754E+06
     0.232907184E+06
     0.233083410E+06
     0.233171110E+06
     0.233434211E+06
     0.233783727E+06
     0.233674662E+06
     0.233783728E+06
     0.233959366E+06
     0.234046766E+06
     0.234308966E+06
     0.234657258E+06
     0.234548577E+06
     0.234657259E+06
     0.234832276E+06
     0.234919359E+06
     0.235180608E+06
     0.235527612E+06
     0.235419336E+06
     0.235527613E+06
     0.235701978E+06
     0.235788729E+06
     0.236048980E+06
     0.236394632E+06
     0.236286782E+06
     0.236394633E+06
     0.236568318E+06
     0.236654721E+06
     0.236913930E+06
     0.237258173E+06
     0.237150765E+06
     0.237258174E+06
     0.237431149E+06
     0.237517191E+06
     0.237775316E+06
     0.238118093E+06
     0.238011146E+06
     0.238118094E+06
     0.238290334E+06
     0.238376001E+06
     0.238633002E+06
     0.238974260E+06
     0.238867790E+06
     0.238974261E+06
     0.239145740E+06
     0.239231019E+06
     0.239486859E+06
     0.239826547E+06
     0.239720570E+06
     0.239826548E+06
     0.239997242E+06
     0.240082122E+06
     0.240336764E+06
     0.240674834E+06
     0.240569366E+06
     0.240674835E+06
     0.240844722E+06
     0.240929192E+06
     0.241182602E+06
     0.241519009E+06
     0.241414063E+06
     0.241519010E+06
     0.241688068E+06
     0.241772117E+06
     0.242024263E+06
     0.242358964E+06
     0.242254554E+06
     0.242358965E+06
     0.242527174E+06
     0.242610791E+06
     0.242861644E+06
     0.243194598E+06
     0.243090736E+06
     0.243194599E+06
     0.243361939E+06
     0.243445115E+06
     0.243694645E+06
     0.244025814E+06
     0.243922513E+06
     0.244025815E+06
     0.244192270E+06
     0.244274996E+06
     0.244523176E+06
     0.244852525E+06
     0.244749795E+06
     0.244852526E+06
     0.245018078E+06
     0.245100346E+06
     0.245347151E+06
     0.245674645E+06
     0.245572497E+06
     0.245674646E+06
     0.245839280E+06
     0.245921082E+06
     0.246166489E+06
     0.246492097E+06
     0.246390541E+06
     0.246492098E+06
     0.246655799E+06
     0.246737128E+06
     0.246981115E+06
     0.247304808E+06
     0.247203854E+06
     0.247304809E+06
     0.247467566E+06
     0.247548414E+06
     0.247790962E+06
     0.248112714E+06
     0.248012368E+06
     0.248112714E+06
     0.248274514E+06
     0.248354877E+06
     0.248595967E+06
     0.248915753E+06
     0.248816025E+06
     0.248915754E+06
     0.249076585E+06
     0.249156457E+06
     0.249396074E+06
     0.249713872E+06
     0.249614768E+06
     0.249713873E+06
     0.249873729E+06
     0.249953104E+06
     0.250191234E+06
     0.250507026E+06
     0.250408551E+06
     0.250507027E+06
     0.250665898E+06
     0.250744774E+06
     0.250981404E+06
     0.251295173E+06
     0.251197334E+06
     0.251295174E+06
     0.251453055E+06
     0.251531428E+06
     0.251766549E+06
     0.252078283E+06
     0.251981082E+06
     0.252078284E+06
     0.252235170E+06
     0.252313038E+06
     0.252546643E+06
     0.252856331E+06
     0.252759772E+06
     0.252856332E+06
     0.253012220E+06
     0.253089581E+06
     0.253321666E+06
     0.253629301E+06
     0.253533387E+06
     0.253629302E+06
     0.253784192E+06
     0.253861046E+06
     0.254091608E+06
     0.254397188E+06
     0.254301919E+06
     0.254397189E+06
     0.254551082E+06
     0.254627429E+06
     0.254856470E+06
     0.255159996E+06
     0.255065373E+06
     0.255159997E+06
     0.255312898E+06
     0.255388739E+06
     0.255616264E+06
     0.255917741E+06
     0.255823762E+06
     0.255917742E+06
     0.256069657E+06
     0.256144996E+06
     0.256371014E+06
     0.256670453E+06
     0.256577114E+06
     0.256670454E+06
     0.256821392E+06
     0.256896233E+06
     0.257120758E+06
     0.257418175E+06
     0.257325471E+06
     0.257418176E+06
     0.257568151E+06
     0.257642500E+06
     0.257865549E+06
     0.258160969E+06
     0.258068893E+06
     0.258160969E+06
     0.258309677E+06
     0.258383384E+06
     0.258604508E+06
     0.258897338E+06
     0.258806074E+06
     0.258897339E+06
     0.259044053E+06
     0.259116762E+06
     0.259334892E+06
     0.259623724E+06
     0.259533710E+06
     0.259623725E+06
     0.259768464E+06
     0.259840184E+06
     0.260055347E+06
     0.260340218E+06
     0.260251443E+06
     0.260340219E+06
     0.260483001E+06
     0.260553740E+06
     0.260765962E+06
     0.261046906E+06
     0.260959358E+06
     0.261046907E+06
     0.261187748E+06
     0.261257516E+06
     0.261466821E+06
     0.261743872E+06
     0.261657541E+06
     0.261743873E+06
     0.261882791E+06
     0.261951595E+06
     0.262158009E+06
     0.262431201E+06
     0.262346077E+06
     0.262431202E+06
     0.262568214E+06
     0.262636063E+06
     0.262839613E+06
     0.263108980E+06
     0.263025052E+06
     0.263108981E+06
     0.263244105E+06
     0.263311007E+06
     0.263511719E+06
     0.263777295E+06
     0.263694552E+06
     0.263777296E+06
     0.263910549E+06
     0.263976514E+06
     0.264174414E+06
     0.264436234E+06
     0.264354666E+06
     0.264436235E+06
     0.264567637E+06
     0.264632674E+06
     0.264827788E+06
     0.265085889E+06
     0.265005484E+06
     0.265085890E+06
     0.265215459E+06
     0.265279577E+06
     0.265471935E+06
     0.265726353E+06
     0.265647099E+06
     0.265726354E+06
     0.265854108E+06
     0.265917317E+06
     0.266106947E+06
     0.266357720E+06
     0.266279607E+06
     0.266357721E+06
     0.266483683E+06
     0.266545992E+06
     0.266732924E+06
     0.266980092E+06
     0.266903106E+06
     0.266980093E+06
     0.267104282E+06
     0.267165703E+06
     0.267349968E+06
     0.267593571E+06
     0.267517700E+06
     0.267593572E+06
     0.267716012E+06
     0.267776554E+06
     0.267958185E+06
     0.268198268E+06
     0.268123498E+06
     0.268198268E+06
     0.268318983E+06
     0.268378658E+06
     0.268557690E+06
     0.268794296E+06
     0.268720614E+06
     0.268794297E+06
     0.268913311E+06
     0.268972132E+06
     0.269148601E+06
     0.269381780E+06
     0.269309171E+06
     0.269381781E+06
     0.269499121E+06
     0.269557101E+06
     0.269731048E+06
     0.269960851E+06
     0.269889298E+06
     0.269960851E+06
     0.270076547E+06
     0.270133701E+06
     0.270305167E+06
     0.270531650E+06
     0.270461136E+06
     0.270531650E+06
     0.270645734E+06
     0.270702076E+06
     0.270871109E+06
     0.271094332E+06
     0.271024838E+06
     0.271094333E+06
     0.271206839E+06
     0.271262387E+06
     0.271429038E+06
     0.271649068E+06
     0.271580574E+06
     0.271649068E+06
     0.271760037E+06
     0.271814810E+06
     0.271979135E+06
     0.272196045E+06
     0.272128529E+06
     0.272196046E+06
     0.272305521E+06
     0.272359540E+06
     0.272521604E+06
     0.272735478E+06
     0.272668912E+06
     0.272735478E+06
     0.272843510E+06
     0.272896799E+06
     0.273056674E+06
     0.273267606E+06
     0.273201963E+06
     0.273267606E+06
     0.273374253E+06
     0.273426840E+06
     0.273584610E+06
     0.273792708E+06
     0.273727954E+06
     0.273792708E+06
     0.273898038E+06
     0.273949956E+06
     0.274105719E+06
     0.274311110E+06
     0.274247206E+06
     0.274311110E+06
     0.274415204E+06
     0.274466493E+06
     0.274620366E+06
     0.274823200E+06
     0.274760099E+06
     0.274823201E+06
     0.274926159E+06
     0.274976865E+06
     0.275128991E+06
     0.275329452E+06
     0.275267098E+06
     0.275329453E+06
     0.275431399E+06
     0.275481581E+06
     0.275632138E+06
     0.275830455E+06
     0.275768777E+06
     0.275830455E+06
     0.275929776E+06
     0.275978653E+06
     0.276125294E+06
     0.276318413E+06
     0.276258357E+06
     0.276318413E+06
     0.276412479E+06
     0.276458778E+06
     0.276597684E+06
     0.276780641E+06
     0.276723742E+06
     0.276780642E+06
     0.276870059E+06
     0.276914075E+06
     0.277046133E+06
     0.277220087E+06
     0.277165985E+06
     0.277220087E+06
     0.277305340E+06
     0.277347311E+06
     0.277473230E+06
     0.277639109E+06
     0.277587517E+06
     0.277639109E+06
     0.277720581E+06
     0.277760692E+06
     0.277881033E+06
     0.278039571E+06
     0.277990262E+06
     0.278039572E+06
     0.278117573E+06
     0.278155978E+06
     0.278271197E+06
     0.278422991E+06
     0.278375779E+06
     0.278422991E+06
     0.278497782E+06
     0.278534606E+06
     0.278645083E+06
     0.278790632E+06
     0.278745362E+06
     0.278790632E+06
     0.278862431E+06
     0.278897781E+06
     0.279003839E+06
     0.279143566E+06
     0.279100107E+06
     0.279143566E+06
     0.279212563E+06
     0.279246533E+06
     0.279348450E+06
     0.279482721E+06
     0.279440959E+06
     0.279482721E+06
     0.279549081E+06
     0.279581752E+06
     0.279679772E+06
     0.279808905E+06
     0.279768741E+06
     0.279808905E+06
     0.279872774E+06
     0.279904218E+06
     0.279998556E+06
     0.280122835E+06
     0.280084181E+06
     0.280122835E+06
     0.280184344E+06
     0.280214625E+06
     0.280305473E+06
     0.280425150E+06
     0.280387928E+06
     0.280425150E+06
     0.280484417E+06
     0.280513592E+06
     0.280601123E+06
     0.280716427E+06
     0.280680566E+06
     0.280716428E+06
     0.280773558E+06
     0.280801680E+06
     0.280886052E+06
     0.280997189E+06
     0.280962625E+06
     0.280997189E+06
     0.281052281E+06
     0.281079398E+06
     0.281160754E+06
     0.281267913E+06
     0.281234586E+06
     0.281267913E+06
     0.281321056E+06
     0.281347211E+06
     0.281425683E+06
     0.281529038E+06
     0.281496895E+06
     0.281529038E+06
     0.281580314E+06
     0.281605548E+06
     0.281681258E+06
     0.281780969E+06
     0.281749960E+06
     0.281780969E+06
     0.281830454E+06
     0.281854805E+06
     0.281927865E+06
     0.282024081E+06
     0.281994160E+06
     0.282024081E+06
     0.282071847E+06
     0.282095351E+06
     0.282165866E+06
     0.282258726E+06
     0.282229849E+06
     0.282258726E+06
     0.282304839E+06
     0.282327527E+06
     0.282395597E+06
     0.282485230E+06
     0.282457357E+06
     0.282485230E+06
     0.282529753E+06
     0.282551656E+06
     0.282617373E+06
     0.282703900E+06
     0.282676994E+06
     0.282703900E+06
     0.282746892E+06
     0.282768040E+06
     0.282831490E+06
     0.282915027E+06
     0.282889051E+06
     0.282915027E+06
     0.282956542E+06
     0.282976962E+06
     0.283038227E+06
     0.283118882E+06
     0.283093803E+06
     0.283118882E+06
     0.283158973E+06
     0.283178691E+06
     0.283237849E+06
     0.283315724E+06
     0.283291511E+06
     0.283315724E+06
     0.283354442E+06
     0.283373482E+06
     0.283430606E+06
     0.283505798E+06
     0.283482419E+06
     0.283505798E+06
     0.283543189E+06
     0.283561574E+06
     0.283616735E+06
     0.283689337E+06
     0.283666764E+06
     0.283689337E+06
     0.283725445E+06
     0.283743199E+06
     0.283796463E+06
     0.283866561E+06
     0.283844768E+06
     0.283866561E+06
     0.283901431E+06
     0.283918574E+06
     0.283970004E+06
     0.284037684E+06
     0.284016643E+06
     0.284037684E+06
     0.284071356E+06
     0.284087907E+06
     0.284137566E+06
     0.284202906E+06
     0.284182593E+06
     0.284202906E+06
     0.284235420E+06
     0.284251400E+06
     0.284299343E+06
     0.284362422E+06
     0.284342813E+06
     0.284362422E+06
     0.284393814E+06
     0.284409241E+06
     0.284455526E+06
     0.284516416E+06
     0.284497488E+06
     0.284516416E+06
     0.284546724E+06
     0.284561615E+06
     0.284606295E+06
     0.284665067E+06
     0.284646798E+06
     0.284665067E+06
     0.284694324E+06
     0.284708698E+06
     0.284751823E+06
     0.284808546E+06
     0.284790915E+06
     0.284808546E+06
     0.284836785E+06
     0.284850658E+06
     0.284892278E+06
     0.284947016E+06
     0.284930002E+06
     0.284947016E+06
     0.284974270E+06
     0.284987657E+06
     0.285027820E+06
     0.285080636E+06
     0.285064221E+06
     0.285080636E+06
     0.285106937E+06
     0.285119853E+06
     0.285158605E+06
     0.285209559E+06
     0.285193723E+06
     0.285209559E+06
     0.285234936E+06
     0.285247396E+06
     0.285284781E+06
     0.285333932E+06
     0.285318657E+06
     0.285333932E+06
     0.285358413E+06
     0.285370432E+06
     0.285406492E+06
     0.285453897E+06
     0.285439166E+06
     0.285453897E+06
     0.285477510E+06
     0.285489102E+06
     0.285523879E+06
     0.285569592E+06
     0.285555386E+06
     0.285569592E+06
     0.285592364E+06
     0.285603541E+06
     0.285637074E+06
     0.285681148E+06
     0.285667453E+06
     0.285681148E+06
     0.285703105E+06
     0.285713881E+06
     0.285746210E+06
     0.285788694E+06
     0.285775494E+06
     0.285788695E+06
     0.285809862E+06
     0.285820249E+06
     0.285851410E+06
     0.285892356E+06
     0.285879634E+06
     0.285892356E+06
     0.285912758E+06
     0.285922768E+06
     0.285952798E+06
     0.285992252E+06
     0.285979994E+06
     0.285992252E+06
     0.286011913E+06
     0.286021557E+06
     0.286050491E+06
     0.286088500E+06
     0.286076692E+06
     0.286088500E+06
     0.286107443E+06
     0.286116732E+06
     0.286144604E+06
     0.286181213E+06
     0.286169840E+06
     0.286181213E+06
     0.286199459E+06
     0.286208405E+06
     0.286235248E+06
     0.286270500E+06
     0.286259549E+06
     0.286270500E+06
     0.286288071E+06
     0.286296685E+06
     0.286322530E+06
     0.286356468E+06
     0.286345926E+06
     0.286356468E+06
     0.286373385E+06
     0.286381677E+06
     0.286406556E+06
     0.286439221E+06
     0.286429075E+06
     0.286439221E+06
     0.286455504E+06
     0.286463484E+06
     0.286487426E+06
     0.286518857E+06
     0.286509095E+06
     0.286518857E+06
     0.286534527E+06
     0.286542204E+06
     0.286565240E+06
     0.286595476E+06
     0.286586085E+06
     0.286595476E+06
     0.286610550E+06
     0.286617935E+06
     0.286640092E+06
     0.286669171E+06
     0.286660140E+06
     0.286669171E+06
     0.286683669E+06
     0.286690771E+06
     0.286712077E+06
     0.286740035E+06
     0.286731352E+06
     0.286740035E+06
     0.286753975E+06
     0.286760801E+06
     0.286781283E+06
     0.286808156E+06
     0.286799812E+06
     0.286808156E+06
     0.286821556E+06
     0.286828116E+06
     0.286847801E+06
     0.286873622E+06
     0.286865605E+06
     0.286873622E+06
     0.286886499E+06
     0.286892802E+06
     0.286911713E+06
     0.286936518E+06
     0.286928817E+06
     0.286936518E+06
     0.286948888E+06
     0.286954942E+06
     0.286973105E+06
     0.286996925E+06
     0.286989530E+06
     0.286996925E+06
     0.287008804E+06
     0.287014617E+06
     0.287032057E+06
     0.287054924E+06
     0.287047825E+06
     0.287054924E+06
     0.287066328E+06
     0.287071907E+06
     0.287088647E+06
     0.287110591E+06
     0.287103779E+06
     0.287110591E+06
     0.287121537E+06
     0.287126890E+06
     0.287142951E+06
     0.287164004E+06
     0.287157469E+06
     0.287164004E+06
     0.287174505E+06
     0.287179639E+06
     0.287195045E+06
     0.287215235E+06
     0.287208969E+06
     0.287215235E+06
     0.287225306E+06
     0.287230229E+06
     0.287245001E+06
     0.287264356E+06
     0.287258349E+06
     0.287264356E+06
     0.287274012E+06
     0.287278730E+06
     0.287292889E+06
     0.287311438E+06
     0.287305681E+06
     0.287311438E+06
     0.287320691E+06
     0.287325212E+06
     0.287338778E+06
     0.287356546E+06
     0.287351033E+06
     0.287356546E+06
     0.287365411E+06
     0.287369741E+06
     0.287382734E+06
     0.287399749E+06
     0.287394469E+06
     0.287399749E+06
     0.287408238E+06
     0.287412383E+06
     0.287424823E+06
     0.287441109E+06
     0.287436056E+06
     0.287441109E+06
     0.287449235E+06
     0.287453203E+06
     0.287465107E+06
     0.287480690E+06
     0.287475856E+06
     0.287480690E+06
     0.287488465E+06
     0.287492261E+06
     0.287503648E+06
     0.287518553E+06
     0.287513929E+06
     0.287518553E+06
     0.287525989E+06
     0.287529618E+06
     0.287540507E+06
     0.287554755E+06
     0.287550335E+06
     0.287554755E+06
     0.287561865E+06
     0.287565333E+06
     0.287575741E+06
     0.287589356E+06
     0.287585133E+06
     0.287589356E+06
     0.287596150E+06
     0.287599464E+06
     0.287609407E+06
     0.287622411E+06
     0.287618378E+06
     0.287622411E+06
     0.287628901E+06
     0.287632065E+06
     0.287641559E+06
     0.287653975E+06
     0.287650125E+06
     0.287653975E+06
     0.287660171E+06
     0.287663191E+06
     0.287672253E+06
     0.287684101E+06
     0.287680427E+06
     0.287684101E+06
     0.287690013E+06
     0.287692895E+06
     0.287701540E+06
     0.287712840E+06
     0.287709336E+06
     0.287712840E+06
     0.287718479E+06
     0.287721227E+06
     0.287729470E+06
     0.287740243E+06
     0.287736903E+06
     0.287740243E+06
     0.287745619E+06
     0.287748237E+06
     0.287756094E+06
     0.287766358E+06
     0.287763176E+06
     0.287766358E+06
     0.287771481E+06
     0.287773975E+06
     0.287781458E+06
     0.287791233E+06
     0.287788203E+06
     0.287791233E+06
     0.287796112E+06
     0.287798486E+06
     0.287805611E+06
     0.287814915E+06
     0.287812031E+06
     0.287814915E+06
     0.287819558E+06
     0.287821817E+06
     0.287828597E+06
     0.287837447E+06
     0.287834704E+06
     0.287837447E+06
     0.287841864E+06
     0.287844013E+06
     0.287850460E+06
     0.287858874E+06
     0.287856267E+06
     0.287858874E+06
     0.287863074E+06
     0.287865116E+06
     0.287871243E+06
     0.287879238E+06
     0.287876761E+06
     0.287879238E+06
     0.287883229E+06
     0.287885169E+06
     0.287890989E+06
     0.287898581E+06
     0.287896228E+06
     0.287898581E+06
     0.287902370E+06
     0.287904212E+06
     0.287909736E+06
     0.287916941E+06
     0.287914709E+06
     0.287916941E+06
     0.287920538E+06
     0.287922285E+06
     0.287927526E+06
     0.287934359E+06
     0.287932243E+06
     0.287934359E+06
     0.287937770E+06
     0.287939426E+06
     0.287944395E+06
     0.287950872E+06
     0.287948866E+06
     0.287950872E+06
     0.287954105E+06
     0.287955674E+06
     0.287960382E+06
     0.287966516E+06
     0.287964617E+06
     0.287966516E+06
     0.287969579E+06
     0.287971064E+06
     0.287975522E+06
     0.287981328E+06
     0.287979530E+06
     0.287981328E+06
     0.287984226E+06
     0.287985632E+06
     0.287989849E+06
     0.287995341E+06
     0.287993640E+06
     0.287995341E+06
     0.287998082E+06
     0.287999411E+06
     0.288003398E+06
     0.288008589E+06
     0.288006982E+06
     0.288008589E+06
     0.288011180E+06
     0.288012435E+06
     0.288016202E+06
     0.288021104E+06
     0.288019587E+06
     0.288021104E+06
     0.288023551E+06
     0.288024736E+06
     0.288028293E+06
     0.288032919E+06
     0.288031487E+06
     0.288032918E+06
     0.288035228E+06
     0.288036346E+06
     0.288039700E+06
     0.288044062E+06
     0.288042713E+06
     0.288044062E+06
     0.288046240E+06
     0.288047294E+06
     0.288050456E+06
     0.288054565E+06
     0.288053294E+06
     0.288054565E+06
     0.288056617E+06
     0.288057609E+06
     0.288060587E+06
     0.288064456E+06
     0.288063259E+06
     0.288064456E+06
     0.288066388E+06
     0.288067321E+06
     0.288070123E+06
     0.288073762E+06
     0.288072636E+06
     0.288073762E+06
     0.288075579E+06
     0.288076456E+06
     0.288079090E+06
     0.288082509E+06
     0.288081452E+06
     0.288082509E+06
     0.288084217E+06
     0.288085041E+06
     0.288087515E+06
     0.288090725E+06
     0.288089733E+06
     0.288090725E+06
     0.288092328E+06
     0.288093102E+06
     0.288095423E+06
     0.288098434E+06
     0.288097503E+06
     0.288098434E+06
     0.288099938E+06
     0.288100663E+06
     0.288102839E+06
     0.288105660E+06
     0.288104788E+06
     0.288105660E+06
     0.288107069E+06
     0.288107748E+06
     0.288109786E+06
     0.288112427E+06
     0.288111611E+06
     0.288112427E+06
     0.288113746E+06
     0.288114381E+06
     0.288116288E+06
     0.288118757E+06
     0.288117994E+06
     0.288118757E+06
     0.288119991E+06
     0.288120584E+06
     0.288122366E+06
     0.288124673E+06
     0.288123960E+06
     0.288124673E+06
     0.288125825E+06
     0.288126379E+06
     0.288128042E+06
     0.288130194E+06
     0.288129529E+06
     0.288130194E+06
     0.288131269E+06
     0.288131786E+06
     0.288133336E+06
     0.288135342E+06
     0.288134723E+06
     0.288135342E+06
     0.288136344E+06
     0.288136825E+06
     0.288138269E+06
     0.288140136E+06
     0.288139560E+06
     0.288140136E+06
     0.288141068E+06
     0.288141516E+06
     0.288142859E+06
     0.288144595E+06
     0.288144059E+06
     0.288144595E+06
     0.288145462E+06
     0.288145877E+06
     0.288147125E+06
     0.288148737E+06
     0.288148239E+06
     0.288148737E+06
     0.288149541E+06
     0.288149927E+06
     0.288151085E+06
     0.288152579E+06
     0.288152118E+06
     0.288152579E+06
     0.288153325E+06
     0.288153682E+06
     0.288154755E+06
     0.288156138E+06
     0.288155712E+06
     0.288156138E+06
     0.288156829E+06
     0.288157160E+06
     0.288158152E+06
     0.288159431E+06
     0.288159037E+06
     0.288159431E+06
     0.288160070E+06
     0.288160375E+06
     0.288161292E+06
     0.288162472E+06
     0.288162108E+06
     0.288162472E+06
     0.288163062E+06
     0.288163344E+06
     0.288164189E+06
     0.288165277E+06
     0.288164942E+06
     0.288165277E+06
     0.288165821E+06
     0.288166080E+06
     0.288166859E+06
     0.288167860E+06
     0.288167552E+06
     0.288167860E+06
     0.288168361E+06
     0.288168599E+06
     0.288169315E+06
     0.288170235E+06
     0.288169951E+06
     0.288170235E+06
     0.288170694E+06
     0.288170913E+06
     0.288171570E+06
     0.288172414E+06
     0.288172154E+06
     0.288172414E+06
     0.288172835E+06
     0.288173035E+06
     0.288173637E+06
     0.288174409E+06
     0.288174172E+06
     0.288174409E+06
     0.288174795E+06
     0.288174978E+06
     0.288175529E+06
     0.288176234E+06
     0.288176017E+06
     0.288176234E+06
     0.288176587E+06
     0.288176754E+06
     0.288177256E+06
     0.288177899E+06
     0.288177701E+06
     0.288177899E+06
     0.288178220E+06
     0.288178373E+06
     0.288178830E+06
     0.288179415E+06
     0.288179235E+06
     0.288179415E+06
     0.288179708E+06
     0.288179846E+06
     0.288180261E+06
     0.288180793E+06
     0.288180629E+06
     0.288180793E+06
     0.288181058E+06
     0.288181184E+06
     0.288181560E+06
     0.288182042E+06
     0.288181894E+06
     0.288182041E+06
     0.288182282E+06
     0.288182395E+06
     0.288182736E+06
     0.288183171E+06
     0.288183037E+06
     0.288183171E+06
     0.288183388E+06
     0.288183490E+06
     0.288183798E+06
     0.288184190E+06
     0.288184069E+06
     0.288184190E+06
     0.288184385E+06
     0.288184478E+06
     0.288184754E+06
     0.288185106E+06
     0.288184998E+06
     0.288185106E+06
     0.288185282E+06
     0.288185365E+06
     0.288185613E+06
     0.288185929E+06
     0.288185832E+06
     0.288185929E+06
     0.288186087E+06
     0.288186161E+06
     0.288186383E+06
     0.288186665E+06
     0.288186578E+06
     0.288186665E+06
     0.288186806E+06
     0.288186872E+06
     0.288187070E+06
     0.288187321E+06
     0.288187244E+06
     0.288187321E+06
     0.288187447E+06
     0.288187505E+06
     0.288187682E+06
     0.288187905E+06
     0.288187837E+06
     0.288187905E+06
     0.288188016E+06
     0.288188068E+06
     0.288188224E+06
     0.288188422E+06
     0.288188361E+06
     0.288188422E+06
     0.288188521E+06
     0.288188566E+06
     0.288188704E+06
     0.288188878E+06
     0.288188825E+06
     0.288188878E+06
     0.288188965E+06
     0.288189006E+06
     0.288189127E+06
     0.288189280E+06
     0.288189233E+06
     0.288189280E+06
     0.288189356E+06
     0.288189391E+06
     0.288189498E+06
     0.288189631E+06
     0.288189590E+06
     0.288189631E+06
     0.288189698E+06
     0.288189729E+06
     0.288189821E+06
     0.288189938E+06
     0.288189902E+06
     0.288189938E+06
     0.288189996E+06
     0.288190023E+06
     0.288190103E+06
     0.288190204E+06
     0.288190173E+06
     0.288190204E+06
     0.288190254E+06
     0.288190277E+06
     0.288190347E+06
     0.288190433E+06
     0.288190407E+06
     0.288190433E+06
     0.288190477E+06
     0.288190497E+06
     0.288190556E+06
     0.288190631E+06
     0.288190608E+06
     0.288190631E+06
     0.288190668E+06
     0.288190685E+06
     0.288190736E+06
     0.288190799E+06
     0.288190780E+06
     0.288190799E+06
     0.288190831E+06
     0.288190845E+06
     0.288190889E+06
     0.288190942E+06
     0.288190926E+06
     0.288190942E+06
     0.288190969E+06
     0.288190981E+06
     0.288191018E+06
     0.288191063E+06
     0.288191049E+06
     0.288191063E+06
     0.288191085E+06
     0.288191095E+06
     0.288191126E+06
     0.288191164E+06
     0.288191152E+06
     0.288191164E+06
     0.288191182E+06
     0.288191191E+06
     0.288191216E+06
     0.288191247E+06
     0.288191238E+06
     0.288191247E+06
     0.288191263E+06
     0.288191270E+06
     0.288191291E+06
     0.288191316E+06
     0.288191309E+06
     0.288191316E+06
     0.288191329E+06
     0.288191335E+06
     0.288191352E+06
     0.288191373E+06
     0.288191366E+06
     0.288191373E+06
     0.288191383E+06
     0.288191388E+06
     0.288191401E+06
     0.288191418E+06
     0.288191413E+06
     0.288191418E+06
     0.288191426E+06
     0.288191430E+06
     0.288191441E+06
     0.288191454E+06
     0.288191450E+06
     0.288191454E+06
     0.288191461E+06
     0.288191464E+06
     0.288191472E+06
     0.288191483E+06
     0.288191480E+06
     0.288191483E+06
     0.288191488E+06
     0.288191490E+06
     0.288191497E+06
     0.288191505E+06
     0.288191502E+06
     0.288191505E+06
     0.288191509E+06
     0.288191511E+06
     0.288191516E+06
     0.288191522E+06
     0.288191520E+06
     0.288191522E+06
     0.288191525E+06
     0.288191526E+06
     0.288191530E+06
     0.288191534E+06
     0.288191533E+06
     0.288191534E+06
     0.288191537E+06
     0.288191538E+06
     0.288191540E+06
     0.288191544E+06
     0.288191543E+06
     0.288191544E+06
     0.288191545E+06
     0.288191546E+06
     0.288191548E+06
     0.288191550E+06
     0.288191550E+06
     0.288191550E+06
     0.288191552E+06
     0.288191552E+06
     0.288191554E+06
     0.288191555E+06
     0.288191555E+06
     0.288191555E+06
     0.288191556E+06
     0.288191556E+06
     0.288191557E+06
     0.288191558E+06
     0.288191558E+06
     0.288191558E+06
     0.288191559E+06
     0.288191559E+06
     0.288191560E+06
     0.288191560E+06
     0.288191560E+06
     0.288191560E+06
     0.288191561E+06
     0.288191561E+06
     0.288191561E+06
     0.288191562E+06
     0.288191562E+06
     0.288191562E+06
     0.288191562E+06
     0.288191562E+06
     0.288191562E+06
     0.288191562E+06
     0.288191562E+06
     0.288191562E+06
     0.288191563E+06
     0.288191563E+06
     0.288191563E+06
     0.288191563E+06
     0.288191563E+06
     0.288191563E+06
     0.288191563E+06
     0.288191563E+06
     0.288191563E+06
     0.288191563E+06
     0.288191563E+06
     0.288191563E+06
     0.288191563E+06
     0.288191563E+06
     0.288191563E+06
     0.288191563E+06
     0.288191563E+06
     0.288191563E+06
     0.288191563E+06
     0.288191563E+06
     0.288191563E+06
     0.288191563E+06
     0.288191563E+06
     0.288191563E+06
     0.288191563E+06
     0.288191563E+06
     0.288191563E+06
     0.288191563E+06
     0.288191563E+06
     0.288191563E+06
     0.288191563E+06
     0.288191563E+06
     0.288191563E+06
     0.288191563E+06
     0.288191563E+06
     0.288191563E+06
     0.288191563E+06
     0.288191563E+06
     0.288191563E+06
     0.288191563E+06
     0.288191563E+06
     0.288191563E+06
     0.288191563E+06
     0.288191563E+06
     0.288191563E+06
     0.288191563E+06
     0.288191563E+06
     0.288191563E+06
     0.288191563E+06
     0.288191563E+06
     0.288191563E+06
     0.288191563E+06
     0.288191563E+06
     0.288191563E+06
     0.288191563E+06
     0.288191563E+06
     0.288191563E+06
     0.288191563E+06
     0.288191563E+06
