4.565269489582309582399327591846574	4.5078549700872121321562901623263708	4.4513408124040583194092641105779141	4.3956675769153359377712617553098426	4.3407800591255384241642780738938313	4.2866268724117537401260534999910743	4.2331600649206390698015594056711916	4.1803347672409553773403939525362864	4.1281088677550893156507980175879372	4.076442712808775278919160360043993	4.0252988290415401472263698902595176	3.9746416653951022731019686244057175	3.9244373524660420351431153635570845	3.8746534769944745672186138900981477	3.825258869382436875052034586024878	3.7762234022146896256930381935417818	3.7275177978097183432957147869340408	3.6791134428585201723099824108801039	3.6309822082106353354608434398022869	3.5830962718387478034599994500427204	3.5354279429494150382244144077969167	3.4879494851043423873894731821693885	3.4406329360655867914000644184976755	3.3934499218713386060407100314685902	3.3463714623734020538203581449552184	3.2993677651096765812853163057456785	3.2524080039229832982968535315803454	3.2054600781469541226556611841359592	3.1584903474254739061844661207467217	3.1114633362692820229193688985710603	3.0643414012205809097946389794306109	3.0170843519132496694124866561288866	2.9696490152711901629129461816290016	2.9219887294294395366183534700465516	2.8740527504820379686870888759069319	2.8257855505648821731807560928068603	2.7771259796563051644091223719234125	2.728006255229347196170345310394508	2.6783507326577258909625061961686633	2.6280743937907308422804083469354793	2.5770809694777888951762603590497681	2.5252605811456260469815827990764615	2.4724867423339899034519522466587138	2.4186124962784885515137452421222755	2.3634653686995143998762843958725778	2.3068406668082346423030420384688699	2.2484924235184637667447354284843587	2.1881209123036099667241822848467001	2.1253550374051154437915204240049886	2.0597268342533372606742148008201798	1.9906333899315576971544658729812871	1.9172778471177560650221171854776242	1.8385738021502327552368370124792203	1.7529813881829775288854335828641424	1.6582048589293705892895305552401503	1.5505767393817222212282205412317961	1.4236163208224236577857923938874848	1.263861431851034116411367223920537	1.0332256652527541760478189746354277	0.28374934034684442488652815042039808	7.2379494594009762337915930058270926	12.808865617246987382096425760105433	17.980229873194311811423609553582701	22.957277217286153972594075147555696	27.829273156217545210550130457543108	32.649465823767208608973330862476576	37.457288827480165070915373004538539	42.2861746005373625203701279158376	47.165048636956257498388214510929265	52.115888191530059515339731318492547
4.5651628957779939507262681354545348	4.5077419192944711227619029923350595	4.4512212465188715437749985294950187	4.3955414484630279610252936835616623	4.3406473302263485469109148557586576	4.2864875137159461810947402050423174	4.2330140545212039723224074980804133	4.1801820895701743548808066563751398	4.1279495124693968056054704135547508	4.0762766736650007115122734805163208	4.0251261027660676835708681748084528	3.9744622505460119952344923827654887	3.9242512482870912345723807908546289	3.8744606822582656054438600497122339	3.8250593812189668769943711160860154	3.7760172149198560229709694407374454	3.7273049016272530948205137442690375	3.6788938227269518256242216815940876	3.6307558424653601425014156043674668	3.5828631308573189571284440166903301	3.5351879877259612724026795194521566	3.4877026657364683665650443387419601	3.4403791901340839147675577361422536	3.393189172689319530016075476125882	3.34610361707731160188147362328159	3.2990927125589886529282148427784155	3.2521256123689847525985596446729106	3.2051701926229055849966180435940442	3.15819278680002785418568494350277	3.1111578898925109959747455323504738	3.0640278250753047248447780741843014	3.0167623641640799222012509605137256	2.9693182910764982251677429266083575	2.9216488948469795646254585132250188	2.8737033752532386878768414624225727	2.8254261395027845628526044119839564	2.7767559622811758121320121386453546	2.7276249731875420862828246958122092	2.6779574243097144194294433368487059	2.627668175148265868799195809140149	2.576660810379273115623547586066686	2.5248252751445262730939410722212688	2.4720348681734856341968684572836989	2.4181423679356754466923583464840517	2.362974969639993482286023371631465	2.3063275620179279394870179662811071	2.2479536395943871739469935309925539	2.1875527705242344065346773597888254	2.1247529156581911552566742053965495	2.0590848178290441633467540050767846	1.9899437420348591080569372171608086	1.9165301733044860336207986167856391	1.8377536650865819128669291000730548	1.752067862451428469448994352945773	1.6571658436428984870287652837138636	1.5493589011737104563979701363088026	1.4221197377105860719464743256037111	1.2618573131166572253084158623667904	1.029921366340497850476849658427606	0.19245055310365895110879671615440045	7.3045478721172802414500376781355918	12.869070076730925869284543062933286	18.037799571026799469439460440817417	23.013559789413104784827275180716443	27.884981856107276783434780766495038	32.70508521661012430785377589952689	37.513213439443911380982348851377093	42.342752216878102822717686456406985	47.222568712853720136145022424330253	52.174535108476758633339498503288051
4.5649851028829645171282975443781139	4.5075533607954853824961005622190113	4.4510218256665802310785387364761675	4.3953310862114280836920578052442647	4.3404259635076629782849146812182159	4.286255093665054237282795671824551	4.2327705446627278821139188882450429	4.1799274639786062820341735691360388	4.1276837539098189642688882876040461	4.075999771719416968582325152614988	4.0248380519478284761640343178419106	3.9741630484025819418468268274809928	3.9239408934889905381688254809717373	3.8741391726699748593689811411142057	3.8247267119451916992865289709296565	3.7756733763184112469815429272426973	3.726949877277251745076339712393669	3.6785275873385126768124890746824605	3.6303783597142347843114671844095181	3.5824743511245344835795861408609211	3.5347878457188449772362152549017556	3.4872910779634535965069239345634978	3.4399560522001703318324320828097279	3.3927543563733523229968010331224695	3.3456569671447620019420462661384232	3.2986340432549908334009338744723658	3.2516547035254364443610827772997132	3.2046867852995442956706595868250155	3.1576965783628335844849939526484621	3.11064852841067692633394213370499	3.0635049028915020281316986001592584	3.0162254104573149890453515922812266	2.9687667631926583708473538078840353	2.9210821681135695616681229327713489	2.8731207309189065417584332997148194	2.8248267503409842763266587798819672	2.7761388752627181943955827860730057	2.7269890884440808610915360530675374	2.6773014693606346264773159079673397	2.6269906730173980576384871211537897	2.5759600397410139796262490513658182	2.5240992199444982655346760539819931	2.4712811531596905234773890697576024	2.4173581750445739847729084694604783	2.3621569279286713537223366094231646	2.3054716003537868133199350445950477	2.2470547857973427649391475747733892	2.1866048716525805282651988192965872	2.1237482389294705179145683067851512	2.058013464983142660749616942307428	1.9887927608761901080330222508113672	1.9152821547403898594130924189733305	1.8363844153111541548737375443307534	1.7505422895670967607732989050169225	1.6554300611641060244962519095730315	1.5473232520464924572790287101282475	1.4196158679733190154999866081580295	1.2584981911520215512346102086615185	1.0243528795335923313329837197186849	0.27195388151312247084697275328182252	7.4153103792059111986150752104433387	12.969345959635936244257363403363505	18.133731723462577596996077112621462	23.107368783218090344210463729588231	27.977848052196549162685609333593868	32.79781313123155739650990688099528	37.606459426930431565757387164431417	42.437094958713676690770924582099298	47.31848875667337218744946066399888	52.272336328873063116353540690889302
4.5647359058614658500553065625716602	4.5072890836155241034760724461945153	4.4507423330693072316405524448879736	4.3950362676967333092718832877205897	4.3401157309171848545629624849687385	4.2859293786945536567826080870337796	4.2324292963223892120745936035043008	4.1795706460156347903826815440226152	4.127311342203940454539307496956254	4.0756117516581143294020583906070802	4.0244344157848833907830206670091153	3.9737437926000595586655926810708607	3.9235060160397589380104738991298991	3.8736886703947042620546539691063095	3.8242605777545130432388840126977862	3.7751915964279608439554375495268938	3.7264524283596616878795314697689607	3.6780144335931244094304148558828982	3.6298494498309613651636220562933107	3.5819296151139107329953179459152861	3.5342271915754576539531136020286308	3.4867143881232712468365581867444453	3.4393631797458381751990005743116253	3.3921451209325079171521446818375907	3.3450311504163452471455443950652505	3.2979913840858964780518036702660536	3.2509948924442521796387717457963466	3.2040094583951484935063142064164172	3.1570013103712905042145769901547646	3.1099348248439409023742941670800887	3.0627721910029898113185821015352228	3.0154730287905027809772131694693507	2.9679939493957372418112080907286036	2.9202880446212329247662204367157953	2.8723042879950370420349317711721737	2.8239868258336131042977172867966312	2.7752741302324325510646690219449425	2.7260979775697715167193843365704196	2.6763822046743829948631784503720338	2.626041179031630991709596405344842	2.574977897344504946356215654498669	2.5230815954624868541822672916422306	2.4702247075487388190651027722816196	2.4162589460838080865358457689871804	2.3610101750843890306478170458337512	2.3042715970711133735543815569928002	2.2457945361642892825544246592983274	2.1852757156274312576058936594229194	2.1223392887754477182480922911952755	2.0565107776886554431935823716186701	1.9871780816300240307930408352476281	1.9135309307908685019149706670887457	1.8344624964410951056172002133472596	1.7484000882948394370393038329567242	1.6529913179024414819845002538542387	1.5444608097737629539358106781615457	1.4160901422187888453235047265008533	1.2537550223594605866508229078971235	1.0164239448130586958315775604521449	0.59297517511308132922151196057360082	7.5698986444223937006949762350093796	13.109598774678441033978295993940595	18.268001459538020935596730675542217	23.238711913815326595992964010095517	28.107899773942090306362370149781201	32.927693388823793947491009086501089	37.737084652855410566145556533537084	42.569273269761642534201162701946449	47.452888918304106809983072369265846	52.409376494876669796175741131986573
4.5644150172548310437326415236733628	4.5069487919732637944818340551147083	4.4503824648125107209942880629791963	4.3946566810347393393404759156115366	4.3397163127366279610878248761698923	4.2855100413579527627157169920150175	4.2319899744000788402402253829309163	4.179111292969246201493103259754016	4.1268319270350886581229386341636309	4.0751122555309652983113690746644169	4.0239148286270754665827983475670731	3.9732041096821272330277451663230446	3.9229462345291989855322300330398076	3.8731087858766550174202258932265532	3.8236605807072844231449744922622847	3.7745714686371536959535453968784578	3.7258121392506609222755686754890424	3.677353936456638902308444947259136	3.6291686779114816804958837096467643	3.5812284775250375678321791555295922	3.5335055689991636313542439498048854	3.4859721282427306258299758616087447	3.4386000923518961023404326531171606	3.391360972633146798143677693649567	3.3442256588648370203383502189323813	3.2971642116272812585670040290670272	3.2501456390596123062095808134505034	3.2031376537982863388166668360990646	3.1561064050813125678314021664209528	3.1090161800182164461117399626141806	3.0618290667650928441213704326444098	3.0145045707245782940968493598374825	2.9669991727966835825719399988337098	2.9192658159841302610801407617685884	2.8712533030875966837348644445769877	2.8229055835110599390765105315363679	2.7741609009073861889886380109225292	2.7249507649155088889872355180802486	2.6751986986823483767748660270169566	2.6248186979099660107718460489225857	2.5737133148508766629525251427189713	2.5217712489893251281471321895273076	2.468864280424316450572513471347311	2.4148433148079518188548797277170403	2.3595332080677743686534066368392178	2.3027258850289493053922946150305983	2.2441710241273425102314766917414977	2.1835631898749859897443491676879534	2.120523643826149719341447804573152	2.054573938912656635571483804222078	1.9850963676556652966645592570168728	1.9112724615841584910989841660880015	1.8319828802415182849230485972725093	1.7456347715008221557988311881284738	1.6498408248788179024493264393169334	1.5407587871664644127319923578519822	1.411521706880357566799881253555083	1.2475857806337823435761217264151543	1.0059905768570829291878422502576597	0.94365519969168459382860160471717731	7.7678652584718642649745795546204176	13.289701736665778290662452992375976	18.440576209720339940542102543877519	23.40760127898986743058116464259982	28.275177229100485083192267335531584	33.094788201638014227301596270905242	37.905170948438526749044602013127154	42.73938651225825733956473436977463	47.625881948649139399219385184901698	52.585774302282162101985675394932113
4.5640220667718084817768142118726458	4.506532104862813474242424525757029	4.4499418294182963413287593061216748	4.3941919244845709216027464078560269	4.3392272971351307070184774300704791	4.284996659869139798010615592166551	4.2314521472486789029368199510252619	4.1785489633831596660996719898099118	4.1262450571451679568982024345199716	4.0745008222389050548037733762633889	4.0232788194465131543528199023591618	3.9725435185531227307001190237741712	3.9222610576011047983241176998085255	3.8723990172496316966775957438386565	3.8229262081176861623728535204047597	3.7738124690669566724341412504816622	3.7250284744357989923674901006690915	3.676545548263312256698700701102041	3.6283354835432493774855958651935656	3.5803703645162356362324209881844667	3.5326223899421294382301760837833656	3.485063695186504622127697694705485	3.4376661707989675841191641917681936	3.3904012750470686912983243109635601	3.3432398375850594714277647027487308	3.2961518510676824865763628167661206	3.2491062470421524389983354350894336	3.2020706518427878504876958760617631	3.1550111174340058446098836833191312	3.107891821153179661983481738525316	3.0606747270317886470255412270953891	3.0133191997360208775435670475121361	2.965781560052131417772208468955245	2.9180145680886041563136793330717967	2.8699668167586083449842859912701288	2.8215820133347042018664518445114853	2.772798120500522306292331547833681	2.7235463197376700514476106553931856	2.6737497481747318372847398611860623	2.6233219438529598626495938832533477	2.5721649117254758425780349536869198	2.5201666905457683952369031084439219	2.4671982543612460072935303597813083	2.4131095140569433417505977516483023	2.3577240820221911790566332626620307	2.3008323060737371501701775948571152	2.2421818321421717208246671294970777	2.1814645566216944874331793680840614	2.1182981639682378480332146647287508	2.052199292449477969599431504278373	1.9825432840775065130296370234908036	1.9085014922226151746382095572797372	1.8289390160430170727136897438172796	1.742237870537603818123538968141089	1.6459670755357650823605204041967331	1.5362003704925512067775756746373689	1.4058829404525367125811294108152233	1.2399339686358040207065078524335491	0.99285009816014597965373387410073055	1.3285923242212145834454942116386802	8.0086765762092520466912807329466828	13.509500905090492602258000776125264	18.651417865214964335099010488908519	23.614054626888658353038326508793996	28.479733762273810283050175296228428	33.299179035298365240770111956687304	38.110824936110084527056835024644388	42.947563701736945269029342105179591	47.837613724578743156291409433805581	52.801682671133634984502150288898858
4.5635566007599272230706222298619783	4.5060385555145481833178403477227247	4.4494199472947685953772559296825742	4.3936415058857910191058087444623157	4.3386481795931105089909289854100957	4.2843887175117431043607068686889081	4.2308152860677771555370753948409205	4.1778831164334966718260789446113265	4.1255501796928846609306507632424974	4.0737768868721031363989013820031316	4.0225258111538819144273875764611465	3.9717614297704740967366455631775703	3.9214498832198731419832250418473388	3.8715587495754945447478568184635951	3.8220568317615938176189078953024749	3.77291395574506306570585332449191	3.7241007776481033563749783603813474	3.675588597814333277328179257913477	3.6273491798603002767545219489802747	3.5793545727124081755601210026579322	3.531576933561321407712931681294604	3.4839883495564096646132696012369001	3.4365606559044182653298302983351714	3.389265247819812132822228168863147	3.3420728834866143740911744613255439	3.2949534748177125488311840006826834	3.2478758623154883228634290831134855	3.2008075697213959897062472748873097	3.1537145333544892276311468262400626	3.1065608000327374267761770357511773	3.0593081861820466797315565185997638	3.0119158890808349017046361923314858	2.964340039044339031520276682164038	2.9165331785637795900695357996230484	2.8684436507575053064606998255499476	2.8200148746529177899319222618714652	2.771184478357890428542420820882368	2.72188325246424027557331606906825	2.6720338741308253354787373162441422	2.6215493358573503944295340703681162	2.5703309899364954036757557143316278	2.5182660868384540848207533432000756	2.4652246384755550016682145761914672	2.4110553676876980655289220174039073	2.3555804008053299470217198584188007	2.2985881997902217797066168532946469	2.2398239781342466190666373420352312	2.1789764362930129631523405316003584	2.1156589696190006361084117191785282	2.0493823164492456289021200344759808	1.9795134630344889803719601586020199	1.9052115055888724993046161956029	1.8253227638187470208033629108118287	1.7381988347576777947374661344109154	1.6413556823307529252723699112378653	1.5307644202952239392089802279391941	1.3991387897077714711517708270121618	1.2307265082124125709313311764388969	0.97672397209838090279767349499257833	1.748211271316236597922933109173256	8.2917379298941799072499965329856285	13.768821313201338001900609032304663	18.900485432544383466619062919362971	23.858096946830114958931855678422185	28.721637076858176610752523366374477	33.540967717396040333316508211343643	38.354179086962590252736198521625919	43.193964442068003835007010703908834	48.08826389997860282702348292994883	53.057288926851638452809157390980582
4.563018081556917060511493714679671	4.5054675907333455260220381118426368	4.4488162500602457728473595710924644	4.3930048419673501282672532889368503	4.3379783621947886974530721592677035	4.2836856019138702170350392538828733	4.2300787641590429111979684965217356	4.1771131111632262161510443037498484	4.124746639465313925500015944067713	4.0729397798966760833471714606277124	4.0216551197581236116138852268225366	3.970857144675100093460112086169186	3.9205119977689797280875917800287172	3.8705872539078590984212487148938868	3.8210517069024083714331365538031367	3.7718751675905026495639848492267097	3.7230282708077381499250568180001635	3.6744822892684531935476073619287849	3.6262089523804822839750124274957813	3.5781802679836901320543577769217755	3.5303683449331450820733067518955718	3.482745214335819180249193493599691	3.435282647089659638206384300380047	3.3879519651531716538624395448653037	3.3407238436827513945358471430070629	3.2935681007955108884808999159861938	3.2464534712270463906521096961092305	3.1993473595290963111956334753584355	3.1522155676532373479596585407579968	3.1050219907473090747742165213284115	3.0577282736835312981434753642132743	3.0102934191567343408104128720896709	2.962673336015286495005324419934661	2.9148203136559938871017199376257411	2.8666824045982972542799119001115566	2.8182026924363184890081568129803127	2.7693184157980135701325710134370472	2.7199599100723968277105919351066773	2.6700493165543039464885060628591057	2.6194989919089866131608627647576018	2.5682095273804101394744021820799729	2.5160672537586477966766752165610784	2.4629410597921552926897357355635824	2.4086782805437304496668130869028743	2.3530993052062889727589361483153845	2.2959903894868558196639304249962406	2.2370938985897026387027396329263237	2.1760947867716811996942095038216779	2.1126014157840721788792479714475543	2.0461175902150319681686248755991736	1.9760004599800302218006277365244595	1.9013946628065877227500023246091662	1.8211243094053015860300587929228961	1.733504903505397810102658907710968	1.635989166918692205966294964434712	1.5244250825669917015914448070285146	1.391245889338868810821425789643581	1.219870825922073056640058173617994	0.95723083295989876592492586614256484	2.2020855435534951615844703000965428	8.6164191700954276061282478218552928	14.067473796088241219888131265136118	19.187738104639253511723102837284466	24.139762357868624705097657477077553	29.00097071404763737221927049060008	33.820277792675638268779787050169901	38.635393011766873315456601607684045	43.478780052115141215094443830023947	48.378046663327012151207610027816049	53.352814961775925225122854586210997
4.562405886720329573787412944163051	4.5048185701125992494880360308949882	4.4481300797403943995160389025831582	4.3922812575266772757257829170888249	4.3372171527875516049955955845227708	4.2828866041861891463779590241016924	4.2292418560411849309661050585910702	4.1762382055719091112720364138555928	4.1238336779403850508062754985361421	4.0719887261874846190869462977301268	4.0206659533669551127583552728484888	3.9698298543567495592347149241647115	3.9194465749780448729988578078252006	3.869483686177582710575890637669392	3.8199099711312100268189310445018417	3.770695223204497623325355313930018	3.7218100527590907294665829402625755	3.6732257008203629144322112559476068	3.624913857619640120134167232078944	3.5768464839896484361694839560950812	3.5289956335209073428082327220534426	3.4813332732729897185058379111136917	3.433831100671062248542920773593771	3.3864603539943629308462365282773447	3.339191613567396748710217374329168	3.2919945903796461221747314905990208	3.2448378983633743870795480456876941	3.197688805925476806907677445026191	3.1505129615177081497646102125801234	3.1032740869944856763018487514037655	3.0559336311786527291620461998653322	3.0084503743470920220843831473258376	2.9607799721361291792060470257485706	2.9128744244856838391258533747786077	2.8646814514586962953742531975924971	2.8161437527647953515879389149248333	2.767198121121416117321207038419871	2.7177743705409912710180147067711696	2.6677940282708579754756058850914218	2.6171687220042110327132850412682925	2.5657981699746554934083569306199126	2.5135676473527549071057085487943618	2.4603447528437525244798131979952554	2.4059752263564934570652431549747233	2.3502774587157433082289120066524133	2.2930351652473136078014352121054019	2.2339874280737947410338559102986144	2.172814878227790210889068209163347	2.1091200605107067544051938771792826	2.0423987537222136909492508352896594	1.9719967002377059509087432247501068	1.8970417301426610740419754493584963	1.8163320598974891083676566284809594	1.7281409471076428375685643658178403	1.6298466970117052903584780274050071	1.517151293916840563533850288010397	1.3821514136425739904713492427225906	1.2072508567903976638120770180566068	0.93384302214779843171461084543738058	2.6896397748020141737809910661170326	8.9820788409502550305484078187469817	14.405262222963167319253479425806642	19.513138664389843193441535695430845	24.45909626794178273159397306860174	29.31783578275382794512526774512395	34.13725612555054798300725473020946	38.954654983711565884186369489562888	43.802234872367519350225151853833611	48.707211576281831399640464163339121	53.688517338736493895470901128804804
4.5617193081336341603668729318698189	4.5040907651219791288973801529253327	4.4473606878363592266864373884516625	4.3914699844764243781893676096463787	4.3363637640057966875509881269951014	4.2819909179208185473599840989459032	4.2283037364217775600325471396375203	4.1752575555582099727050761200825467	4.1228104321973500963448293017074256	4.0709228439038320799873311605289615	4.019557411024738832634352027871703	3.9686786384507440859504066781893093	3.9182526746748359352769020119355028	3.8682470858960234244999732868954297	3.8186306430169848458362331766621065	3.7693731194628290306209893413063922	3.720445097800043195075869833170119	3.6718177831612133514234078422210466	3.6234628214771304920607433202114678	3.5753521204825297792785044579923133	3.5274576713881178933432841937885652	3.4797513689957059419517353417707551	3.4322048278662273757973572072569403	3.3847891919229131129193750448729274	3.3374749345703093921967957380759578	3.2902316460186386330026409584099178	3.2430278039981274210603456074255719	3.1958305234029952780631167350434242	3.1486052795800408734772586411424375	3.1013155989220909018061503401201058	3.0539227090750569666541122623066998	3.0063851393263458458435430516926409	2.9586582594893997759043637497846304	2.9106937426612149734587438852590146	2.8624389333719185442764276602469176	2.8138360975331118082293463446510646	2.7648215237523260928561218564396915	2.7153244363337633533993883855352674	2.6652656676364670858931382581205538	2.6145560199387038453728240691582714	2.5630942223453031190321694726207928	2.5107643531775586718574394927861742	2.4574325473953701576426256397551615	2.402942733448346441586818973825176	2.3471110306869100920380169287860016	2.2897182638416080840725741547526272	2.2304997749102126922115841199337794	2.1691312631678935362722868094280898	2.1052086272516994817628665344972806	2.0382184591798545728470403918725652	1.9674934148174006778359379890409454	1.8921419908218932565239472809819006	1.8109325167107091237238790769929894	1.7220892723865033947669706351366096	1.6229037608716483037002071480866645	1.5089061587862676260384140636331567	1.3717915884855949284700444522404497	1.1927215468682242427062095506564636	0.90581349954072710985682647369168876	3.2103373790012104331367876911089537	9.3880857870640235514583337137313991	14.781990857774657535661208601815194	19.876657136825411801749591399733338	24.816157776693145846009202914163831	29.672352935148034785026886163530518	34.492074751115010937665760279015283	39.312183689656784551626502453606305	44.164587735177457896267824588923069	49.076044460399681431292514331104745	54.064687289023758729196991393141228
4.5609575509864562574291994966306246	4.5032833580666119540536185362149364	4.4465072342612298268826150930520884	4.3905701607566058981731291212691787	4.3354173121565669133001358210811284	4.2809976380482609281638142134520008	4.2272634790230399796976386579123756	4.1741702137117014024384292183673517	4.1216759336718168126395249288367887	4.06974114320442489974509317022148	4.0183284813838933539880866809354021	3.9674024637619271223060485282098185	3.9169292413575879727305077089215795	3.8668763746711672403371220448493368	3.8172126205615872981449512056300445	3.767907729904167131584034761805434	3.7189322539977279613776876437173218	3.6702573577150082251191228797448778	3.6218546373854575246840500645820033	3.573695941362220684385703519128524	3.5257531911496428724302112172204801	3.4779982008484971674406777555758969	3.4304024925059628097163806603232079	3.3829371047247694294438490638382277	3.3355723915789773832792030820533584	3.28827780848447750904881822771554	3.2410216811586215441421291880794984	3.1937709531455801217112086717975368	3.1464909065435168936115512088669064	3.0991448494944928243314788236280471	3.0516937626193191332477233770396058	3.0040958948031852816938588812674085	2.9563062964370899475543240684320128	2.908276275219365580736463761479844	2.859952755676845186184237612350715	2.811277518335515104392882079910123	2.7621862874669067635989092553510849	2.7126076268603107806286557074900283	2.6624615900946658105241431558708331	2.6116580537910204357969665449644289	2.5600946370230802148798249949452048	2.5076540739360687710312988625463528	2.4542008541677240908468670989223193	2.3995768680810402053077379923406173	2.3435956766910469102498204434630626	2.2860348452474728185640782552236186	2.226625492696462528175993303453063	2.1650377412674457772213885196400622	2.100859960549314528934539312592901	2.0335683137987004127837235252073697	1.9624805642625263018325562893250814	1.8866831398498690453180300293822251	1.8049101231610151269025135882247538	1.7153293869884489979421369854197411	1.6151317676891656901667848931519337	1.4996461693882721852758918274925672	1.3600897630390929708753328526322995	1.1761012082145227966819442612109428	0.8720453421539663549443966917833154	3.7637330780222050038750784845494884	9.8338375011683873696202196122115073	15.197471608462823470073622191980204	20.27827461124230628249236091874331	25.211022297166994472974156139453482	30.064664584292713401928572891428184	34.884932976464738760612868892183451	39.708230204417010509370895008663918	44.566133576913080455366572835811444	49.48486829076169163716239869814342	54.481650546855861969744579478167811
4.560119732626392390173661489929307	4.5023954409149730511835774930705427	4.4455687861422486801294109647454521	4.3895808291089517346316848288534265	4.334376815963771890611485863606222	4.279905759548964385786262844021236	4.2261200552579032618696297396523726	4.1729751279504277142611056660917103	4.1204291067513519076815663983990573	4.0684425247973628587286257728922928	4.016978041205217112391416358562755	3.9660001827110888278093589484628376	3.9154751025826615056056914966271931	3.8653703545313686144975143094555049	3.8156546794537519716574662265984725	3.7662978029080942004005630313629675	3.7172702412836077547732811525992172	3.6685431146433321126888565111950505	3.6200879642162362589256181685805	3.5718765724740593330141664495874775	3.5238807836510169148817154542472403	3.4760723224420118148401407424318317	3.4284226084407160750406582322085088	3.3809025636413400939504687094998313	3.3334824100138288561511286639530377	3.286131453755269122043239887290891	3.2388178522949609092865841620694244	3.1915083594598391759355603587833252	3.1441680433479730420987766478465211	3.0967599703600048286446908516365879	3.0492448474290929805932660078369263	3.0015806126736454003191026610827443	2.9537219623434585504049649753975906	2.9056197988568697097898159317064609	2.8572205806859805391999052701732294	2.8084655494831107257314877974174353	2.7592898026547562641511952338077804	2.7096211698530272132359391817834949	2.659378838510237042176201786834467	2.6084716550153213465243692366133067	2.5567960020457012742771432843928521	2.5042331152710449818772114440231462	2.4506456484093663701737072727894294	2.3958732152637726773990407557013239	2.3397265158347903409111936936986598	2.2819794654837374943691810512962116	2.2223584472652025274127913684484431	2.1605273184698015985199402082579056	2.0960659743250800600932706101072281	2.0284388127502569026924629119219628	1.9569467490230953851600083834244474	1.8806511594929654462088350237354797	1.7982470826273497181690839020118999	1.7078377152923270475393287606731163	1.6064975586172439724770586043400118	1.4893202290848531349286853269890965	1.3469538991884433332777745891244616	1.1571607053314542081926166099142947	0.83083885471031041672480193240865983	4.3494836139190996326479766471340217	10.318774971490931622110034082773088	15.651530972716255428314550435278224	20.717987164099896605799416968228852	25.643784375464891231266081639169874	30.494937362564004536709259640470029	35.316059734049349009147001944188736	40.14308017955249955728084248978036	45.007205163198419676422936189134641	49.934044045279033355140785639637544	54.939766950957595596342036083641349
4.5592048812795874688177699658205396	4.5014260139925278075179091573421574	4.4445443164854159560147077778295117	4.3885009357101706758438012642215382	4.3332411951675450816025141242608376	4.2787141760158539078059868465443328	4.2248723327525347544116091395733978	4.1716711399999491081985566947406666	4.1190687672072068607451574662277632	4.0670257783204387254431760940259226	4.0155048536822230650426788160871183	3.964470531598263512537601512627538	3.9138889671615693004635164431105793	3.863727706050052819282007505143552	3.813955471115134159196606242972911	3.7645419596554818883299536802627536	3.7154576493203323656534799521231672	3.6666736106099763090222757359488819	3.6181613239331689890113565139250945	3.5698924991396205058352194703186645	3.5218388953653643638651903488771808	3.4739721389028393597973592578268448	3.4262635366288013287194436647900625	3.3786838822793648251868729924894079	3.3312032525412262050992253476610826	3.2837907895102140870248278651500989	3.2364144655327213025673316478873019	3.1890408257579256613024353804888094	3.1416347028511354937309142173071415	3.0941588971940378613572333215592055	3.0465738144550821292733090387286142	2.9988370505521353756675655824883993	2.9509029116161256139152648107194011	2.9027218534121123559947549712522543	2.8542398205244819930973415279398116	2.8053974601003719573918917805962641	2.7561291775515961602963540076912824	2.7063619915878683441116559271883971	2.6560141321948336760581420246528142	2.6049933060432067194829500000690668	2.5531945268471035084977218781279962	2.5004973695718977730719609273541269	2.4467624511414200635682166471439564	2.3918268568023827080920018250243064	2.3354981047634463107311885726671493	2.2775460454025388386548910018588908	2.21769177863040638409711901640573	2.1555921597289343832081396712127535	2.090817591916889795855137041326012	2.0228192610886256278159152308782974	1.9508791045201405076321949250864922	1.8740301725214290952513186950655337	1.7909231423895208292153090322964556	1.6995872567149241887442520180886956	1.5969628086591710014300333165919093	1.4778684262335960225734725279184924	1.33227327497911629977481551025427	1.1356078093455302354494477659319748	0.77934234478779562911548301389304348	4.96734482483881643474679151586979	10.842394131380794518722140110790388	16.144016540919781658961510193783428	21.195809826380815844611487668866387	26.114560693054682471242711740159726	30.963364822504575007758247609089399	35.785716188855765888179766435142014	40.617056233519835599156834550653434	45.488174889653020847398084150803468	50.423971446816628362056895784012796	55.439429730894326233955113459353527
4.5582119346366707080680208555666726	4.5003739845375727760490200931066657	4.4434327026989023350691168929197979	4.3873293286603458917023342315618993	4.3320092689746563599844481281401698	4.2774216780635143312167819174254371	4.2235190737107408590655356417962783	4.1702569837089974333332888728020789	4.1175936204570598693580067542875392	4.0654895805462396521714168025342376	4.0139075665835371578738220991798354	3.9628121286769459657773031994014116	3.9121694231607777580766725759885985	3.8619469862646335072441086270594508	3.8121135205310486125240606471870359	3.7626386918628924716029577490653248	3.7134929351312356543202050469959247	3.6646472662959121151190342988168622	3.6160730989817150471945279073338168	3.5677420634091976726693139273460104	3.5196258254954331727724527530455266	3.4716959038105356063340527469437242	3.4239234818915297733952776277674272	3.3762792131658036555825451271913925	3.328733015406771783507155607230166	3.2812538512175277689283213605672394	3.2338094904881807612112056761824602	3.1863662500688218478107925713716445	3.1388887049998051503737718670472109	3.0913393644884123710225564639172649	3.0436783043402421175069543813670797	2.9958627456434695089261176186150825	2.9478465670241576256798429742228961	2.8995797345497299073064074063277023	2.8510076290865054542884701810254203	2.802070245238894889538621962957699	2.7527012283718659616389189492538348	2.7028267058656380191626896848920908	2.6523638545268207518123795531814004	2.601219126278926788888060593637513	2.5492860262948205385563927210552784	2.4964422976270217062246127707732373	2.4425463078685888247439018153999022	2.3874323463335192708442988342199014	2.3309044080268745910683761507753963	2.2727278350229450680215014781304265	2.2126178573676379924234506832137975	2.150223534657967402036149813581079	2.0851046768345786100014470178198857	2.0166976831531887351905623238498592	1.9442631786689914896457471221190512	1.8668022696559981232877699653370009	1.7829153370225966075621707169905451	1.6905471747384813858118866793368969	1.5864832935340764816931825687309114	1.4652204863975011469511104503148559	1.3159141051339848928809724094035854	1.1110639042400588786075127035223394	0.71214066162234181763943912576519992	5.6171646616580654771108653988744157	11.404254241037481805916791370193362	16.674802969981875424765058045217955	21.711780554441641828815524368525976	26.623493243188357273648634694706264	31.470170384874145079230040365576765	36.294198599967731825199138100927883	41.130520523693044497341414925012958	46.009456609456433391396451010666407	50.955089521897984300188561325906233	55.981064381587518217465728322998575
4.5571397383005966373660524895474184	4.4992381651155341402436629217418438	4.4422327249713811556890860631947091	4.3860647563222288166032549653470566	4.330679754355547087419837144180359	4.2760269515793558531215650252640897	4.2220589331152631708955930314130151	4.1687312831966037712816205630583076	4.1160022596531087107948093774076604	4.0638324934060189960534090380974844	4.0121847102068737539047440061188737	3.9610234720319466688910506296663566	3.9103149356968226318501528445605279	3.8600266263814139996613897086145565	3.8101272238569607661899914068648441	3.7605863592819741141920248516122997	3.7113744204826474929840940079843314	3.6624623636536656543216652905077863	3.6138215294036164827326783725755791	3.5654234610232311919920522859069141	3.5172397227671307445057135244825762	3.4692417158063869430004198567285084	3.4214004893190036030721973019823917	3.3736865439293804348914358015375007	3.3260696243691645295345369259262107	3.2785184977934688287765918026506478	3.231000713621828088244362932529382	3.1834823400509471311736441462029377	3.135927671461062382534849464860132	3.0882988997540850764671691092669721	3.0405557411389139162574295864522983	2.9926550079142435613681841158202978	2.9445501122457352198245714953791164	2.8961904855944106993556291345657131	2.8475208930472511160815559780884243	2.7984806159376995148781204584699558	2.7490024682590145688804451701983863	2.6990116016582311614267612243647747	2.6484240390525136918572362646979416	2.5971448563539762956553009048809845	2.5450659027150434313837316310514948	2.4920629079267060978230540336417765	2.437991764517245636526212314074375	2.3826836810447845468398591305250677	2.3259387644284653322756182600643799	2.267517372916066570692163336699848	2.2071282347823816606694649662882556	2.144411755200111470615544417910891	2.0789159530047169478129822149729111	2.0100607176669831342096089259422202	1.9370827891469608860353047775987552	1.8589473068361953105380255828702316	1.7741976836926213894788950558459727	1.6806823017420179543370534985717365	1.5750079874467072578657724717427684	1.4512938035701509204282917539252899	1.2977136364681897607090137383940575	1.083028057480499771021404611229102	0.61645905262538906655829205957705349	6.2988755838571616492033936118626312	12.003983654775848566459881561729366	17.243797391045599606164237973576498	22.265964180073093010953714309561128	27.170752680863188992777865273745736	32.015610541728817570875568077601623	36.841841434783876248833692432570684	41.683877472344403193403621293566342	46.571507425815566485185484850002893	51.527876884241470696193619038776398	56.565127013340280533545809088029722
4.5559870440921302877306429841582906	4.4980172718876106755955452802430752	4.4409430645005947640806557593607368	4.3847058655067198915245432813985668	4.3292512641829868118144888792649729	4.2745285758114587571840789532902988	4.220490456760394243134188857045609	4.1670925508245697287197087919298612	4.1142931635891582913255477610276558	4.0620529618256326870284935342629217	4.0103346951374900741845071685258325	3.9591029372535068304261931347637569	3.9083238445184575348738731397791228	3.8579649292575472785357357870426335	3.8079948457913676518015210286990622	3.7583831869531933723916106978058374	3.7091002890076728444167160113339404	3.6601170428890851653784645120981043	3.6114047096632651030843875358598248	3.5629347380683672986804631379746673	3.5146785818987067435337953628714742	3.4666075148574389503424132178086753	3.4186924403078301071569689988859147	3.3709036930887780724298960302542992	3.3232108302121152980295351748586413	3.2755824068078134126295954962566961	3.227985733102871435440329094337833	3.1803866074761502279290828785506576	3.1327490196798777359711741502638167	3.0850348170993102572452392070741146	3.0372033253537833451999198341300968	2.9892109125159016434612075366562	2.9410104835914619153175003871292492	2.8925508884524472799192859316427069	2.8437762218605943444621015841377682	2.7946249881491156013144423247110412	2.7450290949597627327048136038228791	2.6949126293099929594708051194211775	2.6441903539397938772721957093267481	2.5927658404873249487481322181703475	2.5405291257200330284860569340958056	2.4873537333912000441238552128443828	2.4330928403221465776766625236974012	2.3775742697324904515156439625203888	2.3205938489135747117570914063299174	2.2619064400662873555845779746989592	2.2012135861008955252052315306983049	2.1381461042828323042783987406863871	2.072238913033292778392877602029333	2.0028934963764683975274137735509432	1.9293198570945505749750619143446249	1.850442666898712024155707924551499	1.7647408197393538612504024752211902	1.6699525404541814464583406532090091	1.5624779464691648463433195145274793	1.4359909115624485761250883638798186	1.2774720435706531238450742386639498	1.0508191183800443073743801405198856	0.44182374959693220540722492588248586	7.0124875527593162444778391608529047	12.641283470795495117558463409389737	17.850944257215999866799623573960942	22.858456332903271181920032602211797	27.75654185412173950789748973569786	32.599978325085200926854883732621648	37.429020730076246386455018954200452	42.277576607376979557032823889166985	47.17482937119674450402248435313785	52.142851634030133157000646093013714	57.192102046968775069294507854636364
4.5547525082086992264096422059539909	4.4967099227287304488238467917073723	4.4395623015674924154013378592565295	4.3832511994993221311422735834819412	4.3277223052069170372835067798221411	4.2729250212872606246110174017033706	4.2188120791096295228143906240304829	4.1653391849887658276488362104993061	4.1124646944196830857676765719943872	4.0601493113659421359543387977007717	4.0083558098029869813883343601281742	3.9570487748988091716489322817862115	3.906194361366600318473240351822589	3.855760066650279791853611243384767	3.8057145167042872837157892824016002	3.7560272622025938900346745415460872	3.7066685830590224469852676079397812	3.6576092991569102225091780113323662	3.6088205851711217076713402186981954	3.5602737873122416675851898076710007	3.5119402397284387965537944274459257	3.4637910781563679371797223945073547	3.4157970482101312695119869922179444	3.367928305424432381645269912912445	3.3201542038092595050864929634884382	3.2724430692081671082505710659937176	3.2247619531541721724433088873467567	3.1770763621508233050740108289275552	3.1293499563251671442028792847689999	3.0815442101411108039653150720022388	3.033618026243032754098038800989571	2.9855272914057524044241192303802858	2.9372243608425491021005326909193868	2.8886574535519279922919176408375647	2.8397699366625302618568227527483888	2.7904994704383616281545268146272834	2.7407769771154388013433851654963675	2.6905253851688439557538838712696197	2.6396580846355246995722123315395739	2.5880770067741480638016219777780172	2.5356702096243739873672379394316322	2.4823088052629427901801587027156756	2.4278429973393617996387438579479996	2.3720968967918322415430660207413474	2.3148616294791891836832852995808974	2.2558860075289074348400969221944669	2.1948636457771893112316895705252836	2.1314147542095139683661575056469744	2.0650597127241835252973974728071011	1.9951795036299087287246336248248626	1.920954213207252214077749829131915	1.841262978958496246569232311328099	1.7545115704011960685035837103310735	1.6583121371691350573535538224728869	1.5488249166633375926336366796791175	1.4191961982514650359521817171101439	1.2549410659121965893009926845741442	1.0134771379710453509976010277480366	0.85338221289640622808717609265763954	7.7580819955991940249065868576347165	13.315929549639784946909409836787818	18.496229673163318923765340893711895	23.489387345488198337383479077161751	28.381099533205380959400933214867449	33.223607053388849987797165499442197	38.056157687441251017386692976227702	42.912115463881736256217228369820942	47.819970876166390223139731040018255	52.800570744189565359527853597474018	57.862499103625821356389997212093476
4.5534346892317145881223546559965179	4.4953146351900651276734465295479192	4.4380889134503123297765475442881175	4.3816991959218645817538325657409856	4.3260912758593039697763663729824054	4.2712146475566976873391637339005603	4.2170221209716554470031615145066586	4.1634694677220251974849350685021267	4.1105150951831215289223980538689941	4.0581197456594726654587585003634927	4.0062462178155522330206239436868863	3.9548591077314576217181789003781957	3.9039245671017701974966457159093183	3.8534100762223380733315179064281543	3.8032842295093750051880481416321432	3.7535165313686027699656661638019784	3.7040772002770586018940142781755719	3.6549369789551139531341814805640162	3.6060669484879165794229566341695546	3.5574383441991928376906792798173218	3.5090223709813783644972497141636591	3.460790015636243504267890597516858	3.4127118535704670562196960861129148	3.3647578469084706497000187150511626	3.3168971307140274289708055516696401	3.2690977835319428489412295256546678	3.2213265778432198041420982707774204	3.1735487052361673057131694646889694	3.1257274700818093496685240072368045	3.0778239442020758058536607483749673	3.0297965733438903416298069073399831	2.9816007241052484501453801671111293	2.9331881571347916598014059350811698	2.8845064087220429923551736525848582	2.8354980579900871086009792992490596	2.7860998503520464938378222748698255	2.7362416390481434348983728290237337	2.6858450945040389782291657433913358	2.634822114557190841753055830299396	2.5830728452000664297841197711322156	2.5304831882045932106894301615254164	2.4769216238626450923155865739060583	2.4222351062114183734536430576942874	2.3662436816673910228333256586548107	2.3087333184984701752110046752342974	2.2494461770944236380224875557054709	2.1880671338499604215520072014051658	2.1242046733134424631179451359291583	2.0573630497391867580204615246934659	1.9869004137394080596653788624999503	1.9119633712554877921830398903667368	1.8313797871355771043957163668705013	1.7434724312388344161737660771755475	1.6457087942156038574074279763578758	1.5339695840908858403406189658586847	1.4007715770257127771109861390836751	1.2298076689068770293006238286495647	0.96958328299580758188633419779427482	2.0333062893764864596487721669491912	8.5358067907607654061483666290165173	14.027773345025117105849280197369318	19.179685277005914863008961888165988	24.158926168055382307860223171993863	29.044704362296407221467361869033249	33.886874367808566309462494708304881	38.723722480847867190201702353426309	43.58804247452222718927558261607486	48.507527908484777636723072598981795	53.50162878337173467192923055283908	58.57684891648698423153871025738564
4.5520320459767749525872033288294171	4.4938298243002691924592883002570177	4.4365212721727532739535237739880694	4.3800481844232476593710459668533884	4.3243564638824931270748618426949771	4.2693957007527219313773078614111769	4.2151187869870486034808493819306777	4.1614815621004869571342911363135189	4.1084424871208019301704762355909782	4.0559623436340789554281750813806815	4.0040039550919116923040951050271413	3.9525319277283562540789983503780668	3.9015124085878255698942287278236534	3.8509128582911765091009293160589896	3.8007018362667356101389744009097259	3.7508487962446831662860942640773923	3.7013238898575170860296687500534317	3.6520977762012834798083840538908381	3.6031414351914145467508958200623943	3.5544259824870460382965230189069425	3.5059224836534704961212488270059614	3.4576017650765001242860305933219239	3.4094342189249271745759593821866686	3.3613895991644195537377427431206446	3.3134368052430988154353574990949202	3.26554364957144313903418779314219	3.2176766042806635586649026888368846	3.1698005219245402857906347647415235	3.1218783237405792375498421875588485	3.0738706477390154601233923997651078	3.0257354471521973831977916655604593	2.9774275275270353259328166088928643	2.9288980078104708179732970403482433	2.880093686923451539942805834079382	2.8309562922127885045790287080957499	2.781421579336717636386691230792651	2.7314182439034794183500046782001856	2.6808665925469379658260316690716621	2.6296769036246314791040782432114857	2.5777473831479631224830305073097646	2.5249615865190354270547898412422462	2.4711851258607858845899979078710141	2.4162614077513155712575389491757439	2.3600060332148878117744943480724493	2.3021993177501442390981207108621612	2.2425761140162412777592074056112696	2.1808116720823684801753540632845943	2.1165015191088103769710994149881625	2.0491320238540402843263851990433347	1.9780359022891541116182422062296469	1.9023222629180910678110757320895707	1.8207611581541352703004113949141378	1.7315809454666539276106704728152876	1.6320825787238207048978174398293275	1.5178193523258580240225033167900153	1.3805506928952851228743439374066336	1.2016698336464528348882389736164962	0.91689861478699126400956009438407682	3.1052288352202086922322724091948374	9.3458722092851552421389353620268065	14.776741933946662232081720197192602	19.901391766517000794669356808916919	24.867284335425231620941158670466929	29.747679065942103121729935095363019	34.590206568012303916035065010715224	39.43223823972720320167316391423269	44.305959753180401431300598103320967	49.238144637645619032656901419801042	54.246655801513534638640839821790325	59.33569806568791245783760708687915
4.5505429351812419647264824136620244	4.4922538001992397546084516048808588	4.4348576420797469591454962014113973	4.3782963841922143510506674280520883	4.3225160437736583734920940309204046	4.2674663109613764977983726761621214	4.2131001629174663298191629621746722	4.1593735094447862986301895689627815	4.1062448667821583730690538222776341	4.0536750565136797799791495482275249	4.001626926740191072712425212647967	3.9500650928424850276824015671026294	3.898955695319314434709564385685409	3.848266172308902018521745842148921	3.7979650445016092037847013959932969	3.7480217102221524153445876714062571	3.6984062485020022450154640813547352	3.6490892279725846962557102505228259	3.6000415193856632083683353516427554	3.5512341095031697735476540709034628	3.5026379139891455761945506112371311	3.4542235867738446722770485019584769	3.4059613231334131510595902472680037	3.3578206534248427230016018671494909	3.3097702240182731015038853846192619	3.2617775614532358917141621504340956	3.2138088151832552233335336042301114	3.1658284734240767183394281495917132	3.1177990455323730923342294139099322	3.0696807029430706232350900093053933	3.0214308688899163555115927950177483	2.9730037447938729194188812121782406	2.9243497581503181223161660715613448	2.8754149127279637649288334153189465	2.8261400165610505212373911761710559	2.7764597560725242606215213418087334	2.7263015749909550472510919765943337	2.675584303468536861665543383029609	2.6242164644097132113813148607273462	2.5720941581297255704942408444598743	2.5190983894622653166132543162238373	2.4650916476629171243446840086837654	2.409913469841459373517841950126263	2.3533745983323630650536478192144817	2.2952491563216188165741054953089905	2.2352639707056829675788949672733407	2.1730836883820121833281464313405225	2.1082895158298019026456845929450023	2.0403479757359950715184958833189359	1.9685634267011489441915697401719375	1.8920029263529269198789405062536563	1.8093712145972034807395179573249683	1.7187889506056812841351696112133183	1.6173645702712083016518079318800447	1.5002654870122813302890688434615571	1.358331022945085282772612446526986	1.1699993665885021713846466709062876	0.85153840872699119687254394073448597	4.145811623134571325047796122325066	10.188547717618228740220913171147048	15.562837573700787708051632091519058	20.661482177979524980374310730253006	25.614720042778411503389281020267757	30.490394947866423655131870892740235	35.334083250512603176243525464635915	40.182285152098463274058929178015867	45.066525649176540172472756411460378	50.012513451701415103188435472444396	55.036314177944207569511974889606726	60.139602307584712634934282551139377
4.5489656090224983047592222816542278	4.4905847655977623292958330776800783	4.4330961772335975242440080788310007	4.3764419012846993098958028290454167	4.3205680740373056632702132225235906	4.2654244893930366111258967668548388	4.2109642127283428240243003570179108	4.1571432263061933928013204520386209	4.1039201029058113737749087316868331	4.0512557045848306303652976301853589	3.9991129037016753913466720020393822	3.9474563235085899782380722090356521	3.8962520957788914237977307176432879	3.8454676330576688265828841713314598	3.7950714132231265389933028556549483	3.7450327741158064298099299506694138	3.6953217160323254660299740042049903	3.6459087098888014639306101142259839	3.5967645088304017068559347175899309	3.547859960995299771577807550718467	3.499165821025760154616892523756518	3.4506525577488903624634102808458195	3.4022901552132182657550313622418921	3.3540479039516397722034227736420877	3.3058941789279482209651933488074314	3.2577962000885005398927804265617538	3.2097197707532437196871656513276365	3.1616289881977871393456834607380417	3.1134859196467002730091808295837233	3.0652502354434853782969843540089855	3.0168787892840386932770110098448714	2.9683251329619389188072804869678442	2.919538949886307143794374193754091	2.8704653874341178715627487639949511	2.8210442626189250403418397551527751	2.771209108068372439618331132867765	2.7208860151430442982231947709582206	2.6699922170804116595260218983634082	2.6184343356491208070468707393823763	2.5661061874352219872949292652267911	2.5128860066782568173616673194083252	2.4586328844430891132116270458332267	2.4031821390626750434613323240672499	2.3463392041125817818853024037662652	2.2878714204076984346083461336676876	2.2274968000814549936133781057585945	2.1648683077097058858774657276134873	2.0995513138219407326486665937270584	2.0309903005130957493574818578552791	1.9584579703016456617283141347831354	1.8809741390583818951334418265136224	1.797169577013789276397842182599266	1.7050416610568181732223121945636051	1.6014751696633434869619537645603643	1.4811793983398178516753690594119326	1.3338628734758475500618887815484693	1.1340822066623337803489823077190567	0.76567068767857310122231474479607082	5.1803716317463298343623984079597204	11.064159551342787159204465563159599	16.38613705919787441513873388822191	21.460145037919744363931128557592019	26.401542399368065585100849679041106	31.273276722832600653061960078086345	36.119042241739671505938331912491754	40.974504606251140062364309137682868	45.870456915643281718808116774924763	50.831374121642417525595733557859307	55.871294203704801842586873825449539	60.989118232886448103216774397989591
4.5472982124600082194965016848429956	4.4888208130556501443573515418537225	4.431234918622877035081711514747996	4.3744827257575513398447287201578645	4.3185104942373322332248766231769157	4.2632681253454065188195641850968377	4.2087087754550130148461230943443083	4.1547885012272737872073879070729994	4.1014659330652735561545979833146327	4.0487019737170689407053485906286491	3.9964595191345317714161064071473897	3.9447031988779367360745178515852161	3.8933991335095212532730531262680329	3.8425147065445131206082761923775987	3.7920183486253414401247175783778315	3.7418793316530480690018721387617141	3.6920675706478517723968484399105643	3.6425534311157497574520255377195482	3.5933075396658933563275780368590578	3.5443005955502941323372993230507309	3.495503180675396671257409661623892	3.4468855654562705243668065849915849	3.3984175076380556236152106569510364	3.3500680408796519204102018753461478	3.3018052494645095082262399834772925	3.2535960249461375142148045953701902	3.2054057998203113951731288814773498	3.157198252397002106550084706577844	3.1089349758667715689310564065036958	3.0605751030392642546412415887335604	3.0120748762709355256901870419736483	2.9633871495514508043002414388677847	2.9144608063832155304142661641457268	2.8652400726897429129778019431519888	2.8156636981325903558362499901176442	2.765663971344676569506761671413377	2.7151655238870183325722129653881477	2.6640838630158271116532197804966747	2.6123235528287133155513360931331456	2.5597759343454846903690796173997827	2.5063162333983119672932663484647797	2.4517998442858344302493699375038144	2.3960574863709317443687084450392955	2.3388887926387552976982324522820279	2.2800536738530171164305771494709579	2.2192604570317438759757775729942469	2.1561492273391553182445436104661814	2.0902678277300077662497367759272992	2.0210362315900390673879346023066463	1.9476917427805949233926916706567479	1.8692009831705165721249741933917405	1.7841106933313589535757339432342679	1.6902765425181986808860771897132068	1.5843219620803654336015509293171756	1.4604077276619673617010845290663609	1.3068336689721775903421722588014021	1.0929172465104590413086851846410211	0.63839033312546348934668648797363769	6.2213577104075200916203919747963818	11.973088988209691484422879500910318	17.246791108279855926617522896205387	22.29762751683401975695778903722356	27.228115939539089803052798632946448	32.096807721333329055473417179386611	36.945684800128837184635029159999724	41.809603256792059092898074664278961	46.718530298785462859733642026944412	51.695511874913653082915973580023438	56.752308138613670147486730016279719	61.884792942111418108182690314975186
4.5455387803937391138809980110225911	4.486959922070368799341338280788801	4.429271791175507573784786139577623	4.372416728599577408263997489571754	4.316341121838788816673471072551534	4.2609949829482179080408055837203326	4.2063315618415925776841393302271085	4.1523069912654693226693546019757189	4.0988799600667735647787396527661495	4.0460114116237472786485286797784557	3.9936642645252143054416835756768051	3.941803152766653765921950345600029	3.8903941828848267514485521501025518	3.8394047055774590119658980120728312	3.7888030994509557433108310063368243	3.7385585646055417367056681017850128	3.6886409238030496372753418773226557	3.6390204289641917991183733133686377	3.5896675707059644689525993782785287	3.5405528885509213563473089854614685	3.4916467793111461977399239583159938	3.44291930096202926577273230298075	3.394339969063174830664359359670867	3.3458775424398611088330242462842993	3.2974997943891906912293352307523094	3.2491732650947140683825441280615186	3.2008629901860203281087046312066127	3.1525321994220339682304612980810248	3.1041419782457403049832105973066682	3.0556508833732097631199561452114594	3.0070145015293212708766865102927338	2.9581849377735624162246551807950481	2.9091102163625809359729288101864595	2.8597335724751711260119914212814655	2.8099926069645616312167507441651882	2.7598182680047719478766317539610527	2.7091336121960055470144409227912546	2.6578522821123216292285402646553663	2.6058766155039806430417649036686109	2.5530952705017351229542039610075619	2.49938020670175290765721094060114	2.4445827968090660395979746358425233	2.3885287460252036578147361890446248	2.3310113473942625396323198539773032	2.2717823680793863513260185429074397	2.2105394861434176316764835292971125	2.1469085739005792807102973120567917	2.0804180497814104352834754185281203	2.0104605891425267702963779197741134	1.9362338282139636815096734447356514	1.856644328204313371178605887292025	1.7701430276884336546227006688047604	1.674421919388128867581360742744621	1.5657969856266469605811755478424588	1.4377657410133784467922655639964836	1.2768448534742160670328905142244242	1.0450324917870928467490787482964549	0.32993240979677565068202983391801382	7.2761378204093203920418152025761319	12.915771272415210711717246717214031	18.145023967583657458797691841985573	23.174238720954838332944012640298205	28.094865477887121696314107041479814	32.96153550061451985258423822341824	37.814681035764086425147810334932317	42.688356860116049937074507267977606	47.611583310096035644085300168163214	52.605754103375011946756786622057705	57.680082448542672073589049070603941	62.827151366649027846043137509463931
4.5436852346304471089700947519182409	4.4849999559674870177997316843973145	4.4272046005668911128109543160038458	4.370241658450149404991927141696411	4.314057648829186484464484799314487	4.2586026976785047891754333867252607	4.203830150740705472296468656140752	4.1496962182668256020564293733237952	4.0961596480856884961374331688486644	4.0431814238486304599631487468145483	3.9907244855116007931702870103183015	3.9387534693005813096933932766635591	3.8872344645593204269290624591838265	3.8361347850030384226390465313869	3.7854227519965310090824920446320122	3.7350674875400157185816792919470268	3.6850387146795701242007500032813102	3.6353065630563789520367342020740027	3.5858413772690188069017022928278213	3.5366135256375756391577883926412727	3.4875932068218290245873923549880244	3.4387502515485946371763194093725858	3.3900539164322487738088561019857973	3.3414726665133882900661602987210989	3.2929739426704920106956708437702556	3.2445239094530376570100985691460813	3.1960871781035250996093191285995476	3.1476264985345820270410886154774861	3.0991024127392047822598459462161123	3.0504728604524849918083723289236094	3.0016927257328034616856931758433241	2.9527133103293966717162666885211172	2.9034817160257345878603975744513467	2.8539401132820927756451428331784251	2.8040248670012778027262056098231115	2.7536654814694314129732462235949281	2.7027833145514632084868819227566642	2.6512899946762880749001544776684918	2.5990854509716143593013147409432816	2.5460554339602491352591695784682888	2.4920683566172233969142506116860984	2.4369712155375485835284357707395905	2.380584246834497172440781897752244	2.3226938100723714562810067269160791	2.2630427397811515455060900912690289	2.2013169935004842009422169199161682	2.1371267391164476042385607265917893	2.0699788336600764399321340453782722	1.9992354864306822088771095178279847	1.9240497696060147290187858673228835	1.8432602121270167142932137068083519	1.7552080722292361754945065212776023	1.6573952355211513865156807968792689	1.5457731937952796362187039680734552	1.4130282697178334732812192375702136	1.2433767304747314603573908891512287	0.98811888809147373666548133231217841	1.7067968520496156029709088267344154	8.3496127180506986017218371852316563	13.892695167321455774401756321447866	19.08113340644162903540456966659297	24.090353263505655346983426169823985	29.002281399014782568500880904575109	33.86807788186080287385109539635934	38.726775460192637228216071199651462	43.611613674206993319257496351497408	48.55051389715145700480683615510247	53.562965393398833923853914748774793	58.655347887673639638089312888741557	63.816680781637667224271713246025432
4.541735380649178401409945235656443	4.4829386585834280528685673063392247	4.4250310298129615730869596316758666	4.3679551380948381131498778560954856	4.3116576381079180035894965737887043	4.2560887726343247525640845241015753	4.2012019852611087210492011963490282	4.1469535648761167671889770323900182	4.0933023185266094460744677805746337	4.0402092694623404062369333375318171	3.987637377400948995703759803387364	3.9355512782382328694050099653558363	3.8839170405784429621825487221349764	3.832701936583664551066508536251962	3.7818742247351885287277712621864296	3.7314029421624089407646848903827461	3.6812577042251877171548314978712904	3.6314085090299352190447870322064886	3.5818255445135678062994085132575828	3.5324789956382678623243780427221705	3.4833388490946464634463758684468603	3.4343746927028996986436708665868224	3.3855555064173084872866504870399371	3.336849441462197694133214742183747	3.2882235836357434038094943062863469	3.2396436961824295303622025569622299	3.1910739368175777070641169627657487	3.1424765424375404461064656054577326	3.0938114736990031055665066093737557	3.0450360099078832642289579472125916	2.9961042823992629362441641793076272	2.9469667316405202459933154770822009	2.8975694694143881937957642208263842	2.8478535223001777543531802948646914	2.7977539257948373845912553254417945	2.7471986291164764139960298550010102	2.696107158011457586820005852140168	2.6443889652630609783684916201204308	2.5919413738475024976570695013563736	2.5386469823879064034797558256000588	2.484370351387848493111336370847209	2.4289537131729073049175084612495727	2.372211334627540905994571184805257	2.313921986352967964546400461808893	2.2538186944756986624114974996832846	2.191574499911693872877711840468588	2.1267821904880419394044259238574903	2.0589246434595750921019792010889889	1.9873299854284280340388830109837641	1.911101076038758143046123408344033	1.8289990961797136592213167472613004	1.7392391336570890009720338539170489	1.6391008590340748745971514064243686	1.5240998056917375898406261829968913	1.3859170029512690119472705033323725	1.2057326494135832469597929577191538	0.91820156727982957600447616245167886	3.1775549598028393328706810130155978	9.4453301899714530948722036708336218	14.904403139555498973941947008599937	20.055491251020472928385805800808232	25.04641526116391730149441061856216	29.950925470828217201100515677454326	34.817129410050900916956507025784174	39.682792531365157439728171096050631	44.580297159571986240370646685567628	49.536278677760082439727190401818694	54.568040526054619326590360123102748	59.678827040540938813137990955520766	64.853811940949803420563786255020334
4.5396869041560119565522534867494113	4.4807736507303694706323847160658534	4.4227486356374000461615278978357803	4.3655546607263161831007473543343575	4.3091385196314062803545194151472904	4.2534505745537289143815343038699771	4.1984443686490467239605576968452402	4.1440762702680915967170317494044406	4.0903051455909027930340795848418581	4.0370920564511382353337437641771218	3.9843999803633980086244729327191851	3.9321935499512464453001082578163583	3.8804388091261283995116987630220606	3.8291029834905962993859669037392635	3.7781542625312174048836805522187287	3.7275615912272632289365994755280628	3.6772944687285102730651549226869715	3.6273227517450877343011002388994107	3.577616460241333608463942835366056	3.5281455829265600427753812335778503	3.4788798798813626383826410866098213	3.4297886794384064983991114840054737	3.3808406661371761002930482858721782	3.332003656176018966365540928186419	3.2832443562686668740451967635286641	3.2345281011453129282257256987564025	3.1858185640804975936792185241764327	3.1370774337276851584495916284635548	3.0882640491208931564367190162268766	3.0393349828703779839074385330077943	2.9902435601986994857962077518444954	2.9409392983518916448182003990840287	2.891367246824838694406574704611662	2.8414672033981476789179275432388542	2.7911727736891361245487725842796993	2.7404102320308628278920662317275727	2.6890971279334828455156378661843697	2.6371405635499686076634613424702503	2.5844350410381179239444402076192799	2.5308597407669879904727319304417836	2.4762750361115781004815662551881523	2.4205179687608145078452752443411461	2.3633962846556048280173199043011326	2.3046804389461581543799234253028314	2.2440926736092361679118360942726288	2.1812917723919587471528860955808815	2.1158512523796487737161907385946854	2.0472272609334755365376604225021842	1.9747096911578882241868823242030129	1.8973446347605818058933861562710289	1.8138049615161685493939180289100928	1.7221598300310619324146887099483987	1.6194272787301537975444016274746716	1.5005960910720270561689184782696193	1.3560821885589554128220364637521173	1.1629457011663245373972317899761671	0.82736564224867980279759290573945894	4.5479903300293451186188326126166207	10.566035538978353322176723750038887	15.951492203522795271714924005594944	21.068544603797280477253361827699343	26.042942903930054609959612968596997	30.941437261290237904102217069230857	35.809468196938962726987195752966382	40.683641997259389538551177252115044	45.59540765123387152142818776452495	50.56988934962403032019361585917043	55.621895053416058901718504185526825	60.751218874371352963877187560392598	65.938896095052620166940382807429818
4.53753736741774438646270441939494	4.4785024264319892380907483903110662	4.4203548446010777676396432907983164	4.3630375859579672909150523882829124	4.3064975863006080417639790601243558	4.2506853295646911624029775484203885	4.1955544598880443186669986202180698	4.1410614255834335397902533113490072	4.0871651515337298998846875382414135	4.0338267367787379651840392447995751	3.9810091742806867632576724267810259	3.9286770900400389261505273583978432	3.8767964988858112945720659713104747	3.8253345743863928959431217153936235	3.7742594304173307869648152176548874	3.7235399119808771854372345480294615	3.6731453928953921934569823533542824	3.6230455779580737313627292134145904	3.5732103071270684550128021715775999	3.5236093591620490699057497047622981	3.4742122519982949947417181775395092	3.4249880368963637375646218014019177	3.3759050830937596121984535689827268	3.3269308492680892545992662756026921	3.278031637577949785449463179892015	3.2291723253464478290319397344573788	3.180316068550067305051352810114166	3.1314239701148114312572833358384181	3.0824547045265111589376974738357154	3.0333640883281779281076282178120778	2.9841045835625999034955118101038248	2.934624717927372854081060863834927	2.8848684010677968300263015949433036	2.834774110656630061429079878126894	2.7842739141455682237054628640732766	2.7332922815275177346702053927530253	2.6817446299487194556369745213309958	2.6295355208160560116380892599614217	2.5765564015109288791985979811958767	2.5226827428741727574807805612834903	2.467770363835006367105295554243022	2.4116506455792724836256557780460885	2.354124202401698705585249656112026	2.2949523658787560484281470244325368	2.2338455024722098396689568146903309	2.1704466300470353695152196791259737	2.1043078519345462058492471973460122	2.0348554426450832030648848875766666	1.9613362713915372577851403084114031	1.8827320055831036066253013396479571	1.7976142057406362369520031342363354	1.7038822102855086557912582045857022	1.5982434757857371355132840045946437	1.4750429034650797649177543157783658	1.3230754554271077730955285762540696	1.1136121822268852050165805518131291	0.69501052604990848987321682162783095	5.8822384967568953465852961331965022	11.713972916833425568222341414991807	17.034615482085037985059151367402914	22.120817893060709633579415565719627	27.080533746133551319920999967575052	31.974541219398372182802670939348105	36.845963055926664346365657909153295	41.730323765488375924834508566223606	46.658022597543394093916455065930792	51.652406834921241151467745110756687	56.725453010798611998299352724148141	61.873179764352769325907190823659089	67.072176896927719840515472093716145
4.5352842053628411014211650797902433	4.4761223489180696538775988832589273	4.4178469489807967138753846396288207	4.3604011355765890552735489997791032	4.3037319895760659603864129902444159	4.2477901186500606981865528937946777	4.1925292690001270254349618117073814	4.1379059690511671328895891411510932	4.0838792015912479469827682780631128	4.0304101011001936809066088209228435	3.9774616732269156494333842807782559	3.9249985335599786027427720889435406	3.8729866629880744061009938804049378	3.8213931770676723844347816882608504	3.770186106903594014578397917798021	3.7193341891038575188364238789596516	3.6688066623893299705078626670691725	3.6185730684193411863404891003379126	3.5686030543296009733919739398332913	3.518866174363883406561852329211496	3.4693316878051641061196593686842634	3.4199683501653398154604437467974737	3.3707441942587211862755335759241519	3.3216262973447481892695219349288204	3.2725805299527922780626072738660168	3.2235712812626796866860255820299049	3.174561154963423011442007055111577	3.1255106282880496465427262567389156	3.0763776653434865198666475832035857	3.0271172738095769727206913796690973	2.9776809914183085885890860979847409	2.928016285133398878500153804609713	2.8780658413366844709973793179297451	2.8277667191758689854845684652130129	2.7770493309418237751356143654100439	2.7258362020599257095426944124957551	2.6740404477230361068738868187657598	2.6215638814651471628554964014004466	2.568294640173470956645161075153121	2.5141041656760130202080408692468505	2.4588433180192028363881661690449847	2.4023372983629517705793359955574283	2.3443789109851195344053797792167306	2.284719461604140491539812094503966	2.2230562156090185426586611240991547	2.1590147196839469648583983535203258	2.0921232229729575068591319359002848	2.0217745165494496743246888406276702	1.9471668848259636420614825130132629	1.867208568322242220728753427711003	1.7803542836721900544580019625796002	1.6843043759738962858658582793971154	1.5753941575504869239927924453428889	1.44717089082840060510790200345763	1.286307937546287447637572719558838	1.0555677376570994291837692529846155	0.40103317322656668563226716319704671	7.2061650079003556869414471542497096	12.891063529340808731216217958907509	18.154484566956162461506581672412822	23.212915901551517631126541361367019	28.15987086071138146261830758662829	33.051054447834180162285978950716422	37.927580766977421102954668119193285	42.82393193575109285297745547699337	47.769294884655694529973720539125197	52.784932666985786012228594647735776	57.879631270360941090674757425911846	63.045300328673545377704495526390361	68.253755803547959539779656361071424
4.532924721437585588714331771250506	4.4736306463646690316218856329982271	4.4152221023834060271446935542939552	4.3576423890189884044803300439097902	4.3008387348046667385023583553527636	4.2447618728106547228576730147394298	4.1893656520301191823313392960810158	4.1346066807777472741593619607626345	4.0804439985564438445432273951847198	4.0268387731047327349885100457742069	3.9737540195567565331769792586684349	3.921154338830991701289840147921293	3.8690056725154339700976056109737118	3.8172750716361795831258874363988039	3.7659304767826460947935301106171533	3.7149405071149822499563939455796063	3.6642742557942844273587172173132351	3.6139010893508963492818696434652399	3.56379044843405388835939379469427	3.5139116472617717103450355535637891	3.4642336689015886064725976222518202	3.4147249532513603957383288830186912	3.3653531742351572804711793187709753	3.3160850022646812279513303551589337	3.2668858474116287957166393234107478	3.2177195779558086625295011371725325	3.1685482079683750373675964302218802	3.11933154629489167002436685579274	3.0700267976312059645291786935252788	3.020588104217329691233220072958386	2.9709660138472123716576802599452732	2.9211068561791579157851861541134078	2.8709520044145057782774713292345551	2.8204369928416126898559596483456474	2.7694904518702014246679679460441106	2.7180328100684524358916991642355122	2.6659746959684043445479052122035818	2.6132149489398227734748040760452134	2.5596381150574119857659708797163052	2.505111255637707099051947487307773	2.4494798251056186508353993625229337	2.3925622682214346278919207501984347	2.334142823002343758110159801040836	2.2739617580294636532683731291536195	2.2117018557011226906841025480131078	2.1469692554188380546865338927274775	2.0792655593950814994420731203395171	2.0079459048657818587095644050182758	1.9321534961412665103465198798612345	1.8507124850555712829172916015129512	1.7619420174449779267323674346030456	1.6633074365955035431309497704372654	1.5506933902007025274619353863514513	1.4166436607509214630448125619840709	1.2449828063125884799017898424921638	0.98517889616023254837558358762281112	1.9048041218533736011558400212289139	8.5336723773842052556405801868590103	14.099017838706912253018007629570306	19.311872791131599766264344783749127	24.345527929885625156941930988747384	29.281729984753875107903519865179802	34.171895142729816281736011170699711	39.055393216241737774677069431010424	43.96565752677315375450826827297335	48.930448686583213900831896502634695	53.968597075184547634312338303388604	59.085319972345313199199511832607056	64.268077223579373568496620685744645	69.483548941378232798564679383920199
4.5304560832035897546576614259484158	4.4710244073656458717648012265730445	4.4124773150799993003943292804000786	4.3547582785564097198869950983030174	4.2978146762404756145514361084228997	4.2415973679075498938635982568817778	4.1860603056928846580174421025229355	4.1311601771811611064442607380327262	4.0768560769803042093622760917546171	4.0231092034623122802608830454160847	3.969882577573504144924482618750576	3.9171407808009404296758595501323722	3.8648497095321237074623849609704255	3.8129763431630167359490305334474819	3.7614885233929935319444840886234388	3.7103547421942736122893360907529496	3.6595439359535915143820248786030456	3.6090252832520367517304918130466291	3.5587680036692557929753501551404546	3.5087411548628907911255660860743949	3.4589134249730977999714390846228878	3.409252917122904693976269875667728	3.3597269224101760029020475599703861	3.3103016772940761951793214662549015	3.2609421006387345604171882601265447	3.2116115048502356002107926393359035	3.162271274478290166100847856866148	3.1128805042813236632111330625783479	3.0633955869795123852282741428120301	3.0137697386163641418912548665252817	2.9639524464392233769901549726465637	2.9138888202487232780509611872993272	2.8635188229110014372711026592140705	2.8127763486871849031668526213813995	2.7615881085054695012622666382380549	2.709872268254261800725839718788734	2.6575367680836236849262831990400485	2.6044772252668604500318338909904056	2.5505742868681579094896995017584766	2.4956902457659693974270868830026886	2.4396646556791685744142225812834227	2.3823085633020026114825228029751144	2.3233967942198206327841041200267978	2.2626574419557888155691990532091783	2.1997572410411617781291363603463648	2.1342807152357232681572138624433833	2.0656996075238722742275280508033892	1.9933265566131946153004605330579018	1.9162420501135434557447480737036379	1.8331734266946747559582936799480339	1.7422814737804119138387984952567809	1.6407515581723957633056089513144387	1.5239159278742641872757783139559647	1.3830330225748844364494914072156347	1.1979803823382688780471051162875364	0.89549949543547180442374276460136466	3.6580687203304794455603991000438699	9.8734778292175895933242114183290084	15.339410195118747733884899946710417	20.507619555558316167334493952200355	25.5194332562152536195600671228625	30.446987756757420404522498894006065	35.338091599673468267281789545300396	40.230584038052908390514467955316335	45.156789313789254136501393670508515	50.14277220363439845233006248062895	55.204543172423841539615883826457939	60.343358374004881851554852347284556	65.541878762315885460467739186820275	70.761232337237607043986090815989659
4.527875317662346578681362946135363	4.468300576119960078591993186212489	4.409609449043555766898829192599065	4.3517455841688923187565460543650243	4.2946565117407714753244898714279632	4.2382932191632217112499464993343424	4.1826097616615330627867719843538344	4.1275629050463473260101262552778084	4.0731117969726871301419906299697675	4.0192176633459894424122767205540998	3.9658435267467798597415973688882309	3.9129539439298344453739894096955939	3.8605147596030399121442133888879772	3.8084928738070540894207784527568001	3.75685602029782509831975515150419	3.7055725533786984315526950453353809	3.6546112406340491001415659479180329	3.6039410589774038397202113738618465	3.5535309913384670403223065336975217	3.5033498211662697837466345493777576	3.4533659217107509039383983882983024	3.4035470367464927277415419189162708	3.3538600490042873469604428445638702	3.3042707320524241041931134132882758	3.254743480690629133899588164149789	3.2052410140423077463648040752479272	3.1557240444002016834918615511704798	3.1061509034220350424955473483305	3.056477115384739355056006990544407	3.0066549047504702214567314113151348	2.9566326220839408315662885659218567	2.9063540681240057442747215606077372	2.8557576901771994899760946993723222	2.8047756174349649082988765369782633	2.7533324915474038470279436843874614	2.7013440346848275465017703295202032	2.6487152777027048093166507386592963	2.5953383433491078331047089959666963	2.5410896397989645254991122211690666	2.4858262619976054397035046036980406	2.4293813124474417792722071500970596	2.371557722868394359036551510033747	2.312119956012858119528719937726221	2.2507826446760915071116790526778709	2.1871946956036803310628493016928494	2.1209164857687917333836759678586536	2.0513861841274964007081763475646707	1.9778682685962910014489073221259671	1.8993714685355178359013490923914064	1.8145109963348633261571023453241095	1.7212612668854792196588010839398177	1.6164707555987594339762070991332653	1.4947851433231747003852041649238797	1.345781286328357960533659867264126	1.1436481588209070473736037962706539	0.76985626446665528140782905652701921	5.279496123582837115635394050408385	11.2316372059060892821262285487494	16.613731150163373194929198956261911	21.742635882063481401339063372390039	26.735508053852532390148711259679562	31.65663109880586290536999970411028	36.550791578428501341517474004185911	41.454454244224849943168083387213191	46.398712072135516162189016126771603	51.40760658302899318852842415413076	56.49390659268013146434971693647952	61.654505314564538713195986035638749	66.866902771195941179446375173086596	72.08617055092715960017140176611939
4.525179306290837397059999191529451	4.4654559473177767173881551990372635	4.4066152126720197659227186122796845	4.3486009280902483203698894735989089	4.2913607771164611591039146595627306	4.2348458752992375471344131670030423	4.179010380472477328360701352408223	4.1238111351757660353228626728556505	4.0692073375745383475404710796400897	4.0151602374996918720461402478002254	3.9616328544469688095796542877990802	3.9085897145590948005073443637126899	3.8559966037626355139984269302566963	3.8038203343446764815021094597549083	3.752028522332408452661447792190126	3.7005893730790335768147230234191822	3.6494714724584556715610658319193453	3.5986435810248647135856650208143661	3.5480744283946262073635642845405942	3.4977325049483662684251060858259229	3.4475858477197071278766767938374079	3.3976018170185962700416852516760216	3.3477468599123651248354636783772806	3.2979862561308883596542301065171651	3.2482838412396141584367778391488493	3.1986017009915870761464190397604723	3.1488998295659817060028393629905994	3.0991357428468726176851792007509767	3.0492640358813947213285656563219274	2.999235871032809477247769817584507	2.9489983799030700860199187805492022	2.8984939575536106885362615749409483	2.8476594214925899968130840452905926	2.796424999738510527283095581448709	2.7447131011656276440677037882813002	2.6924368060407535484491388303012841	2.6394979933107447213325785019404078	2.5857849909669255767893305187656355	2.5311695923143772599637119590863039	2.4755032172895841525411329952177248	2.4186119029143613555841824417552513	2.3602896620053121687628360595192162	2.3002895227922487437921072353269766	2.2383111985522168125365019067093335	2.1739837343396815973980442643220596	2.1068404444260802467943451510939675	2.036281603348130247659414472903152	1.9615168675297687223562488985593788	1.8814724222278413926996881828776447	1.7946327578404668728087716026601264	1.6987510874860558101350515710444085	1.5902659089872239817632454384139944	1.4629557978144722564553513355212396	1.304141391860232728871159326829653	1.0793792816041830665656670881484188	0.53813424897123030689227833699824262	6.8511702839045277367103994900968264	12.612691306339590641763537220390961	17.923426173307233355165228176962359	23.017911392605453527856769955837906	27.994733917517964147314722776644844	32.911767721494357099688434473422053	37.811271676257749666240341689863708	42.728426160515094747748115246457061	47.692901400465629471846204767990584	52.72633025384010143248333903293471	57.837789853877944385785755480182892	63.019403275654739168013513172142096	68.243124365134681597294490543394812	73.457320296966767259049938698546058
4.5223647797709592505333993853696688	4.4624871607071046448409267022314288	4.4034911551771082723063200233614356	4.3453207690025875491618014326042294	4.2879238401141478174736639628388116	4.2312516122859807784453895037515402	4.1752583450209030643518905488111745	4.1199009556068409468681243799569698	4.0651386896709106218494846631658035	4.010932816817868525156479396880795	3.957246348159703896282296155924934	3.9040437727258602075180624710193381	3.8512908098903730159324252940780558	3.7989541750632771583996581896691381	3.7470013559678965274979860148067174	3.6954003968607217943976490424736976	3.6441196880437946717534330436517619	3.5931277579638089201789651251862203	3.5423930650831730242586316876370942	3.4918837865346617784597008160401012	3.4415676003220700351235996000824524	3.3914114574881962061004402924463597	3.3413813402180190562329223646970679	3.2914420012507398231566957807693762	3.2415566792047647919013153924148568	3.1916867834245455858465968186882976	3.1417915406743535295068853534034868	3.0918275943441645042161528962960302	3.0417485446774364950612447313393566	2.991504415718949260885881420421353	2.9410410309859281957004345836951592	2.8902992749725219330664416665737659	2.8392142110593346377681143526436085	2.7877140175721872396918213208529358	2.7357186916842279479225974091203071	2.6831384542016136286493749541950864	2.6298717649447905450170912282077874	2.5758028252722739510167738748412329	2.5207983963729891354648055783636468	2.464703691458590256019055204758555	2.4073369942123153700104174950278953	2.3484824935853052358250278140205083	2.287880569862077595601384332654094	2.2252143542094386164435347787975687	2.1600906945490592346886559931056071	2.0920124651895644982472709183824898	2.0203369911445581628159315863940185	1.9442112177953620705497889675684885	1.8624658145693618404346533548113925	1.7734317437327012705979950247600441	1.6745971714367785225711858708304219	1.5618952110897162298245394244741167	1.4279887073738937601460627132235204	1.2570767954010327008745581831809708	1.0006476302939084881305348374318186	1.6511951676904556936966282315244371	8.4054128150347769374897313670667633	14.020258652658107342492171686996833	19.269926055486888619087147633444554	24.334522937645986562298990626043315	29.29820811799648500352672479356867	34.21363761639984890979267661917496	39.120946177383437515221425831892306	44.05404480754307695116227570554572	49.040914187893596674132681900877374	54.100337854566151019489211349161927	59.237230617113594156081894883362151	64.43853466988548684379492270509833	69.670230099831959378756046842510721	74.873093790695606060161974205270954
4.5194283123940110667564227660334602	4.4593906953207262353872763208969969	4.4002336606173523514152582288351672	4.3419013958572861562440877117427087	4.2843418940050190549921289038295102	4.2275065266775947794522148483721096	4.171349653617895913297903942527316	4.1158282643646915335784100782720002	4.0609016484105381222733545652802628	4.0065310904000181015269429580379681	3.9526795871403665326616984520097002	3.8993115833786949720600801022645372	3.8463927234447509633891984682321694	3.7938896159661925074121508149647533	3.7417696089340505482425387882420924	3.690000572425277674945787989523319	3.6385506862750139504130975947957037	3.5873882299267352619996840419300771	3.5364813715669557143538969321751163	3.485797953462286602128404869278541	3.4353052701480895478426357389222577	3.3849698357518119236461166407985282	3.3347571362486132318031847313278461	3.2846313618123842641772641182248374	3.2345551136020337785718441558838148	3.1844890782599981332503902530452553	3.1343916620260586427818071049709845	3.0842185745913908417985169971375235	3.0339223505061184723483838031963143	2.9834517929305576258176228806456929	2.9327513205410642056179919870680717	2.8817601931183292484662860482666307	2.830411584266423866499419583891362	2.7786314601280080989439641888822395	2.7263372098352761906812936319238478	2.6734359552345093965414952650737402	2.6198224418280188891917528522287925	2.5653763763398764372812955334538374	2.509959023276279975204209271018557	2.4534087944403873778051883678238623	2.3955354470452804778805356773384226	2.3361123234291250017986011161642002	2.274865776133473727428745352001138	2.2114604505073928267764791384484464	2.1454783019147863727868671976313252	2.0763878307956148302777924101401415	2.0034974597169365262148375943715637	1.9258820081740878560285619685781868	1.8422608907434540186850334809592848	1.7507832662714310121975099240397032	1.6486162874557825261548903673796959	1.53106080087514506793630759988182	1.3893121729598484619584652472429089	1.2030827776466970034271527390455797	0.89831071813002964722230754408679668	3.7081591758400416629938292637989625	9.9594659022697946611134354964566381	15.457372426188717140208689518181618	20.654672386594310719373986053748878	25.693645108126201252133455308110079	30.64715564332583692906148800122617	35.563625239383598089988003807484088	40.481374621735438006544490392008529	45.432975674008843447945991967778258	50.444373697778605045752438897219307	55.531012878507197787093412147150828	60.693162848172236202441296455558095	65.912168429353515984721987835231184	71.147532813692898080216793603584098	76.331151617561854159620869414195908
4.5163663161199027906155694435199849	4.456162863341866919062530003220992	4.3968389415520087459324009362988973	4.338338921297238719041225940372852	4.280610950753617805818304152957243	4.2236065285031249904754092014511728	4.1672801125773982543499022028044112	4.111588761716048179493530665025137	4.0564918050947030400282009563461842	4.001950537039487938768200648922265	3.9479279334640615555716598504988038	3.894388386946113330296926389057575	3.841297457502926369853126367661071	3.788621636230602515204504451231321	3.7363281190369496229695296022569464	3.6843845877219315649935634174584925	3.6327589956367522789422339136066536	3.5814193550778992991357909061921666	3.5303335234377108134629562210612222	3.4794689849272608810569395660937997	3.4287926243971117946470515409811265	3.378270489387876013751258182802397	3.3278675360218234159244411448538359	3.2775473536668707904810201222850175	3.227271862422656011970275961167084	3.1770009763391145759845936634312788	3.1266922238044130657111016740895602	3.0763003146292386096151068800914882	3.0257766408666996218668985369607453	2.9750686951486984769805313588233819	2.9241193860190097475762273706501151	2.8728662240203629113977999784174532	2.821240344602695044223848350836058	2.7691653234763208607121819760273085	2.7165557256833938275088036026357931	2.663315309687359628049263994694377	2.6093347795805923441653669880978166	2.554488938077334151751082528014393	2.4986330339840333097525062289928364	2.4415980101780333883552073882107571	2.3831842250642084353485784071758454	2.3231530137018826917637320718777624	2.261215124848992034829186346398012	2.1970145275467920077854611436531485	2.1301051568451205950138488686573936	2.0599165292241121952115323724312854	1.9857011061366294873291835666041611	1.9064502555259250235931967321890512	1.8207528552107505883531059767398482	1.726540780927046673553510005344022	1.6205876122232289826911455070292054	1.4973895631964103483731782841003398	1.3461607471085433007284232284073055	1.1398390450644623480955339879437884	0.74784749727767260316817982076163316	5.567577030732798353655929785398246	11.524122042340832136200739919724444	16.926687055981785236893371485807093	22.079140404002579864342048476424829	27.096562857246939269805935248076576	32.04294297803822397514834218817235	36.963271867905009206224970319556565	41.894267075450703349802234947355723	46.866997648649736086957730297914246	51.904948170373771422551656990922227	57.019693094536050094849702288378988	62.206369615463114316910695895404406	67.440294037951400464197642952814584	72.673857513023450754473920487510507	77.828058032418017991424767059975715
4.5131750342687981755835464574997614	4.4527998035845407149461267115894327	4.393303032290234490866807078700952	4.3346292746528589771289038212510216	4.2767268337364710139974774868179597	4.2195473336813543421633033191775666	4.1630453282981913252886186862048618	4.1071779418863523952726822967699344	4.0519045384943112988753828105334097	3.9971864161018225335555697016029271	3.9429865224224740950452318495421434	3.889269189204381983516656003602296	3.8359998820471564229688488159979335	3.7831449628542401133976816660454151	3.7306714621004374527637502370592384	3.6785468581108546702119796529489306	3.6267388605161793691555360006472183	3.5752151949628721252999524140479219	3.5239433860071050358690331810409591	3.4728905348971992049638459303506326	3.4220230886347918040400785516029911	3.3713065962811285395964225955669938	3.3207054479151456389759124650577683	3.27018259091946010457026578106642	3.219699217324282868157508034459773	3.1692144147144334416212269802953856	3.1186847716201701161696654312071068	3.0680639262549465714298801006381292	3.0173020447785973888277271889322079	2.9663452117403286230127181196267806	2.9151347106939650618928095195425959	2.8636061667566343145191386361713875	2.8116885144979440556850848453731877	2.7593027431241811661483622608954836	2.7063603551697404075521776368142426	2.6527614528976215802163048679241928	2.5983923354049256253217175082081922	2.5431224444754144794982792701997178	2.4868004313138119753236145495999428	2.429249017775989386677940737404416	2.3702581752102450273149283528375722	2.3095759084810651043096970303139029	2.24689555385842038662390776761299	2.181837870532094834004527714824527	2.1139251229326486672715224487171523	2.0425424060731257327801146337192321	1.9668777881949351061227185303745471	1.8858254418959744301129019567020324	1.7978198339577241725105535754917842	1.7005304377323503733170829775786653	1.5902415177368786884475641814466932	1.4604046889708443915499560709522883	1.2974728884585567270686208350495103	1.0634501852424190976317850624035718	0.3783783643255283278435245106213658	7.3552660574175048074034843622219305	13.106889132968149867098270177504145	18.430613628422083953615940863481834	23.544860858793924592196260367924471	28.544686417018365701831424646554854	33.48709340368463881493693265992267	38.414287329438787093377812862754986	43.361485799378762088892593464015226	48.357989720474740869593039415090618	53.424321803231093796980733951259373	58.567627690573261712829627563228418	63.777425804617241734905561836122177	69.02253857135104313555723580528982	74.247380809635568922320689474693225	79.358622593131843592955612752315467
4.5098505348210515594595081881430493	4.4492974745627054080871533461254755	4.3896217817075457375399303727514884	4.3307681944817484127663309998793963	4.2726851699783354622919705601162138	4.2153244559243510693862340065920558	4.1586406988026777733132738600970678	4.1025910841985015863798981587069348	4.0471350055497858486957127550741697	3.9922337577429138465054307701308076	3.9378502522129750776674861745406372	3.8839487503853995488987966117258266	3.830494612432900736626278231441372	3.777454058418839718230841965100676	3.7247939389524861151986506519707026	3.6724815124908396237674279615363463	3.6204842263801935687188393533262756	3.5687694986314818098724055994162325	3.5173044972575482928652238947510166	3.4660559137555951055073851291739176	3.4149897269768470211315421340887105	3.3640709531684009182623971651673703	3.3132633773684450176574465493940566	3.2625292605500057540031455965499945	3.2118290158896622292465068390741767	3.1611208462178640743655207713026658	3.1103603329988382070765440372500258	3.0594999649641887902321631698629131	3.0084885916189084289824820270837067	2.9572707830145347941784422696892339	2.9057860721128561585121111466032338	2.8539680492771691212586474030400137	2.8017432692532419680894170311216993	2.7490299184592278897487278806658493	2.6957361730414826984516878628231603	2.6417581537937236966758548555221487	2.5869773493438547242296846649903026	2.5312573287889094583046045047188447	2.4744394909220005801796466129005745	2.416337485852189286499147989792985	2.3567297735771575168017562162889017	2.2953495140249236003227099707077114	2.2318705449079192821497080844955957	2.1658874691451807989578565266249764	2.0968865942821097714167730808184063	2.0242021358611365021611783112623541	1.9469476150473615515937512037404204	1.8639031709892006321521316912311765	1.77331895007445565492870706663509	1.6725437785477186000650747348943999	1.5572437191863107896458986650071087	1.4194819902254539356736451629845898	1.2417084252592249825604801210800581	0.96647059286120548593465162234429191	2.5687682513668429870319426557184759	9.1151224323818005791977661058697532	14.713416842722976628507067574520567	19.97141457726054248191322720609451	25.053442135337909175783615168698386	30.039568602138674663110019260823998	34.981303355384251746963080266119578	39.918559944967112437369827844020831	44.885041720191401003796334885942684	49.90790994101996366229006435280806	55.004156935124753267796097102014722	60.175924887652370097032575499491654	65.406628266957164907831032614813282	70.658059507374698785890277707115984	75.8653893916287414649368513340233	80.914321931717734740818959648276126
4.506388703298917049338237063994155	4.445651647119897754739487119828182	4.3857908455990985713349040547914608	4.3267512206188473534578828976013911	4.2684813818700628475290987706681541	4.2109331980908209341327658057011009	4.1540614046902848508863855630882484	4.0978232435873845311339330331235232	4.042178131403785429335909626926789	3.9870873524125182439642391060131417	3.9325137728605211559180237023468457	3.8784215734586129311946304408340844	3.8247759969663064127057703669139876	3.7715431078908451170028676178152882	3.7186895613681524408334160913854568	3.6661823782936904138973186871710463	3.6139887237186354444485172389526512	3.5620756854136531779209934878690267	3.5104100493184505181064165366931611	3.4589580683272646643058489023331945	3.4076852204902396097807916936256159	3.3565559522153432964360882723867331	3.305533401404105033122189069088286	3.2545790946057407416817775767367963	3.2036526111743662927987703495472772	3.152711205988615291812744909401081	3.101709380443555268505312779205982	3.0505983890160039398613919215888601	2.9993256655476131414533559358287756	2.9478341492282373522637917647602138	2.8960614847256502203502824826379225	2.8439390634773113845524124003668602	2.7913908630810107423450196055266111	2.738332027891368653780784673940977	2.6846671147115579618043552788947847	2.6302879003858671193640379106005739	2.5750706093452114927223220894269899	2.5188723627582284302423233378247401	2.4615265673194277706374949918107476	2.4028368351358766859473494220272212	2.3425688301072660892368370398484799	2.2804391244790902251099409473026897	2.2160996387426097679773828132622129	2.1491153729452184254155915730283248	2.0789316117260497493962882592631424	2.0048239636915007129481469818160238	1.9258190686691674562929699174286178	1.8405621858147544846035964722708132	1.7470811784110746261919255071055934	1.6423277534967776569887242716162737	1.5211722257550610948708508277660325	1.3737797918843047473298869143995802	1.1764941253893569645955929844639855	0.83103827621225023628714922062297935	4.7499925783152352130250465325767058	10.869471208683976050708920548197216	16.348232111976685794749024271841137	21.551274521572111414695658626496806	26.606593569385047279602658051338725	31.582924426583927690668089237502383	36.527459023313623570931704098628873	41.478163120775378598356877995443338	46.467083841239989407535649708432758	51.518765085525523822763334141921357	56.646046212137743876506068597058757	61.845488408713784901314092223250978	67.093909620950423416390482005428559	72.345400825349554711922666253817328	77.523881185342936712919505695475493	82.476949379898773638078904817826946
4.5027852352013708910649845056165704	4.4418578965881667657108973907148153	4.3818056785361151846333823621639094	4.3225736857010833610553924991018746	4.2641106783289431131104472756889098	4.2063686429466791625784800002342392	4.1493023994591715422015537892355603	4.0928692404395498645947942063706815	4.0370285987113498958427516492485852	3.9817417395824009255104337334757263	3.9269714743055577863419356306985838	3.8726818915142141319931766366993657	3.8188381035104991593463720957350103	3.7654060043703620597704464133667317	3.7123520368709801896368181299972874	3.6596429652363476759786742381491346	3.6072456506322651873847772929277216	3.5551268262128223422444569104624184	3.5032528683163755421963097229362817	3.4515895601152873370728447451819235	3.4001018436210055556852878589158542	3.3487535554087085741229123248262955	3.2975071407205618093250061347941536	3.2463233396884279497531552631833168	3.1951608382260238855867510749492544	3.1439758745961181915057732223077092	3.0927217906518619472610908884474542	3.04134851413177082777773382159979	2.9898019549490201667132663324761758	2.9380232938685967714836293140112823	2.8859481359003919673505230931326757	2.8335054925692573734859327901568577	2.7806165461064544031222993379874589	2.7271931332943903264572104960009408	2.6731358653273647829190318121983497	2.6183317697994339135079709899532377	2.5626512974205035637700163426732077	2.5059444723903113914445486409215927	2.4480358703733285216758457613529995	2.3887179632519036445979768124108608	2.3277421438583960933872583608119076	2.2648063814697746276442956361842854	2.1995378593478698499512836673755656	2.1314679178388652218535158831701204	2.0599947888846371526099739163792543	1.9843261527210486909014743257111659	1.903386641544065976020634060111065	1.8156605242403829392167685791721397	1.7189044858091251196892728087106353	1.6095707582145544945592588293245892	1.4814827030410470172660197187754151	1.3221201712487234287439252132908203	1.0978502987090055465181950194342967	0.58214163976541491967797820645725093	6.7764160453028097684366012226023759	12.631928956464381451892173646372565	18.015158264068864657800628166673081	23.172357206762040200418764253048395	28.206150658339080284918875195818075	33.176652687623869341015986947366052	38.127651933659348525489480717128583	43.095356576968996232756834287241614	48.109879522473404515226604590761333	53.19256944054577108541164373915345	58.351453401187555634206602599175156	63.576940537232873860118501389904153	68.838729663381504907364908446871227	74.082289354720335136348587919162508	79.216810306628285867686642014174447	84.009538191150649309961645907018278
4.4990356279602857343698530905927344	4.4379115944424671227322366015033466	4.3776615251889558729317406196519498	4.318230706126526836741392423847347	4.2595680453583812481355342306439029	4.2016256432858510840028449392435014	4.1443583991448747807710431996474531	4.0877236497020778836084344346649925	4.0316808361663221247709466517427239	3.9761911956320072588924620013251465	3.9212174735843351109733000508030796	3.8667236541660900280290835903119172	3.8126747050310190275912022031686061	3.7590363336892927654706467897475541	3.7057747522827999649344476535479386	3.6528564477085302556589341452786808	3.6002479539293709162762589941268484	3.5479156231649746622238616149357346	3.4958253924291852161481076505908153	3.4439425415579928254397333359969832	3.392231438432758785452916991128319	3.3406552665197843107681317732134136	3.2891757290816546543025228726701691	3.2377527234192747125520142169340131	3.1863439772114135153290127334500377	3.1349046373395803935097517246708784	3.0833867994020644287106440369469899	3.031738963263662735730568779454907	2.9799053962277584908971435899523316	2.92782538043132987519820462504927	2.8754323143935789808541554301398088	2.8226526296361357323169367799782831	2.7694044709799302708553435279536962	2.7155960720942432983186709548414648	2.6611237340020072372315239315016527	2.605869280285946484348434314744595	2.5496968136344476490840665369359694	2.492448526080892950930648420551091	2.4339392067442332274074286053933603	2.3739489242300871377848058244765227	2.3122130985793718909466086686955463	2.2484087530514090628931708020367184	2.1821350260980318781779259073326976	2.1128847913651870627521213247244158	2.0400019966786853938366577900152375	1.9626150505284529672267298985653027	1.8795278318481415892253629544555127	1.7890304912378189503609181735255343	1.6885445099119177925480250386576112	1.5738825840015407534473657381221303	1.4374543336522589889674917390192764	1.2627734955487936029817572884660617	0.9981858834408203494547398546760814	1.9885857316127287635740766600836054	8.7421222656428821334855731938880667	14.411823486629169803616632471383926	19.717574470144340023445453765129105	24.836854759592745767733130065539389	29.854102578733168629303625732292256	34.822858767053663917303447512392878	39.784191682290914712141183974194004	44.772579765548090138732786905107186	49.815783441114757288833911476678184	54.931291170123114747112231329804777	60.121641254688620004736604348884554	65.370528361174134038418327325928875	70.639934244320192108869514473620394	75.865324917349325538534779245247316	80.93430015051526480794662333963897	85.577722607255066121822067266285901
4.4951351723837236895551739576606036	4.4338078994131194654824963518937946	4.3733534110762620384123836819152264	4.3137171724044292939407707937181632	4.2548482359592409790848537703012118	4.1966988113595046015428603295238243	4.139223871219479658327087244718946	4.0823807891988342559471481580864947	4.0261290061761930986022626424831479	3.9704297208171600664493074294274768	3.9152456010195322412592975940173877	3.8605405128841990707573987827203646	3.8062792639804405003781697463290651	3.7524273577476379328133655905318891	3.6989507558987436782098202378377588	3.6458156456588145512406346975268107	3.592988208577959582072016686559786	3.5404343874918291451808056845291332	3.4881196479513746759855860428789067	3.4360087300892893082712146602904109	3.3840653864109146859240557089158812	3.3322521003610599688255337008632889	3.2805297796851383590656540966175794	3.2288574175192261701412447608194253	3.1771917127358807912047253415260586	3.125486639243483487495593570487666	3.0736929515505363667148345816870991	3.0217576107798504819792099892181566	2.9696231111912158839982575769844456	2.9172266817841911424459608074236344	2.8644993301879836092775487079154585	2.8113646860584774479466289757629615	2.7577375875050520964588085176800507	2.7035223350423778397057020068076461	2.6486105107661702440486122278182194	2.5928782221307538129782192193330807	2.5361825739809284427268909665040199	2.4783570899415893137217811013276124	2.4192056794405826991145005619874118	2.3584945534959406798107017424588679	2.2959411857319679039105314186428339	2.2311989136077795962155653599349859	2.1638349265446288142359859020734576	2.0932978946859037102120114377920176	2.0188687378689239026810837735212382	1.9395826557624664505707585055340939	1.8540992724122034618988447827197525	1.7604719755156706141823286623284019	1.6557016135202625503929466507491798	1.5347647246607252755168602533897069	1.3881010573119399765190491718196801	1.1930304602951966251015624066285722	0.85936611384296885574667136837437521	4.4735659865317522095120516419798189	10.68559451029873095136043010563936	16.216112541888753448547362790321353	21.458589190826861774530261474247642	26.547033294527332173774403449152665	31.552622057895548971563546074069875	36.523877332956868837043793334615023	41.499613349898966159971954167693318	46.512434660355858833721555632304363	51.587193038668353283309848850084977	56.736784711138644327192652396986678	61.957584288741386992917358697084586	67.226007797204068709491766906742244	72.495563572665011481988795538950892	77.689458541785171369232216926244445	82.655703139760884277072084591424034	87.188032275208456573988589156755874
4.4910789435482670684880357883499657	4.4295417480156356169355995983932224	4.3688761326960807623664683982653933	4.3090277388479880443929654635005546	4.2499457593405402494811693320032889	4.1915825075564672652908545746813844	4.1338930226886650296357788940473655	4.0768347070853879049123794591311071	4.0203669916100117932218629892498856	3.9644510252388582757113031085910449	3.9090493853297488026459433493238613	3.8541258051554034977535007056594508	3.799644915410204615050935162764461	3.7455719964639881830850176452547918	3.6918727381495551857116391268361588	3.6385130038250339938301152903092147	3.5854585953411287892023650697019185	3.5326750153549809326655884520710418	3.4801272231531690701087932686063652	3.427779379756575451117519480690424	3.3755945775543777043156620730385144	3.3235345490194512625426262134283856	3.2715593481488451091677961142087231	3.219626997089975378171876488437011	3.1676930888761696376618159371140891	3.1157103351944752301075842277424668	3.0636280454939995094839487631479236	3.0113915203086664555616348522949802	2.9589413371234688107592883592745945	2.9062125010511513720076980610386928	2.8531334244207844357977385106184256	2.7996246882659760926324525357809188	2.7455975233911962260981392807464388	2.6909519273349308761232425272064152	2.63557430331160843620901139753588	2.5793344637388395447875845530533834	2.5220817773504848897846297542258982	2.4636401440403074416722203590827592	2.4038013370698689637608291477095656	2.3423160268058939333559454538537975	2.2788814387486715630671878138553068	2.2131240011958527685577222527477737	2.1445743144914621556033311744597414	2.0726299457156591089689545986168675	1.9964981193441180952951105684370507	1.9151035206519878160149643480386351	1.8269316720722573502987207410398726	1.7297433988876203445754418219633894	1.6200024445121231302589767517488074	1.4915647640401015213871607180466364	1.3320171384439745986059642408624706	1.1082377911214660346820298338201664	0.60627800458970105650347287305789233	6.7201622135528077165757302882508415	12.627823839526474317193011534999492	18.050350708896251757361317874380569	23.241165434857723138037273992212852	28.305277510631864993999466119603167	33.304097127352521103591730885917837	38.282292883934090926581393703866598	43.27667645210624489422474389686303	48.317654862687816345556599934821822	53.426488358855402378180599724152458	58.610707523159897619862854715768281	63.859863306099539059544624442853046	69.142496404411829271857580649357832	74.402575486699029317347391385067038	79.546971228653274258184043804888596	84.335893315558454028534424606668934	88.840596309366350009930119237967606
4.486861791099147055288761217086576	4.4251078444527027810614349738168293	4.364224246990094711915250634624573	4.3041568125566816485124374724129694	4.2448548693714618601287266884716449	4.1862708282714969981681947057420275	4.1283597873172428244302709384657105	4.0710791683666111578483426143196093	4.014388381535659304607998829988064	3.9582485137199011501392424536581234	3.9026220375559445142871257518015813	3.8474725373596489880926951834257958	3.7927644486845350348788956151009677	3.7384628082007865809983737452943425	3.6845330105955291338942820916571561	3.6309405691353471950416227515742594	3.5776508764010458604889253708203378	3.5246289614919022361020067549762738	3.4718392396864943674024415593484153	3.419245250116933709666381360919415	3.3668093764370867028091986540132414	3.3144925447043134724643098670244417	3.2622538916998629321754392593542334	3.2100503956187424092522440701926872	3.1578364593757699977491590411019911	3.105563434579035613975906180934507	3.0531790713470647911690372145073407	3.0006268753593059757398937451459677	2.9478453485046190787665489060148453	2.8947670827669721079514936766159001	2.8413176678955728666762704056261374	2.7874143609822664515808302941349764	2.7329644488777708319082420603493707	2.6778632102760803987409823724225684	2.6219913499967743233199668327995753	2.5652117283881961240939899415385355	2.5073651357296851445535512361390215	2.4482647518013838769001964383716842	2.387688762309787364141335744602845	2.3253703386376650278033941795980795	2.2609837579047113854326775498898148	2.1941247220296365799595708889271082	2.1242816870557353830163469291107191	2.0507927492022074469461854509415748	1.9727782959724655528788080469747632	1.8890307575555062457304662781524994	1.7978230976579332939861462853849363	1.696549195901343294411006328077591	1.5809728812635414272166935980476176	1.4434031566096125270745606965958569	1.2670871079034009877358711520813968	0.99916998497176845687450562400059758	2.105651645977123034459817375128066	8.8797649895741993860595940968633851	14.582204592987805585890765032022136	19.91923358395797468547310054977382	25.068218753967717704210865827685022	30.11413585605135633315290873842181	35.111163555913782393706423959995687	40.100955176540930096176790638137372	45.118351658382296238741921503366387	50.191057917419629625341019345142735	55.335954319931226399457802657992824	60.554419113237078273826005158547447	65.828536614611786411097944341338983	71.118279284564082627986064997561387	76.356411042369365639911975236475233	81.424898093065527319648790301814964	86.049735804493028267015499511261287	90.53554795332738021520262763863352
4.4824783289125025110554863931418564	4.4205006498393168379278913214764869	4.3593920600871365545010774296972606	4.29909854162961241050676827858897	4.2395695522107869806244499386004695	4.1807575928913907324881508982610794	4.1226178119063379124126740949251275	4.0651076403922641934829386750202657	4.0081864558532299135273800888150485	3.9518152694863973413100261317195824	3.895956433690999108415549197810463	3.8405733662353713021220818627363751	3.7856302876557920218307920107291064	3.7310919685077742248340943055694021	3.6769234830774735653253556063675213	3.623089966084049610005068496177897	3.5695563687511636837588989948581557	3.5162872103858883535093098256009058	3.4632463212574158165652390885093384	3.4103965720933776175131820377442507	3.3576995848773416070874804659287127	3.3051154187957382059314334289873652	3.2526022240910322888112704281713918	3.2001158551576678962842978658555288	3.1476094323655066741603999687997737	3.0950328396784162600114712935002985	3.0423321419626049456443997829093806	2.9894489016880794369955352255248501	2.9363193691483226941871024728209389	2.8828735128298756181766543118622857	2.8290338463948178051551823785989002	2.7747139947822297850992043109304925	2.7198169225347313261798069937023898	2.6642327201138168189422409421541738	2.6078358048394880596592095238760302	2.5504813361462576836237076616598308	2.4920005604251041823265794667595999	2.4321946729473678890244550870750589	2.3708265864807199906672090767144458	2.3076096816750802239991948131692161	2.2421920993610896062235226858725524	2.1741342626690752793788422971700294	2.1028757794059649902354290489778945	2.0276850334200379010044475361464167	1.9475792107717497756450461576428281	1.8611908163681997547637756061613339	1.7665298871075022341125367197544098	1.660522060854212321199809975754014	1.5379969282109235835266804912558309	1.3890491561444658893100318695510645	1.1898818910341370182176807986531143	0.8420416968814503020797621224851954	4.7941239770090168524331520525235847	11.005310978785919713068006205047808	16.558242933863607932777962527716348	21.826933891270882380851696869630509	26.942700196125078955993389912980443	31.976366833936970435040661844966705	36.976735776962462755109553246568178	41.982985575674895855322164170951644	47.027791062251860625301715342617938	52.135477888776339589345583581070843	57.317683533852510901441908301954098	62.568859329794259957885973150769362	67.862979490547670566984536528575306	73.150538921707201115275500761453042	78.350226464409915518658739264381008	83.292309312493808659116407237456903	87.80690084311621826078875347043822	92.273025493386387769564517812325275
4.4779229240696246942920320434224026	4.4157143706961455609921777121656038	4.3543736152667806090490673075583796	4.293846802545102080549353542807928	4.2340835130426437147470696577019813	4.1750363298209975962322830774041412	4.1166604415365475866978821812027361	4.0589132772363252577585512609464713	4.001754168720556001890254601484913	3.9451440365389827726833204999778658	3.8890450958844877114055082834531108	3.8334205787922367253901369707327046	3.7782344691434660873718799315675506	3.7234512470073069797629460758659058	3.6690356388269847126098955632706589	3.6149523698602627035381711752123589	3.5611659151072590445666503784437487	3.5076402446878041517939246861774165	3.4543385592451275477764314429051559	3.4012230104273914198210815195697259	3.3482544007994215088554149043014128	3.2953918566170690149013965660952541	3.2425924656962040780460452668248624	3.1898108710429069406714848379368508	3.136998808870327757860097511142539	3.0841045769557332651196272409306943	3.0310724157757788162021392524189291	2.9778417802010877958321984001997052	2.9243464733117602460925950645928609	2.8705136055091866252966669833780306	2.816262330672942556763243101101554	2.7615022953557218393438501935057485	2.7061317149999012970825767627142314	2.6500349599693701214269903003002295	2.5930794892880039650963902570714087	2.5351119041955445512749492968190688	2.4759527953958760896995885147491935	2.4153899079700586828742216056026545	2.3531689136571430001639278068173327	2.2889807039505529977434870253063077	2.2224434941529199570680275856460465	2.1530769580583460071586812377789094	2.0802636950150945916511325645845057	2.0031897158447285519578791794644448	1.9207483837976000870708593366654208	1.8313765434974480868685465889570275	1.7327540966955078622505336727920561	1.6211970388167305659543364894585302	1.4902515961949445229736411428524746	1.326695673061279481076636083637713	1.0942016478331170826300446733390064	0.50393614395436831757029177441743179	7.2224711517118775705884718415406246	13.123868000307750139204907047385956	18.563257581126570243028825192189366	23.777328151202332993484889921651029	28.867671524687716004210812360976086	33.894985883630028473595228019788315	38.904032879622028969351177639863075	43.931769385061936257445225855403773	49.00827761646525927137006256240897	54.153675570337069363646726344029116	59.37345757755089847674815831877056	64.654401083218822015947346013521813	69.961677136265117383593682238672704	75.234950202001470276459978707398693	80.373263499279017628914036736116903	85.113462477590888422505926030518174	89.607533101025135146679960605208585	94.053173192946323174220150217077626
4.4731896850881225513725390482146109	4.4107429466513067553275216901334884	4.3491626800772569880229600333369507	4.288395186634599155751677094598705	4.228390161840057685169350742265899	4.16910026146272251843324588824925	4.1104807036820376897086076828996628	4.0524889028551079011654992200032413	3.9950841306545239446353265725671037	3.9382272005851335628640209085193582	3.8818801720799023756687514673082784	3.8260060705117029565368953633722756	3.7705686195387176386557488221562952	3.7155319822223413837968139310020543	3.6608605073126759024015135281176021	3.6065184769782951812033376102351569	3.5524698520532964238263495992147604	3.498678010568355565110370748385768	3.4451054749027173851648582359447225	3.391713622311663893173658410658001	3.3384623728107728508446223785643414	3.2853098473832134387486083924493467	3.2322119881504192493900228374898406	3.1791221304171987865295583233576174	3.1259905142428005752511011483100384	3.0727637202253793790202172358493364	3.0193840102770813618037782409188187	2.9657885489700596326640937280500887	2.9119084740692494084501046834507777	2.8576677754376911337797903803122339	2.8029819285972288347917134436851517	2.747756211347383054352665665620449	2.6918836067372885385803816342529632	2.6352421598982382768661237454907851	2.5776916043907403872384379038407444	2.5190689972264815738652478092609373	2.4591829865837759118773752150819511	2.3978061590178124750054831265383349	2.3346646332589557621232197125438887	2.2694236134467894202578293214540127	2.2016668523801661309527323736770537	2.1308666464494157267281203954698335	2.0563385598686275437627296707280425	1.9771704060327408555254857360645293	1.8921053930992760133298218862383803	1.7993377860993996938829859045271062	1.6961257317690829232677097438960581	1.5779724033856711403953536942070312	1.4365983300563019489650123862268202	1.253512182322373041055037093515631	0.9666327740562790764573138623136276	2.9393820334046724011310199422285442	9.5566754614898535793818381691988689	15.252089595460058790453485060235309	20.603275186594640870873354095752903	25.774163626717195783323022239812535	30.846376821609956801541827198202115	35.873310852743731142546733369532798	40.896594784719183236231714837647482	45.950928425480852739244365753120781	51.063149541797473574557002697180967	56.24822403859782149596688183785161	61.504603835603376052358228170216493	66.810669217156432560627222375242678	72.121944058261356038644691052531508	77.365007477383789852678724023691856	82.405999596982640887532737718725143	86.978344408771595993625328267518921	91.451783280483025186925378954459273	95.876142234747298752022344245301931
4.4682724493489961093470410688696119	4.4055800372841614241743406786717074	4.343752732535301583983633396088107	4.282736985571613805628357721060709	4.2224825980687738385721092779770331	4.1629422880533305119877804006208211	4.1040712910891156734879005492766969	4.0458269929065368321487636898876234	3.9881685891781855740559707408153281	3.9310567683876561274574059196733114	3.8744534139231545212953998432526666	3.8183213216561221354301966947854261	3.7626239293338362069826006925254124	3.7073250541219651836486278155826474	3.6523886345690723915400634020731965	3.5977784731237323063783120367845664	3.5434579750989917986405193381498435	3.4893898796338811188673704606792156	3.4355359777213461254601666424599529	3.3818568117244060083058277197670013	3.328311349945639940323728474269312	3.2748566286910256186217597292030446	3.2214473528005114790909805715500507	3.1680354437000421895618179064439066	3.1145695215196559781056879745455761	3.0609943045207599860337862971596146	3.0072499047083118796685441264645247	2.9532709926789091188847389143762964	2.8989857969194398789093421322848525	2.8443148921178728106337241790168522	2.7891697163984028379930045430869423	2.7334507369943850660959836462716486	2.6770451550613276030973978803361709	2.6198239990142206178858388320732362	2.5616383955000669278135174215097467	2.5023147175283265384169608693843882	2.441648173300494348506404662296169	2.3793941880315447023623393955687425	2.3152565940858989734418539228250865	2.2488710908803808871829149684930408	2.1797814934799701810596260195125425	2.1074046183604200791447218465118764	2.0309765469438262617091309560684965	1.9494668737769390965647208426003352	1.8614345226973055240618915893960999	1.7647684022735173221501773884221883	1.656176863954271367689404370772739	1.5300481251300587133709390875320027	1.3753900315375801299064680749927079	1.1646382674015024933809152402394595	0.76515643815658304597879625620747371	5.7255902648657052033291219728692273	11.85437094062576825203563984385441	17.401532063302679073761839981097357	22.683556593453576734558005163858979	27.821192396606786667519527915354636	32.882312066762517496418998359223835	37.915002303231724616579897715141558	42.958282225076186016361855044604798	48.044267739234333067513223831783243	53.19569605117291871492539092930705	58.421367349794703884333605645879827	63.711823204920264836224921879008899	69.036310864288837345053419797194788	74.339516550544786899406548214370038	79.530724579857262280557093348177122	84.388128233393226102572290447833531	88.887865576695317257364754605289042	93.339809279777010659758267656751842	97.742091657604899930561398421480784
4.4631647696523950309813130904948715	4.4002190080373719918490017621436423	4.3381369463270852082966257918135378	4.2768651757868386558924450977395547	4.2163535942340274225359848492878694	4.1565549702505607031236105870049218	4.0974245433009702150219135556239344	4.0389196550992877325417368368586279	3.9809994078676381812587384821070546	3.9236243453673991880135456258912791	3.8667561527613309089002054966857517	3.8103573714834399986166728485472856	3.7543911253492771593264637634934009	3.6988208541289268210201610964091011	3.643610050720273174691435702264294	3.5887219978899511836828531826848963	3.53411950027970312666721732714342	3.4797646069853063135365479505580674	3.4256183194776375577497187985757578	3.3716402789146323020434282043427188	3.3177884259401590227179337659523339	3.2640186248173249242131481595887038	3.2102842421117592408476464685794327	3.1565356680059139684569743296780441	3.1027197655255491515415363828463863	3.0487792292678940100420589971973483	2.9946518303208558037970004846404187	2.9402695175044699309140709262781334	2.8855573362055557140056990809265925	2.8304321139787063717813546102833595	2.7748008453658718764531846782971444	2.71855868497743936106070025031795	2.6615864246157419746807354715919968	2.6037472822063718670193374534791205	2.5448827597504365644502183960669031	2.4848072217970134713237787848780804	2.423300684043643039381605385953614	2.3600990476274339878866070573308316	2.2948806047931077025613708404523317	2.2272469590520560014093832266973603	2.1566953235453839212506342398270066	2.0825770328593699518894760486554138	2.0040330558257594395850227007079725	1.9198890893051767866806957251330055	1.8284747852611368342130681492640156	1.7272878571998767053419703804884393	1.6123026338519300761090582483071688	1.4763241752615040244474369955503715	1.30409837086505154770307329533701	1.0504457500618113880692234583541798	1.0560881595713438712700785478580939	8.29843091311592301906351667433031	14.145016380293411527500997132688493	19.580974562196956383480029617936808	24.808938688129719257870173861442211	29.922287471319588089638096910958594	34.979291817948931506033213562106316	40.024092793120710160168773793460444	45.093252854079854792941132794532332	50.215690482423258459412097321900147	55.409021450994419099194844043100402	60.674849609614716465296793905716978	65.994980310451257143013563620567947	71.328690262400538780473204546758594	76.60790198828513737523702867911136	81.715410023998660985515199963158539	86.36405747978035441289276227932367	90.842189720663020724174799009208901	95.271777351162936714028451198092602	99.651189274536229745837415411509756
4.4578598998275943685733036882543472	4.3946529151159894910652074973238414	4.3323081749210911048638013859600732	4.2707724017115052519145141602910353	4.2099955781618224024483096387985062	4.1499305103497967179620379534220922	4.0905324266954134552150952494142749	4.0317586079243279168144800254370961	3.9735680436346056765978966114735644	3.9159211112768019997726853836367411	3.8587792735269829884591334350112039	3.8021047901386501843874990739684514	3.7458604404007187802852039447546182	3.6900092522991743359920255812766742	3.6345142343703745802254593283434058	3.5793381060329784989663438354554492	3.5244430218758085189876590718194007	3.4697902849375105182252902067278725	3.4153400434111633583492645766037777	3.3610509644019375551663105117187149	3.3068798773038319282145077766090531	3.2527813779703375751967510833485573	3.1987073830333763400546800740469755	3.1446066213400242826969910140054114	3.0904240463412512805392455127871549	3.0361001491202632109852415624865519	2.9815701462251937540991802042063902	2.9267630090510577429002197426243746	2.8716002914473697877116602525905917	2.8159946984126224528909504944625548	2.7598483195453942486813332797823846	2.7030504238897200052677124918642872	2.6454746741669290099100745681054253	2.5869755621969399346770335915984056	2.5273837841198646057931807092069427	2.4665001482843980097533099105951513	2.4040874142694561315107300131998523	2.3398591531035407426167536429776882	2.2734642150208495663936602211766599	2.2044645401746254966090407695827138	2.1323025526798539575879051208742501	2.0562516256673387597424158683805655	1.9753377408668338753413317425192663	1.8882092541048488047291195335429552	1.7929060895108946425542358035590142	1.6864143888007653432816050295264454	1.5637000668732053579827345373812955	1.4152217440722371798483162848211514	1.2185076658216027973927824935741994	0.88617052332042827840476512072410791	4.406863188999169476385681147548788	10.790046674608922456529042881649459	16.446790859350061390855294364141379	21.797603173419157757474369511831503	26.984079240937644363797355836783843	32.081548679783832233707558441426669	37.141509365177184477395279440784395	42.204997021852996958007500480040903	47.305905053555576830566548294864919	52.469075872668592077585097211099358	57.705875207325246935847083590414255	63.009709813169868696801093418407989	68.352840967561349235107776661288639	73.683455220033533027366540620111286	78.91718947918630177878143697163668	83.880651906604200434273487908461267	88.385898935683288931659741505184345	92.84148937974703044929027271917749	97.247863236754218649442810637017232	101.60361255940030531951112189513686
4.4523507793147745955589410711897888	4.3888744892828566255774939874615531	4.3262589344931372152620782479381521	4.264450957738814530984755309889141	4.2034006138934219237407160594649462	4.1430607319964655822248803860584836	4.0833865128868704124762163491991849	4.0243351576030249720221854255013227	3.9658655220599406651427932290761588	3.9079377937379958362299892403215681	3.8505131862767788309907008565021838	3.7935536479616032684075991726859161	3.7370215801134859104486842244273308	3.6808795613423970023332716547426856	3.6250900734859271340624048766879834	3.5696152248190900257700269331928526	3.5144164657657622556797520704923753	3.4594542918431074446334225212744032	3.4046879278930450829812729285684415	3.3500749867530731885086552853148051	3.2955710943317901935759564189365817	3.2411294714981299125595342024729876	3.1867004611552478605699184620328716	3.1322309861951882528524294156877959	3.0776639205033697786384027531144447	3.0229373505041835333137756033873814	2.9679836984836807469279446069347039	2.9127286704878127120284778436546586	2.8570899800913117980986642983682206	2.8009757834671295968969332706352254	2.7442827390224310013932845883146681	2.6868935734561509507366031779168689	2.6286739908777767540241082739116917	2.569468695399110273087414718649089	2.5090961987283374777822342069612133	2.4473419334691131794667419500492279	2.3839489572179084853077454661431755	2.3186051543825854034734149547401365	2.2509252166458012509666336309939688	2.1804246089251142420527549923707453	2.106480805463395679543928547258421	2.0282734619413711579328345420934196	1.9446879420637250264873404097905222	1.8541509406654199499679313909997735	1.7543295797742651019235392016704227	1.6415245250874275201711903352451586	1.5092672349022126705999745140709291	1.3443429535432493672210614670520988	1.110655385563804005308977342097097	0.5349730243012922802476912817271265	7.252010528049319135611005691846664	13.252379893206614672382034717356428	18.772390116028267834310763034952464	24.05769453130069623461955354646438	29.213649293706489266993043569361468	34.303400759322702666001452754718457	39.37358358324175506697716479855195	44.462492684377258054651682444120056	49.600781130317864573685356148702719	54.808116294088407399099063061179414	60.088445328282892778128982535388159	65.426033823364116014793203071193156	70.782728272048749580671036265780283	76.093862161375345584704661301576407	81.25136199538431545923901306692933	85.973691753162279635950081383037792	90.453830360266022863846802445465492	94.885947297012374856130622623970406	99.268253266224144826673550021761156	103.59954948978266931662686544501399