   20000.0000000000000000000000000000000      
   19997.0984789432646019019859237222344      
   19995.6478762716721914302123165508908      
   19991.2966995923917165576693199468108      
   19985.4966035179037357185873486109443      
   19987.3089527499883375035815497122936      
   19999.7098289502308290879427413064965      
   19999.5647450040857760086899003080463      
   19999.1294994805171254319369690621152      
   19998.5491868501624074090706980616140      
   19998.7305327382622661622645213568919      
   19999.9703235197051857965053054583089      
   19999.9554852960707855789012102820445      
   19999.9109706912195144530833115890149      
   19999.8516180388720169301895280522324      
   19999.8701657238095486002426231683823      
   19999.8516180388720169301895280522324      
   19999.8078971593405572342713050603482      
   19999.7860367554160183603644227856308      
   19999.7204556870068522308774963527266      
   19999.6330145969773735081817958900267      
   19999.6603398965438498004205983733444      
   19999.8240280322734500091677360060559      
   19999.8102330432469344233132971313788      
   19999.7688481332583804066440563783812      
   19999.7136683864857130895394203947630      
   19999.7309120409980326989713349334933      
   19999.7136683864857130895394203947630      
   19999.6843665829320769608072123946224      
   19999.6697156972541625243002868422999      
   19999.6257631046159393794889543888751      
   19999.5671597980208953814485970858712      
   19999.5854733128852751856893578319623      
   19999.5671597980208953814485970858712      
   19999.5365430126780865897071571141651      
   19999.5212346375830835305770767936456      
   19999.4753095826035720712455885662076      
   19999.4140763400100499561029435520239      
   19999.4332117081810005712511607138140      
   19999.4140763400100499561029435520239      
   19999.3811654778394479069801423256643      
   19999.3647100670633383493839598227370      
   19999.3153439159716418619488302659723      
   19999.2495225707344390775811670267369      
   19999.2700917178502424441917024942296      
   19999.2495225707344390775811670267369      
   19999.2145024397330967981290967801661      
   19999.1969923972284748080712702218578      
   19999.1444623616986443656076232678006      
   19999.0744225289544522317465474926368      
   19999.0963099503375245005135873731158      
   19999.0744225289544522317465474926368      
   19999.0391933060243181472180086398061      
   19999.0215787178309252037395175147412      
   19998.9687350463372787922716028405414      
   19998.8982770348804824075936042345573      
   19998.9202951367954259899351130486264      
   19998.8982770348804824075936042345573      
   19998.8629089459759340984231358744086      
   19998.8452249249793660557912289647464      
   19998.7921729558123204498810112590011      
   19998.7214372158419466474215425985290      
   19998.7435421077065149961036418278380      
   19998.7214372158419466474215425985290      
   19998.6858957729218383355769371574599      
   19998.6681250751481960141129708193111      
   19998.6148130765727480069517870976061      
   19998.5437306328777443813418639844826      
   19998.5659438693919115573847875842154      
   19998.5437306328777443813418639844826      
   19998.5079802468560468671959397363365      
   19998.4901050778111396815166100737445      
   19998.4364796665400130392553023007087      
   19998.3649793418596991649838721097673      
   19998.3873231658614841230185427600860      
   19998.3649793418596991649838721097673      
   19998.3289841949163486341715576830294      
   19998.3109866457401156490457982215473      
   19998.2569940953930108969005232903590      
   19998.1850042550200468471493632557824      
   19998.2075010522982354340558129035659      
   19998.1850042550200468471493632557824      
   19998.1487284388977824641342222429077      
   19998.1305905555126752387261411439643      
   19998.0761770040612743820762473414906      
   19998.0036258324346647918061204320511      
   19998.0262980452935371740039360131107      
   19998.0036258324346647918061204320511      
   19997.9670334810821408020873945239694      
   19997.9487373305146461167744680622903      
   19997.8938489792470475229240680342158      
   19997.8206647452377437294456758294742      
   19997.8435347895953619095056379551504      
   19997.8206647452377437294456758294742      
   19997.7837201619093427081746750501845      
   19997.7652478958398560000789944201697      
   19997.7098312000100619481486861449553      
   19997.6359425111199689537138075421628      
   19997.6590326970710251248583057061803      
   19997.6359425111199689537138075421628      
   19997.5986102857377901091023116145844      
   19997.5799441991815802600323711346034      
   19997.5239460440522738480698446501506      
   19997.4492820811376787918374138864080      
   19997.4726145396024575879988730621571      
   19997.4492820811376787918374138864080      
   19997.4115271945607497615192062247688      
   19997.3926497780025426068561756566172      
   19997.3360176352487487195552199830375      
   19997.2605083610583265248759021993444      
   19997.2841049786146039119815586375450      
   19997.2605083610583265248759021993444      
   19997.2222962738500923863774698861642      
   19997.2031902576278023159258835490733      
   19997.1458723184880308077583808185466      
   19997.0694486551975813085171023723119      
   19997.0933310186010340205550888229580      
   19997.0694486551975813085171023723119      
   19997.0307453794305749370911024689172      
   19997.0113937696376385118338339113391      
   19996.9533390526208788066466011288556      
   19996.8759330254426382888784900798892      
   19996.9001223767489357630255536737421      
   19996.8759330254426382888784900798892      
   19996.8367051789657540730850020561687      
   19996.8170912845847778917367838382728      
   19996.7582497168714866152856545740256      
   19996.6797945625888807304835932737571      
   19996.7043117652365622095427291333241      
   19996.6797945625888807304835932737571      
   19996.6400094059594233860244424786352      
   19996.6201168573282327279541735618315      
   19996.5604393301685765783413859885721      
   19996.4808695710007703606255317306394      
   19996.5057350867285452444539142028661      
   19996.4808695710007703606255317306394      
   19996.4404950279193154647238036074738      
   19996.4203077869484221832473818588218      
   19996.3597461863148321126770790723530      
   19996.2789976707871533842943366584696      
   19996.3042315468618508047322076757853      
   19996.2789976707871533842943366584696      
   19996.2380023333543654614934218579821      
   19996.2175046961554278042808109590557      
   19996.1560119106281815875783450611217      
   19996.0740218240867049587906275643051      
   19996.0996436900174080997116110631677      
   19996.0740218240867049587906275643051      
   19996.0323749445287407377128406221038      
   19996.0115515372773283597217005348980      
   19995.9490814456330991684124570995752      
   19995.8657882936966357094390522396308      
   19995.8918173664058624089045744896011      
   19995.8657882936966357094390522396308      
   19995.8234597643922355842771600221652      
   19995.8022955333414505124763066260126      
   19995.7388029745944707417104037728795      
   19995.6541465432101552519009620528902      
   19995.6806016395164007779205366248170      
   19995.6541465432101552519009620528902      
   19995.6111068669181306958809639636173      
   19995.5895870635124372319999911690964      
   19995.5250277922563329894909466192362      
   19995.4389490881562077936613718724616      
   19995.4658486433811636447567566462831      
   19995.4389490881562077936613718724616      
   19995.3951693403106807109940964547336      
   19995.3732795023336213197027415499201      
   19995.3076101321849449354604130371882      
   19995.2200513074782345243977483559425      
   19995.2474133990115923647080697977822      
   19995.2200513074782345243977483559425      
   19995.1755030923152913375166337661022      
   19995.1532290219529189716767586141418      
   19995.0864069597418670964299207233646      
   19994.9973112241702515323179767632034      
   19995.0251535988898096208447062595160      
   19994.9973112241702515323179767632034      
   19994.9519666262966718231240202299137      
   19994.9292943659220276916917549354723      
   19994.8612777390463283855905212601265      
   19994.7705892631235182391110625687278      
   19994.7989293676639342740866298213578      
   19994.7705892631235182391110625687278      
   19994.7244207959560003597936304532875      
   19994.7013366023488475165038824675836      
   19994.6320841814334441438785149107540      
   19994.5397479933258863072074730392836      
   19994.5686030063033184661728522995909      
   19994.5397479933258863072074730392836      
   19994.4927285456340886506465620880054      
   19994.4692188632525600131143852020659      
   19994.3986899819650648307082542772432      
   19994.3046518605804028594583690872904      
   19994.3340387260022199860923882248365      
   19994.3046518605804028594583690872904      
   19994.2567546421717563116451112503188      
   19994.2328060759948942420384445829470      
   19994.1609605495737405539094528294528      
   19994.0651669159329288216077088599938      
   19994.0951023771437719551478126489759      
   19994.0651669159329288216077088599938      
   19994.0163654033305681573655603795456      
   19993.9919646916974289644572111391893      
   19993.9187627354697398396229725213787      
   19993.8211605440654973049639685892022      
   19993.8516611776976038364453792668895      
   19993.8211605440654973049639685892022      
   19993.7714284268587684293293324797050      
   19993.7465624146438198301237782900147      
   19993.6719645635521758455857858710246      
   19993.5725011950526855280371489846038      
   19993.6035834445558183017088615438145      
   19993.5725011950526855280371489846038      
   19993.5218123234459325905885940661372      
   19993.4964679358335958349888645302305      
   19993.4204349657602557137964049919340      
   19993.3190581221095121420003778505118      
   19993.3507383305319306497097264727897      
   19993.3190581221095121420003778505118      
   19993.2673864560607282630596335130663      
   19993.2415506731148565762488530160479      
   19993.1640435245908048254591526800966      
   19993.0607011272887729267888958885324      
   19993.0929955690645082576008933567342      
   19993.0607011272887729267888958885324      
   19993.0080206875152686347595599867571      
   19992.9816805196821388988379768855788      
   19992.9026602243966906996056908804330      
   19992.7973003165135819382139223360739      
   19992.8302252280827950652642159368049      
   19992.7973003165135819382139223360739      
   19992.7435851375461915279525879638245      
   19992.7167276021817692571596200398983      
   19992.6361552125650125674505553079339      
   19992.5287258648527178055820410375481      
   19992.5622974740016914323181033033706      
   19992.5287258648527178055820410375481      
   19992.4739499502417048869572365369812      
   19992.4465620492147631487748514223856      
   19992.3643985712475800464432812025203      
   19992.2548477925545819979063294732504      
   19992.2890823464108700469072712670618      
   19992.2548477925545819979063294732504      
   19992.1989850722674919511561227932287      
   19992.1710537706587081689482937947075      
   19992.0872600999707475515135183598627      
   19991.9755357520410097042110157419774      
   19992.0104495436985890859495315938720      
   19991.9755357520410097042110157419774      
   19991.9185600420432779616058477159282      
   19991.8900722479357131875268948317944      
   19991.8046091091775291107379515641652      
   19991.6906588258149813647016056341396      
   19991.7262682195951495514714227295839      
   19991.6906588258149813647016056341396      
   19991.6325437897861920981258890456710      
   19991.6034863351236002195453489774558      
   19991.5163142245422989582107822610404      
   19991.4000853350467123757285571230452      
   19991.4364067904241704580965178258924      
   19991.4000853350467123757285571230452      
   19991.3408044481571815358353821036885      
   19991.3111640706324855996991655640904      
   19991.2222432017378938303799922480457      
   19991.1036826584614963390402889997965      
   19991.1407327527026948721455598012541      
   19991.1036826584614963390402889997965      
   19991.0432091731136388275829204624675      
   19991.0129724990398046178403126013544      
   19990.9222627512178501060721509558506      
   19990.8013170610516072784886779922800      
   19990.8391125106250658495856502373674      
   19990.8013170610516072784886779922800      
   19990.7396239744768521293563202162077      
   19990.7087775025855412076938752858702      
   19990.6162383724949937203349335354894      
   19990.4928535320660874676083609255453      
   19990.5314112128929586610932980924272      
   19990.4928535320660874676083609255453      
   19990.4299135556596414068167057168976      
   19990.3984436417687940986162046250002      
   19990.3040341973448191742022964068343      
   19990.1781556316899306334779688534787      
   19990.2174925983083685907488750089061      
   19990.1781556316899306334779688534787      
   19990.1139411619613338946076196863759      
   19990.0818340044506544763881431303078      
   19989.9855128413320980942885457707119      
   19989.8570853458023883993749564851580      
   19989.8972188495220048313707836685659      
   19989.8570853458023883993749564851580      
   19989.7915684368186502369905598950033      
   19989.7588100628513883833126285158358      
   19989.6605352630469760524238977489559      
   19989.5295029481983461575289328206640      
   19989.5704504543217593085304459429263      
   19989.5295029481983461575289328206640      
   19989.4626552853977041535889862126535      
   19989.4292315378277550443908701979965      
   19989.3289606304382739280938516000387      
   19989.1952668696629982724056303453771      
   19989.2370460738506948089641208920982      
   19989.1952668696629982724056303453771      
   19989.1270597449203969369106448643549      
   19989.0929562698252681446151306320686      
   19988.9906461936433780548194822852068      
   19988.8542335733053099527692073441022      
   19988.8968624171581325163116403289486      
   19988.8542335733053099527692073441022      
   19988.7846378611350114052748258499533      
   19988.7498400959173633378878914415635      
   19988.6454471637331584584097738260085      
   19988.5062574355773399361408888030412      
   19988.5497541215082146953870922639114      
   19988.5062574355773399361408888030412      
   19988.4352435703632859681079765971540      
   19988.3997367323663559146076471348330      
   19988.2932165968146089779700051774057      
   19988.1511906324325310534176225579135      
   19988.1955736378957954283643114860104      
   19988.1511906324325310534176225579135      
   19988.0787285865828124007301207371586      
   19988.0424976621679005027212158885489      
   19987.9338052829615260294872999856618      
   19987.7888830301047587347972698668166      
   19987.8341711212478640424690307620554      
   19987.7888830301047587347972698668166      
   19987.7149422930325991947971413394402      
   19987.6779720270698205836636217393974      
   19987.5670616394731715901657672382738      
   19987.4191820800201868831348994725612      
   19987.4653943248187681882149065188756      
   19987.4191820800201868831348994725612      
   19987.3437316378599993252630376590368      
   19987.3060065235865813841850223251441      
   19987.1928316079914181759754621643546      
   19987.0419327173847279549393871117018      
   19987.0890884983181899350985806231681      
   19987.0419327173847279549393871117018      
   19986.9649410333579153410412492947013      
   19986.9264453025613770976509767241196      
   19986.8109585550375209569081411140907      
   19986.6569772630204847686317846422288      
   19986.7050962893414297723445554309773      
   19986.6569772630204847686317846422288      
   19986.5784122583716306656574695463196      
   19986.5391298718581670176802031742998      
   19986.4212831755598087354599640175675      
   19986.2641553280544087459758694427368      
   19986.3132576477015010240757402851736      
   19986.2641553280544087459758694427368      
   19986.1839843634842599356338412065851      
   19986.1438990017955324864245880099430      
   19986.0236433991128029689365907163940      
   19985.8633037210912002657076506803937      
   19985.9134097322914614365400588517444      
   19985.8633037210912002657076506803937      
   19985.7814935786183200116185203130117      
   19985.7405886329625942847143733519631      
   19985.6178742983162184962870819044666      
   19985.4542563575298569673658208986916      
   19985.5053868201329652037062551210448      
   19985.4542563575298569673658208986916      
   19985.3707732227180097893382387067285      
   19985.3290317860841697504896025691913      
   19985.2038079992687987931355616428968      
   19985.0368441707091876834813830051749      
   19985.0890202172931140753991397814368      
   19985.0368441707091876834813830051749      
   19984.9516536152023723391812473627504      
   19984.9090584736277710951593032772765      
   19984.7812735936168711091872279363595      
   19984.6108950245918893450766714147225      
   19984.6641381713761698780413814415686      
   19984.6108950245918893450766714147225      
   19984.5239619889034587309001517967008      
   19984.4804956128688252964264073564103      
   19984.3500970520007849978019507817220      
   19984.1762336277193946971794053164941      
   19984.2305657853195099138997892876561      
   19984.1762336277193946971794053164941      
   19984.0875224042258954130851280962323      
   19984.0431669401526144707904035206164      
   19983.9101011386240243099823716382230      
   19983.7326814481906692814443939645664      
   19983.7881249322443823060887752259746      
   19983.7326814481906692814443939645664      
   19983.6421556642849035681712905063752      
   19983.5968929261119201462850210336787      
   19983.4611053267097811445399073642405      
   19983.2800566294374864401610937980103      
   19983.3366341711315711910024292537522      
   19983.2800566294374864401610937980103      
   19983.1876792307988509385165605989362      
   19983.1414906916182278205072407511868      
   19983.0029257146281758836116101544849      
   19982.8181739065864683059206738469400      
   19982.8759086631100397523403909738423      
   19982.8181739065864683059206738469400      
   19982.7239071405298815390701657442968      
   19982.6767739242616659649156003050033      
   19982.5353749424941837902107118946068      
   19982.3468445232144685263163767704837      
   19982.4057600881630908006648959429321      
   19982.3468445232144685263163767704837      
   19982.2506499220821583751884497612940      
   19982.2025527951706942994327993575984      
   19982.0582621090517221918208309668266      
   19981.8658761483186698758904632134945      
   19981.9259965620715682992129423054838      
   19981.8658761483186698758904632134945      
   19981.7677145128818047438572958637249      
   19981.7186338759969831504969509164114      
   19981.5713926886734088552735341615366      
   19981.3750727933363326206969845670014      
   19981.4364225534273402824995794484760      
   19981.3750727933363326206969845670014      
   19981.2749041761759058250445032494473      
   19981.2248200559040585430394933676684      
   19981.0745684483182051269533548811800      
   19980.8742347290612593229578510123183      
   19980.9368388005626125433066990372000      
   19980.8742347290612593229578510123183      
   19980.7720184178998575824968326094188      
   19980.7209104584101107357322193432786      
   19980.5675873643006737141834710552517      
   19980.3631584023151490753161350304932      
   19980.4270422282518575769288149529662      
   19980.3631584023151490753161350304932      
   19980.2588529032732183481523969749695      
   19980.2067003579461127913710708133951      
   19980.0502435387359714541955449316872      
   19979.8416363522419267538132526058330      
   19979.9068258640532052043979730058875      
   19979.8416363522419267538132526058330      
   19979.7351993729939306902246581940528      
   19979.6819810960000078145050917932490      
   19979.5223271155340089052877372185750      
   19979.3094571261020436422817631364012      
   19979.3759787541651772850219622697181      
   19979.3094571261020436422817631364012      
   19979.2008455589094985177029141320411      
   19979.1465399967263441369730487192520      
   19978.9836241958245391361398205571333      
   19978.7664051944516895247896607342168      
   19978.8342858786827135452148435333517      
   19978.7664051944516895247896607342168      
   19978.6555750990514793317883396791565      
   19978.6001602819084282980152612664067      
   19978.4339167527023754852145930269956      
   19978.2122608655989561909501989688541      
   19978.2815280661436408809517747800004      
   19978.2122608655989561909501989688541      
   19978.0991674519265806782810217274956      
   19978.0426209851669094582148826826932      
   19977.8729825451885258077566184815297      
   19977.6468001992352386618408807343775      
   19977.7174819072630915345492428150949      
   19977.6468001992352386618408807343775      
   19977.5313978099637443466823224064902      
   19977.4736968653147274441501339479672      
   19977.3005950313088214890358431284695      
   19977.0697949191456474904615050329012      
   19977.1419196677589575018978098601583      
   19977.0697949191456474904615050329012      
   19976.9520370120219524305430520294904      
   19976.8931583187636389522110037112170      
   19976.7165232801966971285361185061338      
   19976.4810123249070101901652731826475      
   19976.5546092001763585135887039362958      
   19976.4810123249070101901652731826475      
   19976.3608514548681634676516854897605      
   19976.3007712908921452479799894525426      
   19976.1205318831311897257907946888994      
   19975.8802152024861916095259360444077      
   19975.9553138546233343093732627915590      
   19975.8802152024861916095259360444077      
   19975.7576030035388087088206040287916      
   19975.6962971862886015620250479562267      
   19975.5123808634249881727396349753844      
   19975.2671617336549652085988889469491      
   19975.3437923883335552591961846649322      
   19975.2671617336549652085988889469491      
   19975.1420489005016802507164920054360      
   19975.0794927777866398464440074344780      
   19974.8918255850805646582055680845196      
   19974.6416054041406671244899318008590      
   19974.7197988739749080862227044529257      
   19974.6416054041406671244899318008590      
   19974.5139416735379248038810548385908      
   19974.4501101142128596454742261941632      
   19974.2586166601350658464963543629371      
   19974.0032949104342754115448479834396      
   19974.0830826066252976171900982369528      
   19974.0032949104342754115448479834396      
   19973.8730290422661719210244576123118      
   19973.8078964267690091676148900980947      
   19973.6124998546167658745768205873761      
   19973.3519740651794901729875318345180      
   19973.4333880093389984556335795668591      
   19973.3519740651794901729875318345180      
   19973.2190538232326735277169921783045      
   19973.1525940339726840085221055507892      
   19972.9532159930375606163994921047113      
   19972.6873817010678971134599967192002      
   19972.7704545372284505937143940914260      
   19972.6873817010678971134599967192002      
   19972.5517538334927261535620321821117      
   19972.4839402450819094038301527947661      
   19972.2805008613471527237591586889408      
   19972.0092515731662426317184836291860      
   19972.0940165799874087127595146327596      
   19972.0092515731662426317184836291860      
   19971.8708617926095345316231599047199      
   19971.8016672619298300028372535105770      
   19971.5940851082753475997089157087648      
   19971.3173122596025026193275346479387      
   19971.4038033627820454042731982084752      
   19971.3173122596025026193275346479387      
   19971.1761052229972342949025177977083      
   19971.1055020790962427247037810081810      
   19970.8936941449892495702082310280908      
   19970.6112870605376063157441171553692      
   19970.6995388454368470764936004200351      
   19970.6112870605376063157441171553692      
   19970.4672063485348873767704756594916      
   19970.3951663823427624862596830939229      
   19970.1790480429920768054359828980122      
   19969.8908938953494392910042015272617      
   19969.9809416198419560809896176189947      
   19969.8908938953494392910042015272617      
   19969.7438819913779576641374793694222      
   19969.6703764452380701455987273658055      
   19969.4498614301898699474702590625860      
   19969.1558451979551685241805092317058      
   19969.2477248055080744590565520063487      
   19969.1558451979551685241805092317058      
   19969.0058434668931289486727374643489      
   19968.9308430238990143047221868541839      
   19968.7058433850515951190036567736778      
   19968.4058478101970295149772846789247      
   19968.4995959431941819076587191638742      
   19968.4058478101970295149772846789247      
   19968.2527964766413161133457954702944      
   19968.1762712497722734710650446029601      
   19967.9466973287869147509764894434643      
   19967.6406028732152720345344509587098      
   19967.7362568865319447592284150642895      
   19967.6406028732152720345344509587098      
   19967.4844409993322479972472189758984      
   19967.4063605203797980048790327956572      
   19967.1721209154643688704298285054631      
   19966.8598057167303720543868728734933      
   19966.9574036915691219086434630883377      
   19966.8598057167303720543868728734933      
   19966.7004711796723038060186505252927      
   19966.6208043879495009531707185608833      
   19966.3818059199907979260498212025259      
   19966.0631457461544908788727296787002      
   19966.1627265041522142747504111722032      
   19966.0631457461544908788727296787002      
   19965.9005752150250995063846203728467      
   19965.8192904458504519880154399279708      
   19965.5754381238705349980908669225748      
   19965.2503063274497415114475889039167      
   19965.3519094450662201861599792095615      
   19965.2503063274497415114475889039167      
   19965.0844352398018293573983122138833      
   19965.0015002127493022395048066257662      
   19964.7526971986602634021050551732277      
   19964.4209646696480499376512730228910      
   19964.5246304928466306384511467378307      
   19964.4209646696480499376512730228910      
   19964.2517272074954977847409975990390      
   19964.1671090144017490722838208616789      
   19963.9132565870323705865229593279805      
   19963.5747917049441387803265976295581      
   19963.6805613641755991122038700173979      
   19963.5747917049441387803265976295581      
   19963.4021207702698646423901042961546      
   19963.3157858629895117294139496846545      
   19963.0567833813562132262972290115101      
   19962.7114519662696409942944957285816      
   19962.8193673917707332825763438677864      
   19962.7114519662696409942944957285816      
   19962.5352791560103089747685745946544      
   19962.4471933339096217694939928954620      
   19962.1829381997028942364134137893792      
   19961.8306034622523408932804322271276      
   19961.9407073996710068824845907858602      
   19961.8306034622523408932804322271276      
   19961.6508590427397207566294975017015      
   19961.5609874399186939614255964074124      
   19961.2913750591748863106183717275357      
   19960.9318975494601032545613533045513      
   19961.0442335758199066873687069264567      
   19960.9318975494601032545613533045513      
   19960.7485104302980120595593334965436      
   19960.6568175025302845376584102436687      
   19960.3817412464571556429833192031453      
   19960.0149788018242074366622818191985      
   19960.1295913418411366677748172643733      
   19960.0149788018242074366622818191985      
   19959.8278765091789053924752558109301      
   19959.7343260205584650653043715914588      
   19959.4536771854813260516409268974320      
   19959.0794848771315103316563988118103      
   19959.1964192198969643842186399040675      
   19959.0794848771315103316563988118103      
   19958.8885935264122438095549160116187      
   19958.7931485356952670268332825205902      
   19958.5068163020887705404981434424118      
   19958.1250463804689688280992189114316      
   19958.2443486965134765341316418455179      
   19958.1250463804689688280992189114316      
   19957.9302906483741031624300902067239      
   19957.8329134950036524563381112743595      
   19957.5407848855724110273478167569770      
   19957.1512867244978041309871377491121      
   19957.2730040832508066056490002438988      
   19957.1512867244978041309871377491121      
   19956.9525898204005993500704901652797      
   19956.8532421102012088644112537930695      
   19956.5552019469703411145863406655944      
   19956.1578219864276461823774999168561      
   19956.2820023740895404351314334108711      
   19956.1578219864276461823774999168561      
   19955.9551056230742384226010539809984      
   19955.8537482136026712478484579989022      
   19955.5496790739771400532842622128063      
   19955.1442607615535480533262578239958      
   19955.2709530993971200985085604109328      
   19955.1442607615535480533262578239958      
   19954.9374451250440755503214245138320      
   19954.8340381105817254077596192717432      
   19954.5238202823308973290613003746372      
   19954.1102040132106446670496873360312      
   19954.2394581763300344176290795160516      
   19954.1102040132106446670496873360312      
   19953.8992077322327027283578508814913      
   19953.7937104284042353526802602176893      
   19953.4772218635254599683759174284329      
   19953.0552449189924617892492624655973      
   19953.1871117555188975205599159777595      
   19953.0552449189924617892492624655973      
   19952.8399850332741741618784061170907      
   19952.7323559612760553966270407356277      
   19952.4094722286882188121896065658054      
   19951.9789687130694005462644174052255      
   19952.1135000638741252158729807285680      
   19951.9789687130694005462644174052255      
   19951.7593606410173339005787052477869      
   19951.6495575114388613458121610284849      
   19951.3201517484537783095967924682166      
   19950.8809525244336238308471091702968      
   19951.0182012433397222801280350250356      
   19950.8809525244336238308471091702968      
   19950.6569100299185491406027396528152      
   19950.5448897261368929035681301452000      
   19950.2088325886530688238391083967526      
   19949.7607652108854611051401068575203      
   19949.9007851854116852353411660091419      
   19949.7607652108854611051401068575203      
   19949.5322003691365786971593959580546      
   19949.4179189302661434878215290223283      
   19949.0750785416258584951255122042669      
   19948.6179671885645182577070660021719      
   19948.7608133612256977969386290459311      
   19948.6179671885645182577070660021719      
   19948.3847903511301434414650615747732      
   19948.2682029545052545308802018141644      
   19947.9184448529519933892823035576063      
   19947.4521102568155853942978596317435      
   19947.5978386470058478368671650460128      
   19947.4521102568155853942978596317435      
   19947.2142300155455011395597408550055      
   19947.0952909587140216997348965055733      
   19946.7384780433830892591592591170157      
   19946.2627374181654891429794916411658      
   19946.4114051446522549217676614943650      
   19946.2627374181654891429794916411658      
   19946.0200605681671350147813739824302      
   19945.8987232503711039666360941825994      
   19945.5347157257417116219452671662932      
   19945.0493826931718560896526203843424      
   19945.2010479972304716725652968941317      
   19945.0493826931718560896526203843424      
   19944.8018141946892371559868219017922      
   19944.6780310978069741593545202770375      
   19944.3066864165391563207647313783106      
   19943.8115709298883332701776692828146      
   19943.9662931991092565311345429344468      
   19943.8115709298883332701776692828146      
   19943.5590138690489790994861104326291      
   19943.4327365379713267926074799658063      
   19943.0539093420457178830095165669719      
   19942.5488176076730509233864325710878      
   19942.7066574004757222348583182036035      
   19942.5488176076730509233864325710878      
   19942.2911731560445223828896444290968      
   19942.1623521784559800683255793065781      
   19941.7758942385287360013950698628443      
   19941.2606286350479584779573062914732      
   19941.4216477059378841848571196875353      
   19941.2606286350479584779573062914732      
   19940.9977960079412356164997782832072      
   19940.8663809934746566911495909513825      
   19940.4721411463535603439579987715585      
   19939.9465001412958509928873425320933      
   19940.1107614669040265007758260330539      
   19939.9465001412958509928873425320933      
   19939.6783765547484290455655332214004      
   19939.5443161134797016874449704361001      
   19939.1421401976207348787045009712570      
   19938.6059182614593810557851472065478      
   19938.7734860674059948107503234977234      
   19938.6059182614593810557851472065478      
   19938.3323988878260203800000103833156      
   19938.1956406080727107547505011544550      
   19937.7853713969890559470910833129262      
   19937.2383589143819547136225137221418      
   19937.4092987030093625777587820688803      
   19937.2383589143819547136225137221418      
   19936.9593368364557488697522015231856      
   19936.8198272618410457140416948913364      
   19936.4013043953085610107147097079048      
   19935.8432875734040124909741203693012      
   19936.0176661524272702771251891410404      
   19935.8432875734040124909741203693012      
   19935.5586537369846780397389408273423      
   19935.4163383427250975819500429234621      
   19934.9893982556596705930124173984439      
   19934.4201590292994046445808391354006      
   19934.5980445414262440176834096935167      
   19934.4201590292994046445808391354006      
   19934.1298021941194806018817523206295      
   19933.9846253624916834223327581365648      
   19933.5491012113645493306412514488521      
   19932.9684171450055038445124698296001      
   19933.1498790985815183742777160317771      
   19932.9684171450055038445124698296001      
   19932.6722238339183668025908055431939      
   19932.5241288288570477647196258528102      
   19932.0798504155039874899478664308180      
   19931.4874946016668020144286828226595      
   19931.6726039024058454166569328927959      
   19931.4874946016668020144286828226595      
   19931.1853490479930523898266195157757      
   19931.0342779887681900355568270017808      
   19930.5810716814375023234105425164100      
   19929.9768126354749996119000182929339      
   19930.1656416193393885687191927200929      
   19929.9768126354749996119000182929339      
   19929.6685967283957569726326879190689      
   19929.5144905623135006024205451594845      
   19929.0521792137856196729983837248343      
   19928.4357807647485235886023955434053      
   19928.6284032320486444243647647785613      
   19928.4357807647485235886023955434053      
   19928.1213739926254664982762417204350      
   19927.9641724666925885297026152882987      
   19927.4925753292911695615075612912483      
   19926.8637965066509145128449937663242      
   19927.0602877574392676733787567453312      
   19926.8637965066509145128449937663242      
   19926.5430758981433828173067472640727      
   19926.3827175296304659458260404920159      
   19925.9016501669304892040903113852660      
   19925.2602450828999540618056832007580      
   19925.4606819537406140045000815215067      
   19925.2602450828999540618056832007580      
   19924.9330851457390932474135421519260      
   19924.7695071915724535303992477651923      
   19924.2787813865953957236501021609995      
   19923.6244991137677324924728306924604      
   19923.8289600159686568263684388014073      
   19923.6244991137677324924728306924604      
   19923.2907717710363444858746376575095      
   19923.1239101959430346543192970030218      
   19922.6233338556121889036042654426240      
   19921.9559182996153010760022039348420      
   19922.1644832590179891566217404195184      
   19921.9559182996153010760022039348420      
   19921.6154928233697227068935017792820      
   19921.4452822666937893213188398418297      
   19920.9346593223043066082285036528713      
   19920.2538490891438623717649051182006      
   19920.4665997875725718383165692476906      
   19920.2538490891438623717649051182006      
   19919.9065920312006838759834421757921      
   19919.7329657723020984893016847351552      
   19919.2120960757400669599227535840311      
   19918.5176243334769328124462696730026      
   19918.7346441519580988267087488943098      
   19918.5176243334769328124462696730026      
   19918.1633994531725846485693768847060      
   19917.9862893753128781453686588386881      
   19917.4549685907355879022197003234154      
   19916.7465629251140197814488792042876      
   19916.9679369889857544048235934561201      
   19916.7465629251140197814488792042876      
   19916.3852311138290836406698496935998      
   19916.2045676664396278847686972034214      
   19915.6625871571049184215172526604036      
   19914.9399694207155243003930002843556      
   19915.1657846467571731041097409298913      
   19914.9399694207155243003930002843556      
   19914.5713886229378388326864922285374      
   19914.3871007821578283478838887410208      
   19913.8342474920637466460470262615045      
   19913.0971336465896875609583875507292      
   19913.3274787923125275407773838030559      
   19913.0971336465896875609583875507292      
   19912.7211587772708390113382175661585      
   19912.5331740046322866510279099667871      
   19911.9692303345990732306993976268345      
   19911.2173302856550350925239336276267      
   19911.4522960009073634290311301188872      
   19911.2173302856550350925239336276267      
   19910.8338131435933811354906690144041      
   19910.6420573427197222783969155746600      
   19910.0668010205139903767332908087976      
   19909.2998184445446037404189599954038      
   19909.5394973255978574305334914752833      
   19909.2998184445446037404189599954038      
   19908.9086076215044064582352814991277      
   19908.7130050926775217853038356109399      
   19908.1262090367431481449298853737699      
   19907.3438411994004199502631142577209      
   19907.5883278456976872645932132129015      
   19907.3438411994004199502631142577209      
   19906.9447819846506648747191804213130      
   19906.7452553770881341317278060420630      
   19906.1466875534093943788660305763650      
   19905.3486251187767523832095181351295      
   19905.5980161925412734994266196646321      
   19905.3486251187767523832095181351295      
   19904.9415593987045881688289405439228      
   19904.7380296603746681992742749750122      
   19904.1274529319542006536475036436475      
   19903.3133797619275049422103012848568      
   19903.5677740508466462297700087865756      
   19903.3133797619275049422103012848568      
   19902.8981459143495795305933506639338      
   19902.6905322391355727827709007022615      
   19902.0677042075222823921104206824231      
   19901.2372971505948833647932192823364      
   19901.4967956338148406257554347374874      
   19901.2372971505948833647932192823364      
   19900.8137299333548458104707625442351      
   19900.6019497053630246955037360972653      
   19899.9666225436125463746364563117968      
   19899.1195512122415022138552247399344      
   19899.3842571299298497995434383174713      
   19899.1195512122415022138552247399344      
   19898.6874816456431746002045045433693      
   19898.4714503804290474988896356692175      
   19897.8233706568212605832826248871991      
   19896.9592971924743498309536988157516      
   19897.2293161192317610365082523579918      
   19896.9592971924743498309536988157516      
   19896.5185524350571102127845731425148      
   19896.2981837175233362841065543348648      
   19895.6370922092969982748205403908757      
   19894.7556710341942940357991110724371      
   19895.0311109566235887202544185293998      
   19894.7556710341942940357991110724371      
   19894.3060742513094449850503022319771      
   19894.0812796700048252000182326375886      
   19893.4069111662977675910854978883913      
   19892.5077887207660715637682350430566      
   19892.7887601195365768398539376144871      
   19892.5077887207660715637682350430566      
   19892.0491589453598999013528272907039      
   19891.8198480228823410738844558588517      
   19891.1319311159860934743309411471302      
   19890.2147455802384617771683255326371      
   19890.5013615170168129090375334981223      
   19890.2147455802384617771683255326371      
   19889.7468975651885702668124480099692      
   19889.5129776843653607417499910157632      
   19888.8112345483144123350299917655556      
   19887.8756155473488355838953340857606      
   19888.1679917570042672883930770330795      
   19887.8756155473488355838953340857606      
   19887.3983596086343173585626062540217      
   19887.1597359341200528143481293002329      
   19886.4438820895369787879452273170695      
   19885.4894503797163484523055798498651      
   19885.7877053682497495602252620557054      
   19885.4894503797163484523055798498651      
   19885.0025922296286864498600156571834      
   19884.7591676245243454020636031004340      
   19884.0289116885315308656034508570200      
   19883.0552788242597472687923833622521      
   19883.3595339729517695028387389555532      
   19883.0552788242597472687923833622521      
   19882.5586193937787740826715035185614      
   19882.3102943308341752728113135886607      
   19881.5653377507190911092076444451609      
   19880.5721057294631873027353023525059      
   19880.8824854057882486232329513375467      
   19880.5721057294631873027353023525059      
   19880.0654409788298776659263496209086      
   19879.8121134457454767101552398152386      
   19879.0521502149276645064949126062545      
   19878.0389110986508204804787834049487      
   19878.3555427745616481076386139894477      
   19878.0389110986508204804787834049487      
   19877.5220318150647255586829189201011      
   19877.2635972133567343513720623792264      
   19876.4883135680487664800526781341754      
   19875.4546490789113047028972726252145      
   19875.7776634571635865063912706285768      
   19875.4546490789113047028972726252145      
   19874.9273406601634123227197786300286      
   19874.6636916969977207906690696442317      
   19873.8727657917769245115461453981385      
   19872.8182468797284886732338118939071      
   19873.1477780289882820902770953444194      
   19872.8182468797284886732338118939071      
   19872.2802891024482615663210715236243      
   19872.0113156747826351043697241055797      
   19871.2044172350923897884331642384983      
   19870.1286036147146266355536738557780      
   19870.4647891142736262239889655777211      
   19870.1286036147146266355536738557780      
   19869.5797703857608138567005023043663      
   19869.3053594560602723732416544678425      
   19868.4821494054360309721426478146709      
   19867.3845890590969876736213675873517      
   19867.7275701541138983181467975365090      
   19867.3845890590969876736213675873517      
   19866.8246481484528630245077980793238      
   19866.5446836111586894258455939824112      
   19865.7048136707205512604162293196735      
   19864.5850423147643525639152613608141      
   19864.9349640830561160202711991497544      
   19864.5850423147643525639152613608141      
   19864.0137550681062402979826686958968      
   19863.7281176059431837682024295872313      
   19862.8712298634092555076023158364373      
   19861.7287703737213048222425934234139      
   19862.0857819052476984384327723657166      
   19861.7287703737213048222425934234139      
   19861.1458914026110936552249262343830      
   19860.8544583317082697893165181053976      
   19859.9801847768559268928415940971920      
   19858.8145465697078616329851142700954      
   19859.1788011600292237004219781725487      
   19858.8145465697078616329851142700954      
   19858.2198234171114024423214468417237      
   19857.9224685197880081494353124794025      
   19857.0304305429170913291703045881893      
   19855.8411089064984601901855032449285      
   19856.2127642656416695659860040771025      
   19855.8411089064984601901855032449285      
   19855.2342816850472944886119850794798      
   19854.9308750289720528597828269259657      
   19854.0206828784975116483518898870903      
   19852.8071582499726447681241285460853      
   19853.1863767283181130940763490658432      
   19852.8071582499726447681241285460853      
   19852.1879592500605072525974817504937      
   19851.8783669923307803364412008236373      
   19850.9496191871434426427885103578177      
   19849.7113563694204379107381227671937      
   19850.0983052024264531864698264449329      
   19849.7113563694204379107381227671937      
   19849.0795096338512092549578563385141      
   19848.7635938083503615378993139610354      
   19847.8158765000225562951897947310591      
   19846.5523238116723011937502156732365      
   19846.9471753854870926241910289675473      
   19846.5523238116723011937502156732365      
   19845.9075446731443028399879460191620      
   19845.5851629593200388867328878175853      
   19844.6180492385853523171345649834906      
   19843.3286375894855452180194847157699      
   19843.7315697297670751964835967918962      
   19843.3286375894855452180194847157699      
   19842.6706321666977620064762027734348      
   19842.3416376376545468868428951058386      
   19841.3546867788423009141646288272455      
   19840.0388286631235355145932230187311      
   19840.4500249496988247576196035130421      
   19840.0388286631235355145932230187311      
   19839.3672933107105704403023356993594      
   19839.0315341582198951598428110131953      
   19838.0242907944570747114075829196841      
   19836.6813791911713161826912632712354      
   19837.1010293015285369439039796599349      
   19836.6813791911713161826912632712354      
   19835.9959998980005809470603987111033      
   19835.6533191316962365830385564300982      
   19834.6253123526800041274521987322285      
   19833.2547195232661509535485184052403      
   19833.6830196082931747333915792353949      
   19833.2547195232661509535485184052403      
   19832.5551712528449126374804294801847      
   19832.2054063704775558884413614167123      
   19831.1561487334430912481609476238762      
   19829.7572249034936824486574114559729      
   19830.1943779993675223376497870083189      
   19829.7572249034936824486574114559729      
   19829.0431708693132480821654767382213      
   19828.6861534944784429933989941867266      
   19827.6151399376068379125381170713233      
   19826.1872118486006194574756793722806      
   19826.6334283293069211466036148424792      
   19826.1872118486006194574756793722806      
   19825.4583027161630138633569640184958      
   19825.0938581993760554633642486351150      
   19824.0005648452646919669365189904151      
   19822.5429341597674742679193908003082      
   19822.9984322354048264600227293571018      
   19822.5429341597674742679193908003082      
   19821.7988071657631907221075007215969      
   19821.4267541441157281017495155769019      
   19820.3106369790191038706149225412946      
   19818.8225785203036514997497011721835      
   19819.2875847871247756086199799838970      
   19818.8225785203036514997497011721835      
   19818.0628564978963269065024390655540      
   19817.6830064077735579608427823693442      
   19816.5434998200542603848207046991025      
   19815.0242596240667130798897370715264      
   19815.4990096731532194150838731367153      
   19815.0242596240667130798897370715264      
   19814.2485499214406186881492617746521      
   19813.8607064578779901049906301136340      
   19812.6972216164085714852365429572654      
   19811.1460147704116186587006462593278      
   19811.6307538630030030205282026897055      
   19811.1460147704116186587006462593278      
   19810.3539080475864694066608561921814      
   19809.9578665627692915729640024463161      
   19808.7697896127999063336626695845726      
   19807.1857978507233351412687222166895      
   19807.6807816695643206634413396052801      
   19807.1857978507233351412687222166895      
   19806.3768667370575839551037392991408      
   19805.9724135691755071335335047176579      
   19804.7591036193086020713534868091701      
   19803.1414726386749925692871797290683      
   19803.6469681263584763341712675214267      
   19803.1414726386749925692871797290683      
   19802.3152702303610419320682243679041      
   19801.9021819524707215869846307509342      
   19800.6629688217092087485110807085549      
   19799.0108052807717199125726407742287      
   19799.5270915780014335254281608549376      
   19799.0108052807717199125726407742287      
   19798.1668634538445063141214996070894      
   19797.7449060305030999284424399879980      
   19796.4790877186675961703402743408309      
   19794.7914558648384844568081754446375      
   19795.3188253638971003649218080942100      
   19794.7914558648384844568081754446375      
   19793.9292833746052695420529982925300      
   19793.4982112117309674224528201816100      
   19792.2050510496238491650190502944356      
   19790.4809689210520425127875303473711      
   19791.0197284526413825196939317137280      
   19790.4809689210520425127875303473711      
   19789.6000492531904588254464860504133      
   19789.1596041237763158117494645770898      
   19787.8383275509823599906813853255783      
   19786.0767626818253741886776374111268      
   19786.6272348569801765364784720390427      
   19786.0767626818253741886776374111268      
   19785.1765516134077629995408345879211      
   19784.7264614382211601660600187159747      
   19783.3762523459549980611761038500574      
   19781.5761168919230502680704432291674      
   19782.1386416250639244104526320642497      
   19781.5761168919230502680704432291674      
   19780.6560397119391408304863877636829      
   19780.1960171699969207753330822649420      
   19778.8160137333835088135237870170036      
   19776.9761589167749306474724259983503      
   19777.5510951613899274429569129921533      
   19776.9761589167749306474724259983503      
   19776.0356072448543112373389531967506      
   19775.5653481830292223450225105263166      
   19774.1546380909038739227742869829435      
   19772.2738478426263621200556460012537      
   19772.8615755778584928116214359606289      
   19772.2738478426263621200556460012537      
   19771.3121759709550303859831459478310      
   19770.8313575752166637378495954810580      
   19769.3889725449783490980878117814960      
   19767.4659561936573491700536619323119      
   19768.0668787086344810250384349303408      
   19767.4659561936573491700536619323119      
   19766.4824768596606665876465500487717      
   19765.9907555417445314645033546858402      
   19764.5156649806733131161735731861269      
   19762.5490488041318477477033515941588      
   19763.1635953377540583149338445589381      
   19762.5490488041318477477033515941588      
   19761.5430282791623842875572880317283      
   19761.0400372212957098897421609217954      
   19759.5311408622574490277456474881234      
   19757.5194582720187567878350602042652      
   19758.1480870798638930847513366129058      
   19757.5194582720187567878350602042652      
   19756.4901106223930466922693286864337      
   19755.9754569082610868290002321645955      
   19754.4315762043978089996266893363253      
   19752.3732562761184238509493635677015      
   19753.0164582141687565440595320373911      
   19752.3732562761184238509493635677015      
   19751.3197366150936907299379145120887      
   19750.7929978563570102963276893592205      
   19749.2128658627541563656427818492666      
   19747.1062198500485430143721582120290      
   19747.7645225885147959840607081660222      
   19747.1062198500485430143721582120290      
   19746.0276163494741786326613605222481      
   19745.4883366922234943815541563202991      
   19743.8705860877904836545208851202020      
   19741.7137914572747491011870428708261      
   19742.3877644689244381009803653676857      
   19741.7137914572747491011870428708261      
   19740.6091158210501386875607908505027      
   19740.0568011832893801788780596135279      
   19738.3999499862249455578197316372770      
   19736.1910313785069366486524756741687      
   19736.8812918874912512162366141773301      
   19736.1910313785069366486524756741687      
   19735.0592073898788074033623381513561      
   19734.4933197360856054321447341757282      
   19732.7957541312059777031018044007020      
   19730.5325604724968652760809903199861      
   19731.2397806059277685502808028764010      
   19730.5325604724968652760809903199861      
   19729.3724101036711479356895457498204      
   19728.7923605007155692732366586381929      
   19727.0523140116612349547604265089423      
   19724.7324907537670895409951251208976      
   19725.4574062154454873138716667483069      
   19724.7324907537670895409951251208976      
   19723.5427171543127359554311090815664      
   19722.9478572670313259148381735325075      
   19721.1633852484768657168224422131071      
   19718.7843403712138697000733595476013      
   19719.5277610643033971857450402666099      
   19718.7843403712138697000733595476013      
   19717.5635068083383597935447306874433      
   19716.9531183713831213036020451537828      
   19715.1220664314280113156238010881475      
   19712.6809283551093130169820182829673      
   19713.4437515325243926263930749194282      
   19712.6809283551093130169820182829673      
   19711.4274318281330885199988992644750      
   19710.8007134553699139707027116739952      
   19708.9206778923773557321263936646724      
   19706.4142427470956339918186631547540      
   19707.1974694873755312964953544908264      
   19706.4142427470956339918186631547540      
   19705.1262804826870941167432877137043      
   19704.4823309175815661124868875037353      
   19702.5506084824073837885351271414841      
   19699.9752731501681922231837794512054      
   19700.7800292786399506450150805307701      
   19699.9752731501681922231837794512054      
   19698.6507994091878634278473143592345      
   19697.9885959318299910574907915368288      
   19696.0021190633051850066342399548626      
   19693.3537948589494621065440988624511      
   19694.1813579183137119108927172052107      
   19693.3537948589494621065440988624511      
   19691.9904642890791288243141546950121      
   19691.3088343972715367946299043097530      
   19689.2640862845583123398240305999359      
   19686.5380857501077264251201544323754      
   19687.3899203717388473145648070984184      
   19686.5380857501077264251201544323754      
   19685.1331776184401518584352276299768      
   19684.4307611504497437656320797123296      
   19682.3236621271195532493070555297335      
   19679.5145476174547427259575261685051      
   19680.3923528309819150736570101976896      
   19679.5145476174547427259575261685051      
   19678.0648621394776514120329638573522      
   19677.3400594474713907922284912666624      
   19675.1658115475815900229119716224763      
   19672.2671880553212526281347835886189      
   19673.1729620206111609237562982994767      
   19672.2671880553212526281347835886189      
   19670.7689007221301147032835905478579      
   19670.0197998485196121665696505614543      
   19667.7726683865915436656430473959971      
   19664.7768924342403221246506605300675      
   19665.7130233980130664272980067606511      
   19664.7768924342403221246506605300675      
   19663.2253427673001309438949098766419      
   19662.4496138408731041728259370513186      
   19660.1226106752760954582554457821426      
   19657.0203681746729515058361435825623      
   19657.9897663679513426896719848980813      
   19657.0203681746729515058361435825623      
   19655.4097415357579128622994727547295      
   19654.6044777053674283526109752546505      
   19652.1888841542443338435139577231052      
   19648.9685545624033419275370166146766      
   19649.9748508689236514164104770837910      
   19648.9685545624033419275370166146766      
   19647.2913799787428597016468878775036      
   19646.4528463720703371792119738326398      
   19643.9374602743541196385398340905588      
   19640.5841131057498770731231935412340      
   19641.6319725989772105740179463484490      
   19640.5841131057498770731231935412340      
   19638.8304227138906753765652765245775      
   19637.9536362383842056257541426909727      
   19635.3235116725850201129884278688892      
   19631.8172268612934194234172375711761      
   19632.9128736007772171652130509023885      
   19631.8172268612934194234172375711761      
   19629.9730369795639198091563544031592      
   19629.0510070051041646485627967914039      
   19626.2851769229335017882198389797298      
   19622.5980097002551054747302866978139      
   19623.7501750396854069681396748369617      
   19622.5980097002551054747302866978139      
   19620.6422744407707830680662984654860      
   19619.6644799084583439027080732267817      
   19616.7313886720982836814286839812773      
   19612.8212824409802469978506197237082      
   19614.0431069082084033778782330255131      
   19612.8212824409802469978506197237082      
   19610.8111307201215779770170622820194      
   19609.8061321199747243087078048221328      
   19606.7914453289900660241832765865744      
   19602.7725838645455213925653449908363      
   19604.0283895746402535329089701214743      
   19602.7725838645455213925653449908363      
   19600.7528045573957398742255753935237      
   19599.7429929459413667830375947034437      
   19596.7138702478960551464102039367688      
   19592.6757682018568157103243356954226      
   19593.9375856983059968217891369117830      
   19592.6757682018568157103243356954226      
   19590.6454522013713565637181276498864      
   19589.6303731002726446869970549951671      
   19586.5854513608486235754594128968039      
   19582.5262919222524000101070654303407      
   19583.7946888723783564681777677662696      
   19582.5262919222524000101070654303407      
   19580.4847022703339774822394264439248      
   19579.4639872635080077285073171960486      
   19576.4021614862768161156517817379940      
   19572.3204719140005131425669604713304      
   19573.5959084772961479352317472443424      
   19572.3204719140005131425669604713304      
   19570.2669861785313899055751902576069      
   19569.2403241049484029866409380992738      
   19566.1606610268988953411906952897894      
   19562.0551974836574788506417839289426      
   19563.3380622962562900592586327775981      
   19562.0551974836574788506417839289426      
   19559.9892855374259985614171270021829      
   19558.9564113821570780163421328130862      
   19555.8581161531752296936360826031818      
   19551.7278192929443993142672241319335      
   19553.0184433447362759741126701580839      
   19551.7278192929443993142672241319335      
   19549.6490260858424792112717551579543      
   19548.6097123673787937994876883984703      
   19545.4921027170867150718582335049997      
   19541.3360632522757557927047240444033      
   19542.6347306457676342748062841161805      
   19541.3360632522757557927047240444033      
   19539.2439952630339701938862000738563      
   19538.1980452601093591070159130119057      
   19535.0605311821526810558718763784231      
   19530.8779628048984241022634977863226      
   19532.1849192162161172010097179571765      
   19530.8779628048984241022634977863226      
   19528.7722772469274160666508586431109      
   19527.7195196021973916342115458237492      
   19524.5615871683150311405256718616197      
   19520.3518049763166338219253636769043      
   19521.6672643962629862069088461673594      
   19520.3518049763166338219253636769043      
   19518.2322010956947804312362865107822      
   19517.1724854653406126621827878059913      
   19513.9936837766176871643145124957989      
   19509.7560868805009841302449518977991      
   19511.0802370490555922572385080353422      
   19509.7560868805009841302449518977991      
   19507.6222988646896533666188548551610      
   19506.5554923732733212837643236784703      
   19503.3554229266950114252809825219429      
   19499.0894802767244715923303016162892      
   19500.4224871116266147628144274517332      
   19499.0894802767244715923303016162892      
   19496.9668015096044045673394954583034      
   19495.9055487809925324839911673200410      
   19492.7221371772165622835990958683618      
   19488.4783969462788620034456961589709      
   19489.8044665118938716146775255040592      
   19488.4783969462788620034456961589709      
   19486.3748353488694973727661915884983      
   19485.3231396976089513868809202568274      
   19482.1683932968411963332254794792885      
   19477.9628592718259533785413205805382      
   19479.2769911245237483682526381938866      
   19477.9628592718259533785413205805382      
   19475.8733166540955604154782817874283      
   19474.8286294068911904006722901491799      
   19471.6949038758499266029033982190633      
   19467.5173875469219455624691685601579      
   19468.8227651130675313904482932213917      
   19467.5173875469219455624691685601579      
   19465.4379355171361375467015962704590      
   19464.3982927986449219206244050615990      
   19461.2796977931884673075674862471729      
   19457.1223483585783470861328633080846      
   19458.4214246466547079338041013464089      
   19457.1223483585783470861328633080846      
   19455.0499467549127144965725864329177      
   19454.0138287297986481648530820661155      
   19450.9058057260650123294792211556819      
   19446.7625474451369495815329343125722      
   19448.0572208428530663697144625328962      
   19446.7625474451369495815329343125722      
   19444.6947837819690760045887621588614      
   19443.6609844009150892922608019367985      
   19440.5599160248054051648026237066243      
   19436.4259275373633394051404960692598      
   19437.7177044981855514609220424632636      
   19436.4259275373633394051404960692598      
   19434.3608471034598396982774240856203      
   19433.3283891669270981463983731224328      
   19430.2313444440365577180310199826395      
   19426.1027192403911294017658776927849      
   19427.3928203698521788811085240697785      
   19426.1027192403911294017658776927849      
   19424.0387102464346097625157302960132      
   19423.0067879881964946064449352693148      
   19419.9113501334916621418153207301049      
   19415.7848670318518749798288757966935      
   19417.0742988021768978460564469628394      
   19415.7848670318518749798288757966935      
   19413.7205803356023634710959700755641      
   19412.6885192920645661659285151416846      
   19409.5926653447966607473951874309672      
   19405.4656280673638690436241840893465      
   19406.7552329422230781277256854007068      
   19405.4656280673638690436241840893465      
   19403.3999194720537389349795436727391      
   19402.3671476362381335355844712818736      
   19399.2691619410371151954010750511342      
   19395.1392838001196939683661300969148      
   19396.4297762647361078260800386326906      
   19395.1392838001196939683661300969148      
   19393.0711715774344308408811501279725      
   19392.0371981639545995711358309078278      
   19388.9356086796940258802806252306207      
   19384.8009276887093818673204450294496      
   19386.0929207736794616836107744552659      
   19384.8009276887093818673204450294496      
   19382.7295606596659244476741812413135      
   19381.6939601477592254935978011375666      
   19378.5874905870223572239701241899677      
   19374.4463056706429269064218377536418      
   19375.7403308832965145362657930905788      
   19374.4463056706429269064218377536418      
   19372.3709387862373025234965498439525      
   19371.3333387120544601001772787510918      
   19368.2208719258648518476419921223500      
   19364.0716941179991895199555535476907      
   19365.3682166907791663119544352386409      
   19364.0716941179991895199555535476907      
   19361.9916694802822583347465029828123      
   19360.9517409489405933614151515902673      
   19357.8322904689822485510866631455900      
   19353.6738049832066254550688205892043      
   19354.9732357249236048519688656751935      
   19353.6738049832066254550688205892043      
   19351.5885368865699653675728641210936      
   19350.5459870939819834065173441110885      
   19347.4186747028269447990359351505060      
   19343.2497110370840494845654956748444      
   19344.5524156738401930754141713972932      
   19343.2497110370840494845654956748444      
   19341.1586740294614582534051179128787      
   19340.1132402938757776414126779876138      
   19336.9772781233670242400604882513038      
   19332.7967861999149011141645400647488      
   19334.1030928302931507912168944709433      
   19332.7967861999149011141645400647488      
   19330.6995054460351532371461803059828      
   19329.6509503904175345928897718670356      
   19326.5056264718301982276980933903366      
   19322.3126573778313538748301167452382      
   19323.6228624905970807171361806860213      
   19322.3126573778313538748301167452382      
   19320.2087008006157216196791324793311      
   19319.1568084239603466077424155912422      
   19316.0014749043852359006166721402213      
   19311.7951651861327437064013251403801      
   19313.1095385675866097305931535628298      
   19311.7951651861327437064013251403801      
   19309.6841369980470017584686409899577      
   19308.6287094415547667966842215389885      
   19305.4627728844420984354777226682876      
   19301.2423316194375762919611994058515      
   19302.5611203928159215438574742970160      
   19301.2423316194375762919611994058515      
   19299.1238669521897087780181299587818      
   19298.0647218145329365645173259499684      
   19294.8876351471496409833179088997605      
   19290.6523332112595796907378492070617      
   19291.9757651902718116724467003443428      
   19290.6523332112595796907378492070617      
   19288.5260936220281313878538593359208      
   19287.4630617128121450211106312784028      
   19284.2743174880159646288300109726140      
   19280.0234785744117238549867375386080      
   19281.3517650694237136964833043173080      
   19280.0234785744117238549867375386080      
   19277.8891482579354373500664878917158      
   19276.8220717040360569230256162020105      
   19273.6211964204585636593779421312639      
   19269.3541894692577202609039781909002      
   19270.6875276526936948830414858159094      
   19269.3541894692577202609039781909002      
   19267.2114720430804901534354088064531      
   19266.1402026815150841219370949744218      
   19262.9267519631689734481310936396966      
   19258.6429847365642175990774485768252      
   19259.9815596503943031801961074156024      
   19258.6429847365642175990774485768252      
   19256.4916004952413480916414166618447      
   19255.4159985004847196086023926322674      
   19252.1895529795623642940996640062748      
   19247.8884665742045712857862154942461      
   19249.2324528445814262686836199642633      
   19247.8884665742045712857862154942461      
   19245.7281501299239446927865163879069      
   19244.6480828344023859215219937636817      
   19241.4082446134917615095052619318414      
   19237.0893087451563054550848219418298      
   19238.4388720557467823788590974015460      
   19237.0893087451563054550848219418298      
   19234.9198069888295323409560153655799      
   19233.8351478636257715070069273429059      
   19230.5815374584626820651998060086031      
   19226.2442463872059795285426552569641      
   19227.5995447523971888357354969667905      
   19226.2442463872059795285426552569641      
   19224.0653167169357155727525520675474      
   19222.9759444861620076640889996756187      
   19219.7081981693069953699213146549064      
   19215.3520671590032540626904918739192      
   19216.7132520301376503356108860319348      
   19215.3520671590032540626904918739192      
   19213.1634759328675278800271248508804      
   19212.0692738001806690367094087846622      
   19208.7870412810553773121692001688124      
   19204.4116035072579052814930091142426      
   19205.7788207387859392079257229713143      
   19204.4116035072579052814930091142426      
   19202.2131246852512268748746943349557      
   19201.1139796549321087297079170373599      
   19197.8169220434938716839914748951849      
   19193.4217258793514612619423805110906      
   19194.7951165768578834849057678158976      
   19193.4217258793514612619423805110906      
   19191.2131398255878000721076836511010      
   19190.1089421037402857907319532429553      
   19186.7967301144682368742912665302461      
   19182.3813367369485540874031529939195      
   19183.7610380050960803877766998907409      
   19182.3813367369485540874031529939195      
   19180.1624291582359737049211526011219      
   19179.0530716221618339891212219787149      
   19175.7253839825321264137827992928067      
   19171.2893652512061070954512387538781      
   19172.6755108565149568592368392717980      
   19171.2893652512061070954512387538781      
   19169.0599262521274063569228767162545      
   19167.9453039779460210998885592474035      
   19164.6018260116083994368274227410484      
   19160.1447625802929203944889395437411      
   19161.5374835411615788415578216489443      
   19160.1447625802929203944889395437411      
   19157.9045858181833283387310724130764      
   19156.7845956583929559144522135355068      
   19153.4250180181441969842174439622079      
   19148.9464976462089722467384180437042      
   19150.3459227605478531463826536901860      
   19148.9464976462089722467384180437042      
   19146.6953795720728241600196223003711      
   19145.5699197760754757897057017810252      
   19142.1939373057001058022348333473499      
   19137.6935533411427025649646554207036      
   19139.0998096603370145869742415440262      
   19137.6935533411427025649646554207036      
   19135.4312925147209628934758271947887      
   19134.3002623864177224690583103180411      
   19130.9075730937201609346863432038963      
   19126.3849231044498026385817764933750      
   19127.7981363610128714822357592694431      
   19126.3849231044498026385817764933750      
   19124.1113195734357061228594715565450      
   19122.9746191608919026463426276990292      
   19119.5649232869213399585555518639475      
   19115.0196078202604368025286586736020      
   19116.4399028154238057433907054314041      
   19115.0196078202604368025286586736020      
   19112.7344625551371174338293380070354      
   19111.5919923680549446080496288496607      
   19108.1649915397383754122090156670666      
   19103.5966129931018336164878050619916      
   19105.0241139496663708970140088106305      
   19103.5966129931018336164878050619916      
   19101.2997273703025527262058865035136      
   19100.1513881216520089101603630448572      
   19096.7067845768903107475143390930775      
   19092.1149461650544350194722370586849      
   19093.5497770500606060997497192291834      
   19092.1149461650544350194722370586849      
   19089.8061214921697999702028356803330      
   19088.6518138608406354594791672353057      
   19085.1893097366577181363943280973867      
   19080.5736145430766575512653065298878      
   19082.0158993642127902324300490448692      
   19080.5736145430766575512653065298878      
   19078.2526516206913978290857786296147      
   19077.0922760324577806497257348854349      
   19073.6115727080796507505661092986833      
   19068.9716228094225049941686372206922      
   19070.4214858885539584776783161876775      
   19068.9716228094225049941686372206922      
   19066.6383215248862739811057859819155      
   19065.4717779493367832785983127564909      
   19061.9725754371598505645368320056986      
   19057.3079710916843701762357664147429      
   19058.7655373184356994318605734483938      
   19057.3079710916843701762357664147429      
   19054.9621300407310299366605887593216      
   19053.7893178021215364011597122132499      
   19050.2713141804441632669903609139222      
   19045.5816530720421313210936869887612      
   19047.0470481399834031609581193216366      
   19045.5816530720421313210936869887612      
   19043.2230692046888906744168891734471      
   19042.0438868049343029602834747605605      
   19038.5067776871007088819482741253604      
   19033.7916542178832277744835732296478      
   19035.2650048455488322823960830153317      
   19033.7916542178832277744835732296478      
   19031.4201225054808411349525717080075      
   19030.2344674577215848543615686523966      
   19026.6779454929867567095410460777126      
   19021.9369501181567598944882610690156      
   19023.4183842568503787911698660746106      
   19021.9369501181567598944882610690156      
   19019.5522632388372484288673263450052      
   19018.3600319102039453605116661094262      
   19014.7837863121909038053718925839820      
   19010.0165049117002357011342631572433      
   19011.5061519418052766712563370973058      
   19010.0165049117002357011342631572433      
   19007.6184529517898546025995644778548      
   19006.4195404141502790998166597050108      
   19002.8232565132527921018268918969337      
   18998.0292697953833173748940386198937      
   18999.5272607126974864596044912337904      
   18998.0292697953833173748940386198937      
   18995.6176399646243450167412481277495      
   18994.4119398522346423390416354389894      
   18990.7952986687321272192425080503681      
   18985.9741816012916940904504998126371      
   18987.4806491947320980719086841582264      
   18985.9741816012916940904504998126371      
   18983.5487579599540742249165709963810      
   18982.3361623330549379808758928279397      
   18978.6988401680623697677353740490188      
   18973.8501614333610783974630809480495      
   18975.3652404552379458033508018104556      
   18973.8501614333610783974630809480495      
   18971.4107246295299260136276178356000      
   18970.1911238430309089491564323449784      
   18966.5327918847139332736144345296324      
   18961.6561133548958825347789470592971      
   18963.1799406848249682117536720491193      
   18961.6561133548958825347789470592971      
   18959.2024403703983348772419851799284      
   18957.9757229468821921934754381685339      
   18954.2960468896337738316575088744238      
   18949.3909231192942056786765690194537      
   18950.9236379227070978134516022676281      
   18949.3909231192942056786765690194537      
   18946.9227870228830380552294824560817      
   18945.6888395292389629010507601636202      
   18941.9874792037447480427279451891192      
   18937.0534569370702243526924501570867      
   18938.5952008191856215308933940793619      
   18937.0534569370702243526924501570867      
   18934.5706266436155927294320882118976      
   18933.3293335706771677241792737994340      
   18929.6059425829976027761861551083543      
   18924.6425602729346040722245238800677      
   18926.1934774289699646671081136279046      
   18924.6425602729346040722245238800677      
   18922.1448003074920216633715957847809      
   18920.8960439521140773605420031543921      
   18917.1502693300864060601569803204069      
   18912.1570566672771283373447370085302      
   18913.7172940296071675038535406078472      
   18912.1570566672771283373447370085302      
   18909.6441269330019584677526806362059      
   18908.3877872820616128874115950587868      
   18904.6192691274781058728667900085499      
   18899.5957465769065012456399781619798      
   18901.1654539598111815295668433433442      
   18899.5957465769065012456399781619798      
   18897.0674021258746576608941896051822      
   18895.8033567417265122571526914155927      
   18892.0117278868793741134183034865336      
   18886.9574062303492388417347180052291      
   18888.5367364729380422726658275466144      
   18886.9574062303492388417347180052291      
   18884.4133970364225553975177817856491      
   18883.1415209433774059443674059258599      
   18879.3264066106789450403701688394233      
   18874.2407864934033577446869387560395      
   18875.8298956012534113626435352815668      
   18874.2407864934033577446869387560395      
   18871.6808572263474164191596078414758      
   18870.4010227977784994166339720731543      
   18866.5620402612691266487078438275417      
   18861.4446117409891675965690750872940      
   18863.0436590269914746867474885592976      
   18861.4446117409891675965690750872940      
   18858.8685015411128979635485413912197      
   18857.5805783868244546266050454955573      
   18853.7173366344733590088249971255529      
   18848.5675787316470777995675447036715      
   18850.1767269565166589588686249549663      
   18848.5675787316470777995675447036715      
   18845.9750209842880016667947819448480      
   18844.6788758378082219088362765181633      
   18840.7909752335934122544342842021339      
   18835.6083554813051335300501223075438      
   18837.2277709941767809034600118151293      
   18835.6083554813051335300501223075438      
   18832.9990775905330131524141701154642      
   18831.6945741960178650005305241626112      
   18827.7816061408455986923864934365374      
   18822.5655801331834373889622933422656      
   18824.1954330126842278144559909563208      
   18822.5655801331834373889622933422656      
   18819.9393032941390553820200863707560      
   18818.6263022925954913495495647474952      
   18814.6878488831850743741971129126561      
   18809.4378598209224943509292803714115      
   18811.0783240170847175270338376837363      
   18809.4378598209224943509292803714115      
   18806.7942987902480831518582141596767      
   18805.4726576048050116962238006172906      
   18801.5082912897246508753493650044215      
   18796.2237695222215126184464108820941      
   18797.8750229995747897194155717874928      
   18796.2237695222215126184464108820941      
   18793.5626323860758735770281272975084      
   18792.2322051060495470710758381571827      
   18788.2414883381437340410138943984085      
   18782.9218509004553622535386941760055      
   18784.5840757826138888318413944049768      
   18782.9218509004553622535386941760055      
   18780.2428388396404821243090821083937      
   18778.9034761031578392056090331480697      
   18774.8859609876574153562984470929515      
   18769.5306111319078008997258654348679      
   18771.2039938479475250681910695843900      
   18769.5306111319078008997258654348679      
   18766.8334181836654481793840516147347      
   18765.4849670586247886299724606419285      
   18761.4401949962783728682747735465980      
   18756.0485217164170278492099505813951      
   18757.7332531493177575166059964953652      
   18756.0485217164170278492099505813951      
   18753.3328345324840217363733761994322      
   18751.9751383956475004730351187752908      
   18747.9026397202582999847096354636297      
   18742.4740172693807661987807658199588      
   18744.1702929067892949695312069838018      
   18742.4740172693807661987807658199588      
   18739.7395148699208564843804426300354      
   18738.3724132839479095361486550823556      
   18734.2717068937438267152020304721887      
   18728.8054942932143945039580655599739      
   18730.5135143807664328111904174133518      
   18728.8054942932143945039580655599739      
   18726.0518478162736014308431714421112      
   18724.6751764045188758889849617173887      
   18720.5457693868272168822517690789098      
   18715.0413099265003026586511592044486      
   18716.7612796239209054297548883078259      
   18715.0413099265003026586511592044486      
   18712.2681823726615991407899640573870      
   18710.8817726915754796554375927784559      
   18706.7231599403171473670906339564428      
   18701.1797806692119176637258275558489      
   18702.9119102093959267299212453896430      
   18701.1797806692119176637258275558489      
   18698.3868266411550348142176822129334      
   18696.9905060501398124950394643698382      
   18692.8021698757027427376608964883833      
   18687.2191810825454443312923165628827      
   18688.9636859338007493206551773670230      
   18687.2191810825454443312923165628827      
   18684.4060465192486436786620006349052      
   18682.9996380478389085314000380416239      
   18678.7810477789371300463572372310343      
   18673.1577424620477861811803967944685      
   18674.9148434936647653597607887471229      
   18673.1577424620477861811803967944685      
   18670.3240643674016533604469972174848      
   18668.9073865796541010924844576071289      
   18664.6579981568286452319373063585259      
   18658.9936514828952752298226946384364      
   18660.7635751341849928033280093930079      
   18658.9936514828952752298226946384364      
   18656.1390576485342403888772679377658      
   18654.7119245045299135328775982160698      
   18650.4311800650013022717393365219443      
   18644.7250488163561951343328945516295      
   18646.5080272692776229309231484596488      
   18644.7250488163561951343328945516295      
   18641.8491575385525447593393590532013      
   18640.4113782529340614445527541968695      
   18636.0987057065747170998493442369848      
   18630.3500277166654765554219808734823      
   18632.1462990721375704658104166588290      
   18630.3500277166654765554219808734823      
   18627.4524475071737513785629147155707      
   18626.0038264046616433614298676151526      
   18621.6586390009212814218611531327299      
   18615.8666325777556812296409272776218      
   18617.6764410357231635998899433261094      
   18615.8666325777556812296409272776218      
   18612.9469618685433453753929457614579      
   18611.4872982363996250109212953016888      
   18607.1089941220886969517341707962325      
   18601.2728574595284187566228443162337      
   18603.0964535028201042604177218322137      
   18601.2728574595284187566228443162337      
   18598.3306843013825820198540479673556      
   18596.8597722388166083934835441253025      
   18592.4477340067337216132029815788968      
   18586.5666445836198814018734694098409      
   18588.4042851656046834137172386761170      
   18586.5666445836198814018734694098409      
   18583.6015463386805851133158001712030      
   18582.1191746032226651730767369145386      
   18577.6727688317030093717574964102935      
   18571.7458827989178604759714196942708      
   18573.5978315349256503714790871055648      
   18571.7458827989178604759714196942708      
   18568.7574258272571847576634609672057      
   18567.2633776781597192427227936361098      
   18562.7819544617246515274813415111329      
   18556.8084060174313518636750363985516      
   18558.6749333798628747112589607809456      
   18556.8084060174313518636750363985516      
   18553.7961453578755907562986276713085      
   18552.2901983966405680329044782827919      
   18547.7730908680454848478436746728893      
   18541.7519916215037740789436686619914      
   18543.6333751385050885197563125626723      
   18541.7519916215037740789436686619914      
   18538.7154706669846291430483521702014      
   18537.1973966751606194802874197231999      
   18532.6439205192712811329170517810904      
   18526.5743588438042721889959990682061      
   18528.4708833013257607485333930418921      
   18526.5743588438042721889959990682061      
   18523.5131090116260003799426560171880      
   18521.9826737860682911969335550789935      
   18517.3921267461472103173834536204042      
   18511.2731671220363840118530088640371      
   18513.1851247690332965459315948409107      
   18511.2731671220363840118530088640371      
   18508.1867075195608174805908384021975      
   18506.6436707054058140625459346747204      
   18502.0153320825627433539565288719492      
   18495.8460144308780683799566807786136      
   18497.7737051873377463814559144559958      
   18495.8460144308780683799566807786136      
   18492.7338515172604461509657700772966      
   18491.1779664389309636804128405480093      
   18486.5110965856879831296359713880979      
   18480.2904355943219451500144923228075      
   18482.2341672617210542072424308495145      
   18480.2904355943219451500144923228075      
   18477.1520628390798411935271712668307      
   18475.5830763297125730278634297950704      
   18470.8769161388582011773224808195676      
   18464.6039005823309672810905413910536      
   18466.5639890560328168305971763727683      
   18464.6039005823309672810905413910536      
   18461.4387981216984902870674964113531      
   18459.8564503514698656096948261097217      
   18455.1102207416313352549865934043569      
   18448.7838127965737403937569268796989      
   18450.7605822795697082877179847323978      
   18448.7838127965737403937569268796989      
   18445.5914470887867749843889783205028      
   18443.9954713927101941867774626041835      
   18439.2083727923632705925946765856832      
   18432.8275073509710909276412983938164      
   18434.8212905682493273251461846342789      
   18432.8275073509710909276412983938164      
   18429.6073308318493663053740575940213      
   18427.9974535377267830136199548576256      
   18423.1686653696923340948267359755501      
   18416.7322493538848298657127863818535      
   18418.7433877665720972949927462797654      
   18416.7322493538848298657127863818535      
   18413.4837000943266962790258353064167      
   18411.8596403516625279603729288898037      
   18406.9883205205139582460151022940003      
   18400.4952322000292196083609648543584      
   18402.5240762182956555756714563549525      
   18400.4952322000292196083609648543584      
   18397.2177335673189126433405687870410      
   18395.5792031781461696568492773779871      
   18390.6644875633773861012421092826286      
   18384.1135758816040327742403767894155      
   18386.1604850751434763549050101686029      
   18384.1135758816040327742403767894155      
   18380.8065362067531945942972369765431      
   18379.1532394594826612067178210216204      
   18374.1942414177688662894136733967983      
   18367.5843253297566799992868075916515      
   18369.6496686344543158664000850903088      
   18367.5843253297566799992868075916515      
   18364.2471375834665196262781300418042      
   18362.5787710910520656170687128660809      
   18357.5745809714821629740472555573480      
   18350.9044487993023119638731867548220      
   18352.9886047184739305345917093673562      
   18350.9044487993023119638731867548220      
   18347.5364902795452500578523624472469      
   18345.8527428234645096470819529873007      
   18340.8024275002420875556476801176546      
   18334.0708363116911560801834378024735      
   18336.1741931100210522086718440738096      
   18334.0708363116911560801834378024735      
   18330.6714683463766116133619227634831      
   18328.9720207281590847385226525936013      
   18323.8746231559670470083471256753976      
   18317.0802981735390703852478267683913      
   18319.2032540615530822957095624509304      
   18317.0802981735390703852478267683913      
   18313.6488658422533128833081828790289      
   18311.9333907445504730172741948804397      
   18306.7879295425615585349277173131762      
   18299.9295635906608566442136006731714      
   18302.0725268972434807509106155508086      
   18299.9295635906608566442136006731714      
   18296.4653954700620470400288707021865      
   18294.7335573295495166985616574166268      
   18289.5390264009508889399574164348799      
   18282.6152794004985996495494011224884      
   18284.7786687305944734944182881525889      
   18282.6152794004985996495494011224884      
   18279.1176873386122555137104774440733      
   18277.3691422333460226963162111568320      
   18272.1245104282412699060052470974060      
   18265.1340089491540174599360789209403      
   18267.3182533233799989175834797469767      
   18265.1340089491540174599360789209403      
   18261.6022878745585547744674741883964      
   18259.8366834287792428741946880457323      
   18254.5408942594465720493265576361201      
   18247.4822311429513866452794127132322      
   18249.6877701153813755261342930886717      
   18247.4822311429513866452794127132322      
   18243.9156589156756630040986420568929      
   18242.1326342254708060874788373482201      
   18236.7846056442032442830814045143763      
   18229.6563397086137190188137916151452      
   18231.8836234584795708226693547224771      
   18229.6563397086137190188137916151452      
   18226.0541770204965823745069495872417      
   18224.2533626041946684430666607152849      
   18218.8519868553386017321700814379139      
   18211.6526427007691607777338434208952      
   18213.9021320932425894417366654347447      
   18211.6526427007691607777338434208952      
   18208.0141330340625489123843741880300      
   18206.1951508117480993097767970106985      
   18200.7392943711019368759892888296684      
   18193.4673623006552272748136252465491      
   18195.7395289112327287135215615981186      
   18193.4673623006552272748136252465491      
   18189.7917319547949520197002420043242      
   18187.9541952619048939932084664275935      
   18182.4426988783513895318829139919590      
   18175.0966349555932858410107325298641      
   18177.3919610518941272640255290124071      
   18175.0966349555932858410107325298641      
   18171.3830931533219557384196714779414      
   18169.5266067939133540046810623412075      
   18163.9582856500471397416844163473940      
   18156.5365119150979421312427434504226      
   18158.8554903891000101892963504111122      
   18156.5365119150979421312427434504226      
   18152.7842510005083482362344415748795      
   18150.9084113464790953908513213175934      
   18145.2820553570639806482407708122043      
   18137.7829602263946389386987234719325      
   18140.1260944692708204491081244572838      
   18137.7829602263946389386987234719325      
   18133.9911559689729687247813728059916      
   18132.0955511122720972436176083635133      
   18126.4099253816260441439234933444201      
   18118.8318642596617916033495976888087      
   18121.1996679704383489248101677152095      
   18118.8318642596617916033495976888087      
   18114.9996762800497450437753181942890      
   18113.0838862457333599741290467330670      
   18107.3377317075949861067890514808928      
   18099.6790278414985186541979747929226      
   18102.0720247597357171732249352973401      
   18099.6790278414985186541979747929226      
   18095.8056001764590101657619366183115      
   18093.8691972053300622752457384930206      
   18088.0612314714048467790470546238409      
   18080.3201770839315065118234308131454      
   18082.7389006355273188996359351003970      
   18080.3201770839315065118234308131454      
   18076.4046389098869868964496675044210      
   18074.4471878203986266716829672909918      
   18068.5761062666049410348275529454923      
   18060.7509640056788540114804688642081      
   18063.1959568497234112352318928635993      
   18060.7509640056788540114804688642081      
   18056.7924305421802844781263030495665      
   18054.8134891822763077200387303351070      
   18048.8779663046897907876658337442480      
   18040.9669710523143148460346329459535      
   18043.4387845156847304584857269755999      
   18040.9669710523143148460346329459535      
   18036.9645446688697883466808287232336      
   18034.9636644694703609444510247536263      
   18028.9623555450659710163154068054347      
   18020.9637166323087264166755455535392      
   18023.4629100174051794389160390613193      
   18020.9637166323087264166755455535392      
   18016.9164881841203658698306165075186      
   18014.8932148270201516225403442121860      
   18008.8247579174845159738386477180148      
   18000.7366617965001115574348672845197      
   18003.2638015462054431467606256144239      
   18000.7366617965001115574348672845197      
   17996.6437122167789093874824381499822      
   17994.5975864307842881630735372873871      
   17988.4606047708458469665858195072206      
   17980.2812181991236924401722007660569      
   17982.8368769017497755455187879582478      
   17980.2812181991236924401722007660569      
   17976.1416203777103146874148977795068      
   17974.0721788778705375626810064098566      
   17967.8652836926753797336945621492231      
   17959.5927574887976696526867126442531      
   17962.1775127045024474412334888481163      
   17959.5927574887976696526867126442531      
   17955.4055784687282251062775799596768      
   17953.3123550544697680869245841840344      
   17947.0341488533900098948761412658706      
   17938.6666222873868985005605160997432      
   17941.2810551763591104553327049429216      
   17938.6666222873868985005605160997432      
   17934.4309258126973430064149737669326      
   17932.3134526414969479099639595415705      
   17925.9625330382327580249954790853748      
   17917.4981389229104259384285620663718      
   17920.1428326545925937339706422662073      
   17917.4981389229104259384285620663718      
   17913.2129883722333229123148203878724      
   17911.0707974260941255896834993797395      
   17904.6457615368127832518822471912912      
   17896.0826320889294315487871591694838      
   17898.7581700107699076404280658727558      
   17896.0826320889294315487871591694838      
   17891.7470938301316143661307572871105      
   17889.5797185924730919027147610378917      
   17883.0791680647631397414179882191967      
   17874.4154416062974464458417557061587      
   17877.1224051500955945462988029983375      
   17874.4154416062974464458417557061587      
   17870.0285888073289649607113010926455      
   17867.8355661678613560414084670093014      
   17861.2581128931556977532777677020474      
   17852.4919414627373850330340236975909      
   17855.2309077667017509161390948400319      
   17852.4919414627373850330340236975909      
   17848.0528583927634576239331626570509      
   17845.8337307973671367202799653762673      
   17839.1780033578350409392718783144939      
   17830.3075613001941695003998935825370      
   17833.0791005255260351937107237545636      
   17830.3075613001941695003998935825370      
   17825.8153481526745154171533941738480      
   17823.5696660141005228104303079854647      
   17816.8343169113932412433842873255655      
   17807.8578105078588827590817143331789      
   17810.6624828301824012942662263524837      
   17807.8578105078588827590817143331789      
   17803.3115887731944080940285190946697      
   17801.0389131563798741582553485232451      
   17794.2226268635461435314242940775107      
   17785.1383050585313972958688952631984      
   17787.9766573170210793514288889612734      
   17785.1383050585313972958688952631984      
   17780.5372234678543768952462091869000      
   17778.2371290606248683724852601496183      
   17771.3386309294482560279551078651963      
   17762.1447971957747583024287933324231      
   17765.0173591866070374929347952209233      
   17762.1447971957747583024287933324231      
   17757.4880382490284363594318941468270      
   17755.1601166247449608139915652397162      
   17748.1781826681154143168281217724948      
   17738.8732080371853383839681755085594      
   17741.7804884432041118322698204532997      
   17738.8732080371853383839681755085594      
   17734.1599951174293507377993400254404      
   17731.8038582905345912020127802087138      
   17724.7373258426634433821477635475371      
   17715.3196631030977407293021424434154      
   17718.2621450585785922476466333919322      
   17715.3196631030977407293021424434154      
   17710.5492681646131697304567262450711      
   17708.1645524328527763288840605895421      
   17701.0123316686144239301198300896227      
   17691.4805307082984818585534260206713      
   17694.4586670066551153788582625583828      
   17691.4805307082984818585534260206713      
   17686.6522825082344076524114219672026      
   17684.2386525664168882938969548232782      
   17676.9997388343782601283167056655214      
   17667.3524630652610916866863674443523      
   17670.3666710286567350996863361488588      
   17667.3524630652610916866863674443523      
   17662.4657558870510199172792255280274      
   17660.0229091864580323245166165175504      
   17652.6963960779217453623707263661900      
   17642.9324398399811888536096275141982      
   17645.9830958832187649784620412717535      
   17642.9324398399811888536096275141982      
   17637.9867426315168142729779167435399      
   17635.5144139464616662592715572370359      
   17628.0995069850326315203281218427686      
   17618.2178137754578056050414765678129      
   17621.3052477122531535733060320248036      
   17618.2178137754578056050414765678129      
   17613.2126795962287473335579712397224      
   17610.7106457448795283408797772153384      
   17603.2066765379527143518424216973934      
   17593.2063578541870858236146317025808      
   17596.3308470118602962282441475814812      
   17593.2063578541870858236146317025808      
   17588.1414334937816642186005577923292      
   17585.6095181444682611859429645653151      
   17578.0159587903822457018418710841749      
   17567.8963133122228482111208214597206      
   17571.0580765406592218426146307624982      
   17567.8963133122228482111208214597206      
   17562.7713489086309924849988668302140      
   17560.2094273858893609384482070301867      
   17552.5259048796370639923071063217534      
   17542.2864376478846352150653210538752      
   17545.4856293297605605366972783604636      
   17542.2864376478846352150653210538752      
   17537.1012960993010446722873404941351      
   17534.5093000865489904922488240552122      
   17526.7356104149090773352778829196638      
   17516.3760515948086168062621237100571      
   17519.6127557857057877220594677485361      
   17516.3760515948086168062621237100571      
   17511.1307175249539197745017824756064      
   17508.5086395438656706866519031302783      
   17500.6447611103900023862024228077736      
   17490.1650838609869099402700237747177      
   17493.4393087089764290790170316678640      
   17490.1650838609869099402700237747177      
   17484.8596718676986541353006291567634      
   17482.2075693992259870241735859862028      
   17474.2536753742136894544906285452448      
   17463.6541122844694938128037707109757      
   17466.9657848975698984437795438344372      
   17463.6541122844694938128037707109757      
   17458.2888741772540389153101811854115      
   17455.6068732772241937902766957837806      
   17447.5633424318116557623287376169177      
   17436.8443999364413483936363247444196      
   17440.1933618813030365009823012863378      
   17436.8443999364413483936363247444196      
   17431.4197306539155325944191562173310      
   17428.7080289087662763484458029396860      
   17420.5754544701976731098515605558579      
   17409.7379246288756626892908209463338      
   17413.1239282531923008738343850241287      
   17409.7379246288756626892908209463338      
   17404.2543665247308947690580611668402      
   17401.5132351918034420938552138964796      
   17393.2924312535611948028043267429587      
   17382.3374002727080301602274754564456      
   17385.7601060452317673843189312813367      
   17382.3374002727080301602274754564456      
   17376.7956454719279201259664391698606      
   17374.0254306552921023952829774034450      
   17365.7174356954455163440451208490983      
   17354.6462885980873693194917013197380      
   17358.1052636519071547047505696362109      
   17354.6462885980873693194917013197380      
   17349.0471791559454583499045376441251      
   17346.2483018841285419544999843792426      
   17337.8543789914470266093137678219784      
   17326.6687999022173803849318552046813      
   17330.1635179477175638993506090741693      
   17326.6687999022173803849318552046813      
   17321.0133255483318953572121492881169      
   17318.1862806451907984653674017590870      
   17309.7079141271457703953827580028771      
   17298.4098817388718690905764335349098      
   17301.9397244817420035900593605910030      
   17298.4098817388718690905764335349098      
   17292.6991750571142674844494780555073      
   17289.8445287313373043681666619963697      
   17281.2834168808018653124771986741005      
   17269.8751948059054882095561663611619      
   17273.4394549628418156881137022982228      
   17269.8751948059054882095561663611619      
   17264.1105237863204490676975367543176      
   17261.2289099077048709894330516695595      
   17252.5869538330595818573992207686620      
   17241.0710757133446558786365262938518      
   17244.6689616648748274206968704577894      
   17241.0710757133446558786365262938518      
   17235.2538337106379833283460926983581      
   17232.3459487904624986403915272511349      
   17223.6252373612283921102157525203407      
   17212.0044868059313897851290077076274      
   17215.6351288644794556742637395545200      
   17212.0044868059313897851290077076274      
   17206.1361800449461673481002063365286      
   17203.2027769906581424378586060376877      
   17194.4055681093540712579277618827912      
   17182.6829537424748770020059219705215      
   17186.3454119478377283008986117143628      
   17182.6829537424748770020059219705215      
   17176.7651866174350479896399833699786      
   17173.8070673850170664055569764585274      
   17164.9357659552357189719496288285844      
   17153.1144920652419210119950228490684      
   17156.8077653534142322193977005694656      
   17153.1144920652419210119950228490684      
   17147.1489505786568521989856178214742      
   17144.1669578955594225403748616262724      
   17135.2240910046824535022322623529902      
   17123.3075244872545899099976915777941      
   17127.0305610168373698150374397939526      
   17123.3075244872545899099976915777941      
   17117.2959582585552927837468180355470      
   17114.2909666321379891027389217401617      
   17105.2791565931450200117656149161770      
   17093.2707910453679261509286120059486      
   17097.0224994134155813689344028437416      
   17093.2707910453679261509286120059486      
   17087.2149943818350723205640828334453      
   17084.1879006394746742705407834551138      
   17075.1098366298360635021744152945216      
   17063.0132545786899415584712576259609      
   17066.7925156189931260666752732450762      
   17063.0132545786899415584712576259609      
   17056.9150471370517186986571477062128      
   17053.8667607619632952144827356725829      
   17044.7251698511824653216595101568981      
   17032.5440041704208126904418829995247      
   17036.3496830049865196221197543203802      
   17032.5440041704208126904418829995247      
   17026.4052117440505468612781788960761      
   17023.3366452741302786206233038750401      
   17014.1342636412376458366523294829115      
   17001.8721592235989979684865528566911      
   17005.7031172340856014703214238580681      
   17001.8721592235989979684865528566911      
   16995.6945951676241294608600477418240      
   16992.6066549133096968528582069215844      
   16983.3462000216561790797659494930468      
   16971.0067767280492566616868147276765      
   16974.8618831280770846999276273976835      
   16971.0067767280492566616868147276765      
   16964.7921474773664278659306303115815      
   16961.6856863070093687398136106990130      
   16952.3697153657846878825669429678744      
   16939.9563795530685843871882344103153      
   16943.8345702556336124747738457362680      
   16939.9563795530685843871882344103153      
   16933.7055387462869257045575791859174      
   16930.5809833557665052168614092180140      
   16921.2107759589481440172749527108478      
   16908.7252326006796651858532794553447      
   16912.6259749429315651771946330340500      
   16908.7252326006796651858532794553447      
   16902.4398825605263310985922169737988      
   16899.2980837465010940275874134591199      
   16889.8761908258300053460299090118728      
   16877.3218377636035245123423083993889      
   16881.2440703373833935866557389041450      
   16877.3218377636035245123423083993889      
   16871.0035975251577326991431906759064      
   16867.8453644539040183159446052191399      
   16858.3742121037295303903490862877629      
   16845.7542808546747120097419824385098      
   16849.6969942128282215656092584696267      
   16845.7542808546747120097419824385098      
   16839.4046898263461832224953262010939      
   16836.2307918641410435163279307764490      
   16826.7126868321431999001441246632440      
   16814.0302499088893980169758517470913      
   16817.9924842779008610239454199344473      
   16814.0302499088893980169758517470913      
   16807.6507594578335122976536829586400      
   16804.4619219669118770501309250616820      
   16794.8990390549625210368851266157597      
   16782.1569931970687031077294507913094      
   16786.1378437135239914822045021112372      
   16782.1569931970687031077294507913094      
   16775.7489605545435867099717549839819      
   16772.5458618483994265181472022562962      
   16762.9402347889486823620845294158543      
   16750.1412888225224460367315445368426      
   16754.1399093239800172468570309258855      
   16750.1412888225224460367315445368426      
   16743.7059729927221619999233934885895      
   16740.4892422925830437558146926360261      
   16730.8427576263085338339350828310973      
   16717.9894243200451273234396564003703      
   16722.0050298876716781688003409846220      
   16717.9894243200451273234396564003703      
   16711.5279838399081560390382720638657      
   16708.2982001561546686748924549813538      
   16698.6125938822754422969386414512482      
   16685.7071854953236993822954598104272      
   16689.7390538434547076174443670205963      
   16685.7071854953236993822954598104272      
   16679.2206778532127365285618102230293      
   16675.9783696957285627430784150587624      
   16666.2552264070920703915391831659339      
   16653.2998535452439248965989517674714      
   16657.3473253776706410602533582050124      
   16653.2998535452439248965989517674714      
   16646.7892360444499269749309599253305      
   16643.5348818549274444162974291979475      
   16633.7756360371378062775256391847933      
   16620.7722093901505475571705482822441      
   16624.8346878565751653564707620575160      
   16620.7722093901505475571705482822441      
   16614.2383412340961970135465948228159      
   16610.9723704287901874396006683037276      
   16601.1783095890753630853828517132643      
   16588.1285441039028340757050974383531      
   16592.2054934956313572101797406463671      
   16588.1285441039028340757050974383531      
   16581.5721894815998771380470807845197      
   16578.2949839938645308632149286060870      
   16568.4672532879196814152206527145328      
   16555.3726743360424898001588355138991      
   16559.4636181589145918680088835225617      
   16555.3726743360424898001588355138991      
   16548.7945062964232850978786297512154      
   16545.5064025134006143150055599549101      
   16535.6460105535436556311748618565170      
   16522.5079616707198898037378610638264      
   16526.6124802269840198542244771702217      
   16522.5079616707198898037378610638264      
   16515.9085665905706351418321505661387      
   16512.6098575864496431760202541273634      
   16502.7176831385693638602687083261714      
   16489.5373349474980457773344651755725      
   16493.6550625482893472216269706759149      
   16489.5373349474980457773344651755725      
   16482.9172174177246257895192314658932      
   16479.6081553959883217647170672229124      
   16469.6849547027426906267121281100924      
   16456.4633146690646012513572490130394      
   16460.5939365866689093102255150167967      
   16456.4633146690646012513572490130394      
   16449.8229026460807220238540688346644      
   16446.5037015141823609692316205577652      
   16436.5501160149572437641723770705224      
   16423.2880387310405972773823072759990      
   16427.4312879863764455216361327514494      
   16423.2880387310405972773823072759990      
   16416.6276888226951323345659653945866      
   16413.2985268339130416796185307648695      
   16403.3150910859529072093934843666018      
   16390.0132888220605036408109452785699      
   16394.1689428887084218495628407328802      
   16390.0132888220605036408109452785699      
   16383.3332915995866339101503774534627      
   16379.9943140078339907115938529749475      
   16369.9814636460139052956301618942605      
   16356.6405169524710396638921959158846      
   16360.8083944448290119386579595514722      
   16356.6405169524710396638921959158846      
   16349.9411022006449820089611948426753      
   16346.5924238843578093196318678749226      
   16336.5505034880839351750816500432077      
   16323.1708716733704106981022287580861      
   16327.3508290736133631965003516692900      
   16323.1708716733704106981022287580861      
   16316.4522135098994922256059946355189      
   16313.0939215305367582724994602777928      
   16303.0231922944729646670234344052331      
   16289.6052236417263962211549349766713      
   16293.7971521085150218239669659021567      
   16289.6052236417263962211549349766713      
   16282.8674454535663767093055136770397      
   16279.4996015225912586587171690841113      
   16269.4002486528954222690596713536994      
   16255.9441902705820183639754197146564      
   16260.1480125620752802330713299357617      
   16255.9441902705820183639754197146564      
   16249.1873694293151954210722491347303      
   16245.8100122647380365936529634653565      
   16235.6821520441086226905161788252062      
   16222.1881592753997851064261727805133      
   16226.4038268101359926892136912272081      
   16222.1881592753997851064261727805133      
   16215.4123316060234897711521809931937      
   16212.0254791656922388112238822147000      
   16201.8691656488264351813799784897712      
   16188.3373109885852203203692049154698      
   16192.5648010601866077964990530195360      
   16188.3373109885852203203692049154698      
   16181.5424749761918167730229685568251      
   16178.1461265600782773334235786527955      
   16167.9613578763177291740823638005823      
   16154.3916393648023056787969285552743      
   16158.6309525201482511470335549786189      
   16154.3916393648023056787969285552743      
   16147.5777600918584436025900680897056      
   16144.1718983096993005477428704569755      
   16133.9586225619606936115619293424663      
   16120.3509716407552193495118564051136      
   16124.6021292261462799008577219326094      
   16120.3509716407552193495118564051136      
   16113.5179844542227053368968459351963      
   16110.1025770581394092981030975340431      
   16099.8606978170137292846607143583247      
   16086.2149866457254067158380000249454      
   16090.4780285214914972008279019308884      
   16086.2149866457254067158380000249454      
   16079.3628005583297271489014696516329      
   16075.9378021425813929394807969760485      
   16065.6671835420688773953680348173377      
   16051.9832317844244686291753329756913      
   16056.2582142052779852737509549589278      
   16051.9832317844244686291753329756913      
   16045.1117326181881741883843709501106      
   16041.6770861901158557036314305909747      
   16031.3775576371707528010046657838262      
   16017.6551387327424238391238234358849      
   16021.9421323888047597824800326491131      
   16017.6551387327424238391238234358849      
   16010.7641920156632110017434864286475      
   16007.3198304432641689354110869361859      
   15996.9911909574599459988544537554315      
   15983.2300379007558141036661369745540      
   15987.5291261124664543165463272596870      
   15983.2300379007558141036661369745540      
   15976.3194915294097367553944845491276      
   15972.8653388719298264685069265452221      
   15962.5073610744008549324156087250706      
   15948.7071717268421171860696440675844      
   15953.0184487857771182895786256278903      
   15948.7071717268421171860696440675844      
   15941.7768584088954444675391454667186      
   15938.3128311374287290615153935683261      
   15927.9252649100451523105168314806537      
   15914.0857068727473273579775195674404      
   15918.4092765196259903595770714843069      
   15914.0857068727473273579775195674404      
   15907.1354463640095197633375999109753      
   15903.6614544794183098133588566411433      
   15893.2440303161215646882985402346848      
   15879.3647453926881780607795518656660      
   15883.7007194234437834900748318638486      
   15879.3647453926881780607795518656660      
   15872.3943465435549105256414307508028      
   15868.9102945991314247800995035233875      
   15858.4627266716809249588837513252336      
   15844.5433349506464918417501642873289      
   15848.8918319413033221758625317932834      
   15844.5433349506464918417501642873289      
   15837.5525975766681341826876773148417      
   15834.0583856129020957734742841447991      
   15823.5803745731124642739330912465238      
   15809.6204781594423402950362639505199      
   15813.9816223006130031684602860471964      
   15809.6204781594423402950362639505199      
   15802.6091947503941842786204616223207      
   15799.1047191490310747668834148628368      
   15788.5959546890404098217889232633877      
   15774.5951411133762494881775150594254      
   15778.9690611454179857973320810528216      
   15774.5951411133762494881775150594254      
   15767.5630983946708166290728020484105      
   15764.0482526589775682396992791359549      
   15753.5084158502835435399267104594778      
   15739.4662611835518617374388556329046      
   15743.8530894237552455771916083514906      
   15739.4662611835518617374388556329046      
   15732.4132415431763867072200379184142      
   15728.8879170110027586405759224751054      
   15718.3166824420180961706938464813739      
   15704.2327541417065393726716968377123      
   15708.6326255953001568782212887985515      
   15704.2327541417065393726716968377123      
   15697.1585369351338928318298317575078      
   15693.6226234309904824297167906658156      
   15683.0196611617679324165169120880914      
   15668.8935206747064515909596493119392      
   15673.3065722219195749118204706485682      
   15668.8935206747064515909596493119392      
   15661.7978834194494950868820217691733      
   15658.2512698514343433703288718419632      
   15647.6162472030449092499029958865533      
   15633.4474523479751772496687865817387      
   15637.8738219998858625169796923362715      
   15633.4474523479751772496687865817387      
   15626.3301718186592704680691303352901      
   15622.7727467256675445893471882565524      
   15612.1053299205238965894460168341060      
   15597.8934370721527385706652939823966      
   15602.3332632885447114313230529617775      
   15597.8934370721527385706652939823966      
   15590.7542903061883715342310287487429      
   15587.1859423604434000490549256102379      
   15576.4857980286724696872730641682385      
   15562.2303641233226994256047328003909      
   15566.6837851862686927355900991881146      
   15562.2303641233226994256047328003909      
   15555.0691293464845078877532013692763      
   15551.4897478160407575094016375795741      
   15540.7565443818471230400407375281671      
   15526.4571287632709196319342368787206      
   15530.9242822006437641712955213133242      
   15526.4571287632709196319342368787206      
   15519.2735862437408787475289371683798      
   15515.6830614192353983963572398839429      
   15504.9164703800755573729831635077625      
   15490.5726365025017384299178162001038      
   15495.0536585560811201486531626881717      
   15490.5726365025017384299178162001038      
   15483.3665693412200240690938165104458      
   15479.7647929307918938831056588469725      
   15468.9644900411092131385456762338267      
   15454.5758070451702219624760355909246      
   15459.0708321784583116019982213947523      
   15454.5758070451702219624760355909246      
   15447.3470019096613734537529963549485      
   15443.7338674056209273615990723597045      
   15432.8995337758783881589735620923125      
   15418.4655779517140623582894296568835      
   15422.9747383929945260472316405335508      
   15418.4655779517140623582894296568835      
   15411.2138257599207984460992832817832      
   15407.5892287804328994270104022593366      
   15396.7205519012288929495606322142604      
   15382.2409080517963447008496460470475      
   15386.7643333683672386305849860177289      
   15382.2409080517963447008496460470475      
   15374.9660046118597585380043835486875      
   15371.3298432206087361814700654269829      
   15360.4265179207717296374995526514766      
   15345.9007806372060923689683714364942      
   15350.4385973370871603076112103270036      
   15345.9007806372060923689683714364942      
   15338.6025272485781941219319682670198      
   15334.9547022551058107132119093978936      
   15324.0164316018355148842812058534952      
   15309.4442064616033195161265660029851      
   15313.9965376193627420646099728031473      
   15309.4442064616033195161265660029851      
   15302.1224104823651735220385620732808      
   15298.4628257255167509180502287244360      
   15287.4893218738712253125415011307581      
   15272.8702265714350924822637327984937      
   15277.4371914751003032899451613417941      
   15272.8702265714350924822637327984937      
   15265.5247019562190720119055415837817      
   15261.8532645728956684224468619954878      
   15250.8442495712125457191093081956463      
   15236.1779149899786487607696462381916      
   15240.7596288062917068831980317032951      
   15236.1779149899786487607696462381916      
   15228.8084828024545795808997128534865      
   15225.1251034836498405102173479444864      
   15214.0803100408325014909625340994361      
   15199.3663812742768232616843740395783      
   15203.9629547298282761501371437654129      
   15199.3663812742768232616843740395783      
   15191.9728701777565420054076865732356      
   15188.2774634136543308990636611905175      
   15177.1966356336467202938185266433604      
   15162.4347729627075745180267680099392      
   15167.0463120387352998962655543125768      
   15162.4347729627075745180267680099392      
   15155.0170196920481531907562283141227      
   15151.3095040077700272840991038131708      
   15140.1923980959830698069781927089224      
   15125.3822779290606232423685228993436      
   15130.0088835679333812910776714023242      
   15125.3822779290606232423685228993436      
   15117.9401277467007249619380045555108      
   15114.2204259301195200287468004851142      
   15103.0668108760540556022898414673812      
   15088.2081266572677183934160790983769      
   15092.8498944788886252195712955813127      
   15088.2081266572677183934160790983769      
   15080.7414337959114903937152173351819      
   15077.0094731187873346553777589116638      
   15065.8191313586190057411232524036638      
   15050.9115944493350453080482661267344      
   15055.5686144758996151709915142520672      
   15050.9115944493350453080482661267344      
   15043.4202225435014403959460468817619      
   15039.6759349770483418886629806693687      
   15028.4486630394956636374188621112972      
   15013.4920035775458873209076926794041      
   15018.1643599652740448010015029547804      
   15013.4920035775458873209076926794041      
   15005.9758260859256654619435489979884      
   15002.2191485117790750133764545879953      
   14990.9547576501630028137086222173813      
   14975.9487253906255232548391054325563      
   14980.6364961672587200177084409921872      
   14975.9487253906255232548391054325563      
   14968.4076260109313588332914090153467      
   14964.6385004283587721064259097110301      
   14953.3368172413773623744710265228009      
   14938.2811823822781946645320443344370      
   14942.9844391892927631828242532187211      
   14938.2811823822781946645320443344370      
   14930.7150554600331057288749129913315      
   14926.9334291901097349918357033961910      
   14915.5942962334916837810087717634171      
   14900.4888502293068446037635644179583      
   14905.2076580679443511683728811475737      
   14900.4888502293068446037635644179583      
   14892.8976011617906408894510033472598      
   14889.1034270491494972932588156465727      
   14877.7267034400125510599074914819158      
   14862.5712598054005945167737385797016      
   14867.3056767857564162842826486376619      
   14862.5712598054005945167737385797016      
   14854.9548054417613387482334951723963      
   14851.1480420544207833221832368894868      
   14839.7336040698424426086218944590361      
   14824.5279991756132418544644141487840      
   14829.2780762681570534830970437649816      
   14824.5279991756132418544644141487840      
   14816.8862682139493076735146642714464      
   14813.0668800416204914534168804307910      
   14801.6146217126267858424111737758415      
   14786.3587155755508115762737776594314      
   14791.1244963645780763825324369565595      
   14786.3587155755508115762737776594314      
   14778.6916489575773802215838760782088      
   14774.8596066087581908869876823575381      
   14763.3694403106491645881199546006782      
   14748.0631173783292892273732574815093      
   14752.8446378169622169670331706644773      
   14748.0631173783292892273732574815093      
   14740.3706686820598031212449142308967      
   14736.5259490801303413548273197079913      
   14724.9978061197863774031048413234954      
   14709.6409760514488506350574649556624      
   14714.4382642179193886959772866997837      
   14709.6409760514488506350574649556624      
   14701.9231118821458217559373552130856      
   14698.0656984605924389310396915858338      
   14686.4995296611418490938779900610833      
   14671.0921281048521279177737609909133      
   14675.9052039599091501712817203208766      
   14671.0921281048521279177737609909133      
   14663.3488284843318709784863830372160      
   14659.4787113811419554520702475249711      
   14647.8744876641160081520472921569547      
   14632.4164770305867666303674977885630      
   14637.2453521759752814721341958066911      
   14632.4164770305867666303674977885630      
   14624.6477357847980003944931408556720      
   14620.7649120359854574478711080752573      
   14609.1226250008405735175397407330622      
   14593.6139952336712899428792050493955      
   14598.4586726717338851320256795905704      
   14593.6139952336712899428792050493955      
   14585.8198203783077292356061491336756      
   14581.9242941104492621092187251450255      
   14570.2439566110968863335366256743107      
   14554.6847259529661211200450884855829      
   14559.5451998475162437184035301378794      
   14554.6847259529661211200450884855829      
   14546.8651400767173153514552506650985      
   14542.9569226983017562816955009629523      
   14531.2385694160531361317067117671264      
   14515.6287851700742753402245681181981      
   14520.5050406087878403055966295634081      
   14515.6287851700742753402245681181981      
   14507.7838258149668579784862729794831      
   14503.8629362062838294147958385412895      
   14492.1066242183893337463954826933734      
   14476.4463635035378250739341675384882      
   14481.3383762622041669178734711643080      
   14476.4463635035378250739341675384882      
   14468.5760835416706533487922995433965      
   14464.6425482428905761997552809326265      
   14452.8483575856307133938419405577822      
   14437.1377280848549283915455653350252      
   14442.0454643939204863768500527930331      
   14437.1377280848549283915455653350252      
   14429.2421960906862392491071377313403      
   14425.2960494877111099468273921806738      
   14413.4640837127789457408332008792676      
   14397.7032244121176159215108365954105      
   14402.6266407260460207758735050232411      
   14397.7032244121176159215108365954105      
   14389.7825250293203740168463478486050      
   14385.8238095369138409220982552442604      
   14373.9541962596161774308209039103526      
   14358.1432781763630142719101687671079      
   14363.0823209464233791657914249541108      
   14358.1432781763630142719101687671079      
   14350.1975124781262815325669129259260      
   14346.2262787197624640938514620922736      
   14334.3191701573602238806107673684603      
   14318.4583970550412433164242749908148      
   14323.4130025062223290892376635334227      
   14318.4583970550412433164242749908148      
   14310.4876828965609921278647998331360      
   14306.5039898803643704587431060807141      
   14294.5595633786716338376885131611580      
   14278.6491724663335306628294376208757      
   14283.6192663791648470779571047496041      
   14278.6491724663335306628294376208757      
   14270.6536448281063637137403307715115      
   14266.6575601181901764205929412758021      
   14254.6760186643570089441389764536043      
   14238.7162812774066795488379569366804      
   14243.7017787755481841966524504701206      
   14238.7162812774066795488379569366804      
   14230.6960925978150308965458934355678      
   14226.6876924802632657328634612543701      
   14214.6692651994807765303805662588711      
   14198.6604874590680067239926840525106      
   14203.6612928036074848858675805827473      
   14198.6604874590680067239926840525106      
   14190.6158079546264254339103217334765      
   14186.5951775973050925399474404043502      
   14174.5401202309933463924639391610382      
   14158.4826436786924447905590382275780      
   14163.4986500701633726888762274965427      
   14158.4826436786924447905590382275780      
   14150.4136616502123183365306872499289      
   14146.3808952555396657922838372716881      
   14134.2894906184113494524897566664690      
   14118.1836928227347335423770171602362      
   14123.2147822119369390645079625175336      
   14118.1836928227347335423770171602362      
   14110.0906149455604319356435841931743      
   14106.0458158953136668444974446338268      
   14093.9183743085504864640264293349466      
   14077.7646694396201824090918050464630      
   14082.8107123483902148097631231164874      
   14077.7646694396201824090918050464630      
   14069.6477210359942063521777457236294      
   14065.5910020271826762204278719001588      
   14053.4278617248189983981128198832355      
   14037.2267010933329038945463459343090      
   14042.2875564464700183328960388894747      
   14037.2267010933329038945463459343090      
   14029.0861263848624412999650761632430      
   14025.0176095556547292960699861497544      
   14012.8191370611358273667867001659104      
   13996.5710096175968735212016098596037      
   14001.6465245872031585417987909036394      
   13996.5710096175968735212016098596037      
   13988.4070719557205792196006966688742      
   13984.3268890003762573642932992657507      
   13972.0934794701487363051473429196890      
   13955.7989122601794926491060231079868      
   13960.8889221237180690291748362469598      
   13955.7989122601794926491060231079868      
   13947.6118943324728057902015673135991      
   13943.5201866041994210191269356437305      
   13931.2522641351012106798042528573136      
   13914.9118227065469860502333526479500      
   13920.0161507199594541370026398917193      
   13914.9118227065469860502333526479500      
   13906.7020267166581453169873025536637      
   13902.5989453172910119869015638027326      
   13890.2969632144396169794831695182397      
   13873.9112519718722118731429070096345      
   13879.0297092591248435186665916646680      
   13873.9112519718722118731429070096345      
   13865.6789997908510639882026984219015      
   13861.5647056462384733394235361980346      
   13849.2291466480715552644439339144282      
   13832.7988091502469812796618899324445      
   13837.9311946106934611175715107855158      
   13832.7988091502469812796618899324445      
   13824.5444424370159872391074060170999      
   13820.4191063569861603214118163595313      
   13808.0504828140899215398024057822203      
   13791.5762020098891662397704688683709      
   13796.7223022448451911968303298839302      
   13791.5762020098891662397704688683709      
   13783.3000822986122894795476920779471      
   13779.1638850204015923253760063765652      
   13766.7627390247722163891467646108833      
   13750.2452374231676660992496514727692      
   13755.4048266830884230358809674884976      
   13750.2452374231676660992496514727692      
   13741.9477461752993516231593877739985      
   13737.8008783893345958420469512393207      
   13725.3677818507580803186846109457244      
   13708.8078216204020434884722140001135      
   13713.9806617740367152846053070981619      
   13708.8078216204020434884722140001135      
   13700.4893602392467021791764580061681      
   13696.3320225961984869045563575851419      
   13683.8675772625067228239313883288839      
   13667.2659602566354671189376825200289      
   13672.4518007835025800668725529227060      
   13667.2659602566354671189376825200289      
   13658.9269500623186922094591238516770      
   13654.7593531603781668369183194596696      
   13642.2641905784454576592929062867297      
   13625.6217582809341166880496451945349      
   13630.8203362884171656713868440779412      
   13625.6217582809341166880496451945349      
   13617.2626404437815063169272566152963      
   13613.0850047951602596702115370820530      
   13600.5597862096464618460362816786417      
   13583.8774195982395100276129168978906      
   13589.0884598645431255794233964900381      
   13583.8774195982395100276129168978906      
   13575.4986550286780220248457412362140      
   13571.3112110043903169208172602109010      
   13558.7566271914152727573312675136588      
   13542.0352465143951310708459886538798      
   13547.2584615585277347079649631957174      
   13542.0352465143951310708459886538798      
   13533.6373157076359067002898416927091      
   13529.4403034596944548063977004769058      
   13516.8570744928441984767123948278375      
   13500.0976389556880055993775466739980      
   13505.3327291355470987207132765115936      
   13500.0976389556880055993775466739980      
   13491.6810417896187844450622285545407      
   13487.4747111498598021728799613799781      
   13474.8635860961784696321088489628081      
   13458.0670934550905481268240944552577      
   13463.3137470946213663369488991631533      
   13458.0670934550905481268240944552577      
   13449.6323489400000674759151127234793      
   13445.4169592948504240845950201588351      
   13432.7787158387627483304485132819197      
   13415.9462018983576216400321234059825      
   13421.2040954446349216158357523293588      
   13415.9462018983576216400321234059825      
   13407.4938478773331653921222370224922      
   13403.2696680179417364058079664389316      
   13390.6051120113785797650246859195021      
   13373.7376500242253734236043173937085      
   13379.0064482351719724881248008907185      
   13373.7376500242253734236043173937085      
   13365.2682428233071793456217924896698      
   13361.0355507705836872615382859538609      
   13348.3455157079461571007765691043236      
   13331.4442156741683833453625343732128      
   13336.7235718374732004780084752645993      
   13331.4442156741683833453625343732128      
   13322.9583297016095747547773294754185      
   13318.7174125058465555269355244966882      
   13306.0027589228408311107783072169070      
   13289.0687667884931929526433652822290      
   13294.3583229721267930976240201466217      
   13289.0687667884931929526433652822290      
   13280.5669940827595987850330647067967      
   13276.3181475976558405355505040295279      
   13263.5797623934583991790630170230695      
   13246.6142591469710170333999726344801      
   13251.9136464815190820171496980680489      
   13246.6142591469710170333999726344801      
   13238.0972088734196540331562686554694      
   13233.8407375044755000511138519449334      
   13221.0795331871439309171374726659903      
   13204.0837338537302446385794709894771      
   13209.3925728465762479893549768860884      
   13204.0837338537302446385794709894771      
   13195.5520317502257282886637294600808      
   13191.2882481776407061599296940939359      
   13178.5051620331648034048409655290308      
   13161.4803145677270949925323003902001      
   13166.7982154489163809052591929295923      
   13161.4803145677270949925323003902001      
   13152.9346023397890379890136336928630      
   13148.6638272161589799234957789129903      
   13135.8598204020461458088931135867057      
   13118.8072044817766171100466525712632      
   13124.1337675811868075257280366127653      
   13118.8072044817766171100466525712632      
   13110.2481391481947020764088960273376      
   13105.9707007714771279851222907533823      
   13093.1467573362801070330183794707781      
   13076.0676830548388356616267625638038      
   13081.4024992100681673275697230288132      
   13076.0676830548388356616267625638038      
   13067.4959362450423315385785400333610      
   13063.2121702074336874860482811263627      
   13050.3692960381522357225242870731293      
   13033.2651025039993920237983242743802      
   13038.6077534981673183127864240913515      
   13033.2651025039993920237983242743802      
   13024.6813597088202687757073036670990      
   13020.3916085223645751843620788235201      
   13007.5308302221796313925679620123403      
   12990.4028840643398074346612750637150      
   12995.7529430927755669523005173413334      
   12990.4028840643398074346612750637150      
   12981.8078438421592908191747694767447      
   12977.5124565420828593273053790119260      
   12964.6348202414061438055719068535687      
   12947.4845140266395652672613800011068      
   12952.8415461912169046511626559323726      
   12947.4845140266395652672613800011068      
   12938.8788871672526532327447267478229      
   12934.5782188941916265036828536841672      
   12921.6847889985289021435572757585511      
   12904.5135395645690973720988605193973      
   12909.8771023942316136794632225824016      
   12904.5135395645690973720988605193973      
   12895.8980482134356938801645848488874      
   12891.5924597758899827425373368384707      
   12878.6843176545156865923033510489101      
   12861.4935643646968526713735030153978      
   12866.8632083605113071536544723034558      
   12861.4935643646968526713735030153978      
   12852.8689411105676376740666020709199      
   12848.5587985290743147933748794830468      
   12835.6370411489927374354869779646595      
   12818.4282440742243736159968853376950      
   12823.8035132771013817989619610233783      
   12818.4282440742243736159968853376950      
   12809.7952310034295937637027720138238      
   12805.4809050380985930554203910275967      
   12792.5466435482151828151829607198898      
   12775.3212815828571678619305293928798      
   12780.7017141618928210141445858343472      
   12775.3212815828571678619305293928798      
   12766.6806293038233924879889247174454      
   12762.3624949670165572968243691917771      
   12749.4168532378565643847250231366952      
   12732.1764221565971747821936469261975      
   12737.5615510158177545982960622275768      
   12732.1764221565971747821936469261975      
   12723.5288887984065853916593488720064      
   12719.2073248544656441444716579030427      
   12706.2514379791500235691498865407187      
   12688.9974484424842242031055402945325      
   12694.3868018436217945913023588180826      
   12688.9974484424842242031055402945325      
   12680.3437986315095890979459601250336      
   12676.0191870855477157828280705166041      
   12663.0541998480625928706525929713554      
   12645.7881753644011303017718839153622      
   12651.1812775631926585440086166319716      
   12645.7881753644011303017718839153622      
   12637.1291791832342250405923322239047      
   12632.8019047610979492950059393131347      
   12619.8289700781694867854001794401668      
   12602.5524449309748625965685264277009      
   12607.9488168243635132657050047174691      
   12602.5524449309748625965685264277009      
   12593.8888768640137819567112392602449      
   12589.5593264855956777264762725811988      
   12576.5796038287024639180997897912290      
   12559.2941209773399152589808521587108      
   12564.6932807588660979497176249935324      
   12559.2941209773399152589808521587108      
   12550.6267588475095805207777827122520      
   12546.2953210956464341312907651386485      
   12533.3099748998636995252940277336718      
   12516.0170838630701035206332073770097      
   12521.4185476836729127870357131393040      
   12516.0170838630701035206332073770097      
   12507.3467077642184371515167932769733      
   12503.0137723514435459434133833947518      
   12490.0239704179148325169921110000272      
   12472.7252251489222967378141607019406      
   12478.1285077803303082676992414070059      
   12472.7252251489222967378141607019406      
   12464.0526163784613745132004617595184      
   12459.7185736138929373277322108286809      
   12446.7254855127643405069046286546050      
   12429.4224422751668920688437748443099      
   12434.8270577730412622375371342626464      
   12429.4224422751668920688437748443099      
   12420.7483822715131852571246256908152      
   12416.4136225301530650294491339029603      
   12403.4184180107817968651667292534733      
   12386.1126332642016566713289594431210      
   12391.5180956282045430762929742465917      
   12386.1126332642016566713289594431210      
   12377.4379025535130316561603940883728      
   12373.1028157502018926358342209920106      
   12360.1066631653658617026172017434000      
   12342.7996914698618756846219777674022      
   12348.2055152978588571046365394492772      
   12342.7996914698618756846219777674022      
   12334.1250686264718551589727091674870      
   12329.7900436966980684590229355841169      
   12316.7941084473872372912500050632167      
   12299.4875003953532060008631508935202      
   12304.8932015290192954082768357209016      
   12299.4875003953532060008631508935202      
   12290.8132897659917652960093046613456      
   12286.4784787778969732928513609523852      
   12273.4832166478533668198391605058342      
   12256.1775789700067914771724804006256      
   12261.5829679263626978528819054086315      
   12256.1775789700067914771724804006256      
   12247.5044386668615162382040312181568      
   12243.1701703821417822214068582910480      
   12230.1765664798797277432130168426909      
   12212.8732099120619899244157224061230      
   12218.2778774225297854149414694511005      
   12212.8732099120619899244157224061230      
   12204.2019073115190670869758466247200      
   12199.8685650621470325708238973487579      
   12186.8777679599950799039117786470335      
   12169.5782206142860093878476787123083      
   12174.9816895507924108351564361859566      
   12169.5782206142860093878476787123083      
   12160.9095163370840686410890682785350      
   12156.5774800765375006281768312404815      
   12143.5906282086726820338270385690339      
   12126.2964046734483001756116404077289      
   12131.6982021348299672545509369728424      
   12126.2964046734483001756116404077289      
   12117.6310530684505505667123974261987      
   12113.3006996134324673276216919418912      
   12100.3189220003774255681887392886903      
   12083.0315243047601527875300616006571      
   12088.4311813155626500664250332798399      
   12083.0315243047601527875300616006571      
   12074.3702725487538008417793051476729      
   12070.0419751296656335009492354118649      
   12057.0663900319992666737757081598903      
   12039.7873058561432544430020331005211      
   12045.1843579252523002194925030844870      
   12039.7873058561432544430020331005211      
   12031.1308931082004398705265074441099      
   12026.8050209468746166865461327926729      
   12013.8367346006356967899402935263246      
   11996.5674355947372601315043852264616      
   12001.9614232400577817863932420642447      
   11996.5674355947372601315043852264616      
   11987.9165921903459036546553518647969      
   11983.5935100976490466235583476461739      
   11970.6336155092943237587840698200436      
   11953.3755556918746083663884605350735      
   11958.7660249402536376400136595205956      
   11953.3755556918746083663884605350735      
   11944.7310023792739438972268339466944      
   11940.4110703737959204916527642772046      
   11927.4606461783498804056698896783717      
   11910.2152604186393850330730962966709      
   11915.6017632795259808933066285829116      
   11910.2152604186393850330730962966709      
   11901.5777076392508533882915448150944      
   11897.2612805880231710828805965280922      
   11884.3213899732425165459451581961189      
   11867.0900925614143507422550883535465      
   11872.4721874730877600360349236328756      
   11867.0900925614143507422550883535465      
   11858.4602397759235815691103543605805      
   11854.1476670579433264680140704827535      
   11841.2193567568181489096224877259646      
   11824.0035400651505265768093527115616      
   11829.3807923125558205224648836123987      
   11824.0035400651505265768093527115616      
   11815.3820751264591927581871271780826      
   11811.0737003196264396174232385341364      
   11798.1579996730360132628172747045785      
   11780.9590329104142727620942406915208      
   11786.3310150138539127333850419678707      
   11780.9590329104142727620942406915208      
   11772.3466314843479179206201224198323      
   11768.0427920762583984697298806541724      
   11755.1407121671019129136424775676817      
   11737.9599402286087412975211977555325      
   11743.3262323027450514805370718251624      
   11737.9599402286087412975211977555325      
   11729.3572652629417636595134633438496      
   11725.0582923858143245466757316892933      
   11712.1708252454509164328174482213683      
   11695.0095676581474055861869945055165      
   11700.3697577409725888034579157533628      
   11695.0095676581474055861869945055165      
   11686.4172689001925253492604038643343      
   11682.1234870900541812197236839198203      
   11669.2516049774172562777135425855281      
   11652.1111549427934753021758702851757      
   11657.4648392944185597835411275603998      
   11652.1111549427934753021758702851757      
   11643.5298685055029838052441119217830      
   11639.2415954856045557352094900831159      
   11626.3862502389067421384411674588375      
   11609.2678737718841632753187779129145      
   11614.6146571431843993376393324636054      
   11609.2678737718841632753187779129145      
   11600.6982217481266315093051349174763      
   11596.4157682364203445006571316522091      
   11583.5778906969413434472508971735973      
   11566.4828258607458295616706944598811      
   11571.8223217320759680809886314295314      
   11566.4828258607458295616706944598811      
   11557.9254159851567511900378844501253      
   11553.6490855255347499947822841714364      
   11540.8295850325878521419306536306110      
   11523.7590412682849885504967530720314      
   11529.0908720586423241644988504238911      
   11523.7590412682849885504967530720314      
   11515.2144666258447903446960182563430      
   11510.9445554427151897102761445530940      
   11498.1443193985219074433435504911263      
   11481.0994769475196918330195737525950      
   11486.4232741946846661079123398968323      
   11481.0994769475196918330195737525950      
   11472.5683157277889622152575489906113      
   11468.3051126034544242896756999900675      
   11455.5250061063224898647724671791171      
   11438.5070155237023549232647456091714      
   11443.8224200360250855779905641094592      
   11438.5070155237023549232647456091714      
   11429.9898308194428684093296137175762      
   11425.7336169936462200299444001906039      
   11412.9744825375453844592696555539172      
   11395.9844642936828963058692335869536      
   11401.2911262743087050050009684410315      
   11395.9844642936828963058692335869536      
   11387.4818039424146224642470621764748      
   11383.2328530333269746600187189644045      
   11370.4955102716904669863794675203332      
   11353.5345544392729502282223529698398      
   11358.8321335837104508344802213785160      
   11353.5345544392729502282223529698398      
   11345.0469509061619469900891941209938      
   11340.8055288520112659177340375636938      
   11328.0907744233587575575452508185921      
   11311.1599404465989656382429902220117      
   11316.4481060146304164088091944232659      
   11311.1599404465989656382429902220117      
   11302.6879107469386140284279203977616      
   11298.4542757674105891952235702231684      
   11285.7628831801906692752729314380013      
   11268.8631997227729313898389902818300      
   11274.1416305857885098535840191804094      
   11268.8631997227729313898389902818300      
   11260.4072453822111131757000727373110      
   11256.1816479586993454682449418918418      
   11243.5143675325854602447862041954546      
   11226.6468324006629703450361132131293      
   11231.9152170655685623197490049086884      
   11226.6468324006629703450361132131293      
   11218.2074394512396994940812016232530      
   11213.9901223249782771995818807973872      
   11201.3476811857205869443204330073926      
   11184.5132613221080132830465071868886      
   11189.7712979330105310189551583324741      
   11184.5132613221080132830465071868886      
   11176.0909003321008960318892300955030      
   11171.8820985191789366126622621312210      
   11159.2652006440143820215568440658074      
   11142.4648321895871488327021610927669      
   11147.7122285085028132152581832039895      
   11142.4648321895871488327021610927669      
   11134.0599583251147728568947279843818      
   11129.8598991473489356937684245217960      
   11117.2692254579013462250800984731423      
   11100.5038138761195934735015006776345      
   11105.7402872439797121378923691427707      
   11100.5038138761195934735015006776345      
   11092.1168669924242630036244832037129      
   11087.9257701230509486070731699575634      
   11075.3619786226103640273619476927215      
   11058.6323988830291938084342665792162      
   11063.8576761622755318620689316127447      
   11058.6323988830291938084342665792162      
   11050.2638036433490921935293598023159      
   11046.0818811664924158435885668905266      
   11033.5456071185460698476506660692534      
   11016.8527039351517642222632770580576      
   11022.0665214352204097870959582918971      
   11016.8527039351517642222632770580576      
   11008.5028699550970744442475163600672      
   11004.3303264379709556496841183358146      
   10991.8221825828652461432554000439899      
   10975.1667707030865773081485595308164      
   10980.3688740900762224238385844182944      
   10975.1667707030865773081485595308164      
   10966.8360927184530374030040191415289      
   10962.6731252952652381700356150105262      
   10950.1937021019065568770264064674862      
   10933.5765666421885449514599240456123      
   10938.7667108339971332915063384583540      
   10933.5765666421885449514599240456123      
   10925.2654246981736871067225970615881      
   10921.1122231647155266426956360670491      
   10908.6620891142655393485391809407756      
   10892.0839859381567184720161663955582      
   10897.2619349863504935406843266170070      
   10892.0839859381567184720161663955582      
   10883.7927455979872691596617859817576      
   10879.6494925159143567869186967237683      
   10867.2291944145001672804840986006387      
   10850.6908505492908743856122440350416      
   10855.8563775089428453695931700687447      
   10850.6908505492908743856122440350416      
   10842.4198631203229575560053185819507      
   10838.2867339301588598149168747089810      
   10825.8967972476981806117394834827158      
   10809.3989113357535583255145858216354      
   10814.5517981244552298174034846546022      
   10809.3989113357535583255145858216354      
   10801.1485141111690229902993562384726      
   10797.0256772530946053060179797446163      
   10784.6666064854284703695246252136420      
   10768.2098492664829491233410331306770      
   10773.3498865136947179346736052958627      
   10768.2098492664829491233410331306770      
   10759.9803657807739695885490706921954      
   10755.8679828222995448106709661236451      
   10743.5402618739281891711210399613914      
   10727.1252766947454655853042972610914      
   10732.2522635826082212864953588448462      
   10727.1252766947454655853042972610914      
   10718.9170169912542328140892350529268      
   10714.8152427609089570705338912922554      
   10702.5193353457383047715090750029241      
   10686.1467386936896705284967175183189      
   10691.2604827903736556160356079168740      
   10686.1467386936896705284967175183189      
   10677.9599996025492849715197996921216      
   10673.8689823287618555841098872343964      
   10661.6053323863867738841165833557334      
   10645.2757144436586432094326733853877      
   10650.3760315302762918725555344965599      
   10645.2757144436586432094326733853877      
   10637.1107798685640852945193335367932      
   10633.0306613229501429285132488656485      
   10620.7996934481245210495231723868989      
   10604.5136186634308745869492496835843      
   10609.6003325554888678619504180182457      
   10604.5136186634308745869492496835843      
   10596.3707598757541303661680186519437      
   10592.3016755200683295709908520018693      
   10580.1037954031395716883676390866967      
   10563.8618030779847161790998042367614      
   10568.9347454422975099657490029314038      
   10563.8618030779847161790998042367614      
   10555.7412790168348280635577169594638      
   10551.6833581528888454072009310661796      
   10539.5189530291041181676419161699338      
   10523.3215579158137786328962569470016      
   10528.3805680837469651875093578156268      
   10523.3215579158137786328962569470016      
   10515.2236154927298664107917550759415      
   10511.1769814146212100153724473722191      
   10499.0464205203433967297603319486802      
   10482.8941134292559062591789264032883      
   10487.9390382071135225588256821102892      
   10482.8941134292559062591789264032883      
   10474.8189878363083744243904835235824      
   10470.7837579843483997612698525138267      
   10458.6873930183501592806649127455843      
   10442.5806414317330261876552411244709      
   10447.6113349090487499052651439435502      
   10442.5806414317330261876552411244709      
   10434.5285564518944566023905914582329      
   10430.5048425676670897746748731139213      
   10418.4430081558005268292870399349391      
   10402.3822568462293837313450199102520      
   10407.3985802026679451045839003319190      
   10402.3822568462293837313450199102520      
   10394.3534251649615469153747190005824      
   10390.3413334469866382830418108554166      
   10378.3143476086531751035057714557059      
   10362.3000192597591348150436680537803      
   10367.3018405712815058076139608463501      
   10362.3000192597591348150436680537803      
   10354.2946427768454904568246482915542      
   10350.2942740363621447152177383918901      
   10338.3024386513312721286063124560603      
   10322.3349344789877437577859927748741      
   10327.3221285238821463412775671037087      
   10322.3349344789877437577859927748741      
   10314.3532046197214481928265099817895      
   10310.3646544361469555857130021557126      
   10298.4082557103931976648872565104397      
   10282.4879560825736718286337014504559      
   10287.4604041479043562480939538467827      
   10282.4879560825736718286337014504559      
   10274.5300541074890162055290970268845      
   10270.5534129831479182939408100905649      
   10258.6327219124918940625653810023779      
   10242.7599869661851934429395218482606      
   10247.7175766551625543130379633821158      
   10242.7599869661851934429395218482606      
   10234.8260842785953218473958655544372      
   10230.8614377923505647775271857231044      
   10218.9767106228021162206485274492833      
   10203.1518808765206527052371914135879      
   10208.0945059172497235941915336310156      
   10203.1518808765206527052371914135879      
   10195.2421393271961356005269646831651      
   10191.2895682866500848192549236363284      
   10179.4410469704587355007318071007818      
   10163.6644439310179838935060086924569      
   10168.5920039870378150593721249099868      
   10163.6644439310179838935060086924569      
   10155.7790161194091539582664195206613      
   10151.8385967113763695605411361846416      
   10140.0265093578965915405009741040647      
   10124.2984361202798961978533836857007      
   10129.2108366032638957756506942587469      
   10124.2984361202798961978533836857007      
   10116.4374656917506979207812923308406      
   10112.5092696307367528737433145150398      
   10100.7338309513125126686301431638612      
   10085.0545727905643037389771435205439      
   10089.9517246755113671818467065096298      
   10085.0545727905643037389771435205439      
   10077.2181947291667057809017077302376      
   10073.3022894036179406705317433470996      
   10061.5637011497826796800729107897688      
   10045.9335261039950735351052392047426      
   10050.8153457472032757314901882023632      
   10045.9335261039950735351052392047426      
   10038.1218670203707772994245083510079      
   10034.2183156364886917958513775579372      
   10022.5167670308631737832148463628492      
   10006.9359264744356365008596665136802      
   10011.8023354345144566099877807619370      
   10006.9359264744356365008596665136802      
   9999.14910488848591833226800694274697      
   9995.25796661142691769549621343187379      
   9983.59363477077829499244336041120568      
   9968.06236397723762469522307519377856      
   9972.91328883938109459617242373458784      
   9968.06236397723762469522307519377856      
   9960.30049059525273284500902524464643      
   9956.42182068755920760877160770060366      
   9944.79487103756030914937427512733930      
   9929.31338973132876336073676868845988      
   9934.14876193504053894168284546033898      
   9929.31338973132876336073676868845988      
   9921.57656771731533468651244642284072      
   9917.71041767444754341059074797769631      
   9906.12100435574574245559885010658066      
   9890.68951725233866227988946578083966      
   9895.50927292277082445092266894428030      
   9890.68951725233866227988946578083966      
   9882.97784249332731760087358602078154      
   9879.12426017618736121078767401443304      
   9867.57252644145772325983795090996908      
   9852.19122377567886589392369833574383      
   9856.99530355871914689856207215274637      
   9852.19122377567886589392369833574383      
   9844.50478514083448577241127795579230      
   9840.66381490519380693561327724145061      
   9829.14989350691154727082152125092609      
   9813.81895154869453039602277235366529      
   9818.60730044991163121616936118300214      
   9813.81895154869453039602277235366529      
   9806.15783114208890883089603585981127      
   9802.32951396484932295041583002231548      
   9790.85352753357222387325009866248021      
   9775.57310909119041621252189222621047      
   9780.34567631872400571942820479230124      
   9775.57310909119041621252189222621047      
   9767.93738249813108955807397244359948      
   9764.12175610036638092120034987753294      
   9752.68381751336880790436055853256662      
   9737.45407242380377215324079772717434      
   9742.21081123526460612456081787642064      
   9737.45407242380377215324079772717434      
   9729.84380895064401374454433793283973      
   9726.04090791738470567526520380062194      
   9714.64112065753150260399145867301796      
   9699.46218626385208693612065036390719      
   9704.20305381727833745748883196704319      
   9699.46218626385208693612065036390719      
   9691.87744917123545111470007658554499      
   9688.08730506797353595635818372247083      
   9676.72576357276453215577599853890080      
   9661.59776518842512722801146489053151      
   9666.32272239732340391518207598862792      
   9661.59776518842512722801146489053151      
   9654.03861191794368996398398473996847      
   9650.26125340384696840524426365224376      
   9638.93804340460134904787648320123851      
   9623.86109476461901787892468597584064      
   9628.57010615710258594993591753506657      
   9623.86109476461901787892468597584064      
   9616.32757715888771313262016604846539      
   9612.56303009672500180983256329535089      
   9601.27822894790955543239503265391041      
   9586.25243264692593902634611162625635      
   9590.94546622894822204410355752977193      
   9586.25243264692593902634611162625635      
   9578.74459716309629960842215628151122      
   9574.99288472588520559776001227529205      
   9563.74656172462172106841068825451659      
   9548.77200964189716005806500486368026      
   9553.44903676456565198176153132167072      
   9548.77200964189716005806500486368026      
   9541.28989755865248734824964089942571      
   9537.55104033305079218397028826056738      
   9526.34325702886585449522758846904308      
   9511.42003074029034161209009632799498      
   9516.08102597123445147034750032565453      
   9511.42003074029034161209009632799498      
   9503.96367835838095211275620663230126      
   9500.23769444485094729794241206583305      
   9489.06850493975622970764283341311025      
   9474.19667611699482266329306382953250      
   9478.84161711575087227639594880784964      
   9474.19667611699482266329306382953250      
   9466.76611495338675837069074526129032      
   9463.05302006316923255741297037806833      
   9451.92247130218241212431160034758462      
   9437.10210209910200413295509730961714      
   9441.73096949646946605233019471805905      
   9437.10210209910200413295509730961714      
   9429.69735907482551675938874361270004      
   9425.99716662376654615845031843718232      
   9414.90529867600228335842969117980171      
   9400.13644210255228570487227550408462      
   9404.74921938386734223764563606825051      
   9400.13644210255228570487227550408462      
   9392.75753972434769433009713613552321      
   9389.07026092362702358892643942072384      
   9378.01710725410431740911953271457133      
   9363.29980753784621815559989813146936      
   9367.89648093011172968506599570710613      
   9363.29980753784621815559989813146936      
   9355.94676407371448586725426374907310      
   9352.27240801752915154930157043103031      
   9341.25799574985594380539474301182224      
   9326.59228868535604789052360990081194      
   9331.17284704816098382284293169798249      
   9326.59228868535604789052360990081194      
   9319.26511833412976801547315845328468      
   9315.60369208439078215579575852998470      
   9304.62804225449915212577969603146176      
   9290.01395554081536446197241341579423      
   9294.57839026097158445546213687147714      
   9290.01395554081536446197241341579423      
   9282.71266859587290460054828829972536      
   9279.06417726397633828815668026548114      
   9268.12730506509217090530019688629329      
   9253.56485863159968141762398174739395      
   9258.11316352141958759926078435258969      
   9253.56485863159968141762398174739395      
   9246.28946163885109578342468685640872      
   9242.65390846458782833374129224506195      
   9231.75582348362759392402606248932317      
   9217.24502980443994501311863025798830      
   9221.77720100357490046272227901735003      
   9217.24502980443994501311863025798830      
   9209.99552571471805006327194193598200      
   9206.37291214238883677961579904505496      
   9195.51361858798326344396265650478864      
   9181.05448298523475982383133472202636      
   9185.57051886599121175013843353908595      
   9181.05448298523475982383133472202636      
   9173.83087130122858367138317389445536      
   9170.22119705303299880412950348682720      
   9159.40069397538311282749121528492206      
   9144.99321491164608753820664144180083      
   9149.49311598769397771554798497086451      
   9144.99321491164608753820664144180083      
   9137.79549182951680309632759441057243      
   9134.19875497628606082300927713840336      
   9123.41703647906139510250459548773339      
   9109.06120583917757897316035861843175      
   9113.54497467756383630088815577227158      
   9109.06120583917757897316035861843175      
   9101.88936438499914121620204030223113      
   9098.30556141434384972165288196733653      
   9087.56261685883576514693215320719345      
   9073.25842022144517270861668020720936      
   9077.72606135782378434068552720643168      
   9073.25842022144517270861668020720936      
   9066.11245038261326123590618861404305      
   9062.54157626455785292547951313026181      
   9051.83739046630297173843406405639951      
   9037.58480736535643264334780607095981      
   9042.03632722234574415406815682631652      
   9037.58480736535643264334780607095981      
   9030.46469621711001924516897024865682      
   9026.90674446728595740757440599566307      
   9016.24129788537577154148052858739976      
   9002.04030206191863684226384712286441      
   9006.47570887049609654755807930253924      
   9002.04030206191863684226384712286441      
   8994.94603388911864699094879729258342      
   8991.40099662958858228146506725554218      
   8980.77426554888151262545832595073284      
   8966.62482519339633473172201147562266      
   8971.04412891724081485023653456790958      
   8966.62482519339633473172201147562266      
   8959.55638160770548863647754407307254      
   8956.02424962549034594291118971437743      
   8945.43620633194194539866043838558681      
   8931.33828431753714226443483569361394      
   8935.74149658022921726101024990810526      
   8931.33828431753714226443483569361394      
   8924.29564437014423016796107198577440      
   8920.77640717352479011356315881642156      
   8910.22702012285053108423411094918478      
   8896.18057422958036786750581359873188      
   8900.56770824457145542163246064892928      
   8896.18057422958036786750581359873188      
   8889.16371451961095660876531725567688      
   8885.65736039227486661466384013614495      
   8875.14659437215806355945604831963352      
   8861.15157750275676031448418743276778      
   8865.52264800601881989049989845637386      
   8861.15157750275676031448418743276778      
   8854.16047228151074834441184234784629      
   8850.66698833461510800892189680462718      
   8840.19480462067015422110564782437252      
   8826.25116500797976394917679964108576      
   8830.60618819324823704522831756701574      
   8826.25116500797976394917679964108576      
   8819.28578627913427236158413248839256      
   8815.80515850135297312683594815017591      
   8805.37151500705117663816047971299649      
   8791.47919641341901927578255617690141      
   8795.81818986994290125379089219736917      
   8791.47919641341901927578255617690141      
   8784.53951402933293902823437568065960      
   8781.07172733495685463882231543406469      
   8770.67657875571890867107203441607698      
   8756.83552066463601609674124053911369      
   8761.15850331735030251201607150202205      
   8756.83552066463601609674124053911369      
   8749.92150241889012002109709085467908      
   8746.46654069404703892345371847781949      
   8736.10983864570254796801387811941383      
   8722.31997644594976002690327162584710      
   8726.62696849798701459284019638384417      
   8722.31997644594976002690327162584710      
   8715.43158816225368976433227685874709      
   8711.98943430931358196147826788732508      
   8701.67112746112417106005250573033015      
   8687.93239262368733685211441298680588      
   8692.22341550114674803700422887872914      
   8687.93239262368733685211441298680588      
   8681.06959824128200393362590070084739      
   8677.64023422151183010699198704771103      
   8667.36026842395021381339483600298311      
   8653.67258867196042473568491866659213      
   8657.94766497085444454819559388792436      
   8653.67258867196042473568491866659213      
   8646.83535032764146776218020785674333      
   8643.41875720217229071819251237727478      
   8633.17707560964533847630733190102334      
   8619.54037508159434138792805001774972      
   8623.79952851689480456412248272978776      
   8619.54037508159434138792805001774972      
   8612.72865318847927574842503838805427      
   8609.32481115764693248163746444376812      
   8599.12135434634626582238162742307744      
   8585.53555375282121217189531434748107      
   8589.77880910952870550692904328234708      
   8585.53555375282121217189531434748107      
   8578.74930707597981087567582090655038      
   8575.35819551709885570088679734362833      
   8565.19290159815787350913983056143868      
   8551.65791837233338490909561261277273      
   8555.88530145849556502600689115716515      
   8551.65791837233338490909561261277273      
   8544.89710410139784898449764230476551      
   8541.51870160502698919423500813513573      
   8531.39150633315875456805089733441437      
   8517.90725477527834492811353662154999      
   8522.11879237688475792407294742396046      
   8517.90725477527834492811353662154999      
   8511.17182859414542911925003839045106      
   8507.80611299890048020614519266264537      
   8497.71694987668432694876386227189924      
   8484.28334129275447207634773750719276      
   8488.47906113043816039146993441410844      
   8484.28334129275447207634773750719276      
   8477.57325744649206597741248827932902      
   8474.22020587246261984561220899445353      
   8464.16900625044783251271643718461569      
   8450.78594908536863165094515794123886      
   8454.96587977284461020013088543796838      
   8450.78594908536863165094515794123886      
   8444.10116044443010682895639019205259      
   8440.76074932525151648536700075362644      
   8430.74744249803268753338654446737921      
   8417.41484246337077272737994536116072      
   8421.57901346754716596616392982980190      
   8417.41484246337077272737994536116072      
   8410.75530058522313059337504693257633      
   8407.42750569885677475103604995491380      
   8397.45201899727951351686921575406027      
   8384.16977919389427082404037548825998      
   8388.31822079659021484733128833269720      
   8384.16977919389427082404037548825998      
   8377.53543438215929561377507645435986      
   8374.22023088043067496909687808868519      
   8364.28248976007612230085908159387175      
   8351.05051079579669383623803173742725      
   8355.18325405700535202438083897697576      
   8351.05051079579669383623803173742725      
   8344.44131215700232147294570628146093      
   8341.13867459394554231960313868374918      
   8331.23860272003915916097310077108674      
   8318.05678282258572076090243096654027      
   8322.17385954522200263203850795477748      
   8318.05678282258572076090243096654027      
   8311.47267832062147521086241891604839      
   8308.18258067967699800492132657699946      
   8298.32010000856206821624677014721817      
   8285.18833513389818775296912966391541      
   8289.28977782997284947679800370565581      
   8285.18833513389818775296912966391541      
   8278.62927164226540833899939944688727      
   8275.35168736237637618018930129088895      
   8265.52671821968798161801911424760066      
   8252.44490215598463323728838484626341      
   8256.53074401414838343957715995953093      
   8252.44490215598463323728838484626341      
   8245.91082550792910845833370818309071      
   8242.64572750858001793074842693441148      
   8232.85818866425059198464769464473400      
   8219.82621313163621248986080787245863      
   8223.89648798603937941334074009846457      
   8219.82621313163621248986080787245863      
   8213.31706816824781649091111478839362      
