   4.99999999999999999999999999999999998E-0031
   5.00003669017414783064144388045356452E-0031
   5.00007894526516946763657340121226055E-0031
   5.00018144278112697250668100648968772E-0031
   5.00048043262361090303903209500913621E-0031
   5.00034935333130177180269943096835171E-0031
   5.00000366901135704533457759553180468E-0031
   5.00000571813870170632301726917071256E-0031
   5.00001184342266037754893842053099458E-0031
   5.00002073278657435530658496318465380E-0031
   5.00001785917871720072515658686599489E-0031
   5.00000037523597306924341520147268339E-0031
   5.00000056507325709478012696987962416E-0031
   5.00000113456186792610756790031431110E-0031
   5.00000190083923302465251834482938416E-0031
   5.00000166051669836457119425029545939E-0031
   5.00000190080666127087718673888413270E-0031
   5.00000246814018099994363033722312366E-0031
   5.00000275662678022340362975109582334E-0031
   5.00000362201408280019217181848898034E-0031
   5.00000479102996281315803368087636160E-0031
   5.00000442383021591285655555334995664E-0031
   5.00000225882162447553308123153214165E-0031
   5.00000243974714118009318844268740917E-0031
   5.00000298250549927612069516255704886E-0031
   5.00000371219336597273364690631511886E-0031
   5.00000348342299211835250025504005515E-0031
   5.00000371216788375142764935338324722E-0031
   5.00000410144114840558840255356657085E-0031
   5.00000429824137423076298512523765890E-0031
   5.00000488862076415346510565848487978E-0031
   5.00000568257460132059934831737607925E-0031
   5.00000543362555900345718685688508030E-0031
   5.00000568254477474634222596318877120E-0031
   5.00000609932587581771111089953161273E-0031
   5.00000631007871159694933006325591816E-0031
   5.00000694231351941088403232030715189E-0031
   5.00000779269842527517692140436533387E-0031
   5.00000752603741056829944095851100655E-0031
   5.00000779266521294465498101405076919E-0031
   5.00000825195047019824841912320960596E-0031
   5.00000848432292210010933583183841475E-0031
   5.00000918141156161818636499864015982E-0031
   5.00001011942353456989737414050361331E-0031
   5.00000982523582251680143044648994865E-0031
   5.00001011938327719761031426370150178E-0031
   5.00001062100179451856042033007442898E-0031
   5.00001087490227482220187023734762747E-0031
   5.00001163657000421396610725767578532E-0031
   5.00001266182357617006051282960993767E-0031
   5.00001234023198110560712282396560654E-0031
   5.00001266177630103628716272468252436E-0031
   5.00001318019651219005253070800982162E-0031
   5.00001344253490810946365147186438727E-0031
   5.00001422951669480420615784538341053E-0031
   5.00001528863694382572129053070244967E-0031
   5.00001495644803144280060583797849296E-0031
   5.00001528859010619519614383180614749E-0031
   5.00001582299844613001473569808025121E-0031
   5.00001609335565954924306145185341452E-0031
   5.00001690439438825989857589848544164E-0031
   5.00001799566642369481189714888619300E-0031
   5.00001765342090303994120312833918151E-0031
   5.00001799562027460640520400442618493E-0031
   5.00001854671692736800620909387691946E-0031
   5.00001882544933346299837830995057475E-0031
   5.00001966161401059412216968493245999E-0031
   5.00002078648300388078747472079736758E-0031
   5.00002043372679081139634408078295172E-0031
   5.00002078643737540086296654957161629E-0031
   5.00002135499561948932972668952149326E-0031
   5.00002164249642964971313129157991352E-0031
   5.00002250496657415505530109754000529E-0031
   5.00002366502593664542311460986321159E-0031
   5.00002330125851393806804774213206860E-0031
   5.00002366498066641063180826256735019E-0031
   5.00002425183556213968817896008616087E-0031
   5.00002454852903282342106603455506095E-0031
   5.00002543857730409344328747218798083E-0031
   5.00002663554510168451796587439728683E-0031
   5.00002626022694170151539533762985973E-0031
   5.00002663550003473988590485909891440E-0031
   5.00002724154744392359613574752799109E-0031
   5.00002754788838179354590356241062916E-0031
   5.00002846687909438345443777392459632E-0031
   5.00002970259605414457539982736771277E-0031
   5.00002931514924316172713103801662782E-0031
   5.00002970255104196705075777637372372E-0031
   5.00003032874656027657644400325742848E-0031
   5.00003064521978401638804922368677225E-0031
   5.00003159460729249347096428166538518E-0031
   5.00003287103463699569263171084661568E-0031
   5.00003247084355328948648906201350220E-0031
   5.00003287098953663475537728144589681E-0031
   5.00003351834734551141263295610518386E-0031
   5.00003384546710742978379740304984466E-0031
   5.00003482679407066271408528023047945E-0031
   5.00003614601119141305845537018838266E-0031
   5.00003573242323366858319117387476510E-0031
   5.00003614596586474126658272840106472E-0031
   5.00003681555758413471802571915060804E-0031
   5.00003715386699268989167931465013700E-0031
   5.00003816876264096012294331233428032E-0031
   5.00003953296477703161700692010148016E-0031
   5.00003910529109096884158273808726883E-0031
   5.00003953291909008315487871475499202E-0031
   5.00004022587270964244626338440936800E-0031
   5.00004057594319212540902192532371391E-0031
   5.00004162612171476369265854545570055E-0031
   5.00004303761779490942974451740262903E-0031
   5.00004259513394849330116270596802338E-0031
   5.00004303757161728883291687843564274E-0031
   5.00004375507057574552887607204198592E-0031
   5.00004411750141633016360557445618916E-0031
   5.00004520476057549294571230755773499E-0031
   5.00004666597136564127421472701347590E-0031
   5.00004620791792839760099236254785187E-0031
   5.00004666592456998800991695108438369E-0031
   5.00004740920704190134962926481447075E-0031
   5.00004778462502489724745201229043698E-0031
   5.00004891084508498210463442166592159E-0031
   5.00005042430176124435779037425345950E-0031
   5.00004994988475003996983580816509396E-0031
   5.00005042425422274183671322688989812E-0031
   5.00005119461265968016527951170905474E-0031
   5.00005158367184169141138050703784009E-0031
   5.00005275081488549518166303327543725E-0031
   5.00005431915812802297941359185539022E-0031
   5.00005382754928945016762579539968919E-0031
   5.00005431910972394295577824712827702E-0031
   5.00005511789068464622484395609789865E-0031
   5.00005552127231299775330451036078854E-0031
   5.00005673138199669722330828148657118E-0031
   5.00005835736167411855854748290506579E-0031
   5.00005784769858165643756323065525135E-0031
   5.00005835731228339381657568425501533E-0031
   5.00005918591657542632813528729116211E-0031
   5.00005960432916413525822997570960697E-0031
   5.00006085953094491881767505778039340E-0031
   5.00006254600643453776742860043935848E-0031
   5.00006201739238635930974658203701360E-0031
   5.00006254595593735755658269875665095E-0031
   5.00006340583908191870506387195606533E-0031
   5.00006384001865101334671127478115524E-0031
   5.00006514252050476871988281844156793E-0031
   5.00006689246167164576452258177098722E-0031
   5.00006634396538185659740910775875127E-0031
   5.00006689240994906968896863154705098E-0031
   5.00006778508297143674443993114522101E-0031
   5.00006823579345078797903848409227294E-0031
   5.00006958788708333788091627149529370E-0031
   5.00007140437592268723165961774768008E-0031
   5.00007083503100463607442623725950848E-0031
   5.00007140432285627427159732252383147E-0031
   5.00007233135339702635506643143343947E-0031
   5.00007279938719216494776974604566265E-0031
   5.00007420344973646958605297685002745E-0031
   5.00007608968266895547250253521775050E-0031
   5.00007549848691390937497736162889532E-0031
   5.00007608962814040556196371542177401E-0031
   5.00007705264187714871004636614686613E-0031
   5.00007753882059181000481111398579905E-0031
   5.00007899731677535942951788857413873E-0031
   5.00008095660757389009460195808572989E-0031
   5.00008034252203180679416955712205888E-0031
   5.00008095655146469624315019717695077E-0031
   5.00008195723383035741429574624683026E-0031
   5.00008246240913866094743896153084899E-0031
   5.00008397789389977879381888267411607E-0031
   5.00008601367721903642431720745369536E-0031
   5.00008537562509046948522109218913408E-0031
   5.00008601361941014578519747072040009E-0031
   5.00008705371759181538107317818695926E-0031
   5.00008757877225194265902870708453067E-0031
   5.00008915389378059016883022390094932E-0031
   5.00009126972925635714600556949202771E-0031
   5.00009060659460583530034329227976119E-0031
   5.00009126966962783973233197713626054E-0031
   5.00009235099482935505081084389319273E-0031
   5.00009289684383020091040423672950892E-0031
   5.00009453434700770678140711919787820E-0031
   5.00009673392389151507162495157284010E-0031
   5.00009604455019321430930914669708751E-0031
   5.00009673386232223903192368759289049E-0031
   5.00009785829227393838415405954714720E-0031
   5.00009842588410633995646856310000183E-0031
   5.00010012861431886747872550104417498E-0031
   5.00010241575661404323675406884477902E-0031
   5.00010169894514039605998359446641289E-0031
   5.00010241569298135574385335241671744E-0031
   5.00010358517468143143003416695046494E-0031
   5.00010417549272609061955428284776050E-0031
   5.00010594640002818929483838989643916E-0031
   5.00010832507209545164022433346947152E-0031
   5.00010757958015868094830713955702988E-0031
   5.00010832500627486454096047614646714E-0031
   5.00010954155894826707984947030687111E-0031
   5.00011015562297325871783687698267057E-0031
   5.00011199776658017634282118751809398E-0031
   5.00011447207918409823892741553935841E-0031
   5.00011369661823967387659770668459342E-0031
   5.00011447201104897767064385810674748E-0031
   5.00011573772931167627580978812235103E-0031
   5.00011637659707337508692447273545763E-0031
   5.00011829315016362924668148923891053E-0031
   5.00012086736693507799278994094969959E-0031
   5.00012006060055489790738932349611948E-0031
   5.00012086729635633720695384387843509E-0031
   5.00012218435357476395988691217778221E-0031
   5.00012284912251704921124104653567280E-0031
   5.00012484337732983433553166753833815E-0031
   5.00012752192162365721858831286181928E-0031
   5.00012668246334545337830051463527353E-0031
   5.00012752184846945187024308502746093E-0031
   5.00012889250030702909842553811254609E-0031
   5.00012958430935467565873641628556232E-0031
   5.00013165968256983137799363674782800E-0031
   5.00013444714470129449774590831133815E-0031
   5.00013357355575943267268365205143395E-0031
   5.00013444706883671966785995140947566E-0031
   5.00013587365698140456182119686621485E-0031
   5.00013659368842459920020713894137360E-0031
   5.00013875372681595604938656313562118E-0031
   5.00014165487166360469549073014477942E-0031
   5.00014074565860514218584604023747827E-0031
   5.00014165479295039291578444548526760E-0031
   5.00014313974901911197189365816285080E-0031
   5.00014388923048701467752597897583022E-0031
   5.00014613761684287605525984057737199E-0031
   5.00014915739180944516263304775977352E-0031
   5.00014821100399806855142592420936695E-0031
   5.00014915731010566471198004537554360E-0031
   5.00015070315972331697998025427179385E-0031
   5.00015148336624550072102485660335949E-0031
   5.00015382392555276092739002864319710E-0031
   5.00015696746887945118874400471620798E-0031
   5.00015598229588876000301269105190303E-0031
   5.00015696738403920392862711301317113E-0031
   5.00015857675109156803164462395307494E-0031
   5.00015938900724700758402822103524709E-0031
   5.00016182571313791740146789438463087E-0031
   5.00016509836257073016397843087907690E-0031
   5.00016407273146727332183542727929412E-0031
   5.00016509827444384817879580772324724E-0031
   5.00016677388550522773061867413969620E-0031
   5.00016761956765926608791366174622170E-0031
   5.00017015654912213101822469995435956E-0031
   5.00017356385093201168939128034343461E-0031
   5.00017249602344752534602700902443849E-0031
   5.00017356375936375199628043941245141E-0031
   5.00017530844830154087437746891733314E-0031
   5.00017618898693194214827417194381516E-0031
   5.00017883053528907962052220659046032E-0031
   5.00018237825365036264581523960736809E-0031
   5.00018126642324179809028016027423590E-0031
   5.00018237815848109923829111745487217E-0031
   5.00018419487124065154167118919801245E-0031
   5.00018511175335445696990604436871246E-0031
   5.00018786232951256196509927730443627E-0031
   5.00019155645624666003169869227293429E-0031
   5.00019039874504182248712920553295969E-0031
   5.00019155635731157252176536092865118E-0031
   5.00019344815688583453049918002627967E-0031
   5.00019440292852927963120158353733721E-0031
   5.00019726717050897244590976227767707E-0031
   5.00020111393520243439382646946444393E-0031
   5.00019990839082836977347522503264194E-0031
   5.00020111383233119251821491903170968E-0031
   5.00020308390392051050670533022057099E-0031
   5.00020407817278474414013622053767267E-0031
   5.00020706090353752218849802858455381E-0031
   5.00021106678404552888722141661467023E-0031
   5.00020981137633618611294938252091215E-0031
   5.00021106667706197214475482408649804E-0031
   5.00021311833343034568626888046010336E-0031
   5.00021415377155612351986863658412918E-0031
   5.00021726000707823429051157423069233E-0031
   5.00022143174042634066602150711696871E-0031
   5.00022012435800549227203296187585557E-0031
   5.00022143162914815235455750511152224E-0031
   5.00022356831618297246283538928521593E-0031
   5.00022464666276788552065144455794740E-0031
   5.00022788162052180237367815955887155E-0031
   5.00023222621422029691062869583576896E-0031
   5.00023086466095521089971271263919212E-0031
   5.00023222609845867183335484762891912E-0031
   5.00023445140094168171834991081331927E-0031
   5.00023557446525383283113524768302319E-0031
   5.00023894357290907173989810938298860E-0031
   5.00024346831669574244752952310109626E-0031
   5.00024205030801665422958900475730879E-0031
   5.00024346819625504755923050868848516E-0031
   5.00024578584385290326785776960921322E-0031
   5.00024695550825526657188919866927779E-0031
   5.00025046441276124892417990490502380E-0031
   5.00025517689078964216670516512792502E-0031
   5.00025370004986966897786345001677635E-0031
   5.00025517676546706943086021568275782E-0031
   5.00025759063895047050403118457836549E-0031
   5.00025880886204046789498935032629151E-0031
   5.00026246343904503075838248175542074E-0031
   5.00026737154253649167437359952803294E-0031
   5.00026583339632625525603549122031966E-0031
   5.00026737141212170240128494060829765E-0031
   5.00026988554982261897035625353165092E-0031
   5.00027115436969172769521566467059318E-0031
   5.00027496073331972379697296018846692E-0031
   5.00028007267369863481974519303313164E-0031
   5.00027847064880950488539218002282628E-0031
   5.00028007253797339475423133685380582E-0031
   5.00028269114249044709772987749298577E-0031
   5.00028401268010891946026929115452547E-0031
   5.00028797719311614952658029251923751E-0031
   5.00029330151564885694851298491621162E-0031
   5.00029163293407839175230826608457755E-0031
   5.00029330137438666137276396974600859E-0031
   5.00029602881954921779919153010720316E-0031
   5.00029740528228125077008621604924718E-0031
   5.00030153456659974133254140214412320E-0031
   5.00030708016455869306943732902754243E-0031
   5.00030534223925152978280321765125008E-0031
   5.00030708001752438118247484617289562E-0031
   5.00030992085562643849193680618585768E-0031
   5.00031135454088138205167374385890176E-0031
   5.00031565548857277495834917400174393E-0031
   5.00032143161794840262417239827479362E-0031
   5.00031962144818553390478205645247114E-0031
   5.00032143146489776045366156828443034E-0031
   5.00032439043421316289228262618619516E-0031
   5.00032588373323860358154368238721267E-0031
   5.00033036351787316640773248798411762E-0031
   5.00033637981265704111998556315541818E-0031
   5.00033449437926610220949855423334576E-0031
   5.00033637965333639221503097893461883E-0031
   5.00033946168592743586823059467039527E-0031
   5.00034101708775023936087210302464230E-0031
   5.00034568317622974795518121447371854E-0031
   5.00035194966429353441122309846880649E-0031
   5.00034998582467241341746094435861520E-0031
   5.00035194949843931755602672060681987E-0031
   5.00035515972827128149702994347227211E-0031
   5.00035677982379292704784593522484954E-0031
   5.00036163998863641858074996087109088E-0031
   5.00036816710823215394458347612807668E-0031
   5.00036612159117792412188371540911779E-0031
   5.00036816693557048712246906097157558E-0031
   5.00037151070694513436727479222077087E-0031
   5.00037319819319792675505009067398479E-0031
   5.00037826052531007996322982767732630E-0031
   5.00038505914221832118692894538822203E-0031
   5.00038292854255317545240629571381287E-0031
   5.00038505896246455101216850358989220E-0031
   5.00038854183878615445085967885294051E-0031
   5.00039029952335715706023423476997250E-0031
   5.00039557244529983047162754203254824E-0031
   5.00040265387065325198285211532460114E-0031
   5.00040043464363879467304740731780522E-0031
   5.00040265368351148780397429229264154E-0031
   5.00040628145639946238127149422197934E-0031
   5.00040811226202926016568244779752047E-0031
   5.00041360454181751441033884945825440E-0031
   5.00042098055062860497674438454778005E-0031
   5.00041866900615952165392143573079919E-0031
   5.00042098035579123683941263964147775E-0031
   5.00042475905455400100851782204797512E-0031
   5.00042666602391767508662825972614920E-0031
   5.00043238678936242445448834777514759E-0031
   5.00044006963978503084227538983472957E-0031
   5.00043766193635281275255552853640634E-0031
   5.00044006943693223048250857969547500E-0031
   5.00044400533841748017078395314357040E-0031
   5.00044599163909545815369978448368810E-0031
   5.00045195039271574362252652105471781E-0031
   5.00045995284607134514306051296646286E-0031
   5.00045744498448838890881368385370467E-0031
   5.00045995263487054916240772779151628E-0031
   5.00046405227370770821055319328136441E-0031
   5.00046612120335444706868442402623295E-0031
   5.00047232783788320118952938079398355E-0031
   5.00048066317948397753219816331679149E-0031
   5.00047805099635801152587355979906437E-0031
   5.00048066295958935188544149192009510E-0031
   5.00048493313884056577565034079735783E-0031
   5.00048708813055932794933544777324357E-0031
   5.00049355294506741369454909620598221E-0031
   5.00050223500586939186349411073567678E-0031
   5.00049951416681779742962447401786804E-0031
   5.00050223477692127676654398943753151E-0031
   5.00050668257915794325865635133744238E-0031
   5.00050892720709024271357579189385237E-0031
   5.00051566092375449641754637876137053E-0031
   5.00052470410287533482349159746352537E-0031
   5.00052187009546853193074287187603687E-0031
   5.00052470386449966916430807365982620E-0031
   5.00052933666332215207177521741825251E-0031
   5.00053167464846077603768627422940366E-0031
   5.00053868843000277171035283078827480E-0031
   5.00054810771814006430188478395400231E-0031
   5.00054515584456271613119651470886464E-0031
   5.00054810746994778861042789775561929E-0031
   5.00055293294196664043633331933261480E-0031
   5.00055536815820149518100057244305467E-0031
   5.00056267362602477535482486231956597E-0031
   5.00057248462981213825446976209016285E-0031
   5.00056940999923049699035442805879196E-0031
   5.00057248437139857525888949586224875E-0031
   5.00057751050869630322722402363930863E-0031
   5.00058004698910268964729470894034690E-0031
   5.00058765624215728025212887736163654E-0031
   5.00059787520949692270296189351118786E-0031
   5.00059467273012018782081396145020906E-0031
   5.00059787494044113446828237878329545E-0031
   5.00060311006353428240338601410464376E-0031
   5.00060575200691357933874831188318233E-0031
   5.00061367764131772252161775327380293E-0031
   5.00062432148772970253418851555213329E-0031
   5.00062098585855279333189415563350285E-0031
   5.00062432120759382314684688411995113E-0031
   5.00062977397891591300604192315477856E-0031
   5.00063252575659903520284257852238942E-0031
   5.00064078088604924111796756950554788E-0031
   5.00065186722207917293553389191115794E-0031
   5.00064839292429382614841188215110711E-0031
   5.00065186693040771566177870935450313E-0031
   5.00065754636833439556849093794374528E-0031
   5.00066041253125879823226555446821990E-0031
   5.00066901080826053193285246308741955E-0031
   5.00068055796798914364655567018751393E-0031
   5.00067693925604973586334576612586265E-0031
   5.00068055766430828145535670409933532E-0031
   5.00068647315774686589995593792429893E-0031
   5.00068945844381829086884334670018907E-0031
   5.00069841408177087976027633685925361E-0031
   5.00071044115247052350128031752159926E-0031
   5.00070667204480048412958999190636802E-0031
   5.00071044083628734180255734293437121E-0031
   5.00071660215985380476320460893023458E-0031
   5.00071971150160440473237800606500980E-0031
   5.00072903929777507631828258709988678E-0031
   5.00074156615076007138389003958321092E-0031
   5.00073764042008419479964442731829669E-0031
   5.00074156582156179179063040661921263E-0031
   5.00074798315136918696562380916858096E-0031
   5.00075122168392412496405023375925809E-0031
   5.00076093704334746700130749824820933E-0031
   5.00077398436606701229957344730503812E-0031
   5.00076989552935439621978287719210272E-0031
   5.00077398402332018617761059775869869E-0031
   5.00078066795340342145573436310520987E-0031
   5.00078404102276852348854708911465042E-0031
   5.00079415998310910088550559637556103E-0031
   5.00080774931253342951128869840044577E-0031
   5.00080349062053515983193185764449598E-0031
   5.00080774895568310003314571650169435E-0031
   5.00081471051508598841605262114159135E-0031
   5.00081822368676952918507641801355346E-0031
   5.00082876294418689806415098444708963E-0031
   5.00084291670153936908219108143213620E-0031
   5.00083848112790443771873678943715265E-0031
   5.00084291633000820045120086919983778E-0031
   5.00085016700055974846468667356772377E-0031
   5.00085382606854197416347254087511490E-0031
   5.00086480300459890585820734978918916E-0031
   5.00087954453148883967689331032702506E-0031
   5.00087492476144112032794061012646999E-0031
   5.00087954414467621213471478453348400E-0031
   5.00088709587948419107954683888070713E-0031
   5.00089090687554873031293485421635298E-0031
   5.00090233958520509933707719469775659E-0031
   5.00091769318121836697694411558265842E-0031
   5.00091288159977678308394858947085750E-0031
   5.00091769277849943615150224284308387E-0031
   5.00092555802119041371423139260920452E-0031
   5.00092952722463229881128554888194367E-0031
   5.00094143454536880261020659422896949E-0031
   5.00095742550717548052788802044568112E-0031
   5.00095241418689877851329876207993929E-0031
   5.00095742508790019961947896045856283E-0031
   5.00096561679263639222029847594686032E-0031
   5.00096975074036201002562401279667145E-0031
   5.00098215228247967889588578902121440E-0031
   5.00099880694452048560111474203939669E-0031
   5.00099358763275727291932004226763828E-0031
   5.00099880650801258884167403051197328E-0031
   5.00100733816031712970628591941108118E-0031
   5.00101164365735204388121366208756774E-0031
   5.00102455983549536842221801440393761E-0031
   5.00104190561231110905680232219449948E-0031
   5.00103646971793503001999684843038877E-0031
   5.00104190515786705481116178478290683E-0031
   5.00105079079629056321717571562815200E-0031
   5.00105527492671180123709820403400980E-0031
   5.00106872699266525831447534521649881E-0031
   5.00108679242293612705035967298530117E-0031
   5.00108113100254522715801292424808331E-0031
   5.00108679194982399885826059456295169E-0031
   5.00109604618848668406120640751732464E-0031
   5.00110071632679676233215462004309352E-0031
   5.00111472640360656140811541404537631E-0031
   5.00113354119597089248075792845075039E-0031
   5.00112764493952936298644362956843930E-0031
   5.00113354070342925626437980715012472E-0031
   5.00114317875547419775835516345509241E-0031
   5.00114804257843486885872920050316058E-0031
   5.00116263369590987247331639662858815E-0031
   5.00118222877663479399365082592704233E-0031
   5.00117608799253439108891772237281554E-0031
   5.00118222826387150957727274559151190E-0031
   5.00119226596586622888733865935171678E-0031
   5.00119733146481067855522539981172160E-0031
   5.00121252759645868178233747897491399E-0031
   5.00123293515903812302912128266536048E-0031
   5.00122653975855561690119330351975252E-0031
   5.00123293462522910803463262009239642E-0031
   5.00124338846255408602729217339055443E-0031
   5.00124866395619708407311992985225895E-0031
   5.00126449005765496766745705703239899E-0031
   5.00128574361441359996397430359433528E-0031
   5.00127908309553962821885306479768501E-0031
   5.00128574305870154405855936081092435E-0031
   5.00129663019196594797974323702925218E-0031
   5.00130212433973226994603182766215104E-0031
   5.00131860638875098005663869046183701E-0031
   5.00134074082453594627734066963826320E-0031
   5.00133380425514961982724604052467370E-0031
   5.00134074024602897365702380163604053E-0031
   5.00135207853855554298768289442594565E-0031
   5.00135780035444782972991854377561019E-0031
   5.00137496539249568836721168176247735E-0031
   5.00139801702054140316584297357507635E-0031
   5.00139079302090393860185819394096648E-0031
   5.00139801641831168106044138926736680E-0031
   5.00140982446473448387967273920891638E-0031
   5.00141578333176259584919580714278833E-0031
   5.00143365950731311539014584774373816E-0031
   5.00145766612736800361683854593640686E-0031
   5.00145014285190753237295093020484327E-0031
   5.00145766550045029449800651576686827E-0031
   5.00146996265647091026306181148280790E-0031
   5.00147616834166576410523814987995778E-0031
   5.00149478495523893192053287394353567E-0031
   5.00151978591404672435622924737373264E-0031
   5.00151195103240525312525546228212904E-0031
   5.00151978526143687942034084028883805E-0031
   5.00153259167478649801435089353674218E-0031
   5.00153905434482234926338683950451294E-0031
   5.00155844189585127738320380564901332E-0031
   5.00158447815008341749758913789772395E-0031
   5.00157631882739568116184014901630720E-0031
   5.00158447747073680887818771234990947E-0031
   5.00159781411339375817557177550276875E-0031
   5.00160454435084391466917118183275485E-0031
   5.00162473458644181228775259868799042E-0031
   5.00165184876818164248849512465939828E-0031
   5.00164335164455430114364181457412175E-0031
   5.00165184806101153152945252926297193E-0031
   5.00166573676272586786790448851755446E-0031
   5.00167274558297788974867907104233343E-0031
   5.00169377154868353048841965692809001E-0031
   5.00172200803356724446778630844112687E-0031
   5.00171315920272552266503592731970281E-0031
   5.00172200729744308325666061062867373E-0031
   5.00173647078062210286610834920529650E-0031
   5.00174376964947966757011760178417942E-0031
   5.00176566574206289145011809882718310E-0031
   5.00179507072018676429949606478894544E-0031
   5.00178585570725421230041595552085477E-0031
   5.00179506995393242752091130071181916E-0031
   5.00181013186994328880094392624229359E-0031
   5.00181773272194307662683583955393541E-0031
   5.00184053474435539872133652428913948E-0031
   5.00187115629406355209343005552339860E-0031
   5.00186156003243912145099410481421662E-0031
   5.00187115549645549611390197529461551E-0031
   5.00188684046340359137888932863073230E-0031
   5.00189475572087678349636910568974282E-0031
   5.00191850093943589056569448947484484E-0031
   5.00195038910410783416336589994648780E-0031
   5.00194039591140289771175450388838089E-0031
   5.00195038827387318010083339834373461E-0031
   5.00196672191591746378946133357952024E-0031
   5.00197496450882674126681487355813846E-0031
   5.00199969171272754835210440813451059E-0031
   5.00203289858068996696415580227579094E-0031
   5.00202249213368627458189500498892313E-0031
   5.00203289771650450432749479724439034E-0031
   5.00204990670477368381646253375720489E-0031
   5.00205849009135797906043829000594956E-0031
   5.00208423965460700706736244572228167E-0031
   5.00211881944229975706164919236167301E-0031
   5.00210798275088759620918489353185954E-0031
   5.00211881854278586436625652862629796E-0031
   5.00213653063796219613849279146229571E-0031
   5.00214546882622288043269813426663559E-0031
   5.00217228277209701325289478944927091E-0031
   5.00220829191062906754792093311270435E-0031
   5.00219700729068308728442000307996865E-0031
   5.00220829097435354612241487065911483E-0031
   5.00222673507099396196852555115162856E-0031
   5.00223604264105765853861125613462267E-0031
   5.00226396470919285618521574314628474E-0031
   5.00230146193443000828792188189250418E-0031
   5.00228971097957826221351223615835250E-0031
   5.00230146095990182528329739373531501E-0031
   5.00232066713256925000091702532327746E-0031
   5.00233035925996404605506924118254744E-0031
   5.00235943497618434311183891705494740E-0031
   5.00239848142251686834741279462840603E-0031
   5.00238624497475662957351735204510327E-0031
   5.00239848040818480474254899401472792E-0031
   5.00241847995946583100399177681254722E-0031
   5.00242857243934933086166559960292009E-0031
   5.00245884918835145636691294128356449E-0031
   5.00249950848629665768336984167755213E-0031
   5.00248676660540844942499180016820678E-0031
   5.00249950743054685684809271752419744E-0031
   5.00252033294103541995477461469616239E-0031
   5.00253084221341483741258946224725667E-0031
   5.00256236931442906130793669428961139E-0031
   5.00260470769223070899294900757541942E-0031
   5.00259143962393977426421403516996286E-0031
   5.00260470659338412112155502670285340E-0031
   5.00262639197371448397861681204972612E-0031
   5.00263733514970082446118640983312944E-0031
   5.00267016393525419391047485135127714E-0031
   5.00271425032464833959971282031287096E-0031
   5.00270043446748043135440885162159185E-0031
   5.00271424918095805706165485254588352E-0031
   5.00273682972597428208535209026510212E-0031
   5.00274822461511461802616812668322763E-0031
   5.00278240851302860666582080264019649E-0031
   5.00282831465935312883159161842590748E-0031
   5.00281392853012903249521544903521181E-0031
   5.00282831346900160720118369315877224E-0031
   5.00285182591415477314891085179846330E-0031
   5.00286369105288867761805245772383002E-0031
   5.00289928567164945667132621871538110E-0031
   5.00294708624848301042557144752447593E-0031
   5.00293210644639360373671314193683827E-0031
   5.00294708500957916964709938962894096E-0031
   5.00297156758964790120530540701757847E-0031
   5.00298392227093628196426034620059305E-0031
   5.00302098548858235489893141987405200E-0031
   5.00307075821710718138086803362799584E-0031
   5.00305516038630808302765770204088132E-0031
   5.00307075692768338119784577233983759E-0031
   5.00309624943791781385433070121209401E-0031
   5.00310911374209469101634908871022290E-0031
   5.00314770579877353778543944002179361E-0031
   5.00319953157206587095631194605617979E-0031
   5.00318329036272781920162312670322820E-0031
   5.00319953023007475438186304280659529E-0031
   5.00322607408986887536345469353931008E-0031
   5.00323946891676908015239925261446292E-0031
   5.00327965251112176148531030447406850E-0031
   5.00333361552358339116461165111345288E-0031
   5.00331670455133141446925545805979106E-0031
   5.00333361412689458939179468682066444E-0031
   5.00336125244609699486030511867579652E-0031
   5.00337519954851534349771097359872637E-0031
   5.00341703993805574693249956178468172E-0031
   5.00347322782021069237952654218883102E-0031
   5.00345561962388187466172238482818946E-0031
   5.00347322636660738412379573023636703E-0031
   5.00350200401458589257517305602774290E-0031
   5.00351652603312611779531669422019281E-0031
   5.00356009113878971430668338985794831E-0031
   5.00361859509768097183533436272297731E-0031
   5.00360026109532716313029245225619924E-0031
   5.00361859358485628966394830688009464E-0031
   5.00364855726243758070172775169120515E-0031
   5.00366367776181219857286916944459899E-0031
   5.00370903827685786609120036641426157E-0031
   5.00376995324229087689574054828544462E-0031
   5.00375086368534903703270542318891351E-0031
   5.00376995166784415262697891571205712E-0031
   5.00380114998225567431526913770695851E-0031
   5.00381689348910103367281830340349041E-0031
   5.00386412299255871474462226726630006E-0031
   5.00392754776945058655037210473638394E-0031
   5.00390767169499956525129831215519273E-0031
   5.00392754613088342729732855962299518E-0031
   5.00396002967383126783666525828017129E-0031
   5.00397642171610529079970303267019240E-0031
   5.00402559679097203738960360331892761E-0031
   5.00409163421807871488322695074630630E-0031
   5.00407093939909714469832629900185348E-0031
   5.00409163251279090076825053266065685E-0031
   5.00412545394181417866992321278201171E-0031
   5.00414252108984776728687363476482592E-0031
   5.00419372144624512789406669554907919E-0031
   5.00426247856155269821865053664248967E-0031
   5.00424093145508828935065416799210895E-0031
   5.00426247678683789219182269640800573E-0031
   5.00429769091008751539818890465329747E-0031
   5.00431546081936428763520153553221196E-0031
   5.00436876942288105906467987253798775E-0031
   5.00444035763596226544610056383438113E-0031
   5.00441792332911812323404216325546269E-0031
   5.00444035578900352500040284268223124E-0031
   5.00447701965360093685265769462238665E-0031
   5.00449552110934388178893469248669167E-0031
   5.00455102431480003076785128032404672E-0031
   5.00462555958645291787675515852463679E-0031
   5.00460220174009153307637531549566266E-0031
   5.00462555766431799775957435020826471E-0031
   5.00466373064845780848712792124668904E-0031
   5.00468299361210563707618172051177698E-0031
   5.00474078130298575954265966184374287E-0031
   5.00481838433248827492232679328040896E-0031
   5.00479406512254853680503569369295058E-0031
   5.00481838233212470919209979900759487E-0031
   5.00485812624109394560701018989791528E-0031
   5.00487818189875437992425523199881643E-0031
   5.00493834763257246893091355589191904E-0031
   5.00501914405290487752838000584094814E-0031
   5.00499382410922180455570482063451035E-0031
   5.00501914197113482849136687219089733E-0031
   5.00506052113743096840610939655995262E-0031
   5.00508140195040298254295343616508655E-0031
   5.00514404311027459017078528199723236E-0031
   5.00522816369168081922147209884726643E-0031
   5.00520180203419166165616806598678047E-0031
   5.00522816152519567990073048748510319E-0031
   5.00527124291293572100624818222903309E-0031
   5.00529298267039784580331398554407461E-0031
   5.00535820062311102564439519285822859E-0031
   5.00544578148539064647925011212301636E-0031
   5.00541833545760455788067743179381389E-0031
   5.00544577923074538230934002670314537E-0031
   5.00549063254456899005171925589120700E-0031
   5.00551326641853625323051317891520471E-0031
   5.00558116667942905252487733834263491E-0031
   5.00567234951337365194612211986385334E-0031
   5.00564377471297521199538010175676873E-0031
   5.00567234716698086634443742498408419E-0031
   5.00571904496566220388777583056406834E-0031
   5.00574260956832012326035537238471805E-0031
   5.00581330197328993695585881819431389E-0031
   5.00590823427170124050773035454982804E-0031
   5.00587848447815070648928763609705600E-0031
   5.00590823182982494783986102767161357E-0031
   5.00595684964482019122084006973292810E-0031
   5.00598138308835051095388872913049972E-0031
   5.00605498197333943210328445239869569E-0031
   5.00615381727209187442557392312777227E-0031
   5.00612284437107709286083024292304697E-0031
   5.00615381473084096264698026160450846E-0031
   5.00620443119001181373963058121380748E-0031
   5.00622997314903140659350561772220464E-0031
   5.00630659753735191206381855463875944E-0031
   5.00640949566698954501117328620937202E-0031
   5.00637724957157592462875877280235236E-0031
   5.00640949302231090892158216464610816E-0031
   5.00646218997907872752047163944800818E-0031
   5.00648878175582032506037560622080872E-0031
   5.00656855555370735900574654538141641E-0031
   5.00667568290209423045363646028581124E-0031
   5.00664211147041000509568167817243820E-0031
   5.00667568014976555503146685286890902E-0031
   5.00673054281796612423447011500281846E-0031
   5.00675822741033732530656477755724256E-0031
   5.00684127961113621455732645776234582E-0031
   5.00695280939771081413734670440363061E-0031
   5.00691785834699495461983435799342306E-0031
   5.00695280653333298581749807962065280E-0031
   5.00700992362805851390271929215340110E-0031
   5.00703874580072391597733997234050937E-0031
   5.00712521069814874186287793945487034E-0031
   5.00724132326036702419392465472632604E-0031
   5.00720493607719651938228944033409012E-0031
   5.00724132027935614619758754520303373E-0031
   5.00730078416408899479997778434821148E-0031
   5.00733079052272934453292673653534598E-0031
   5.00742080793365355902313495901559027E-0031
   5.00754169102624162842303452120918638E-0031
   5.00750380887274338253656277315882152E-0031
   5.00754168792382061432874424445634773E-0031
   5.00760359476418256437112259603449095E-0031
   5.00763483383309460265297517305389206E-0031
   5.00772854933036502233088770629651580E-0031
   5.00785439843804207781893534721469364E-0031
   5.00781496005388227460665573711353629E-0031
   5.00785439520923179546018936687165125E-0031
   5.00791884513369355150626887826838238E-0031
   5.00795136743690480156024725957776534E-0031
   5.00804893259270184250656745622471960E-0031
   5.00817995125707671013985801928832064E-0031
   5.00813889285700708969337965772476709E-0031
   5.00817994789668664560744369226636320E-0031
   5.00824704516460489730349742296892328E-0031
   5.00828090331068909384495752645470304E-0031
   5.00838247595099046947656158173509098E-0031
   5.00851887611238132183571222186894457E-0031
   5.00847613127910729846246102125829110E-0031
   5.00851887261499973082914619300056143E-0031
   5.00858872579237360923819608969780173E-0031
   5.00862397456316487975092756437440744E-0031
   5.00872971903390723438551073817595485E-0031
   5.00887172138888426828243736396353014E-0031
   5.00882722096100407693869743719999469E-0031
   5.00887171774886777926961796609651368E-0031
   5.00894443989223315618967517074473613E-0031
   5.00898113633565053839535222208721402E-0031
   5.00909122378122392108393478019052318E-0031
   5.00923905815672922454363320872327864E-0031
   5.00919273011147619630782598662817308E-0031
   5.00923905436819185512320592857564309E-0031
   5.00931476321710086648284177026266601E-0031
   5.00935296674430939659431822816850852E-0031
   5.00946757539906344522785271686816327E-0031
   5.00962148114402150936917404798194776E-0031
   5.00957325047452299390959579322071197E-0031
   5.00962147720082305385192546575355711E-0031
   5.00970029537938771111124196316290722E-0031
   5.00974006786653826067714194414562653E-0031
   5.00985938336002681128942432546694182E-0031
   5.01001960975542359833558684040917423E-0031
   5.00996939834216982685756212191566950E-0031
   5.01001960565115734083584193698050701E-0031
   5.01010166087917041469790166168472316E-0031
   5.01014306677397783578888324876493573E-0031
   5.01026728245072083455773616030084114E-0031
   5.01043408913919959122185763976293905E-0031
   5.01038181561539372128221655335361938E-0031
   5.01043408486717929443413627408811326E-0031
   5.01051951018136311129991167522178293E-0031
   5.01056261661480122177625890777315238E-0031
   5.01069193386939975158934181280490365E-0031
   5.01086559130549847027104464037577728E-0031
   5.01081117091593498173096883209241649E-0031
   5.01086558685874458555619119782114034E-0031
   5.01095452084471932567416350857761287E-0031
   5.01099939774813200933369564664526730E-0031
   5.01113402637663449218326145670296712E-0031
   5.01131481629887380395811535084865037E-0031
   5.01125816075196609299303630550522773E-0031
   5.01131481167009884332239807578563881E-0031
   5.01140739870570674821281135771415285E-0031
   5.01145411893365715044637666409170405E-0031
   5.01159427750214292664744399552391394E-0031
   5.01178249342826503630925365095751007E-0031
   5.01172351074081423803332873769979692E-0031
   5.01178248860985804127163813601777582E-0031
   5.01187887912052907957985770795457976E-0031
   5.01192751857973377764585665769800863E-0031
   5.01207343481115498282037980540859413E-0031
   5.01226938255791495844167977906223372E-0031
   5.01220797689218042592857432631585427E-0031
   5.01226937754192499457847228820118382E-0031
   5.01236972826882349365619365304225470E-0031
   5.01242036605354586241007309146809400E-0031
   5.01257227723395057535424988166301925E-0031
   5.01277627546297189799667844690278401E-0031
   5.01271234695556905755702830037924001E-0031
   5.01277627024109049705200145342087562E-0031
   5.01288074452284158812356913051626347E-0031
   5.01293346305714865428581272086686750E-0031
   5.01309161646249853537463223367661243E-0031
   5.01330399725382646249417099689203801E-0031
   5.01323744183593958654954085533069842E-0031
   5.01330399181736892626019350632822329E-0031
   5.01341275988622900999951024345707308E-0031
   5.01346764507354921373427611192661872E-0031
   5.01363229841844426349664318891551327E-0031
   5.01385340787356457046222387560116102E-0031
   5.01378411708191994942069826818922012E-0031
   5.01385340221345004206372054297315811E-0031
   5.01396664150685760626893486464529918E-0031
   5.01402378288731344756988082171111108E-0031
   5.01419520479704622764102267462647622E-0031
   5.01442540367328480361471863667810032E-0031
   5.01435326445128337380779817641660262E-0031
   5.01442539778001500225867478387414848E-0031
   5.01454329326853782117470786157445743E-0031
   5.01460278418456777016096072446513404E-0031
   5.01478125469205067394649624825308250E-0031
   5.01502091907043292171614341222845993E-0031
   5.01494581355879009621914052758496655E-0031
   5.01502091293406942625822574507938163E-0031
   5.01514365746685240446394536262047257E-0031
   5.01520559523768118804081523708610160E-0031
   5.01539140630692459317478149938664515E-0031
   5.01564092829575459834944859965378928E-0031
   5.01556273361193822924036492792626998E-0031
   5.01564092190589455302826475208189797E-0031
   5.01576871657481034117702459037879400E-0031
   5.01583320268037634006856601152839111E-0031
   5.01602665875834438902686929494193043E-0031
   5.01628644723496463730006904204353616E-0031
   5.01620503524065900339810189888906253E-0031
   5.01628644058071473951698493324887661E-0031
   5.01641949510452795872382989225493746E-0031
   5.01648663537953157535425656128489675E-0031
   5.01668805397836776517046281863790035E-0031
   5.01695853537178329641374505292942222E-0031
   5.01687377242753697483062798511248284E-0031
   5.01695852844173191128861853362917908E-0031
   5.01709706157170883870131615010066614E-0031
   5.01716696641050707011970630674211686E-0031
   5.01737667872230601474386228745613654E-0031
   5.01765829783960531823777490499857122E-0031
   5.01757004454574281617552157234989481E-0031
   5.01765829062179254760444780571524916E-0031
   5.01780253057032307003623727989126510E-0031
   5.01787531514346397039755264680351507E-0031
   5.01809366668997111872340637621856418E-0031
   5.01838688758975315644066513116920325E-0031
   5.01829499851254319574068807315092673E-0031
   5.01838688007163867068380774443706738E-0031
   5.01853706496558809834950265534561419E-0031
   5.01861284944885530387913373849481402E-0031
   5.01884020076870593826964092814310241E-0031
   5.01914550768503233029600989404432383E-0031
   5.01904983106700846708107494620102907E-0031
   5.01914549985346074964912794495615791E-0031
   5.01930187821413790194502402221973350E-0031
   5.01938078803106103782612059081734736E-0031
   5.01961751540742690318906274841420799E-0031
   5.01993541372816506150601952392725191E-0031
   5.01983579118138546066654624397444657E-0031
   5.01993540556932864874840053479999866E-0031
   5.02009823682114603968756057791485453E-0031
   5.02018040290002893454735205326253010E-0031
   5.02042689913182926279615384066686438E-0031
   5.02075791643564139387473832472482457E-0031
   5.02065418261655240548045125027827574E-0031
   5.02075790793503979233604899004975721E-0031
   5.02092746294515468852253408230430936E-0031
   5.02101302199178137936440246114122888E-0031
   5.02126969721193935353885761157603071E-0031
   5.02161438436860981266519495433914113E-0031
   5.02150636663304061535661789606321816E-0031
   5.02161437551100653155247130755632830E-0031
   5.02179093716247160030401328882095436E-0031
   5.02188003194977188273691151928564358E-0031
   5.02214731449436302256305221985133237E-0031
   5.02250624683364964599450970947263242E-0031
   5.02239376487031038414229042411495159E-0031
   5.02250623760302495867935658943420767E-0031
   5.02269010140424821215544501746581061E-0031
   5.02278288108034203362447964322749625E-0031
   5.02306121841289374989525027325566823E-0031
   5.02343499696764585246300495456737947E-0031
   5.02331786240832678009871583567492677E-0031
   5.02343498734714573177875788307007709E-0031
   5.02362646208076621555351212034614723E-0031
   5.02372308249696191820535082618307311E-0031
   5.02401294219263076509123166370938667E-0031
   5.02440219502254718476814482485430291E-0031
   5.02428021102701828820912918664017308E-0031
   5.02440218499442785170939448191322235E-0031
   5.02460159340906160133512811394626450E-0031
   5.02470221746955973276585831352667174E-0031
   5.02500408826444319757885015224076552E-0031
   5.02540947186755959995155630439802846E-0031
   5.02528243268094538806386860741380848E-0031
   5.02540946141312720741536594379572789E-0031
   5.02561714096183396269104540090879434E-0031
   5.02572193899708942262186520424332083E-0031
   5.02603633190853244138937393119648395E-0031
   5.02645853272834159571960802436798116E-0031
   5.02632622320848997104115518688274369E-0031
   5.02645852182788650585811990773324706E-0031
   5.02667482545765928114551036202846833E-0031
   5.02678397562358390267184596681342193E-0031
   5.02711142514802850880822504921910137E-0031
   5.02755116118506640737415216030119198E-0031
   5.02741335629713873764066867357397928E-0031
   5.02755114981779144828251001280533464E-0031
   5.02777644681488756466982088427935264E-0031
   5.02789013552033754882807790847709934E-0031
   5.02823120091605128184234570775584130E-0031
   5.02868922345384489897068393514100761E-0031
   5.02854568772902059451393567537425274E-0031
   5.02868921159778690205085227684625998E-0031
   5.02892388849431139690317023207069017E-0031
   5.02904231085960487607432830555348398E-0031
   5.02939757752252644456159325740140425E-0031
   5.02987467297901812856145239688628045E-0031
   5.02972515993382412435902568434258084E-0031
   5.02987466061096194987832858152372204E-0031
   5.03011912215879562876720901824065406E-0031
   5.03024248250835176343678011472212594E-0031
   5.03061256345033118466474758431961529E-0031
   5.03110955536729747651330421820316225E-0031
   5.03095380687963242988433890878134574E-0031
   5.03110954246268159121750894243572931E-0031
   5.03136421268163202534242062112662305E-0031
   5.03149272507422240346372074744538251E-0031
   5.03187826251413132894038667685612858E-0031
   5.03239601369873272390840844494041607E-0031
   5.03223375933614731432088474607671843E-0031
   5.03239600023154534924836464897090514E-0031
   5.03266132353950889813182598878238163E-0031
   5.03279521234007430232873913877069378E-0031
   5.03319687941964958075420860904159941E-0031
   5.03373629425412174400887771284219279E-0031
   5.03356725054932783398714715406922039E-0031
   5.03373628019678628979037144637567953E-0031
   5.03401272263076572641293194429786838E-0031
   5.03415222312828825993188548423684328E-0031
   5.03457072576618309245134963531881586E-0031
   5.03513275270385679182411268492035239E-0031
   5.03495662237175445456426337055460359E-0031
   5.03513273802710525275066828905426417E-0031
   5.03542078856515864466775896320299150E-0031
   5.03556614764170494473903822047337210E-0031
   5.03600222654109981332001565076838546E-0031
   5.03658786080947391547909764953354453E-0031
   5.03640433189918836118776901861064723E-0031
   5.03658784548220660191254318623286568E-0031
   5.03688801747784287753898193986572112E-0031
   5.03703949433462606740628855868377349E-0031
   5.03749392716194810051411367284018948E-0031
   5.03810421369650792326743682910980747E-0031
   5.03791295867099599443891534879873982E-0031
   5.03810419768563766850792113662618947E-0031
   5.03841703042786456410538731879323198E-0031
   5.03857489737503198409551425054994652E-0031
   5.03904850112991043016561889409575462E-0031
   5.03968453776586896562897351988994314E-0031
   5.03948521250055996142104389454908235E-0031
   5.03968452103614764004279975583326341E-0031
   5.04001058145036995532982387824938720E-0031
   5.04017512476823678583560568367301182E-0031
   5.04066875836786247026896668328013704E-0031
   5.04133169932111095434091990868446763E-0031
   5.04112394201175562213380102344904217E-0031
   5.04133168183493574859622356786929470E-0031
   5.04167156634225985943695369426726636E-0031
   5.04184308722290801465144169869277816E-0031
   5.04235765432756362177122745813081611E-0031
   5.04304871400098265906941505183285345E-0031
   5.04283214396935575395176584630615298E-0031
   5.04304869571817915659427901115038181E-0031
   5.04340303227348306007548374504292843E-0031
   5.04358184785307070235853170072878398E-0031
   5.04411829996387802387102757651429344E-0031
   5.04483875712094553482711181645452196E-0031
   5.04461297350522966835149971640592829E-0031
   5.04483873799852405997672034467576229E-0031
   5.04520818833100036899244430411503779E-0031
   5.04539463282483077388472032161430723E-0031
   5.04595397268987286087548998882507943E-0031
   5.04670517504441647496914083682992589E-0031
   5.04646975535892330109253800158255983E-0031
   5.04670515503629755618275073540906206E-0031
   5.04709041712019545010765464455743324E-0031
   5.04728484307463876684603021016035626E-0031
   5.04786812844575135176858304420665933E-0031
   5.04865149772499065252809454094690990E-0031
   5.04840599627126799270795751672814694E-0031
   5.04865147678169465068864432676013675E-0031
   5.04905328756983488364537455992594798E-0031
   5.04925606724766365894837795821015890E-0031
   5.04986441503759457584369471556281612E-0031
   5.05068145258563223898375639700052571E-0031
   5.05042539869385895786889584575885278E-0031
   5.05068143065392722390908426304720292E-0031
   5.05110056911244536718145292459981257E-0031
   5.05131209603113826159418560923749997E-0031
   5.05194668692975717852639498538892282E-0031
   5.05279897993082908286336132556279795E-0031
   5.05253187600658085012082223413825770E-0031
   5.05279895695332984818090777298992094E-0031
   5.05323624744327834924022660173976573E-0031
   5.05345693808949953430614512290384073E-0031
   5.05411902170870302695001739510373434E-0031
   5.05500825012432748097038723260424889E-0031
   5.05472956947113569061936566149162486E-0031
   5.05500822603903710801175033131320788E-0031
   5.05546454209928535307088776867731264E-0031
   5.05569483784723244842529832287252880E-0031
   5.05638573847764989787915686522222154E-0031
   5.05731368281002770385954835053777904E-0031
   5.05702286719242987309995139842431934E-0031
   5.05731365754981123762824360972182981E-0031
   5.05778992614656720126436173845896786E-0031
   5.05803029541342404715126081288876505E-0031
   5.05875141849266551753569743336833635E-0031
   5.05971996850919351103867198733552909E-0031
   5.05941642541389782255203288268339501E-0031
   5.05971994200117098823248749187300123E-0031
   5.06021714832299105696385353366885899E-0031
   5.06046808900162045239177238558282710E-0031
   5.06122092841451088006988142242215262E-0031
   5.06223209299629084665036897546663041E-0031
   5.06191519254026991682940812910558458E-0031
   5.06223206516113397324624771050772812E-0031
   5.06275125805526416952906598084169012E-0031
   5.06301330027292541081364879103775568E-0031
   5.06379944663012691368170653683070599E-0031
   5.06485536494248770258038399309830242E-0031
   5.06452443636577133626700782327979431E-0031
   5.06485533569360072206936935131355333E-0031
   5.06539763386094252520647557713553254E-0031
   5.06567134312374978245419647829357740E-0031
   5.06649249319797807303211893791017256E-0031
   5.06759544742543960390147561536635902E-0031
   5.06724977509241439889888263981460587E-0031
   5.06759541666800006140404362109443580E-0031
   5.06816201576132732296494868392152163E-0031
   5.06844799655809736464511440801062628E-0031
   5.06930596409894913512512759259452637E-0031
   5.07045839404367093773522503020768436E-0031
   5.07009721285889511499948622443666368E-0031
   5.07045836167349976357559579386245414E-0031
   5.07105054247870273714464176397189770E-0031
   5.07134944243576116236357178653816929E-0031
   5.07224617063794857933763182723341177E-0031
   5.07345069055353804034228743832004566E-0031
   5.07307318067517966266510957574447667E-0031
   5.07345065645576013790701020172865139E-0031
   5.07406979438153953707813567264070652E-0031
   5.07438230908333276670604832034424126E-0031
   5.07531988505297798894720060042802578E-0031
   5.07657930318015683689142821059294433E-0031
   5.07618458388440970055290988153932120E-0031
   5.07657926722760244128580260296117717E-0031
   5.07722684338894808638206841208231192E-0031
   5.07755372200986834740599979669687935E-0031
   5.07853439366522047434779520124112957E-0031
   5.07985173506009519022684419504362193E-0031
   5.07943885757085482076339571336246613E-0031
   5.07985169711137763179792685860315865E-0031
   5.08052931137170858705436501379491921E-0031
   5.08087136330512268714080337968830970E-0031
   5.08189755926984947876715972329441372E-0031
   5.08327609268056371346153660034921089E-0031
   5.08284403172674434085799823578485520E-0031
   5.08327605257774937090067122912057507E-0031
   5.08398543902152475092032429267527522E-0031
   5.08434354174657010353408737406895119E-0031
   5.08541789495754759395045988728787524E-0031
   5.08686116472705914839920500761773732E-0031
   5.08640880852012060135269541135233202E-0031
   5.08686112229281809246205577631623793E-0031
   5.08760416774615170510873699627475538E-0031
   5.08797927624725347385743135034424340E-0031
   5.08910465222201982069321382057496842E-0031
   5.09061651649737928834823405062124721E-0031
   5.09014265472644056548502041317176068E-0031
   5.09061647153146707177789291952980153E-0031
   5.09139523794984982971863042075243670E-0031
   5.09178839610684224035478059085922473E-0031
   5.09296792712476936166980811799733673E-0031
   5.09455260407210738706273820460294920E-0031
   5.09405591338227121896720942471782943E-0031
   5.09455255634697454239770612028460225E-0031
   5.09536930817263776345244723611558854E-0031
   5.09578166268414534201737675134572870E-0031
   5.09701878956984030530451023131581937E-0031
   5.09868091388350490929457449988029364E-0031
   5.09815994011764339928147800207875836E-0031
   5.09868086313875303857504489510247306E-0031
   5.09953810113602157856093990515628029E-0031
   5.09997091874610846209204766389212258E-0031
   5.10126944256581483458423135200732472E-0031
   5.10301413540424740050938435048275494E-0031
   5.10246727162290281631483690902894895E-0031
   5.10301408133953662071618450789686782E-0031
   5.10391458500938573179242105190348587E-0031
   5.10436927411050820749575849728661259E-0031
   5.10573342100165273833792546522236930E-0031
   5.10756637771655967422690247991365439E-0031
   5.10699183662232823690054339206089937E-0031
   5.10756631998240091927879227751791790E-0031
   5.10851320154326785128317885817482378E-0031
   5.10899133968149776820662840618858019E-0031
   5.11042584339476534529047256583574819E-0031
   5.11235344526505787251241436210583446E-0031
   5.11174922407723170122269228824752847E-0031
   5.11235338345066035076376697660201303E-0031
   5.11335015773009179287080743515245171E-0031
   5.11385352723295142312536945902884622E-0031
   5.11536373605006558502882846357974256E-0031
   5.11739319506124021839185644189272605E-0031
   5.11675702999603389765858002902272500E-0031
   5.11739312867816885677481350852488800E-0031
   5.11844380540089355069202661216813748E-0031
   5.11897444044370334953377844963137791E-0031
   5.12056645842183958621359277921179091E-0031
   5.12270600859670377350958885980241110E-0031
   5.12203531470285331400149574739324994E-0031
   5.12270593705642543813258228114716224E-0031
   5.12381514550392849417048966377763803E-0031
   5.12437539571692331447763361894410611E-0031
   5.12605627357148781390362374595063729E-0031
   5.12831542964132808941275226479750696E-0031
   5.12760721944798697585506735665033667E-0031
   5.12831535222358641472867851425300805E-0031
   5.12948851414785601100507060942890093E-0031
   5.13008113289198131797048416417631827E-0031
   5.13185913290941352565383108715660994E-0031
   5.13424904945519548811715409039266590E-0031
   5.13349982000351621640537507488325852E-0031
   5.13424896526215653772155168386076376E-0031
   5.13549254239263804102310558067647702E-0031
   5.13612081319003623064662432003253452E-0031
   5.13800578864183781085611112158284017E-0031
   5.14053977469736076595937752662776325E-0031
   5.13974534564248589611003188276698388E-0031
   5.14053968258479912761710622734793302E-0031
   5.14186154457958192213580128878358364E-0031
   5.14252946918880310024557375506074600E-0031
   5.14453342873989082010626907794235711E-0031
   5.14722771368553151265803166365621163E-0031
   5.14638298629362754218363483724432754E-0031
   5.14722761215518523640157569627733539E-0031
   5.14863760966063033501523197724759590E-0031
   5.14935020119897987320343207701331708E-0031
   5.15148818856019534175175092933588148E-0031
   5.15436311645841700101081506673751198E-0031
   5.15346169770482178656693470100485668E-0031
   5.15436300348077958131198042389787132E-0031
   5.15587391452302141618591467582302212E-0031
   5.15663768193717851536137123300139843E-0031
   5.15892922975030696662038755034687956E-0031
   5.16201123456998072111344164253181918E-0031
   5.16104481531016809259509128298783326E-0031
   5.16201110727316409121254358624863848E-0031
   5.16364032416252619806165936647801837E-0031
   5.16446413657516923460746246999397362E-0031
   5.16693586029988576961284898882105027E-0031
   5.17026099246837333587809676126830935E-0031
   5.16921823691454841342371131699485479E-0031
   5.17026084654392318841138591731619733E-0031
   5.17203371194702147644898693130180924E-0031
   5.17293050989189096561880046740097000E-0031
   5.17562124319501119228023620003828653E-0031
   5.17924215746978759336807843890713708E-0031
   5.17810650194525841069201921056301207E-0031
   5.17924198589996492120233556100894069E-0031
   5.18111347660617557441098756982278374E-0031
   5.18206018707847466274504489262653845E-0031
   5.18490070118371294797840919290199652E-0031
   5.18872329160854907108605153942410710E-0031
   5.18752436813027947173875156138735424E-0031
   5.18872310802686170512085463959021495E-0031
   5.19065461872883293633389457047857625E-0031
   5.19163145939443938147342962929556970E-0031
   5.19456239625533181621249216564813931E-0031
   5.19850597462307292038741236095816939E-0031
   5.19726919031331568616326405003999258E-0031
   5.19850579106450026024113383476209637E-0031
   5.20049910256549271404005646662713486E-0031
   5.20150697447723729043564505866112947E-0031
   5.20453103890782647096062532602452438E-0031
   5.20859924842594985415194290482487403E-0031
   5.20732346018838876930256231369295629E-0031
   5.20859906451373842836311333677725299E-0031
   5.21065588617875145562879624782088591E-0031
   5.21169565294900990212388545487310778E-0031
   5.21481543751389455659378077288313235E-0031
   5.21901176632698348038372777674030336E-0031
   5.21769588019612031466218075854311317E-0031
   5.21901158173837064778954396098203763E-0031
   5.22113359074342499248388348268583175E-0031
   5.22220609877146199095178257620710693E-0031
   5.22542414447550754754963233011482708E-0031
   5.22975200852414843280372209543309577E-0031
   5.22839495353005005857398882725934009E-0031
   5.22975182297206470901634315556377958E-0031
   5.23194067461160695225173111227296105E-0031
   5.23304675845802486670377970072296016E-0031
   5.23636557086946253835200677374518147E-0031
   5.24082833609634384254602057765048959E-0031
   5.23942905723663163774136320200178181E-0031
   5.24082814932157833135627662316193837E-0031
   5.24308548508981329453863086485244280E-0031
   5.24422597168718434263468930502443193E-0031
   5.24764803356981635497648156156144200E-0031
   5.25224903330896602138130224260791483E-0031
   5.25080648604638122631348821012660310E-0031
   5.25224884507416947230422768275361077E-0031
   5.25457629913303992275058445628711574E-0031
   5.25575201115283179040698842842436970E-0031
   5.25927979256754141269998203874136106E-0031
   5.26402234144098297117888258160508574E-0031
   5.26253548730718263444742073592994999E-0031
   5.26402215152600098070267137611095611E-0031
   5.26642135598964024554455869806380379E-0031
   5.26763311458994144209292084583870571E-0031
   5.27126908113893896642194466691923146E-0031
   5.27615648638938210483826193940374723E-0031
   5.27462428940093113079145054607652525E-0031
   5.27615629458756705491081405162583961E-0031
   5.27862888392849119563105741367006370E-0031
   5.27987751104196870765200542014641590E-0031
   5.28362413073401116196330510278762599E-0031
   5.28865970165299022734905341388730293E-0031
   5.28708112533076018807852406269349789E-0031
   5.28865950776824433098939200929357480E-0031
   5.29120712256574542820883156432440408E-0031
   5.29249344284296717458913035458282398E-0031
   5.29635319192490819001208294612486008E-0031
   5.30154024785253409866838881596026249E-0031
   5.29991425269374438674723452581268074E-0031
   5.30154005169690591921607467005962744E-0031
   5.30413314836485910281224549597208783E-0031
   5.30544209384078858943990581159841314E-0031
   5.30936975249162750120927592353955017E-0031
   5.31464703432587959253358472257160289E-0031
   5.31299288381402208827834163094332210E-0031
   5.31464684273671799123152072339348714E-0031
   5.31727468223728583018262951748072892E-0031
   5.31860079034823653088053578799973450E-0031
   5.32257996456798314400879413758654347E-0031
   5.32792530877834355783184019136979125E-0031
   5.32624996684302097764493770003813541E-0031
   5.32792512367107635695456996440506279E-0031
   5.33059282237140802628051025816418375E-0031
   5.33193871113933833177371506419228097E-0031
   5.33597725793717006647737986722910246E-0031
   5.34140133591675442466310262207196868E-0031
   5.33970144342810674595673253759710959E-0031
   5.34140115568111146345995396438955148E-0031
   5.34411286581772054616441922313489251E-0031
   5.34548065682170967949562269143539924E-0031
   5.34958494354806295400163271770011672E-0031
   5.35509639408270782949419521513858751E-0031
   5.35336923287933710426806066320358100E-0031
   5.35509621750850008091232329936958416E-0031
   5.35785533814774383428059742272359155E-0031
   5.35924676572606971102732431697866811E-0031
   5.36342199774047827572494353490241883E-0031
   5.36902787589978508716010645339669565E-0031
   5.36727122701357421366735159725993786E-0031
   5.36902770206362549827944117877189755E-0031
   5.37183711046347981284078500414435828E-0031
   5.37325364064530475100935753061493470E-0031
   5.37750421820757241558030653119231390E-0031
   5.38321048172358644655135187796965669E-0031
   5.38142247207564437573270622686042118E-0031
   5.38321030989839974925368782876849182E-0031
   5.38607251125100782966594511713380620E-0031
   5.38751541871227303533221471811371837E-0031
   5.39184516791207515735221597073557539E-0031
   5.39765699183208242318372451048307715E-0031
   5.39583599506362604185556326041532810E-0031
   5.39765682142987832373459764457694398E-0031
   5.40057404924966659468717158298278822E-0031
   5.40204446889566192598349098763998274E-0031
   5.40645679644160135231483655843675638E-0031
   5.41237878400621154557151795474928955E-0031
   5.41052335401981100374122975182870487E-0031
   5.41237861454040715352525469047349663E-0031
   5.41535290031916638968218010016722115E-0031
   5.41685186306963343695282588907042770E-0031
   5.42134986367324214660095405145147851E-0031
   5.42738619259286431278758743710919466E-0031
   5.42549501745541166340907861493252560E-0031
   5.42738602365256596850622831040981165E-0031
   5.43041924662314008064093890641806014E-0031
   5.43194770497406295131704874399389717E-0031
   5.43653423805577658343873870574328447E-0031
   5.44268876498482290731586132001150287E-0031
   5.44076063400556284365304032188172509E-0031
   5.44268859621672948396540497242090801E-0031
   5.44578251981514916511929935706309749E-0031
   5.44734136656482125451425487002308517E-0031
   5.45201911244743947955683868052565221E-0031
   5.45829544951032815594853498546932738E-0031
   5.45632922912717955109056621618000934E-0031
   5.45829528060566168815016451460466397E-0031
   5.46145157978766808915026139812100103E-0031
   5.46304166206316087938909801872575409E-0031
   5.46781316406288987665195382525446657E-0031
   5.47421473616688123427228009182447218E-0031
   5.47220935188790779530447201441257403E-0031
   5.47421456685173262362922059663410358E-0031
   5.47743484896881203398700636910948420E-0031
   5.47905697894309477280426673487512906E-0031
   5.48392467553002787528610121403751211E-0031
   5.49045476414933057872518245154598336E-0031
   5.48840918675778670683079340247198684E-0031
   5.49045459417738475504220526658865083E-0031
   5.49374041522199973278383726029164810E-0031
   5.49539537845166985049895758996115911E-0031
   5.50036162827032290538440912086612144E-0031
   5.50702340550355299108267258761501489E-0031
   5.50493664032823610300227195519792959E-0031
   5.50702323465050899090165709589606311E-0031
   5.51037611211060141700315515643539186E-0031
   5.51206467413141711005566059811027832E-0031
   5.51713177579339471738655608323279002E-0031
   5.52392833129930672626961247494305484E-0031
   5.52179940972927105265200514245105197E-0031
   5.52392815935852872371036295644366333E-0031
   5.52734958254929127346802052853799316E-0031
   5.52907249417547557522279728688299901E-0031
   5.53424270216252565369722862124659636E-0031
   5.54117706479707237801228173015264310E-0031
   5.53900503746617980514626525548795406E-0031
   5.54117689157615015181890850842033349E-0031
   5.54466833006824449482971563811957482E-0031
   5.54642633171366663926328163772415014E-0031
   5.55170186934568907773016815888553701E-0031
   5.55877702480070151065564082975526526E-0031
   5.55656095603224063817194406124131863E-0031
   5.55877685011869309707700869210863402E-0031
   5.56233976071218606029149054008047993E-0031
   5.56413358596422029488291024814964124E-0031
   5.56951665612480994210185166464374310E-0031
   5.57673556151166702296711939335118756E-0031
   5.57447452472575694388567991802886899E-0031
   5.57673538519686005546510655508366760E-0031
   5.58037121777192967243067115438471030E-0031
   5.58220159638804954240389195172324985E-0031
   5.58769439051788003525849370324625760E-0031
   5.59505998659122697775388481205124653E-0031
   5.59275306045597661974400189758542225E-0031
   5.59505980847929917849184295909507881E-0031
   5.59877001097110324877105681062586601E-0031
   5.60063767142528696992762804051410253E-0031
   5.60624237716466143001140980132062008E-0031
   5.61375759870553448281723289300872431E-0031
   5.61140386386829883028487952933718658E-0031
   5.61375741863802462747676074392299281E-0031
   5.61754344132300677187489843613668046E-0031
   5.61944911299814362751544449211536191E-0031
   5.62516792076735750073764913920811418E-0031
   5.63283570551882590895643940188544892E-0031
   5.63043424179368531775814230026715633E-0031
   5.63283552334184859188747073246262913E-0031
   5.63669882257894943052660373041388334E-0031
   5.63864323767893181525772075579921792E-0031
   5.64447834641756005887208201155375654E-0031
   5.65230164287400762931226916503474689E-0031
   5.64985152679058479808408902112898705E-0031
   5.65230145843716107888590507511100240E-0031
   5.65624349997507017868200251884792783E-0031
   5.65822739521364640228626898451523623E-0031
   5.66418101745002616745865637513994035E-0031
   5.67216279173330713686315134919372566E-0031
   5.66966309437342954323131795868762851E-0031
   5.67216260488873500649694611902178706E-0031
   5.67618486682617717971311522161332288E-0031
   5.67820898493723820486588399298370113E-0031
   5.68428335132220308913978376901376199E-0031
   5.69242659332721804401209914095878168E-0031
   5.68987637839190696401275039283045570E-0031
   5.69242640392879477025953646394670169E-0031
   5.69653037939662308099176062160155201E-0031
   5.69859547050123611568979085306450411E-0031
   5.70479283391207040114197576738445815E-0031
   5.71310056286605165516011001770148841E-0031
   5.71049888492737430344587974186509287E-0031
   5.71310037076866747861638756837929120E-0031
   5.71728757038864773110156231378992929E-0031
   5.71939439324701553994119112351570331E-0031
   5.72571703254618948197846006273093346E-0031
   5.73419230209682797787114203036045411E-0031
   5.73153820499833739927698340430358202E-0031
   5.73419210715575465486579922128921873E-0031
   5.73846406132024513642918706051026223E-0031
   5.74061338449128303712942927012449856E-0031
   5.74706360800806566388538737407249170E-0031
   5.75570951093318623971761827576377739E-0031
   5.75300202630974024487201734540111152E-0031
   5.75570931300350824834912459421192841E-0031
   5.76006757401195549352509090830778471E-0031
   5.76226017693892286198321139009793951E-0031
   5.76884032572920035109925851345946654E-0031
   5.77765999834330113071977198067544184E-0031
   5.77489814423653188497504109153081688E-0031
   5.77765979727940009010875910957939150E-0031
   5.78210594136109973260035867020988971E-0031
   5.78434261539839805428468228323138393E-0031
   5.79105506632804915017117896529653138E-0031
   5.80005169264743195849539538671617446E-0031
   5.79723447219742002105947551913212993E-0031
   5.80005148830251424905833395563771933E-0031
   5.80458711754999406081243618800058272E-0031
   5.80686866694362744366331197954491156E-0031
   5.81371583563295730998907603309783998E-0031
   5.82289265135048327627387418633104011E-0031
   5.82001905154755947761172311172716818E-0031
   5.82289244357614262754688388273510095E-0031
   5.82751918780949401056064697521286990E-0031
   5.82984643064161695059680569611003152E-0031
   5.83683077430213620332124581491258968E-0031
   5.84619107061417517445281094623094840E-0031
   5.84326006109744150911464621396585144E-0031
   5.84619085925998339048233648056282414E-0031
   5.85091037783925887494305092124804864E-0031
   5.85328414694558716878871782904205515E-0031
   5.86040816713547519678754604709482484E-0031
   5.86995529445687747681640275565269600E-0031
   5.86696582634816228916657172014536824E-0031
   5.86995507936999758301512214556652784E-0031
   5.87476906297022534428304553465007226E-0031
   5.87719020683776693854487316469741221E-0031
   5.88445645215840061981551972467667611E-0031
   5.89419382375592710971337598103210033E-0031
   5.89114482851958930364188644878166457E-0031
   5.89419360478074409358553461950762869E-0031
   5.89910377714204939822411024372045134E-0031
   5.90157316079355242008715793659184493E-0031
   5.90898422954630222781484731773510871E-0031
   5.91891532511661722354109019643398002E-0031
   5.91580571343697948384063369425514126E-0031
   5.91891510209438225340675902873780719E-0031
   5.92392322175804492372500728121980557E-0031
   5.92644172762870613891834944738321052E-0031
   5.93400027044863932938005704782829271E-0031
   5.94412863966347832185484190655223314E-0031
   5.94095730033276994673857475313597740E-0031
   5.94412841243196289976201765366478588E-0031
   5.94923627447189899735916332389619352E-0031
   5.95180480328318621533893239972252954E-0031
   5.95951352576424744302756629246716784E-0031
   5.96984279180255155815571934121484156E-0031
   5.96660859061313062761104397400034281E-0031
   5.96984256019570852396292713241875212E-0031
   5.97505199795378003578023620945696702E-0031
   5.97767146958866393665311261428941450E-0031
   5.98553313491322945466263657736361397E-0031
   5.99606699799775550057681800750282443E-0031
   5.99276877663309970672557572865751165E-0031
   5.99606676184538417582134139711947011E-0031
   6.00137964867806405105419231642191558E-0031
   6.00405100306150363275630815163872751E-0031
   6.01206843464585145656234860184527243E-0031
   6.02281067559992009055743069981850258E-0031
   6.01944725051945771947494306288135188E-0031
   6.02281043472733315024096838804336812E-0031
   6.02822868577054582228202256812001694E-0031
   6.03095288375870725116289834547027811E-0031
   6.03912896792485255188603116361468504E-0031
   6.05008345176340548514397725695092897E-0031
   6.04665361307672840028583800313127605E-0031
   6.05008320599109538639346982575282891E-0031
   6.05560877994948406010727165732395524E-0031
   6.05838680423087930390905362708295849E-0031
   6.06672449291434429401223529582401844E-0031
   6.07789517248227995529197162987049270E-0031
   6.07439768280865939722834079031898154E-0031
   6.07789492162558294457702302870980780E-0031
   6.08352982259200113309653392920853663E-0031
   6.08636267860349838448215137000524413E-0031
   6.09486499210588312442824963875025654E-0031
   6.10625591177567983422591620539726724E-0031
   6.10268950508510885356391335054814759E-0031
   6.10625565564443570763392704980003699E-0031
   6.11200193495510136354116474221620098E-0031
   6.11489065181557345284565645113743944E-0031
   6.12356068161023691859615475938042248E-0031
   6.13517598105011061064302497369647625E-0031
   6.13153936148233746596358379722675364E-0031
   6.13517571944831652137831239204400590E-0031
   6.14103547757878819000331477256025182E-0031
   6.14398110904302051313274003491130282E-0031
   6.15282202064174764477650673580028277E-0031
   6.16466593866499714564528769634046015E-0031
   6.16095777932320159811432797365494233E-0031
   6.16466567139045384453540043690881996E-0031
   6.17064105989737631971051353240171172E-0031
   6.17364468533274546815725826563975711E-0031
   6.18265972122094535671777797529604044E-0031
   6.19473659972668441163917389285333392E-0031
   6.19095554144259228616346236871923553E-0031
   6.19473632657063337429639147683841766E-0031
   6.20082955008404595152558064082336891E-0031
   6.20389227547239938636094417112953623E-0031
   6.21308475812013772804914658900575577E-0031
   6.22539904613527954620330661489976562E-0031
   6.22154369620261644571483403010801191E-0031
   6.22539876688202948785474266331660262E-0031
   6.23161208515292463659458710095454576E-0031
   6.23473504412003605655512001076835631E-0031
   6.24410837907603848852739652261199177E-0031
   6.25666463690816784074837221755558275E-0031
   6.25273356778142608299839004455811287E-0031
   6.25666435133470914932353194468668497E-0031
   6.26300008134246670221993833650124644E-0031
   6.26618443621740784349785676823387571E-0031
   6.27574211529306964986374531847343635E-0031
   6.28854501880369569375725280924832871E-0031
   6.28453676675923373559970565462943736E-0031
   6.28854472667930132572605257004972983E-0031
   6.29500524480359797740613033895916614E-0031
   6.29825218771035280899913325850624631E-0031
   6.30799779226074682950633710680422687E-0031
   6.32105213726836606275619179614760740E-0031
   6.31696520102488028938137814523093441E-0031
   6.32105183835417744609499088296888568E-0031
   6.32763958261597905011319219897721184E-0031
   6.33095033659962842172950961512296877E-0031
   6.34088754090850999336230203780180096E-0031
   6.35419824773091375968125739091247726E-0031
   6.35003108702632147218172366837948921E-0031
   6.35419794177951023554239360729136317E-0031
   6.36091541415579137943535960532247819E-0031
   6.36429123434561323333771652381183512E-0031
   6.37442380912147293101834955011128832E-0031
   6.38799592726679993796829625000924963E-0031
   6.38374696138855212589538172677941246E-0031
   6.38799561402175024819264802707532911E-0031
   6.39484538283864932288546806698914229E-0031
   6.39828755765051028026621305601474036E-0031
   6.40861937364081814972469780757158166E-0031
   6.42245808665697411336037858979516295E-0031
   6.41812569292277884973919927512885550E-0031
   6.42245776585236840564207328474152170E-0031
   6.42944246826157428872300879943016285E-0031
   6.43295232064203143933627586854475370E-0031
   6.44348735237294635692011693354757312E-0031
   6.45759798286518474927234332340882574E-0031
   6.45318049505106850041052245008162680E-0031
   6.45759765422514552617512537603999666E-0031
   6.46471999876842245714922635459127842E-0031
   6.46829888748300868393201718142700423E-0031
   6.47904121713199093517044123183014030E-0031
   6.49342923195866745959721955757163663E-0031
   6.48892493867123333935540619519128616E-0031
   6.49342889519683784210259980206136138E-0031
   6.50069166446372608247628600034306498E-0031
   6.50434098543195721405983607005886736E-0031
   6.51529480684091827686807507501322966E-0031
   6.52996582249769294633427634227264435E-0031
   6.52537296548735328293659111933608027E-0031
   6.52996547731670055750166257537079893E-0031
   6.53737153070058155737502774892095959E-0031
   6.54109271838029882301808740642108811E-0031
   6.55226234121714896340665279825103094E-0031
   6.56722212942021251657280409223921913E-0031
   6.56253890183207835489999797961796027E-0031
   6.56722177551110721623545503444064486E-0031
   6.57477405206899130556972628805651648E-0031
   6.57856858089273697377535327107156436E-0031
   6.58995843496944562728993923914637529E-0031
   6.60521292844868744054200181576110298E-0031
   6.60043747300769104691041800194134524E-0031
   6.60521256549035105791306775229809636E-0031
   6.61291408691193329662273425536266190E-0031
   6.61678347277815107668348230620686498E-0031
   6.62839811253371730069537353031534939E-0031
   6.64395341104713018931241306744493326E-0031
   6.63908381817383818409299889163960155E-0031
   6.64395303870565630672774906020428528E-0031
   6.65180691239739051657471963719974019E-0031
   6.65575271421934450144519361224792318E-0031
   6.66759682337638267358440308731570621E-0031
   6.68345919995741281545288300100158289E-0031
   6.67849350581085823961612511146116606E-0031
   6.68345881788545455320717726162685457E-0031
   6.69146824017561709376247017675587844E-0031
   6.69549206149103390591113230902966495E-0031
   6.70757045789501386618157508037695157E-0031
   6.72374636534501225574769867723021631E-0031
   6.71868254978873345382778538615412090E-0031
   6.72374597318109589472752938378788096E-0031
   6.73191423265204818638112229330823118E-0031
   6.73601772329660591829625840281986421E-0031
   6.74833536394714499715367166471229097E-0031
   6.76483144158555776393410654333612681E-0031
   6.75966742607288124910851995262093178E-0031
   6.76483103895335991933366223699817867E-0031
   6.77316151990747204321889862904831170E-0031
   6.77734637775538654771936258756271359E-0031
   6.78990836403937335405060757172606825E-0031
   6.80673144472482190183357822407459366E-0031
   6.80146509009926537778020580796463780E-0031
   6.80673103123240782724313547795343481E-0031
   6.81522721729837459287246410975999652E-0031
   6.81949519007346859363458614905257698E-0031
   6.83230677321020481437933947718739626E-0031
   6.84946389064615272362306991915216171E-0031
   6.84409299485265327694380678660680345E-0031
   6.84946346588517317975929024383873098E-0031
   6.85812894377173789566402349045764111E-0031
   6.86248183093252077156834839230261817E-0031
   6.87554841764149610997469080011159638E-0031
   6.89304681398077614397223052040449318E-0031
   6.88756910968326790306263737958852772E-0031
   6.89304637752562010989445506311290598E-0031
   6.90188484093001997247582584227272166E-0031
   6.90632449563245594336943404048026300E-0031
   6.91965165403482276873729706532218473E-0031
   6.93749878779790423062754775605728630E-0031
   6.93191193989857948165994111824990715E-0031
   6.93749833920480456687940228303814421E-0031
   6.94651359288356450799175259065795885E-0031
   6.95104192402536401372371130901676119E-0031
   6.96463538979065141385495200033777570E-0031
   6.98283894411316430877352119336724239E-0031
   6.97714054716855254551073182670211736E-0031
   6.98283848291925330097534764739263808E-0031
   6.99203444692928160157855991183469354E-0031
   6.99665342127971456337339549216629130E-0031
   7.01051910402981521305500135892246138E-0031
   7.02908699525551174246815828255977892E-0031
   7.02327457078430285355091576491027430E-0031
   7.02908652097782325990565740233293985E-0031
   7.03846723509610176145533620257861003E-0031
   7.04317887951550189911435708681574217E-0031
   7.05732286949847875016546199783922758E-0031
   7.07626325613450362120158234897112126E-0031
   7.07033424981182469378074206445638657E-0031
   7.07626276826891841727461946712090925E-0031
   7.08583239659943163277679440246167616E-0031
   7.09063880035273752099221579027777028E-0031
   7.10506737539952909844583889732607264E-0031
   7.12438866745158571183780094957435510E-0031
   7.11834044618421646112291941551362579E-0031
   7.12438816547171617126944639500439601E-0031
   7.13415100124862625974901585744927548E-0031
   7.13905431841748696102113682910379284E-0031
   7.15377395119513887576429246451923683E-0031
   7.17348481990087713611665571553671387E-0031
   7.16731466877765723390817814414205765E-0031
   7.17348430325688753690153226208079257E-0031
   7.18344477385333400597269565798136807E-0031
   7.18844722585149393138227079850171147E-0031
   7.20346459142710713772416636864054443E-0031
   7.22357397940681644511565015474940583E-0031
   7.21727909851826025841487558154511344E-0031
   7.22357344752417455078702185601610607E-0031
   7.23373611967645800507644132855866065E-0031
   7.23883999787332678179475896974911218E-0031
   7.25416198160348908420017536189773332E-0031
   7.27467911344795563579473355746614040E-0031
   7.26825661456884653062632219825884982E-0031
   7.27467856572611116496245268663580920E-0031
   7.28504815098340608916172384797370460E-0031
   7.29025581944091297447779543776415204E-0031
   7.30588952520196427602653672580598110E-0031
   7.32682391851813835746506872322705428E-0031
   7.32027082164662789522681743876170230E-0031
   7.32682335432912359237115139263736975E-0031
   7.33740471473925478706358364694899193E-0031
   7.34271861306728292975337255704406089E-0031
   7.35867137184235481650531755534207108E-0031
   7.38003284877826875483244501601564551E-0031
   7.37334607852475660358059892168232253E-0031
   7.38003226746521624819867277697803662E-0031
   7.39083042150742313784859064048661970E-0031
   7.39625306784331474083575781703529253E-0031
   7.41253244668267518098396079026265532E-0031
   7.43433114595384796863115580733675090E-0031
   7.42750752777266870609950430200048081E-0031
   7.43433054682941998808245046202928679E-0031
   7.44535067560541923027272207342751192E-0031
   7.45088466972323672100629918679173636E-0031
   7.46749848109505584142387651384024375E-0031
   7.48974487053540930304008616157819853E-0031
   7.48278112679210463866712055181536803E-0031
   7.48974425288013331455215965948386790E-0031
   7.50099170657516867279052625303254176E-0031
   7.50663973313058718293775554683000569E-0031
   7.52359604467981378954850491507991310E-0031
   7.54630093434089885393944531001405271E-0031
   7.53919368020761086837900987345246992E-0031
   7.54630029740140298994017553642615511E-0031
   7.55778060202733647542164984110187418E-0031
   7.56354543394422634266729012127035474E-0031
   7.58085257867781828126047905687569199E-0031
   7.60402713450089663081873317089563867E-0031
   7.59677287367218312378884325862012600E-0031
   7.60402647748803871495404034773746951E-0031
   7.61574534192088250154672662725545438E-0031
   7.62162984392581408686742852404282116E-0031
   7.63929643084308954142963948790811012E-0031
   7.66295218892932334583337791250391628E-0031
   7.65554730915047414978000738183802803E-0031
   7.66295151101620665531617973015673634E-0031
   7.67491483434081342005483613505765189E-0031
   7.68092196665187635447954460124867385E-0031
   7.69895689183923594061882474774329515E-0031
   7.72310577334389067561469805138504768E-0031
   7.71554654174361880581715364433830874E-0031
   7.72310507366375921427221558008751321E-0031
   7.73531895283867048875349273864041223E-0031
   7.74145177501514106322703007548843113E-0031
   7.75986423322483868407206752047387632E-0031
   7.78451855990198317238787082187371885E-0031
   7.77680111812118259123099221942040936E-0031
   7.78451783754598880414318499497858949E-0031
   7.79698857540167573323518693599409033E-0031
   7.80325025036118403390207252784859158E-0031
   7.82204974709418141996757280270768379E-0031
   7.84722225751885303018643666556791469E-0031
   7.83934261662696255708369551300422458E-0031
   7.84722151153368638549644973632394724E-0031
   7.85995562511759244914388769876979113E-0031
   7.86634942332752871196400564902886260E-0031
   7.88554578744073540304450333607645367E-0031
   7.91124965393590131824408756738110209E-0031
   7.90320368912629980667200878460438188E-0031
   7.91124888332127793732267662492833256E-0031
   7.92425311260317413628734452468452765E-0031
   7.93078241645312431989026864216249043E-0031
   7.95038581331147952476042084108485728E-0031
   7.97663465960733751640553030683730015E-0031
   7.96841810466312813513461991589417269E-0031
   7.97663386331333023601948001440128007E-0031
   7.98991518026450239769807863661240958E-0031
   7.99658348862650730523435754705653188E-0031
   8.01660443382037598843779030654174559E-0031
   8.04341235347356443129787642451252422E-0031
   8.03502079499509694400052901060423144E-0031
   8.04341153039777256073291850584053363E-0031
   8.05697714845745723137411820704419737E-0031
   8.06378808144083730415253427362573205E-0031
   8.08423745508903887853608073622271064E-0031
   8.11161903068912397162020916500957365E-0031
   8.10304790207466642960925620720484380E-0031
   8.11161817967366934348226164864828125E-0031
   8.12547556361591662882511288327321655E-0031
   8.13243286752328442712976643200358483E-0031
   8.15332192918171440408005396049203218E-0031
   8.18129225237184676127415124682567864E-0031
   8.17253682754296642057984249206225556E-0031
   8.18129137220018629070846576140670484E-0031
   8.19544824841392584529814809957620885E-0031
   8.20255580090480555376344125298594699E-0031
   8.22389620510000428794648604996953759E-0031
   8.25247089743782786674856210765549922E-0031
   8.24352628430129402984175375973517184E-0031
   8.25246998683137181725489924495123093E-0031
   8.26693435402586155553941285140517439E-0031
   8.27419616949403429608029682750547404E-0031
   8.29599998190015650660174370659492965E-0031
   8.32519521658384829769689133799857824E-0031
   8.31605635022224659350334593907186430E-0031
   8.32519427419837304330773342240680379E-0031
   8.33997441454538112652428136398371506E-0031
   8.34739464971565733790479421834816918E-0031
   8.36967436399204394744714509644472500E-0031
   8.39950688847468565688574654555197026E-0031
   8.39016852405845825373677892762738108E-0031
   8.39950591289652936230840663873654982E-0031
   8.41461040361949619799375423235844302E-0031
   8.42219336336906049984412634218198842E-0031
   8.44496191867394626994430381925448587E-0031
   8.47544907818719294141468868436466950E-0031
   8.46590578360151945249507290057764469E-0031
   8.47544806792922226978202398701205943E-0031
   8.49088579334822105808794368371645456E-0031
   8.49863593675697589426521669353660619E-0031
   8.52190673595070722416180915060808665E-0031
   8.55306649795582125880531521905371139E-0031
   8.54331264613666236643296300897845563E-0031
   8.55306545145315698052264547670475437E-0031
   8.56884561549266260887990145927524187E-0031
   8.57676756212608629480497269654161313E-0031
   8.60055449067448832525945820087299542E-0031
   8.63240547025513614628036162416316857E-0031
   8.62243523122991216449975069878746966E-0031
   8.63240438586062538566104334399552306E-0031
   8.64853652502484670609741018487853959E-0031
   8.65663506145174630728647401365793917E-0031
   8.68095250703686786875313026350294886E-0031
   8.71351399324349691077307700772813363E-0031
   8.70332132587330855107077831096849879E-0031
   8.71351286922291975836414591852588935E-0031
   8.73000686604067557167542962693414445E-0031
   8.73828695258681810477417181996453373E-0031
   8.76314982542808506322736095674959472E-0031
   8.79644180857806001835405911792976821E-0031
   8.78602045200012584194819731189059951E-0031
   8.79644064310505839024855698790634169E-0031
   8.81330674004279796909063605360575489E-0031
   8.82177351777970202577110800467627182E-0031
   8.84719727166339562141966904231755319E-0031
   8.88124047159420177206540836205396784E-0031
   8.87058393636534054088176813077937848E-0031
   8.88123926274491875405502828464544574E-0031
   8.89848807658240763764550452851435580E-0031
   8.90714687454852343652407854436036873E-0031
   8.93314752855732502418064909816371133E-0031
   8.96796342382184738434773357871073602E-0031
   8.95706498276643515578976019488310934E-0031
   8.96796216956926590713902125179798591E-0031
   8.98560470622756836837731647321781244E-0031
   8.99446104887661274467208140063088476E-0031
   9.02105520980355525137595403890676204E-0031
   9.05666606778649327687654375813574604E-0031
   9.04551874655544424332037427603568811E-0031
   9.05666476599446388646826837719131123E-0031
   9.07471243580003256287941226029216110E-0031
   9.08377205066831490375750123647653827E-0031
   9.11097693609066881937126145325577750E-0031
   9.14740584401329769664604467359073270E-0031
   9.13600241136433288833284449731481224E-0031
   9.14740449243024647940738618695086541E-0031
   9.16586912579204093551860711006463747E-0031
   9.17513795137314795817810209469853660E-0031
   9.20297141335133917834043005543833578E-0031
   9.24024231011780175878421354937765101E-0031
   9.22857526793166818805142563220942046E-0031
   9.24024090637011123352025391684747631E-0031
   9.25913476983855791862676066041602254E-0031
   9.26861896364968253969761491849584573E-0031
   9.29709951300405920588057364260790667E-0031
   9.33523722182585525048156398489974600E-0031
   9.32329879487833789159290326148820344E-0031
   9.33523576341091334323273042299327345E-0031
   9.35457157607802217319984303555395313E-0031
   9.36427752289744025694323867082518775E-0031
   9.39342435400132204481378317218997071E-0031
   9.43245461571731137682721953207335838E-0031
   9.42023674123294897167612318507837040E-0031
   9.43245309999622655653574957603630977E-0031
   9.45224405018510969705788361003854198E-0031
   9.46217837043473529093608312429363024E-0031
   9.49201138644541152003991726306998057E-0031
   9.53196089343208758873913633128800733E-0031
   9.51945521045257911333195663312163229E-0031
   9.53195931762207198849702702290844820E-0031
   9.55221907980126963020612296118376565E-0031
   9.56238863804175432427692122120713534E-0031
   9.59292847647164528712656037686288118E-0031
   9.63382490701225887325851104004587909E-0031
   9.62102274562075827055335736286500211E-0031
   9.63382326817868589607423993284541764E-0031
   9.65456602002187762432062330472240765E-0031
   9.66497793352025499982668858612572748E-0031
   9.69624599202798888585448421005769374E-0031
   9.73811804497886959313667296594601091E-0031
   9.72501041543084980931855187140923080E-0031
   9.73811634002701826677619859611570782E-0031
   9.75935677952166353102039676861541056E-0031
   9.77001842684296273199705615705984846E-0031
   9.80203688909830919699145366075176993E-0031
   9.84491431865598715910039941112224479E-0031
   9.83149190047825439114062361283310652E-0031
   9.84491254432249254592731602645608244E-0031
   9.86666590681146639373135328413314355E-0031
   9.87758493637591215513483498731334299E-0031
   9.91037679782299872186708083119078418E-0031
   9.95429044815599242149925174825567395E-0031
   9.94054357928789799294281115123951524E-0031
   9.95428860100002991308142621951065145E-0031
   9.97657067601816965870182827472694468E-0031
   9.98775501455443336888572777694631477E-0031
   1.00213441078641017595082766986290833E-0030
   1.00663259473280363723525531972506263E-0030
   1.00522446133931156043363916430091030E-0030
   1.00663240237222779323238991913594352E-0030
   1.00891511714647069313981455021937856E-0030
   1.01006090322770607640932376388146524E-0030
   1.01350200522412538488180233616774988E-0030
   1.01811032068448444141896171427296230E-0030
   1.01666770306571549622306087871630798E-0030
   1.01811012029662370245999461363550019E-0030
   1.02044903701971798262991039792297216E-0030
   1.02162302611502312327275235576088760E-0030
   1.02514887887286283407891936364620819E-0030
   1.02987075744605850625478298526775765E-0030
   1.02839258058880529465938193353225978E-0030
   1.02987054862810160430936413327781884E-0030
   1.03226742214603990554673011743576713E-0030
   1.03347049525692624797959351420387390E-0030
   1.03708374777507490053341976823692790E-0030
   1.04192274313134961278287848772546074E-0030
   1.04040789376407136951051024284660679E-0030
   1.04192252545904269092057376762268310E-0030
   1.04437917219607619275955353865443909E-0030
   1.04561224124570039585863002229562081E-0030
   1.04931563555458051110871233173704798E-0030
   1.05427542629708249885954101849762560E-0030
   1.05272275199260522840387749544806917E-0030
   1.05427519932379946084514519141326979E-0030
   1.05679349855758495017966768641322456E-0030
   1.05805750703003130152298863255904883E-0030
   1.06185388011787103684881525649293298E-0030
   1.06693827237202864402167096839038140E-0030
   1.06534658073559001277906667727296608E-0030
   1.06693803562786087588476225509991256E-0030
   1.06951993059734826782066858376710623E-0030
   1.07081585409262065711184203032525864E-0030
   1.07470813957828438749616055306620904E-0030
   1.07992106924021851177706150910448989E-0030
   1.07828912720444333142811218119656101E-0030
   1.07992082223109897570019920546626301E-0030
   1.08256832103898986254728753186040939E-0030
   1.08389716772449382830554571583584034E-0030
   1.08788839721902168819256821231036859E-0030
   1.09323393178509474135202065404692377E-0030
   1.09156046503634338105309430615545997E-0030
   1.09323367399197438867716009785270501E-0030
   1.09594885025887721061678525428247291E-0030
   1.09731166119580370689407182209763596E-0030
   1.10140496528767378195552586029565927E-0030
   1.10688730517765180903558872682939488E-0030
   1.10517099774120444814280702456646450E-0030
   1.10688703605574956066318587950887948E-0030
   1.10967202927827541040713089814448412E-0030
   1.11106987859884028521237740673171632E-0030
   1.11526848739056207994352895708431472E-0030
   1.12089196666688049290339645240371993E-0030
   1.11913146068155542904567500135124199E-0030
   1.12089168564503168765637612577842418E-0030
   1.12374870120512882056661950557107957E-0030
   1.12518269611413213824875807979569839E-0030
   1.12948993923027631529440237368350663E-0030
   1.13525902560577804560557093225009078E-0030
   1.13345292132176047552062314236458332E-0030
   1.13525873208591023740977314381127660E-0030
   1.13819004085388099765383875684242080E-0030
   1.13966132142560688422882246442242945E-0030
   1.14408062740501055120998916196276379E-0030
   1.14999992142158674999536142454066056E-0030
   1.14814677745836563599277211135788382E-0030
   1.14999961477835599463428380197104973E-0030
   1.15300755224744517644375344799776625E-0030
   1.15451729098663071627851452991947500E-0030
   1.15905218596460536647876015453722388E-0030
   1.16512641921583829847220956819724038E-0030
   1.16322475312007968841293651939613623E-0030
   1.16512609879646352844471837465535827E-0030
   1.16821306368292089521455985198782266E-0030
   1.16976246481651721943921882550901007E-0030
   1.17441657039683551876436562923185979E-0030
   1.18065060265957044292328855227514281E-0030
   1.17869889180532348633994173250414392E-0030
   1.18065026778390806038535134888571238E-0030
   1.18381872002334779875517263208533280E-0030
   1.18540901848824823384338354745672519E-0030
   1.19018604870000902111256989530871891E-0030
   1.19658486383345794494748611290162310E-0030
   1.19458154670907784258503698991507275E-0030
   1.19658451379436319113660087823157228E-0030
   1.19983697186348227557105158902284029E-0030
   1.20146943195450933683596796675354747E-0030
   1.20637318918630396909135799429562448E-0030
   1.21294188965365398956860796618415570E-0030
   1.21088536758096902313921486875234796E-0030
   1.21294152371767973521423333952811492E-0030
   1.21628056121044679399391051305995969E-0030
   1.21795647485291953611971369522331384E-0030
   1.22299084465679278972343756410219017E-0030
   1.22973464452436109919168624436824824E-0030
   1.22762328385559291900786429352226361E-0030
   1.22973426193284813256652256977091876E-0030
   1.23316250332270102343394118507509031E-0030
   1.23488318793513236965033275763508988E-0030
   1.24005213259650767017338224883547158E-0030
   1.24697634887041467918646605860293101E-0030
   1.24480848370681778405968003192352370E-0030
   1.24697594884102995539343302393493912E-0030
   1.25049606436605634051723719861612258E-0030
   1.25226286028127525828784291344864013E-0030
   1.25757041105925737046096747989563213E-0030
   1.26468045323067469505843225760400633E-0030
   1.26245438870338554522148580053979956E-0030
   1.26468003495945487728832568923402488E-0030
   1.26829473457665185134044209767272260E-0030
   1.27010900199424840106684939084635047E-0030
   1.27555924995055375877295278432330231E-0030
   1.28286060763921120346025501370843075E-0030
   1.28057462378695428514677430654969193E-0030
   1.28286017030316761997366291004908821E-0030
   1.28657219667137026248020364304534430E-0030
   1.28843531212116845692021821701581314E-0030
   1.29403239747640650926862397689801508E-0030
   1.30153062608961929128524240285732784E-0030
   1.29918298235926450736993388806800416E-0030
   1.30153016884995652933329167854719641E-0030
   1.30534228931953469117146093334144038E-0030
   1.30725564162513295760789308271629024E-0030
   1.31300374160924885775336709456558116E-0030
   1.32070444597157383298569378272203471E-0030
   1.31829338635566186628171600013373672E-0030
   1.32070396797756693112834673892210369E-0030
   1.32461896558904608808660394624429771E-0030
   1.32658395133259550382743437004849105E-0030
   1.33248726653279265845403909403273972E-0030
   1.34039608249063186781407026553309774E-0030
   1.33791984130053853129815909368440988E-0030
   1.34039558288419579219113602602488600E-0030
   1.34441624640789060052205273414483713E-0030
   1.34643426491237246914220450798617349E-0030
   1.35249700416726328608843086546876512E-0030
   1.36061957823398246472405094384582595E-0030
   1.35807638648816630617367117307384894E-0030
   1.36061905615495166987443840222727752E-0030
   1.36474816923953010085676852892446924E-0030
   1.36682061710285641345709866751015401E-0030
   1.37304698104597209559175562302668880E-0030
   1.38138894822643562057193971392856939E-0030
   1.37877704061019069931727248523058872E-0030
   1.38138840281855055873460512149492161E-0030
   1.38562873235776658142801611835075571E-0030
   1.38775699759385423781506228932764739E-0030
   1.39415116101236403376658785805320928E-0030
   1.40271812103037829499175298758616092E-0030
   1.40003574335695560655586466877581913E-0030
   1.40271755144794956043940134391776490E-0030
   1.40707183532064412848570550712958491E-0030
   1.40925729118572706990396529201777275E-0030
   1.41582338442983260324019974425582857E-0030
   1.42462087667589458801004236161061963E-0030
   1.42186629374937062322766087076877962E-0030
   1.42462028209108414701186398470127324E-0030
   1.42909121647836466397633422971296770E-0030
   1.43133521508540314277056547459431427E-0030
   1.43807730483796460407149604416998162E-0030
   1.44711078245466842076521394280656354E-0030
   1.44428228620355221737105861805023599E-0030
   1.44711016206529175627992551434491437E-0030
   1.45170038859826150182255796084297685E-0030
   1.45400425444722511637496316408461083E-0030
   1.46092632423825282112972721897155510E-0030
   1.47020112786200485213532788785167852E-0030
   1.46729704558076426748400426410002473E-0030
   1.47020048089971911350213552486439709E-0030
   1.47491257393823871112314821747410803E-0030
   1.47727759751376530208827663998008574E-0030
   1.48438352843591252415208908332976728E-0030
   1.49390486021009212681905666370353665E-0030
   1.49092356271547846455216286361351387E-0030
   1.49390418594879544891990393333643378E-0030
   1.49874064033290666323310868366342369E-0030
   1.50116807194155106761367480057079768E-0030
   1.50846162408518532204131882984780826E-0030
   1.51823452264415609994997450598300769E-0030
   1.51517443212673982874208962184427860E-0030
   1.51823382040838473653556967988967453E-0030
   1.52319704005519130625568306631412801E-0030
   1.52568808409014851556868849807184316E-0030
   1.53317287926384936494589406653254175E-0030
   1.54320219645102800580582768022811646E-0030
   1.54006179378231785487667338634481894E-0030
   1.54320146562410397355224173508840813E-0030
   1.54829375335997551426772570195118310E-0030
   1.55084956318972051677008417536111634E-0030
   1.55852906951791009172714058235592802E-0030
   1.56881944963600646067870272410526289E-0030
   1.56559728088055753035866585255642423E-0030
   1.56881868966766254970963290697520925E-0030
   1.57404223868483485395027451064367223E-0030
   1.57666391236166633942100959345767533E-0030
   1.58454143134979646721385984142636454E-0030
   1.59509729373961491265199708438562572E-0030
   1.59179197562206866538356581872402249E-0030
   1.59509650415280977326713045690435255E-0030
   1.60045339145786789859255145728914933E-0030
   1.60314196843139995461850100671891808E-0030
   1.61122062505624792141684476444828477E-0030
   1.62204615075607607394970370360905165E-0030
   1.61865637484700432949367245146516025E-0030
   1.62204533115271285755399852841690582E-0030
   1.62753751333048348309796435141740175E-0030
   1.63029397232890575790722221501798619E-0030
   1.63857670864467486350303430755523483E-0030
   1.64967583179204750136816037374614014E-0030
   1.64620036720481054910276753712042146E-0030
   1.64967498185732759113874220451552615E-0030
   1.65530429340759076074737135728898615E-0030
   1.65812955161612677920901029932372781E-0030
   1.66661912426654270709413536536525980E-0030
   1.67799552876850523011729292889224753E-0030
   1.67443322320193974460417424501306508E-0030
   1.67799464827368500739085728356637583E-0030
   1.68376280269213642939968902989010174E-0030
   1.68665771631473335935310837358126628E-0030
   1.69535669821066525208859296072076618E-0030
   1.70701382003228946834208102480974121E-0030
   1.70336359904943409394607008886154141E-0030
   1.70701290883566220591353315401195292E-0030
   1.71292150250912821958278990812776154E-0030
   1.71588686874823932015145747478867424E-0030
   1.72479765501626722744845600475591798E-0030
   1.73673869022915594042276590921656723E-0030
   1.73299955472755390412360790303048033E-0030
   1.73673774827515030687515616101617097E-0030
   1.74278826715045881902624402873904734E-0030
   1.74582482758400333972520316661556455E-0030
   1.75494964572335101046119975868911942E-0030
   1.76717756422910471891573874079981257E-0030
   1.76334858612944208750614290948662306E-0030
   1.76717659154547172738465622762572600E-0030
   1.77337042041921905508447931736250916E-0030
   1.77647886569726161732252757780780026E-0030
   1.78581978971217634226478169964937454E-0030
   1.79833735432589902291484023588987691E-0030
   1.79441767057793925607305861164254562E-0030
   1.79833635101904481147891651580538628E-0030
   1.80467478518991560447918982873970104E-0030
   1.80785576092040669939417057789269183E-0030
   1.81741472903477446515527010894789798E-0030
   1.83022451939738299241138288624457758E-0030
   1.82621332447009166627004147543396136E-0030
   1.83022348564598896910338157227905834E-0030
   1.83670774458006110178174252346370095E-0030
   1.83996185822704297468398499037074772E-0030
   1.84974069364959227606184432953798092E-0030
   1.86284513425091971298791691472371737E-0030
   1.85874167133232589237801384999767260E-0030
   1.86284407029806763267759760179352660E-0030
   1.86947531288717436144258607639018349E-0030
   1.87280314146946086964356281178614891E-0030
   1.88280357557121458635417862582091059E-0030
   1.89620496702200353014378844507346440E-0030
   1.89200851819952521697723517126471449E-0030
   1.89620387316608501919153983293261753E-0030
   1.90298321411431897786038067759112287E-0030
   1.90638531247007102099688645239943817E-0030
   1.91660900966758879223195513165615774E-0030
   1.93030956226668230080356597946376901E-0030
   1.92601943798745529627305157914344395E-0030
   1.93030843885141568897467815214221300E-0030
   1.93723705165547413309184076339601652E-0030
   1.94071400431829455620586608476972982E-0030
   1.95116271822969356576269532272603898E-0030
   1.96516476234742277627750777990658682E-0030
   1.96078023539502418388946561194774156E-0030
   1.96516360970793735601666636858980450E-0030
   1.97224357832609797795393908624792747E-0030
   1.97579642846208175809546404877929522E-0030
   1.98647329303734270206399364899452094E-0030
   2.00078101823082926952772421600365734E-0030
   1.99630077799826044399825093189007097E-0030
   2.00077983626026416040358445803306383E-0030
   2.00801226893048813629088856501114005E-0030
   2.01164156829736560068859746463067608E-0030
   2.02254823815636027754394319444395067E-0030
   2.03716384109293546288450615100052341E-0030
   2.03258720237093735597732082999851340E-0030
   2.03716263019979366743370519570879141E-0030
   2.04454867115949849142439991858729222E-0030
   2.04825498973630349770152912238930155E-0030
   2.05939317419059461509764006048741274E-0030
   2.07431892519967709798890333483786539E-0030
   2.06964517966839497683259241036911380E-0030
   2.07431768579038040464964981982537609E-0030
   2.08185851527183551382853424797473289E-0030
   2.08564244125376998549838204133431042E-0030
   2.09701390430188151558425091736744052E-0030
   2.11225214738134923897428280097966301E-0030
   2.10748056360640931582472768256760177E-0030
   2.11225087985848537030344721936616097E-0030
   2.11994772855537975179178467166145852E-0030
   2.12380987563546118680462165104438188E-0030
   2.13541645789160636938161019564320682E-0030
   2.15096964025235200221878796210315547E-0030
   2.14609945441268775978774227353180124E-0030
   2.15096834500572001786835158384184408E-0030
   2.15882250695157252686881015327243911E-0030
   2.16276352080010492446363082066802966E-0030
   2.17460715900750290114961828148417112E-0030
   2.19047785735540955216027216748539973E-0030
   2.18550826499602766620290715456393522E-0030
   2.19047653475412912143645983130857426E-0030
   2.19848937874259713160560448235280156E-0030
   2.20250994275030325340678829761120173E-0030
   2.21459268707699556945422907215638641E-0030
   2.23078363089946073083507156936684623E-0030
   2.22571377962526318821382643131541158E-0030
   2.23078228128510834473254368577206609E-0030
   2.23895526078703256831299522164700133E-0030
   2.24305610104945560038324467321646704E-0030
   2.25538013009903351573178578894188124E-0030
   2.27189422186576593758832876545805381E-0030
   2.26672320500466669599021824041602603E-0030
   2.27189284554657429524283245619657544E-0030
   2.28022750713888368797067939971957649E-0030
   2.28440939669003796499697986136486290E-0030
   2.29697703025119189716403903490682173E-0030
   2.31381736256244664725450410461419829E-0030
   2.30854421378725952595075239721822449E-0030
   2.31381595980855789149367179268410141E-0030
   2.32231395017616108671726677376182658E-0030
   2.32657771250257147113268800261510312E-0030
   2.33939142213115687210136718256853515E-0030
   2.35656129194068344713115778942207300E-0030
   2.35118498080971030214086434709725431E-0030
   2.35655986298041149648087034789736497E-0030
   2.36522293458710240992508317903466435E-0030
   2.36956944647092670765738438619866426E-0030
   2.38263186405113976190988025665990854E-0030
   2.40013478416241519487581114428430547E-0030
   2.39465421251628346552792134950469760E-0030
   2.40013332917944569876023536702013706E-0030
   2.40896334472804678428874279980696418E-0030
   2.41339353848012860814431239358827694E-0030
   2.42670746294801161688907852607959714E-0030
   2.44454717103164948922484724064911523E-0030
   2.43896117016847271666565677879130005E-0030
   2.44454569016308763488775602269410541E-0030
   2.45354462597960127001960357079427692E-0030
   2.45805949113058794301112507979815384E-0030
   2.47162789356505154444991602255609357E-0030
   2.48980835897480489127462254210410147E-0030
   2.48411568751648113477633260004512909E-0030
   2.48980685230997058136231746356351536E-0030
   2.49897680079283261289051910744573160E-0030
   2.50357738531363529630132597356478445E-0030
   2.51740341260966492966209179052528280E-0030
   2.53592884128711539189137331201274745E-0030
   2.53012818364561260086785861200274105E-0030
   2.53592730886698104076808962032986186E-0030
   2.54527048014219422440358890005820144E-0030
   2.54995789126486579907456417283983733E-0030
   2.56404486860298376745823735259651341E-0030
   2.58291970636009058266756549050218823E-0030
   2.57700967171287046793735815545363577E-0030
   2.58291814817725766200137857428463703E-0030
   2.59243687109480926015323509348022942E-0030
   2.59721227580216879901937013450781958E-0030
   2.61156370811995848184442106953472939E-0030
   2.63079264257738266247575360811223891E-0030
   2.62477176426466306513361509772965658E-0030
   2.63079105857649787947046817636451655E-0030
   2.64048778117449958534383483363473736E-0030
   2.64535240642227960878004699993672180E-0030
   2.65997197908007137595875482544482428E-0030
   2.67955994052060046256601009747717371E-0030
   2.67342667578300567560561548749848463E-0030
   2.67955833059911989566796825431223379E-0030
   2.68943562015082865760528640363185474E-0030
   2.69439075288040787988159252645012227E-0030
   2.70928233169602066544437616842766932E-0030
   2.72923449306912223188152171426231877E-0030
   2.72298722305159677324267450694951780E-0030
   2.72923285707834085539341679974636651E-0030
   2.73929339982468548863658342699209100E-0030
   2.74434038681812942563865147973695331E-0030
   2.75950801762646657100697964701944993E-0030
   2.77982979391416573736872005750230387E-0030
   2.77346682387014767588749638021751918E-0030
   2.77982813166043970001679643414972459E-0030
   2.79007473231772631567062449213593795E-0030
   2.79521497994031198769789643218349164E-0030
   2.81066288781389352883908922420915275E-0030
   2.83135993494151268259043422223847052E-0030
   2.82487949457974031594105355241027654E-0030
   2.83135824618761181469556480232211896E-0030
   2.84179382730733681423249222443704052E-0030
   2.84702880117630078075343539419359404E-0030
   2.86276138942342579762596932914804966E-0030
   2.88383960287252306385127890356534134E-0030
   2.87723984679708183684406882443963065E-0030
   2.88383788733906089625545554786461134E-0030
   2.89446548858466342253829094671096498E-0030
   2.89979671319680566506165380907306521E-0030
   2.91581856223564400587951972560091272E-0030
   2.93728407549163853548788703364671632E-0030
   2.93056308369366179689769942703962622E-0030
   2.93728233285853629540059430640493444E-0030
   2.94810511025275897091671282579961480E-0030
   2.95353416859790243589853288714485660E-0030
   2.96985003478784825403639299836518981E-0030
   2.99170921773190803184400296590095953E-0030
   2.98486499609854269721788212459820390E-0030
   2.99170744763985743499376975204361693E-0030
   3.00272867282631523149537423439124457E-0030
   3.00825720600854234960626034326340270E-0030
   3.02487202050486416192206553792634908E-0030
   3.04713147783898028771505968185969708E-0030
   3.04016195865171499843660761658135516E-0030
   3.04712967989087737051258976310103658E-0030
   3.05835273944452734819996431301084246E-0030
   3.06398244632862417992523138511712527E-0030
   3.08090131401291895889877100883940031E-0030
   3.10356788378883442847633917191371421E-0030
   3.09647092618902111279839063212617787E-0030
   3.10356605755116312847466987218542386E-0030
   3.11499445236461867967297005588680651E-0030
   3.12072708926125204780207963048593318E-0030
   3.13795528778844689184738652038565837E-0030
   3.16103604009523648004571866579682082E-0030
   3.15380943049962006671559328922823250E-0030
   3.16103418509938620133368367561360991E-0030
   3.17267152986537914149978018436343121E-0030
   3.17850891026518697019800669398704882E-0030
   3.19605188925775521673134186960791045E-0030
   3.21955412510926236171232640452674306E-0030
   3.21219557756260052386042797161449841E-0030
   3.21955224085276841084212653486390623E-0030
   3.23140226365744869825655677240901756E-0030
   3.23734625802139705012477297786905531E-0030
   3.25520963843294062170219574612838286E-0030
   3.27914088888479652590429607667995717E-0030
   3.27164804534025548715616830882807476E-0030
   3.27913897483249615228089742755162141E-0030
   3.29120551686957504767933920372444758E-0030
   3.29725805248057777182817117299274570E-0030
   3.31544762614382570518295814464747741E-0030
   3.33981565166020406083183516128857752E-0030
   3.33218608218122095940349499564066264E-0030
   3.33981370724530397114033743951135220E-0030
   3.35210072265718573492730950730881676E-0030
   3.35826378353604037403465234793394406E-0030
   3.37678551290446271707704276997898836E-0030
   3.40159830298684097222178536388953552E-0030
   3.39382950586661709539904663949686429E-0030
   3.40159632761189470307610626601404357E-0030
   3.41410788346079918634016770382544625E-0030
   3.42038351034791258344404365708844037E-0030
   3.43924352843538874031140876329606937E-0030
   3.46450930151917658761050156038202779E-0030
   3.45659870331597719671488583842764369E-0030
   3.46450729455697210271843256156731320E-0030
   3.47724757092652373775995296817409635E-0030
   3.48363786132963103913994545791093811E-0030
   3.50284247184878678068851308237257598E-0030
   3.52856967546853440713160561105395836E-0030
   3.52051463095658592868254384084115740E-0030
   3.52856763626289381831419064297253634E-0030
   3.54154092648864779804777182103316860E-0030
   3.54804803479572190467335924291760017E-0030
   3.56760371249251697034803079441046203E-0030
   3.59380102371233669588963583896600486E-0030
   3.58559881574939136419170787920237876E-0030
   3.59379895157883116660320204944027338E-0030
   3.60700966260463916487275311010299679E-0030
   3.61363580026040079355518897840445312E-0030
   3.63354919144017871109412747491064557E-0030
   3.66022551754282753034082802309962096E-0030
   3.65187335685646456738868110953087601E-0030
   3.66022341176941127330483937675227057E-0030
   3.67367606462532128280916710692517420E-0030
   3.68042350036915449584134768680886660E-0030
   3.70070142360754297430603094631688697E-0030
   3.72786590303316490756647918003514866E-0030
   3.71936092792866480483217826962153634E-0030
   3.72786376288073279312863482122577649E-0030
   3.74156299327720445684995410466793290E-0030
   3.74843405343982546454085957194622494E-0030
   3.76908350047049903708360285740794777E-0030
   3.79674550399417946926410357615283705E-0030
   3.78808477998738649636075150148092564E-0030
   3.79674332869705316837688283902660236E-0030
   3.81069388772959385134476617886556368E-0030
   3.81769095658548308664167520880331942E-0030
   3.83871909335578223641899654973693861E-0030
   3.86688822549170365008862486733125704E-0030
   3.85806874487071839590881391462408536E-0030
   3.86688601425805148792336829644100015E-0030
   3.88109276921589091284169835280605527E-0030
   3.88821828938825543808274576108644560E-0030
   3.90963245727292478163659700558533529E-0030
   3.93831855789193534379325386536889181E-0030
   3.92933723921178502883109558098968313E-0030
   3.93831630990413117247032286003152828E-0030
   3.95278424517621287653054359288373514E-0030
   3.96004071809107752324198058865571275E-0030
   3.98184843525387773683905078677201395E-0030
   4.01106158140060740884001258003409468E-0030
   4.00191526891525316646933005439077922E-0030
   4.01105929581553384979724807878644618E-0030
   4.02579351388687544032820629619243279E-0030
   4.03318350027278928821475337549574591E-0030
   4.05539246316540088152818917504598567E-0030
   4.08514297106061332871908219106739202E-0030
   4.07582843409679285511564914867911846E-0030
   4.08514064700991471104807820871889551E-0030
   4.10014636954124803190131031827629925E-0030
   4.10767248997102386610518655712774241E-0030
   4.13029057495845334995839500357142453E-0030
   4.16058900217204891482033476904499032E-0030
   4.15110293444953773216873415235303115E-0030
   4.16058663876233916467329503128981819E-0030
   4.17586920774586280777192309466474271E-0030
   4.18353414321672936226643697871697742E-0030
   4.20656940831831460287373775107155299E-0030
   4.23742655609825249807920520385291024E-0030
   4.22776557500117246612792631849506273E-0030
   4.23742415241128313152695447695066163E-0030
   4.25298903139532453611116687945129262E-0030
   4.26079552394385522461306181501288194E-0030
   4.28425621067891847612378664342734358E-0030
   4.31568312642126695050525129671508460E-0030
   4.30584377222508858722237636137242810E-0030
   4.31568068151406020020982840580628560E-0030
   4.33153345688943784321921366912713085E-0030
   4.33948431023761773621788680328668085E-0030
   4.36337884556480922005612710607338548E-0030
   4.39538682541013007170502439571332721E-0030
   4.38536556046901533227607673038665793E-0030
   4.39538433831508204596347355177448979E-0030
   4.41153072065596805229729285867633474E-0030
   4.41962880088476710323986838996204975E-0030
   4.44396579922416105376285395797105557E-0030
   4.47656639076546527087205859445756802E-0030
   4.46635959866458729084821287511859778E-0030
   4.47656386049042390924573480672410990E-0030
   4.49300968594252489718502449238768297E-0030
   4.50125792218935537969080818508901090E-0030
   4.52604618751639072728352899598107368E-0030
   4.55925119260394709681670693761495531E-0030
   4.54885517728140871778353249162954697E-0030
   4.55924861813226955492583569846529633E-0030
   4.57599984984116090862959470765024376E-0030
   4.58440123501760679758214639349025088E-0030
   4.60964976301799435857760991788056720E-0030
   4.64347124064631678622619475857904960E-0030
   4.63288222548927540905675901794879361E-0030
   4.64346862093691075761110979312606506E-0030
   4.66053135050937242861788824371392449E-0030
   4.66908894203558585726343449344589510E-0030
   4.69480692231032646602335807757032594E-0030
   4.72925719157269965986412497733502583E-0030
   4.71847131849229488205785768284289105E-0030
   4.72925452556005302735992396262782954E-0030
   4.74663497455125886618820081036457111E-0030
   4.75535189510342154094394657535688621E-0030
   4.78154871341308813203456547926333487E-0030
   4.81664035650900600248305416274488569E-0030
   4.80565368499868148035310789245970141E-0030
   4.81663764310320910742195274720115895E-0030
   4.83434216452261468683823472716363864E-0030
   4.84322160278985927966067119808244037E-0030
   4.86990684332728761000925471603853100E-0030
   4.90565270860817035305990524985460172E-0030
   4.89446121478998360004242419638873623E-0030
   4.90564994669493507845637224405579512E-0030
   4.92368502652368922084341614992942352E-0030
   4.93273023797086640268970347195935599E-0030
   4.95991368565137123545446954992410345E-0030
   4.99632689068989203903178510442341941E-0030
   4.98492646635341654063798924256455861E-0030
   4.99632407913057182315655741547202747E-0030
   5.01469633784324411997296600442887301E-0030
   5.02391064547590482139127060625091294E-0030
   5.05160228823409029211160159605211616E-0030
   5.08869622290238004164558942208173729E-0030
   5.07708267454082341327783450532159560E-0030
   5.08869336053399487076735990375642985E-0030
   5.10740955461736552324084533122586625E-0030
   5.11679634974530528748401030918300764E-0030
   5.14500638082747007403401570814164778E-0030
   5.18279471036937867364306801141976881E-0030
   5.17096375821756849978617348406792515E-0030
   5.18279179600464904656444445515222912E-0030
   5.20185881946624887437780132573611178E-0030
   5.21142156246193206837816840736584190E-0030
   5.24016038270298268397319797502632138E-0030
   5.27865705078545974705260673174290316E-0030
   5.26660432786438487330791363386282892E-0030
   5.27865408321285355851911978216504920E-0030
   5.29807896907187279844231012514798729E-0030
   5.30782119012001986984471202933603065E-0030
   5.33709941019370161032257474408543675E-0030
   5.37631864192222098841175795088466228E-0030
   5.36403969309485923396124646320473996E-0030
   5.37631561990601724202573550596595510E-0030
   5.39610554165912276939725612093810525E-0030
   5.40603084149370418157942374963142808E-0030
   5.43585928412484048488236881518821187E-0030
   5.47581558900763443817632853260955201E-0030
   5.46330587005084731221126936060613140E-0030
   5.47581251128800767096198927456259297E-0030
   5.49597478434252235113305201396720212E-0030
   5.50608683496735972070445523946611803E-0030
   5.53647653709466123831730187188870874E-0030
   5.57718471194035681464273229910607283E-0030
   5.56443958863768603085944416034036858E-0030
   5.57718157723348609285822698241417226E-0030
   5.59772366030029310447073016249781790E-0030
   5.60802620568942241706371558161438071E-0030
   5.63898842056728999629880329525444504E-0030
   5.68046355230035649309107942367699826E-0030
   5.66747829956061458791572854115719262E-0030
   5.68046035929856282063407051085917014E-0030
   5.70138985573700498685399508753892623E-0030
   5.71188671251091009068156414977273433E-0030
   5.74343291173851568165423158925001996E-0030
   5.78569038011674407305447535688657335E-0030
   5.77246018112335031220531595795742797E-0030
   5.78568712748866003775261551074586711E-0030
   5.80701178659561245513164995473755139E-0030
   5.81770684466939084156143117334567320E-0030
   5.84984872013518163271025017927211164E-0030
   5.89290420035323070741082326714260202E-0030
   5.87942414574930177805716706657764171E-0030
   5.89290088674400617452456154863810006E-0030
   5.91462860497921329239325454661403830E-0030
   5.92552582817869225927217895865865554E-0030
   5.95827529390833150300876343671162653E-0030
   6.00214475907119845533781521370618209E-0030
   5.98840984618545890205935104600679970E-0030
   6.00214138310274609937365793199168208E-0030
   6.02428020524243517319016700681151929E-0030
   6.03538363188421649317023923235470089E-0030
   6.06875282577985451827939373825625891E-0030
   6.11345254922996662681622530863199286E-0030
   6.09945768134859447524181349930403987E-0030
   6.11344910950125107002557932726012899E-0030
   6.13600722971196682302964294090001090E-0030
   6.14732097314334413960985201481847707E-0030
   6.18132225860201138566691639301464785E-0030
   6.22686881608349886875965563569625096E-0030
   6.21260880177306466946879636530542592E-0030
   6.22686531117087316482003965787483882E-0030
   6.24985107399542744245612965959892952E-0030
   6.26137932309009475659337557111550424E-0030
   6.29602529048893122790271133040295142E-0030
   6.34243556213253737068128664141031602E-0030
   6.32790511461922747976026267329454371E-0030
   6.34243199059013053253193580953068899E-0030
   6.36585389183753015724186128267516411E-0030
   6.37760091144298418216467039448176165E-0030
   6.41290437947897323504928993382776049E-0030
   6.46019555159099551584075677127504764E-0030
   6.44538928820132995718035955092240920E-0030
   6.46019191195115473474426592760426659E-0030
   6.48405859948236486153619061675728628E-0030
   6.49602873081490082857543930329284064E-0030
   6.53200274768676604782562919851963763E-0030
   6.58019231432540984836746477334868014E-0030
   6.56510475599366887759975483688052246E-0030
   6.58018860509920098439272840445981353E-0030
   6.60450887950062538085980126044457368E-0030
   6.61670654048383777628408613830202007E-0030
   6.65336438490379799928003744112143446E-0030
   6.70247014922637353184583898519856177E-0030
   6.68709572007393159921292605367597008E-0030
   6.70246636890414337098648369381681851E-0030
   6.72724918404076109571395239202767778E-0030
   6.73967886958348976284937376228741644E-0030
   6.77703405160665499117774407939455585E-0030
   6.82707412697116630174974634006685969E-0030
   6.81140715396289498369681126007821054E-0030
   6.82707027402316996939979736616471394E-0030
   6.85232473746336570913624243398112761E-0030
   6.86499101967307668907204181082395385E-0030
   6.90305728133241550253376380744297993E-0030
   6.95405009213728969770589272735904308E-0030
   6.93808480482012860356988273155535530E-0030
   6.95404616501438648893055219929499161E-0030
   6.97978153831865366110834791991654877E-0030
   6.99268906664631524950670445676266168E-0030
   7.03148038238133897197221771028038214E-0030
   7.08344466462733302610519802144807738E-0030
   7.06717519495603690560819345564329504E-0030
   7.08344066176175375753807046249703934E-0030
   7.10966636062764075347157629361414682E-0030
   7.12281986194025122396091199416315623E-0030
   7.16235043880784962469467948661035972E-0030
   7.21530524036656223020792648372315845E-0030
   7.19872562262151006331713181956848098E-0030
   7.21530116017275103350453688840914244E-0030
   7.24202675442866657304079463120825368E-0030
   7.25543103300571333248044476556391922E-0030
   7.29571531066194852634766109665728772E-0030
   7.34967999123586549702573913042229421E-0030
   7.33278416203766008690422638615222432E-0030
   7.34967583211139875691630238701439224E-0030
   7.37691104555219705620493941999805234E-0030
   7.39057098300248007913039840028965001E-0030
   7.43162363344460681639068738768769683E-0030
   7.48661786420423039028565368308645104E-0030
   7.46939966262962181020451886980274777E-0030
   7.48661362453081527883053392937815264E-0030
   7.51436833458845029429423631029674854E-0030
   7.52828888968388790151950125784086373E-0030
   7.57012481674242674267912062300845304E-0030
   7.62616857962679137508156394822668047E-0030
   7.60862174743022152166917205174614099E-0030
   7.62616425777134614531779602963198767E-0030
   7.65444849501432104297592227357577774E-0030
   7.66863470343757571020218294534430066E-0030
   7.71126904200892748934295795680578505E-0030
   7.76838262867669658480159820122407105E-0030
   7.75050081062148217196027977901667738E-0030
   7.76837822299251445935933999652125877E-0030
   7.79720217044836172801745505757343399E-0030
   7.81165914445137968300429058353295878E-0030
   7.85510725946224134007723131648829536E-0030
   7.91331126988161916410806629003874450E-0030
   7.89508801418446414240111922760522991E-0030
   7.91330677870961728568390989302529662E-0030
   7.94268077100523029092095391453930860E-0030
   7.95741369897608306359636904748445108E-0030
   8.00169118407181203373337126883033638E-0030
   8.06100652473870040784337430202703277E-0030
   8.04243528363085361482627728657733533E-0030
   8.06100194640875490705653032980217382E-0030
   8.09093646872405605319752035603447555E-0030
   8.10595061465980633920601668644401262E-0030
   8.15107329060988760896932757803021096E-0030
   8.21152117238507384376948935307777735E-0030
   8.19259530279302182352131177678103197E-0030
   8.21151650521744162487223686791888934E-0030
   8.24202219204861846285703513135261964E-0030
   8.25732289493230806731602955406815186E-0030
   8.30330680774720901440245162442603374E-0030
   8.36490874330489563705963400601142345E-0030
   8.34562150765300220279197410702000736E-0030
   8.36490398561172298241662641843151328E-0030
   8.39599161934109290780701872965224240E-0030
   8.41158429242136783078976936998772075E-0030
   8.45844571117632309210677881421035171E-0030
   8.52122351205800402939837925049128667E-0030
   8.50156807919497641651873858275719900E-0030
   8.52121866214492157968194566716398478E-0030
   8.55289917141539915169773858745429834E-0030
   8.56878930138774654180718529277792143E-0030
   8.61654471575039984881630908923322990E-0030
   8.68052048901995378703948622905007308E-0030
   8.66048993527042954242242596339865354E-0030
   8.68051554518775686620458941953254027E-0030
   8.71280000308089510669909423008104072E-0030
   8.72899314916996878003296533235873366E-0030
   8.77765926663031075978412637382633515E-0030
   8.84285541112822015268393076138149341E-0030
   8.82244272147012931200602501695484089E-0030
   8.84285037167463277623102940232562992E-0030
   8.87574999369228965542827439234031920E-0030
   8.89225178663534444440399232661836359E-0030
   8.94184552943802266417009273330426753E-0030
   9.00828473163483341153883130807606701E-0030
   8.98748280100249793676654104855769361E-0030
   9.00827959485635364544759614270154866E-0030
   9.04180573670719441388924976895847635E-0030
   9.05862187763923331167531156692552947E-0030
   9.10916037942006893298057026789528053E-0030
   9.17686560887157516207375060928770398E-0030
   9.15566724358376391109575553954406465E-0030
   9.17686037306539879116748201039123534E-0030
   9.21102452825868077602012239560891302E-0030
   9.22816078750054112244159761023189454E-0030
   9.27966138963096073328608307490193986E-0030
   9.34865589404012505451894122831412598E-0030
   9.32705381335148972139735872423934011E-0030
   9.34865055750614377632165686019724290E-0030
   9.38346435475653638880032180432439280E-0030
   9.40092657050779901722706071552819279E-0030
   9.45340681815287092759530868538007950E-0030
   9.52371411804616006314022358785174057E-0030
   9.50170095581963962311772206233034411E-0030
   9.52370867908902965175042142465189022E-0030
   9.55918387953759259422662248939907574E-0030
   9.57697795647688788025133140433473710E-0030
   9.63045559437473021231295811208087710E-0030
   9.70209947740334662643845007072410480E-0030
   9.67966778390024873329586670369555531E-0030
   9.70209393433461971592546326104653194E-0030
   9.73824242859248775138868546674217613E-0030
   9.75637433638849035444538325443837102E-0030
   9.81086730436098001706480956667068538E-0030
   9.88387181924038374851002867185096055E-0030
   9.86101406302393702776988293455099479E-0030
   9.88386617038070107384778211223083870E-0030
   9.92069997540349469312240484861217244E-0030
   9.93917574714063966336554845876774037E-0030
   9.99470217534758230968597854265429109E-0030
   1.00690916254517041156966401573415842E-0029
   1.00458001953989314991826193644362373E-0029
   1.00690858691330372287846465185567476E-0029
   1.01066171249355229010189803871362986E-0029
   1.01254428554592335835614035707735186E-0029
   1.01820210594104363724333277994370766E-0029
   1.02578199960400585420674286404248958E-0029
   1.02340872034558565462495903286472550E-0029
   1.02578141306079961999341853098008537E-0029
   1.02960550968300454199878383133566529E-0029
   1.03152369410170320840556598104066666E-0029
   1.03728854163590349901461759594197768E-0029
   1.04501186317069348016635457212535776E-0029
   1.04259367125332648043719041522736470E-0029
   1.04501126555230044126413358778840589E-0029
   1.04890757078594317285400989505262571E-0029
   1.05086198788193911555711239848543453E-0029
   1.05673572959159348238892735449123129E-0029
   1.06460498157545154092788696420663544E-0029
   1.06214109328666306358259542807900194E-0029
   1.06460437271985301317247880270688664E-0029
   1.06857413537069115045786953161789186E-0029
   1.07056541209227242092323794444333345E-0029
   1.07654993192503397961986593970231487E-0029
   1.08456763953705829322209230666662529E-0029
   1.08205726409512388203534187882440829E-0029
   1.08456701928430042600030283611203393E-0029
   1.08861149901450710082221526990518687E-0029
   1.09064026775593455392478643710169739E-0029
   1.09673746599417181126521510546209253E-0029
   1.10490617623753474226545631103908663E-0029
   1.10234851603569845239159141343879263E-0029
   1.10490554442996523739484427531534770E-0029
   1.10902601136933042457992936870257864E-0029
   1.11109290977498478806528962498027813E-0029
   1.11730470244568019332803912057442290E-0029
   1.12562698335165056161716942885282488E-0029
   1.12302123420804649966398627793723114E-0029
   1.12562633983415469792767151926913372E-0029
   1.12982407418419113225346617885125222E-0029
   1.13192974494914037252978234785329929E-0029
   1.13825806322304579576476232219066856E-0029
   1.14673650304058480267481824632326236E-0029
   1.14408185445267916340752323585727905E-0029
   1.14673584766081955210626487383137018E-0029
   1.15101213929374589523210023881034913E-0029
   1.15315722996172603708490210403643473E-0029
   1.15960401954476700870717563396772187E-0029
   1.16824122591973110412454240808421687E-0029
   1.16553686132201860036632326746911254E-0029
   1.16824055852835607353422693372898966E-0029
   1.17259670658304946664640569571971915E-0029
   1.17478186934291226755608760287482281E-0029
   1.18134908986301408134609831995474093E-0029
   1.19014768901124227275396530550451848E-0029
   1.18739278603485422148087961618039441E-0029
   1.19014700946214616318638782494603628E-0029
   1.19458432193926341905388748115797940E-0029
   1.19681021342099831154519231776149664E-0029
   1.20349983781366957998051358743908985E-0029
   1.21246247369245154918569454410531701E-0029
   1.20965620442526420064007948124556821E-0029
   1.21246178184297279223074742981472298E-0029
   1.21698157520153229532359168046242656E-0029
   1.21924885627301682242135896508722284E-0029
   1.22606287016916685601587181211060516E-0029
   1.23519220365177783393102321155957352E-0029
   1.23233373489755004980987408455802014E-0029
   1.23519149936291804406889235324577419E-0029
   1.23979509812071106810874939508673523E-0029
   1.24210443368638270395865254577728634E-0029
   1.24904483480596532394245026998629708E-0029
   1.25834354286411014416918810676235132E-0029
   1.25543203639913044862419560728117135E-0029
   1.25834282600073901766149638132301215E-0029
   1.26303156234099799045611551646564223E-0029
   1.26538362114366993026928936965958590E-0029
   1.27245241869883551707294817853359737E-0029
   1.28192319359796425394357051588914447E-0029
   1.27895780642364965569658381180687186E-0029
   1.28192246402901454969162903127371344E-0029
   1.28669767741580519487355060861292948E-0029
   1.28909313184286860826334948761839862E-0029
   1.29629234595436590684876964929314779E-0029
   1.30593789446690372615305686445415561E-0029
   1.30291777905676757020051083476971841E-0029
   1.30593715206555498271371222389009177E-0029
   1.31080018887037801912577312620749927E-0029
   1.31323971476564276886412360523065620E-0029
   1.32057137589624035101075980320375153E-0029
   1.33039441853781214689229774599174061E-0029
   1.32731872307720638956237685099730894E-0029
   1.33039366318166182296304135066037909E-0029
   1.33534587632374680126725649647565993E-0029
   1.33783015280617112805540040203529793E-0029
   1.34529630121486362385693378488917945E-0029
   1.35529957150858722016688424142595077E-0029
   1.35216744012562670478918844361743398E-0029
   1.35529880307980799366415838589469382E-0029
   1.36034155168255623469558222760372352E-0029
   1.36287126097310306322157331972166381E-0029
   1.37047394619382831405477130821997256E-0029
   1.38066018996769711813978422616382558E-0029
   1.37747076295379008539474669807027695E-0029
   1.38065940835317914148427799336164762E-0029
   1.38579405741916405900423321894021341E-0029
   1.38836988467699711172430873665685665E-0029
   1.39611116502551642528268544285651208E-0029
   1.40648313974779230674391925452239039E-0029
   1.40323555376623285829119254353343063E-0029
   1.40648234483926929297388659444232651E-0029
   1.41171026494613049150603381547673132E-0029
   1.41433289811532723100173917439825486E-0029
   1.42221484022781171791033411083658241E-0029
   1.43277531438520125320590222075350936E-0029
   1.42946870266632589042689034178972329E-0029
   1.43277450607935935861561557158705917E-0029
   1.43809707309883209164275593520986423E-0029
   1.44076720276674279852400907094201393E-0029
   1.44879188117346478968801087573047717E-0029
   1.45954363369665747545020308083539660E-0029
   1.45617712621812896514490268501141161E-0029
   1.45954281189522604884989245783090749E-0029
   1.46496140673743031472548402007612351E-0029
   1.46767972600575355210480933867203896E-0029
   1.47584922274310396077318081238882367E-0029
   1.48679504248401040077345019919042012E-0029
   1.48336776613486781005601267095373910E-0029
   1.48679420709383378630812148682027247E-0029
   1.49231021547880870517084636527672413E-0029
   1.49507741984838361454144906148353837E-0029
   1.50339382411222560272924063338933131E-0029
   1.51453650937696942718952797895267729E-0029
   1.51104758810417246293632026759247680E-0029
   1.51453566031005913562198284062211536E-0029
   1.52015047256836937918799189083153519E-0029
   1.52296725983860524414564728440607794E-0029
   1.53143266768173333372810021878701087E-0029
   1.54277502582312495137473928052077327E-0029
   1.53922358075942303252551786937516076E-0029
   1.54277416299669165250127127150253509E-0029
   1.54848917390075535653579650759906303E-0029
   1.55135624408452954977545566142861094E-0029
   1.55997275816073406684287539323837058E-0029
   1.57151760523359090227600006063107256E-0029
   1.56790275480566154804781083574480026E-0029
   1.57151672857005583700537602658182223E-0029
   1.57733333719764959161906757991313145E-0029
   1.58025139245240738332074132077360112E-0029
   1.58902112180934984429709711255622863E-0029
   1.60077128229163053258377002650189066E-0029
   1.59709214230755639182513823723289298E-0029
   1.60077039171861609534938982947793209E-0029
   1.60669000134980443738750236947664580E-0029
   1.60965974592548927584331815953359987E-0029
   1.61858480584827829060807504791646522E-0029
   1.63054311243057181039552368729271189E-0029
   1.62679879614585959744369963241243347E-0029
   1.63054220788087120907247534546735407E-0029
   1.63656622592938819312489945805580479E-0029
   1.63958836613372031109412394386465866E-0029
   1.64867087804074383014983600575200761E-0029
   1.66084017148620420727369303981345495E-0029
   1.65702978964769023558789798486826721E-0029
   1.66083925289773026649703383377524938E-0029
   1.66696909087761169794315590501113571E-0029
   1.67004433505911752649911043393805831E-0029
   1.67928642645133964122384819196663706E-0029
   1.69166955552768783848146553591321602E-0029
   1.68779221639482212418138198291295488E-0029
   1.69166862284340117116087323160904197E-0029
   1.69790569637143098831097055878898794E-0029
   1.70103475492050740688667780724353679E-0029
   1.71043855938508104351502238275123517E-0029
   1.72303838086981420358383091286198145E-0029
   1.71909319021296628876756062013945377E-0029
   1.72303743403763113224554427337551039E-0029
   1.72938316287192695922076572998373542E-0029
   1.73256674824010425436112612297573236E-0029
   1.74213440550878913650910126544126334E-0029
   1.75495378426824907028509505132186164E-0029
   1.75093984534383202971486253266334920E-0029
   1.75495282324092983262156878891224516E-0029
   1.76140863135575414709898011551879407E-0029
   1.76464745809320133459656755379855896E-0029
   1.77438111415571447112122388188889329E-0029
   1.78742292329817885585536713188790374E-0029
   1.78333933680054130482233697573010086E-0029
   1.78742194803319677534637005904802982E-0029
   1.79398926372984409544370358577000641E-0029
   1.79728404854104131701675482451947430E-0029
   1.80718585581310902661363354342880128E-0029
   1.82045297691558562978954425058892184E-0029
   1.81629884090577323946782118025327090E-0029
   1.82045198737497807068175288085858580E-0029
   1.82713224342835826441309391837351540E-0029
   1.83048370524574491453577587571516737E-0029
   1.84055582279127588602627888287654141E-0029
   1.85405114619920881860510111089714896E-0029
   1.84982555601084480923026310891627942E-0029
   1.85405014234941087296622314560966088E-0029
   1.86084514581794112979889432679829331E-0029
   1.86425419196813763150169167807758239E-0029
   1.87449934592281866417271086470526677E-0029
   1.88822652539896308322668955785840909E-0029
   1.88392833686276164364117016926185749E-0029
   1.88822550704239764306290231439186379E-0029
   1.89513680995589784474911849717566960E-0029
   1.89860421935071420478241894116315484E-0029
   1.90902474919790466766241788832453061E-0029
   1.92298691760586993707303203252641392E-0029
   1.91861515001948658388804858705340960E-0029
   1.92298588467045089101487169324054691E-0029
   1.93001495843440904103254835875393687E-0029
   1.93354146937156410133994952769684166E-0029
   1.94413959226888089915140228177305092E-0029
   1.95833971755073923984010817139478649E-0029
   1.95389344198291789327789719224896944E-0029
   1.95833867000806029653237762075222024E-0029
   1.96548699298545842278106350112867184E-0029
   1.96907334724005493802824153388305078E-0029
   1.97985129075455952318376199039751964E-0029
   1.99429235468298091805771808086378382E-0029
   1.98977063788705611520065303493423242E-0029
   1.99429129250776876038887670855608479E-0029
   2.00156034924303256877021504367942135E-0029
   2.00520729167671817015920752784599473E-0029
   2.01616729260870956370029773327894531E-0029
   2.03085228920335693158092499618974223E-0029
   2.02625419411407356703490174708412098E-0029
   2.03085121237374241030687584841324539E-0029
   2.03824249394127163988254315198382077E-0029
   2.04195077267755930198744684006180061E-0029
   2.05309507758873129231185449943187753E-0029
   2.06802701382786096332858998417595428E-0029
   2.06335159933803966398659361717134310E-0029
   2.06802592232513563001509847863125664E-0029
   2.07554092669237403825167350474903389E-0029
   2.07931129329928421625396060903356191E-0029
   2.09064215906290097135976311588379528E-0029
   2.10582405562457497790297785582966893E-0029
   2.10107037635249193283434890273082197E-0029
   2.10582294943294502954744713633774830E-0029
   2.11346318184993156677914214955635942E-0029
   2.11729639153596713483555692720830312E-0029
   2.12881608592714914745972702416862307E-0029
   2.14425097798441283476346529913648527E-0029
   2.13941808402425419376817182254389708E-0029
   2.14424985709074566497866742841106950E-0029
   2.15201683050420782295837408144424952E-0029
   2.15591364232668481304857548573624876E-0029
   2.16762444464986011126046833591421847E-0029
   2.18331538271590867770606560377353740E-0029
   2.17840231937254856729292530628994871E-0029
   2.18331424710947356672953579095914582E-0029
   2.19120948259962012764187046085484327E-0029
   2.19517065968442567731539605957696241E-0029
   2.20707486143514719032469969578214551E-0029
   2.22302491225470165292320289454526386E-0029
   2.21803071976399103396259627308053660E-0029
   2.22302376192690604068238159413050865E-0029
   2.23104878916502302498255702072883040E-0029
   2.23507509893684501265281018830841922E-0029
   2.24717500449509416410890297971906110E-0029
   2.26338725197809882585911293656397404E-0029
   2.25831096521388637498652145757723967E-0029
   2.26338608692222158839682680853431704E-0029
   2.27154244464714364054337150461408795E-0029
   2.27563465906920057883871712197574455E-0029
   2.28793258642124956366594723914679012E-0029
   2.30441013261493943340942682899220449E-0029
   2.29925078078406552295155764095163929E-0029
   2.30440895282586254536595893684295867E-0029
   2.31269818933737960400193878508528028E-0029
   2.31685708515967311467507754042830735E-0029
   2.32935536664555980075118537073357521E-0029
   2.34610133274092205253862160252780754E-0029
   2.34085793906743446777300419062172834E-0029
   2.34610013821486196913244198094541256E-0029
   2.35452381188212691273863302017499583E-0029
   2.35875017089724205222615516738239152E-0029
   2.37145115398092062032558167816142751E-0029
   2.38846868134958716313137515002058099E-0029
   2.38314026274942303332846812185682272E-0029
   2.38846747208382719541785138060283581E-0029
   2.39702715186685300174476371834459908E-0029
   2.40132176117234322271155199135602989E-0029
   2.41422780923160864061753955065514082E-0029
   2.43152006048926466295039618477137867E-0029
   2.42610562723662799152578706581128772E-0029
   2.43151883648188955143349350235891574E-0029
   2.44021610246426311929320942546290210E-0029
   2.44457975473067611544047373660336176E-0029
   2.45769324786401944951942457550271659E-0029
   2.47526340795649285710575910816537243E-0029
   2.46976196334313181790846940744072799E-0029
   2.47526216920612667238117916157207206E-0029
   2.48409861313711927267198109921224262E-0029
   2.48853210688074657798778843550378770E-0029
   2.50185544272837861448672347242597677E-0029
   2.51970672003668439917888435452662846E-0029
   2.51411726002523822398050891235313392E-0029
   2.51970546654223281565217564913028491E-0029
   2.52868269238655267919397994674627697E-0029
   2.53318683224601892976146371565338965E-0029
   2.54672242682239935034225943698053434E-0029
   2.56485805428314806272159672499392111E-0029
   2.55917956715569083842791095904585728E-0029
   2.56485678604354596394791125373236190E-0029
   2.57397641053705510303822091959020118E-0029
   2.57855200755290147575454895023029106E-0029
   2.59230229608822736387230866389561713E-0029
   2.61072553232596457501663065505695096E-0029
   2.60495699832882367740050117907565497E-0029
   2.61072424933992985825194493705335966E-0029
   2.61998790254973319141094062481349027E-0029
   2.62463577444619286995450776883621621E-0029
   2.63860321223443108607038206714995164E-0029
   2.65731734270265159785725516489939799E-0029
   2.65145773368852288542398411251512458E-0029
   2.65731604496844595232594258117572309E-0029
   2.66672537085585456167436450216352049E-0029
   2.67144634232406534125277161285200522E-0029
   2.68563340557525587074746470264192730E-0029
   2.70464174370302919416109071782423816E-0029
   2.69869002277135049983504611182336032E-0029
   2.70464043121822653356200684158581852E-0029
   2.71419708820319676948609435689876250E-0029
   2.71899199118514626035824903286879663E-0029
   2.73340117787985548338929191934208455E-0029
   2.75270706622120434175579288708855851E-0029
   2.74666218735768430212071311982025857E-0029
   2.75270573898246747783145262410445742E-0029
   2.76241140050822203240131639973873598E-0029
   2.76728107448077354945353516427246907E-0029
   2.78191490522473507109337025146915514E-0029
   2.80152171660812311218680357965800265E-0029
   2.79538262432425499662050919144615790E-0029
   2.80152037461098916384627964320568336E-0029
   2.81137672970763380505145326418492376E-0029
   2.81632202196603525219195207530127152E-0029
   2.83118304084317940128770545301224069E-0029
   2.85109417951868513435138577034992737E-0029
   2.84485980849200595411592130983699077E-0029
   2.85109282275736007676221950465795070E-0029
   2.86110157660341889596289786524871205E-0029
   2.86612334254375197634450364393659690E-0029
   2.88121411796599094282150616121162722E-0029
   2.90143302074796892978845454127096658E-0029
   2.89510229546375373226094139963708429E-0029
   2.90143164921513160094565830558947772E-0029
   2.91159452369603324693295879560534666E-0029
   2.91669362709611558369563800207231784E-0029
   2.93201675264841770163295660638073288E-0029
   2.95254689005167291218004570267314571E-0029
   2.94611872444668352459961387536020983E-0029
   2.95254550373828871136603957419182835E-0029
   2.96286423800094490400859590301231949E-0029
   2.96804155129925250514733222268403231E-0029
   2.98359964657870448708939753942902220E-0029
   3.00444452394642889103422499948566252E-0029
   2.99791782105526628249505511283813470E-0029
   3.00444312284157332493345126382881174E-0029
   3.01491947384429792721800397234639803E-0029
   3.02017587841652935187924461598233022E-0029
   3.03597158986424777150117084006988371E-0029
   3.05713474848618757651604196605812535E-0029
   3.05050840009072811975024509794884177E-0029
   3.05713333257687973500953549464047000E-0029
   3.06776907563400095208379217792913639E-0029
   3.07310546206695709934625439947842015E-0029
   3.08914146379186879608565201757977285E-0029
   3.11062648201140447962257601802944943E-0029
   3.10389936829373326912247535334714361E-0029
   3.11062505128245045479756523330482270E-0029
   3.12142198060306941594505749255310457E-0029
   3.12683924896557360407068969465846283E-0029
   3.14311824355923756963352458609189803E-0029
   3.16492873786826514873316262024515768E-0029
   3.15809972706745475032536264858153465E-0029
   3.16492729230211134770156985549685137E-0029
   3.17588722152255692531967685726275678E-0029
   3.18138628163318861412559309525972126E-0029
   3.19791100097497857849681589211331471E-0029
   3.22005062709567841528682026638154549E-0029
   3.21311857516869929642462592219325142E-0029
   3.22004916667227466009383344948938158E-0029
   3.23117392938189612110355177770474399E-0029
   3.23675570107335786571591856203464679E-0029
   3.25352890712546406587445880977792242E-0029
   3.27600136107823135375600072259996300E-0029
   3.26896511136522126487085902068966044E-0029
   3.27599988577490361013085888810162807E-0029
   3.28729133603492937591867231962941293E-0029
   3.29295674941491028384546392282373732E-0029
   3.30998123500675046296098632131992934E-0029
   3.33279025416373896399826950972219733E-0029
   3.32564863705780283919341995534468165E-0029
   3.33278876395507149484302570961210525E-0029
   3.34424877681034343718839042660331306E-0029
   3.34999877251878329629347587618328152E-0029
   3.36727736212053613512378478750648547E-0029
   3.39042672624443278914137531217424816E-0029
   3.38317855886609260833759676484932958E-0029
   3.39042522110215948844145513614591287E-0029
   3.40205569308562765846449618600913929E-0029
   3.40789122254832393421489914556684990E-0029
   3.42542677303341262960652503151038087E-0029
   3.44892030530121502227092164658704812E-0029
   3.44156439117758062284967947158434053E-0029
   3.44891878519411965036467263830844449E-0029
   3.46072163482405199442687438548707648E-0029
   3.46664366050258699480272114309587254E-0029
   3.48443906189904637543796882074814525E-0029
   3.50828062991075747319805019327070294E-0029
   3.50081575865944459936940008418871314E-0029
   3.50827909480458248485947893554658161E-0029
   3.52025626307450789847601807390030054E-0029
   3.52626575871250555052419749890445787E-0029
   3.54432393494326288744399350538046328E-0029
   3.56851745171554783035792819928746298E-0029
   3.56094239873332879114260724299761512E-0029
   3.56851590157291146268251053098604245E-0029
   3.58066935243437250466275357215458316E-0029
   3.58676730330012339496550581611692939E-0029
   3.60509121291231097680223035994468953E-0029
   3.62964063785727914027261455719292733E-0029
   3.62195416401341428839134471906946496E-0029
   3.62963907263760040762874015869008443E-0029
   3.64197079347584423311461722111482800E-0029
   3.64815819660136388153003746383451991E-0029
   3.66675083348486062190437816231885871E-0029
   3.69166017337424280706705103857141178E-0029
   3.68386102470840759052061797571968126E-0029
   3.69165859303367403508085421200737576E-0029
   3.70417059513645677025365312078015613E-0029
   3.71044845955306561409088550574920265E-0029
   3.72931285364853568919108607630137129E-0029
   3.75458616356362151632635056668956756E-0029
   3.74667307098831398578201118309789259E-0029
   3.75458456805498803567670273709016625E-0029
   3.76727888707470908938692442588737053E-0029
   3.77364823404524344491162054079924608E-0029
   3.79278745204200249873255452480518216E-0029
   3.81842883630978723339006594846288463E-0029
   3.81040051531707449360893819397210002E-0029
   3.81842722558253384677474878747625139E-0029
   3.83130592199195274792258959150912558E-0029
   3.83776778523973419507240175742869148E-0029
   3.85718493126382832247372783628589013E-0029
   3.88319854437989190008280425787132047E-0029
   3.87505369475233093400403567516285823E-0029
   3.88319691838003573174486136729351948E-0029
   3.89626207792185532733249463680244330E-0029
   3.90281750385656169887642476907629763E-0029
   3.92251572014949172676297611342684456E-0029
   3.94890576768819634055095643698854463E-0029
   3.94064307321374469580670318208223409E-0029
   3.94890412635828567686056010749797797E-0029
   3.96215786048891208098434520835447136E-0029
   3.96880790842950660824672769021738698E-0029
   3.98879037601807038224802084769531796E-0029
   4.01556111553071698695993288061716515E-0029
   4.00717924372143189392346356968301541E-0029
   4.01555945880979571844826825881104196E-0029
   4.02900390513760772708762657980530020E-0029
   4.03574964753249413263870471254221814E-0029
   4.05601958689025327963562021199702906E-0029
   4.08317532879188268398662489722695924E-0029
   4.07467293060619297532714593897188794E-0029
   4.08317365661545996353825949511121441E-0029
   4.09681097933393884624080463796662356E-0029
   4.10365350197851933144590789455400938E-0029
   4.12421417367942446418378802920187713E-0029
   4.15175928212498555255124677274841728E-0029
   4.14313499169330920902831309251347299E-0029
   4.15175759442501029094839092237897651E-0029
   4.16558998474109547367126835908043721E-0029
   4.17253038699291589544911463699268706E-0029
   4.19338509235764626716101396246812821E-0029
   4.22132398610828340289637811271259843E-0029
   4.21257642046175431419096052281749288E-0029
   4.22132228281312323119046329585953317E-0029
   4.23535195937117048852144304254550282E-0029
   4.24239135436284260259851479067914470E-0029
   4.26354343609843295094994982073505456E-0029
   4.29188058937866696621316248040771085E-0029
   4.28300834818072750701054539857227710E-0029
   4.29187887041309130428050191030171174E-0029
   4.30610807971481814553571875255856817E-0029
   4.31324759456491284550371608521739788E-0029
   4.33470043739825228715363747513764765E-0029
   4.36344038074484560335700613244330649E-0029
   4.35444204602545658655874725032155919E-0029
   4.36343864603001248515579501629811750E-0029
   4.37786966285082067169398537081355466E-0029
   4.38511043887292878741555769355636528E-0029
   4.40686747017872447831792434972751021E-0029
   4.43601479128203128873314757185994124E-0029
   4.42688892717424762446549537783090683E-0029
   4.43601304073547760700586016065326061E-0029
   4.45064816853754545534890552617854450E-0029
   4.45799136144770403081329686539720358E-0029
   4.48005605187150631538951503018220215E-0029
   4.50961539641011396780252388501091459E-0029
   4.50036054888877274953434933092369963E-0029
   4.50961362994574881404255617319277474E-0029
   4.52445520128828644684684538127034000E-0029
   4.53190198141096866068686836056065978E-0029
   4.55427784548785509006458465749691053E-0029
   4.58425391795732350060169726427537717E-0029
   4.57486861457959104836702254502190521E-0029
   4.58425213548542428980500405602135192E-0029
   4.59930251243248351926005719990633552E-0029
   4.60685406490534965420718557956588041E-0029
   4.62954466167486290167180538494997222E-0029
   4.65994222621136547286047120354799565E-0029
   4.65042497585889094321177845975839439E-0029
   4.65994042763857655674327740703716647E-0029
   4.67520200216480384787303692168524114E-0029
   4.68285952714240907204662947317139934E-0029
   4.70586846076033875503723639610983221E-0029
   4.73669234196000132411907184286649936E-0029
   4.72704163458242670179200351466370350E-0029
   4.73669052718933481094528217532718823E-0029
   4.75216572158405107566539208740131492E-0029
   4.75993043444070342002300465563375493E-0029
   4.78326135478829460803594892604574982E-0029
   4.81451643852301903011342570967140081E-0029
   4.80473074488259845448919185897462736E-0029
   4.81451460745385754386927915037371186E-0029
   4.83020587472384252834589033117373112E-0029
   4.83807900625580141550272719520634239E-0029
   4.86173560954696341720523703682491595E-0029
   4.89342684377750983641540482990890966E-0029
   4.88350461519459517852728064774081051E-0029
   4.89342499630561096268362303203769280E-0029
   4.90933482057696285827907287245518769E-0029
   4.91731761720416493273922579460772082E-0029
   4.94130364659124303795105146846139768E-0029
   4.97343604217833002168397940748702187E-0029
   4.96337571027748431950021465384530147E-0029
   4.97343417819583220211146938956776652E-0029
   4.98956507511526517636779892093525740E-0029
   4.99765879908276017749557822812004336E-0029
   5.02197804526142089981693685810338586E-0029
   5.05455667677558610592395190380240215E-0029
   5.04435665323209166728886614219282579E-0029
   5.05455479617101575749199928713241269E-0029
   5.07090931330694932451571055952667527E-0029
   5.07911524288622431041393769794909097E-0029
   5.10377154469999127146902065334076022E-0029
   5.13680155123093710268544605275449404E-0029
   5.12646022751747082280349832372602236E-0029
   5.13679965388921675207254050671135750E-0029
   5.15338037113300163449607485997535545E-0029
   5.16169980082336718524808871147907378E-0029
   5.18669704586833063728133733226490098E-0029
   5.22018363183446013209426450026158238E-0029
   5.20969937896771461943277003245636611E-0029
   5.22018171763691736912764740988217318E-0029
   5.23699124760453270536989274101324910E-0029
   5.24542548833473978717996539947617299E-0029
   5.27076761356494782501747961186126824E-0029
   5.30471604952377575678947844038292883E-0029
   5.29408721781081124378873387035401730E-0029
   5.30471411834815282431908070563119590E-0029
   5.32175510678269952085952416161578294E-0029
   5.33030548611295061737468013621100375E-0029
   5.35599647844697480155982630918797480E-0029
   5.39041210190707817086214867243922926E-0029
   5.37963702069119672722856984368148365E-0029
   5.39041015362754202125919878264369617E-0029
   5.40768527980284673814449036077732249E-0029
   5.41635314212735965072959124056433358E-0029
   5.44239703905651204820723802077073836E-0029
   5.47728525529166285351821355166828808E-0029
   5.46636223269760312121120752163481637E-0029
   5.47728328977881551440407348408566732E-0029
   5.49479526690444937098456615465261501E-0029
   5.50358197365472684046084493254012993E-0029
   5.52998286385338964184630244016951727E-0029
   5.56534914671949134350164096410087436E-0029
   5.55427646939774876636125494148364768E-0029
   5.56534716384038044719796919264050093E-0029
   5.58309873946838607366659443353764505E-0029
   5.59200566931733909690365207316493438E-0029
   5.61876769325585203493929138303784010E-0029
   5.65461758601127954684918377547941553E-0029
   5.64339351888136385520717425398719046E-0029
   5.65461558562940888940846250889575527E-0029
   5.67260954206301906478278395921044121E-0029
   5.68163809113008653940668228062083533E-0029
   5.70876544169062151884285750972032544E-0029
   5.74510455782054315085294681526026368E-0029
   5.73372734381299159495833005648635062E-0029
   5.74510253979588315734456573924634749E-0029
   5.76334169450050398132519631605804503E-0029
   5.77249327655790611835287678552302007E-0029
   5.79999019965374279626330443948139885E-0029
   5.83682422369898135812279151816500579E-0029
   5.82529208349595285408409132520593979E-0029
   5.83682218788797934112504691024801969E-0029
   5.85530939390470073089366226264872940E-0029
   5.86458544058495855105097705372387518E-0029
   5.89245623578355914683269973571458504E-0029
   5.92979092417452850440748221738474736E-0029
   5.91810205594881043380658828778535982E-0029
   5.92978887043011861239197531619870097E-0029
   5.94852701679200504164913248964271788E-0029
   5.95792897779685328987800412775352089E-0029
   5.98617799894711987669506004333545092E-0029
   6.02401918084335291937048229032997011E-0029
   6.01217175999561871557974123086971680E-0029
   6.02401710901496568083218982746487259E-0029
   6.04300912116637036646855980101188216E-0029
   6.05253846447718627987525662784429711E-0029
   6.08117012034126903104116293687505264E-0029
   6.11952369847703301964538948036736195E-0029
   6.10751587737119495754786463813117263E-0029
   6.11952160841060439749090931910174913E-0029
   6.13877044862974078088986812058403887E-0029
   6.14842866071960642463027540013462653E-0029
   6.17744741560961704967530985884874588E-0029
   6.21631936714609305723505750591141174E-0029
   6.20414927484260071603638853026622118E-0029
   6.21631725868407293604919046223488646E-0029
   6.23582592650906820444003469804035315E-0029
   6.24561451255657949908217589792757273E-0029
   6.27502488697655025838889175731789897E-0029
   6.31442126436103469401527719306851518E-0029
   6.30208700634797544715870457666620538E-0029
   6.31441913734239473043702254957874067E-0029
   6.33419067000104138771015806981369192E-0029
   6.34411115410597254520945933705012149E-0029
   6.37391772539938794377266273560301785E-0029
   6.41384465723195618433213946558481009E-0029
   6.40134431515381971678029146575780809E-0029
   6.41384251149219695787069554257506016E-0029
   6.43387998433561004580568406030199050E-0029
   6.44393390973653789021544720707811224E-0029
   6.47414131273975336253717872936189338E-0029
   6.51460500464780822949743022546640967E-0029
   6.50193663603178251532727121089545846E-0029
   6.51460284001896563774202382128369199E-0029
   6.53490936695934513976116272868533461E-0029
   6.54509829625333371924518060277450236E-0029
   6.57571122395518334676101472290662724E-0029
   6.61671795947629458088243860957367365E-0029
   6.60387959745596596570830120715278316E-0029
   6.61671577578694542922441811392578411E-0029
   6.63729450973963571219969397904170311E-0029
   6.64762002510407773730133975904058765E-0029
   6.67864322931196136664039888461155443E-0029
   6.72019937078538647785821965282894909E-0029
   6.70718902382172146757324044910868601E-0029
   6.72019716786065321955416768925952272E-0029
   6.74105130119068405259184269500587696E-0029
   6.75151500460739200577703140667425119E-0029
   6.78295329662012101153061740286173347E-0029
   6.82506528608738284914401214474561378E-0029
   6.81188093768687392968661116577881797E-0029
   6.82506306374893743683668332275823902E-0029
   6.84619582872222413486830195687999803E-0029
   6.85679934220386037072294700386989947E-0029
   6.88865759349153067785265218354639945E-0029
   6.93133195360641270623995310691121111E-0029
   6.91797156203627503078351929876119697E-0029
   6.93132971167247952095135240531438085E-0029
   6.95274438091185320083731997461915523E-0029
   6.96348934673078504805017385649961965E-0029
   6.99577248962193605623723594810231606E-0029
   7.03901582457024284832377544755304807E-0029
   7.02547732257055286118398762539640530E-0029
   7.03901356285560067642707253928809627E-0029
   7.06071344980183336610408862372920645E-0029
   7.07160153072149609205507428806612143E-0029
   7.10431455909780464820319761092116096E-0029
   7.14813355552722228167752301971330235E-0029
   7.13441485001989337801094785946709446E-0029
   7.14813127384320531449988254177319876E-0029
   7.17011973322118877014077421414436158E-0029
   7.18115261273003630102957362460039093E-0029
   7.21430058272878592036604481573929582E-0029
   7.25870201068916487895197888722786234E-0029
   7.24480098248365899503053356668245544E-0029
   7.25869970884366271346095506108173457E-0029
   7.28098013713389429163519103609710951E-0029
   7.29215951968201480364827769106330615E-0029
   7.32574755040657196846778034991673289E-0029
   7.37073826430094384451981845629277243E-0029
   7.35665276779662142497234615050587443E-0029
   7.37073594209840046701458701702623086E-0029
   7.39331177801392418878106296093844321E-0029
   7.40463938925239505867890939145729063E-0029
   7.43867266349091650590916374549275377E-0029
   7.48425960303754510834798822719890784E-0029
   7.46998746592255925538018375655559974E-0029
   7.48425726027895684625573196164470945E-0029
   7.50713198524790294922992088821969539E-0029
   7.51860957227095711179639252453694536E-0029
   7.55309333722354466403425054677565003E-0029
   7.59928352842930220202495175024242588E-0029
   7.58482255137594593185881439671325695E-0029
   7.59928116491221463178535058640677733E-0029
   7.62245830356607634637753718152473735E-0029
   7.63408763515614980702065556481332664E-0029
   7.66902720317066237284636624359857162E-0029
   7.71582775931601203056045013525478058E-0029
   7.70117571567243050069217232833513408E-0029
   7.71582537483451583221069100193239924E-0029
   7.73930849550229793399928664403691288E-0029
   7.75109136237802607502913397958228825E-0029
   7.78649211169475208640038712796039637E-0029
   7.83391023433060972012223958001481277E-0029
   7.81906486980879198715281107966062738E-0029
   7.83390782867533547155574998863174768E-0029
   7.85770054388370516802634429079145889E-0029
   7.86963875895093347353546864560124089E-0029
   7.90550613445632096031879052830914568E-0029
   7.95354911441306045826938408370197444E-0029
   7.93850814677302789854346407775527925E-0029
   7.95354668737117236430537040915444315E-0029
   7.97765265435073949552097607639356040E-0029
   7.98974805295661251541942612536880111E-0029
   8.02608756694624857974528388159630776E-0029
   8.07476278535510808481959053037819818E-0029
   8.05952390408521891543151977906387983E-0029
   8.07476033671029663812944874615250603E-0029
   8.09918325790814677170307190422007823E-0029
   8.11143769809833743166772871873085138E-0029
   8.14825493104936372074874205952979502E-0029
   8.19756986037650294620764678819306308E-0029
   8.18213072636979447290211904993458424E-0029
   8.19756738990897651888453290587373941E-0029
   8.22231101350757743178165277017659750E-0029
   8.23472637628671723906199891348833613E-0029
   8.27202697763986332409128377521791425E-0029
   8.32198918273331586069747746812300499E-0029
   8.30634742795980806758242073105374488E-0029
   8.32198669021979122679626632013286696E-0029
   8.34705481066239040555465308721285366E-0029
   8.35963300025775965819954843807181807E-0029
   8.39742268920917188090996569084237060E-0029
   8.44803982835893052857850482059468417E-0029
   8.43219305553381646650015204947022252E-0029
   8.44803731357262231933192831864300366E-0029
   8.47343377209525052453309962792656355E-0029
   8.48617671622378632796683694605122751E-0029
   8.52446128252682574843898380359500035E-0029
   8.57574110853829360435043550198078122E-0029
   8.55968689078594369948538221052118162E-0029
   8.57573857124890269897813112053240559E-0029
   8.60146725641909625874664356947138605E-0029
   8.61437690655777495322134752934451270E-0029
   8.65316221133495441569670734996293238E-0029
   8.70511257261598957001762821467914232E-0029
   8.68884845312969850689353452559003060E-0029
   8.70511001258969042611895274287792804E-0029
   8.73117486085204276188955493145526306E-0029
   8.74425319251169227463133447820796222E-0029
   8.78354516907691932480150889047338766E-0029
   8.83617401073869658466765211672106412E-0029
   8.81969750243610280904246968631079117E-0029
   8.83617142773812351313014152051060804E-0029
   8.86257642396677447782560825588196601E-0029
   8.87582543696937114419009236532580988E-0029
   8.91563009166066061027533980763041317E-0029
   8.96894545663256973085349830739366348E-0029
   8.95225404180667885565514156996644411E-0029
   8.96894285041680212101885710440770034E-0029
   8.99569202847497129126057829349705432E-0029
   9.00911374723447446031594759725946419E-0029
   9.04943716025729080911830950282212962E-0029
   9.10344719041608572042674543132883893E-0029
   9.08653832038183068436680788608753261E-0029
   9.10344456074063222216756929065504174E-0029
   9.13054200404730544154649035920951318E-0029
   9.14413847785408476947843887994882473E-0029
   9.18498680413547912253548563590003282E-0029
   9.23969974144889905596922360997246349E-0029
   9.22257083618516787334697344487643943E-0029
   9.23969708806568072452663288486078181E-0029
   9.26714693016954377774812679255315595E-0029
   9.28092023347844634854130779899270678E-0029
   9.32229970353212968210628870353486289E-0029
   9.37772389121718165700584586301869616E-0029
   9.36037233900425346064538878650653959E-0029
   9.37772121387451407114194816147670520E-0029
   9.40552763903524956183240342385959418E-0029
   9.41947987175736514916250270373224354E-0029
   9.46139679255989281793955864523420145E-0029
   9.51754067625603017754754865631707583E-0029
   9.49996383330834607122341053761484650E-0029
   9.51753797469860453499167413284095780E-0029
   9.54570521847564359829159960384921227E-0029
   9.55983850627381407452707823601263021E-0029
   9.60229926215201976693078959350053200E-0029
   9.65917139110940161452218362760444667E-0029
   9.64136658120361248422025843609158622E-0029
   9.65916866507826481604693112475880890E-0029
   9.68770101492709851688812898895265875E-0029
   9.70201750951522407149408691319052547E-0029
   9.74502856304506132812360619597632095E-0029
   9.80263759132810465479016918552311790E-0029
   9.78460210542632963854981477255755493E-0029
   9.80263484056063838429867961919407954E-0029
   9.83153663643678818392940755629626580E-0029
   9.84603851588298025965624336726246708E-0029
   9.88960640879992139916832288275423109E-0029
   9.94796109650634653808737885284666645E-0029
   9.92969219237457935408690958011488381E-0029
   9.94795832073624534772764562420503201E-0029
   9.97723395570699215263545297413705229E-0029
   9.99192342474062307391879562819105298E-0029
   1.00360547788617655672377212874382333E-0028
   1.00951639933573358704018009833042571E-0028
   1.00766588951789361214699943468292909E-0028
   1.00951611923145842796608656934378566E-0028
   1.01248151131785551018329709739924005E-0028
   1.01396944035012541253776049966296201E-0028
   1.01843959216592837219363615015345259E-0028
   1.02442686388284393601712957671841390E-0028
   1.02255245368126462454058806560275083E-0028
   1.02442658122392879780129555919407477E-0028
   1.02743025201539989924785009959786723E-0028
   1.02893738907546443876030465602167620E-0028
   1.03346523577438039274181777393347927E-0028
   1.03952976632563892142164748478095577E-0028
   1.03763117132417952356106969636377589E-0028
   1.03952948108433298933570096636236124E-0028
   1.04257188619607843994350954580412718E-0028
