3.5086038575893134964304717497280116	3.3964084201444486812623780761565611	3.2812880434921011193247525735675291	3.1622021304527775061075655515409646	3.0376984445690086711494622067623952	2.9056404391254778028826009104358966	2.7626702485001882179813302425982286	2.6030667407567754919711553311011682	2.4162867594878456642186195797856957	2.1827861304897486204830599721284421	1.8604161200372754046640286724620169	1.2304269137966663090746634171606869	13.187076866151303542085077234545285	25.580751069856890058985425344130002	35.918285496890539859132040058304718	45.325329890699771830576961181662212	54.322572958262901485059018108028739	63.283089886449274717057360586759801	72.581523244065125963295120660615144	82.674759968704163454863637389449801	94.059667594704580020389187732460172	107.05959316078433142444914609208124	121.61687045737243047090589399558974	137.25276176937827071549281000405209	153.11165624139009616167842257455342	167.99470884588048872996311009836268	180.34728581438993340828064366913486	187.64372706840751552343324000240142	189.07344553661149397819955371550041	190.64339422673836501141191414176126	192.33246888455129710737407375220408	194.12135589969899798771910537289833	195.99261837846950441970569207437309	197.93071195397991478757719790461564	199.92193933617708007491191738023807	201.95435659587646352919797648720938	204.01764540122831471138271336753727	206.10296467315029444145973614156796	208.20279319334504477983512442877416	210.31077223937906108928740031104929	212.42155480873541280509326531113574	214.53066572350161727790467932049221	216.63437502915164752128499687224586	218.72958566021890440193636449770013	220.81373531690046927032398030780484	222.88471182120122960770919614174718	224.94078082287029903113869301611554	226.9805245344111058642531982474823	229.00279012524376465756635995680473	231.00664644947942227173775460473148	232.99134787997106466273601528906978	234.95630414725107720929796538462699	236.9010552171769829397181266296541	238.82525037474746714616177601441399	240.72863080263149355792985000837077	242.61101505958792063961186602174671	244.47228695632321364997844323575977	246.31238541422749515646375255258628	248.13129596279252568921920881989604	249.92904359207845825406174457756904	251.70568672661757156426502225221106	253.46131212925002193872539632193524	255.19603057663904971125336251855453	256.9099731793402047768038136863939	258.60328823727443758103087722378688	260.27613854616829343056754221547818	261.92869908194911466186340148522021	263.56115500422719169793313710109221	265.1736999301075243399517755337114	266.76653443798373740334529442519638
3.5019565688415978849376527038931868	3.38921214451051719180146408515838	3.2734338028333715418799124026437775	3.1535379281879846943871217411367854	3.0280027631489747935819163081168036	2.8945714929303674999891622628074559	2.7496601339929319254655512104942846	2.5870833781897441531693093527660666	2.3953260004284386310103687178479502	2.1530941626510128722594189271102252	1.8112568053388748086982940569403572	1.0541775394977685336266702424825152	15.075091518664725935801642514731496	27.119156352618532591837280199017639	37.324302256157439228188277343976194	46.680207592664240620484422297457544	55.678649776661875968802388698489283	64.689434313683416673639119811136915	74.098223798183749084359304720177102	84.378504176483859369419783015395719	96.0278283835695312919077662535877	109.33899071219844810918748925251712	124.2044548836486731836321118729646	140.09136000472937238279341444042188	156.08597849113792373861134081093068	170.92319711445380304027452146229201	182.95917360034330812274543850421456	189.19581867011380859517292555855065	190.58375593659273320939878009805717	192.113679377018872295052886818326	193.76425410150987077027386031850759	195.51599298221927784031398874350714	197.35133066111086330215661919565681	199.25462850218483803636326156379494	201.21211987261246714584264230988346	203.21180889773149255798043657181531	205.24333686566754961713871631602252	207.29782957511655814034688674736549	209.3677369167603515273698269654219	211.44667349958417743348094363054379	213.52926663408748667357393086831015	215.61101574678651241393604011998732	217.68816546306425990384362851779914	219.75759319568355925736279763527043	221.81671108424344339920606440042716	223.86338148512422630676640634725954	225.89584483767204245018517225083881	227.91265855727681832451795961808238	229.91264557053773298943572347380372	231.8948511589510701561129130298708	233.85850688206441974227784374117684	235.803000479427546784962945443807	237.72785078782562825258542903770342	239.63268684485522652413510770336645	241.51723047069202720243677217121101	243.38128173682904925179476523602107	245.22470682236671982087489135524022	247.04742784580575417202953602025429	248.84941433054600325071286224373905	250.6306760219515982434156157792077	252.39125682420796873698540865777835	254.13122966617401372061372626005334	255.85069213919397477614167566244485	257.54976277989634930001587891804442	259.2285778898182438033448119073734	260.88728880744473641530554224425869	262.52605955972081797296099173337856	264.14506483460780627832605134582624	265.74448822573147430036181270878452	267.32452070885558201294300463757205
3.4952410857048030971339513332633521	3.3819352910301468531099324673725514	3.2654820839701107502614160104566694	3.1447522192807074873075090233852417	3.018149571542038131212709327173447	2.883287266710821576855728007072682	2.7363334582572780190691913243292344	2.5705871840723760561006605323109406	2.3734596292566160623514664272972761	2.12172273622561839979212212187535	1.7571707313376003098500735805403474	0.73599849632921776684682959861593554	16.898050923132987642366586589890843	28.639431022379179931877719849556119	38.725343087827732641436075187966539	48.037478202297528310992765019204833	57.0435103812623438349641596793755	66.112194634687113844060202753592098	75.641835619549271197703971241628051	86.122286063218721814947535328601856	98.048582989504398620666269240407126	111.67939613445999713149558262556198	126.85561959401100163918207406417258	142.98894787036966722920758454741822	159.10526511893552837461370211123606	173.86975982595083429477048540376734	185.53971370110364285392689151310064	190.75906553648617980642688354840544	192.1044297547806314483451073733585	193.59359755118210321020045884415035	195.20499884946589684537626569362136	196.91896885469206338889983634946849	198.71780983785173070023602684420844	200.58578515175344671305668907653671	202.50905522172853765510225189552455	204.47556878225596970135866687593016	206.4749234740885701302816743186422	208.49820890956268834823546335165608	210.53784324662528390589451166131771	212.58741181669498350270983591419536	214.6415138683328700435397413579915	216.69562128504426370430906819087484	218.7459513402093604345121461093054	220.78935419257994129200052595241215	222.82321487088216454793391579550511	224.84536887944131774487091374589507	226.85403020657599370364750830360551	228.84773035927619808990705506517106	230.82526702369454523462420276625986	232.78566101120688493966858201398786	234.72812025826338458777533773098754	236.65200978071007150979147880870525	238.55682662132762460349437303307172	240.44217896493767498756024949949516	242.30776871659248786556115565401606	244.15337695459100931801190515461193	245.97885176189717643043963365532346	247.78409802667604018774918911719577	249.56906887185003949086929750484755	251.33375843359092662975846580052462	253.07819575808692733484136553228354	254.8024396269020657346752032227805	256.50657415480593914195448704157623	258.19070503345158894620209155934852	259.85495631340718554158198514179791	261.4994676401346174675386940156496	263.12439187140599087753072505825654	264.72989301762879922966963049793715	266.31614445624824167874782897890903	267.88332737991521007152614952062517
3.488455295792445887412871581401237	3.3745752111892784530802613905068638	3.2574294304079780934247155887392493	3.1358402542794358377713653980627717	3.0081318894325614891925025953100062	2.8717765496895252436267799792429028	2.7226700497819933947848785921798973	2.5535374603000157536234805450342736	2.3506079280971715856297692472205708	2.0884791046011099365361899144490127	1.6970039043060089712069444535739531	2.5182047493365658104192633225169241	18.667899875825629275880362414246103	30.143976574066343930225338215001374	40.122591662214111674284773751487108	49.398086264143031266091189418019692	58.418215844066580962959466085452304	67.552826827381755469144438381689348	77.214386605401244830367969868015593	87.908526892141244557298397516280711	100.12430449578574691639521244036552	114.08282044028329843362113593902919	129.5718140303667366750183226101019	145.9460544439920089719121006194983	162.16851914769814228406857336664983	176.83087840501286503013000049147414	188.07900739099394786243248687262858	192.33376936073188479729109159900169	193.63574760623169952058120546671564	195.08341070865888743698643699041667	196.65494849542736067658322345082812	198.33051405144064875810972312631442	200.09227311269126507157766498510869	201.92438706242993462178580380883163	203.81293960482589241898553427984086	205.74582048891617703377368812076004	207.71258031756412152646363644374132	209.70426935088826059875184414656593	211.71327108805416873513611341706438	213.73313890351476162451174665214388	215.75844154936942142568833616781924	217.78462116798160121013987378601075	219.8078657049040981122176118517331	221.82499629434880386459590720735478	223.83336927009888386497801557996137	225.830791867862790714408341073364	227.81545035749677017863061741510876	229.78584920188061265614384510745826	231.74075982726853315367077569531487	233.67917765744107671171952998365048	235.60028617791167413089599989264771	237.50342693165469715866182267329997	239.38807448748711755685792352472015	241.25381555843479294262544252673458	243.10033156935768741651793620051698	244.92738408794497441612234659131266	246.73480262621563907253388906086539	248.52247440499664836373978770121956	250.29033574376832513859306055511774	252.03836479704861892237969951481218	253.76657540810314158731874069885979	255.4750118912664816675868430143975	257.16374458748463150958189883031151	258.83286606684459280069427194591418	260.48248787120861266657458018172569	262.1127377126431981087497311965789	263.7237570552314319322581355448226	265.31569902202419772116829023891344	266.88872657797402821362944627373931	268.44301094885074135261506780598117
3.4815980584635495863939637421776405	3.3671302874225352788528277877089673	3.2492734733724367666102221086546759	3.1267984118349353233685372703823721	2.9979438485505674161948206771465118	2.860029050338531278933994489402554	2.708649917529763839634933200869957	2.5358916083875923857657829299370064	2.3266873626989041457810581920990334	2.0531340211211549568382296785054268	1.629154981901797391365636199109652	5.4654439364677638637573065016653969	20.393206363112684492083733480589401	31.634699417481491348968077877022842	41.516964331698544088479895312991429	50.762774137552949295403686809102881	59.803663817914574385927607887641505	69.012654205080654851324068907181104	78.817763893360303642397664636441004	89.739438877685740345615561498605105	102.25707242644428385313744359027197	116.55091180850818720061530919497877	132.35404556954031836838325564951442	148.96265493543895603902865047317998	165.27404017684178615328723083748285	179.80207955079914024044860165124284	190.56445771476984832309031367061861	193.91999636187511724053883929061901	195.17776069693871662594292865419198	196.58315725050175228243824618831306	198.11413051218514827344190406952777	199.75064670777327035841885516120451	201.47473062952282389983449049926951	203.27043752547374881535941440518247	205.12377042546644927852761390663746	207.02255635390796665194315938356751	208.95629536553140082646028025748997	210.91599510351883839691696519476414	212.89400140038983693667405908760101	214.88383292613660460492600867878612	216.88002544504370740987970162164188	218.87798911200461659510767549116018	220.87388052795445920644508266031935	222.86448999668798988519784356849727	224.84714354232114347675459583173232	226.81961868854935362428678551219151	228.78007269560180873624026651770082	230.72698182565812095072585402712528	232.65909020694712344265800285973384	234.57536694153174299252486935809286	236.47497022127076136856497555055309	238.3572173537446045107476698798256	240.22155974183970088477726281416227	242.06756199707364505114663080235226	243.89488448935491674793857928168526	245.70326874975390302574408481075448	247.49252523664114301525675966870742	249.2625230595755058978613655617563	251.0131813253032911348193623930105	252.74446182856798703839966591702621	254.45636285977842657002005012963314	256.14891394157886689384803879454219	257.82217133973244920561721033058773	259.47621422249929771069014280134002	261.11114136209816936619225991808848	262.72706829386114123970041344102586	264.32412486112974948228243953969496	265.90245308738594777492940628250621	267.46220532676569335534931020924388	269.00354265249451111309050715955595
3.4746678394295850885864982750070736	3.3595984522997304384513570390841613	3.2410113108720052096359682195840791	3.1176224012799991383238688798344324	2.9875786603981187907902871774228404	2.8480330226134515663377409686860887	2.6942503109280080319236741201304027	2.517601258239847560936557188850218	2.3016055668654873626259145538189752	2.0154026807740386821717961164938983	1.551275578583693884232869854132299	7.9595992291173848113984300509122885	22.080635153824840180345230616401288	33.113369395003389934252604411760119	42.909405667334461518319899510356951	52.13236345601488527496762326734788	61.200871829620022143719412838768911	70.493161274895048878317524630069555	80.454025522452365820935690616649658	91.617373866496881492955731727639076	104.44907965201766901887667990283663	119.08542838085567174979646348390834	135.20341078549002348623527494927461	152.03874379339294439309123062431218	168.42000912572087917307889441624254	182.77846026574871424523045173084533	192.98009784596566256233585290164901	195.51789483967655534244904387654572	196.73059973943995325174967384455857	198.09295266941733313099411393676063	199.58264718400379432793915385024059	201.17945760602399767477286588285438	202.86526311620396908814254731244357	204.62400844347276868338228339806989	206.44161180789829783693553230845247	208.30583361872986389532457778207881	210.20611974726874812523270304692586	212.13343185165331263143580136474115	214.08007500415827941464811310986174	216.03953035139568978533660580074388	218.00629811833806138879918659643864	219.97575417516018045805083348613097	221.9440217176532748575281071413206	223.90785837553805136227649567052964	225.86455821553408138793570668300087	227.81186757689864339660828731189532	229.74791339332716182776252253422575	231.67114254690060281071694841578466	233.58027080913519735404898963859605	235.47424000802153959971255785819355	237.35218218253402373871459399557135	239.21338962751474685790096352227233	NaN	NaN	NaN	NaN	NaN	NaN	NaN	NaN	NaN	NaN	NaN	NaN	NaN	NaN	NaN	NaN	NaN	NaN
3.4676630477593695347597022549095884	3.351977551735244584256375253064638	3.2326399007041698883000443150560885	3.1083076883870389070408997190939199	2.9770290730478163228033942148496423	2.8357757319228097737460292004192028	2.6794461043229960542417374647638886	2.4986125178327358717383116446302116	2.2752613648768453810385291927689642	1.9749295284839512902691738072667314	1.4596902911085079795350599620767208	10.227476972132315659400590198607161	23.735493083702213725587894978609109	34.58158004914443670175456021802065	44.300826193440517387424184679787543	53.507691666056360418945581739875537	62.610914428192385154436823979124819	71.995926609691028487332193293437283	82.125320989989702265145956435094507	93.544731982769318533013838262915459	106.70253004210471461385489486207219	121.68812050890118836203050533013134	138.12095650605568844283606077680804	155.17417372209792809660516336654104	171.60430488750150665625158547681846	185.75444651508058121820965111806778	195.30394757124950166143907807226813	197.12761602376312957016573537645575	198.29439793226507059536329263281316	199.61291457147543386427408298083859	201.06060259380684627825782865885855	202.61703906009665762361287986836826	204.26395260452688581054843640354283	205.98517282839822348272353887842208	207.76652881918576754644793959705228	209.59571032507835806338217940086321	211.46210527009155461541383280052572	213.3566258529271151839874972187095	215.27153320389226708226874284327764	217.20026805369255556428506908140961	219.13729247457417048347156475321493	221.07794570220818790829865817265735	223.0183154216643195373853847317627	224.95512470593341835537405359013828	226.88563398259875933571731995842473	228.80755690408937873358936229098318	230.71898873431219697246785579309486	232.61834577216653998363449748607583	234.50431435293005519994430642346451	236.37580805924188209186160965989083	238.23193190111479099896704061314028	240.0719523682002379606844882853647	241.89527240211616472054119228918304	243.70141047338929626918564365841963	245.48998307437548380536683424385728	247.2606900453197422676873756952306	249.01330225372258324647235214778546	250.74765122262349985800238243305514	252.46362037642739984621054693850444	254.16113762990797725646097429991888	255.84016909418901300402238784444574	257.50071371373612277831316462851252	259.14279868065329065035941357785038	260.76647550142892593859813016295669	262.37181661027885096724767743414697	263.95891244494563992419122006702071	265.52786891317360728024812484913651	267.07880519130571623460673898157902	268.61185180617520332178551535177624	270.1271489595824928716917482091751
3.4605823949937743532638817760117976	3.3442657343804920280521627611741237	3.2241564851292856676628217224666875	3.0988499602843404979890773876945693	2.9662878771577057840211475833936102	2.8232439820894099695215202537372744	2.6642102522407480372009518923228388	2.4788664108509352116245155478004649	2.2475443067621456714690571894846974	1.9312678709944507147137279903700732	1.3480581892928938489166304190606759	12.348968671634102806888884760715101	25.362039406362974856695223415620901	36.040705195224267360990708619035617	45.692039793417727093715513933813379	54.88954715942898318202175172862172	64.034856919678130807817308823756154	73.522548738416669867118970152645033	83.833801172545155974626033944166689	95.523856202178528596466633242307574	109.01951853596356053638074291241465	124.36059251703685813172748518967438	141.10751939655030966723952108899462	158.36847470627307606895913177282739	174.8243045570449349172271819029835	188.72352505330708374929085013846199	197.50116331007726509563346944906165	198.74923136207693773080257917655127	199.86921063620545994473430486268893	201.14308463153967803584385261213984	202.54802676202400895251816936800797	204.0634111518349952486145388723127	205.67081068601375215541516835763341	207.35393500468467110791533602288454	209.09851955202629062164634758994519	210.89217921345736152634672416946655	212.72424007304792790720956601691633	214.58556128915256079576445028847118	216.46835678013828168018543620915388	218.36602389479784815514635087538347	220.27298387762953157491882649874851	222.18453692778926049770541139591728	224.09673306959685005506701388270208	226.00625889835608247574488577971389	227.91033948754144300042924140965432	229.80665427135277029682081982750801	231.69326547505686250582048194969971	233.56855758883830650252967908866102	235.4311864121629432390288075195879	237.28003629333025753122774916042744	239.11418432145409293835594722155008	240.93287037433104118301072667177106	242.73547207182598282300536453756548	244.52148382181626129315904948623717	246.29049927241129365156109613483454	248.04219659076152474460381585593631	249.77632609003077129019294729956346	251.49269980257179409213250075725885	253.19118266938187252228126478680014	254.87168507256044457323051996345567	256.53415648566869023530778636584872	258.17858005660928014571385084810148	259.8049679699974802459539250566574	261.41335746422680516226124156164969	263.00380739792984690811246606379019	264.57639528143236299119215602100026	266.13121470175627841098889515058761	267.66837308238370545674647738122672	269.18798972897482089534978493860767	270.69019412021931343970868577701261
3.4534234474364935771497186004408683	3.3364598723227168104155887813318827	3.2155568485191789402394660120135434	3.0892431719301174453085671509111234	2.955345659709505712082242297344286	2.8104214160824804885799263848556721	2.6485102832471560313678618497550334	2.4582942577242565096936132522111326	2.2183257058204653116887781781261862	1.8838387734333720400815627335725682	1.2035457616331157704893967764924547	14.364786877617269441771328677618382	26.964067174408860818409647079619355	37.492220363878515741924852597554283	47.084054209819805573063864352145566	56.278956513770981885658686416027348	65.474052458881943968487746005478478	75.074961374560404971632076055216678	85.581965229409664772256549079012699	97.557434581039505901546166732688393	111.40250583951884563104390202654451	127.10484916208240406049918810074777	144.16432925431697122923479402260553	161.6214877961604902134608470699662	178.07750028077755044870183903939766	191.67869253637913505846317223834852	199.48920590104367818434700222806626	200.38306314159027406448432679563509	201.45533641191722581247012728763081	202.68374049412772499757241877932634	204.04517880246016595541991673088899	205.51881649171514733843618133302324	207.08606519484701494412061843769821	208.73050950671789193158735867455426	210.43778650978029072826584013636571	212.19543185305731480818610678710393	213.99270574588067338933217952081729	215.82041060757910115109130331771814	217.67070977639404013578051467217296	219.53695417069305452362797958687715	221.4135214622885649954190970238897	223.29567035202045580792724523062079	225.17941100165178685614772536970571	227.06139156264619585129524442175385	228.93879999967480656928422234138938	230.80927996209622645884849506447576	232.67085923631413391289925164946441	234.52188925015523800252249193846985	236.36099414243941730693818948647684	238.18702801536947456347956574479824	239.99903912472160439758079429759313	241.79623991123368078842047135783967	243.57798192454784294542092490632029	245.343734829269384431553030433265	247.09306880866067689580411892062846	248.82563978923402242528361259892773	250.54117700978163488703733976342349	252.23947253425169345455959833168644	253.92037238044633184240305935541191	255.58376899209907609763779945169772	257.22959483034593969679098329960179	258.85781689953812027922899768173414	260.46843205510865235468966583813383	262.06146296873194140918346924878024	263.63695464581154305088068424054265	265.19497141089559841690587340103436	266.7355942895636710761496417247519	268.25891872797030985438347813710837	269.76505260108208059383038239613618	271.25411446870433249697315195752353
3.4461847835083185669341954926858608	3.3285579083618614425659915214148926	3.2068378945025682489918578714457919	3.0794824076613292217851981726997301	2.9441940235106514106125100347859147	2.7972921822775524677716977569313663	2.6323125013290804679784021461365973	2.4368232046950451395891462224624018	2.1874619861009828668751081692402299	1.8318970218838090636075210744061652	0.99135163272833318788769276026226656	16.299056163550887531547629972379635	28.544575911348835699506820568720603	38.937278369056172221259620695289958	48.477653447961404900613454780590193	57.67676881217061183173809196516422	66.929714307356176239537915925868168	76.654970222834504369925173979531422	87.372136597214095283673522189419677	99.647893756947055789433474349052665	113.85361200228359322482490902103608	129.92247890050394227945209575825207	147.29208849074454411414786355962009	164.93236866753345112683972979565536	181.36047010051901808852300020688011	194.61133738734137390012744720704204	201.1896519381135126053637750788037	202.02918968600066793812444558552607	203.0528364832139917896211785688375	204.23492884647917327717531002833462	205.55209302918358811673681363168584	206.98327884483045041203418212882964	208.50973088530146309029557898035239	210.11490337655853577056668130860928	211.78433012133597641118153365321454	213.50546299335062527141375773735576	215.2674921557077812797102853621456	217.06115947688651310825110033253965	218.87857425296330034360090726345228	220.71303784510807983498826082473484	222.55888154171136536824206320396021	224.41132002775172611707511604488234	226.26632135306893433036352609992987	228.12049321822664347692836436699002	229.97098468887295151991376738390155	231.81540203194154340255488223070011	233.65173716756689837429208430999106	235.478307183608804343040660243715	237.29370341216750477678010348492668	239.09674867885783851065398433626449	240.8864614768539720872482003882202	242.66202596973563255525095632625463	244.42276687527240470962655788778388	246.16812842219978466101953912119139	247.89765669769080421066871981840526	249.61098481075550030822835171634887	251.30782039722587252826512121526655	252.98793506735216454216553737200446	254.65115546917227260788731202900022	256.29735569639670168357666178983003	257.92645081745577485061702648687664	259.53839134132369661226975563731641	261.13315846826847235174194799165097	262.71076000074729360750962705072732	264.27122680989860207253778648458287	265.81460977309992405529644359950011	267.34097711105558090687962397260608	268.85041206568254938985669886157502	270.34301086956921247040333038827066	271.81888096604053165555907685580089
3.4388645533950900995495517068955608	3.320557285149805495363970230748889	3.1979959131017119025922576877639392	3.0695619373106839709359427351702749	2.9328233462241741139146293265872735	2.7838382170401238539308163854864687	2.615578394181438898395978543345546	2.4143718835234516514540005118528668	2.1547817796532092635550891568019818	1.7744493007399415359353363516477286	0.42936416102858464465091334747456961	18.16783349954529589263538718337537	30.1062219155449795157662487964428	40.377023988005313192903540027482332	49.873687324498682014509294811576411	59.083942643620684064362926375522694	68.403211447053509490786685418641428	78.264563953285328877786859370719071	89.2068057576207906690185557259394	101.79779655908590441130583961024728	116.3750853954673331195644542739078	132.81519215408318877342862075448901	150.49156565890194325816496675425321	168.30021028696392552527650863629084	184.66947769361365584355127172645735	197.51154243122543980256994444020127	202.90056288786402153777790501459343	203.68777475555144609817016589198427	204.66185464311220732569410703451599	205.7967762700337100371920094216315	207.06888113842453627797833228539796	208.45689698686153302168952390396014	209.94189527357640828175313819224074	211.50719427872962440401547151482616	213.13821939714255162766357534344557	214.82233401427656864571463699672045	216.5486539316580555640777633281583	218.30785653601188468649645023151194	220.09199352008221144960696488360748	221.89431347816660058396791486046533	223.70909843457326658598638232294887	225.53151648148093148140043389870469	227.35749125644176889550518007955842	229.18358795798715279953087998049051	231.00691492415243326686116520371168	232.82503940818107803162589384658338	234.63591600687819777727831316589881	236.43782616428267750461533423403729	238.22932723643221157442228159305603	240.00920972093331745407346776359039	241.7764614006740825734873437630776	243.53023730527252145920246260082515	245.26983454405964220331946045842227	246.99467120410282493971636135234078	248.70426863319952528656189982896878	250.39823653517698756609681765762193	252.07626040472096515645235821006875	253.738090904406988917908796106821	255.38353485814487970635991541848351	257.01244759089097985151102287410796	258.62472639175994059711763414659074	260.22030491688588135416127552720024	261.79914838023601050245208688936004	263.3612494079771993649341915034666	264.90662445177796736244988115252565	266.43531067668325665597516604857023	267.94736325173453772155423919183723	269.44285298470411437846358683064287	270.92186425139702130453277165140821	272.38449317852598379109264600472463
3.4314608332822922863024991754588904	3.3124553279500977088558228144190714	3.1890269953548707793114892200059043	3.0594756632081406302552799262710603	2.9212232467270472590244043126956091	2.770039662131768832925055712523867	2.5982648047567030383613997413897342	2.3908512005810304775333318866149819	2.1200774825759153701133769781054663	1.7101371446420971489869104205812335	3.8535199906893093599008690712498331	19.982533704508038209477799980234877	31.651321125232187713096083848783536	41.812534306416093350232541889873336	51.273007005728643774036660469110529	60.501482516029792768179776962208529	69.896003001296042048732639038526237	79.905837994527573080358641154641357	91.088541595131108730641995668744319	104.00974086182353140999791443916744	118.96918777612392253209796769219563	135.78468468047086667234930621984335	153.76343318837469187557766530457448	171.72385457219654619742559404641999	188.00024635043648227460411395753933	200.36747709821270477388100872511548	204.62515398220137860868115107221116	205.35898545888273410812296132525387	206.28253750585121752657736272905698	207.36941172813166020172526237142608	208.59565684021445308767760305958096	209.93977139723193576325629307461676	211.38264731753574850051772579031019	212.90746109728640727225906779639197	214.49952437851800476658274443762655	216.14610716628595355842206385644534	217.83624643703171353985786257458031	219.56055104205160359324636692687834	221.31101140757251077894609941972662	223.08082006584156605185093374630457	224.8642068243360051134758954049571	226.65629054417613582373165623061182	228.45294809770660126450560672375842	230.25070008484589995053264920613198	232.04661224784223745989133036125148	233.83821116042894213297811590751355	235.62341260845507486331750339023572	237.40046106131502642357287796468559	239.16787870565671086895474196792053	240.92442263843646433379430164487883	242.66904896545054480303549309560819	244.40088270867895985454669206056051	246.11919257721161587496711357079533	247.82336979702014586397176840203459	249.51291032095595465789513193343925	251.18739984914544038054972545140253	252.84650118710501059076881034756509	254.48994354687870067071573226666826	256.11751346597309953406649212866341	257.72904707471554290860010292333624	259.32442348993871152404554513700968	260.90355915164961358831029523401829	262.46640295123265812605532551908588	264.01293202675992105233093313573087	265.54314812110019883103747810187094	267.05707441800527897906182835585675	268.55475278468096704238734344084134	270.03624136173647059501607889889807	271.50161245102716020115035878137248	272.95095066009375515982095514486837
3.4239720042061278419658110342363342	3.304249656942746928995633759450897	3.1799274841696926269372329395234747	3.0492176124643020443820349995167029	2.9093831078340313791977170609080287	2.7558753457064066505384532560112838	2.5803241875581508795786671660414491	2.3661655819266203738923686422568401	2.0830946724094391824821155584680981	1.6370334828228796938822230832093918	6.7097388761683233035705290662702102	21.75161803669067853240622865678365	33.181836958846024138907044619127612	43.244758605290386249521782351699221	52.676399685684135295409248999210371	61.930372693558951531610166116732845	71.409566817075021458356240780911771	81.580908478542071322217200492038536	93.019889318538199139110313564535277	106.28624080559062569284332176242427	121.63805812610828884908338533795506	138.83247723823256210243638367929437	157.10808150265129648544504939510259	175.20168323405467596795746761820537	191.34771318850424671447450570329068	203.16451619641805467707973427690111	206.36353151980574708231371109140581	207.04290636438550682744950539277459	207.91495124479803467734918304687273	208.95288580152777571152973755334965	210.13245747708047856849465322829248	211.43192815844579483111184877001741	212.8320035030762150060082264105706	214.31571212295591722498842309825038	215.86824634524000361275144504495726	217.47677772291924341888204721407995	219.13025979561666127178560416110561	220.81922870286744796287396548383848	222.53560983931447055196851055659532	224.27253629497153524330702610334769	226.02418263628478376217693117083422	227.78561579449476549015554125955428	229.55266347216767935484647143696972	231.3217995296401236422045603443286	233.09004520680454729187940978618549	234.85488469849355573623441983448401	236.61419346279663766683199140757492	238.36617763782807577737910424356934	240.10932302487990746989511112350106	241.84235222754883260226186238580879	243.56418868997646411016586313127664	245.27392653701246071534362254133233	246.97080527170548432740703170662144	248.65418852705876180529092641759765	250.32354619418060455755959460925086	251.97843936129515699406348558106189	253.61850758776303090026049768966967	255.24345812446820181888334068772585	256.85305675323558246428069096358688	258.44711997766940593703799013809651	260.02550834379236914753306926671944	261.58812070723706502640792591543638	263.1348892961592048197200858916604	264.66577544488333715102577595844995	266.1807658945809096431504506584384	267.67986957568984842485813061318938	269.16311480066179466570241326795586	270.63054680752042715688307742468144	272.0822256048725930286399662311528	273.51822407659200706585221624239258
3.4163952194647305609075491258337749	3.2959365039905855442727974860693897	3.170692099355440633066790148644749	3.0387798030481974943863052546904521	2.8972895566285657001855205718420388	2.7413195894014666943753369093884595	2.561700174770819509816680483684792	2.340207850745214895145055180406389	2.0435086706701801322025654160906628	1.5522343365832442394943086767491501	9.2085241042564917137666658538045795	23.481930953669176665152225295178956	34.699741894960691075087513478421565	44.674820591113138807689496943428083	54.084880497429073718853162741949805	63.371875605020106123082569678300441	72.945714052119377012400080643887169	83.292254187678552579235214100274744	95.003763582546004336615973957335768	108.63019254513706449135386472908086	124.38426112702133317606652029109325	141.96053545016940059341180254743184	160.52628734325726333217658638215062	178.73229317424910112903134800881916	194.70662013662952293462673074139149	205.88448316144265970116888961609687	208.11607163280214753680093761780826	208.73988285277196656002364707887571	209.55941439638793019485968113107276	210.54749347443093281855166160078945	211.67955726043331933177262158729325	212.93362306168212822257359913745208	214.29020319933238427101809466199942	215.73217200739776740150969661596998	217.24459669349413556306340328309561	218.81454508659336883869160963717156	220.43088251185311733813150342284859	222.08406808301402039674357060332121	223.76595828293973348527116227792916	225.46962328225717654396669154301582	227.18917929990087449005972815026731	228.91963856789227647861054753809017	230.65677715351071731025814189850255	232.39701998350604052915115247317576	234.13734184233088024504339404889495	235.87518280553940026073345451941341	237.60837645026893200265669685341158	239.33508919439555604376684445669165	241.05376920897256590677456311162113	242.76310348557824364732469873441982	244.46198179892318077247308679570021	246.14946646632888299462513641118001	247.82476696016885220672853028206277	249.48721857144036880393726591072496	251.13626444809098770013394227413853	252.77144044354159441340825053725421	254.3923623018236725936309997978266	255.99871479065878550676508647202587	257.59024245658674029164005908789593	259.16674173508003688878273814707834	260.72805419432253438365174403592091	262.27406072969329923286284376727668	263.80467655838237297577463533749622	265.3198468889228344516794564439145	266.81954316209917974341936160364106	268.30375977773905328372402015582615	269.77251123573592379004380652723271	271.22582963168557638009312890033045	272.66376245757151224016906528433088	274.08637066539694050705860931241188
3.4087286850071094212894306297855319	3.2875132074853197300446392278568117	3.1613166956061056366637334185594704	3.0281553309603573229698381347721662	2.8849299633317905596729483949145266	2.7263461843108671603083466334367612	2.5423322283773899879899572509150259	2.3128663191218148295770162985763431	2.0009153726410617661878558109876157	1.4510472287919994660468870915390688	11.504347624705613910600190705534886	25.178736798456839349416575035897356	36.206591019893831729704912481945413	46.103591067303522802572581147721804	55.499270550488572191016486946381549	64.82710322436464823025940519058044	74.50613227290052282541254596659745	85.042204574041291431686445920830748	97.042857118160530061799912239644465	111.04417969274076403691160266905203	127.20997452856100125632264310223382	145.17033450154047653232294261115258	164.0181749304893181988171197702241	182.31339523165971271819429077288374	198.07037948465720385319456821259933	208.50207617858500179623790132803876	209.88288989300443268931045570860588	210.45000731537103312477160914038603	211.21599975612427226771120252819916	212.15329094895312894043775060468864	213.2369983153128670424712851654169	214.44488626535789317388091935538114	215.75726637048166756136198486953959	217.15685201262825764372713023502304	218.62857924337578803144459816024821	220.15940670413419038420806092791784	221.73810656996454284033743306148009	223.35505648387813008338040205548821	225.00204002809269590523789918923562	226.67206088583177080416949359760874	228.35917374559076609620792855675633	230.05833330612665343172320674233437	231.76526147875282079773995073975237	233.47633201515330439956406173300519	235.1884712501944199068371257176238	236.89907336417929856440065163895254	238.60592846886821955870291137905221	240.3071618456802545268522114804003	242.00118276643106312487152000031756	243.68664147087559095623428965929012	245.36239303776181433308399188094922	247.02746704983799770484064995484587	248.68104210949187727538063795799814	250.32242440368242844535932089066734	251.95102964366302709679498972476135	253.56636781542441377390280360924986	255.16803026910348503696406474914124	256.7556787590545187419361608257974	258.32903610968243504814921102641353	259.88787824047254461733784603567952	261.43202732898036058858031446227019	262.96134592931384847162312875696832	264.47573189545418744672795399186519	265.97511398405098051607484706920324	267.45944803324565516825388920088167	268.92871363173718699355270416282746	270.3829112062431752497951060336646	271.82205946761663221688398518609166	273.24619316559967743992336715555073	274.65536111016740140577622062284239
3.4009701348970075829704986235560532	3.2789765382546808075412052553885749	3.1517963972801326093105855247776376	3.017336243816813534726026079910763	2.8722899136180566704270667409896864	2.7109251213444551124774210232703896	2.5221511710500113293503514150463138	2.2840183023929256317279531958788364	1.9547961365004510314500664279028421	1.3249041999379536424739768243916138	13.662158448260150516960208695238858	26.846439758987747361975677521570178	37.703866722386522865930688161083272	47.531988128975510640135578619252539	56.920488653786151482593921400379839	66.297314712530340791202568754094142	76.092696287629368090143573676592962	86.833277638498923201440435603260744	99.140028977832123207453202519009059	113.53093381884133703570650158644768	130.11752979413885596338747045245122	148.46346866228995706161749961785436	167.58387206581084332716658252755813	185.94247382233692720187119579640778	201.43161213500368327225667666097388	210.97838202732149651628489479315247	211.66419441025390185369338509450607	212.17346120270865982399661991390562	212.88486597779376628024275963941498	213.77041731729645883963465223984083	214.80490288584989342224847992175487	215.96582544557465099060783494865293	217.23328804519583618470987781827552	218.58983614303222717682023649802427	220.02026835254704931959656776977053	221.51142846152877171637285174030336	223.05199039189534268597749915739808	224.63224573238503886727526258732977	226.24390106013283077681251664095309	227.87988990628404951401951548667484	229.53420216428059102473969684531583	231.2017320961802004562859892014023	232.87814487708730897853495082292334	234.55976079087679241707786546170472	236.24345568419193659496765870270047	237.92657602718437043291716290279535	239.60686684776386648937970612086653	241.28241084459810101291546934672754	242.95157709479678868859759453452927	244.61297792294527219743910943057506	246.26543266439450568154553681330316	247.90793722179284660384145935035047	249.53963847156821210609310060298605	251.15981271998226935052076767651835	252.76784753486108030087918116245521	254.36322639033356130073347769461219	255.94551565351470364229601959467785	257.51435352581065245154343782157374	259.06944061424174245456202238661585	260.61053186679965832374229046387599	262.137429650930139951217148308816	263.64997779230532260290733158388434	265.14805642405912268186087703980405	266.63157751993742679580678749679442	268.10048100881232551490345551507347	269.55473138379237352752505680331581	270.99431473427875470427583872410725	272.41923614083507373619993233175856	273.82951738253533818590010695318829	275.22519491459893052979502754994178
3.3931172042637822557227357078524536	3.2703231032918786138989583639281065	3.1421260348311136276950282178992825	3.0063140032465784969085757687288617	2.8593536515410674567601342655436326	2.6950228190136921099242451577124456	2.5010792549829652878182499443544078	2.2535277680396020690144733192818102	1.9044799246394287870691583167742956	1.1547326716656158482696558665153188	15.717329790168152465907307161476927	28.488727598524768434881984422727662	39.192927128174505113719788947572064	48.960912186082982682760490571314904	58.34948675679290403568456994019104	67.783851692508238513181161223097778	77.707394786705272012556532674011489	88.668094661238729180919901706892741	101.29820566948238719878587441360501	116.0932219277203085251914615336003	133.10927960075799597919491165454225	151.84149041200271859392698341618895	171.22331834921892846304684786646644	189.61655954854923118041122277996914	204.78179227920209294642010103823829	213.22840327601876684180914751383967	213.46019789686382070492330135519716	213.91042980358699875278021238293038	214.56617492572962823333618263362336	215.39901436319325281493029739958039	216.38339547629902502868297377725333	217.49655017828162076799571517322137	218.71836484987229830769913359327074	220.03120974667149816718038482355326	221.41973950832560459571775818493688	222.87067719382965742058821318083901	224.37259319620644130191800414847581	225.91568832322376477880227404708519	227.49158792343255418233604238594344	229.0931516112925642669662106221833	230.71430113635494047622336986004876	232.3498673488662203174814311929423	233.99545604622778218041795083645277	235.64733169883882169844713414751086	237.3023175806286753161170112868265	238.95771059667625952701191285402834	240.61120903756356498256090179596317	242.26085154204513653521700057217087	243.90496566981733298294993642257708	245.54212464292722793190146721750179	247.17111098453759278175525575837187	248.79088595263545291693293207976855	250.40056382493046179616647304875302	251.99939023515623554795391870609146	253.58672388759312241422410725129494	255.16202108812694640761864698526222	256.72482262101167262041735204320522	258.27474258551178472803123181068569	259.8114588674257829270298398043752	261.33470498016031517833730203979106	262.84426305458285238927604446166107	264.33995779473264308258407907148569	265.82165124964923477892665560801359	267.28923827427834685021944732956789	268.74264257709118504534509423024588	270.18181326717614938932365186052376	271.60672182891870002426780787778444	273.01735946383963292133390513795177	274.41373474902179439004896283968037	275.79587156961621232631812328937714
3.3851678299082243562389458760127448	3.2615497831111127756045018220924033	3.132300622983484872400961119188024	2.9950799994032889727121227650109724	2.84610458283754374327569581311583	2.6786023992645540645024689368223025	2.4790306125716810500582155689633881	2.2212404684266504520210551900698723	1.8490865053984248922444879275432829	0.87518186815040440830659870245107781	17.691869457515391601938005247447276	30.108651967538945138043720132719051	40.674952788333556963259571402365108	50.391180582409187822365768076089567	59.787183615134715137804613536447184	69.288068863584920764271390641772902	79.352247967814817523120078438845954	90.549282663383982883305292808364127	103.52026464993775092363634171088511	118.73371255987977815043580388832778	136.18743994832513596834005270367082	155.3057226017634187543422706082503	174.93604770283539252025694789018582	193.33197947248606326115047331687982	208.11082822061360104688555105493958	215.12191061216514274910794414713132	215.27102531399302954499976721963636	215.66101295831747631716591133680748	216.26000528040537029034546689690882	217.03914290696275737532164150580834	217.97252179949388429150314610693406	219.03709336880685509140613979128384	220.21251880811987186506343281105778	221.48098558255321445063972083957032	222.82699756797481573554255022880553	224.23715101001862506414772977146483	225.69990732449242521147653229855651	227.20537166882042818674729724885553	228.74508382085290796606572688490792	230.31182561477762459265712182822677	231.89944722419202854998586809773843	233.50271304198165192924903356267708	235.11716678631372432640943357169806	236.73901471699519589492136046379192	238.36502540634611608259185964569704	239.99244430098534448510506653857826	241.61892126710176671809174885416357	243.24244937714638335757672865131786	244.861313325020308510191874426432	246.47404602021552704143077458917138	248.07939208504117118662234374377552	249.67627715068727775886444839115453	251.26378200788565348800255731955949	252.84112081227412252783152102554233	254.40762267243300887274688323279048	255.96271605857011414885422064933007	257.50591556291689835511894659766857	259.03681062491153963192426676688121	260.55505589775390692503974551455801	262.06036299051118772558264070106309	263.55249336517196275980574360376217	265.03125220561274458822144563071515	266.49648310892795929843917413071052	267.94806347124673963514253581309969	269.38590046590409402910315227861103	270.80992752631337765341570669252812	272.2201012612679478802608272429736	273.6163987419933051185227335507083	274.99881511004517722248939671773085	276.36736146320261834897787219644169
3.3771186212735516023344502946026015	3.2526519274680783571622880880575286	3.1223133252026617759942051452553528	2.9836231833219625507357904138387072	2.8325223535255342661584253774194083	2.6616196405588033381479907131041489	2.455906307330392830556789871379666	2.1869672205586111018488670720179895	1.7874202696432744302648754731116999	1.9320449218964013047015975523021682	19.601076397773397710052555826751944	31.709074230874330085489081267764806	42.151266051820913398619731245153812	51.823825746064877697457496820275065	61.234765141866747827795348505130363	70.811648304115181643177512018204747	81.029644888356999401413233586895569	92.47985929925992208269715515287809	105.80948803605892825745238624577665	121.45552025268112760589669867979595	139.3547211888829743143240178986769	158.85795650491188765315779123669114	178.72191703522572178202810516608765	197.08504585471886537644095683613083	211.40738492518497747177056092980341	217.01363618442787436137270005680475	217.09708319840322632796252346582089	217.42558203693771637853538764189099	217.9666978908682673693660381814591	218.69111716309170318948403282062312	219.5725726974665375178181838502862	220.587725234910438753757440036557	221.71600183875820635636028821427453	222.93939924799098486407148120280004	224.24226349842246958029986449034605	225.61105770176680005515378127692681	227.03412865310160081152204610731388	228.50148082780979349935319322378363	230.00456395534427986389296288678878	231.53607811167750324218016500941883	233.08979836536757400678782048328423	234.66041952336887804558390828866751	236.24342045154376820576511962375493	237.8349467399320253583324967931375	239.43171007612671805084110966757457	241.03090250733241000946242405237306	242.63012374638464946564556541241502	244.22731975585254058841521265871793	245.820730982498441980054536689813	247.40884878387119854001496550884644	248.99037876654439450360541223447715	250.56420992937318437443342198518264	252.12938866674276011425567770305967	253.68509683187193425109617245619652	255.23063318847487956426512742703792	256.7653976883699033769668890119179	258.28887810894503422595986884015544	259.80063865965832418779878031725058	261.3003102385703152634690759679663	262.78758207051503545166112843540928	264.26219450718793084034566904288956	265.72393280527050810109340927044288	267.17262173481681292940297138804398	268.60812088610552385051488361870037	270.03032057641740167451662896157332	271.4391382661674262091769955477837	272.83451541283372496017230456618138	274.21641470138369207819898857935474	275.58481759998553760611604357339242	276.93972219787107788532246437101741
3.3689672789593359496731473443301389	3.243626018088546996361183406041512	3.1121584198338530927451416809663463	2.9719334129561228063225308342058698	2.8185866440662109589995827392014834	2.6440271807758716643010943232227082	2.4316011117805108658975179578572934	2.1504802517506144943862485058989334	1.7178281125345214344036140944917038	5.3737854210422612391932186783885627	21.45583186248922901300461669066234	33.292259398749609117559465257791092	43.622894146720311055855352460447116	53.259665674328229658117431333795211	62.693253517562206446165243514619117	72.356147440026212942276646702171406	82.741842087760207779917556575173884	94.462659192264282170765881679493966	108.16888342953608093646904140755301	124.26140392595426369697945945008152	142.61338845929089692577766929709108	162.49938153826158996933029302078138	182.57993841025448322878948664368349	200.87084066425262058153459251514326	214.65733909778067377714826811284309	218.92214176223237285096664971462832	218.93850718277946040478958623897232	219.20424581178294752884052502246271	219.68633894131514999538443313123762	220.35500427523781329146953776964453	221.18359922527239378002128189264365	222.14848320462693139008703293536224	223.22883980073285247372053576957858	224.40646675889877602870411304429791	225.66554492587441881228573897485375	226.99239773457904195595213891739617	228.375251530995061309249137099696	229.80400492406668422731710205438853	231.27001299013680782117268292434051	232.76588996309407471996594828283316	234.28533218824097019555278082905334	235.82296168271122729789688684020796	237.37418962277779850684712628284776	238.9350984145523969832199406661971	240.50234063048846990390364725206334	242.07305293638684938489651654670284	243.64478312716280306257537974601219	245.21542848084480671631046461188453	246.78318378851009300078399334941597	248.34649759254077349563555825139113	249.90403534790720685556213057802308	251.45464839708746344775587046272126	252.99734781249857023960547248320706	254.53128230618626343287494646162545	256.0557195349097018834396712130379	257.57003023883719923398511321886132	259.07367474702057897757635427719721	260.56619146023402275178398326554402	262.04718699106475186572509580114151	263.51632769325322376545738055041842	264.97333236047126123619274969550404	266.41796591052231359888145946462174	267.85003390567343717020134487495009	269.26937777945581687443366626647475	270.6758706683228129731442862840992	272.06941375909296728118110854685566	273.44993307926309707516882857903274	274.81737666896658609142895140534444	276.17171208289445014525469757347303	277.51292417849054018234787983930323
3.3607113971078662085046796189250317	3.2344683432606499864922551604292593	3.1018298032620322350672423742493719	2.959999698312126592725311095907096	2.8042749346961334266020711109979523	2.6257712037750942314036843662136766	2.4060010954181142165153037128382693	2.1114921591851823976480941959610097	1.6379056889919182151071910467682026	8.1624478108710565189867084009720466	23.264413974585189172592049620307045	34.860195105595085432274117154387549	45.090809419178634626083112035061341	54.699528353173598012454589107215152	64.163732267046496097810675810876582	73.923230018087434387904289411555255	84.491206620504434714137238666465272	96.500609558939201257385991460151675	110.60150624675049016130869968380733	127.15415519642888195633847893707498	145.96570929302762743048137131403355	166.23107807845114634386653115081088	186.50878951649433486241336353835698	204.68367872990519864340932034985416	217.84345247653668554500464725404365	220.84759785440391165879623259602572	220.79543495167965258689470376460616	220.99711447908805623330605896090762	221.419015549555572986638638665156	222.03087193732668672344825453030015	222.80565268844403629340533509746016	223.71940472236626292550423787499574	224.75105838736639518005219200035472	225.88220382509533956687869180254124	227.09684906325353335431396307687854	228.38117108027444129082810241334437	229.72326975472867812392401176079448	231.11293248772294504554356306899951	232.54141496754133421062365801460403	234.00124139334756464031279282733368	235.4860256776363883903939593211881	236.99031376656621861523514197274465	238.50944624387666105221516595503099	240.03943976136558647073408139404852	241.57688549751261701136276144614095	243.1188627129867495422380890922414	244.66286548381664176954737316302697	246.20674079726149660367211353767487	247.7486363524662507611962768872583	249.28695658923078259355965614977322	250.82032565375506394258453562982903	252.34755618937477178578371032394695	253.86762300447462847091247360210712	255.37964081661297198158491407631788	256.88284540087490322307660105495413	258.37657758061206139025901406311552	259.86026959362227012170626432452727	261.33343344421461755035642417506072	262.79565092131896184011118177828729	264.24656501388929457346429363188765	265.68587250386319720753589239112889	267.11331755237166547309823378877782	268.52868612910784700260026824473889	269.93180115539045964360124814001165	271.32251825846047335581411887546471	272.70072204755818795802003507174336	274.06632283862598092636208764656714	275.41925376587045723884463070276872	276.75946822805889287071432385477803	278.08693762570481629790551829424577
3.3523467433195524710629642322003062	3.225173077161960133992942173481282	3.0913187956690285541570632154900756	2.9478075915658967676840524782791702	2.7895591307420942665266732357804529	2.6067864251001659326649874448372625	2.3789792920960130639924875006619797	2.0696271674273287023464943946140106	1.5439063949582493341763821655444609	10.660100090259175594502976140416676	25.033694211792324001399959900559288	36.414958746560504641143516305831709	46.55623799327217920790804048682605	56.144552859538463715651858699399113	65.647657529651212434894198126851752	75.514996945562567670225328952524085	86.280583016619084815411504400702603	98.597161893557247983499413415560592	113.11097680820035180021940326961362	130.13721820184352485176224980749313	149.414661804686813769746830724032	170.05478616618140008130845321005384	190.50758959735661314978257003095997	208.51777649409418392713449778978561	220.94451418179558491723401131532892	222.79057494762879145247434811350538	222.66838893655101021561732087638784	222.8046688932033527353422475216548	223.16517237390236901589998895282539	223.71913310163689705331785387522448	224.43911809662066965272358186334896	225.30085002453734951530566682680225	226.28299574513802346545833895711461	227.36692878809300422554885310782262	228.53647640484537293100787282895212	229.77766207424653763292247663622971	231.07845296607131903023064822840903	232.42851974668672852920983309445288	233.81901382586636465997124714513116	235.24236504419960683255958253116109	236.69210106018632842537709021340215	238.16268837225771613887601520046236	239.64939398613506719996639694178382	241.14816615724824366769001592905319	242.65553232864053930616025117450398	244.16851227710027920168741149901776	245.68454451036326392696336742812482	247.20142407567063564981086970096034	248.71725010595267062780283550219338	250.23038161692825020408695823035601	251.73940025858539045129890586106838	253.24307890524853807480666975832366	254.74035513480018990412452815964424	256.23030879514163352040822470019017	257.71214298528061025650800698701105	259.18516788897855263572522362371746	260.64878699370576173854105301711994	262.10248530520328372898600658542199	263.54581923741832904173675309482396	264.97840790896384239197984575995415	266.39992562557224101460549479166285	267.81009536428527699287439168797367	269.20868310835522335920763484972345	270.59549290346087473113574054456512	271.97036253175574242509531233742705	273.33315971421276558856713836911643	274.68377876748069173634142905033887	276.02213765303942932123473942069734	277.34817536620532798787972338749275	278.66184962052887842739878193624292
3.3438719096556451098880073166862763	3.2157374363461957727608631118407606	3.0806199435936416918815696065935368	2.9353458362279844792904025608225473	2.7744133037533657609477960917697425	2.5870053253606265934526409450674966	2.3504118481936223254595643657196768	2.0244187144809801732341185759574715	1.4294921894159492539298922894893154	12.975473202072971219760512028211629	26.768648589682641621198187474972681	37.957887282239079406539787590611672	48.019849384399858404444531007717984	57.595389079187834969465729734974639	67.146039053312989871531759803657987	77.133104268930389482954921611537503	88.112299673950433731667406857353373	100.75512974895451704102448160609815	115.70009134784263164048895770080895	133.21304209766980678821594570317525	152.96201893481379804322246618944007	173.97076174050709800259261139444717	194.57362299399362223704947367392445	212.36496884104800508352422932307604	223.93059170486272952575346877968524	224.75095978880738247869423267041874	224.55723146239954205647011928069328	224.62675202877483779844591373952506	224.92463718371490988657064756224633	225.41960372578697052558069566848593	226.0838023759853167223946464378912	226.89261928479564334650376449813949	227.82444716388642077431222303218184	228.8604335871593087854096167944473	229.98421679869609679117325857583672	231.18165950863100989898143746216138	232.4405897535447210868176224997307	233.75055578800696156263592800320225	235.10259972948764019836919575480582	236.48905263427235850698443387593592	237.90335200137740477966050247426709	239.3398814344043722260128058623022	240.79383131681217125387497421364616	242.26107881621688257302097480976292	243.73808525710614776931844580121004	245.22180881834459802521091999347898	246.70963056001465286944651288095478	248.19929191464379842046237351227701	249.68884195283325248775906847791812	251.17659292626833951650439384172228	252.66108278541191885328159961772316	254.14104355212314756348294625377987	255.61537459581482241371571058099552	257.08312000975913790923592787670914	258.54344941408261227780726612471371	259.99564162303193768485087991128667	261.43907070877796332370656151338365	262.8731940711964306070516466180728	264.29754219384994705627471189102893	265.71170981585692584999057559768271	267.11534829938160677530071600881071	268.50815900766072054203556659643048	269.88988754176115335924037510947491	271.26031870676638281589101100405284	272.61927210281235057648672966973848	273.96659825110389059934351781153515	275.30217518070273121454528629084758	276.62590541328960102273405899087343	277.93771329301824667838554985681276	279.23754261656667371298898541785366
3.3352819060375218479125077902323766	3.2061545476037381944951234541583882	3.0697229233667276717564760451539095	2.9225968805513493998010146060018415	2.7588018953841998179070385501041368	2.5663421579100610982842761019278548	2.3201571142291102637509200980223025	1.9752424124556586419127768595904322	1.2820677144252453917093369414279912	15.161587757672753917508605311149388	28.474030539406199159430476245175022	39.490795805845516713497105542875606	49.482883445195467494605702750957433	59.053308718594016019321877362519038	68.660583450745266006759503534136406	78.779984270764588252792905743234627	89.989541336166749754364317816859744	102.97829671659018065027844491818016	118.37275022458114708072176806553065	136.38537492425738245878014979589214	156.61098814320771112446846761757259	177.98068151888070814631120814291855	198.70533850591418085412340517827598	216.21745590506800287607604878500108	226.75782585974474482356406723551298	226.7294401966798301028110949496173	226.4625958869982754484301464976216	226.46395000790560874179665176954112	226.69795485507319148735800681352987	227.13279243141778480308716194071221	227.7401820754627481235072841747929	228.49516050197487840770411669213955	229.37583507728764198162795696123031	230.36311763631645590870462729799074	231.44044882404698333885264948171822	232.59352301605752101067052483243035	233.81002244559195769070777708975282	235.07936707369576122441773762038197	236.39248454003267057748917852924702	237.74160254579530198958409369617584	239.12006440134216103922875650706718	240.52216726235399652120932055336908	241.94302175408257371591397822252162	243.37843118515057169812641662228814	244.82478830870837452591823066876237	246.27898753038358508859633330173899	247.73835052916752171886331854646699	249.20056340025344657994508822763227	250.66362361322557970453018978503807	252.12579527780812275310959840451104	253.58557140764995305499979970969904	255.04164205833623652575894090281682	256.49286738554624997299489518496791	257.93825481834573587698532859861449	259.3769396730961253284705077307017	260.80816864487475613432938058258582	262.23128570690948212898534756944308	263.64572003024958475467670230919674	265.05097559753552860352297184540365	266.44662224590562182463396226665358	267.83228791435749516703180772610897	269.2076519113887141199113341115554	270.57243905001111756135167855132989	271.92641452051667610898058821262985	273.26937939554097673042588369748904	274.60116667725225773203207622800978	275.92163781169314652215003233530626	277.23067960709031571833106614549079	278.52820150268602039010587009928981	279.8141331428296658404975467811927
3.3265750476006238283677594038565853	3.1964211052794112209888222357887829	3.0586211931774368025929016591197991	2.9095468537157353788447519249961295	2.742691444495637684005055927587683	2.5447076503308043001392913082190686	2.2880753803585419540884900675758694	1.9213024952312597147510781992946575	1.0689313862746758840278084507352971	17.248631228949208474572983510081835	30.15317926183804709563800031019071	41.014748140957509358211560545863127	50.945967042791822618666927132774785	60.519032159650866813753222387709756	70.192483033005678910283810698737829	80.457529130735565112120235528977425	91.91485951263374892991565613525502	105.26965785649575294111608316094469	121.13185353212303404386162135597983	139.6567643178135125216170534213941	160.36331705706072121047616046395142	182.08442755443146600589792441404052	202.89897307378910926480080593928101	220.06444696584568882825644638752021	229.33470365900038408953446308563867	228.72590971996285598131538377794395	228.38434945119746730957865348633381	228.31610925888867929293417266381561	228.48495547424256090549207782330235	228.85851660762164728542970565210568	229.40806486291221459615973090953713	230.10827405475679691821496980973298	230.9369545643491203990578549803589	231.87477234398438103606095291447556	232.90496155443602435920736175859674	234.0130404317049131267716782694913	235.18653854026286670882410439078213	236.4147415061611577769294095345555	237.68845717461674574834901984718863	238.99980521272409601436073983531741	240.34203062352714614032623967663197	241.70934048718516375870701802759795	243.09676247266943321078157158687274	244.50002320626747585417617255186933	245.9154443729834241206437844113518	247.33985439283864300372730169210398	248.77051359880352107671558842648987	250.20505099941368974585412722578108	251.64141090185857963279421112435812	253.07780787659708894538838433805248	254.51268874671175223315940770964274	255.94470047370450726319605519729494	257.37266298228081196460833059484758	258.79554611759405088737416256009704	260.21245005874629865649602524736179	261.6225886243117767359483540567409	263.02527500000143165016626606592455	264.41990949872336884151929655849733	265.80596902781571634916316285803393	267.18299799635542876156061104149526	268.55060043768194280942639926663328	269.9084331623134737467374257520638	271.25619978746578584397828941374339	272.59364551295127087052551880186952	273.92055253739947657406674976839483	275.23673602390026819679477805686323	276.54204053953607144485675079421734	277.83633690516536580489805692460035	279.11951940132248479034386620439666	280.3915032846592248637616185034806
3.3177468549075317314954589693597794	3.1865305581554238281857549018132717	3.0473042167139342587543025161377474	2.8961763567652734504979993826937067	2.7260388402072012856289766470240068	2.5219932082678297603833485710094337	2.2539985037834736983801071507688778	1.8615192021685973305279324523389289	0.58880426590336197722515473873738463	19.256831711981287643131461861356823	31.809401065546803394285994658923166	42.531172942043797931773129417525346	52.410163835071622131522219817057221	61.993773396799126971661560545534951	71.74349880505930058423969223737673	82.168256663369866070692851145327135	93.891501488852752794710811622701303	107.63298492739074599819286233518603	123.98118901323099120837992290709974	143.03079709684032210302915153122042	164.22185803095141113526779243980969	186.28288622643635377086567358800232	207.15139802634385667921884209242488	223.89459658374527185405801974814128	231.47859851925399752373489584795272	230.740872073299247488775633433764	230.32294599836744231996928558644405	230.18364101370037569077303233542251	230.28601363755284633026328399100514	230.59711915938242705194660218906632	231.08776606297589461201386483730969	231.73225112317065775492248835263358	232.50807554734531104430695091715197	233.39564881429202479634800630542488	234.37798934998845235633872915288915	235.44043114584341286823008106128475	236.5703439849395404123530680552491	237.75687291189858691721091022284936	238.99070048967774553747885425528931	240.26383352865540525001189719893945	241.56941448421933561963076074856866	242.90155662989587148081071358864381	244.25520139139333520216973503137801	245.62599581273707245520980441639139	247.01018794762403020274564910289763	248.40453796012864494816646184474021	249.80624282166765895658466523287267	251.21287266029182690586965263608164	252.62231702018359028465493682787613	254.03273950062079620805406885884317	255.4425394496937204294118116062871	256.85031957964151399179888040496383	258.25485854275705791339848221184533	259.65508765896176528144668475629642	261.05007111726615143002699294908272	262.43898908537864799191673564217007	263.82112325666553534380259466674072	265.19584444340855034805542934474747	266.5626018905758975500843300596896	267.92091404184337811874947282345052	269.27036053225708276346955112234109	270.61057522200037381825499453915319	271.94124011647670210849927157437596	273.26208004190452366766837996297638	274.57285796958776318956686371030639	275.87337089734918783640765419743983	277.16344621180902379456309282926064	278.44293846747647604138819868043847	279.71172652774545608255968168045407	280.96971102200503885850473831167281
3.3087926060484858084076018024262131	3.1764759317189128204786905463230235	3.035760612683716161865636529076126	2.8824639640849083046395137568412894	2.7087949203315235493433470389433938	2.4980758788658344369677373182964981	2.2177225675776918726109079354926394	1.7944122617046476706068184413880637	3.930224730994208122264669633264346	21.200479783912123141619008887913421	33.445556316488668445703657595274349	44.041410531269370746933713373863711	53.876535937671984416567637014068062	63.47880845115331001081623812598136	73.315515062607725010648669040901571	83.914822427628385222321142150883546	95.922866000498632313786579834601825	110.07217935044292136517119452733346	126.92466536320965769329243728296007	146.51118293260608805171394524576335	168.18949327655768712964326055353807	190.57673033453734275701234242761229	211.45879303129723819679905276799649	227.69439527162429723919446758068272	233.59703715964039233931468457076636	232.774846100370685395688174552669	232.27885243852399608857665687170233	232.06696785805763802878733073758731	232.10151386071853748739812998562296	232.34895170070536700765245030339844	232.7796086812541175001061969501935	233.36738968968122508203027163856649	234.08947399626929542041146627048204	234.92600354768915911018589495193721	235.85977140235484130633741217798661	236.87591888875487757463920388290666	237.96164863759090727314310204778224	239.10595865136245599003364266309309	240.29940054429848656457010565087347	241.53386329719864670342336076674737	242.80238245053474498888032059424823	244.09897363184866318427771670162993	245.41848864401703389883486892800146	246.75649196896610384794878620128638	248.10915539670789821156992701974562	249.47316850478697704589107059797754	250.84566283483758212458942920575467	252.22414779437146415105469304430257	253.60645652326818377709590639126161	254.99070018170401285196828419999962	256.3752293265833348545858086434491	257.7586012375035042410443727722418	259.13955222776164799011855737536861	260.51697412834887727636184823877712	261.88989426540729395328492257093952	263.25745836352626738046238999162131	264.61891590300562370320358610656068	265.97360753863998340698515983829056	267.32095425305599760631936640574112	268.66044797561214038672482519562232	269.99164344000948371279015929056539	271.31415109435113369602412124285975	272.62763090765252073939779142545108	273.93178694175078378491795064371616	275.22636258036538848855289666769518	276.51113632353006397043865239357028	277.78591807018760632714561032675739	279.05054582422903173655356193287682	280.30488276880607617242399841013982	281.54881466204021530900019827313951
3.2997101096584313297695536191734135	3.1662529346548590156258214167672217	3.0239816871902123564717262329033029	2.8683902656105193490734709479065904	2.6909088565945673593903364796906481	2.4728262998515939635540027290233341	2.1789992457293848933090826380965912	1.717899242284671157979253421746881	7.1006203135397797918336417995424813	23.089666343932165289801653456374908	35.06365991046303113100731152820321	45.546270582365125040797927783906964	55.345703536960477530431370946886925	64.975027848114013456262327481855173	74.91005791552990520978048849257796	85.699470689194169429430446384238125	98.011865633034799591332731590047216	112.59049357732088569238121507976038	129.96538170391914201112761670253057	150.10064944985013137414448838242629	172.2678631784705956343183448909872	194.96502200412074254785159549596287	215.81519691183843480075125666098108	231.44639195633780884996938395719094	235.73634953609615840895350539786034	234.82773687858214230150837314477454	234.25194437356418856305672531735074	233.9659421342002265724282807281825	233.93129024759992948735264389455845	234.11383416600716882747905852871462	234.48340178723605606256029866848185	235.01349064743456820242927598948937	235.68094481886836350504955800803194	236.46562725482421609951290424154571	237.35009568716181380996914656541544	238.31929009819617950386429779779469	239.36023837974562745454600168486464	240.46178485553580754033904708950371	241.61434438046709973376397525473767	242.80968301431786934284338626849376	244.04072491739092001072687006271086	245.30138415065940668799292264021006	246.58641944676689021468230817692353	247.89130968908891407180022291399948	249.21214772390610839060783894410691	250.54555017160638445965608974775054	251.88858104194480227487605310515092	253.23868715320206213992691930362848	254.59364357538233569432342913563583	255.95150754110635028155687920450162	257.31057948231960022478090698268326	258.66937004785993124096799166005767	260.02657213287405132348398086710769	261.38103710513391381552567760574828	262.73175454608262960708985341288587	264.0778349374400307987827973179232	265.41849481941352164958621679060576	266.75304402714658627108728421790833	268.08087467653848851379672553093953	269.40145163018095843821406050813249	270.71430421443937585421501800586738	272.01901900122598513853361711294141	273.31523349683045997291509732239401	274.6026306064574359244756581299651	275.88093376499447887157008014959234	277.14990264144899654080166984299812	278.40932933941157908976047497129413	279.65903502777990400208747867962723	280.89886694626217027586052742553396	282.12869573804986241434402478276694
3.290493279602465221594742321673553	3.1558527182867280982486719775067554	3.0119530507237158643344618868948693	2.8539276616987273208502924783186952	2.6723143240239435042727395694821093	2.4460931994131021784184062257067556	2.1374859558583594690215985464612453	1.628817997545477526239341459599565	9.8329516375331787048588359572285413	24.932882820331198110932493686017387	36.666110145285636234759592018284328	47.047118967498181114153411651735472	56.818897540813005844264773225390592	66.484007322575505068798935277119516	76.529426067500152436521865970897021	87.525287469112652727567915064950785	100.16239396515486194178006337281532	115.19228779479611348890219656886115	133.10775863115153016561249233884121	153.8034518031832542628365448379304	176.46020471768284275640891642673818	199.44824379562443338876442097032339	220.21545910359879406714769558141736	235.13089930201325500034218565649039	237.89735424149730063208129733811321	236.90028911611348047740763167038594	236.24290340274281229904599353404574	235.88119112656205564195816322361601	235.77592299418085451299959614899682	235.89230563896930697026751343995342	236.19964832546671668243812990189919	236.67102496650141778490208875855399	237.28293052112701761553293045090691	238.01493695623049879100286779332526	238.84935628403781069686159650420179	239.77091810124981327902910837850994	240.76646768015741323148265098781708	241.82468878472871004299683268187258	242.93585349541380259336950863228307	244.09159968716519795977176633609118	245.28473552854716564148162800941861	246.50906946824840826902580675950278	247.7592636137372529919298415596398	249.03070812018828696866180611313095	250.319414129132256611194503692881	251.62192286234480542220290616450484	252.93522863341534464210850687204738	254.25671374790354298583922356451002	255.58409349191474478289019296106489	256.91536963907000146208883876418956	258.24879112443584287518797363084742	259.58282073386881081653568599466136	260.91610683477418115830131629710709	262.24745933009537745559821894325177	263.57582915044082429648922842132869	264.90029071281515134747556486617263	266.22002687067961546071354864499529	267.53431595895848482927697202012323	268.84252060689474623113165649559132	270.14407804300533270538567587156681	271.43849166708303271706922225574412	272.72532369866465674384352167785139	274.00418874403775237901536509348205	275.27474814954692158209659805893357	276.53670503083399077923891333631172	277.78979988433051373909573185771426	279.03380670292902666041508395709863	280.26852952917489748744117772338346	281.49379938970644917714226782986502	282.70947156307854859525978442343146
3.2811395103265091564090004020699775	3.1452701567737652445219968313530524	2.9996640902966371723478307863562322	2.8390514067840665436748647754046009	2.6529423856669716663247487207440497	2.417728217910285199890936964535904	2.0927517591885378976229094344751085	1.5220806237900008249316032058190975	12.322314079024073043722614163056711	26.736196704027890541828723051126708	38.254423849581173447578516227946996	48.544663643947329919488224941608219	58.296771577597644684860718955106324	68.006800418935596321250748220170896	78.175395978425688232723366325521521	89.394747772550742697925464871959331	102.37762896429981604178029760855793	117.88097984954118784985686395906145	136.35507297360403616718892419570885	157.62245238248608742946866828535316	180.76801307174061005310183347710936	204.02466928124127771479710911212593	224.65154403310463450612451200911695	238.72124274415482076134450779328222	240.08000530938842240330633429142681	238.99241655617535803770600526670517	238.25161142865994021585606200769268	237.81257165785236976746944328779314	237.6352492793369638682102364958764	237.68418804138990538308032654011635	237.92815851059366909923971278209384	238.33979403374069354618818337883839	238.89522600232895731288612004298543	239.57372296942659657718794019068277	240.35734048363422704617269568320548	241.23058843250707249658293932120033	242.18012135753938225741646064738539	243.19445539404718883861518246790918	244.26371367913235617014990359311107	245.37940051296692768265335934763941	246.53420335660940987618116600244089	247.72182091453249957335311909804467	248.93681504229049195982057532607748	250.17448397729167310647670193749764	251.43075434511042508153262460593904	252.70208948519883804792514194716545	253.98541181515996151933070331204384	255.27803717435284458900629952147979	256.57761932556107968299966553770448	257.88210303051437185344324575722015	259.18968433732914851043381482105224	260.49877692124217902731532981722921	261.80798349938627817059205418259121	263.11607149738060737428139664437638	264.42195227948254952044136725668469	265.72466336850415913015416372819285	267.023353177677366538308754319076	268.31726785685910585429041985229019	269.60573992312293206476459060046324	270.88817840042419747936874815317838	272.16406023974570959503907992129615	273.43292282980929960401609167105792	274.69435743775496181607880577687557	275.94800344750235161176393222176787	277.19354328402514950190955363951299	278.43069792897405916720051850015941	279.65922294887641331813219351490042	280.87890496832486220233204807996333	282.08955853136812421076825497852618	283.29102330255104486758280670476647
3.271643127684598691938739898770324	3.1344964379084922055873055025798972	2.9870993276813164439185175284372963	2.8237288944848317008459165157611356	2.6327063571184559714013178011223559	2.3875733946593426111275505667311148	2.0442171295098726785291093532225612	1.3883344142449947714430576188202488	14.648259487726767435864546966586258	28.50502740919477186269101981421935	39.830422914341660916415003744387056	50.040034247652483928588753929140604	59.780458606786107469077712593701953	69.54502098201884104060098629904166	79.850370371274411861712028820764088	91.311008454940084028743957391812949	104.66155230522254760788937661107861	120.66088034879374681911785596511813	139.71168150998745972563441476638016	161.56173032312026178350941991404049	185.19397613212961467218250362193889	208.69346370753316720030885895431494	229.11546689826339079343939806218281	242.18303265102900322745364120763873	242.28492584622370852570991759126352	241.10467305172554864208958310746781	240.27856402111949450245858675507318	239.76052989647161732300817324233839	239.50967311070666184418677802163311	239.48984916058679410875381545815118	239.66926881263526471505764617141961	240.02010707297909743872596323304061	240.51811664100174051972873793425246	241.14224968628471652641722447464008	241.87429410920302062466630306972961	242.6985304046122735765091924044814	243.60141397626369816938615824861167	244.57128601754429715384210424149276	245.59811435009331613159750308180602	246.6732641390515545712847510717079	247.78929727875287272959302555094183	248.93979847574006859542424406608949	250.11922560305420676404945547586007	251.32278170157855980909553801027446	252.54630599276928740548282678489394	253.7861813833802692062463806236428	255.03925613717873679577959547237796	256.30277762304695891748330289204479	257.5743362966802794619355307350761	258.85181831591798340560168925213157	260.13336541739747385881973060213509	261.41734088769751881836855504402796	262.70230064416061515068669412201752	263.98696859858045389275635731481577	265.27021561217882812899126217921835	266.55104146509522883185848704025107	267.82855936014630878148413083340882	269.10198256140227147602620642029116	270.37061283552198408808926746835398	271.63383041885793567015831959606525	272.89108528051245816536207427577398	274.14188949016487035301669424441431	275.38581052770624871084483658610705	276.6224654031608871103088369698472	277.85151547212404029542889355856964	279.07266185277699696830892915113722	280.28564136361514502515662082014122	281.49022291437179551943145123329035	282.6862042921143682687160598896593	283.87340929343562193812147738519548
3.261998113621853934052908608098727	3.1235220939918954979598543076371987	2.9742417989392835304476576149052703	2.807923231226638604163823505286467	2.6115045947504838774458880691607477	2.3554737600492443854447218345527744	1.9911209541537379254289025241886802	1.2065814155046511650533657630417945	16.853553140608940542886798232862457	30.243871197639985684197876879166863	41.395772303521659928627827502570063	51.534332047718513726671292360471337	61.2711332980322211710716590306639	71.100401071974843981918435036919817	81.55689681599535990049816950312843	93.277378666723010275865708573044884	107.01832599168511966960557993844311	123.53644691520360983543451393297127	143.18212447058089259530067717361154	165.62550709363287547498193545684648	189.74072320362365093446958702557453	213.45327961962044328312987211342235	233.59773214985006095293708033259186	245.46477017326504923880695626159094	244.51275917250555879308006542526565	243.23762962458511864306985656064239	242.32427144230709755557373265099306	241.72552466906029283951022686116252	241.39960946876483016632713465145048	241.30966634870093103022245803271296	241.42332408167033995358902448308822	241.71228068455047948639627581551039	242.15189433717824780118184858861426	242.72078728789167516758477917690047	243.40046814275591120760763792952419	244.17497794384015241870809589100176	245.03056424093468387517602607974558	245.95538571668490631155571283304287	246.93924829273586506392149109374998	247.97337226109850743677339792610774	249.05018894034405851351569568906501	250.16316465836556341110989242110971	251.30664946668800940603550136613063	252.47574783802013303795847036008599	253.66620862139160033586770896683249	254.87433167109597108364790605235184	256.09688877888034716185660472072807	257.33105678632530713458463160913043	258.57436101204233007242333378115082	259.82462737750553712647336782732845	261.07994184767052253009317369609749	262.33861601091257920177132622535392	263.59915780737703865478119758242711	264.86024657384808129520007743996369	266.12071170981887114650972953541971	267.37951438462007639468504792439919	268.63573180303303883353073245706714	269.88854362713753952212628584748321	271.13722022073966247468776271074639	272.38111243725608620337066461655574	273.61964271945114211196006338719494	274.85229731953589811492617918394337	276.07861947314999378473091732708317	277.29820339648387859780957995356505	278.51068898980757036379891800038254	279.71575715229823937354975703381716	280.91312562674699180414025171943951	282.10254530551096779170942503879958	283.28379693921631127745969716551844	284.45668819810809172659618594454677
3.2522010895797889819593845479964175	3.1123403752216675504854668501524838	2.9610769094762997973137867960075331	2.791597474798929343323982324117591	2.5892244817916733348400723029867689	2.3212861617618852697949350964464526	1.9324710441653305403959020118262396	0.9029073406099227185331047377095108	18.964179703442702161736875072845178	31.956000390105563249476275376524585	42.951534085599717188808875660577764	53.028183322864241663687898907656704	62.769564554647723578949677445703844	72.674320274274727786210255179270051	83.297131021536045382655928546560852	95.296707889904120737782298413521472	109.45154077847408825246336225667291	126.51137448133670948051263854831716	146.77002909493972482230960101480843	169.81685041481786355664124975958769	194.40935239611095920786648366043301	218.30067073590450668166253974095369	238.08565864546328639311202208940926	248.46563592195187470636545706792012	246.76347919547086130732102213429278	245.39121467213733983282445042627104	244.38862626741302351556731414814304	243.70742041956589220700777056648781	243.30490080646936446670406735194585	243.14346499190004388686614318431703	243.19013660007006088722984634965988	243.41611724616743705287639086218762	243.79635415327271673437460047197175	244.30912562225353451117857425008574	244.93564892647719721514620932078004	245.659715278643392330926284184364	246.46735540241862523017987944198972	247.34653769300045283836691574496407	248.28689941795266871201790439986706	249.27951011914493967046541562031676	250.31666541613616543536391282960962	251.39170878304741962282760379131576	252.49887853260844558300020776603023	253.63317713249939305200363255377513	254.790260036593178900198718098571	255.96634138142881090847500787677834	257.15811413021661339516706645163328	258.36268250820939796305206995680644	259.57750483983199610294865199524808	260.80034515492414672511427373799069	262.02923216724510374768499190748876	263.26242444121604757443281737252076	264.49838074872913639440917409818929	265.735734778905062501151108702635	266.97327350113245902710750587866385	268.20991859792977936152952177165021	269.44471048164647365365636292851491	270.67679449063033129905793280882144	271.90540892905182579312726840179694	273.12987466799681258667913812236278	274.34958607704337939236602131200736	275.56400308986513717311792983916855	276.77264423901460560282009136275694	277.97508052578747049036431762205374	279.17093000813358508425049479134113	280.35985301013647892063104639897506	281.54154787085378421039671273689845	282.71574716279290377748569688736883	283.88221432081449850297358847353074	285.04074063065181312688736628087775
3.2422443816356434624396007142106393	3.10093930974029059260240392730296	2.9475829672157710602646700278723256	2.7747022538162949398281270120111832	2.5657239519771588088602821611643294	2.2848402212422270692386757840055943	1.8668952351620832257006916754009076	2.3396046395195618964411915733976631	20.99858573962488309285553906810282	33.644850299583393173969173047151317	44.499300672472783600683501391787603	54.522811379549871715264850742181881	64.27719000612639356168912531235974	74.268928241303958755333192431222148	85.074056412629447527743380781751139	97.372812447975823374877494168069727	111.9659110860901866998683209308351	129.59068098070732396885449791946909	150.4806236182169597432010744033481	174.14059797630289019945196630177462	199.2026622690747561970608130803062	223.23339646307959576626436973616212	242.56618461956483325337373343393487	250.94352363760827947087963955584643	249.03798302234482104909863332803785	247.56623834180342472331178103723618	246.4723650497915666043657815270918	245.70689089836741302662077538815758	245.22616685415501197602035469410899	244.99181800258631285935835282005585	244.97023841080196752692837733676527	245.1321128792338558316413970450865	245.45196043390299952923139520296641	245.90770075378755570530946698229719	246.48024721475064048835336658947279	247.15313039374693719608042334306236	247.91215486266835657474290419700135	248.74509065998416229256333704029185	249.6413994010680156773014908355319	250.59199379594566895478501734465752	251.58902846875458390964244920005361	252.62571941742268998234153687935526	253.69618917255481695826191172006228	254.7953346513844060657775928868039	255.9187147959699080206030885934499	257.06245527806301802335576806237895	258.22316780458353205392661877231834	259.39788183281726409201209028183485	260.5839867810583155020071342822495	261.77918308360224017789327579728307	262.98144068065402470408743728442323	264.18896374878513479647030788636726	265.40016066670053668411766576597738	266.61361837293791994897271058004411	267.82808041151024747237073916473132	269.04242807776812705502943432238613	270.25566417559432203742142162313615	271.46689897859115095667694540158826	272.67533805620640949473344716189084	273.88027168276233427487649269998996	275.08106559277237565921276573889891	276.27715288762678523575247497875741	277.4680269261271955213014989060362	278.6532350627967454985337256153513	279.83237311645408548180977226901858	281.00508047112150029844478261924693	282.17103572591455815557336511503017	283.32995282350162185585220748512887	284.48157759680896732233471875903458	285.62568468262838422479813517836902
3.2321239648227606204774252807608157	3.0893107249055671872643085950685416	2.9337416266055500198333044797103731	2.7571878189289751893073892692921538	2.5408469008165266380102507671085547	2.2459358180652568824542074880160061	1.7925020754758077020687096025662832	6.0532065823153968508007050408447167	22.969428525478013511768373461413011	35.312739656061183195296924478241052	46.039945297216433870811598741796996	56.018828393964215332570632832972536	65.794908063423400520786469663681932	75.885871684379077246636456439609998	86.89006170645680592600619965573723	99.508845573216656735822190479309377	114.56528896886089101675487422179869	132.77829969347201256459785761452514	154.31782798274193555738288910038434	178.59994004347215453500129242138108	204.12130759580384991760713359664832	228.24635317943173480288886963429228	247.02169126740889425511464837175164	253.35369177849370683899512336154249	251.33625948218973525694985548172558	249.76264002744347774876111789303998	248.57538838127352495765930471044206	247.72380629221062086040988854939466	247.1632540656694613033171473173986	246.8545534297918208383638568243252	246.76344343010200437047908192493429	246.86007080452048436833355662925953	247.11850847840313246025759532980346	247.51630230541708801135575796809517	248.0340487755402451000235887619875	248.65500668300306984670403131698484	249.36474484744012708136378446539257	250.15082665863667967861228963055705	251.00253090051142208802310733697218	251.91060722135463691722631098977257	252.86706383179473939835962964785061	253.86498453094425595313598489763409	254.8983719408539765354164828289603	255.96201381402498872623679967701236	257.05136940656727078958110265653008	258.16247313040767692001719572488235	259.29185296816942614013606605778901	260.4364614239131137468218191211561	261.59361706937276078196709952122557	262.7609550156785781406214806073921	263.936384887012090019221468250312	265.11805509146781713962509931583326	266.30432237545271309872681831320365	267.49372581224203115268530623712135	268.68496451520257674261350049586784	269.87687848406393610946942175328525	271.06843209139258944080705770820358	272.25869979904525659426470423546033	273.44685376300384589210113309160524	274.63215304183344097276597816831726	275.81393417042502974899222499910802	276.99160290191743662692404470050364	278.16462694881821969960875627137171	279.332529585765832152580317370939	280.49488399481394395206558987473683	281.65130825436314405285071686937648	282.80146088716714312605513263296167	283.94503689602041773315392731673214	285.08176422596683489006085218209897	286.21140060082586581426734591972037
3.2218323783758919400244217372105969	3.077442088066382175943795689105508	2.9195280257327246442500270416801458	2.7389905454885351854521594828161389	2.514405515438393434159611682429462	2.204280667087991463465882596711717	1.7064905815855878470965878616753879	9.0568792303189089082998055264434166	24.886819163934902027542377439833661	36.962165813407697404386003264308328	47.574740524628880575445122491882485	57.517307729351503670144501733185909	67.324162295622251695716040810985326	77.527431173099758485174740059618259	88.748192757676869906912388115976799	101.70877729986088184750349117381079	117.25443072972705553208240253737429	136.07926346761434665887719147430589	158.28687771014186989168491026521044	183.19945794681171332076137511091888	209.16712885242422514308161957765261	233.33491723474827886598800318853148	251.43242879210544022361881325378593	255.79118228232029210793516397202849	253.6590031370694654478162083261223	251.98103202413297009840277190830188	250.69823998282661499690546893752236	249.75865270640685442353996002966812	249.11659977269691099694509637556175	248.73206701946895960991601000980804	248.57011170266729044241082473117553	248.60032021580990263948551064902448	248.79630065469471937533190388725726	249.13520918155286400828779769582299	249.59731187700476520219318277104899	250.16558417087335136752235368151	250.82534917484382330177076140116078	251.56395504562089956329411781367585	252.37049031427030844651484191048213	253.23553513557382932273525505426699	254.15094571931190982485241894023514	255.10966880006448669069945697147415	256.10558284356448530303961218864184	257.13336271953308426717652939725572	258.18836473503101796541228288003976	259.26652917047449470280543418350902	260.36429774979271751050856655131695	261.47854378084183131357724190853607	262.60651299809889263975324459264101	263.74577341790277326719140636146635	264.89417276740782878864372612007225	266.04980227161400014132204893013267	267.21096577562555077914668332718726	268.37615334628080906675085428196756	269.5440186377345669829248637616749	270.71335942475265814912397177568658	271.88310080722269749451707743408142	273.05228067198124039947660982278568	274.2200370677597112393039979373486	275.38559720550765925487028723371284	276.54826784413982351693029066521757	277.70742686189014949635436536361211	278.86251584308733222218407454989159	280.0130335407316155223633723580946	281.15853009478787240854350564792917	282.29860190551204218674018770889656	283.43288707657633654067638777141239	284.56106135519212857983961175066088	285.68283450741842734053154490390497	286.79794707530908086558183380909995
3.2113616456363572388332690468145034	3.0653197631989805444690226496229128	2.9049143207366028539046430399354691	2.7200356864175110586541407053248324	2.4861894536140443036067594348026644	2.1594660090349828471560263628646105	1.6044616869221072846399975034314749	11.734990493442452961704072268159406	26.758678223119767523851016395363332	38.595346599571584308289449060771548	49.1048953774306585021504427643834	59.019337620196289065494932145973156	68.866500918627011134155710955972518	79.196049378062027842573546657695077	90.651627966594309968829377085809716	103.97680498740690375686027101118838	120.03826979671833996395778483788236	139.49883693686063643300722000478342	162.39326470793011004574288440182978	187.94385937352861727756443512614425	214.34168600942262989692678095711484	238.49329864908183837041806880869397	255.77394322375946164411803266488666	258.25681728748395228003910294898553	256.00693189040734056462840320714667	254.22204623805328121439661133134659	252.8414801913858558360604665049055	251.81193043166063855428391238523727	251.08665350081581864672195545296514	250.62476506522925534267639853789587	250.3906124492299608788396108783286	250.35319833194738162150137856087961	250.48564638348316048460927630581866	250.76470651316233148098592966008447	251.1703003078841528765212123912655	251.68510779616088441074089155109461	252.29419605399830923760014858418379	252.98468911494896657929889809615399	253.74547758267530108424456176330373	254.56696547584147617570695835083176	255.44085123914425097755971715056288	256.35993952781554252336438803481738	257.31798027688090519460137327221978	258.30953164726442113500811450996059	259.32984364133782476069794069276423	260.37475945650232017837677698971102	261.44063195466793261789990769470251	262.52425294461014429510764766227932	263.62279328077163765281988029763744	264.73375206742879898685643764694433	265.85491351378589258459532965237982	266.98431021195770052947213200161713	268.1201918058610722320539853764086	269.26099818743356046132810335734038	270.40533649874940712103922507012016	271.55196133889464756183392187895298	272.69975767465558991467318040813927	273.84772603759742334167206598163459	274.99496966016431979133960605366288	276.14068326038568017501146529358992	277.28414323272808365612434171684155	278.42469904297473869150918610467376	279.56176565552890661594662995132947	280.6948168513488383814599690603952	281.82337931494609703445326554150905	282.9470273888034602592818871010087	284.0653784082934140302887861904434	285.17808854351974542967388720886303	286.28484908503296488237958478564099	287.38538311959231824868884942571735
3.2007065023356875506471241133518745	3.0529326884624121952159937563281083	2.8898738072916160100420997196023741	2.7002407330700080113437301102751936	2.4559857159389634363723212606865982	2.1109507524097505276772005716923846	1.4788057665926658650113328890241399	14.207473391996463849348718561382887	28.590806871860114008286864092048519	40.213780837052659773050145588119455	50.631101566691998893411051143319908	60.525571017146476780134197877604965	70.42311606320525272865815839573175	80.893810386619462988622069206682122	92.603080949792451299900392159709006	106.31664338528107265382211640065289	122.92102911266666137293546457116987	143.04144262213720527789590674192558	166.64143644621382603301335463408786	192.83645362007441790970585388919958	219.64454820774740890443519160540342	243.71272208569355680777628922604279	260.01376623445305334953311121209916	260.75068274321247819812476072269882	258.38005980662908567603886287610366	256.48564063810122140379522411768493	255.00502314400772699273287044537154	253.88351938024006242262722982103167	253.07326851596085125829026862109624	252.53248019938127802947600801060241	252.22476246175886247295396003159036	252.11850994154136721565044234844459	252.18634153267327016303601510465877	252.40458373207912984745324920567628	252.75279907213704972664883080918414	253.21335976200359337860532489344138	253.77106620793872199088701422153908	254.41280918291407750583432712345278	255.1272734880718588958961593712562	255.90468019990091875554421623880325	256.73656410005234743120657569569343	257.61558263963465316024558949975868	258.53535275797407469939174641765638	259.49031200606917002710116242766316	260.47560066365640297554595970798115	261.48696184174230767478430452947928	262.52065689356685154276560368679827	263.57339378979243123224229959895894	264.6422664316957359202380991570088	265.72470316891109043287546769550416	266.81842305051509510875315683123536	267.92139856824357179685228133545546	269.03182385003801831440995852749036	270.14808743207779444581092095857078	271.2687488812586713572056737750388	272.392518661729579399928825899506	273.5182407396836777249690592195673	274.64487750543398931135557878410312	275.77149666155754623956035791673644	276.89725978390589797288607295006344	278.02141231116619818745256388140966	279.14327475686721312482980146246507	280.26223497208604884065430334906728	281.37774131394426984517282647149363	282.4892965974874878569556258509808	283.59645272728630963401595877543496	284.69880592103571423548760808448002	285.79599245022700981351768864290667	286.88768483379583118938041290718553	287.97358843009086803879075070291796
3.189856841982090013411198846452414	3.040263521183059853031974801797778	2.8743697703051954032845810753270974	2.6794980743619320036991847435316205	2.4235798052571580621653029532615092	2.0579915623439498076169465114097867	1.3138287700622643997550778281363498	16.533570393941005735488054269149388	30.388617889000232753964546061125633	41.819446632146724485793988361202421	52.15463135747306905120541740800582	62.037306494423156605534177683385216	71.995961617237084739888682466181838	82.623630864688545275835773479070104	94.60617733233600296058614917524779	108.73316427996389266588813362836829	125.90823702735904530123557138089902	146.71315011307514930176777869873933	171.03776876480819926847882581885689	197.88255093654981657196577155835648	225.07692425938896458145203946393029	248.98485935427322229393150399323968	264.11061560027737832446149496085458	263.2738920110112289536231837196579	260.77937593691440800549265789504778	258.77270114783885496859703179978755	257.18966836850186695487411834562305	255.97414603642689082383533594741249	255.07710901349269680814457362698558	254.45582306519051550013120919035144	254.0731259871047120024443670527161	253.89677880180898906075236761767468	253.89887428315360355351337124994717	254.05529756023367170615197591814305	254.34523690828195293444972474724032	254.75074377765284683013230442928923	255.25634084453374158293994013907862	255.84867613257701963915479276572233	256.51622047395805248990471680356913	257.24900495349888237129017793255045	258.03839458716617598338366090089773	258.8768943239184840193632325392274	259.75798349482447292728026187475284	260.67597501361098647648635757831407	261.62589591059871827035840038543856	262.60338611309007280160121041087304	263.60461273735360843681764001245976	264.62619750572863533439822288187424	265.66515523092694000480823012456895	266.71884161068671772359912457392204	267.78490884357369504727094968579313	268.86126781091473695809226984903565	269.94605577223428105355723768945318	271.0376086935820252639413152548704	272.1344374738010111755538012635473	273.23520745621752917266350909178199	274.33872071524777410373228638218024	275.44390069256397843470893859113253	276.54977882806151344165323100057127	277.65548288921019567443448181818462	278.76022675179258694181349136219684	279.86330142329347580654290794977782	280.96406713527124031040965975732446	282.06194635780812261867146782072892	283.15641761184807639966660887557376	284.24700997435320381915822550034595	285.33329818728171186575590729186731	286.41489829405285992659469647439921	287.49146373853204978392861595676633	288.56268187084016103544333389765254
3.1788063322799576731711025770492912	3.0272985419003305740318368814851718	2.8583669406251343763675511287788325	2.6576863198433701740516081523691409	2.3888090243913116859367409205794189	1.9996251135486406081203906175432579	1.0651736102368420917636532175865136	18.747401621186774828437509290795618	32.155924872115567808710021875634218	43.413514109668684138735585028129491	53.676103485668396175074848122707881	63.555273428494996056955910901928441	73.586501707157240218870897401203816	84.387868172044142797941773452760789	96.663881663118082664829588666727977	111.23049010317881440209507185927633	129.00439312095968652520679452389614	150.51881418975117955417075591639966	175.58711829051275542996760691088264	203.08545704406919342686623931205651	230.63724416201550534892989121701916	254.29727084244268510178939723342731	268.00188291023143396027333786474527	265.82655673736249814071729095224102	263.20491330202236214655138406299107	261.08319966645529536421580728504606	259.39534015722223585595096840153934	258.08369761518419746245762447433396	257.09803339615369292717089262741537	256.39462978174464960977804141268975	255.93552204473888166357386398073679	255.68781096786259128468036865670068	255.6230410373885902713470408369364	255.71663740904666199133024538141639	255.94739838226438214736157969991285	256.29704129772302806518957313112508	256.74979971126340922918870814468502	257.2920691430448629108249300721755	257.91209807487585621825085199293135	258.59972037585096398467698061623295	259.34612505098003406052379357937513	260.14365913219067102061290572928268	260.98565963350121926491673866585061	261.86631072452847034217305546612745	262.78052259366767175906650428346232	263.72382883246245056180220088368567	264.69229954646922076070288207983791	265.68246776149570010712844698554401	266.69126703467014919633085059984666	267.71597848812065481315420697783715	268.75418575747968228294968358374939	269.80373658519762964460598717455153	270.86270999457730256819657701027616	271.92938815445375209601166431719758	273.00223219211090632041152858528859	274.07986133547358924705467215864146	275.16103486877185284409962667136721	276.24463647183553177508798300955099	277.32966058441752981289876419668325	278.41520049542183454643134587085798	279.50043790785845892223785721799453	280.58463376703206121043802679421134	281.66712017714194460452602881878536	282.74729325680243715537587273623478	283.82460680746135597667561207495154	284.89856668844894973822127592209899	285.96872580775737917735376796683147	287.03467965145150445392543824766909	288.0960622851993979985865104804069	289.15254277164116172886097604860412
3.1675446713226087436948241309479886	3.0140184848044980206884806074979073	2.8418195508314579255213750093389556	2.6346493001664592550627174666960535	2.351552055427868973872370469271885	1.9345348214507770984091866138718088	0.39709248213615546763304266242092292	20.871991199036227274838867465119785	33.896432783738793917527237621116946	44.997516373517718354687782602427517	55.196576661647789827362924370918326	65.080720043896646296563842782897771	75.196842077088698849444842556528506	86.189531110330929305453750271845355	98.779935056318226713220627793915464	113.81368909153709325374036227009348	132.21508910284525544935992909280077	154.46468134711618788032586607520847	180.2959274088927170146630147291546	208.44999976133888240876680098836231	236.32487243055009393045718538832176	259.6367487732187257853498634514971	271.57471177213431324642577884057943	268.40957687659050251788374870424168	265.6574512862386509662079430534009	263.41781706978737038887009487149552	261.62263813246156247039393650323376	260.21270612399168211143438672910576	259.13651693938502831967089770569218	258.3493276511854406713321887194931	257.81233706977974822515469038436003	257.4919578176958681214083242169944	257.35916290143863260845513860845735	257.38889808216136482876683753921251	257.55955531095561530027920718566325	257.85250394020546073346904133419783	258.25167658647657368892407942541176	258.74320616132402490490602477187948	259.31511012582090884630633548533309	259.95701766960544839261475815041468	260.65993534149667768166287981278557	261.41604667356336647062885586452727	262.21854151216528895319819705500978	263.06147105559281877013784140517014	263.93962495499730019098883549002096	264.84842722608627710533514847156145	265.78384811405427269321504373064145	266.74232943457084873464973232921427	267.7207212652088483906558641138747	268.71622817939810448725587523325046	269.72636349419300168567150756963383	270.74891024694218290082350616114773	271.78188782373046577208502222425369	272.82352333990513465012271721654325	273.87222702195239247083668016396624	274.9265709650416201068144865417665	275.98527074464487448017710823470836	277.04716944766591775974120828556191	278.11122376038183530398714841810515	279.17649180854400866889490141323876	280.24212250003696874542817644840868	281.30734615043582696776635646089735	282.37146621859971055501589844089291	283.43385199806389189236011818146259	284.49393213726738848289881197983505	285.55118888038321263870880818868551	286.6051529365826227108054900593969	287.6553988991941581014886208791519	288.70154114719843729834404989758905	289.74323017149801612699230037637046
3.1560607238954858953562909601997807	3.0004019945028935077671883157799498	2.8246744904629507478116525176473724	2.610193246515595408688718960498483	2.3116986739444227797739908933811207	1.8608968803859329573707170281217482	5.0907641574665310047811526839167527	22.923669147469009431322022931522079	35.613323256266233968771374651212402	46.572874385308563041935958905334139	56.717091915601709617602335388922097	66.614970300753058018731105751818396	76.829273088786528539038357664722402	88.031753767509899709711514904064681	100.95830166317150633912906678172543	116.4880666483381767665889174987858	135.54617537158518727482034033022392	158.55735940889857023534608261518246	185.17096734805493817841960892999803	213.98102832235330917551559953379407	242.13836341344690351394941758024406	264.98720493405390223641863625945729	274.51635890698185079094115287315915	271.02388544909787376459531312889922	268.1377964439972187515517073048364	265.77725679397110742565028353859752	263.87218082635843944258983855077069	262.36171955588806514047980897738799	261.19304853655189250319315420542098	260.32035565830284169772443024953898	259.70396758430981678455602846663686	259.30957949009294206683111217726673	259.10756863203749714735560868229055	259.07238109834072445475465078826448	259.18198543312503274336709496761302	259.4173885686780449652326837811008	259.76220991415431133823976180808258	260.20230930030682095740759220946857	260.72546419502785939107110851654658	261.32109139435457049890490335278988	261.98000833688204566469503887321065	262.69422929685078921516325372630435	263.45679195462225658620937754090947	264.26161018449557074308383567681097	265.10334929824136408772994403356814	265.97732040410830172286528825618301	266.87939095857289561446454931830148	267.80590898544557689308352869485791	268.75363880003246305686163144521551	269.71970640259189855777405359717072	270.70155299137191809829989615197114	271.69689529323676971134314264342709	272.70369162179748263725711418319882	273.72011275246684761304655162280994	274.74451685515290129600895985739799	275.77542785138992728556197645391926	276.81151666852655622976953257911452	277.85158495102051022357808028993023	278.89455086159128862990670659889486	279.93943666450422624258087821045315	280.9853578362707550873652955175215	282.03151348374161082312296872488021	283.07717789202363687151017297844087	284.1216930465994943041953197020371	285.16446200086544964525342009952243	286.20494297871993121518943399314951	287.24264411880514312951108732587539	288.27711878016321962791885362182937	289.30796134089394201341468442810037	290.33480343081229433555022641643872
3.1443460325665746077159390188047864	2.9864296038850926575323774337226354	2.8068750392624574919110068767019739	2.5840838324980937281613019505477158	2.2690739997212568749772449506251909	1.7761025729834612352274395465503923	8.3983790458624105072955321683180559	24.913991140945250251818630027401296	37.308850874794689766145355063567215	48.140436646143413672324539533623826	58.238216844338003351957314897523	68.158969130432268496413592776847813	78.485773309166786038564913205045318	89.917200632892363308617592677876633	103.20251210590803209760735222868021	119.25829801938454019790680289808156	139.0027221443649599721799512745409	162.8025315178743985200263285665839	190.21778846000455460375779793852486	219.68160793636299540886137615894815	248.07345606582829730752513789462468	270.3273320585901630384919479339845	277.31591711634240749107021764479475	273.66963774434075273725085860318066	270.64601388399409642984490963657868	268.16151426647278323677096508183382	266.14390966818520460825331286543101	264.53063745872162644059765676722708	263.26749529371892236079828123083428	262.30755587286542360185244557612996	261.61023646640325024275361975730589	261.14048430806091455137289923351955	260.86805569210419423101672566122419	260.76687601661725372124978738070756	260.81447277708219136910661888427415	260.99147559124105436692892773005147	261.28117802367832878342825261796146	261.66915605614635257050756687390499	262.14293795232339360161367741874472	262.69172020740001838723810785860145	263.30612433868293455504388229470232	263.9779894762786576390754412041029	264.70019603094201666507543386696775	265.46651611379284713231148344405456	266.27148682362028284352582599772434	267.11030297040398712906326351866844	267.97872624459172978301320374715277	268.87300825574158135372337991340576	269.78982524021548239331335566719905	270.72622257259922601460175991702949	271.6795675086104691290812547584167	272.64750883985457577772738990982668	273.62794235604654463518880930376486	274.61898119289426524785293898121266	275.61893029685835329515013787000423	276.62626436594280289305569335605679	277.63960873262320999882001754439466	278.6577227433328141269860465391028	279.67948526264315351570323952031194	280.70388199049728907458682715142032	281.72999433346695099671316941673233	282.75698960833462415766837946328918	283.78411239629971416981033449752107	284.81067689073789100429878018396007	285.83606010729274535686996108377708	286.85969584421757923739150990078466	287.88106929781740081876812632811605	288.89971225158100694530141232266825	289.91519876895963101613857507408223	290.92714133006342189621855407586148
3.1323864763177179962057611526631518	2.9720735517286309376966348191017593	2.7883461360166055150239072692720235	2.5560157286673232791763726588816088	2.2233261921349108586542132840694675	1.6761014797134163012297835941463224	11.271520921133578937531812969324984	26.852555115186447901884014143261308	38.985640927952518297454661895918205	49.701611936334822834030555885690013	59.761136631425580853369245917491925	69.714396647016270159083755121335727	80.169184179698698665077279945383144	91.849377171535357631153797118815845	105.51726622284957197056864561477672	122.13034798669194592752716413366065	142.59145698951854590858181479224665	167.20793810535990792970264643208205	195.44424551228053225040306222646595	225.55694710674919232109158967809343	254.12703707328284639989616296147053	275.63342837169478595131215348939145	280.15256400935542904491911902031719	276.34808181205112955234731120385957	273.18320120641752035193216235023767	270.57156379325848319592057826462942	268.43869681804716757887969411120995	266.7202465105557982723511492258599	265.36057167628435725242853200482693	264.31158121717163031147030658966193	263.53174375280439726128839251890284	262.98522650873913705896172281443182	262.64113836682725123571709793021986	262.47286203456020298548012496619261	262.45746552991469490768338639325966	262.57518562667422132074917385723791	262.80897689160520997177024221812494	263.14412026680082990109149022182883	263.56788525215482516962968362189358	264.06923984533631724860033501384934	264.6386025892114701369516241906733	265.26763137977812589467993575227269	265.94904408215023520743336299350885	266.67646645826798546259563182255724	267.44430339470462717614552159476698	268.24762990438532549686620607391648	269.08209884101396121533418513820425	269.943862696648690901334329674314	270.82950724159263847751338902192082	271.73599511063382316370334804224326	272.66061773935420877472501073639447	273.60095431180552084611277853412355	274.55483660055097341022428387852447	275.52031876476503385810964435045393	276.49565132778775397553231336918418	277.47925868498940368241435287228884	278.46971960117971128918821361658912	279.46575024597521833566338985366534	280.46618939034543462348088060150333	281.46998544839736413585079407474694	282.47618510136887800908114741810051	283.48392327946559022369175366147896	284.49241431613876981146392083457346	285.50094411619437008806572938595561	286.50886320358403967212481760483044	287.51558053525514752443103525152876	288.52055798414670494324490977297489	289.52330540837490837990620162728241	290.52337623528994374398427418795187	291.52036349945052034080994145898252
3.1201716871190154992879003018278881	2.957308676022895831191733760378676	2.769005663095660901622587361956502	2.5256245606120103376654512709214871	2.173922852974384797465092510942055	1.5541173396033023954668602670861923	13.890182347326360488109489576096761	28.746206159192642120456627287188491	40.645369470588617675012762220341079	51.257103816421166130334333183586447	61.286424499944872759241562675094447	71.282432621359676763691188403799256	81.881860056800341145209662509101281	93.83108896540160273129857223705446	107.90663398587765284183777337483968	125.10921136679974061021708640353024	146.3179847755734828214441314862364	171.77994924656859458409045078037935	200.85639578914573621173847936042392	231.60968897291043627566130415808771	260.2920639137315330847601205046513	280.87358269978457335757457572577623	283.02661721754249218584426516193242	279.05940588949853292074712775800265	275.74944765470106651935221835243687	273.00741845219368034239004126500769	270.75649654325724136670972312723351	268.93045550023595752847465025423028	267.4721513272022245525305502827674	266.33227825667516339207741354830961	265.46831527245305994073037121332318	264.8436161959228389869380321808224	264.42661501482319545306293922054636	264.19012893972174519435656369208373	264.11074744881678838546910700519794	264.16829844165811624145153857628974	264.34538393561638040650412503680989	264.62697832390721711088322965736191	265.00008252723183330781697992632872	265.453427642336934355674926698407	265.97722201682800300533026998679264	266.56293608598734253626436831843936	267.20311978152208099865342582853656	267.89124783848737663038978362978505	268.62158885651964196217477552426366	269.38909449036891884241109269653012	270.18930563482469981761182003729161	271.01827291844879585359149125148414	271.87248922301385069818424597702162	272.7488323000683066227383790662475	273.64451586301487217357415313048184	274.55704779596353611331327126544105	275.48419434437088902723598509919004	276.4239493402509115709802288270429	277.37450767282181220135136049289624	278.33424234644963176830711823178407	279.30168457793779648931317913981552	280.27550647520353510603429766043163	281.25450591521961076139520572058017	282.23759330106862574697977790002464	283.22377993022560792718668584978854	284.21216774754710047812326654169882	285.20194029338733743641825716010174	286.19235468643890713627126038534002	287.18273450435646078444911869138663	288.17246344692182316674103316955743	289.16097968271675635340174602371789	290.14777079495493570241834343842723	291.13236925396673347493746974856434	292.1143483536707931757745731043536
3.1076864513267992369733192602757098	2.9421016741359018159344645466359371	2.7487468703234672054081807136627128	2.4924779150376478341525130552300651	2.1201022994003388689956220398121047	1.3968844931069051861959286081926521	16.333866797170305544860336030316141	30.600968460851885889182275759523536	42.290008868560884438249692283050323	52.808033004867075943672499576305728	62.815135544481249395140177811382838	72.864885314891246900130634571322578	83.626850912787826620432641052381198	95.865812485534395748995973657779007	110.37570474813602755268095377647719	128.20094007602228688377828138320053	150.18934731739260497352453846155239	176.52669360087977469866572122470125	206.46218180910505297125214884266452	237.84396729853654552399963216469422	266.56154439604827338342832611188805	286.00902141899230454239264944354206	285.93929005887302152150804185703636	281.804638341411898430735413661948	278.34563413319154600995594947678029	275.46984018813705204269956526418096	273.09797379084541908726097875683416	271.16184950457095539760220946911332	269.60275295527311641542940600423454	268.37011008121194026490325240124805	267.420367131589571876204115911845	266.71602948881863279162632448731828	266.22482748302445024688269414399982	265.9189890106496158917982456500137	265.77460514422045991183998563702881	265.77107823503660640608701833087846	265.89064368005826113881588378779504	266.11795739220519951986812303115194	266.43974155188768925578726970938815	266.84448166667171384423940694790907	267.32216843178083238355378020006257	267.8640783979807971911039877515999	268.46258801019873342698722027727785	269.1110161591436307384048257115905	269.80349096421544391818627970438964	270.53483705984158713592963507429381	271.30048017321591509688676738613386	272.09636624901336740112948634834559	272.91889279382882537782793031104074	273.76485047702333712046766876698225	274.63137333952401057057455196264487	275.51589623103993506894997098137253	276.41611832320694608760325859868238	277.32997173813888724332603393318249	278.25559449157334709346453757588744	279.1913070836495168598273151919548	280.13559218079129185620434647077557	281.08707692489697754471734443155519	282.04451748136498409143012072724544	283.00678550161101699468668280293807	283.97285622740261993657551632546812	284.94179800719316215099903755994927	285.912763032082146787639459156193	286.88497912728315585928939616138979	287.85774246090408425162987011273188	288.83041105175888729883918728976423	289.80239897597943417340201560117921	290.7731711860583820282840335825274	291.74223886850864192496701744381034	292.70915527632994585187402058203092
3.0949140634295282018808217609812734	2.9264144982422045706207959577570598	2.7274369476267916645848197067300171	2.4561573867871466361781441107751785	2.0608483546953871842559060079723176	1.1706291062442136338355856176736298	18.647063844252747535419140678340388	32.421800898228293802397932291261041	43.92134523635979867290209509360046	54.355466625630835020262408109745228	64.348354888988591888394150262494278	74.46374979357847357999629251379841	85.407384340554673787634281752679059	97.957151842147808677030473189092026	112.92992176824437998056395417308274	131.4118382043402813784067989039902	154.21303405860089921237895111582661	181.45682917642969693140857063455544	212.26992910302267097805225991639308	244.26359384837109688017255936999608	272.92636960722156369561204234460003	290.9878875138631926940698385607306	288.89184510968827725720605943136583	284.58484691728982001628704953248193	280.972673453250486039439347702641	277.9596171009103271434519286559852	275.46381517581886660757883422709577	273.41503172329268614459418564960255	271.75291055876476169143147139806694	270.42555278145400801334943923859993	269.38832657092462692504955332268014	268.60285210585545253901476507920674	268.03612594457382231003132027077197	267.65976178869300093492306738154733	267.44933159493987610297772813047264	267.38379481705590204623392257275984	267.44500561619270203559445660485128	267.61728905150430089460417288598518	267.88707804054850546288859631496825	268.24260351583883494181670506259432	268.67363081646864705031280594354152	269.17123597912278487831513111340054	269.72761623615096564420443507795673	270.33592967099799575582298940835629	270.99015960618122895100604407865235	271.68499988868154572181678625060102	272.41575777953236231172351004483585	273.17827164210311821209968961610136	273.96884105467812891594078992975475	274.784167347828874140027224943392	275.62130288990239448189464231541988	276.47760771821323716687778459297565	277.35071234591087820660106562126572	278.23848576913904008210934415373972	279.13900786173423258652583811456834	280.05054548054976089207131379810987	280.97153171669223837363217627524122	281.90054782162439398933146460850641	282.83630741377989204943967673013366	283.77764263658830607979693238723008	284.72349198990758284217086588399064	285.67288960244296665966555094229555	286.62495574849429434274027499896382	287.57888844253192379404529344928714	288.533955970717862713819738515166	289.48949023911255943274761247161438	290.44488083601213540592720728543418	291.39956972073945526854736251303048	292.35304646334176181853962426075353	293.30484397015459671644303406714002
3.0818401421402329185137197780560426	2.9102083339730781451130447613278107	2.7049138659053102194102074816996265	2.4164707654187453672654533284159572	1.9948255059557973588030157272519692	0.68737611710847402351201729790888465	20.857533525802911229119665727560971	34.212314822276698807914320899444336	45.540515617037126268620483200749738	55.899954849627466813578337355908139	65.886741537438837580872504379650631	76.080741172442200646681462955243087	87.226278051679590513188219940948609	100.10821582655559345677459330441864	115.57425454524520492961060563106898	134.74746244436500989963727729972796	158.39572933960203078730798455041874	186.57799661711040720178398439838847	218.28648557335062731444600121885073	250.86988981092747050081681530983116	279.37287041505185172730376459316536	295.73350358315098925069943367243702	291.88467712589425299255147739111872	287.40027596058940341035157579047877	283.63069578181007990890374882966224	280.47679210246919265650553088208024	277.85399662334768947940227815997218	275.68992652786711976080922049001039	273.92250882103471668152333545397729	272.4984605514066837426161782708459	271.37202447746008390012836602212531	270.50389726988286483776870250808079	269.86031041559995406993683513299076	269.41223762070386303006947622971993	269.13471029724046328909656625223815	269.00622708660469130042118106648088	269.00824585138731391847522149577789	269.12474806757375151570684963372639	269.34186658238114689883937965508934	269.64756853839865648250844733009075	270.03138602967692557625552075349894	270.48418779917940387462453626356323	270.99798601848590954569983276257717	271.56577290077374791838545970935002	272.18138257309952259739554951785493	272.83937426042540237988424844149386	273.53493340358312504083017791855144	274.26378784132552526885039370933708	275.02213663262983216318150183344263	275.80658948153644950863214611057464	276.61411505775610513104650868888501	277.44199678695335580052253841845842	278.28779492160548099407043977949739	279.14931390137912782470020333603018	280.02457417793681137702195713056764	280.91178781624235225072496146999644	281.80933729927683778230372054665925	282.71575705748366961639079264592278	283.62971732190922825356846457521729	284.55000996786409966615388373666316	285.47553606423812602778576689391638	286.4052948943480401942212035465096	287.33837424667368641989306159270082	288.27394180661809126107558028439718	289.21123750559628979399930567698249	290.14956670487328132020894814517271	291.08829410973895046242776071294165	292.02683832427362908826279003106813	292.96466697005164540326173512810872	293.90129230189949361251722560165967
3.0684432102596929497197746921887326	2.8934309645280457458577740903721114	2.6809548363086127945816390139069518	2.3736356762133449449802415899979444	1.9201742508580141767711094102767611	4.369499337260668458521962760051396	22.985255235909444032616615953377922	35.976245748506784282757701426972179	47.149188494611249374562675989359817	57.442638068082749410882865141759998	67.431637364310419295817539645921792	77.718465637307574365183327381821371	89.087179384939560275315101998584627	102.32317889235412878839214417422879	118.31501488828066277299051194720237	138.21498294261178529596758053135784	162.74626240951470975395731359014164	191.90041959946666853715411779582934	224.52140578189419877828851363362185	257.66614879414189130984643704344404	285.88679962098146868438940106383037	300.11468501644470299184270427935946	294.91942741423733174869850459927193	290.25233627040849199481246463788396	286.3209280148310320049581262976075	283.02244339838202155620237514428367	280.26947465230653277409653644535689	277.9873897344037821086638617244335	276.11231935731449179680568510689277	274.58953392500312593543735154187059	273.37210084050634500677647615705904	272.41975296869219607168942464080137	271.69792387131941874811637817701232	271.17692023567325763629781401500819	270.83121052982724308814598342297437	270.63881389159500106572509389517422	270.58077619569252278765961724806695	270.64072209594964290605776255509177	270.80447314442208151530343025083772	271.05972313430399855791870288150375	271.39576273953650795846940312907747	271.80324639025035594370907731739921	272.27399514760409697119589810385931	272.80083012109040710576319932450636	273.37743169864796422954736607191704	273.99822052464288033713752070440329	274.65825675908556124225865883138547	275.35315468091882779838876307975329	276.07901015926315476508693675371856	276.83233891459686476179388315984183	277.6100238315892470446065803152536	278.40926987211969705579927553830003	279.2275653792950772724952382365245	280.06264876494880654227352304719681	280.91247974209773590960362363344919	281.77521440319029200419658047953305	282.6491835618466032004089201550335	283.53287387147652577004893227569413	284.42491131285355238553057574139345	285.32404671261394231903881911130279	286.22914300152239062197533267772846	287.13916397543004439555077201969312	288.05316435340446220638765397882672	288.97028096007199525672198586356884	289.88972488721517543027810779859397	290.8107745084278329777340071629199	291.73276924078680388901029918070792	292.65510396212919120835661242310487	293.57722400524557433639960843884922	294.49862066100999609686951510777168
3.0547050419998720079388063193643559	2.8760281949612772009815482366714082	2.6552675353642582589981570521013804	2.3280498412735953783018817618486482	1.834269836348530093001093999478333	7.9800601444510322722898412197538649	25.044024190841880874229505171754562	37.716127855798524217021384881255886	48.748262696555367913937912354822703	58.983995104572007485620812432318241	68.983833859203464510451385158572095	79.379128970231286842340571302438043	90.993039994759305188676773036334365	104.60559848043073743376574592698032	121.15766784963870122781975325414244	141.82051597894581481300842357411287	167.27224719723805692573090324750831	197.43277691272693730089204296582172	230.98203933657350151309742151525681	264.65206823153724396704878296789071	292.44736123049531167450271006178593	303.7356551581817741827568664024517	297.99654946305377218885462042598333	293.14131467247267236341488005547027	289.04353116249375722112585743447924	285.5966363062821941782094577562271	282.71024141477990956116480001607854	280.30735737846911342367163916329126	278.32223512262755458398373634040593	276.69863283256838900062377797481662	275.38839038212679721367292390482435	274.35023483200084606885886495802485	273.54876766219192076722979537160714	272.95360051148418402503560055924418	272.5386157215559937067569861779059	272.28133362164536491988909354497999	272.16237192542841499154290436182035	272.16498484180483592258125286518375	272.27467109661106688724392683125014	272.47884132876659758506036341428388	272.766536419207831855717009963494	273.1281893061157972523722388864644	273.55542376049779138560920458736029	274.04088444878671896995807184713816	274.57809338945382574309290773642823	275.1613286165362970634805714459883	275.78552149032253653476462675012484	276.44616964668652921246294613700792	277.13926305467963105967856524539495	277.86122106165867543536519794282727	278.60883865396495615740296139179214	279.37924045544759504870242876089491	280.16984123299461863408382398550588	280.97831188440507780365552512775237	281.80255005539204542057226776820558	282.64065467543076712345557329965669	283.49090381960061977302491710345886	284.35173540185515126888409058949171	285.22173028501676569391659198799599	286.09959746242240227079043494777075	286.98416101659192286144729743447878	287.87434861192808393334962914816544	288.76918131262155480298628453415526	289.6677645502141953102764525624549	290.56928009141892539725226930839186	291.47297887909014620501906406796136	292.37817463725221856461255522027605	293.2842381469048160162293585534915	294.19059211249489929993645417093437	295.0967065494255892729415713046784