4.4466300166267673091960697606835894	4.3828761184497258292420924609403564	4.3199813855528055949720000850736737	4.2578927687812794738908486838293909	4.1965603810574699460456944943503217	4.1359370582436552778861860205450674	4.0759779553251318784323441093179804	4.0166401730652800402601767715800811	3.9578824105696228282383744663936984	3.8996646394117913128341239198922218	3.841947795121927833351822293133844	3.784693481916194425264443060741668	3.7278636865506478140597461356986376	3.6714204971060925880477047672579326	3.6153258223414243302243337684882027	3.5595411069758672848149365664332843	3.504027037853508785784272553230478	3.4487432353783658597582293738221542	3.3936479238450189776633068735475367	3.3386975732779330390274921033769008	3.2838465040602322438590190405179147	3.2290464438864002545094138094153017	3.1742460242826335004344163877324333	3.1193902009247544161380511227062402	3.064419577999498922033534474501435	3.0092696115509984166410108460073913	2.9538696596351529548032728518970491	2.8981418374570269611545954782309457	2.8419996224494804202446120001450127	2.7853461359222046896734979241983026	2.7280720021494677412759725096845635	2.6700526490171266600350973841851678	2.611144861063449111043747868416936	2.5511823170779922880756967184497694	2.4899697259054219686775883351804975	2.4272749915488950210231421068855486	2.3628185502764557786670178145177706	2.2962585536737715544334788626712389	2.2271697841918767803621848684396765	2.1550128154861772907057378738903516	2.079087419675390148530898918381449	1.9984593792377065762492984923858599	1.9118398553850951783854194639308264	1.8173739646278040874230528525162689	1.7122388626902205395460637619051437	1.5917894614614690035958937428465818	1.4474265783377396726940771840255648	1.2597498296258920824885636991909071	0.96189631816199453521527097311000174	3.2934781968720514047409756842567714	9.950249205802295765816262032698826	15.713468113531345386818320706888939	21.13155973235226797330668405630263	26.367057006686700934744177582860397	31.502496209102940186069820486532036	36.592681256912353839877631573868678	41.680582315495924445515064914947905	46.801660573952143213125747187089775	51.982422739266293579984623428515121	57.236110840752292938343439141049029	62.558110579548453506304655768456789	67.922646941046997236608066332729278	73.280041110738707251381164123406752	78.549581325698888354580455714653229	83.578929486921673089105916280150448	88.111539474768715120479039368214346	92.568040393493221189041887801819223	96.975757777393195949247666345363377	101.33314540107145823665387839565603	105.63919933453846855408754150616774
4.4406898715891218678915473057710819	4.3766498289518875223538475665947167	4.3134673131472479498554299011939953	4.251089369286608247959106315594042	4.1894661525675700014961793792092831	4.1285504877857757347469046251642658	4.0682974639022958887671169940012457	4.0086640587470968147493720947732753	3.9496087892170141340968544599566182	3.8910913825326093111942425772656648	3.8330724642524118285241981874501969	3.7755132588040847429899827373851082	3.7183752982737855015573834678025702	3.6616201350903430157240803134401944	3.6052090540348830570856710678509441	3.5491027786834834957792138304103105	3.4932611669239617974569930247213387	3.437642889546695522386923538290365	3.3822050850479552553882690444361425	3.3269029826441784891902073960882254	3.2716894839961176144413663642007206	3.2165146921738914318336174065880831	3.1613253738085342585905825190735396	3.1060643369655689995361208340460594	3.0506697027533710536061642959915339	2.9950740426352649838661629901501411	2.9392033452688946767309577710884527	2.8829757656021477413031841433875919	2.8263000936791113031276294759716273	2.7690738592979777961128013354892712	2.711180958520075644198599111021287	2.6524886447252906312832471968504306	2.5928436636309395684136861448828752	2.5320672174583029448885376318392172	2.469948300120835636934253760446916	2.4062347221930022241744045659979894	2.3406207876761592665033400066664757	2.2727299966834740845947798583884544	2.2020901447356994859187152117155455	2.1280964047018396622845558509505013	2.0499546427108889939962691478934949	1.9665906014576976042436407934765365	1.8764964296595388645985581050305195	1.7774527669668955827369709286968764	1.6659764045598280568769969118602514	1.5360699597872821946291674408782471	1.3757900882703500645893284285640623	1.1541798750719933041007663147825249	0.69981166189471884892236071877443206	6.4441251843527481471248925061982886	12.59147182937390160577647705322714	18.191272420597833924356676426491047	23.532397631350641764889354986121352	28.731347278350049995379246632096017	33.855787803745866063350069666857052	38.954710856991182297846052217897304	44.068008973517611942187722281836829	49.227772468002210881404647268178629	54.455173352957667985785951267494308	59.75571283594235487324918042751351	65.115142398545432999983018683412385	70.496715119553388167151155305170245	75.837515241385155646108505408278254	81.034124699698245297584184581856656	85.817494976495690368220714082005105	90.296875784072704462863735336127753	94.728730235441413082677777707820484	99.111127980010652401498157950092382	103.44275021115969436912627987293799	107.7227733753166997366154850171795
4.4345222362447642260001453643143844	4.3701872653808368132228216547706518	4.3067081055037145943540211494332626	4.2440318805583863307603886969619588	4.1821087704742892000078532634286826	4.1208915691778407700626773288272523	4.0603352773551433882978597419196853	4.0003967249690600008472118782361352	3.9410342188042749042675159006713316	3.8822072105083078452285363590581444	3.8238759807150721808841740190406729	3.7660013348784935136317826998670902	3.7085443064000895429840902117114565	3.6514658624965217292063627359035977	3.5947266080059144117733741268032808	3.5382864819553442180824751854656719	3.4821044411773239631949966252484354	3.426138124534328617280197006029833	3.3703434903350693318308200479177871	3.3146744182387057298371166294266239	3.2590822652478151348552852607913537	3.2035153631657835005103307938654963	3.1479184419626551615308134788521596	3.0922319596168843833810734042703089	3.0363913138407496669369862017996517	2.9803259041741784409563108714231972	2.9239580035576035936099818676379709	2.8672013856641581112176009331180358	2.8099596364991004419995066484111849	2.7521240538329129755639701107253675	2.6935710025076929007551377264317373	2.6341585422378543630211486151701273	2.5737220687642869105823226125419497	2.5120685953455548869946485580511091	2.4489691266279858034111379171173479	2.3841483013885937498142157462328433	2.3172700342993205226280665378706537	2.2479171401301668617039135668827778	2.1755616266972740872427912213132418	2.0995199870098293503456606598680732	2.0188833055754431282240495256467946	1.932402745122000638957769645051816	1.8382903959089736374571707229629595	1.7338445753212041181576235550412987	1.6146646227788389281845544961050614	1.4727316193013587365997408259465626	1.2904542905127676912221458727876621	1.0113674353878876663732488045572149	2.4281993618338651610189277343020536	9.3567988170454890739473889479773363	15.217379446797151347938548369200744	20.698753054339484459980909838202938	25.98211813200252432765598827411733	31.156319805868204218232819693849813	36.279138641971332988265146412095736	41.395333559501761881263889764772851	46.541736926816601850968046969774004	51.746116966722653962511831103596255	57.022924703802899806585241599700193	62.368627014352862030785969192095693	67.758337820319785799187931678594639	73.143191115764448239662205949334031	78.443935034510798377225821895898412	83.516832444122098017617685546665588	88.075324551385267450639797565399195	92.529907546009881631048850244623165	96.936115245068965822192342639505322	101.29227912724721143905177052658472	105.59729177053893820744200964713538	109.85049555231555259712663580268091
4.4281186142965089795959843098789055	4.3634796688350001196491243359829476	4.2996947309553937474356165045568436	4.236710986208905993992767179033902	4.1744786197792757544449392831540095	4.1129503728251796670968335855403289	4.0520811332221111684960385127620218	3.9918275556257368375489598180195826	3.9321477060384989056746648318150296	3.8730007262418769417383889008637044	3.8143465135574350105633776473452942	3.756145411417625377155008319597142	3.6983579061543321351514279115162573	3.6409443252373467876621137036596643	3.5838645319003162721435619482771185	3.5270776106537177733024315384707495	3.4705415375715817726685398085921392	3.4142128284080251158372327848831417	3.3580461564934465662563113915647025	3.3019939308988093894535060836874496	3.2460058234351725003855175524971482	3.1900282305257287046420916851833848	3.1340036526502139386063948465473087	3.0778699696319532124920734421312124	3.0215595841200041867700676293201392	2.9649983976451067294061513330628429	2.9081045727756449730506354708664081	2.850787019965911245537638559805829	2.7929435268781174291163722717004392	2.7344584185542144109010185564996521	2.6751995946291889207289064577613273	2.6150147282221808175876772222766266	2.5537263196334037132740399280252918	2.491125159076753705327628447228794	2.4269615369084441290864212129852475	2.3609331957005989742329364682469192	2.2926684531024431660221629279219814	2.2217019627850286303676718524885946	2.1474388775029537116344663317359668	2.0691000115975024229682052151057556	1.9856343536910940667824915650113571	1.895572017981571363044093839081007	1.7967598309394802230958078247062772	1.6858407880677244906487525011582048	1.5570912421276474738185707234189369	1.3992933104722021276022346266061948	1.1842725435216487322976620358336046	0.77571038212319917893224847299554003	5.905850729485270225180503387107035	12.180916911722426536391674296279402	17.852499082963220621442058276342459	23.246194025399065769754884461388008	28.487557407095070820959967207563484	33.648036350974289376216942297237218	38.778711189270195218863648410159387	43.920909332279160752348774794565674	49.107876094805681233900959162264504	54.361756522607504122426407304551854	59.688805098974726911257836533620982	65.075246416227254966212168854394255	70.484545892100461068937016858472553	75.853968710011541523520879916588293	81.08141405523678643921882539163716	85.906398122176161906316336794138514	90.38216376845321111452390171929028	94.810857145676040165656834366161949	99.190426436434927122295016429099164	103.51944761466659535171588202512607	107.79700846094006329323105412540759	112.02260302566033072041685345860291
4.4214700989457154954638997275621904	4.3565178534311626385217234356117466	4.2924177129759881396699308499197033	4.2291169055494806387296972718459897	4.1665655999940215616219707982586188	4.104716460500538101785866878230909	4.0435242350820656840134233788691107	3.9829453728788173236518496895639432	3.9229376653763327872985513810538487	3.8634599067829114261045825975267526	3.8044715688926913723937046100236259	3.7459324857518527089608536903504108	3.6878025433383571909133714713763178	3.6300413692469832933678852525673477	3.5726080170209710358548081123568672	3.5154606392632943356750807889887953	3.4585561429565570968912034725359685	3.4018498194723822035729563194583197	3.34529494049075862330478478408481	3.2888423093874067898396510377891387	3.2324397554580959116192919933019515	3.1760315554618579155394953262487913	3.1195577631454889256986016117645863	3.0629534223240497667688251207566301	3.0061476322680259188359727799514851	2.9490624249070907259147589226866144	2.8916114007193373431859238308274811	2.8336980526756198910564458836820716	2.7752136830642033283356270911462252	2.7160347830946014218429357879975397	2.6560196946771187840891480561216	2.5950042994495954762467866081407119	2.5327963685563701331034676374302254	2.4691680355513194701349357046805919	2.4038455857248240049715734309164067	2.3364953202036972877208387386541612	2.266703527272687233449154618777147	2.1939473360851821908185681118180108	2.1175509523017351204794880038283817	2.0366174315500505158866925770190665	1.9499172942303619309211058463224007	1.8556957013850689641250895315508062	1.7513118436792552777079054689709818	1.6324894192316343170730284966026451	1.4915059226133575796411540461685347	1.3116826328479001008570410017289295	1.0414522336096628227501786504825779	1.8768032913792950474829112076298028	9.0327285001225800420927656135958315	14.975253333062642098529453864324569	20.51355331027281426148734495865074	25.842452502907948813213458830782127	31.055546278431993933112807133243631	36.213043943100465467485185085888471	41.361276407167658003651824171833877	46.538238619315537958253094731686435	51.772558552508174972806111360007193	57.079212354286699857880529214495029	62.454805551132008381368419394518592	67.874206894547063184552008240264225	73.288011003082116604927060027915366	78.61640985793774993846078434843295	83.717238532426480443310272947367505	88.288513823258960058071678651614209	92.738240756924855625528821226065134	97.139964340216050906106471732656859	101.4919118525272465679034586094717	105.79288600777046671016338555436673	110.04215367280546773829896427273389	114.23934664491778623042967432572499
4.4145673489680204608468814444261989	4.3492921809001085809677397650729146	4.2848671031261562224632885128095245	4.2212393646986337983682747604062352	4.158359094197652288442287132981761	4.096178852112692979339441915905667	4.0346532167643980797062810520675498	3.9737383985038620395327034264014594	3.91339187716104211466065853226874	3.8535720578600275420242215834003868	3.7942379403750950597054728873191395	3.735348797161705804212150864055872	3.676863855050686286374210961471679	3.6187419753245331012567417998205254	3.5609413264810746486015713184121771	3.5034190433989199157534434814049564	3.4461308658097042107214255727317432	3.3890307478961672417350578074836235	3.3320704293952942015739117565448921	3.2751989566860507221827174672205127	3.2183621398364042373015347120972118	3.1615019282743332793574558383755903	3.1045556833525569659178387724219583	3.0474553202019722721560428450090387	2.9901262833514022086355203073606575	2.9324863098175232426405908345553857	2.8744439185441064216571632673013216	2.8158965444187262485182846348076353	2.7567282059302253750513377928459523	2.6968065537089798127965981586947816	2.6359790862131395648649000509055239	2.5740682282360770989238185852301366	2.5108648305437439958311356850221986	2.4461194357795051317588068772153844	2.3795303162516651275348089067267452	2.3107267321830139058709650067432007	2.2392449133134117681953091448592868	2.1644925953554147949300231698951168	2.0856948433750309456294254918756035	2.0018077990331901183545066424918286	1.9113740943620764494943186504040736	1.8122637668935372279432866527398566	1.7011665243446620973898199451125447	1.5724645304703540704996075611493399	1.4152284276545979948413885008884928	1.2023963345772400908805033664739099	0.80990766640746282275555184653093696	5.6694621301431392915803253939273371	12.039791960386768883952912599312143	17.771755109040007457698634479143471	23.213293419382667882374143121438604	28.49572896355367102942861434802923	33.693208283738029224968106036495588	38.858515179945571277402012071865862	44.034211103137765191163530144591341	49.254397823663713855431921516059269	54.541634661692758847682145374819993	59.902075863207946893141694453239681	65.321332411617583127238475432196332	70.761812797054131755794370308206238	76.159365772743827729471207746879257	81.410224527935371352464503499576452	86.252116527810101515303558644539257	90.721295056102946784790698649840395	95.143802832849472546040970852078901	99.517487959468026112283509676665168	103.84083779985893258043943518056479	108.11286391364962892685584150504818	112.33299639524940350228555058080391	116.50099132044520679506494817424284
4.407400562847679516226399453329862	4.3417925330677422311849711370043794	4.2770324516902760223036280404249099	4.2130675651600198453044727007522196	4.1498479353150398738686840004558063	4.0873259894131540546279046812004292	4.0254561031770997443104109699388249	3.9641942114910400323758331208166042	3.9034974415987340024948164914525923	3.8433237637783631028155722230223433	3.7836316544970373031544934047832437	3.7243797669731481951848671660179756	3.665526603882721359709730534475827	3.6070301866191883758705777939901473	3.5488477150276924262702652808815145	3.4909352108489006704608593983481472	3.43324713717420343135675053679394	3.3757359849672237407805911853509028	3.3183518160550735423428000627730066	3.2610417498129033577976328262614046	3.2037493778863121260129624321339721	3.1464140874806781296916266227239389	3.0889702686624890897678639064146298	3.0313463742939685182530568849640745	2.9734637919791847265403370841139685	2.9152354747544027108344307952985474	2.8565642597465740983396249411669342	2.7973407794713508547836000178047488	2.7374408355050189768022338073464641	2.6767220537587123757511852988242109	2.6150195662719462907594662498958574	2.5521403529397433924344716370919539	2.4878557056242138379030898522076749	2.4218910084551451505124668001726186	2.3539115941556918425751464596660321	2.2835027126095357565265947950241718	2.2101403958627915838263998073223433	2.1331477405324344405470263054343016	2.0516268150228202676470562386219692	1.9643476224475308363402454389719328	1.8695561684656678921078772688853242	1.7646161996277416311223178467505772	1.6452663279324402371533338955534789	1.5038310247622244064145245713849664	1.3238046140835013327861472753734266	1.0546682046903730323978067114559268	1.7219183306601240789813721951862889	9.0004113677866062628693647629563524	15.004184933109715547074953183520991	20.591184242726951165321153290921782	25.962404840381244364465426328163122	31.214103988537443213469370218480245	36.408204305754202074886646517308501	41.592331912822384644759312347268411	46.805404596527335349269625471491194	52.076468579662342219000629408901186	57.420276635508810366392750215423263	62.832542843932295825137732619833303	68.286658901177655414485881978990005	73.731236335603069600914436282387952	79.083855398392564889698763783020363	84.197983879756018930559923882053758	88.763195311510914197934035682785413	93.204995462294291680043329680229825	97.599118605811447621594479427593344	101.943707434535449376133552460809	106.2374899295489275140734898624593	110.47966871767581493897868416133914	114.66982168803233428399796957360568	118.80781629149137517028844971841901
4.3999594507695784443865833146758403	4.3340082819973053405754284542280449	4.2689027757521839767707492626542288	4.2045901495883204932066876451899158	4.1410203692984977398883662567739182	4.0781456962836651953566978798293346	4.0159202673486207327062789808311359	3.9542997014414722415429017553050497	3.8932407280524969576725357166110169	3.8327008320876759198101650252394066	3.7726379100280225216744672754504113	3.7130099320692661323748606031586593	3.6537746046917901354636355086742398	3.594889027716528329690158517404128	3.5363093393275808519821143964528505	3.477990341744401093622551991992783	3.4198850991482805419001609677883828	3.3619444980312030194518871126793829	3.304116758233453968734943964793017	3.2463468804233900541832367938105922	3.1885760124468830297165440730584038	3.1307407125523081030542658880479415	3.0727720815821258194557302666524762	3.0145947282443639940763194152333522	2.9561255207177129502719598168809939	2.8972720628937532915644453476726353	2.837930812727701560185167861908228	2.7779847307402685692959749565584435	2.7173003045051736878696244159505779	2.6557237334011258890690131812129645	2.5930759664473968662358339426222912	2.5291461473408636269773279031523934	2.4636828055523363276813433361099726	2.3963817894803128620753033660407402	2.3268693751832996773339785746501476	2.254678029373164354386188279157688	2.1792106180644206705361755300909057	2.0996857238806258078810614782427562	2.0150505833879654611930582828517325	1.9238351396947553730923798666672022	1.823890495590031416435019925645882	1.7118761823706011335232538592394195	1.5821209170567894006199578388354976	1.423582103626180288419486840965447	1.2088677155762218358678470225543074	0.81159623782030303361033060857766952	5.7630964818999731612513368698759058	12.186648005508696709004334376826506	17.965227918681277857384844074387604	23.448888773294188252340465769009008	28.770614666117359723947247931408773	34.00594937151956531478942369661178	39.208920077635390041516943558165349	44.42308248634458956479267632060609	49.683047178841773560527711835872861	55.011150843906142482825869396307175	60.412489512849250728250268150516142	65.870856745781570633546252529757052	71.346214783409121510802999697188201	76.77127201386750907716949596871769	82.037477865737366178402340955601413	86.867267166885800178200687698126442	91.32674495637062769520961645572408	95.739892347127625164142628522431923	100.10447987262176548878072352381019	104.41892413728754713499675858033402	108.68217415359175247380061510975379	112.89360617749066594368799623650593	117.05293102995447940350365392556367	121.16011528704634286977806366133724
4.3922332042421375555884924272874173	4.3259282575391637444264389706022677	4.2604665244256534712464749363856607	4.1957951644231826033406949143797193	4.1318640148522208979549484771454624	4.0686251351964867168075267162263213	4.0060323832209010167546049028441288	3.9440410172331421411215408764782496	3.8826073190542985153521825646650208	3.8216882323343925349110737929389534	3.7612410108067600017465440832757857	3.7012228709099860513530835628544637	3.6415906429007314466698860433565104	3.5823004141068284808785571883904731	3.5233071572941384523437221495742484	3.4645643361914455501823310269630675	3.4060234789682698052985542483999601	3.3476337087990728886107453365036404	3.2893412184481538975220141719749935	3.2310886728986837769305696110930761	3.1728145201863089002815957841281205	3.1144521854442395145454245082897666	3.0559291162415445216414805110091791	2.9971656379105631210565032170602531	2.938073564706186198782176684149489	2.8785544948353963105048067381829391	2.8184976924076878098223005956385062	2.7577774237822379973716835976122716	2.69624956432830717032364612010158	2.6337472158487830531407005215855657	2.5700749611654436292248736993399341	2.5050012078359902988679478180485748	2.4382477985406175541780949605155376	2.369475622060257558138963610632004	2.2982642185212391440280299682591381	2.224082090763859824731498422646729	2.1462421144271640446937684632138866	2.0638320135234961818881639551316599	1.9756008476658451565989674587829546	1.8797624846893681620077707388789126	1.7736279164521397098442578740709201	1.6528401485729956484696558332172372	1.5095214550807843533810779808796354	1.3266140057800227328462132461470992	1.0510523680154603291902587272014725	2.0162316909307830953424393870249831	9.2796211606869109858048912549835415	15.321153515523849828007283106710758	20.947591024597370936638367783309434	26.357490520554503346819011188688814	31.647429780876515694860556758687847	36.88025416264514658211578172713072	42.104572703631354822421773468102184	47.359936125554650055572558520357919	52.675278844624305541173416795970694	58.064257945228470419379927941739988	63.520526130033534148727062426469484	69.014624200211610430801408771829386	74.491582609517020569018514291671075	79.864080335414170395853607388683775	84.974458799749498013131248597702885	89.512408809437229927431723198005418	93.943050407854879551409642334390594	98.326289028412304898187343175748854	102.66020327731601942914960831599073	106.94346251767882932791069360303395	111.1752173877695690600542353591723	115.35500086862258685849329658030067	119.48264253998328872750562545599881	123.55819657674352325365948268781067
4.3842104630947772951883886332367543	4.3175407120005001370978383741909541	4.2517115409160665434287837246157025	4.1866700190265292459828746864221343	4.1223658192869809276216838581307868	4.058750759379736765877216785284399	3.9957783736616663751926490408381478	3.9334035103495156814690839757355103	3.8715819483405143327892662916811479	3.8102700281008679690234835541785913	3.7494242909690666614688029913028039	3.6890011209995218880577612535601832	3.6289563830939592759157752957872419	3.5692450506022137803773386314085074	3.5098208147782811371199074183427608	3.4506356673933980855545946963173574	3.3916394463554389274700540329421743	3.3327793322551842707527932178546633	3.2739992812043548529135860829121232	3.2152393759411329618474277588061122	3.1564350726667113367790448476474742	3.0975163150323556807530537870112907	3.0384064785354438205577382633668069	2.9790210974613044538554961183452377	2.9192663111825918222181861169034443	2.8590369452512793962795782377111114	2.7982141124920300878794003121221017	2.7366621759059577316215884349835431	2.67422485183822855580909996722662	2.610720137618289911677944644549702	2.5459336047945523047668944059979496	2.4796093767357632503383440981923689	2.4114377547445754007297102818084474	2.3410378741988364556656163072531828	2.2679327815633271539621444746399422	2.1915125691919492547902248816858124	2.1109779453530607160631134625888327	2.0252501881559408157039350290855211	1.9328197734080894351655587312281004	1.8314740830430719355706336196035562	1.7177607101225849469708187365058836	1.5857852372602589943316061449724018	1.4239619206551661995498230471148478	1.2030118337548763003354743067594292	0.7778786065467912316752469009867294	6.2058034220933147345030091668132817	12.638756623725849612915040158825801	18.449413071174720078316177335096469	23.969156171453242195119016769547758	29.328378863594177557713761216979646	34.602682927205347350511753051355368	39.846864853504204413006816632437983	45.105196437717283296561715902299178	50.412358955069630834118916558997986	55.789687875106909017648889573903841	61.240095908451562475469086799250689	66.744187726273620633696203422691863	72.257918502891264394169129932844838	77.708895097314455778223155049792494	82.980027622091988970004712984991264	87.76550497910079911000920062353335	92.211993667034116817639795943174131	96.612425662063925894210333157438431	100.96451689589630200013721874837868	105.2666317222848124309776538559324	109.51767102958046572126676714105962	113.71696811540718973234365567872572	117.86419647797087766459159695468631	121.95929106838361522169298300492839	126.0023829100753362639586299123406
4.3758792795592568479762022929159593	4.3088332816081991322492386772957756	4.2426250210448729205251082983974284	4.1772014409064898658455544837833629	4.1125120100326729565850357441693744	4.0485082601505324303708922082731337	3.9851433530831375671598745071403878	3.9223716721699837244841574632100368	3.860148432106616927607853484841124	3.7984293014052395829160261920014272	3.7371700315407703730124641420269483	3.6763260865592474481012959976961747	3.615852266462775955415101372644495	3.5557023170100858209332109018704522	3.4958285176349438949496529850726144	3.4361812379162150136365049741722832	3.3767084513391741007592833400193912	3.3173551928379359519702989361484998	3.2580629436246108895225633584521998	3.1987689228422751485743086771998754	3.139405260276385686529097371160306	3.0798980172239424224099730479096595	3.0201660129350463437263876916142752	2.9601194007632843273159393626900525	2.8996579197421907125692633374847034	2.8386687214205540410021051828083259	2.7770236348875971727669427489728118	2.7145756794601938905238947431877734	2.6511545556676387552374651315297818	2.5865607266244328637828637951347022	2.5205575196548299325539165293292408	2.4528603909539898102469775790659167	2.3831220310169015688879731959235079	2.3109112107104813580794489582180006	2.2356819172462783173349280272364227	2.1567268776380226732471413459913956	2.0731048696997789076766017194473776	1.9835215950432389124716965044021445	1.8861224220955924735543309769918974	1.7781019981840242152941840077273566	1.6548838574158822436681992322644216	1.5081041204233269479713953765343864	1.3193014053648505878929215432959802	1.0283103892104490522994937979068286	2.7441456596689947535913255813111336	9.8864101027538205799620863596112576	15.942775638189474483905675864701895	21.599431299290888967962687360331862	27.044508335162217166382221747368907	32.372675463863727193822900416198131	37.646951617855052834541096164393407	42.916608069934991115869249149380743	48.221459638295263638124778594804666	53.589646257489191624620998252476503	59.032660559305455738167015375636934	64.540723310306886750061169340807872	70.079957509975298062840955895843473	75.589982412825172893245367648624049	80.975800052433054872529182962867499	86.058464066030028128820160922690602	90.550290003278432560717850740841869	94.966345697815863413831068983620266	99.335216324626092952378057661538052	103.65493716330500949613107589715983	107.9241355202077768210682623360723	112.14192283924290218366021101719035	116.3077967686970608569214503668857	120.42155594335867485502118017891312	124.48322815694309335397403335804356	128.49301134304802650817510586510391
4.3672270791047184455068764137121644	4.2997929443925025235465668661419945	4.2331934678156735152997636719194113	4.1673754265505570286431602108338699	4.1022880412657124017142471088574428	4.0378825087966046331218557394936345	3.9741115639587528048494718815130325	3.910929064408822687949473139977566	3.8482895925443025085550993730859887	3.7861480683798916835493867415216692	3.7244593671404130489468568537361158	3.6631779349447337871525128280487802	3.60225739539184665649311983371265	3.5416501390565976633012528637831147	3.4813068867970358628258112606461801	3.4211762162874691430807502301307373	3.3612040392065147286570943603152212	3.3013330138731998229700119361260931	3.2415018746199975623266493493219958	3.1816446545170878721394571905089574	3.1216897717901117999320289205373918	3.0615589417912010212101335632741623	3.0011658648037408397289960818585068	2.9404146239810207091467464667273759	2.8791977053898357250669702038535734	2.8173935205024127856601265189599467	2.7548632659840843415968747033594661	2.691446889076286224515672984227229	2.626957827674267341189699519507104	2.5611760432400481836134486896905029	2.4938386295290867212993918181889364	2.4246269040214560347167303696805451	2.3531482691869843336457343040325511	2.2789100732578359020844305402633806	2.2012808204493270072236182050341402	2.1194305699875715641384814032736523	2.0322353954919261746504565038957173	1.9381158479105545914840409525785527	1.8347441233524776681849525918072074	1.7184605128302662941977163805094698	1.5829448939027896649212773904646107	1.4155350247499570754952869505348898	1.1829799253084737948797767644994453	0.68934427221481427592756934704897838	7.0066381030568733073502579837696049	13.411905433032129355416961167682796	19.241126185331609271008828995301767	24.791383632295650002374693362801325	30.18682155184675186238175176828632	35.501930053873021406232961412367804	40.791850023638820472789795209037137	46.101241912157451058846940838197104	51.464268536007919735795441023115163	56.900262576265787830290490647110947	62.408587861406196087471548132405501	67.965064106294313826115205743379153	73.519842807726888994943448693583311	78.993071975949662252834206733832972	84.253913015465525825822378085722978	88.961682211371743506859199779085685	93.391679136212204620931716554373036	97.775824296986922155092928378937132	102.11180178925732576637893074939379	106.39794230181001530203705840192647	110.63311328131253168191268028427916	114.8166163139977140002105225578495	118.94809592662645505095344425583104	123.02746143886298262916327436938822	127.05482186842427234493794746556848	131.03043295304275904276451518863185
4.3582406176499385367252015086457257	4.2904059740659971515358388724805335	4.2234026415396250197956924142727513	4.1571771873193954721645577955686329	4.0916785350256388748095552983811896	4.0268574922905071285708501411592885	3.9626663064160742737206427927716845	3.8990582417566259843083880223998109	3.8359871725681896507031054094250888	3.773407184960546208910359444031104	3.7112721813159012598679419843505864	3.6495354800814157865744357303519167	3.588149403160565939637318015898473	3.5270648421701373645309367306185021	3.4662307935241499519520457860837527	3.4055938505528179707268288992145646	3.3450976385299327962075488403293501	3.2846821753766482680873025354208749	3.2242831366701444622234776821506882	3.1638309980444883174090106551414484	3.103250020600018381064203970763196	3.042457034778168846167985658301707	2.9813599642016149661010073885147482	2.9198560115835502109578501894378547	2.8578294014919921213626174259522258	2.7951485357259543937285515272663302	2.7316623603851921306858206422500694	2.6671956599236997913072385505746899	2.6015428671341408680967992877206233	2.5344597832170903972236248989202809	2.4656522942028875375781813934546118	2.3947606694227809859227968823146379	2.3213371870153697750453174672717159	2.2448133647587433120625454447388777	2.1644503969526050725320534108077002	2.0792612311298103877047264131798569	1.9878820325102642650363012157613666	1.8883466571321246717220009476143677	1.7776568452862664182145323372954396	1.6508635403089448607490180600626666	1.4987508072212334160397473314658784	1.3002743209172682729169820752473244	0.98055338113048284312642169387162193	3.8616579503372306819718713617744513	10.833434376729566838482214697681364	16.88542691607822291635612284444521	22.56424838216967041500522425899874	28.041792989443351979193153494477488	33.409056492957879566883512984610616	38.728636113612293883799825411865058	44.050148943211811348917728830374494	49.413173205543189990374597064467141	54.844130807178322246543775968731424	60.350997155069684179805253736828022	65.9189226875150794973018496867801	71.507792300487027250957483400278656	77.049637473559585621312358306369004	82.438090099248525255165310688060531	87.449925354661037498647550037528712	91.892239779056052018523322658053654	96.290045383635375738275688877787406	100.64082701042420801058310366457309	104.94259702355862811065335646485352	109.19395714984544031260642091352471	113.39399253474031267395943674228598	117.54217529173164062324438178666813	121.63828033083863573795909123467155	125.68231420736715108826797702579252	129.67445648634088248131940315400885	133.61501244248453389759964378151697
4.348905934723126494600819050799109	4.2806578894104311322394980382019848	4.213237504965839794088023704485176	4.1465910897689555980111423505437899	4.0806672160972764765889841256550934	4.0154162420060405290729629568955306	3.9507898599498243307182805144275843	3.8867406656189925528894472375515511	3.8232217404501094732542791262409998	3.7601862410941815911109950226595828	3.6975869887712712983761078423438035	3.6353760508723505359991441220756042	3.5735043063461754069501781286534931	3.5119209852653987928816190096271016	3.4505731714195005504074204176550182	3.3894052547090381359854882258960708	3.3283583173550211031373143497829162	3.2673694342576829258146999993151257	3.2063708629194843460978105726886706	3.1452890917316383933445640068869205	3.0840437064583546644659829448739878	3.0225460224874969336462514073879439	2.9606974134486797986983793756514113	2.898387243039072880851049744234304	2.8354902731490318365674700704016079	2.7718633727084041911636686090754693	2.7073412802639251115225854633140505	2.641731066519221211296948067759397	2.5748047800100239584869148512783324	2.5062895041093547872625965099088457	2.4358536440712922364939959882764889	2.3630875848484573050307747143687638	2.2874756973876636231889441377071458	2.2083545905609992046633706572859604	2.1248485899154680980555008894479558	2.0357655743448734620617104717351886	1.9394192609771155324354895466503914	1.8333030894799864154778840905732177	1.7134289707297811518613776797110683	1.5727829196611845163616010878955042	1.396870996983560109091591307418635	1.1450908905566390023273820567571006	0.42273029816342032357275453714831351	8.1684642158157125929806893059075134	14.520885949493184803295009852769102	20.357783567182189727718444646810612	25.934274263923255489650810754910433	31.365764313314062186653618633888171	36.724809266621717912354962976051991	42.066560736811443441799929140610779	47.435650078215692373634247562705481	52.864888297207110888709476214280076	58.370277343349304047131409398893854	63.945944560728750514917679423331452	69.561041472605919132057025083505599	75.157793208384975824517977089142537	80.645859535198551454397845723690615	85.872161232798033416354481184045199	90.472036042685037287309271632261584	94.881777476616196112038417584374483	99.24580464628040328442900972203814	103.56179176332277852263290118619958	107.82805395794588997060337134035341	112.04343970000796993675426950319576	116.20723008662941235096158871342317	120.31904913426380261836183487399671	124.3787867223176889807760979103223	128.386534243060475001458470891581	132.34253208754960043865596820279572	136.24712763351610307926663479994954
4.3392083020764349561747760443560576	4.2705333986113808791374712771088993	4.2026821627776720726579304236547583	4.1356005896698078367190962304201531	4.0692368398194073904785511870708274	4.0035407544703555325359095114990533	3.9384633961378473317488060157939429	3.8739566076574140569142316556325056	3.8099725828535277104644730586640346	3.746463441703512451305913776347573	3.6833808024154050978065744206282166	3.6206753421395796897447754193029692	3.5582963370404700937820426236630879	3.4961911710892432234996958657928459	3.4343048010981258138917343355386851	3.3725791630554328580892191404618098	3.310952501537554493285703404830251	3.2493585995880030272194404634522971	3.1877258805659013210496437640027834	3.1259763455110341068239013128123905	3.0640242987267990929758380019701442	3.0017747993462760982982351688874246	2.9391217558301053709239945878086984	2.8759455509471252772199219832401108	2.8121100426562817953044326368906313	2.7474587249211795883708969377050328	2.6818097414100102651689062093999286	2.6149493071624177623126184351263652	2.5466228798292032767695034300961917	2.4765230830836291163380643210762267	2.404272830739549024356096463644074	2.3294011639909537070487779667475587	2.251307669684798882595655209635922	2.1692083201706039470144323202013962	2.0820496716804832195933579995329332	1.9883659806108242988095675989887398	1.8860253367788874939014145901930802	1.771737312160055990026108119166217	1.6399735328394766434441105579506251	1.4801401588560765185294487520219125	1.2667204408703609817547394640100432	0.89344473291593161843595017097599496	5.3386831376804971641544807943524766	12.1315949484914919973222626853197	18.165766430055891210773118644069945	23.860866762847679843574142001550232	29.369654177517990480470669801201171	34.778400191423617529252351248157701	40.148914065783994884230838444943873	45.530821236409962866491659711774066	50.962735135443806361004834178746368	56.468074428991486681441038790779681	62.049559885683140734256198914048154	67.685295176050233470923002231069438	73.326776406605445415020487506229377	78.895728548603642321432050849308184	84.268903327127187788418050117630886	89.135283197093255449619638133782744	93.555124606954220664162061763623476	97.930730156906174311038870195427062	102.2594185061717972683302053394805	106.5391986009995238481303083246875	110.76866248105068544525706151986573	114.9468815686346898380354714013421	119.0733121209533957270222637637513	123.14771257015059173795328854659074	127.17007350381181176931202279453515	131.14055982781309230698350084429992	135.0594639909295197312974329219088	138.92716885622933365655316780158809
4.329132167189419700725425225942797	4.2600163378948854915435087940854953	4.1917197947163893628486280847895192	4.1241881588755767394145910181645829	4.0573691118431392685898231150628313	3.991211903022801342819284451870973	3.9256668810509727570999509022827309	3.8606850416078169791770498140522393	3.7962175844863964680058375057892776	3.7322154723173752803780235473066891	3.6686289827684406527414766310742	3.6054072451807776833764662171435854	3.5424977514058614737275881900919202	3.4798458289706885111962663139868798	3.4173940625021087127734070788732198	3.3550816464019422418730085809131459	3.2928436478384711400395621180513153	3.2306101538545644308735400348315471	3.1683052692966686734144789558415393	3.1058459226226517754090598848887366	3.0431404234150212823798853163435176	2.9800866970683566082957158983780884	2.9165700963255629782914151259174758	2.8524606525839661441946589322816621	2.7876095766861528618072558565005024	2.7218447405339141893494596448125855	2.6549647531717532123908019810889206	2.5867310643971238727811064168970304	2.5168572451046458185153801970596706	2.4449941350830422951322657006186064	2.3707087849266787743418623615463154	2.2934537981901647261368455918490237	2.212521296557138988466786448588366	2.1269711954646233097766513428922785	2.0355142569908421706668109570808498	1.9363099939253451510228647556648379	1.826589276571942322215665955947037	1.7018697172372370903429998198973166	1.5540540913008994477315252019634035	1.3656135097559178495691433535469526	1.082034135356139989460819221765933	2.1021490556634935950816936467859128	9.6934423831352422187773468624308085	15.980556669791168839330688011192508	21.817965141042569265945509308917246	27.41846514147751612090855770621695	32.887657929246055804861272185695999	38.295790234620818477483124653574726	43.697774061245078698304504834987036	49.137608050956520585185576664727232	54.645534345980753096258980212799772	60.232444605563917970229387873031109	65.885136071927978421937170671285361	71.563850970807189882690319688557108	77.200291579627730658406468989325471	82.689371946300029598412626651692792	87.838326500091967342333282444446269	92.314411440756030419892926489452882	96.699817457826336819746904783335551	101.0395841448433430864916021866246	105.33139641240009487644637754815284	109.5735709487047938324944180200864	113.76495105113816590961573335715644	117.90480815778495246508360403842448	121.99275405178850788584066363623575	126.02866533432724715312158062483368	130.01262023388542501953865969614948	133.94484692600658924272997398820757	137.82568208581686008543066266156013	141.65553823366864401222028818275255
4.3186610910089147111800447446164349	4.2490896037198397521010243945546916	4.1803325814749210418936133808281076	4.1123352040533924529561511349100158	4.0450445986987004908944823771054393	3.9784093390569855501938559840428904	3.9123789658155191499663347940096734	3.8469035215758769673007411552489663	3.7819330922587368870659048200565396	3.7174173468753432866983743801387298	3.6533050667748767880419901189191036	3.5895436544295451912585239912584414	3.5260786103702713630783207774994437	3.4628529649212647639404773843986687	3.399806648744759205449292081474751	3.3368757826793582738473924988600835	3.2739918626269708242771109818951818	3.2110808088800719339717389088414932	3.1480618406554696840848193147014056	3.0848461248084151300215470367313875	3.0213351314046120270221140307485034	2.957418606042249328286468670341572	2.8929720365123093136552456515621887	2.8278534449063755496999324154641491	2.7618992682617688073443507318465755	2.6949189894445121880587438710728118	2.6266880256892607759552345675647408	2.5569381419860066609829932224529633	2.4853442726056275964407385504514136	2.4115060022375554787350526013114001	2.3349208821393192801778579148542611	2.2549448486102442788059267176826606	2.1707314583797416603945564161565416	2.081134627082073594300261807559707	1.9845445400048453039864007105232994	1.8785909941401439464479250869888364	1.7595537715134653375462785582090602	1.6210227675883920504880358870645875	1.4501911070524280228236126468006435	1.2135878866863182750644731545957305	0.71904379918096646436420258720398165	7.1650047217124541715817699697545869	13.792259285734429577572408225663883	19.801596984065785778744466638073984	25.510032962946368755349545768000739	31.051060165029004455828512671173684	36.505975247618317245287609618756433	41.93566702301499337398273733855213	47.389317146487999153046575056089616	52.903459571222897794854603364656161	58.496706627984094341574920373387445	64.164296863140519440172328994991092	69.874902065004285597436861038489976	75.56903269470741697125557672198735	81.154461372810833824193757232795546	86.481468907298833745358757544344439	91.164199865526073428629591019144091	95.557515678906321405396826187460329	99.906627322324946097762472206967126	104.20887998633862653467364258140644	108.46229727790673301239475672735625	112.66547640549614698421113237636608	116.81748693858736778199312363197641	120.91777852287034547702255966579351	124.96610013815833097967975100086082	128.96243161355516186331848439760778	132.90692695989566224018790111959344	136.79986844421144068211899724342976	140.64163004503637793398096393161548	144.43264886725602307157399805336026
4.3077776791712020903621458553304105	4.2377350776599051334872879531279081	4.1685016223642180306435610411124264	4.1000219761228229965468391359985242	4.0322426278330143454000807428073902	3.9651113812880291901132590516217963	3.8985768635074348117748883335720291	3.8325880446712813835985573838080776	3.7670937614249936217898907190332076	3.7020422347227551992566411594118732	3.6373805724733451983223069921039357	3.5730542459727620484431585362220906	3.5090065273528526208198939742716321	3.4451778729049591058957942384312781	3.3815052339571998392827832337837509	3.3179212727206284281623090673946781	3.2543534547861894101612223273929777	3.1907229822003518856751671159923177	3.1269435204757810943480044278568028	3.0629196583396491695065013246553326	2.9985450187535667387638597439286531	2.9336999111513383634101000206187397	2.8682483739196735857347210245339355	2.8020343966390719917328599244024924	2.7348770234863565966463208919809741	2.6665639061487687252037636473222535	2.5968426691951427054706991435011688	2.5254091258068354395083048413299161	2.4518908528262290127354400364515132	2.375823745084788895960461868546638	2.296617617415628680695839554970174	2.2135040894116216040486171414151495	2.1254545170272020212122974662411589	2.0310443990077943299583932032082424	1.9282149715426667879464819838854457	1.8138172120074671116943906818504384	1.6826303482556147436008295848551271	1.5248569116539141466502806338535876	1.3177789173321668335870582141329651	0.97708380656948674266518588270367682	4.4580689882044662028385367323065737	11.587227786789164086278907650729755	17.807205812974032881994592036361592	23.642239466192647895680620341481439	29.267310561837404993534501255200836	34.778498097267064706654922553700329	40.243810411411765730675195280051262	45.717660129587144649558653662312274	51.242444958913317349319673798903027	56.844043491865316577483184869748629	62.525868818625328242582332950756938	68.264810617499058080556199554676043	74.00950975449946183430366349409167	79.67779192385274533113208661568534	85.143045583530351578663572859533383	90.109308151891708735758223624548536	94.50852829612079281947593199462219	98.865137499708541027471136443823324	103.17612811369871560264764651810584	107.43921447524822118105631694462662	111.65273050943204840152251062675953	115.81552709393050842967686865921191	119.92687611843783810048001862685176	123.98638496189193242176946031938128	127.9939228742230866352189875694211	131.94955930789986105940267108798888	135.85351339812724319655384590294661	139.70611336157115444317302260544199	143.50776442750597854295715214786442	147.25892392683716904980322019587445
4.2964635058312043391051229341417545	4.2259335429668368721475839920208258	4.1562068435864353304008776122358204	4.087227469050994953448191997653699	4.0189411755425761987246679158090269	3.9512948912035207580028559256481048	3.8842362102161018175364832954319163	3.817712895432609984395725605307301	3.7516723806934905697111279981997816	3.6860612632050658772742429390531422	3.6208247752276831260214158392005417	3.5559062227598879409300848374709236	3.491246376772468640652027092602367	3.4267827996719243208914534339760336	3.3624490858145259692890999813465288	3.2981739897032994635576571292541465	3.233880408494570314501370864359926	3.1694841759110174091661380909420694	3.1048926115794795252238923952579316	3.0400027516715141946533126303992674	2.9746991612416928871031809161735027	2.9088511923739084344672157248699022	2.8423094997674421280388147243930988	2.7749015481711138627209938999101399	2.7064257302892769819328426269594981	2.6366435364283909532963717237824738	2.5652689390113095852259727557810538	2.4919537070665035721785509078541241	2.4162666218131290045377921293823117	2.3376632843449709650900183437556548	2.2554409089633798823891800152635133	2.1686681542001026118539308884255978	2.0760712899036169645717432553815932	1.9758388173911745959807172008098149	1.8652598764571978541069251647273148	1.7399810695378669166880768547154259	1.5922321756554952056736477424990624	1.4055249766161123607838742368405309	1.1308715148992939047630608116301552	1.2449406374509403218003342348434301	9.3450614450002729925118476361799404	15.829338518508643088526630323101373	21.812954220845157159503871664520817	27.535329195947643838158507801061187	33.112653184168273368221507046049776	38.621725407140783977301047224065215	44.122515022927889266286459187180512	49.662994127544306380916136135422784	55.275877819796814529820742634727877	60.972470085390375949821785112175861	66.737714723375168388887361792476023	72.527980778629210087157849717669735	78.269535433891158596158832332168699	83.850763423311925334318727649887051	89.074212731040595911595509103786822	93.557835142356671140019158671617724	97.919976704378222747398177413814296	102.23788724360614073807961493998646	106.50895750693332185344788323761508	110.7312419895972735666465705795258	114.90335650124246197056270250978868	119.02437959245856053635371174267547	123.09376283539402285103553639471136	127.11125234407907382376980773684379	131.07682216902479417463338560216799	134.99061911932090771637419376175241	138.85291796915477326869647009792858	142.6640857379795623391086432157949	146.42455367607137613764117980203394	150.13479564976690285556820166170812
4.2846990290801447207857255218529476	4.2136645916372053707978627384658981	4.1434268957482119087123261057241674	4.0739293064116833622998843644662172	4.0051167409400601815929696185712128	3.936935132512048681911259591422151	3.8693309077004741927437705196154528	3.8022504689899842881252269699630412	3.7356396726696750713854115553201777	3.6694432915161767741405290170273679	3.6036044502940790850122667581019895	3.5380640201840738544282667262235676	3.4727599556476959032531186881334066	3.4076265537332553481475071562143669	3.3425936111145610561104762763938624	3.277585447791114944382223139226002	3.2125197577434818371068022555439128	3.147306235017767093686356144321261	3.081844907369807421949940363556166	3.0160240867414559881697873130651987	2.9497178134302730460239797289718897	2.8827826241828307852155483968597574	2.815053406222041866629092804368401	2.7463379975666669647726182364475458	2.6764100394378970592306955702037784	2.6049993461058899086086231291286336	2.5317786738303888350591628498694422	2.4563451402653116038503969011617989	2.3781934750243286996622163612834981	2.2966763901508158554598968747978438	2.2109438520731515654249545076996025	2.1198461348991161066914435159761393	2.0217708717632055030531460352239031	1.9143499210329622944239447792159354	1.7938802652732084031942153672917509	1.6540171166593702580679752754238089	1.4821912343005025836426843895897738	1.246077170500029283579561324667336	0.77379984296876322413388150626461441	7.0315469184806715403569666272368118	13.861161462646971531560681172713078	20.019967059827034582852469950620201	25.854240801546953214448997021984342	31.508012497922458573906534627890955	37.069185621051195686882624404539482	42.603913140454193737443143700295087	48.16561739132724498970745257986259	53.793473902999451781020789531557248	59.506386053405543629344906859433336	65.297206374335482382214419132645294	71.129787894559538204911306249843807	76.937864841211600076565175859807347	82.620650647293672331063498223941948	88.017063715398502447720711780743915	92.710717890319021081894433692123783	97.076304496301687441527221497237756	101.39919596051171102735024532404936	105.67644727593744496170222926858256	109.90581867215042731904792826164571	114.08567517920048276666566782154511	118.21488662969630465503970666496267	122.29273448124749792224508746110672	126.31882886581522298353639896437171	130.29303719737030939779427025818408	134.21542433081668311622494690134949	138.0862034792116275981107170036724	141.90569669882313233169541588793824	145.67430360737477839779920935798862	149.39247701621903361920528384880829	153.06070425371511156709007981722229
4.2724634967611280153645703861140278	4.2009065206010377399634608880711876	4.1301390390040012677794643370811482	4.0601036138254542585367946465334732	3.9907442037435703314689668513907777	3.922005611982159296337580874377051	3.8538329445488959695555432436023267	3.786171069289334968108667888763028	3.7189640652362972013118159676982278	3.6521546505130084227211461096268338	3.5856835753292724065703408871609976	3.5194889642538665083998317519304633	3.4535055887573857413358486674420515	3.3876640467195710338856526526378197	3.3218898197942637587539110187028163	3.2561021716576800226669906911040237	3.1902128394233105118936702398677392	3.1241244556978392988214235787057498	3.0577286181079008356135759186318035	2.9909034939839989702507978073810036	2.9235108061438223610308045734388806	2.8553919849741241887614323481064038	2.786363182022637624136897827913704	2.716208704386487869306491111207322	2.6446722192978126772455693573131034	2.5714447462190942083711214923079043	2.4961479135485100684028737825859746	2.4183100499556460027985892947500422	2.3373310995893837738892401274657272	2.2524294699103870850371391462792776	2.1625583736536497776199727194832893	2.0662677617911207608954047383488396	1.9614619720460319088284039840476084	1.8449369825958107442754561447672003	1.7113851260687066172233906317652312	1.5508526289472672532190655781791754	1.3402616831748428079030071634828527	0.99401793442145256142885492147228989	4.5772658166375580516150542393037862	11.893649170756235008180928040554537	18.260906783095235041253548079935654	24.223364254453609022368371405696181	29.964432384171909166487670110872851	35.586245410338849503146695536903281	41.162094799169116486323381839842806	46.75091238836836949252598909319964	52.398037370969038485376867552135847	58.129688459980519357068125193631992	63.946487587437605933761425878141712	69.819619139588001332369521657186657	75.689674190716080604214728596948609	81.464285404289762850486377004982622	87.002976352796172677785409671270999	91.972789700454870249797324510535252	96.339606785429953176394224319221015	100.6654130563735510538511006558814	104.94691798111131008749430452256538	109.18157423330124229806013122904676	113.36748122236261314056162708060798	117.50328505465592835066545957350627	121.58808279012189913107628827253587	125.62133553449408836210323399128126	129.60279250265453702850366878555968	133.53242657477899604960195986344045	137.41038087159075054781895032622807	141.23692532699329934102050662844551	145.01242199324080447967445878286053	148.73729776364276711946985928418585	152.41202326185451002882526407157615	156.03709676810146235722363367753314
4.2597348412866501491077443740263186	4.1876362154053478583729575693386757	4.116319013926832617067267798670001	4.0457248750459054943457895642665586	3.9757966632517658329297327720535606	3.9064778985471425655911741340238232	3.8377121921229549475531385769216813	3.7694426779285221487685683070079222	3.7016114285181777326187248960495972	3.6341588420229614440994598746387007	3.5670229849628740873098902040423187	3.5001388727082083433556814948094842	3.4334376654643774544682430519970989	3.3668457523409815267118942868556372	3.3002836888659144534122465683470886	3.2336649434880299407214726221049785	3.1668943951128783237736706624338098	3.099866504958258871032276304815037	3.0324630596283692980096855360223019	2.9645503446762203039847926098672136	2.8959755534209682427295140045194608	2.8265621554804416658796982973331021	2.7561038288997001853545779313944192	2.6843563748317997040346221956690738	2.6110267433664520639489421776504117	2.5357578309593354614738405768207778	2.4581069319757373446234417251730362	2.3775143879313429915958308972469357	2.2932565752659418570713964618804307	2.204372833536115692685653247792541	2.1095467834810691726469083855383281	2.0069023920336360901847653235215092	1.8936258648562281806968112983634589	1.7651853800068331576182145737381089	1.613452765396093816679895887298782	1.4210130831404682720546178311697038	1.1349518960453499124062553591159236	1.7645182726413962718869130590467085	9.9140924263796844112433868295098965	16.533137052466344565138176304251581	22.642205686416471180924952070640148	28.482058739764685987490078564807579	34.173259008759774280574468332032258	39.797550640269835683832377813977356	45.41962889999198533981561056614589	51.090799345243688684181795348276435	56.844337068408773844018825102707379	62.688498737996479613598415018861727	68.601701574220179487330651873235673	74.531001186789089998264857777601206	80.390943890481804970195224811034741	86.054440722547876317366919464306028	91.292102164599037873219220667351788	95.715729244446155223260162511951589	100.04224988298254257703813409776402	104.32594849004940914998188840730649	108.56395863404302519463568879219215	112.75410031827404878743973581323368	116.89478144215549913433466301664632	120.98490053300522821589007183883563	125.02375652017998233443553107786483	129.01096859381250377355553397877122	132.94640728994613207591890057231597	136.83013672015954141918517274517367	140.66236714759625428240087437495441	144.4434167517135402584178070916597	148.17368129790330937755205862418863	151.85361044671922552887187170184792	155.48368953409349277276993453533237	159.06442578910211424108735525860747
4.2464895618136124148775263824018749	4.1738290194689373584418440125365896	4.1019408958458686153054299443486039	4.0307657690246744651585348068973534	3.9602452553441341891964637069683344	3.8903214169120890528174329054416695	3.8209361707816841835428154918773078	3.7520306881869959409369698310754024	3.6835447708776884419134069882136403	3.6154161896682608516465704517585296	3.5475799676655650143845603945396283	3.4799675870296928965406335522432732	3.4125060932390957008180085928202613	3.3451170642099723771221163987354112	3.2777154026027950806129403875904232	3.2102078972746456861492187887684018	3.1424914826853184059846253502425133	3.0744511010230662493433448963648425	3.0059570376530118108233131905949269	2.9368615512306137253368106410203275	2.8669945475934099165601011383595039	2.7961579386714274683732330362332824	2.7241181632521280289680156656511061	2.6505960900826291772574163949403709	2.5752531137759094711002970116093889	2.4976715790072206332199335949267705	2.4173265196412030610763821480551463	2.3335436657622918714318035612961737	2.2454348951516691509789378614141863	2.151794856474044128504385058847956	2.0509265938541617349659541042935929	1.9403263722049297781944680264483169	1.8160561576287547813593748891223506	1.6713077538009671205940231149266617	1.492375621106422509812531068995579	1.2428176955358737727869191136613112	0.69440677083458119872511130445649037	7.9030121340775387085752375162994687	14.833613532506551618191937831924066	21.110456884394234267951557777564292	27.061333495956343641258153136514613	32.830893924211154024515126987309365	38.511051514498078430020863971299572	44.172719668528875638053279381030828	49.873086340535214546180991928013709	55.652266306610106946138657211100976	61.52602630295524099522454693068442	67.479952107560481824047036326557316	73.467306297421318624738865148529595	79.408549528867134030346134898693218	85.185971402179671187898091405974521	90.609276117922297835639125015555534	95.210916192145486403342507752069673	99.535807794093602806840657150559203	103.81949847469438203342864867497726	108.0587930332093692706274896530579	112.25121949162602543904212966663123	116.39493372948942545804716782400985	120.4886218700311574723612498091368	124.5314074983778441615549826946464	128.52276775512477846313580197691516	132.46246015747913331141081057457198	136.35046053351433807631520829707498	140.18691155372965605090693997753726	143.97208085146549195456479769156758	147.7063275095160729706588728441316	151.39007565043505155627415971632549	155.02379393646017982926940784778385	158.60797989925640937122104904486531	162.14314816314625279575638276985604
4.2327025918316795088231348052055265	4.1594585866232563730299452081724764	4.0869769299541336627344981583053368	4.0151969847584316394129745178398492	3.9440589436981595480519393317979244	3.8735032111048674948900499362736085	3.803469780900923188620229966532445	3.7338975976126266982849828365985074	3.6647238858628589064379083026164397	3.5958834313132309885104707218072136	3.527307792712028116155279180303318	3.4589244201990410918331399741827441	3.390655648905352675984079526843745	3.3224175285628529459552805498503179	3.2541184384321882703783626714254474	3.1856574210873534622573194194815407	3.116922146545134451407183088820547	3.0477863870105059209004708667874258	2.978106837661391752372300602617482	2.907719053436385340889511214110688	2.8364321744999524443519926409945123	2.7640219656169771365070385107199804	2.6902214662049481743276423880874719	2.6147081850659270657900350856868534	2.5370861815868267272960723252758961	2.4568603772646656960670965978765759	2.3733986962350964134480813649038398	2.28587444182802096056939235509594	2.1931751425486659631703355428598443	2.0937512560028829962511634565699341	1.9853486792991045472498576440316593	1.8644924605210328394906080493306898	1.7253561604772375684230554954824806	1.556787216364743892425620706345748	1.3318865398882003946726649674831251	0.93837783319833105174576431823456394	5.8266030203299285447951045518579884	13.158673753229607718970753970453872	19.628000194318078905083144875212435	25.703004372332825088739698432754253	31.560141309139402257122052837740993	37.303669682342937332233533467744181	43.011379197431436196030589889597121	48.746377220872840294129971981385646	54.555458540288271305000873475334493	60.461794311778298719895205588245389	66.45810014416799485472207762846273	72.5036741053636166474931398935686	78.524191129382608777071564133256212	84.408822276630784211240518718957836	89.988773338460239537341170680497092	94.831855979429342036259095959435228	99.152621635956636518897167116817693	103.43395019916161629021997654663299	107.67231000449382244738275340288471	111.86492584278449023678009378920963	116.00968854450341315917185699102377	120.10505832184687209675714144607139	124.14997031040996139514283337365086	128.14374743670306121100848865590631	132.08602326022445834813750993169536	135.97667572007514195479779580045172	139.81577161401307105607365143710239	143.60352099732760460977068595283238	147.34024037157005531496832282558131	151.02632342818440994155528011791601	154.66221813634197073143391395669201	158.24840906179865477568476958869342	161.78540393204532778096413457697053	165.27372360388814529201533990885991
4.2183471498549473338836041599419916	4.144496714212748552465318298553624	4.0713973439527696395207423506959165	3.998987010064910576912419451069607	3.9272042806102909960444679166269292	3.8559876724181862106045525004654726	3.7852749919675319493083373872367734	3.715002650983349154388587965180951	3.6451049400842187142773703171650769	3.5755132407704859546758946080991973	3.5061551518784412086696551932253027	3.4369535009599562969884007674296067	3.367825203328384957567373483886832	3.2986799209440165014361524245810544	3.2294184587251505415803362411352427	3.159930815529097523011431124971538	3.0900937783273627955291701652675526	3.0197679069920498955578415686904185	2.948793697339249496032977404721344	2.8769866216411483642806573367008785	2.8041306124649495347959897662855616	2.7299693502408942791416295959108595	2.6541943908311435557661870191463479	2.5764286442125569748021841866471545	2.4962028382885308886464793145074778	2.4129210844949627700492388949958996	2.3258089241958881223011354426046687	2.2338320308643670645865102396541078	2.1355631592570127519581486448038269	2.0289513755303779487880878367772973	1.9108884993429423092423159786736113	1.7762952175611496897801314735155628	1.6158438040440435659642467788800103	1.4086635488213094060738087121493102	1.0843447361343268140603065327213197	3.6121633007978088420225273031638011	11.503706113620982787288170154681949	18.194920993404374818592982730604797	24.408139148090591178207986126466232	30.362325215280520331735648302213355	36.176793666343918154843378740603899	41.937072519675348803763590044465943	47.712348592959623848552409619584489	53.55600533741788759606323561303495	59.498542255900229341061652598482151	65.539790109991183220333380312822007	71.644968587467348430205451712115453	77.744449483435186228742569031616264	83.732588448016910820516954131918692	89.453875314387328574168405021841261	94.585734097927163108716026642451646	98.899710424449608378291455366997899	103.17615701843516011771507094246229	107.41120004150835342024954651882513	111.60175119599585254231646905820424	115.745424101766870241851931311391	119.84043999791002719480060872522579	123.88553259489742996162221076347342	127.8798583518033714707221479447978	131.82291570301292476089329546271604	135.71447478461944188198337596275635	139.55451789579007311795364806092562	143.34319012765276641983928936856522	147.08075915866927046736758462467509	150.76758303267474905342431724201756	154.40408471070662204080553398264271	157.99073225674261306606436886158558	161.52802363239216467303016966691549	165.01647520975585519239854213362189	168.456613247328992754348063470743
4.2033945704605082161085901540338712	4.1289131534846843812753476783885291	4.0551701343346381288670992061962359	3.9821018896200077731107790461337528	3.9096451317998946518817068193121316	3.8377362249373533863377918073840081	3.7663104814597053826406770239601517	3.695301423486204118430991534929343	3.624639989488679880517796792685262	3.5542536631951762544075546709370373	3.484065496377530064667212810518822	3.413992989977093839921911276355337	3.3439467881817126431655679562108142	3.2738291265026323312395344709181706	3.2035319560170909348736125613354294	3.132934639359492223837193923139865	3.0619010760998500411886338903877757	2.9902760601838889882187950338471653	2.9178805911062173723817942788242686	2.8445057388805067988277879975979269	2.7699044764842408368475072769059467	2.6937806010937800099824359711307618	2.6157733949118978195671562623682229	2.5354358967697601716939695113842937	2.4522033198234229097486114697592676	2.365345769171235462707373322364399	2.2738949556927496416479924240180047	2.1765257194536223366629515304632609	2.0713539233890167673749340586462645	1.955565542665529592812292675529338	1.824660491503113023676571193263683	1.6706546749464912169325799301833623	1.4767205218740321936551863723277658	1.1935014617678552965715358131753044	0.98542001868055499352039327317387895	9.8625897739803094779771428505076225	16.811528895315269681938312686254674	23.178145090004728053873026157390672	29.239111880899150211952548484434439	35.132138559040417134146775838360643	40.951555759653563091965836421631483	46.772910044874159141283681205981916	52.656157938922071420413713057964547	58.639091380913749818434687710400427	64.728668764444839272646589057260352	70.895959086836178725606737858954108	77.075626672251217849303794717629721	83.165966767865309039842904415613224	89.020013764128921638475123873939653	94.383168367808285223503634866965204	98.784636566381360016109692116798625	103.05349985233879351682558460064064	107.28266552761064921326547557353406	111.46872375218123243423425456974973	115.60899968604253142940510497679264	119.70146303124924760228490465281916	123.74463327584721240893420431957793	127.73748810746405974379809155877686	131.67937946594237689918056637748673	135.56995947766508254987104320606619	139.4091169788712943653208957668037	143.19692435720086456039403441989505	146.93359387844318795180089295965445	150.61944239284228688408935554717975	154.25486323320960058966744312089778	157.84030414869682093012535273760011	161.37625021690481450628696272395227	164.8632107996596914866563132500811	168.30170974308180596268639282809269	171.69227814969348162825872891592825
4.1878141123676939095951921473541829	4.1126753933267706277177615586539302	4.0382608215841064866283791730166775	3.9645049465665716061566353398976992	3.8913423583051369208839334541401657	3.8187069602581107707077608071320085	3.7465312132211697706792549814151798	3.6747453314115384615696196044398467	3.6032764082423653525306615256967547	3.5320474443926938098597660182835993	3.4609762440589318547338236394113586	3.3899741360696969898080913584019787	3.3189444638616992940645953635283788	3.2477807706907586731643034294298133	3.1763645816858453551532919561589848	3.1045626491096603208524592128193693	3.0322234762782085541857917103056065	2.9591728608497919195528358508188839	2.8852080864109945002402803240314619	2.8100902207522287624658321380535356	2.7335337131008590251843095232626422	2.6551920568184212277549971880833413	2.5746375835441172540680328653575011	2.4913322645190533366620279226179446	2.4045842952182325283154659561177799	2.31348136278550080087276414141455	2.2167839092514089119060662163565542	2.1127456521369618070932013518619673	1.9987908297458208994438492898422003	1.8708751430279982918945498181156785	1.7220272926523450448932055489213266	1.5382529736426223630159636758498868	1.2824553330765564165493800349170308	0.72733600674771510753770942810927069	8.2266646666594374283101609322084258	15.478389198631834392355954459380335	22.014793654465447337305168363653287	28.192519504784041275419941890797014	34.171753012797787933224419715221497	40.056890028575409852676529776966498	45.930230583850244168758471703139523	51.85836808169589906739795766037455	57.886400838262662478899711743029726	64.028460503462437379782854532140975	70.261426575480325147841714014825133	76.5239213050926229745700962329235	82.717196637173300645350843724428014	88.699723895919756964963043385358431	94.24690019128720511668701925653659	98.815575252300188868871865510273918	103.07395315189122395694914542504472	107.29448358275855047982886118120411	111.47342806053800807167220159364404	115.60781294627777243937620419914171	119.69534435866152129970896974088367	123.73431496850534867793482994141727	127.72351135781335898232393093226587	131.66212741373459835334851781755402	135.54968675949612454443745569000198	139.38597546495509621681545675824656	143.17098511605270734792410895430281	146.90486561937656036732719934418814	150.5878867446717381134258908297907	154.2204072582808225104208271044572	157.80285049117890689380891125254627	161.33568525603381577505317183361167	164.81941114354650291630737071070261	168.25454735375830373847166064940534	171.64162434882149473458011586675228	174.98117773241764077435935454396645
4.1715727395717969411025393822582221	4.0957484125744456664829999144729632	4.0206321685352501916187565908092427	3.9461564607183689939997934279612996	3.8722534469672380230646359720332643	3.7988542109650750635295563814930702	3.7258879424521719140792856483732464	3.6532810543505212777911186188478277	3.5809562101610737357196817015367721	3.5088312286986003463388229265517446	3.4368178245806918234867604256318232	3.364820130971056647522942509159195	3.2927329345323957848367824752991564	3.2204395293387529607620742830476783	3.1478090635413110012641253917121349	3.0746932051136908002789047399513749	3.0009218835239936760405281911066008	2.9262977606435082373763885575660329	2.8505889268708455238285696989737266	2.7735190740459444326849275584811055	2.6947540077658623261565197268505244	2.6138827256259531262970399669907749	2.5303902151459497798552543058961169	2.4436172501412388915606488456382654	2.3526990436290267307889436629840862	2.2564680278865221510893098828184229	2.1532923944374615118310446449274854	2.0407908080373455175402460845025607	1.9152817884445101752545385691043096	1.7705716525583539831063120194065963	1.5947184039734849830398567378635567	1.3584202903507626227712727703737999	0.93242897049427357447421619432090159	6.5826225817146569942203709051368119	14.196366693769395231919744818599479	20.920250084330574648340996448555474	27.224928348115284247022056788383668	33.298023574898291790223404832053977	39.255449833416618070382257999347791	45.186757490918958061811659153232364	51.165320255523669105069027894719306	57.24361493048467398040306135505948	63.443032916335264846364181571617114	69.74625613249964315676971655287569	76.095571885762467666538374150472007	82.394355506239454552952619509724928	88.504260685089866127422699853301049	94.217410561181018866865939189456673	99.001395984008374476881892976494733	103.24616218754384387143879001693227	107.45507949033686074827714628322024	111.62407489308726073153221691219153	115.74986647356303369572956678310085	119.82988521718047605630522954069627	123.86218457892571882297012201717984	127.84534766819208034137631695122436	131.77839856825468216354455196081948	135.6607216109547810867760006654774	139.49199044535813123015530154224238	143.27210738376971380522068250951243	147.00115265328706477599768714329416	150.67934269679495743343720529658506	154.30699644014335237021643635131864	157.88450838285140055166701064094255	161.41232741158948777161635239342618	164.89094033219041086884598101476212	168.3208592386187237616174481591913	171.70261196244199208764314758812669	175.03673496927092404330974309066318	178.3237681780480580525481084345768
4.1546348706998522891445151809733181	4.0780943950623258300358758468551579	4.0022438548267361978648333302669272	3.9270132947474051973839182399128686	3.8523320789359803484718079504114264	3.7781280498175373989693760822758434	3.7043266310791180583947865705551337	3.6308498485421698262929047182888947	3.5576152369667921392689869740678673	3.4845345926398975759707949935920489	3.4115125203497163308761685827617638	3.3384447077373755600688166238640532	3.2652158381423332888835256070613589	3.1916970220575161106232129858955628	3.1177425827496220783530881157690876	3.0431859665632514851156040855663872	2.9678344518046760225042470216903223	2.8914621837755486438354949625141822	2.8138008371438794798822621292043632	2.7345268481617981339266760537496176	2.6532435758153424236809392517404377	2.5694557733176942657168794142724402	2.4825320561779526937580200524645624	2.3916479925501647061346561611861598	2.2956966304226890947672385956765037	2.1931414781742612951165076544395936	2.0817606422278365060964971554087276	1.9581638933888636407202220262094113	1.816763048007729612801508544343679	1.6471407050840070717026560803349133	1.4252538035593853376851765455986444	1.0630610949724597582309072644281739	4.9074676650602775849107061884194137	12.966684844672639717983208817487664	19.897106983852847397433097718110684	26.339090469816674383413743926344997	32.5136765204002976017462228697	38.54992679016047520759640274324629	44.54522860973806861509990168149353	50.579956388285752494958648034124003	56.714102532579735583914939419626108	62.976454329428036712347769445125514	69.355519597046002184670910369538878	75.796980872126163983112807926491556	82.205581214833865139225375052029928	88.444367948563133682802787011069571	94.314908991881754391594766169794061	99.351758619990933486633615470502387	103.57953387848009659915586995942939	107.77361276789404113026330516303444	111.92958294056955770824944654178462	116.04384544583712232877555064296551	120.11354501379660672430591373456724	124.13648363774851306961215243038124	128.11102852297311217394847625896636	132.03602197736644112018064997230505	135.91069793187977450456187719322421	139.73460758266480798484911393746493	143.50755509527230485024952516975551	147.22954329573116201529645186609766	150.90072866726765961830462918800709	154.52138465820784960116964997523221	158.09187218930954194767633885392801	161.61261625466905069181415905038906	165.08408758627411103774761068234782	168.5067884640096270497269199079114	171.8812418762204243048302962134762	175.20798335734812647860737851665469	178.48755494274633741737639948057929	181.72050078082370109483088067867974
4.136962090694681516958365760440242	4.0596724002720744167024482014849672	3.983052098732932259027735714382195	3.9070284576492925961598296470800729	3.831527622965791569390627234833239	3.7564736981754444074115942565512446	3.6817877528507067604007923102454713	3.607386725257802726490203167474116	3.5331821800656056211489392376480263	3.4590788714957009704061164213628964	3.3849730474521752565046089030012378	3.3107504094401064526682583419046633	3.2362836137373190280555698557266029	3.1614291571918886851743574722863546	3.0860234297105750355782741098215188	3.0098776246809147876682531332468112	2.932771061412993931600991024213624	2.8544422622337714548776454830008041	2.7745767931348188706623996604795028	2.6927903364868343693962233962051935	2.6086045637356821421097528139531607	2.5214118250804346323553487437246381	2.4304218980696797892405326803483909	2.3345788324374157556147438931433046	2.2324255441263415154869129363810141	2.1218712005267946578831642757494589	1.9997606003071933140342639194603659	1.86098176550363884567626621440941	1.6962714644487372051221337761098859	1.4852868650980981184812868243852687	1.1623212667808933382709582623204578	3.1529731291529758752554181711845489	11.791004620899594413894042600027573	18.948420312703165935364658743611751	25.538137936949214787085851423102945	31.821776897504299580896134688361756	37.943329051591632200829206611351483	44.00867884659214301327266091544089	50.105493836956264198160036352914916	56.301489665726871824062419080417916	62.633044765667631512060400864507355	69.094551276789717849341898489729852	75.634827239298661305529140700458269	82.15925583907928139975792491480311	88.53073846377693896630116229550784	94.55553437797386676827508726334048	99.864790805363208331580999400061439	104.08434387192743222705103616669986	108.26007839772751966559679857650854	112.3996746653844124845296464681768	116.49920850734487392912197623677463	120.55552758074362735076231079033592	124.56617023631318251411464684160291	128.52927521190052810240528190580054	132.44349079185449394805495589100039	136.30788902530326098844752858833699	140.12188819903191867418827775917476	143.88518501368959862125617085014456	147.59769672964948884416769611979283	151.25951281180225748932207862253955	154.87085519413826604062232072589711	158.43204610194260558852242410699752	161.94348233304193150436086215903019	165.40561495048095110307994954425197	168.81893343608215212116736577268418	172.18395347349000243966140510845152	175.50120764880144275293385738333748	178.7712384723371706274603847175418	181.9945932290349453854969381635991	185.171820254882149347451716295516
4.1185128175950171290222437142686167	4.0404379807491994252572568708752882	3.9630092155282549338767258383798626	3.8861505920782716234241365938798263	3.8097845368042898131634305379002827	3.7338308227111145549567478225614491	3.6582054616514112122248737689292787	3.5828194603927728164336330179123236	3.5075773922648276321143382918348788	3.4323757220384802900245007546163917	3.3571008019354956552312526088702212	3.281626428733962944032517720592344	3.2058108119191007908098613524667967	3.1294927446613283458332862845152491	3.052486683413851433791276427088861	2.9745763123966424749060655200361233	2.8955059701085424209981949273976956	2.8149690017723138872656236893134419	2.7325915963314431447582677810448179	2.647909828382149725317117030941675	2.5603361901442540848267702548104893	2.4691093498083412858278591656929884	2.3732161426924835303398549542281886	2.2712655081070217793276306113586803	2.161274289020951865653054536398755	2.0402772881024141883762826269144268	1.9035392430931883489445342224096577	1.7426823667634368833182110899031877	1.5400480582076831636560942343936356	1.2435872865263746458251896677160074	1.1605137328526436739701482838656485	10.671528943131998476644608613027775	18.077745443608178645877274306492883	24.825587958670841905711182630022066	31.22572414485182729080574983305319	37.438976513815942608450966120385317	43.580441403656303364320262192797648	49.745437420726321861761114485117423	56.009686106711834007739567802453762	62.417421570446829633842014413123626	68.969018997565506588692293271070976	75.616172901777021597945501666534149	82.264169926586506183698153862745617	88.774340978803541979737781025311109	94.954123482141224823048958293221845	100.4768915679847628762226394563328	104.7718632005133280094997875497442	108.92542630310104976983720447533187	113.04498917128768230635689011054097	117.12629453284867435750829637438597	121.16588227231927486794548252475102	125.16101484183633217066519009134078	129.10958970584192450180029715771914	133.01004850820218134296837956446072	136.86128948365611662789628881121308	140.66258705696236059278323825251047	144.41352063522268549165778004127141	148.11391324545735820029214593817191	151.76377979428663136178480656534868	155.36328421364009385622012248487044	158.91270450024954328608984771048781	162.41240457139906313709684061498052	165.86281187996039581278531699018609	169.26439981268965890027243213340797	172.61767400394723268252328803596704	175.92316181829148290894744755181002	179.18140436773093525046470266289632	182.3929505381867868614375563066993	185.55835259303009140692415611545215	188.67816300280935072335831362765128
4.0992419154766556110472249897500905	4.0203427353078706768560418649808676	3.9420630987988859191160390961248817	3.8643233686223104208280068060691232	3.7870416554151104301499925654856069	3.7101326934960029099005630401461782	3.6335065886661878835479943922613016	3.5570673909634356319004121987017848	3.4807114317362195825106044345377111	3.4043253454892079426412964240334452	3.3277836702098995676853660539334533	3.2509458816194995026246948063835046	3.1736526612405368734208763242293746	3.0957211162020641372184769249916177	3.0169385454857458226147266890901262	2.9370541583168519280879120084316737	2.8557678539090146379547897367725706	2.7727146949675321163727129568815439	2.6874429192957041378934229184379415	2.5993819908090693941197511070407334	2.5077948211173324886744790371965103	2.4117039333817825516211693277502332	2.3097728878820001280092673522416737	2.2001066407201924489796734109972496	2.0798932712666104455230237794563343	1.9446959115602118061399851865978168	1.7868214132230349873407629018690388	1.5906008259800932920047079265382762	1.3129654107138202572322084391516841	0.62368202854619466424254062977025604	9.6111408520502714958404597648558846	17.289169959526381402053327580849887	24.20534308110672289129521896416529	30.729243370161234848319003826629929	37.04049156944056556968089875506493	43.264144019794706882659011609903001	49.503586078857147955376134800921594	55.842906827604978037710035405185583	62.3345408471250683039680055728595	68.98499245861844052649989752459531	75.748567062029425944856531769110818	82.529678723890985855772318896030126	89.18668668644296117454569968245972	95.525328775120028155693880868080401	101.23884821359903200566637992324951	105.65450863535133950734817515982975	109.78170287908680795828889799955148	113.87721561335657029206142482902668	117.93644853568947932207755811309743	121.9556229180573143993327653732366	125.93171278091069012240107494376265	129.8623611035569572038221504333859	133.74578976713813998934861591805973	137.5807106901380765850271797539543	141.36624288257903786713104076852	145.1018380257181542574649951947147	148.78721565846056453180961754539844	152.42230803175872627080481932691622	156.00721406752752643469648600810156	159.54216152130428523746871134769609	163.02747630704197650884309379550529	166.46355792784599264971973901475925	169.85086001600474896042138441530358	173.18987508467504552545979138347429	176.48112270611914115832032643854066	179.72514045044006692712212097134655	182.92247702261018714139681346775741	186.07368713667302103293860551229519	189.17932774916500348632990624696786	192.2399553465490668049263520888891
4.0791002424371394086087059892392372	3.9993337842608588427580551918543602	3.9201566075404612655672459555168058	3.8414847654552771037225027525320175	3.7632313387192570346136979118703379	3.6853051685538951751415619640446897	3.6076094233624063048139319735265387	3.5300399398189978626253435441812065	3.4524832608880487300989319110702266	3.3748142675520707058855972077001615	3.2968932642206176335888003944278906	3.2185623244123441671224576184064448	3.1396406246369189447744377253885871	3.0599183763559276468628651001149596	2.9791487851397469672264132142985183	2.8970371831941692038155266846390869	2.8132260274816221957721483433708364	2.7272737075846580067886588060416362	2.6386238372009365212701121617155726	2.5465594725533650657561344316186678	2.4501326278946275966915797738962841	2.3480516501118857767444778703700432	2.2384930004709189790842388812609284	2.1187675291532955758629297798922115	1.9846737240145214541646385213407163	1.8290488119709183285522341115192176	1.637719186363819255878521632331048	1.373807275259343354680201794700079	0.83361932477424904743700581377735184	8.613585982938316817072995613558299	16.58733876709428831160634427561132	23.681684374257402794971143368000156	30.336371193400168509786395348992896	36.751784935634514871578554214764845	43.06370026900190234603338808760131	49.384034583227222503076858867028605	55.805688974157782985452289471904185	62.389735775134171615721175565884086	69.149010696096725609831032242666922	76.0401518975171304916918840172128	82.965858481241964155708950038625406	89.780070865356417769089487223377815	96.284254083978283755253705864503789	102.18031762153766671428646607230206	106.74602186545669327621774530498627	110.84221931261843412369052776366781	114.90925151749883674562813248565142	118.94217075259975441530510217846416	122.93686835515776175826327542070505	126.89001682888557456166735183112035	130.79899082425670019587557111994216	134.66177864129229007830443255364736	138.47689264631105161617075689796375	142.24328413745639536989565376729405	145.96026590626754662760137985930005	149.6274440470457426971603896966088	153.24465939706522328014031524340232	156.81193824710445212824836239668894	160.32945153514074790462271894953386	163.79748153417142586743658513843832	167.21639498940924909383699723954172	170.58662169464452275063075479904509	173.90863758261887220556491893664834	177.18295151207397886967393884556044	180.41009504724959936087194421923837	183.59061463754697626594217760920065	186.72506570234343439940406495530598	189.81400821667776673768922496893759	192.85800346846545232870687026222629	195.85761172209366992241987090609042
4.0580341196848520831633844128110671	3.9773531492829602492806900545314855	3.897226837174622447854990125717686	3.8175662056441284450920741476869394	3.7382784433996229688497092827268829	3.6592654591036659785200490430816537	3.5804222185796340915662328059113955	3.5016347898210059138241847333989148	3.4227779950401708477337344821038195	3.3437125333932513736621894430082175	3.2642813864172169192727731756226889	3.1843052422390314353102290565699485	3.1035765607414411160948701480681533	3.0218517277221624316351792539289264	2.9388404739151016230133127612901945	2.8541912988620444874764861493126934	2.7674709228112572774483478147479469	2.6781345759400975972236570453861361	2.5854818104724020704210826408748724	2.4885886652199988814668363968728467	2.3861996885705969538141995665473952	2.2765485404811514659756061190815789	2.1570430454380247207130790062744037	2.0236651790637501335697941711830503	1.8696608101687752839964180016388626	1.681987104696023087295164165957239	1.4281687919389896503829401661492259	0.95795139825669133757312187937063872	7.6837121076089511852790409212158821	15.977466009240671251164222819795034	23.259255472574893551312739556548662	30.0514349509007745211111601760613	36.577035903097263368336180039541314	42.983295777713137748564620026575591	49.391170596823668594893730956296126	55.902905011801114137668360857945283	62.588752838006059974349046623994759	69.468150388785948517941060869052404	76.499772702105888139050102445425492	83.583669231938076261113240446104505	90.567810349801122669651786121109075	97.246913944649747063883651832785722	103.32416539431477534391679480342152	108.06168394449701558709157787645194	112.12175261960542765784482376857068	116.15539146619757557373060886382615	120.1572939293824822633521653438126	124.12300916760655550842892519254864	128.0488941683983856862049338315031	131.9320404747621608681271227162752	135.77018803317502116253661667908163	139.56163546500175217715385557404877	143.30515311959943980026930088469056	146.99990283035493476083569831256132	150.64536643490633489901109866449152	154.24128380096820349836261079569775	157.78760023026288558617737885430923	161.28442259167756935488118072066541	164.73198326420731387758114200720618	168.13061086734498022974637927681298	171.48070676356042170057837548769607	174.78272638442121776147097489034999	178.03716453174180378045452446672618	181.24454391596219573019077843492483	184.4054063035470300418603761914416	187.52030574953055220975017970091937	190.58980348037226361227449351733348	193.6144640738344244351973219736695	196.59485264934029961379258403564637	199.53153283889867977119728152768707
4.0359847041115696989310320050113597	3.9543370157364758066167007943453436	3.8732042463556410799239082149161083	3.7924915161069285400708178456131168	3.71209907224290545700802726710273	3.631920614750369468619144429026954	3.551841339543251504103879413728161	3.4717356003594597512693026352322803	3.3914640558797692888562612536358006	3.3108701184227155525320247159990467	3.2297754467380282403119992592568785	3.1479741148408367710602679061762807	3.0652249198753532176800291923485894	2.9812410281835816301142329394583811	2.89567573677101861690052230711878	2.8081024342948031503426355092675439	2.7179856740964713447619445753739215	2.6246382271346138972963092675299583	2.5271552853128378745461624106142503	2.4243100145830273109785427358296902	2.3143807710625159564909695482251927	2.1948501450919103971270499092755159	2.0618399611960979335739538428411085	1.9089060457760101706890437037903224	1.7238583259622380900090686838521867	1.4774085691651107573222387408385173	1.0488775049050484389078763963299134	6.8277785499427373559923430448451188	15.465327434378346926370660759210613	22.943035428826663616117608115724772	29.879024022316238516189458704299847	36.520666225776793094200562998508298	43.027369076307703776054800661563837	49.52966725454574981423731633006215	56.139772598102920462479025863138671	62.937786953522962623706351787688432	69.950096721562353349152402778676894	77.137095513295873175423215674641496	84.3951297301361835203738421938531	91.564490967476810666281319919951511	98.430629553430292800268197756642248	104.69230199071292922412314355860023	109.61857315444532184285911308606557	113.63678687745125457192417001693827	117.63155301596500509704027318298292	121.59719511259652286529040099806798	125.52890642396205111040216275985106	129.4227130396483676060291778178658	133.27540728445881837895816033189165	137.08446468383768190485335201097674	140.84795466837394153785367004810383	144.56445220222182571038144557310461	148.23295495830150166385503653260475	151.85280864611155817729571618423588	155.42364162757610110187010894159441	158.94530895767311372909543787136111	162.41784536344854384212401755166879	165.84142632913656016072253831437841	169.21633630134115957720648292310084	172.54294300118559486513548346837432	175.82167687657515750249099204050073	179.05301481755759921910193283800021	182.23746736369808015459426276916122	185.37556874183963521478981752435331	188.46786917671484526224765645293709	191.51492901257530894041303278228953	194.51731426490756602655557911556146	197.47559329419571913735336996901358	200.39033435249372297321021291052485	203.26210380388896202652290500698264
4.0128872418746652120674417778048583	3.9302148489252675691481498598929099	3.8480116030138460262952917293794755	3.7661756609433920336564885689954555	3.6845990392353793496966196903202986	3.6031656469799270470506088588271832	3.5217489476002535574875624330977165	3.440209118213504454154174976349885	3.3583895262356951375843884569759105	3.2761122707140010718923020940594575	3.1931724278065079843942593788633621	3.1093304748063965160687601042865526	3.0243021095192605785646729926514159	2.9377442700341086674658187834620603	2.8492354840081776486782580116730568	2.7582475349215678125041237342110809	2.6641034429587681347287583576502439	2.5659131690979740482536781306283045	2.4624717194090156211689697418600495	2.352091063976007944185641372021543	2.2323090932268831794612256011803738	2.0993499194885187291647817319061533	1.9469970795447832901491591170162692	1.7636942141175533231139867137196364	1.5224731411054627686010360090422719	1.1208824005775335151291171105218292	6.053841569036435384166463998440759	15.05722671754187040972269793490588	22.738298622228329368936789629562605	29.823952070327751591000897156188364	36.587306800099447219527269170864623	43.200586702393316679482502666031808	49.8044713563888250273593806456915	56.521861678705007539208102122977531	63.443516460206985313871900758366478	70.603218518607526930259145323328832	77.962735291893910797198583099336978	85.413510084195379011428077621323144	92.786236390437725326791243799168169	99.85441475275826234041547280236474	106.30742061134328241195883483180776	111.43587668411331042877011830182501	115.40580416600526205846150305288123	119.35554855377212981032015972046238	123.27904992038243772005865006570926	127.1711297184147537358699226326974	131.02746577699419123574911488609716	134.8445332456061397370307745942047	138.61952542134964469891027165261173	142.35026545629898534481164608675229	146.03511695202119724807673540051218	149.67289878258699677323619412169027	153.26280733009669350818796767737276	156.80434769522345469274636391244856	160.2972743147359891242464110418486	163.74154068715953569713473691905036	167.13725748060870466587218639418926	170.48465808626373099444410833475714	173.78407061484096612093427621124882	177.0358953572097012037443875297343	180.24058680647302046676080547831141	183.39863943779805348837170842081673	186.51057655110031181246450744734437	189.57694158649928606912552785219508	192.59829141959186529133997466621778	195.57519123062142038375702053639896	198.50821061423614953161733530426824	201.39792066174235913577569788524105	204.24489179934940636953841562864107	207.0496922099120832108563177585249
3.9886701740517654716994102271695688	3.9049083271753929281005893941304659	3.8215627016040410287734987828587225	3.7385231863064935516405491523243307	3.6556719672929838661686193877938315	3.5728811796539793693421488666171148	3.4900100676474257175165391009904317	3.4069014748392449988392610299105176	3.3233774153728818350374322012296672	3.2392333712079850927138321729101076	3.1542307979365485582266705803508037	3.0680870685311705652776382114778828	2.9804616795157502963252586012573149	2.8909368794183609418265139693172023	2.7989897566275075560722344009990808	2.7039508673657293344472400181601396	2.604940959077449965093484147207624	2.5007707532506679621418710025320011	2.389775873375994773704022177398841	2.2695321397463176733653713276487548	2.1363328597912926469637171665047802	1.9841187171192031897062341943839195	1.8017886325520970904329139160096634	1.5640477930201077424752584113102079	1.1802576005690200348716992771023801	5.3721981889898968514880457773820035	14.759930195102105514067499259740841	22.650560411680871547627147102113944	29.891209063865847443515136591429151	36.781756269663279882840778588028327	43.507812125496724860116962463188658	50.220787198696984489875909609534803	57.055099234801011321053737760859207	64.113138847595334417486777969206322	71.436649327201188723540588745947516	78.98839780612993436660919164385811	86.653547834767115721313543490640722	94.251009133909319231393046927841665	101.53938418855787305329815258318044	108.19395636504179681100719332117257	113.53526950890135859763730111234584	117.44963742379064990094655132893888	121.34741423038895108350022560478866	125.2221394605288127591475250796711	129.06824380185009338173340993453554	132.88103671764598411975315109963585	136.65665571716388234308701959475917	140.39199174399386921255850729309542	144.08460243635831855055648947414303	147.73262206784010231819754652685338	151.33467424390532204498893720135271	154.88979114072510369735159545281699	158.39734130936960233861837969326031	161.85696680279386947491911031409149	165.26852953929888256272016203369474	168.63206630272289212440311220359562	171.94775150606847616187029577878021	175.21586673627591556270775482660698	178.43677609495955435956014922944535	181.61090640909376140942166149441451	184.7387314779636549918033757742854	187.82075962763519152160808053830357	190.85752395015908408397283417608831	193.84957470270910885358373818595701	196.79747343284502357084830531784211	199.70178847332715241493738785662253	202.56309151556608572408075094778185	205.38195502817976519747897811739349	208.15895033270660370157787284533793	210.89464618700456726283426796391947
3.9632540567197070540807104892866164	3.878330042957983362684023212836809	3.7937607876770424194519571879758612	3.7094262922105280558762761623628025	3.6251969051936423968399681409611009	3.5409304723815137828011114524542962	3.4564688267716651803781574919298263	3.3716333724433941493847365026532338	3.2862194104974943020700513953518877	3.1999886950053701809645708938204942	3.1126594562543058254181488475595434	3.0238927276190342940502733867232582	2.9332731537263636732153631780880114	2.8402813438086316910656846921575797	2.7442528916087634924316917188192254	2.6443156809133894497732604879471674	2.5392905547780055339076729939491947	2.4275277167640649801442567821950943	2.306625139958022523530323223013192	2.172915470672337021301627726359674	2.0204341288003927710798865414719106	1.8383848086590269016780676932879001	1.6026425408967915901331165961293176	1.2303206435253746008149468310898665	4.7958119298909251683250109837920738	14.580566936667092468739116777111955	22.68550778781288030869175524819542	30.085902085286595014870735292489109	37.108930746069560850791031955638229	43.9540680561851804504097047665394	50.784055996988907586280738224449538	57.745771993243496978625591302547662	64.954407971771929189964917851189295	72.460376011495183099242282857825458	80.227038438111139495143896703779838	88.131693687368165171214886590467384	95.978954954547267048573627727504344	103.50920830403216501365507920334858	110.3788378451663115599144443755204	115.94091378794037125933955692728462	119.79190103310648735543180219508404	123.62981034977828735484327227712093	127.44822297833734226075250628542276	131.24115571278176836295645062908236	135.0035258306012074801252915990811	138.73110937671762442161050652788643	142.42047175133810650725457721153717	146.0688830361841762455563707870638	149.67422764176525758111100454749271	153.23491508657925115795286576386083	156.74979632295593001110893384166077	160.21808812095858757490442868624948	163.63930662295709539373474600471404	167.01321022105328647240522016162804	170.33975130359396399284587765345946	173.61903607557188522872637105996462	176.85129150080177381190279830159295	180.03683838017985645917624300789552	183.17606962084921964928307421893535	186.26943283347550232413548130431685	189.31741649546228386052092050170132	192.32053902325561519092183524111004	195.27934019785294003542838320656274	198.19437447973636943659599686871706	201.06620583024359845149197551244504	203.89540372787409568664512782878134	206.68254012515404228388801888389465	209.42818714272404987692612736572735	212.13291533743450259879022503275368	214.79729241468885566992303519659725
3.9365502459223082026522484735878116	3.8503819071215462421311642522058755	3.7644966036788633220175278542029066	3.6787624156987412182995168782867865	3.5930353064560976257609707204600484	3.5071555996365846768702592008969134	3.4209435594367247034879296645186991	3.3341937237222529338878915365571469	3.2466674807884941524504123646953402	3.1580831307030242271006747135850509	3.0681022724409966942227669168262345	2.9763107004049011740637188008635648	2.8821908799569969961564107312622957	2.78508112482172145842316216697674	2.6841130823151159266818617887528074	2.5781125573051879535581649719196178	2.4654359624165153367577482698725818	2.3436888446468658462722195693711232	2.2092156032675902222382829609179622	2.0560894153534927579881964492120149	1.8736870208800622764337203207792024	1.6386438913106432174710463841487395	1.2730118316432582159336622116415795	4.34052728403036242890798985641223	14.526495037415878247328181565502591	22.848914862447595962414118518667794	30.413184111437276405448043099559272	37.573803970463541603146005303370226	44.544491701036859558396183257944417	51.499930695790653782657040078965914	58.600527154449050577640734185224385	65.975673179786787637175515591987145	73.685336107975002299654060600072045	81.693041089723836266597307258541425	89.866393753579575052401642681406886	97.992803362650628274470315881152844	105.79063861662571287787027871026574	112.89221496776996921465463557635583	118.65272086542415405665026382317776	122.45951983041460671185597684436747	126.22851196428683370523920643351242	129.9819932313208154015301057827765	133.71353782579530949921668417580428	137.4176420592054407374154606209881	141.08969222993169529631274299629644	144.72590096979264753935839251172451	148.32322509659949999245469692305018	151.87927529094890443007504092731156	155.39222514148074201894392721158886	158.86072461710897330327917127705442	162.28382099420833539300802608490661	165.66088873521923456775340903778747	168.99156873395737867301460685719004	172.27571664094218916680213173462384	175.51335956608832474808601646460582	178.70466024781459236159534315169118	181.84988770847325595675828007335528	184.94939343545147225867816304128778	188.00359219738696452755108278939356	191.01294670022839895174030428875427	193.97795539185618043293724614726648	196.89914282598883635139775642917849	199.77705209131563962816769343664414	202.61223889552468020292349626380457	205.40526696846903367431875198678433	208.15670451070563681482307591270855	210.86712146570307392855710468591554	213.53708743840374547315088917599356	216.16717011807933851152864594933111	218.75793409268760129228268034250743
3.9084592815453209718161027672346677	3.820953168646367716242671297823669	3.733645938245430583474706223130588	3.6463911649510124079550255507274611	3.5590271483127741299548307313741986	3.4713724737830524264126028960295255	3.3832203329798594827070275913464286	3.2943310939706261069479914036443028	3.2044223623236558677601903386487541	3.1131553725808979310415805646426962	3.0201158886405677233056470879262645	2.9247866687925821590123334156095282	2.8265065830220543189946444881519666	2.7244079026740756331974628302868829	2.6173165921604110358949459962082596	2.5035874583849939750406347462548901	2.3808199276933640426687741350798022	2.2453440588810884277853081075792204	2.0912170463309910286491764577759134	1.9078687991341864078872801248341751	1.6723471603610350705225999877206604	1.3095251608529116768153542781339256	4.024715350893839299879266345401976	14.605139840123536385826458621722686	23.146543542135250126770757504256254	30.878170244618646862927042666002439	38.181337449764566924555494219946617	45.284282423800177609161464725787038	52.374245549681519238682626010455654	59.626370628142809991316921042363197	67.185920118979738011465313938236657	75.12352454883415276325008755130167	83.402420101780611721258598211118305	91.878415947879730624666605015920303	100.31833934638801318746868891391147	108.41412923829398573172479727331215	115.76825325453331547498712693347322	121.71606762818491440117134768497712	125.48338393297712946377819680065919	129.17301438881653765453148941629348	132.85163690431470722935322426138129	136.51234697877168636367582365749231	140.14918460602800770180159063032718	143.75711216874908130353335810030506	147.33195700362792025624582181709583	150.87033216831421643299615865871818	154.36954641708508766756060440055438	157.82751165211180558796620336824489	161.24265356463897527588501011169919	164.61382903606319580633481339156353	167.9402522034769946055498348262473	171.22142989623382281664424100233178	174.45710634253517582173775233083329	177.64721655250277385843825260335753	180.79184751783530507130424335122134	183.89120626072758834051289595740238	186.94559375943420419720439824605211	189.9553838335621778389947223779563	192.92100616084806842075915171894278	195.84293269869413278656346091916678	198.72166688681947769712262220534686	201.55773510433486820172455942141733	204.35167994299597753400032194665214	207.10405493440325446893130001676	209.81542043549137783238815309733558	212.48634043362064062770927522362472	215.11738007619423641423729568212805	217.70910377044385216142082608823841	220.26207372955662480720349349231949	222.77684886656118054942632492549546
3.8788688810181937525553991471273459	3.7899179300257600414020903380699998	3.7010665153877067439102529633760104	3.6121503777039290700433476294904025	3.5229858716415958807873320595834945	3.433364254389986299612656134558342	3.3430442239658542289312514007708278	3.2517419442302079051877033621955974	3.159117388698936895945349021954394	3.0647551662027102401633746217754226	2.9681368517234800941849179215680197	2.8685998398334278344491426377593062	2.7652740848870207734778724538842004	2.6569812058062298891598970933615233	2.5420670300414627026075563271172705	2.4181118014768076379917906342646474	2.2814059933270364408522555480313769	2.1259384556303044705840379239624902	1.9410786695680373019743995892381898	1.7039769821040673657355923538244956	1.3405970419535129826165407799825843	3.8679155398019029508883486301364664	14.823814165319278802426206854569674	23.584030108731038358863322788757826	31.485841316054392317638402543140193	38.936400315954402874794243495419553	46.178640829056693364639188005374466	53.412978881202896100587920783174256	60.830661104759017275320707245220996	68.594811784145323706924393461354111	76.788109158270711726910193490358334	85.373047461786679884827732883160075	94.191229117735077212006370666957381	102.98496486929297615048769358643195	111.41458621965538848144657920510775	119.04606055055439112624154072605196	125.17910687080870212392259252118879	128.89916607311439421800713595494781	132.49728659032072490285436370524579	136.08952969090925482789485076177823	139.66846633219860351195788413318366	143.2276361577478036904679073599704	146.76153570111485320257879793457963	150.26556750683330077872551560318601	153.73596410401577889653215239156258	157.16969847470699898363979292303321	160.56438998863859654016904869258434	163.91821218266546655562353584014549	167.22980651550628149481586950624338	170.49820443936115072602965293350551	173.72275880697613040660607591729082	176.90308472244622038867498687599428	180.03900936531180190875266088492923	183.13052999085462643202816520433462	186.17777915835613362366831303034182	189.18099620640184381242562717061232	192.1405040335496594172210072005973	195.05669032276265793042143950659849	197.92999244634977609672706700586963	200.76088539165111478637544213702274	203.54987214676682871956072587794008	206.29747607700620066578767520808882	209.00423490308010717584053762225206	211.67069596190823394625624002224128	214.29741248969118119434290253433276	216.88494071729778991293361436801874	219.43383760789426669411403986494922	221.94465910130990819700562857485132	224.41795875619934550784868788232018	226.85428670440627066253644579506583
3.8476514207819711225872615781199086	3.7571319914694238583857912446392303	3.666593992122379508483543150244595	3.5758509774510342878363371607785208	3.4846916726374765967023963546600022	3.3928724557530271873657674301584806	3.3001073133552721533387211942473842	3.2060540881158806913226372094448231	3.1102951563342839480080136190667384	3.0123095085978757365098444015738487	2.9114311471273955219054398080963203	2.8067849394822575270907790422311774	2.6971839044802923268900517895697815	2.5809578673454620120096001175831224	2.4556552576508613548830946073224678	2.317502016084551024320693440920336	2.1603659852218821087682227169440047	1.973444073013803285158440563248697	1.7337001220972259526320659915096228	1.3666487617082018991235773993875306	3.8883656520501897804618638512163674	15.189532889813079460034462938200078	24.166758727816424304059296358877639	32.240935452171736587368248594262612	39.84367863001088100023021128676227	47.232697016530151786585479748916516	54.622205361919054137201409934985804	62.221096103116622877553693021948194	70.212726209024357855326142265324502	78.693552277124602993106473528354625	87.62490637737986949365393135978459	96.831444583208439739716130064342678	106.0263735950688890299459024940454	114.83228536148973391088504526799484	122.77081252428525702677816310858261	129.09099528908376074247163954658993	132.74835123768311971658778665922294	136.24071695952726459039939439887025	139.73310585692667133306546697185364	143.21750561223006497341419973718463	146.68690000132704297883146101546085	150.13526751154909700634105172151493	153.55753720343431793499516334093338	156.94951605798520244724310118991026	160.30780002809893214719154391548459	163.62967844688136743710919517626306	166.9130388373884692026279285990542	170.15627683282125307511628479236893	173.35821400842400763752948561153724	176.51802498116816875603379802712628	179.63517411271833934800672245328572	182.70936148653845541362539386452742	185.74047743397970144740615281088301	188.72856468798103950074839692423767	191.67378717801667602303835006529679	194.57640450135457118281888900558285	197.43675117475910095575163226090808	200.25521986575912626424334180627365	203.03224790521637274825866742421345	205.76830648435752451585274958310774	208.46389203377349584337532058060423	211.11951936611156631580997058563331	213.73571623767997786799166239496736	216.31301904696182333183214728984645	218.85196944098559669221285519546892	221.35311164393830044999795243419091	223.81699035933467840815565878106834	226.24414912609857194788411271095642	228.63512903381099785994491507945436	230.99046772004199228450125579834885
3.814660735505330131056122997938122	3.7224287876314423518702497567842637	3.6300367305345757502511408350830419	3.5372701464100242969604998293940367	3.443882439085406662071410457293161	3.3495846889470082435261632469583527	3.2540317590026949328221143857245836	3.1568027554450271738452593187266076	3.0573727489470658377254643681647253	2.9550705335333884394787617500954278	2.8490132703656471283629782346424978	2.7380013382577363307389339825793136	2.6203418189406824061134154804537946	2.4935389618838815138600912562271216	2.3537290406460074640913267837176457	2.1946043032934758177818896388831882	2.0050738238498959724269339915552556	1.7616328335540506976642825342926357	1.3878558134179512346418608829781422	4.100205279168969990301467134599499	15.708833179279170034553920705910361	24.899723339390195784153482454944571	33.147829025724692159031727029247292	40.90757298490255553313378485133803	48.451422868612794982755670756525038	56.00803031834432742557041555289415	63.805682377804006633377768397320014	72.050783704908581910593286427105355	80.855732619133099602328652760065154	90.180370340193953294698344250803158	99.829331132111904449535759802738222	109.48136921064088630881453012274677	118.71401272543919809190796206686514	126.99515736237779684809702894308327	133.50702688855879709482178047516622	137.07954716421419846084360408577344	140.44931239726611789039042781193842	143.82595650560568455843431327055765	147.2008080352920014900981945920173	150.56622409814496458243245523721544	153.91559929225690604170846757270186	157.24332829803830391167652525144063	160.54473660157514629399707170542453	163.81599207848163913313774956861977	167.05400774419780466599124148240218	170.25634337878598531308959236016031	173.42111132787609734723124645773049	176.54688976191436865741584813011086	179.63264510926841238971404464508866	182.67766424853884463627314463466341	185.68149628297136149671718469990886	188.64390325923702083277321628580638	191.56481893946071904347298768211677	194.44431463946094343438227412307419	197.28257114457980274313242385931614	200.07985577284977950029964382021332	202.83650374426075157358560762827372	205.55290311719745246534738316096121	208.2294826561701105620720672656793	210.86670209235988648589404637850217	213.46504432690881955729457590941508	216.02500920419500359234398302466014	218.54710854899777954744521514111711	221.03186221785355832351411490809686	223.47979496229220821950757843063895	225.89143393981095988389103328601639	228.26730674156509034976600516552782	230.60793983091933068871878247449885	232.91385730851414375642553959029484	235.18557993749894603056770116917055
3.7797279938701560696353626922296858	3.6856140752977515685608870760995329	3.5911688513003534378249012670498117	3.4961420886934044988162592567988255	3.4002412351083040600198895508163243	3.3031173409909305313226490095650897	3.2043452386461002876595490829102135	3.1033948010931546817409235369831669	2.999587888755218499782526436231449	2.8920314711106094180634982361277227	2.7795094352736143650859857546232442	2.6602996074132105237329722873781871	2.5318498247858771502087259028135842	2.3901809269927797940217518846894682	2.2287513757330069802246149696712389	2.0360592839008367469520954748268693	1.7878438829138966554445543815704492	1.4041736260265325631886060001876952	4.5118663134343397084771310354551928	16.387607461844871904215137378807318	25.787380326653319254744847072242909	34.210408961137566454945444623130838	42.132080430268603637611367569721086	49.839517716954741492501682396726386	57.576492209867263027731337735409398	65.592677201965681114800386173143471	74.120851229841416933912548234701564	83.292056648270585310774732255754738	93.064503946361728612351037040747004	103.2194163854873273060107707934549	113.3948676061518480218036404097802	123.11450213192940834931048754828166	131.78100668057654943378211131481921	138.49121561239087252864146151504005	141.95017152188524542882525063368917	145.17723537718024059511139628181485	148.41923143713483329778675557431614	151.66673024655092788875756334633822	154.91137093612728283215939692149725	158.14588006232163023917621866045709	161.36404068298844133888661045164953	164.56062623852127161044573582562388	167.73131242408492033047464853324355	170.8725779802446380135692927587613	173.98160276703112899289772037210631	177.05616902600507985810291479435562	180.0945696123339653161212096928288	183.09552529349057199240269572353908	186.0581119658799925586911582165733	188.98169778525107928380583213143369	191.86588966326778456134397197424776	194.71048828117116766709493732108535	197.5154506323897084198595895308971	200.28085908285424944133724893164442	203.00689598200838586494355845619948	205.69382294060277421865217866484804	208.34196399214748875468087685467344	210.95169195952963767704992096628794	213.52341744927084348227718668171207	216.05757998809046677294361252274562	218.55464089827715154285481231753688	221.01507757916891106500643116573666	223.43937892240636247641475882312166	225.8280416389323742018187247876763	228.1815673184436098672941993202274	230.50046007531407152437604079191089	232.78522466493912346114387018136494	235.03636497625126983689726183084848	237.25438282557093331925912764212262	239.4397769912930179600862529318254
3.7426563017418452760934440240197324	3.6464588669497979427682472132024109	3.5497208223415757312310263582564543	3.4521452543502204810699618002004424	3.3533785793319901633428302970818704	3.2529903804579829754116605137637979	3.1504441067571153073355694823969663	3.045053041792207053731872179900745	2.9359116006340915687071476593420659	2.8217834962279422145787142915377469	2.7009109782598969845533569050780285	2.5706732668113169145728690138173139	2.4269489459661783027600881285811266	2.2628990319768369347781703838827641	2.0664742589847834188534434471942172	1.8123536054584318344442294374421783	1.4153302670358107013509522345016786	5.1265533823381731597577450817508701	17.230950543281702059872431256653122	26.833496179842359888116787843313535	35.431937333343628035488410260580802	43.520650413840125561158308717395854	51.401247848243103608594593579528754	59.333410268088077928665124156817958	67.590478801532055687608955987800842	76.435504008126520077324699455007678	86.021542142516163228031298633345193	96.305377954284494639293505539411694	107.04119023716889328776996481005394	117.81913749435991166395579027872766	128.09827362253662677628412299426653	137.20186220686006885019712688244906	144.11896960958519019058149076574888	147.42865198300939510051376522431631	150.48879851558448246121919756911272	153.5734496570696568097567795309099	156.67228773628115435266634613312293	159.77611465376645390963512516940372	162.876879894275075312229878490641	165.9676554903935338116680843547458	169.04257253839688352943365470683229	172.09673284293115071723403951572348	175.12610720529321099495474183584181	178.12742936699289833204745069815941	181.09809212254369014518184664588451	184.0360498989667297109741031324949	186.93973029834489872618707299957473	189.8079557392237609288477216421505	192.63987537574756163769284128710283	195.43490685192608159394386294361148	198.19268708283920531438980266218331	200.91303107906716710750454675728352	203.59589777764482172203423569323864	206.24136187340410957076704715487685	208.8495907199044980395226004816479	211.42082546860881441629995282436752	213.95536572067683308789056435199714	216.45355707048817953189475667182655	218.91578101649817042882691082164607	221.34244680154231715826773243061393	223.73398482022108632613381334341393	226.09084129553640307131195552762486	228.41347398119769786449591051085054	230.70234869169115327216424631889914	232.95793649991683643303155358074131	235.18071147199096441586541158797804	237.37114883556493731275291159322573	239.52972349717205822200075040161445	241.6569088412145545951672082957998	243.75317575649947760538152965753841
3.70321351538317525729916509798396	3.6046898437945558080351295255830057	3.5053664193688931610637093519143529	3.4048842099859302512427102122420734	3.302806598318612405513866613440931	3.1985894291088016273221649211959681	3.0915358414341651689125445633635902	2.9807254472412666344918809566985674	2.8648982590968931984317862699668704	2.7422547940988809403909900993021757	2.6100933919402837271640622701253969	2.464122087095340006213559619151595	2.297133131459169559442472766125563	2.0963734432417480035255838468768173	1.835128683069868401918110448708356	1.4207854861491534506279454351753011	5.9441679181312845231661824952719468	18.24301789523773633902579473080634	28.040996898893185466997732506367942	36.814904138441906525209982508933629	45.075993632308902703571177374901957	53.140208701795053507578705532626	61.284143241903267287797432377168098	69.807434073296085779550960056540336	79.007914971923753408143209092883653	89.064848252009396394311646996925998	99.934386576989831766351529673200519	111.33993046433774971223842771004478	122.81535504284495283170916534709866	133.74202127358291950132420616198759	143.34589378532443915744760839121475	150.48040305549188054973801120729282	153.59733631749722558891023949476059	156.46108837394885133052829461009596	159.36086838795107355613012874000449	162.28529671998303784131074270261045	165.22418011066214254349121359675984	168.16854759398586789726463432837608	171.110630274056389302187952185028	174.04379951303392700550338958580565	176.96247743853576221938827742493696	179.8620318364414530674446431463605	182.73866507354548058787437583651816	185.58930417482198496031139672095525	188.41149688024333956162336968482266	191.20331659215081454192821669607403	193.96327764780866281683398274248378	196.69026129122756554802254652726471	199.38345201159952468240876676995786	202.04228348715568007516524768076692	204.66639315331026069706056441401653	207.25558432798872767205104906000097	209.80979484826825655807829141752593	212.32907123259695175519368850397272	214.813547483814257611988703261099	217.26342775470258465411075680258433	219.67897220623871501538014327286966	222.06048549008421418824508468278093	224.40830737867856531991871691347517	226.72280514691420371952467886719062	229.00436737854066558089519272311578	231.25339892951327750537301304713468	233.47031682922021031191148016210571	235.65554694198809138157220822940086	237.80952124459419196122194057669639	239.932675602660911881165840954821	242.02544795211043935405720603854125	244.08827680948482676553611999790797	246.12160004987465376031790850517985	248.12585390295945113247310104480434
3.661122477903552091653828787610833	3.5599760504206169213453582432330584	3.4577041832564474888149071906451272	3.3538631267885425535727243508158169	3.24789998250789079944014401095346	3.1391062477261794827631254140355442	3.0265445903088614587582171027776195	2.9089279440795193271866901070508833	2.7844090852240845373929901275947631	2.6501930830622472561938517954228211	2.5017872252558015353347055721745756	2.3315332987246629369917433337298938	2.1257889867971142896810093433572554	1.8560715638680378398775438465636202	1.4196446202908318439402612009403468	6.9633080743617808757383222010643495	19.426891937123453861455402544702701	29.411827136988761994949025934821714	38.360852372902040447235452102644961	46.799809258343509403567300608938676	55.058967821475573011173974426935996	63.433215293878259025385258511211692	72.251521462265648440942053563501194	81.851631822559007379943780779620788	92.444216989627994331327472066783156	103.98655041802025698697798666730974	116.16767757666385926360011312564414	128.45557912457619488080822763856799	140.13776611848960811024182317137853	150.3200871349689245146390300583832	157.68470858567030581567354539912019	160.55640353101695761274387173136713	163.18746995173023846846660981530433	165.86862829588842415278051663101355	168.58720133812066220746061685611573	171.33178802784572641122229341937651	174.09230521176126218938736338825546	176.85997040951687061218383176183646	179.62724004682287102008317468953574	182.38771732223313203906725294638017	185.1360422856621015632101107309279	187.86777438539703908287749426641192	190.5792752151222603302842402465484	193.26759681801117295444517615155872	195.93037888304662090592198222400253	198.56575657678088326745721109209994	201.17227958657571484914670732593567	203.74884215652927874476262999444954	206.29462340171872502346908993077146	208.80903691579667727280547118026833	211.29168857681781475636381215000588	213.74234144796883950926003733900667	216.16088673281023665457110230733514	218.54731983546388751891949293026836	220.90172068783683164018709744315885	223.22423761803822903276645353191255	225.51507414092502159964884682794227	227.77447814975311662859761545775994	230.00273307401923962316465269133439	232.2001506436247768233843475060889	234.36706496298546947633847402765269	236.50382765245484500295984157747016	238.61080385891717339429826171926893	240.68836897432919163454316373804838	242.73690593151125246852794498893129	244.75680297048462598635292664302113	246.74845178998073574258893550000192	248.7122460140910992513351208910306	250.64857991787327570899159262075848	252.55784736614796414469082914993309
3.6160474458113894577868381862166431	3.5119099337438754646790937242571796	3.4062302305571467655138793589979165	3.2984455924576259853600941876172232	3.18783444342951160631510735486773	3.0734404692406339303092713180361483	2.9539462891218332983682065335845019	2.8274510676137748789832695632160764	2.6910540309465452540459182140648988	2.5400291566352699214435513171997579	2.3661721448715440492892655528090743	2.1547243574186988531807729759442674	1.8750023140428090919651867887381121	1.410498842573764961438031409820131	8.1825171905221191558388792417403244	20.784459195269278801153696299074513	30.946821788026475934415509453749392	40.070142345997718422435890287577308	48.692387499422266123264592577704922	57.158543914957311050048105078350365	65.783761966905630295648425448127739	74.929860167155057918488752143638914	84.98019167952168970129307162703315	96.183282458167418625329912632504605	108.50078472185598064925651730702157	121.58439673393226168495238781368517	134.8252999959436767980565605533021	147.39709391723995107875209759027953	158.25594307534673476062099208166855	165.86613088913750853570158984341667	168.42921517911415529986381018029407	170.78234789684403968261435332254817	173.20299767253685397470472395088934	175.67686379224132202035463627758124	178.19104550208452660012410238038938	180.73408607575638585790465633822474	183.29595557508334914950352186873654	185.86798644260862082496652478448384	188.44277629171586425564359669455796	191.01407093290339324490343635894669	193.57663847455559258592557848711528	196.12614282018095215095025349620832	198.65902244519670406776733918461748	201.17237821198330431681841783678869	203.66387227557484248860236852109324	206.13163885754200303945468682060764	208.57420678000249091121875437185576	210.99043308545284554291850241411576	213.3794467477462680281159542542683	215.74060133510755101402852529895711	218.0734354612287652730250038759905	220.3776399113110503614393929930599	222.65303041976740587717078435883236	224.89952519289466300159028409619462	227.11712638315940314612156632042041	229.30590483782717832877806901243039	231.46598754848684050776358335880441	233.59754732131941552956088078834045	235.70079426922268666925574202789394	237.77596879624525843785119257780747	239.82333580353892811252339739164938	241.84317989488651000065840144979428	243.83580140064898563937688664033924	245.80151307251415948512143146063624	247.74063732880084505462080331537409	249.65350395222367033701263460821976	251.54044816096957676774681249485616	253.40180898817656322073720691286625	255.23792791715362121597532858186178	257.04914772940122077213728207467647
3.5675747044908987254812067470468351	3.4599794645118707434715744273996108	3.3502968945024488429023700684116125	3.2377909747930729984531205638458829	3.1214844697009217520758264601385314	3.0000265867834496806039231427119155	2.8714571398179431198464925186422868	2.732756708270684812696048805522016	2.5789305102353818998159933765350223	2.4011138153792382173392328961623031	2.1831439276679607025876988589134877	1.8916287670833634275727548304886358	1.3911274522261966729140982680748623	9.6007285627285741868790718619049251	22.316314026656482247702660012710056	32.645574140810135009359373229826313	41.941611481946132289128358010447032	50.752054324435545566046049130839236	59.437691943033694606102218677381305	68.336760099433701489074415623841161	77.847999336615196156971281994434662	88.406518323895715727439515407391704	100.30669922183068276047517382425519	113.5201107131788568237871046710557	127.65938032706478722468497569070683	142.02678348718858530451800997193044	155.65696134729051685697762357566261	167.317475527141968661301216581995	175.19234499659517100615642339247317	177.36978588951765070676448539158505	179.38776006552022469728297869876203	181.49520485887579662026657302591018	183.67573437073894367787656599618588	185.91453806801824285372010408942603	188.19842130431198500378718729708359	190.51578299139389837617557238352315	192.85654409343854532733861364404588	195.21204137123760509339200054530451	197.57489979222268774217142253151044	199.93889496897321774032337016295881	202.29881449930770654467708310827498	204.65032459024335106828659197982012	206.98984612832536559661633234135892	209.31444254217174051507795470973359	211.62172042170567282065702433890171	213.90974288127745083563804825528955	216.17695501649306070213632854053781	218.42212043232125906365532921709905	220.64426764245241905720732901458557	222.8426450958909826330229335540403	225.01668362820346905857307477462976	227.16596522616241704683234125283709	229.29019711244470714133306252792673	231.38919027673398598911765798666244	233.46284170805561400842311392517082	235.51111968972417349381402008323737	237.53405162369811001531670811188817	239.53171393825266934663413283980282	241.50422370989580044609570527262767	243.45173169463250250840526024654637	245.37441651839580604120106316666935	247.27247982132160102475075760814318	249.14614218757812120362955723095158	250.99563972446468328681181586667509	252.82122117746591000980630833876851	254.6231454903629475753090059625313	256.40167973562408411545514034186026	258.15709735347955933430309860596818	259.88967664972325056429167546635358	261.59969951104709776914040537108511
3.5151839891772386425625809199316447	3.4035255809223282037880061999613937	3.289046931159477679169430266344436	3.17074803745473970059348304217366	3.0472417336597527406371645730149156	2.9165028706411066935985445448219898	2.7753803001966264570670183143409395	2.6185715368639434341164972027855377	2.4364115702382374375784716603005619	2.2109552401849946518390409012919593	1.905497215221624725293489597631675	1.3579081300220616632086945926135542	11.217203938442623199045692764115628	24.02171887370782922699742024565137	34.506257541244854865129520093972828	43.972106985899278966352753750318751	52.974466048849929956337589266432719	61.892001176288919681422670643439946	71.090036354666932149545431836275284	81.008959220533324851577226120441599	92.142052454295978043459501477835882	104.83954390894081856953088327871554	119.09178786204694158995965379432409	134.47296639669451287041043512384446	150.18353773539756302170242524932782	165.08781888963469677395621436171574	177.71270088392761890252591575157136	185.87650574993645631975004072955033	187.57345255476239315872237191689429	189.18270818074843169151664312243998	190.90961959045390338576592943472292	192.7350428084835896168241936320197	194.64166572881808402894578958156718	196.61403470733590880192011387913744	198.63851836227608186099165093741903	200.70322140173250594376249438951946	202.79786271991102327416477349755768	204.91363138942031380877706315247188	207.04303231858119471622479324326316	209.17973090860757440543811924061981	211.31840352250192758936898864314145	213.45459827560177927547638560096531	215.5846087399266067856730155828703	217.70536167254760585145558082314294	219.81431881272329232122923668650802	221.90939208669912037778738033955207	223.98887113628047617377294279140218	226.05136187937923771046769970670157	228.09573474823539782147735141014045	230.12108128770870445526010278282117	232.12667788824329301430564858190874	234.11195555135673279151099742401787	236.07647471826873827896595624828397	238.01990432636568676872769524825189	239.94200437736448353078765755836424	241.8426114196100132374758521294307	243.72162643838822643933093377220652	245.57900473720193183908650312259878	247.41474746338749187326133466707708	249.22889449256161495449420244898476	251.02151843683834621787137613349779	252.79271958406359351427379782408481	254.54262160900474596038707822171346	256.2713679286066662206626595226534	257.97911859165787230019702207484635	259.66604761826355483465624723488367	261.33234071563402736079462654956607	262.97819331136963303967331964412913	264.60380885541726379318714314986356	266.20939735008432289527592181273464